2025-06-26 18:53:45,904 - map_video - DEBUG - [mapping_recorder.main:136] - Test başlatılıyor: 10 saniye video kaydı.
2025-06-26 18:53:46,861 - map_video - DEBUG - [mapping_recorder.main:150] - [20250626_185346] Test video kaydı başladı → test_video_20250626_185346.mp4
2025-06-26 18:53:51,875 - map_video - DEBUG - [mapping_recorder.main:162] - [18:53:51] Test kaydı durduruluyor.
2025-06-26 18:53:51,967 - map_video - DEBUG - [mapping_recorder.main:170] - Ana işlem başlatılıyor. Redis ile iletişim kurulacak.
2025-06-26 18:53:51,967 - map_video - DEBUG - [mapping_recorder.main:173] - beklemedyiz hacıdayı
2025-06-26 18:53:51,968 - map_video - DEBUG - [mapping_recorder.main:176] - [18:53:51] Redndı: False
2025-06-26 18:53:52,970 - map_video - DEBUG - [mapping_recorder.main:176] - [18:53:52] Redndı: False
2025-06-26 18:53:53,971 - map_video - DEBUG - [mapping_recorder.main:176] - [18:53:53] Redndı: False
2025-06-26 18:53:54,973 - map_video - DEBUG - [mapping_recorder.main:176] - [18:53:54] Redndı: False
2025-06-26 18:53:55,974 - map_video - DEBUG - [mapping_recorder.main:176] - [18:53:55] Redndı: False
2025-06-26 18:53:56,976 - map_video - DEBUG - [mapping_recorder.main:176] - [18:53:56] Redndı: False
2025-06-26 18:53:57,978 - map_video - DEBUG - [mapping_recorder.main:176] - [18:53:57] Redndı: False
2025-06-26 18:53:58,980 - map_video - DEBUG - [mapping_recorder.main:176] - [18:53:58] Redndı: False
2025-06-26 18:53:59,982 - map_video - DEBUG - [mapping_recorder.main:176] - [18:53:59] Redndı: False
2025-06-26 18:54:00,984 - map_video - DEBUG - [mapping_recorder.main:176] - [18:54:00] Redndı: False
2025-06-26 18:54:01,986 - map_video - DEBUG - [mapping_recorder.main:176] - [18:54:01] Redndı: False
2025-06-26 18:54:02,988 - map_video - DEBUG - [mapping_recorder.main:176] - [18:54:02] Redndı: False
2025-06-26 18:54:03,990 - map_video - DEBUG - [mapping_recorder.main:176] - [18:54:03] Redndı: False
2025-06-26 18:54:04,991 - map_video - DEBUG - [mapping_recorder.main:176] - [18:54:04] Redndı: False
2025-06-26 18:54:05,993 - map_video - DEBUG - [mapping_recorder.main:176] - [18:54:05] Redndı: False
2025-06-26 18:54:06,995 - map_video - DEBUG - [mapping_recorder.main:176] - [18:54:06] Redndı: False
2025-06-26 18:54:07,997 - map_video - DEBUG - [mapping_recorder.main:176] - [18:54:07] Redndı: False
2025-06-26 18:54:08,999 - map_video - DEBUG - [mapping_recorder.main:176] - [18:54:08] Redndı: False
2025-06-26 18:54:10,001 - map_video - DEBUG - [mapping_recorder.main:176] - [18:54:10] Redndı: False
2025-06-26 18:54:11,003 - map_video - DEBUG - [mapping_recorder.main:176] - [18:54:11] Redndı: False
2025-06-26 18:54:12,004 - map_video - DEBUG - [mapping_recorder.main:176] - [18:54:12] Redndı: False
2025-06-26 18:54:13,006 - map_video - DEBUG - [mapping_recorder.main:176] - [18:54:13] Redndı: False
2025-06-26 18:54:14,008 - map_video - DEBUG - [mapping_recorder.main:176] - [18:54:14] Redndı: False
2025-06-26 18:54:15,010 - map_video - DEBUG - [mapping_recorder.main:176] - [18:54:15] Redndı: False
2025-06-26 18:54:16,011 - map_video - DEBUG - [mapping_recorder.main:176] - [18:54:16] Redndı: False
2025-06-26 18:54:17,013 - map_video - DEBUG - [mapping_recorder.main:176] - [18:54:17] Redndı: False
2025-06-26 18:54:18,015 - map_video - DEBUG - [mapping_recorder.main:176] - [18:54:18] Redndı: False
2025-06-26 18:54:19,017 - map_video - DEBUG - [mapping_recorder.main:176] - [18:54:19] Redndı: False
2025-06-26 18:54:20,019 - map_video - DEBUG - [mapping_recorder.main:176] - [18:54:20] Redndı: False
2025-06-26 18:54:21,020 - map_video - DEBUG - [mapping_recorder.main:176] - [18:54:21] Redndı: False
2025-06-26 18:54:22,021 - map_video - DEBUG - [mapping_recorder.main:176] - [18:54:22] Redndı: False
2025-06-26 18:54:23,023 - map_video - DEBUG - [mapping_recorder.main:176] - [18:54:23] Redndı: False
2025-06-26 18:54:24,025 - map_video - DEBUG - [mapping_recorder.main:176] - [18:54:24] Redndı: False
2025-06-26 18:54:25,027 - map_video - DEBUG - [mapping_recorder.main:176] - [18:54:25] Redndı: False
2025-06-26 18:54:26,028 - map_video - DEBUG - [mapping_recorder.main:176] - [18:54:26] Redndı: False
2025-06-26 18:54:27,031 - map_video - DEBUG - [mapping_recorder.main:176] - [18:54:27] Redndı: False
2025-06-26 18:54:28,032 - map_video - DEBUG - [mapping_recorder.main:176] - [18:54:28] Redndı: False
2025-06-26 18:54:29,034 - map_video - DEBUG - [mapping_recorder.main:176] - [18:54:29] Redndı: False
2025-06-26 18:54:30,035 - map_video - DEBUG - [mapping_recorder.main:176] - [18:54:30] Redndı: False
2025-06-26 18:54:31,036 - map_video - DEBUG - [mapping_recorder.main:176] - [18:54:31] Redndı: False
2025-06-26 18:54:32,038 - map_video - DEBUG - [mapping_recorder.main:176] - [18:54:32] Redndı: False
2025-06-26 18:54:33,040 - map_video - DEBUG - [mapping_recorder.main:176] - [18:54:33] Redndı: False
2025-06-26 18:54:34,041 - map_video - DEBUG - [mapping_recorder.main:176] - [18:54:34] Redndı: False
2025-06-26 18:54:35,043 - map_video - DEBUG - [mapping_recorder.main:176] - [18:54:35] Redndı: False
2025-06-26 18:54:36,045 - map_video - DEBUG - [mapping_recorder.main:176] - [18:54:36] Redndı: False
2025-06-26 18:54:37,047 - map_video - DEBUG - [mapping_recorder.main:176] - [18:54:37] Redndı: False
2025-06-26 18:54:38,049 - map_video - DEBUG - [mapping_recorder.main:176] - [18:54:38] Redndı: False
2025-06-26 18:54:39,051 - map_video - DEBUG - [mapping_recorder.main:176] - [18:54:39] Redndı: False
2025-06-26 18:54:40,052 - map_video - DEBUG - [mapping_recorder.main:176] - [18:54:40] Redndı: False
2025-06-26 18:54:41,054 - map_video - DEBUG - [mapping_recorder.main:176] - [18:54:41] Redndı: False
2025-06-26 18:54:42,055 - map_video - DEBUG - [mapping_recorder.main:176] - [18:54:42] Redndı: False
2025-06-26 18:54:43,057 - map_video - DEBUG - [mapping_recorder.main:176] - [18:54:43] Redndı: False
2025-06-26 18:54:44,059 - map_video - DEBUG - [mapping_recorder.main:176] - [18:54:44] Redndı: False
2025-06-26 18:54:45,061 - map_video - DEBUG - [mapping_recorder.main:176] - [18:54:45] Redndı: False
2025-06-26 18:54:46,063 - map_video - DEBUG - [mapping_recorder.main:176] - [18:54:46] Redndı: False
2025-06-26 18:54:47,065 - map_video - DEBUG - [mapping_recorder.main:176] - [18:54:47] Redndı: False
2025-06-26 18:54:48,067 - map_video - DEBUG - [mapping_recorder.main:176] - [18:54:48] Redndı: False
2025-06-26 18:54:49,069 - map_video - DEBUG - [mapping_recorder.main:176] - [18:54:49] Redndı: False
2025-06-26 18:54:50,071 - map_video - DEBUG - [mapping_recorder.main:176] - [18:54:50] Redndı: False
2025-06-26 18:54:51,073 - map_video - DEBUG - [mapping_recorder.main:176] - [18:54:51] Redndı: False
2025-06-26 18:54:52,074 - map_video - DEBUG - [mapping_recorder.main:176] - [18:54:52] Redndı: False
2025-06-26 18:54:53,076 - map_video - DEBUG - [mapping_recorder.main:176] - [18:54:53] Redndı: False
2025-06-26 18:54:54,078 - map_video - DEBUG - [mapping_recorder.main:176] - [18:54:54] Redndı: False
2025-06-26 18:54:55,080 - map_video - DEBUG - [mapping_recorder.main:176] - [18:54:55] Redndı: False
2025-06-26 18:54:56,082 - map_video - DEBUG - [mapping_recorder.main:176] - [18:54:56] Redndı: False
2025-06-26 18:54:57,083 - map_video - DEBUG - [mapping_recorder.main:176] - [18:54:57] Redndı: False
2025-06-26 18:54:58,085 - map_video - DEBUG - [mapping_recorder.main:176] - [18:54:58] Redndı: False
2025-06-26 18:54:59,087 - map_video - DEBUG - [mapping_recorder.main:176] - [18:54:59] Redndı: False
2025-06-26 18:55:00,089 - map_video - DEBUG - [mapping_recorder.main:176] - [18:55:00] Redndı: False
2025-06-26 18:55:01,091 - map_video - DEBUG - [mapping_recorder.main:176] - [18:55:01] Redndı: False
2025-06-26 18:55:02,093 - map_video - DEBUG - [mapping_recorder.main:176] - [18:55:02] Redndı: False
2025-06-26 18:55:03,095 - map_video - DEBUG - [mapping_recorder.main:176] - [18:55:03] Redndı: False
2025-06-26 18:55:04,096 - map_video - DEBUG - [mapping_recorder.main:176] - [18:55:04] Redndı: False
2025-06-26 18:55:05,098 - map_video - DEBUG - [mapping_recorder.main:176] - [18:55:05] Redndı: False
2025-06-26 18:55:06,099 - map_video - DEBUG - [mapping_recorder.main:176] - [18:55:06] Redndı: False
2025-06-26 18:55:07,101 - map_video - DEBUG - [mapping_recorder.main:176] - [18:55:07] Redndı: False
2025-06-26 18:55:08,103 - map_video - DEBUG - [mapping_recorder.main:176] - [18:55:08] Redndı: False
2025-06-26 18:55:09,104 - map_video - DEBUG - [mapping_recorder.main:176] - [18:55:09] Redndı: False
2025-06-26 18:55:10,106 - map_video - DEBUG - [mapping_recorder.main:176] - [18:55:10] Redndı: False
2025-06-26 18:55:11,140 - map_video - DEBUG - [mapping_recorder.main:176] - [18:55:11] Redndı: False
2025-06-26 18:55:12,141 - map_video - DEBUG - [mapping_recorder.main:176] - [18:55:12] Redndı: False
2025-06-26 18:55:13,143 - map_video - DEBUG - [mapping_recorder.main:176] - [18:55:13] Redndı: False
2025-06-26 18:55:14,144 - map_video - DEBUG - [mapping_recorder.main:176] - [18:55:14] Redndı: False
2025-06-26 18:55:15,146 - map_video - DEBUG - [mapping_recorder.main:176] - [18:55:15] Redndı: False
2025-06-26 18:55:16,180 - map_video - DEBUG - [mapping_recorder.main:176] - [18:55:16] Redndı: False
2025-06-26 18:55:17,182 - map_video - DEBUG - [mapping_recorder.main:176] - [18:55:17] Redndı: False
2025-06-26 18:55:18,184 - map_video - DEBUG - [mapping_recorder.main:176] - [18:55:18] Redndı: False
2025-06-26 18:55:19,186 - map_video - DEBUG - [mapping_recorder.main:176] - [18:55:19] Redndı: False
2025-06-26 18:55:20,188 - map_video - DEBUG - [mapping_recorder.main:176] - [18:55:20] Redndı: False
2025-06-26 18:55:21,189 - map_video - DEBUG - [mapping_recorder.main:176] - [18:55:21] Redndı: False
2025-06-26 18:55:22,192 - map_video - DEBUG - [mapping_recorder.main:176] - [18:55:22] Redndı: False
2025-06-26 18:55:23,194 - map_video - DEBUG - [mapping_recorder.main:176] - [18:55:23] Redndı: False
2025-06-26 18:55:24,195 - map_video - DEBUG - [mapping_recorder.main:176] - [18:55:24] Redndı: False
2025-06-26 18:55:25,197 - map_video - DEBUG - [mapping_recorder.main:176] - [18:55:25] Redndı: False
2025-06-26 18:55:26,199 - map_video - DEBUG - [mapping_recorder.main:176] - [18:55:26] Redndı: False
2025-06-26 18:55:27,201 - map_video - DEBUG - [mapping_recorder.main:176] - [18:55:27] Redndı: False
2025-06-26 18:55:28,203 - map_video - DEBUG - [mapping_recorder.main:176] - [18:55:28] Redndı: False
2025-06-26 18:55:29,204 - map_video - DEBUG - [mapping_recorder.main:176] - [18:55:29] Redndı: False
2025-06-26 18:55:30,206 - map_video - DEBUG - [mapping_recorder.main:176] - [18:55:30] Redndı: False
2025-06-26 18:55:31,208 - map_video - DEBUG - [mapping_recorder.main:176] - [18:55:31] Redndı: False
2025-06-26 18:55:32,210 - map_video - DEBUG - [mapping_recorder.main:176] - [18:55:32] Redndı: False
2025-06-26 18:55:33,212 - map_video - DEBUG - [mapping_recorder.main:176] - [18:55:33] Redndı: False
2025-06-26 18:55:34,214 - map_video - DEBUG - [mapping_recorder.main:176] - [18:55:34] Redndı: False
2025-06-26 18:55:35,215 - map_video - DEBUG - [mapping_recorder.main:176] - [18:55:35] Redndı: False
2025-06-26 18:55:36,217 - map_video - DEBUG - [mapping_recorder.main:176] - [18:55:36] Redndı: False
2025-06-26 18:55:37,219 - map_video - DEBUG - [mapping_recorder.main:176] - [18:55:37] Redndı: False
2025-06-26 18:55:38,220 - map_video - DEBUG - [mapping_recorder.main:176] - [18:55:38] Redndı: False
2025-06-26 18:55:39,222 - map_video - DEBUG - [mapping_recorder.main:176] - [18:55:39] Redndı: False
2025-06-26 18:55:40,224 - map_video - DEBUG - [mapping_recorder.main:176] - [18:55:40] Redndı: False
2025-06-26 18:55:41,226 - map_video - DEBUG - [mapping_recorder.main:176] - [18:55:41] Redndı: False
2025-06-26 18:55:42,227 - map_video - DEBUG - [mapping_recorder.main:176] - [18:55:42] Redndı: False
2025-06-26 18:55:43,228 - map_video - DEBUG - [mapping_recorder.main:176] - [18:55:43] Redndı: False
2025-06-26 18:55:44,230 - map_video - DEBUG - [mapping_recorder.main:176] - [18:55:44] Redndı: False
2025-06-26 18:55:45,232 - map_video - DEBUG - [mapping_recorder.main:176] - [18:55:45] Redndı: False
2025-06-26 18:55:46,234 - map_video - DEBUG - [mapping_recorder.main:176] - [18:55:46] Redndı: False
2025-06-26 18:55:47,236 - map_video - DEBUG - [mapping_recorder.main:176] - [18:55:47] Redndı: False
2025-06-26 18:55:48,238 - map_video - DEBUG - [mapping_recorder.main:176] - [18:55:48] Redndı: False
2025-06-26 18:55:49,240 - map_video - DEBUG - [mapping_recorder.main:176] - [18:55:49] Redndı: False
2025-06-26 18:55:50,242 - map_video - DEBUG - [mapping_recorder.main:176] - [18:55:50] Redndı: False
2025-06-26 18:55:51,243 - map_video - DEBUG - [mapping_recorder.main:176] - [18:55:51] Redndı: False
2025-06-26 18:55:52,245 - map_video - DEBUG - [mapping_recorder.main:176] - [18:55:52] Redndı: False
2025-06-26 18:55:53,247 - map_video - DEBUG - [mapping_recorder.main:176] - [18:55:53] Redndı: False
2025-06-26 18:55:54,249 - map_video - DEBUG - [mapping_recorder.main:176] - [18:55:54] Redndı: False
2025-06-26 18:55:55,251 - map_video - DEBUG - [mapping_recorder.main:176] - [18:55:55] Redndı: False
2025-06-26 18:55:56,253 - map_video - DEBUG - [mapping_recorder.main:176] - [18:55:56] Redndı: False
2025-06-26 18:55:57,255 - map_video - DEBUG - [mapping_recorder.main:176] - [18:55:57] Redndı: False
2025-06-26 18:55:58,256 - map_video - DEBUG - [mapping_recorder.main:176] - [18:55:58] Redndı: False
2025-06-26 18:55:59,258 - map_video - DEBUG - [mapping_recorder.main:176] - [18:55:59] Redndı: False
2025-06-26 18:56:00,260 - map_video - DEBUG - [mapping_recorder.main:176] - [18:56:00] Redndı: False
2025-06-26 18:56:01,262 - map_video - DEBUG - [mapping_recorder.main:176] - [18:56:01] Redndı: False
2025-06-26 18:56:02,263 - map_video - DEBUG - [mapping_recorder.main:176] - [18:56:02] Redndı: False
2025-06-26 18:56:03,266 - map_video - DEBUG - [mapping_recorder.main:176] - [18:56:03] Redndı: False
2025-06-26 18:56:04,268 - map_video - DEBUG - [mapping_recorder.main:176] - [18:56:04] Redndı: False
2025-06-26 18:56:05,270 - map_video - DEBUG - [mapping_recorder.main:176] - [18:56:05] Redndı: False
2025-06-26 18:56:06,272 - map_video - DEBUG - [mapping_recorder.main:176] - [18:56:06] Redndı: False
2025-06-26 18:56:07,273 - map_video - DEBUG - [mapping_recorder.main:176] - [18:56:07] Redndı: False
2025-06-26 18:56:08,276 - map_video - DEBUG - [mapping_recorder.main:176] - [18:56:08] Redndı: False
2025-06-26 18:56:09,277 - map_video - DEBUG - [mapping_recorder.main:176] - [18:56:09] Redndı: False
2025-06-26 18:56:10,279 - map_video - DEBUG - [mapping_recorder.main:176] - [18:56:10] Redndı: False
2025-06-26 18:56:11,281 - map_video - DEBUG - [mapping_recorder.main:176] - [18:56:11] Redndı: False
2025-06-26 18:56:12,283 - map_video - DEBUG - [mapping_recorder.main:176] - [18:56:12] Redndı: False
2025-06-26 18:56:13,285 - map_video - DEBUG - [mapping_recorder.main:176] - [18:56:13] Redndı: False
2025-06-26 18:56:14,287 - map_video - DEBUG - [mapping_recorder.main:176] - [18:56:14] Redndı: False
2025-06-26 18:56:15,288 - map_video - DEBUG - [mapping_recorder.main:176] - [18:56:15] Redndı: False
2025-06-26 18:56:16,290 - map_video - DEBUG - [mapping_recorder.main:176] - [18:56:16] Redndı: False
2025-06-26 18:56:17,292 - map_video - DEBUG - [mapping_recorder.main:176] - [18:56:17] Redndı: False
2025-06-26 18:56:18,293 - map_video - DEBUG - [mapping_recorder.main:176] - [18:56:18] Redndı: False
2025-06-26 18:56:19,295 - map_video - DEBUG - [mapping_recorder.main:176] - [18:56:19] Redndı: False
2025-06-26 18:56:20,297 - map_video - DEBUG - [mapping_recorder.main:176] - [18:56:20] Redndı: False
2025-06-26 18:56:21,299 - map_video - DEBUG - [mapping_recorder.main:176] - [18:56:21] Redndı: False
2025-06-26 18:56:22,300 - map_video - DEBUG - [mapping_recorder.main:176] - [18:56:22] Redndı: False
2025-06-26 18:56:23,302 - map_video - DEBUG - [mapping_recorder.main:176] - [18:56:23] Redndı: False
2025-06-26 18:56:24,304 - map_video - DEBUG - [mapping_recorder.main:176] - [18:56:24] Redndı: False
2025-06-26 18:56:25,306 - map_video - DEBUG - [mapping_recorder.main:176] - [18:56:25] Redndı: False
2025-06-26 18:56:26,308 - map_video - DEBUG - [mapping_recorder.main:176] - [18:56:26] Redndı: False
2025-06-26 18:56:27,310 - map_video - DEBUG - [mapping_recorder.main:176] - [18:56:27] Redndı: False
2025-06-26 18:56:28,312 - map_video - DEBUG - [mapping_recorder.main:176] - [18:56:28] Redndı: False
2025-06-26 18:56:29,314 - map_video - DEBUG - [mapping_recorder.main:176] - [18:56:29] Redndı: False
2025-06-26 18:56:30,315 - map_video - DEBUG - [mapping_recorder.main:176] - [18:56:30] Redndı: False
2025-06-26 18:56:31,317 - map_video - DEBUG - [mapping_recorder.main:176] - [18:56:31] Redndı: False
2025-06-26 18:56:32,319 - map_video - DEBUG - [mapping_recorder.main:176] - [18:56:32] Redndı: False
2025-06-26 18:56:33,320 - map_video - DEBUG - [mapping_recorder.main:176] - [18:56:33] Redndı: False
2025-06-26 18:56:34,322 - map_video - DEBUG - [mapping_recorder.main:176] - [18:56:34] Redndı: False
2025-06-26 18:56:35,324 - map_video - DEBUG - [mapping_recorder.main:176] - [18:56:35] Redndı: False
2025-06-26 18:56:36,326 - map_video - DEBUG - [mapping_recorder.main:176] - [18:56:36] Redndı: False
2025-06-26 18:56:37,328 - map_video - DEBUG - [mapping_recorder.main:176] - [18:56:37] Redndı: False
2025-06-26 18:56:38,330 - map_video - DEBUG - [mapping_recorder.main:176] - [18:56:38] Redndı: False
2025-06-26 18:56:39,332 - map_video - DEBUG - [mapping_recorder.main:176] - [18:56:39] Redndı: False
2025-06-26 18:56:40,333 - map_video - DEBUG - [mapping_recorder.main:176] - [18:56:40] Redndı: False
2025-06-26 18:56:41,335 - map_video - DEBUG - [mapping_recorder.main:176] - [18:56:41] Redndı: False
2025-06-26 18:56:42,337 - map_video - DEBUG - [mapping_recorder.main:176] - [18:56:42] Redndı: False
2025-06-26 18:56:43,339 - map_video - DEBUG - [mapping_recorder.main:176] - [18:56:43] Redndı: False
2025-06-26 18:56:44,340 - map_video - DEBUG - [mapping_recorder.main:176] - [18:56:44] Redndı: False
2025-06-26 18:56:45,342 - map_video - DEBUG - [mapping_recorder.main:176] - [18:56:45] Redndı: False
2025-06-26 18:56:46,344 - map_video - DEBUG - [mapping_recorder.main:176] - [18:56:46] Redndı: False
2025-06-26 18:56:47,346 - map_video - DEBUG - [mapping_recorder.main:176] - [18:56:47] Redndı: False
2025-06-26 18:56:48,348 - map_video - DEBUG - [mapping_recorder.main:176] - [18:56:48] Redndı: False
2025-06-26 18:56:49,349 - map_video - DEBUG - [mapping_recorder.main:176] - [18:56:49] Redndı: False
2025-06-26 18:56:50,351 - map_video - DEBUG - [mapping_recorder.main:176] - [18:56:50] Redndı: False
2025-06-26 18:56:51,353 - map_video - DEBUG - [mapping_recorder.main:176] - [18:56:51] Redndı: False
2025-06-26 18:56:52,355 - map_video - DEBUG - [mapping_recorder.main:176] - [18:56:52] Redndı: False
2025-06-26 18:56:53,357 - map_video - DEBUG - [mapping_recorder.main:176] - [18:56:53] Redndı: False
2025-06-26 18:56:54,358 - map_video - DEBUG - [mapping_recorder.main:176] - [18:56:54] Redndı: False
2025-06-26 18:56:55,360 - map_video - DEBUG - [mapping_recorder.main:176] - [18:56:55] Redndı: False
2025-06-26 18:56:56,362 - map_video - DEBUG - [mapping_recorder.main:176] - [18:56:56] Redndı: False
2025-06-26 18:56:57,364 - map_video - DEBUG - [mapping_recorder.main:176] - [18:56:57] Redndı: False
2025-06-26 18:56:58,398 - map_video - DEBUG - [mapping_recorder.main:176] - [18:56:58] Redndı: False
2025-06-26 18:56:59,400 - map_video - DEBUG - [mapping_recorder.main:176] - [18:56:59] Redndı: False
2025-06-26 18:57:00,402 - map_video - DEBUG - [mapping_recorder.main:176] - [18:57:00] Redndı: False
2025-06-26 18:57:01,404 - map_video - DEBUG - [mapping_recorder.main:176] - [18:57:01] Redndı: False
2025-06-26 18:57:02,406 - map_video - DEBUG - [mapping_recorder.main:176] - [18:57:02] Redndı: False
2025-06-26 18:57:03,408 - map_video - DEBUG - [mapping_recorder.main:176] - [18:57:03] Redndı: False
2025-06-26 18:57:04,410 - map_video - DEBUG - [mapping_recorder.main:176] - [18:57:04] Redndı: False
2025-06-26 18:57:05,411 - map_video - DEBUG - [mapping_recorder.main:176] - [18:57:05] Redndı: False
2025-06-26 18:57:06,413 - map_video - DEBUG - [mapping_recorder.main:176] - [18:57:06] Redndı: False
2025-06-26 18:57:07,415 - map_video - DEBUG - [mapping_recorder.main:176] - [18:57:07] Redndı: False
2025-06-26 18:57:08,450 - map_video - DEBUG - [mapping_recorder.main:176] - [18:57:08] Redndı: False
2025-06-26 18:57:09,452 - map_video - DEBUG - [mapping_recorder.main:176] - [18:57:09] Redndı: False
2025-06-26 18:57:10,454 - map_video - DEBUG - [mapping_recorder.main:176] - [18:57:10] Redndı: False
2025-06-26 18:57:11,455 - map_video - DEBUG - [mapping_recorder.main:176] - [18:57:11] Redndı: False
2025-06-26 18:57:12,457 - map_video - DEBUG - [mapping_recorder.main:176] - [18:57:12] Redndı: False
2025-06-26 18:57:13,492 - map_video - DEBUG - [mapping_recorder.main:176] - [18:57:13] Redndı: False
2025-06-26 18:57:14,494 - map_video - DEBUG - [mapping_recorder.main:176] - [18:57:14] Redndı: False
2025-06-26 18:57:15,496 - map_video - DEBUG - [mapping_recorder.main:176] - [18:57:15] Redndı: False
2025-06-26 18:57:16,498 - map_video - DEBUG - [mapping_recorder.main:176] - [18:57:16] Redndı: False
2025-06-26 18:57:17,500 - map_video - DEBUG - [mapping_recorder.main:176] - [18:57:17] Redndı: False
2025-06-26 18:57:18,502 - map_video - DEBUG - [mapping_recorder.main:176] - [18:57:18] Redndı: False
2025-06-26 18:57:19,504 - map_video - DEBUG - [mapping_recorder.main:176] - [18:57:19] Redndı: False
2025-06-26 18:57:20,505 - map_video - DEBUG - [mapping_recorder.main:176] - [18:57:20] Redndı: False
2025-06-26 18:57:21,507 - map_video - DEBUG - [mapping_recorder.main:176] - [18:57:21] Redndı: False
2025-06-26 18:57:22,509 - map_video - DEBUG - [mapping_recorder.main:176] - [18:57:22] Redndı: False
2025-06-26 18:57:23,511 - map_video - DEBUG - [mapping_recorder.main:176] - [18:57:23] Redndı: False
2025-06-26 18:57:24,513 - map_video - DEBUG - [mapping_recorder.main:176] - [18:57:24] Redndı: False
2025-06-26 18:57:25,515 - map_video - DEBUG - [mapping_recorder.main:176] - [18:57:25] Redndı: False
2025-06-26 18:57:26,517 - map_video - DEBUG - [mapping_recorder.main:176] - [18:57:26] Redndı: False
2025-06-26 18:57:27,519 - map_video - DEBUG - [mapping_recorder.main:176] - [18:57:27] Redndı: False
2025-06-26 18:57:28,521 - map_video - DEBUG - [mapping_recorder.main:176] - [18:57:28] Redndı: False
2025-06-26 18:57:29,523 - map_video - DEBUG - [mapping_recorder.main:176] - [18:57:29] Redndı: False
2025-06-26 18:57:30,524 - map_video - DEBUG - [mapping_recorder.main:176] - [18:57:30] Redndı: False
2025-06-26 18:57:31,526 - map_video - DEBUG - [mapping_recorder.main:176] - [18:57:31] Redndı: False
2025-06-26 18:57:32,528 - map_video - DEBUG - [mapping_recorder.main:176] - [18:57:32] Redndı: False
2025-06-26 18:57:33,530 - map_video - DEBUG - [mapping_recorder.main:176] - [18:57:33] Redndı: False
2025-06-26 18:57:34,532 - map_video - DEBUG - [mapping_recorder.main:176] - [18:57:34] Redndı: False
2025-06-26 18:57:35,533 - map_video - DEBUG - [mapping_recorder.main:176] - [18:57:35] Redndı: False
2025-06-26 18:57:36,535 - map_video - DEBUG - [mapping_recorder.main:176] - [18:57:36] Redndı: False
2025-06-26 18:57:37,537 - map_video - DEBUG - [mapping_recorder.main:176] - [18:57:37] Redndı: False
2025-06-26 18:57:38,539 - map_video - DEBUG - [mapping_recorder.main:176] - [18:57:38] Redndı: False
2025-06-26 18:57:39,542 - map_video - DEBUG - [mapping_recorder.main:176] - [18:57:39] Redndı: False
2025-06-26 18:57:40,544 - map_video - DEBUG - [mapping_recorder.main:176] - [18:57:40] Redndı: False
2025-06-26 18:57:41,546 - map_video - DEBUG - [mapping_recorder.main:176] - [18:57:41] Redndı: False
2025-06-26 18:57:42,548 - map_video - DEBUG - [mapping_recorder.main:176] - [18:57:42] Redndı: False
2025-06-26 18:57:43,550 - map_video - DEBUG - [mapping_recorder.main:176] - [18:57:43] Redndı: False
2025-06-26 18:57:44,552 - map_video - DEBUG - [mapping_recorder.main:176] - [18:57:44] Redndı: False
2025-06-26 18:57:45,553 - map_video - DEBUG - [mapping_recorder.main:176] - [18:57:45] Redndı: False
2025-06-26 18:57:46,555 - map_video - DEBUG - [mapping_recorder.main:176] - [18:57:46] Redndı: False
2025-06-26 18:57:47,557 - map_video - DEBUG - [mapping_recorder.main:176] - [18:57:47] Redndı: False
2025-06-26 18:57:48,559 - map_video - DEBUG - [mapping_recorder.main:176] - [18:57:48] Redndı: False
2025-06-26 18:57:49,561 - map_video - DEBUG - [mapping_recorder.main:176] - [18:57:49] Redndı: False
2025-06-26 18:57:50,563 - map_video - DEBUG - [mapping_recorder.main:176] - [18:57:50] Redndı: False
2025-06-26 18:57:51,565 - map_video - DEBUG - [mapping_recorder.main:176] - [18:57:51] Redndı: False
2025-06-26 18:57:52,567 - map_video - DEBUG - [mapping_recorder.main:176] - [18:57:52] Redndı: False
2025-06-26 18:57:53,569 - map_video - DEBUG - [mapping_recorder.main:176] - [18:57:53] Redndı: False
2025-06-26 18:57:54,571 - map_video - DEBUG - [mapping_recorder.main:176] - [18:57:54] Redndı: False
2025-06-26 18:57:55,572 - map_video - DEBUG - [mapping_recorder.main:176] - [18:57:55] Redndı: False
2025-06-26 18:57:56,574 - map_video - DEBUG - [mapping_recorder.main:176] - [18:57:56] Redndı: False
2025-06-26 18:57:57,576 - map_video - DEBUG - [mapping_recorder.main:176] - [18:57:57] Redndı: False
2025-06-26 18:57:58,578 - map_video - DEBUG - [mapping_recorder.main:176] - [18:57:58] Redndı: False
2025-06-26 18:57:59,579 - map_video - DEBUG - [mapping_recorder.main:176] - [18:57:59] Redndı: False
2025-06-26 18:58:00,581 - map_video - DEBUG - [mapping_recorder.main:176] - [18:58:00] Redndı: False
2025-06-26 18:58:01,583 - map_video - DEBUG - [mapping_recorder.main:176] - [18:58:01] Redndı: False
2025-06-26 18:58:02,585 - map_video - DEBUG - [mapping_recorder.main:176] - [18:58:02] Redndı: False
2025-06-26 18:58:03,587 - map_video - DEBUG - [mapping_recorder.main:176] - [18:58:03] Redndı: False
2025-06-26 18:58:04,589 - map_video - DEBUG - [mapping_recorder.main:176] - [18:58:04] Redndı: False
2025-06-26 18:58:05,590 - map_video - DEBUG - [mapping_recorder.main:176] - [18:58:05] Redndı: False
2025-06-26 18:58:06,592 - map_video - DEBUG - [mapping_recorder.main:176] - [18:58:06] Redndı: False
2025-06-26 18:58:07,594 - map_video - DEBUG - [mapping_recorder.main:176] - [18:58:07] Redndı: False
2025-06-26 18:58:08,596 - map_video - DEBUG - [mapping_recorder.main:176] - [18:58:08] Redndı: False
2025-06-26 18:58:09,598 - map_video - DEBUG - [mapping_recorder.main:176] - [18:58:09] Redndı: False
2025-06-26 18:58:10,600 - map_video - DEBUG - [mapping_recorder.main:176] - [18:58:10] Redndı: False
2025-06-26 18:58:11,602 - map_video - DEBUG - [mapping_recorder.main:176] - [18:58:11] Redndı: False
2025-06-26 18:58:12,604 - map_video - DEBUG - [mapping_recorder.main:176] - [18:58:12] Redndı: False
2025-06-26 18:58:13,606 - map_video - DEBUG - [mapping_recorder.main:176] - [18:58:13] Redndı: False
2025-06-26 18:58:14,608 - map_video - DEBUG - [mapping_recorder.main:176] - [18:58:14] Redndı: False
2025-06-26 18:58:15,609 - map_video - DEBUG - [mapping_recorder.main:176] - [18:58:15] Redndı: False
2025-06-26 18:58:16,611 - map_video - DEBUG - [mapping_recorder.main:176] - [18:58:16] Redndı: False
2025-06-26 18:58:17,613 - map_video - DEBUG - [mapping_recorder.main:176] - [18:58:17] Redndı: False
2025-06-26 18:58:18,615 - map_video - DEBUG - [mapping_recorder.main:176] - [18:58:18] Redndı: False
2025-06-26 18:58:19,617 - map_video - DEBUG - [mapping_recorder.main:176] - [18:58:19] Redndı: False
2025-06-26 18:58:20,619 - map_video - DEBUG - [mapping_recorder.main:176] - [18:58:20] Redndı: False
2025-06-26 18:58:21,621 - map_video - DEBUG - [mapping_recorder.main:176] - [18:58:21] Redndı: False
2025-06-26 18:58:22,623 - map_video - DEBUG - [mapping_recorder.main:176] - [18:58:22] Redndı: False
2025-06-26 18:58:23,624 - map_video - DEBUG - [mapping_recorder.main:176] - [18:58:23] Redndı: False
2025-06-26 18:58:24,626 - map_video - DEBUG - [mapping_recorder.main:176] - [18:58:24] Redndı: False
2025-06-26 18:58:25,628 - map_video - DEBUG - [mapping_recorder.main:176] - [18:58:25] Redndı: False
2025-06-26 18:58:26,629 - map_video - DEBUG - [mapping_recorder.main:176] - [18:58:26] Redndı: False
2025-06-26 18:58:27,631 - map_video - DEBUG - [mapping_recorder.main:176] - [18:58:27] Redndı: False
2025-06-26 18:58:28,632 - map_video - DEBUG - [mapping_recorder.main:176] - [18:58:28] Redndı: False
2025-06-26 18:58:29,634 - map_video - DEBUG - [mapping_recorder.main:176] - [18:58:29] Redndı: False
2025-06-26 18:58:30,636 - map_video - DEBUG - [mapping_recorder.main:176] - [18:58:30] Redndı: False
2025-06-26 18:58:31,638 - map_video - DEBUG - [mapping_recorder.main:176] - [18:58:31] Redndı: False
2025-06-26 18:58:32,640 - map_video - DEBUG - [mapping_recorder.main:176] - [18:58:32] Redndı: False
2025-06-26 18:58:33,642 - map_video - DEBUG - [mapping_recorder.main:176] - [18:58:33] Redndı: False
2025-06-26 18:58:34,676 - map_video - DEBUG - [mapping_recorder.main:176] - [18:58:34] Redndı: False
2025-06-26 18:58:35,678 - map_video - DEBUG - [mapping_recorder.main:176] - [18:58:35] Redndı: False
2025-06-26 18:58:36,680 - map_video - DEBUG - [mapping_recorder.main:176] - [18:58:36] Redndı: False
2025-06-26 18:58:37,682 - map_video - DEBUG - [mapping_recorder.main:176] - [18:58:37] Redndı: False
2025-06-26 18:58:38,684 - map_video - DEBUG - [mapping_recorder.main:176] - [18:58:38] Redndı: False
2025-06-26 18:58:39,718 - map_video - DEBUG - [mapping_recorder.main:176] - [18:58:39] Redndı: False
2025-06-26 18:58:40,720 - map_video - DEBUG - [mapping_recorder.main:176] - [18:58:40] Redndı: False
2025-06-26 18:58:41,722 - map_video - DEBUG - [mapping_recorder.main:176] - [18:58:41] Redndı: False
2025-06-26 18:58:42,724 - map_video - DEBUG - [mapping_recorder.main:176] - [18:58:42] Redndı: False
2025-06-26 18:58:43,725 - map_video - DEBUG - [mapping_recorder.main:176] - [18:58:43] Redndı: False
2025-06-26 18:58:44,727 - map_video - DEBUG - [mapping_recorder.main:176] - [18:58:44] Redndı: False
2025-06-26 18:58:45,729 - map_video - DEBUG - [mapping_recorder.main:176] - [18:58:45] Redndı: False
2025-06-26 18:58:46,732 - map_video - DEBUG - [mapping_recorder.main:176] - [18:58:46] Redndı: False
2025-06-26 18:58:47,734 - map_video - DEBUG - [mapping_recorder.main:176] - [18:58:47] Redndı: False
2025-06-26 18:58:48,735 - map_video - DEBUG - [mapping_recorder.main:176] - [18:58:48] Redndı: False
2025-06-26 18:58:49,737 - map_video - DEBUG - [mapping_recorder.main:176] - [18:58:49] Redndı: False
2025-06-26 18:58:50,739 - map_video - DEBUG - [mapping_recorder.main:176] - [18:58:50] Redndı: False
2025-06-26 18:58:51,774 - map_video - DEBUG - [mapping_recorder.main:176] - [18:58:51] Redndı: False
2025-06-26 18:58:52,776 - map_video - DEBUG - [mapping_recorder.main:176] - [18:58:52] Redndı: False
2025-06-26 18:58:53,778 - map_video - DEBUG - [mapping_recorder.main:176] - [18:58:53] Redndı: False
2025-06-26 18:58:54,780 - map_video - DEBUG - [mapping_recorder.main:176] - [18:58:54] Redndı: False
2025-06-26 18:58:55,782 - map_video - DEBUG - [mapping_recorder.main:176] - [18:58:55] Redndı: False
2025-06-26 18:58:56,784 - map_video - DEBUG - [mapping_recorder.main:176] - [18:58:56] Redndı: False
2025-06-26 18:58:57,786 - map_video - DEBUG - [mapping_recorder.main:176] - [18:58:57] Redndı: False
2025-06-26 18:58:58,820 - map_video - DEBUG - [mapping_recorder.main:176] - [18:58:58] Redndı: False
2025-06-26 18:58:59,822 - map_video - DEBUG - [mapping_recorder.main:176] - [18:58:59] Redndı: False
2025-06-26 18:59:00,824 - map_video - DEBUG - [mapping_recorder.main:176] - [18:59:00] Redndı: False
2025-06-26 18:59:01,826 - map_video - DEBUG - [mapping_recorder.main:176] - [18:59:01] Redndı: False
2025-06-26 18:59:02,828 - map_video - DEBUG - [mapping_recorder.main:176] - [18:59:02] Redndı: False
2025-06-26 18:59:03,830 - map_video - DEBUG - [mapping_recorder.main:176] - [18:59:03] Redndı: False
2025-06-26 18:59:04,832 - map_video - DEBUG - [mapping_recorder.main:176] - [18:59:04] Redndı: False
2025-06-26 18:59:05,834 - map_video - DEBUG - [mapping_recorder.main:176] - [18:59:05] Redndı: False
2025-06-26 18:59:06,836 - map_video - DEBUG - [mapping_recorder.main:176] - [18:59:06] Redndı: False
2025-06-26 18:59:07,837 - map_video - DEBUG - [mapping_recorder.main:176] - [18:59:07] Redndı: False
2025-06-26 18:59:08,839 - map_video - DEBUG - [mapping_recorder.main:176] - [18:59:08] Redndı: False
2025-06-26 18:59:09,841 - map_video - DEBUG - [mapping_recorder.main:176] - [18:59:09] Redndı: False
2025-06-26 18:59:10,843 - map_video - DEBUG - [mapping_recorder.main:176] - [18:59:10] Redndı: False
2025-06-26 18:59:11,845 - map_video - DEBUG - [mapping_recorder.main:176] - [18:59:11] Redndı: False
2025-06-26 18:59:12,847 - map_video - DEBUG - [mapping_recorder.main:176] - [18:59:12] Redndı: False
2025-06-26 18:59:13,849 - map_video - DEBUG - [mapping_recorder.main:176] - [18:59:13] Redndı: False
2025-06-26 18:59:14,881 - map_video - DEBUG - [mapping_recorder.main:176] - [18:59:14] Redndı: False
2025-06-26 18:59:15,883 - map_video - DEBUG - [mapping_recorder.main:176] - [18:59:15] Redndı: False
2025-06-26 18:59:16,885 - map_video - DEBUG - [mapping_recorder.main:176] - [18:59:16] Redndı: False
2025-06-26 18:59:17,887 - map_video - DEBUG - [mapping_recorder.main:176] - [18:59:17] Redndı: False
2025-06-26 18:59:18,889 - map_video - DEBUG - [mapping_recorder.main:176] - [18:59:18] Redndı: False
2025-06-26 18:59:19,891 - map_video - DEBUG - [mapping_recorder.main:176] - [18:59:19] Redndı: False
2025-06-26 18:59:20,893 - map_video - DEBUG - [mapping_recorder.main:176] - [18:59:20] Redndı: False
2025-06-26 18:59:21,895 - map_video - DEBUG - [mapping_recorder.main:176] - [18:59:21] Redndı: False
2025-06-26 18:59:22,896 - map_video - DEBUG - [mapping_recorder.main:176] - [18:59:22] Redndı: False
2025-06-26 18:59:23,898 - map_video - DEBUG - [mapping_recorder.main:176] - [18:59:23] Redndı: False
2025-06-26 18:59:24,900 - map_video - DEBUG - [mapping_recorder.main:176] - [18:59:24] Redndı: False
2025-06-26 18:59:25,902 - map_video - DEBUG - [mapping_recorder.main:176] - [18:59:25] Redndı: False
2025-06-26 18:59:26,904 - map_video - DEBUG - [mapping_recorder.main:176] - [18:59:26] Redndı: False
2025-06-26 18:59:27,905 - map_video - DEBUG - [mapping_recorder.main:176] - [18:59:27] Redndı: False
2025-06-26 18:59:28,907 - map_video - DEBUG - [mapping_recorder.main:176] - [18:59:28] Redndı: False
2025-06-26 18:59:29,910 - map_video - DEBUG - [mapping_recorder.main:176] - [18:59:29] Redndı: False
2025-06-26 18:59:30,912 - map_video - DEBUG - [mapping_recorder.main:176] - [18:59:30] Redndı: False
2025-06-26 18:59:31,914 - map_video - DEBUG - [mapping_recorder.main:176] - [18:59:31] Redndı: False
2025-06-26 18:59:32,916 - map_video - DEBUG - [mapping_recorder.main:176] - [18:59:32] Redndı: False
2025-06-26 18:59:33,918 - map_video - DEBUG - [mapping_recorder.main:176] - [18:59:33] Redndı: False
2025-06-26 18:59:34,920 - map_video - DEBUG - [mapping_recorder.main:176] - [18:59:34] Redndı: False
2025-06-26 18:59:35,922 - map_video - DEBUG - [mapping_recorder.main:176] - [18:59:35] Redndı: False
2025-06-26 18:59:36,923 - map_video - DEBUG - [mapping_recorder.main:176] - [18:59:36] Redndı: False
2025-06-26 18:59:37,925 - map_video - DEBUG - [mapping_recorder.main:176] - [18:59:37] Redndı: False
2025-06-26 18:59:38,928 - map_video - DEBUG - [mapping_recorder.main:176] - [18:59:38] Redndı: False
2025-06-26 18:59:39,930 - map_video - DEBUG - [mapping_recorder.main:176] - [18:59:39] Redndı: False
2025-06-26 18:59:40,931 - map_video - DEBUG - [mapping_recorder.main:176] - [18:59:40] Redndı: False
2025-06-26 18:59:41,933 - map_video - DEBUG - [mapping_recorder.main:176] - [18:59:41] Redndı: False
2025-06-26 18:59:42,935 - map_video - DEBUG - [mapping_recorder.main:176] - [18:59:42] Redndı: False
2025-06-26 18:59:43,937 - map_video - DEBUG - [mapping_recorder.main:176] - [18:59:43] Redndı: False
2025-06-26 18:59:44,939 - map_video - DEBUG - [mapping_recorder.main:176] - [18:59:44] Redndı: False
2025-06-26 18:59:45,941 - map_video - DEBUG - [mapping_recorder.main:176] - [18:59:45] Redndı: False
2025-06-26 18:59:46,943 - map_video - DEBUG - [mapping_recorder.main:176] - [18:59:46] Redndı: False
2025-06-26 18:59:47,944 - map_video - DEBUG - [mapping_recorder.main:176] - [18:59:47] Redndı: False
2025-06-26 18:59:48,947 - map_video - DEBUG - [mapping_recorder.main:176] - [18:59:48] Redndı: False
2025-06-26 18:59:49,949 - map_video - DEBUG - [mapping_recorder.main:176] - [18:59:49] Redndı: False
2025-06-26 18:59:50,951 - map_video - DEBUG - [mapping_recorder.main:176] - [18:59:50] Redndı: False
2025-06-26 18:59:51,954 - map_video - DEBUG - [mapping_recorder.main:176] - [18:59:51] Redndı: False
2025-06-26 18:59:52,956 - map_video - DEBUG - [mapping_recorder.main:176] - [18:59:52] Redndı: False
2025-06-26 18:59:53,958 - map_video - DEBUG - [mapping_recorder.main:176] - [18:59:53] Redndı: False
2025-06-26 18:59:54,960 - map_video - DEBUG - [mapping_recorder.main:176] - [18:59:54] Redndı: False
2025-06-26 18:59:55,962 - map_video - DEBUG - [mapping_recorder.main:176] - [18:59:55] Redndı: False
2025-06-26 18:59:56,964 - map_video - DEBUG - [mapping_recorder.main:176] - [18:59:56] Redndı: False
2025-06-26 18:59:57,965 - map_video - DEBUG - [mapping_recorder.main:176] - [18:59:57] Redndı: False
2025-06-26 18:59:58,967 - map_video - DEBUG - [mapping_recorder.main:176] - [18:59:58] Redndı: False
2025-06-26 18:59:59,969 - map_video - DEBUG - [mapping_recorder.main:176] - [18:59:59] Redndı: False
2025-06-26 19:00:00,972 - map_video - DEBUG - [mapping_recorder.main:176] - [19:00:00] Redndı: False
2025-06-26 19:00:01,973 - map_video - DEBUG - [mapping_recorder.main:176] - [19:00:01] Redndı: False
2025-06-26 19:00:02,975 - map_video - DEBUG - [mapping_recorder.main:176] - [19:00:02] Redndı: False
2025-06-26 19:00:03,976 - map_video - DEBUG - [mapping_recorder.main:176] - [19:00:03] Redndı: False
2025-06-26 19:00:04,978 - map_video - DEBUG - [mapping_recorder.main:176] - [19:00:04] Redndı: False
2025-06-26 19:00:05,980 - map_video - DEBUG - [mapping_recorder.main:176] - [19:00:05] Redndı: False
2025-06-26 19:00:06,982 - map_video - DEBUG - [mapping_recorder.main:176] - [19:00:06] Redndı: False
2025-06-26 19:00:07,984 - map_video - DEBUG - [mapping_recorder.main:176] - [19:00:07] Redndı: False
2025-06-26 19:00:08,986 - map_video - DEBUG - [mapping_recorder.main:176] - [19:00:08] Redndı: False
2025-06-26 19:00:09,988 - map_video - DEBUG - [mapping_recorder.main:176] - [19:00:09] Redndı: False
2025-06-26 19:00:10,989 - map_video - DEBUG - [mapping_recorder.main:176] - [19:00:10] Redndı: False
2025-06-26 19:00:11,991 - map_video - DEBUG - [mapping_recorder.main:176] - [19:00:11] Redndı: False
2025-06-26 19:00:12,992 - map_video - DEBUG - [mapping_recorder.main:176] - [19:00:12] Redndı: False
2025-06-26 19:00:13,994 - map_video - DEBUG - [mapping_recorder.main:176] - [19:00:13] Redndı: False
2025-06-26 19:00:14,996 - map_video - DEBUG - [mapping_recorder.main:176] - [19:00:14] Redndı: False
2025-06-26 19:00:15,998 - map_video - DEBUG - [mapping_recorder.main:176] - [19:00:15] Redndı: False
2025-06-26 19:00:17,000 - map_video - DEBUG - [mapping_recorder.main:176] - [19:00:17] Redndı: False
2025-06-26 19:00:18,002 - map_video - DEBUG - [mapping_recorder.main:176] - [19:00:18] Redndı: False
2025-06-26 19:00:19,003 - map_video - DEBUG - [mapping_recorder.main:176] - [19:00:19] Redndı: False
2025-06-26 19:00:20,004 - map_video - DEBUG - [mapping_recorder.main:176] - [19:00:20] Redndı: False
2025-06-26 19:00:21,006 - map_video - DEBUG - [mapping_recorder.main:176] - [19:00:21] Redndı: False
2025-06-26 19:00:22,007 - map_video - DEBUG - [mapping_recorder.main:176] - [19:00:22] Redndı: False
2025-06-26 19:00:23,008 - map_video - DEBUG - [mapping_recorder.main:176] - [19:00:23] Redndı: False
2025-06-26 19:00:24,010 - map_video - DEBUG - [mapping_recorder.main:176] - [19:00:24] Redndı: False
2025-06-26 19:00:25,012 - map_video - DEBUG - [mapping_recorder.main:176] - [19:00:25] Redndı: False
2025-06-26 19:00:26,014 - map_video - DEBUG - [mapping_recorder.main:176] - [19:00:26] Redndı: False
2025-06-26 19:00:27,015 - map_video - DEBUG - [mapping_recorder.main:176] - [19:00:27] Redndı: False
2025-06-26 19:00:28,017 - map_video - DEBUG - [mapping_recorder.main:176] - [19:00:28] Redndı: False
2025-06-26 19:00:29,019 - map_video - DEBUG - [mapping_recorder.main:176] - [19:00:29] Redndı: False
2025-06-26 19:00:30,021 - map_video - DEBUG - [mapping_recorder.main:176] - [19:00:30] Redndı: False
2025-06-26 19:00:31,023 - map_video - DEBUG - [mapping_recorder.main:176] - [19:00:31] Redndı: False
2025-06-26 19:00:32,024 - map_video - DEBUG - [mapping_recorder.main:176] - [19:00:32] Redndı: False
2025-06-26 19:00:33,026 - map_video - DEBUG - [mapping_recorder.main:176] - [19:00:33] Redndı: False
2025-06-26 19:00:34,028 - map_video - DEBUG - [mapping_recorder.main:176] - [19:00:34] Redndı: False
2025-06-26 19:00:35,030 - map_video - DEBUG - [mapping_recorder.main:176] - [19:00:35] Redndı: False
2025-06-26 19:00:36,032 - map_video - DEBUG - [mapping_recorder.main:176] - [19:00:36] Redndı: False
2025-06-26 19:00:37,033 - map_video - DEBUG - [mapping_recorder.main:176] - [19:00:37] Redndı: False
2025-06-26 19:00:38,035 - map_video - DEBUG - [mapping_recorder.main:176] - [19:00:38] Redndı: False
2025-06-26 19:00:39,037 - map_video - DEBUG - [mapping_recorder.main:176] - [19:00:39] Redndı: False
2025-06-26 19:00:40,038 - map_video - DEBUG - [mapping_recorder.main:176] - [19:00:40] Redndı: False
2025-06-26 19:00:41,040 - map_video - DEBUG - [mapping_recorder.main:176] - [19:00:41] Redndı: False
2025-06-26 19:00:42,042 - map_video - DEBUG - [mapping_recorder.main:176] - [19:00:42] Redndı: False
2025-06-26 19:00:43,044 - map_video - DEBUG - [mapping_recorder.main:176] - [19:00:43] Redndı: False
2025-06-26 19:00:44,046 - map_video - DEBUG - [mapping_recorder.main:176] - [19:00:44] Redndı: False
2025-06-26 19:00:45,047 - map_video - DEBUG - [mapping_recorder.main:176] - [19:00:45] Redndı: False
2025-06-26 19:00:46,049 - map_video - DEBUG - [mapping_recorder.main:176] - [19:00:46] Redndı: False
2025-06-26 19:00:47,051 - map_video - DEBUG - [mapping_recorder.main:176] - [19:00:47] Redndı: False
2025-06-26 19:00:48,053 - map_video - DEBUG - [mapping_recorder.main:176] - [19:00:48] Redndı: False
2025-06-26 19:00:49,055 - map_video - DEBUG - [mapping_recorder.main:176] - [19:00:49] Redndı: False
2025-06-26 19:00:50,056 - map_video - DEBUG - [mapping_recorder.main:176] - [19:00:50] Redndı: False
2025-06-26 19:00:51,058 - map_video - DEBUG - [mapping_recorder.main:176] - [19:00:51] Redndı: False
2025-06-26 19:00:52,060 - map_video - DEBUG - [mapping_recorder.main:176] - [19:00:52] Redndı: False
2025-06-26 19:00:53,062 - map_video - DEBUG - [mapping_recorder.main:176] - [19:00:53] Redndı: False
2025-06-26 19:00:54,063 - map_video - DEBUG - [mapping_recorder.main:176] - [19:00:54] Redndı: False
2025-06-26 19:00:55,065 - map_video - DEBUG - [mapping_recorder.main:176] - [19:00:55] Redndı: False
2025-06-26 19:00:56,067 - map_video - DEBUG - [mapping_recorder.main:176] - [19:00:56] Redndı: False
2025-06-26 19:00:57,069 - map_video - DEBUG - [mapping_recorder.main:176] - [19:00:57] Redndı: False
2025-06-26 19:00:58,071 - map_video - DEBUG - [mapping_recorder.main:176] - [19:00:58] Redndı: False
2025-06-26 19:00:59,073 - map_video - DEBUG - [mapping_recorder.main:176] - [19:00:59] Redndı: False
2025-06-26 19:01:00,075 - map_video - DEBUG - [mapping_recorder.main:176] - [19:01:00] Redndı: False
2025-06-26 19:01:01,076 - map_video - DEBUG - [mapping_recorder.main:176] - [19:01:01] Redndı: False
2025-06-26 19:01:02,078 - map_video - DEBUG - [mapping_recorder.main:176] - [19:01:02] Redndı: False
2025-06-26 19:01:03,080 - map_video - DEBUG - [mapping_recorder.main:176] - [19:01:03] Redndı: False
2025-06-26 19:01:04,082 - map_video - DEBUG - [mapping_recorder.main:176] - [19:01:04] Redndı: False
2025-06-26 19:01:05,083 - map_video - DEBUG - [mapping_recorder.main:176] - [19:01:05] Redndı: False
2025-06-26 19:01:06,086 - map_video - DEBUG - [mapping_recorder.main:176] - [19:01:06] Redndı: False
2025-06-26 19:01:07,088 - map_video - DEBUG - [mapping_recorder.main:176] - [19:01:07] Redndı: False
2025-06-26 19:01:08,089 - map_video - DEBUG - [mapping_recorder.main:176] - [19:01:08] Redndı: False
2025-06-26 19:01:09,091 - map_video - DEBUG - [mapping_recorder.main:176] - [19:01:09] Redndı: False
2025-06-26 19:01:10,093 - map_video - DEBUG - [mapping_recorder.main:176] - [19:01:10] Redndı: False
2025-06-26 19:01:11,095 - map_video - DEBUG - [mapping_recorder.main:176] - [19:01:11] Redndı: False
2025-06-26 19:01:12,097 - map_video - DEBUG - [mapping_recorder.main:176] - [19:01:12] Redndı: False
2025-06-26 19:01:13,099 - map_video - DEBUG - [mapping_recorder.main:176] - [19:01:13] Redndı: False
2025-06-26 19:01:14,100 - map_video - DEBUG - [mapping_recorder.main:176] - [19:01:14] Redndı: False
2025-06-26 19:01:15,102 - map_video - DEBUG - [mapping_recorder.main:176] - [19:01:15] Redndı: False
2025-06-26 19:01:16,104 - map_video - DEBUG - [mapping_recorder.main:176] - [19:01:16] Redndı: False
2025-06-26 19:01:17,106 - map_video - DEBUG - [mapping_recorder.main:176] - [19:01:17] Redndı: False
2025-06-26 19:01:18,107 - map_video - DEBUG - [mapping_recorder.main:176] - [19:01:18] Redndı: False
2025-06-26 19:01:19,109 - map_video - DEBUG - [mapping_recorder.main:176] - [19:01:19] Redndı: False
2025-06-26 19:01:20,111 - map_video - DEBUG - [mapping_recorder.main:176] - [19:01:20] Redndı: False
2025-06-26 19:01:21,113 - map_video - DEBUG - [mapping_recorder.main:176] - [19:01:21] Redndı: False
2025-06-26 19:01:22,115 - map_video - DEBUG - [mapping_recorder.main:176] - [19:01:22] Redndı: False
2025-06-26 19:01:23,116 - map_video - DEBUG - [mapping_recorder.main:176] - [19:01:23] Redndı: False
2025-06-26 19:01:24,118 - map_video - DEBUG - [mapping_recorder.main:176] - [19:01:24] Redndı: False
2025-06-26 19:01:25,120 - map_video - DEBUG - [mapping_recorder.main:176] - [19:01:25] Redndı: False
2025-06-26 19:01:26,122 - map_video - DEBUG - [mapping_recorder.main:176] - [19:01:26] Redndı: False
2025-06-26 19:01:27,124 - map_video - DEBUG - [mapping_recorder.main:176] - [19:01:27] Redndı: False
2025-06-26 19:01:28,126 - map_video - DEBUG - [mapping_recorder.main:176] - [19:01:28] Redndı: False
2025-06-26 19:01:29,127 - map_video - DEBUG - [mapping_recorder.main:176] - [19:01:29] Redndı: False
2025-06-26 19:01:30,129 - map_video - DEBUG - [mapping_recorder.main:176] - [19:01:30] Redndı: False
2025-06-26 19:01:31,130 - map_video - DEBUG - [mapping_recorder.main:176] - [19:01:31] Redndı: False
2025-06-26 19:01:32,132 - map_video - DEBUG - [mapping_recorder.main:176] - [19:01:32] Redndı: False
2025-06-26 19:01:33,134 - map_video - DEBUG - [mapping_recorder.main:176] - [19:01:33] Redndı: False
2025-06-26 19:01:34,136 - map_video - DEBUG - [mapping_recorder.main:176] - [19:01:34] Redndı: False
2025-06-26 19:01:35,137 - map_video - DEBUG - [mapping_recorder.main:176] - [19:01:35] Redndı: False
2025-06-26 19:01:36,139 - map_video - DEBUG - [mapping_recorder.main:176] - [19:01:36] Redndı: False
2025-06-26 19:01:37,141 - map_video - DEBUG - [mapping_recorder.main:176] - [19:01:37] Redndı: False
2025-06-26 19:01:38,143 - map_video - DEBUG - [mapping_recorder.main:176] - [19:01:38] Redndı: False
2025-06-26 19:01:39,145 - map_video - DEBUG - [mapping_recorder.main:176] - [19:01:39] Redndı: False
2025-06-26 19:01:40,147 - map_video - DEBUG - [mapping_recorder.main:176] - [19:01:40] Redndı: False
2025-06-26 19:01:41,148 - map_video - DEBUG - [mapping_recorder.main:176] - [19:01:41] Redndı: False
2025-06-26 19:01:42,150 - map_video - DEBUG - [mapping_recorder.main:176] - [19:01:42] Redndı: False
2025-06-26 19:01:43,152 - map_video - DEBUG - [mapping_recorder.main:176] - [19:01:43] Redndı: False
2025-06-26 19:01:44,153 - map_video - DEBUG - [mapping_recorder.main:176] - [19:01:44] Redndı: False
2025-06-26 19:01:45,155 - map_video - DEBUG - [mapping_recorder.main:176] - [19:01:45] Redndı: False
2025-06-26 19:01:46,157 - map_video - DEBUG - [mapping_recorder.main:176] - [19:01:46] Redndı: False
2025-06-26 19:01:47,159 - map_video - DEBUG - [mapping_recorder.main:176] - [19:01:47] Redndı: False
2025-06-26 19:01:48,161 - map_video - DEBUG - [mapping_recorder.main:176] - [19:01:48] Redndı: False
2025-06-26 19:01:49,163 - map_video - DEBUG - [mapping_recorder.main:176] - [19:01:49] Redndı: False
2025-06-26 19:01:50,165 - map_video - DEBUG - [mapping_recorder.main:176] - [19:01:50] Redndı: False
2025-06-26 19:01:51,167 - map_video - DEBUG - [mapping_recorder.main:176] - [19:01:51] Redndı: False
2025-06-26 19:01:52,168 - map_video - DEBUG - [mapping_recorder.main:176] - [19:01:52] Redndı: False
2025-06-26 19:01:53,170 - map_video - DEBUG - [mapping_recorder.main:176] - [19:01:53] Redndı: False
2025-06-26 19:01:54,172 - map_video - DEBUG - [mapping_recorder.main:176] - [19:01:54] Redndı: False
2025-06-26 19:01:55,173 - map_video - DEBUG - [mapping_recorder.main:176] - [19:01:55] Redndı: False
2025-06-26 19:01:56,174 - map_video - DEBUG - [mapping_recorder.main:176] - [19:01:56] Redndı: False
2025-06-26 19:01:57,176 - map_video - DEBUG - [mapping_recorder.main:176] - [19:01:57] Redndı: False
2025-06-26 19:01:58,178 - map_video - DEBUG - [mapping_recorder.main:176] - [19:01:58] Redndı: False
2025-06-26 19:01:59,180 - map_video - DEBUG - [mapping_recorder.main:176] - [19:01:59] Redndı: False
2025-06-26 19:02:00,181 - map_video - DEBUG - [mapping_recorder.main:176] - [19:02:00] Redndı: False
2025-06-26 19:02:01,183 - map_video - DEBUG - [mapping_recorder.main:176] - [19:02:01] Redndı: False
2025-06-26 19:02:02,185 - map_video - DEBUG - [mapping_recorder.main:176] - [19:02:02] Redndı: False
2025-06-26 19:02:03,187 - map_video - DEBUG - [mapping_recorder.main:176] - [19:02:03] Redndı: False
2025-06-26 19:02:04,188 - map_video - DEBUG - [mapping_recorder.main:176] - [19:02:04] Redndı: False
2025-06-26 19:02:05,190 - map_video - DEBUG - [mapping_recorder.main:176] - [19:02:05] Redndı: False
2025-06-26 19:02:06,191 - map_video - DEBUG - [mapping_recorder.main:176] - [19:02:06] Redndı: False
2025-06-26 19:02:07,193 - map_video - DEBUG - [mapping_recorder.main:176] - [19:02:07] Redndı: False
2025-06-26 19:02:08,195 - map_video - DEBUG - [mapping_recorder.main:176] - [19:02:08] Redndı: False
2025-06-26 19:02:09,197 - map_video - DEBUG - [mapping_recorder.main:176] - [19:02:09] Redndı: False
2025-06-26 19:02:10,199 - map_video - DEBUG - [mapping_recorder.main:176] - [19:02:10] Redndı: False
2025-06-26 19:02:11,200 - map_video - DEBUG - [mapping_recorder.main:176] - [19:02:11] Redndı: False
2025-06-26 19:02:12,202 - map_video - DEBUG - [mapping_recorder.main:176] - [19:02:12] Redndı: False
2025-06-26 19:02:13,204 - map_video - DEBUG - [mapping_recorder.main:176] - [19:02:13] Redndı: False
2025-06-26 19:02:14,205 - map_video - DEBUG - [mapping_recorder.main:176] - [19:02:14] Redndı: False
2025-06-26 19:02:15,207 - map_video - DEBUG - [mapping_recorder.main:176] - [19:02:15] Redndı: False
2025-06-26 19:02:16,208 - map_video - DEBUG - [mapping_recorder.main:176] - [19:02:16] Redndı: False
2025-06-26 19:02:17,210 - map_video - DEBUG - [mapping_recorder.main:176] - [19:02:17] Redndı: False
2025-06-26 19:02:18,212 - map_video - DEBUG - [mapping_recorder.main:176] - [19:02:18] Redndı: False
2025-06-26 19:02:19,213 - map_video - DEBUG - [mapping_recorder.main:176] - [19:02:19] Redndı: False
2025-06-26 19:02:20,215 - map_video - DEBUG - [mapping_recorder.main:176] - [19:02:20] Redndı: False
2025-06-26 19:02:21,217 - map_video - DEBUG - [mapping_recorder.main:176] - [19:02:21] Redndı: False
2025-06-26 19:02:22,219 - map_video - DEBUG - [mapping_recorder.main:176] - [19:02:22] Redndı: False
2025-06-26 19:02:23,220 - map_video - DEBUG - [mapping_recorder.main:176] - [19:02:23] Redndı: False
2025-06-26 19:02:24,222 - map_video - DEBUG - [mapping_recorder.main:176] - [19:02:24] Redndı: False
2025-06-26 19:02:25,224 - map_video - DEBUG - [mapping_recorder.main:176] - [19:02:25] Redndı: False
2025-06-26 19:02:26,225 - map_video - DEBUG - [mapping_recorder.main:176] - [19:02:26] Redndı: False
2025-06-26 19:02:27,227 - map_video - DEBUG - [mapping_recorder.main:176] - [19:02:27] Redndı: False
2025-06-26 19:02:28,228 - map_video - DEBUG - [mapping_recorder.main:176] - [19:02:28] Redndı: False
2025-06-26 19:02:29,230 - map_video - DEBUG - [mapping_recorder.main:176] - [19:02:29] Redndı: False
2025-06-26 19:02:30,232 - map_video - DEBUG - [mapping_recorder.main:176] - [19:02:30] Redndı: False
2025-06-26 19:02:31,233 - map_video - DEBUG - [mapping_recorder.main:176] - [19:02:31] Redndı: False
2025-06-26 19:02:32,235 - map_video - DEBUG - [mapping_recorder.main:176] - [19:02:32] Redndı: False
2025-06-26 19:02:33,236 - map_video - DEBUG - [mapping_recorder.main:176] - [19:02:33] Redndı: False
2025-06-26 19:02:34,238 - map_video - DEBUG - [mapping_recorder.main:176] - [19:02:34] Redndı: False
2025-06-26 19:02:35,239 - map_video - DEBUG - [mapping_recorder.main:176] - [19:02:35] Redndı: False
2025-06-26 19:02:36,241 - map_video - DEBUG - [mapping_recorder.main:176] - [19:02:36] Redndı: False
2025-06-26 19:02:37,243 - map_video - DEBUG - [mapping_recorder.main:176] - [19:02:37] Redndı: False
2025-06-26 19:02:38,245 - map_video - DEBUG - [mapping_recorder.main:176] - [19:02:38] Redndı: False
2025-06-26 19:02:39,247 - map_video - DEBUG - [mapping_recorder.main:176] - [19:02:39] Redndı: False
2025-06-26 19:02:40,248 - map_video - DEBUG - [mapping_recorder.main:176] - [19:02:40] Redndı: False
2025-06-26 19:02:41,250 - map_video - DEBUG - [mapping_recorder.main:176] - [19:02:41] Redndı: False
2025-06-26 19:02:42,252 - map_video - DEBUG - [mapping_recorder.main:176] - [19:02:42] Redndı: False
2025-06-26 19:02:43,253 - map_video - DEBUG - [mapping_recorder.main:176] - [19:02:43] Redndı: False
2025-06-26 19:02:44,255 - map_video - DEBUG - [mapping_recorder.main:176] - [19:02:44] Redndı: False
2025-06-26 19:02:45,257 - map_video - DEBUG - [mapping_recorder.main:176] - [19:02:45] Redndı: False
2025-06-26 19:02:46,259 - map_video - DEBUG - [mapping_recorder.main:176] - [19:02:46] Redndı: False
2025-06-26 19:02:47,260 - map_video - DEBUG - [mapping_recorder.main:176] - [19:02:47] Redndı: False
2025-06-26 19:02:48,262 - map_video - DEBUG - [mapping_recorder.main:176] - [19:02:48] Redndı: False
2025-06-26 19:02:49,264 - map_video - DEBUG - [mapping_recorder.main:176] - [19:02:49] Redndı: False
2025-06-26 19:02:50,265 - map_video - DEBUG - [mapping_recorder.main:176] - [19:02:50] Redndı: False
2025-06-26 19:02:51,267 - map_video - DEBUG - [mapping_recorder.main:176] - [19:02:51] Redndı: False
2025-06-26 19:02:52,269 - map_video - DEBUG - [mapping_recorder.main:176] - [19:02:52] Redndı: False
2025-06-26 19:02:53,271 - map_video - DEBUG - [mapping_recorder.main:176] - [19:02:53] Redndı: False
2025-06-26 19:02:54,272 - map_video - DEBUG - [mapping_recorder.main:176] - [19:02:54] Redndı: False
2025-06-26 19:02:55,274 - map_video - DEBUG - [mapping_recorder.main:176] - [19:02:55] Redndı: False
2025-06-26 19:02:56,276 - map_video - DEBUG - [mapping_recorder.main:176] - [19:02:56] Redndı: False
2025-06-26 19:02:57,278 - map_video - DEBUG - [mapping_recorder.main:176] - [19:02:57] Redndı: False
2025-06-26 19:02:58,279 - map_video - DEBUG - [mapping_recorder.main:176] - [19:02:58] Redndı: False
2025-06-26 19:02:59,281 - map_video - DEBUG - [mapping_recorder.main:176] - [19:02:59] Redndı: False
2025-06-26 19:03:00,283 - map_video - DEBUG - [mapping_recorder.main:176] - [19:03:00] Redndı: False
2025-06-26 19:03:01,285 - map_video - DEBUG - [mapping_recorder.main:176] - [19:03:01] Redndı: False
2025-06-26 19:03:02,287 - map_video - DEBUG - [mapping_recorder.main:176] - [19:03:02] Redndı: False
2025-06-26 19:03:03,289 - map_video - DEBUG - [mapping_recorder.main:176] - [19:03:03] Redndı: False
2025-06-26 19:03:04,291 - map_video - DEBUG - [mapping_recorder.main:176] - [19:03:04] Redndı: False
2025-06-26 19:03:05,293 - map_video - DEBUG - [mapping_recorder.main:176] - [19:03:05] Redndı: False
2025-06-26 19:03:06,294 - map_video - DEBUG - [mapping_recorder.main:176] - [19:03:06] Redndı: False
2025-06-26 19:03:07,296 - map_video - DEBUG - [mapping_recorder.main:176] - [19:03:07] Redndı: False
2025-06-26 19:03:08,297 - map_video - DEBUG - [mapping_recorder.main:176] - [19:03:08] Redndı: False
2025-06-26 19:03:09,299 - map_video - DEBUG - [mapping_recorder.main:176] - [19:03:09] Redndı: False
2025-06-26 19:03:10,301 - map_video - DEBUG - [mapping_recorder.main:176] - [19:03:10] Redndı: False
2025-06-26 19:03:11,303 - map_video - DEBUG - [mapping_recorder.main:176] - [19:03:11] Redndı: False
2025-06-26 19:03:12,304 - map_video - DEBUG - [mapping_recorder.main:176] - [19:03:12] Redndı: False
2025-06-26 19:03:13,306 - map_video - DEBUG - [mapping_recorder.main:176] - [19:03:13] Redndı: False
2025-06-26 19:03:14,308 - map_video - DEBUG - [mapping_recorder.main:176] - [19:03:14] Redndı: False
2025-06-26 19:03:15,310 - map_video - DEBUG - [mapping_recorder.main:176] - [19:03:15] Redndı: False
2025-06-26 19:03:16,312 - map_video - DEBUG - [mapping_recorder.main:176] - [19:03:16] Redndı: False
2025-06-26 19:03:17,314 - map_video - DEBUG - [mapping_recorder.main:176] - [19:03:17] Redndı: False
2025-06-26 19:03:18,316 - map_video - DEBUG - [mapping_recorder.main:176] - [19:03:18] Redndı: False
2025-06-26 19:03:19,317 - map_video - DEBUG - [mapping_recorder.main:176] - [19:03:19] Redndı: False
2025-06-26 19:03:20,319 - map_video - DEBUG - [mapping_recorder.main:176] - [19:03:20] Redndı: False
2025-06-26 19:03:21,321 - map_video - DEBUG - [mapping_recorder.main:176] - [19:03:21] Redndı: False
2025-06-26 19:03:22,323 - map_video - DEBUG - [mapping_recorder.main:176] - [19:03:22] Redndı: False
2025-06-26 19:03:23,324 - map_video - DEBUG - [mapping_recorder.main:176] - [19:03:23] Redndı: False
2025-06-26 19:03:24,326 - map_video - DEBUG - [mapping_recorder.main:176] - [19:03:24] Redndı: False
2025-06-26 19:03:25,328 - map_video - DEBUG - [mapping_recorder.main:176] - [19:03:25] Redndı: False
2025-06-26 19:03:26,329 - map_video - DEBUG - [mapping_recorder.main:176] - [19:03:26] Redndı: False
2025-06-26 19:03:27,331 - map_video - DEBUG - [mapping_recorder.main:176] - [19:03:27] Redndı: False
2025-06-26 19:03:28,333 - map_video - DEBUG - [mapping_recorder.main:176] - [19:03:28] Redndı: False
2025-06-26 19:03:29,335 - map_video - DEBUG - [mapping_recorder.main:176] - [19:03:29] Redndı: False
2025-06-26 19:03:30,337 - map_video - DEBUG - [mapping_recorder.main:176] - [19:03:30] Redndı: False
2025-06-26 19:03:31,339 - map_video - DEBUG - [mapping_recorder.main:176] - [19:03:31] Redndı: False
2025-06-26 19:03:32,341 - map_video - DEBUG - [mapping_recorder.main:176] - [19:03:32] Redndı: False
2025-06-26 19:03:33,342 - map_video - DEBUG - [mapping_recorder.main:176] - [19:03:33] Redndı: False
2025-06-26 19:03:34,344 - map_video - DEBUG - [mapping_recorder.main:176] - [19:03:34] Redndı: False
2025-06-26 19:03:35,346 - map_video - DEBUG - [mapping_recorder.main:176] - [19:03:35] Redndı: False
2025-06-26 19:03:36,348 - map_video - DEBUG - [mapping_recorder.main:176] - [19:03:36] Redndı: False
2025-06-26 19:03:37,350 - map_video - DEBUG - [mapping_recorder.main:176] - [19:03:37] Redndı: False
2025-06-26 19:03:38,352 - map_video - DEBUG - [mapping_recorder.main:176] - [19:03:38] Redndı: False
2025-06-26 19:03:39,353 - map_video - DEBUG - [mapping_recorder.main:176] - [19:03:39] Redndı: False
2025-06-26 19:03:40,355 - map_video - DEBUG - [mapping_recorder.main:176] - [19:03:40] Redndı: False
2025-06-26 19:03:41,356 - map_video - DEBUG - [mapping_recorder.main:176] - [19:03:41] Redndı: False
2025-06-26 19:03:42,358 - map_video - DEBUG - [mapping_recorder.main:176] - [19:03:42] Redndı: False
2025-06-26 19:03:43,359 - map_video - DEBUG - [mapping_recorder.main:176] - [19:03:43] Redndı: False
2025-06-26 19:03:44,360 - map_video - DEBUG - [mapping_recorder.main:176] - [19:03:44] Redndı: False
2025-06-26 19:03:45,362 - map_video - DEBUG - [mapping_recorder.main:176] - [19:03:45] Redndı: False
2025-06-26 19:03:46,364 - map_video - DEBUG - [mapping_recorder.main:176] - [19:03:46] Redndı: False
2025-06-26 19:03:47,365 - map_video - DEBUG - [mapping_recorder.main:176] - [19:03:47] Redndı: False
2025-06-26 19:03:48,367 - map_video - DEBUG - [mapping_recorder.main:176] - [19:03:48] Redndı: False
2025-06-26 19:03:49,369 - map_video - DEBUG - [mapping_recorder.main:176] - [19:03:49] Redndı: False
2025-06-26 19:03:50,371 - map_video - DEBUG - [mapping_recorder.main:176] - [19:03:50] Redndı: False
2025-06-26 19:03:51,372 - map_video - DEBUG - [mapping_recorder.main:176] - [19:03:51] Redndı: False
2025-06-26 19:03:52,374 - map_video - DEBUG - [mapping_recorder.main:176] - [19:03:52] Redndı: False
2025-06-26 19:03:53,376 - map_video - DEBUG - [mapping_recorder.main:176] - [19:03:53] Redndı: False
2025-06-26 19:03:54,377 - map_video - DEBUG - [mapping_recorder.main:176] - [19:03:54] Redndı: False
2025-06-26 19:03:55,379 - map_video - DEBUG - [mapping_recorder.main:176] - [19:03:55] Redndı: False
2025-06-26 19:03:56,381 - map_video - DEBUG - [mapping_recorder.main:176] - [19:03:56] Redndı: False
2025-06-26 19:03:57,383 - map_video - DEBUG - [mapping_recorder.main:176] - [19:03:57] Redndı: False
2025-06-26 19:03:58,384 - map_video - DEBUG - [mapping_recorder.main:176] - [19:03:58] Redndı: False
2025-06-26 19:03:59,386 - map_video - DEBUG - [mapping_recorder.main:176] - [19:03:59] Redndı: False
2025-06-26 19:04:00,387 - map_video - DEBUG - [mapping_recorder.main:176] - [19:04:00] Redndı: False
2025-06-26 19:04:01,389 - map_video - DEBUG - [mapping_recorder.main:176] - [19:04:01] Redndı: False
2025-06-26 19:04:02,391 - map_video - DEBUG - [mapping_recorder.main:176] - [19:04:02] Redndı: False
2025-06-26 19:04:03,393 - map_video - DEBUG - [mapping_recorder.main:176] - [19:04:03] Redndı: False
2025-06-26 19:04:04,395 - map_video - DEBUG - [mapping_recorder.main:176] - [19:04:04] Redndı: False
2025-06-26 19:04:05,396 - map_video - DEBUG - [mapping_recorder.main:176] - [19:04:05] Redndı: False
2025-06-26 19:04:06,398 - map_video - DEBUG - [mapping_recorder.main:176] - [19:04:06] Redndı: False
2025-06-26 19:04:07,400 - map_video - DEBUG - [mapping_recorder.main:176] - [19:04:07] Redndı: False
2025-06-26 19:04:08,401 - map_video - DEBUG - [mapping_recorder.main:176] - [19:04:08] Redndı: False
2025-06-26 19:04:09,403 - map_video - DEBUG - [mapping_recorder.main:176] - [19:04:09] Redndı: False
2025-06-26 19:04:10,405 - map_video - DEBUG - [mapping_recorder.main:176] - [19:04:10] Redndı: False
2025-06-26 19:04:11,407 - map_video - DEBUG - [mapping_recorder.main:176] - [19:04:11] Redndı: False
2025-06-26 19:04:12,408 - map_video - DEBUG - [mapping_recorder.main:176] - [19:04:12] Redndı: False
2025-06-26 19:04:13,410 - map_video - DEBUG - [mapping_recorder.main:176] - [19:04:13] Redndı: False
2025-06-26 19:04:14,412 - map_video - DEBUG - [mapping_recorder.main:176] - [19:04:14] Redndı: False
2025-06-26 19:04:15,413 - map_video - DEBUG - [mapping_recorder.main:176] - [19:04:15] Redndı: False
2025-06-26 19:04:16,414 - map_video - DEBUG - [mapping_recorder.main:176] - [19:04:16] Redndı: False
2025-06-26 19:04:17,416 - map_video - DEBUG - [mapping_recorder.main:176] - [19:04:17] Redndı: False
2025-06-26 19:04:18,418 - map_video - DEBUG - [mapping_recorder.main:176] - [19:04:18] Redndı: False
2025-06-26 19:04:19,420 - map_video - DEBUG - [mapping_recorder.main:176] - [19:04:19] Redndı: False
2025-06-26 19:04:20,421 - map_video - DEBUG - [mapping_recorder.main:176] - [19:04:20] Redndı: False
2025-06-26 19:04:21,423 - map_video - DEBUG - [mapping_recorder.main:176] - [19:04:21] Redndı: False
2025-06-26 19:04:22,425 - map_video - DEBUG - [mapping_recorder.main:176] - [19:04:22] Redndı: False
2025-06-26 19:04:23,427 - map_video - DEBUG - [mapping_recorder.main:176] - [19:04:23] Redndı: False
2025-06-26 19:04:24,428 - map_video - DEBUG - [mapping_recorder.main:176] - [19:04:24] Redndı: False
2025-06-26 19:04:25,430 - map_video - DEBUG - [mapping_recorder.main:176] - [19:04:25] Redndı: False
2025-06-26 19:04:26,432 - map_video - DEBUG - [mapping_recorder.main:176] - [19:04:26] Redndı: False
2025-06-26 19:04:27,433 - map_video - DEBUG - [mapping_recorder.main:176] - [19:04:27] Redndı: False
2025-06-26 19:04:28,435 - map_video - DEBUG - [mapping_recorder.main:176] - [19:04:28] Redndı: False
2025-06-26 19:04:29,437 - map_video - DEBUG - [mapping_recorder.main:176] - [19:04:29] Redndı: False
2025-06-26 19:04:30,439 - map_video - DEBUG - [mapping_recorder.main:176] - [19:04:30] Redndı: False
2025-06-26 19:04:31,440 - map_video - DEBUG - [mapping_recorder.main:176] - [19:04:31] Redndı: False
2025-06-26 19:04:32,442 - map_video - DEBUG - [mapping_recorder.main:176] - [19:04:32] Redndı: False
2025-06-26 19:04:33,444 - map_video - DEBUG - [mapping_recorder.main:176] - [19:04:33] Redndı: False
2025-06-26 19:04:34,445 - map_video - DEBUG - [mapping_recorder.main:176] - [19:04:34] Redndı: False
2025-06-26 19:04:35,447 - map_video - DEBUG - [mapping_recorder.main:176] - [19:04:35] Redndı: False
2025-06-26 19:04:36,448 - map_video - DEBUG - [mapping_recorder.main:176] - [19:04:36] Redndı: False
2025-06-26 19:04:37,450 - map_video - DEBUG - [mapping_recorder.main:176] - [19:04:37] Redndı: False
2025-06-26 19:04:38,452 - map_video - DEBUG - [mapping_recorder.main:176] - [19:04:38] Redndı: False
2025-06-26 19:04:39,454 - map_video - DEBUG - [mapping_recorder.main:176] - [19:04:39] Redndı: False
2025-06-26 19:04:40,456 - map_video - DEBUG - [mapping_recorder.main:176] - [19:04:40] Redndı: False
2025-06-26 19:04:41,457 - map_video - DEBUG - [mapping_recorder.main:176] - [19:04:41] Redndı: False
2025-06-26 19:04:42,459 - map_video - DEBUG - [mapping_recorder.main:176] - [19:04:42] Redndı: False
2025-06-26 19:04:43,461 - map_video - DEBUG - [mapping_recorder.main:176] - [19:04:43] Redndı: False
2025-06-26 19:04:44,463 - map_video - DEBUG - [mapping_recorder.main:176] - [19:04:44] Redndı: False
2025-06-26 19:04:45,465 - map_video - DEBUG - [mapping_recorder.main:176] - [19:04:45] Redndı: False
2025-06-26 19:04:46,467 - map_video - DEBUG - [mapping_recorder.main:176] - [19:04:46] Redndı: False
2025-06-26 19:04:47,468 - map_video - DEBUG - [mapping_recorder.main:176] - [19:04:47] Redndı: False
2025-06-26 19:04:48,470 - map_video - DEBUG - [mapping_recorder.main:176] - [19:04:48] Redndı: False
2025-06-26 19:04:49,471 - map_video - DEBUG - [mapping_recorder.main:176] - [19:04:49] Redndı: False
2025-06-26 19:04:50,473 - map_video - DEBUG - [mapping_recorder.main:176] - [19:04:50] Redndı: False
2025-06-26 19:04:51,475 - map_video - DEBUG - [mapping_recorder.main:176] - [19:04:51] Redndı: False
2025-06-26 19:04:52,477 - map_video - DEBUG - [mapping_recorder.main:176] - [19:04:52] Redndı: False
2025-06-26 19:04:53,478 - map_video - DEBUG - [mapping_recorder.main:176] - [19:04:53] Redndı: False
2025-06-26 19:04:54,480 - map_video - DEBUG - [mapping_recorder.main:176] - [19:04:54] Redndı: False
2025-06-26 19:04:55,482 - map_video - DEBUG - [mapping_recorder.main:176] - [19:04:55] Redndı: False
2025-06-26 19:04:56,484 - map_video - DEBUG - [mapping_recorder.main:176] - [19:04:56] Redndı: False
2025-06-26 19:04:57,485 - map_video - DEBUG - [mapping_recorder.main:176] - [19:04:57] Redndı: False
2025-06-26 19:04:58,487 - map_video - DEBUG - [mapping_recorder.main:176] - [19:04:58] Redndı: False
2025-06-26 19:04:59,489 - map_video - DEBUG - [mapping_recorder.main:176] - [19:04:59] Redndı: False
2025-06-26 19:05:00,491 - map_video - DEBUG - [mapping_recorder.main:176] - [19:05:00] Redndı: False
2025-06-26 19:05:01,492 - map_video - DEBUG - [mapping_recorder.main:176] - [19:05:01] Redndı: False
2025-06-26 19:05:02,494 - map_video - DEBUG - [mapping_recorder.main:176] - [19:05:02] Redndı: False
2025-06-26 19:05:03,496 - map_video - DEBUG - [mapping_recorder.main:176] - [19:05:03] Redndı: False
2025-06-26 19:05:04,497 - map_video - DEBUG - [mapping_recorder.main:176] - [19:05:04] Redndı: False
2025-06-26 19:05:05,499 - map_video - DEBUG - [mapping_recorder.main:176] - [19:05:05] Redndı: False
2025-06-26 19:05:06,501 - map_video - DEBUG - [mapping_recorder.main:176] - [19:05:06] Redndı: False
2025-06-26 19:05:07,503 - map_video - DEBUG - [mapping_recorder.main:176] - [19:05:07] Redndı: False
2025-06-26 19:05:08,504 - map_video - DEBUG - [mapping_recorder.main:176] - [19:05:08] Redndı: False
2025-06-26 19:05:09,506 - map_video - DEBUG - [mapping_recorder.main:176] - [19:05:09] Redndı: False
2025-06-26 19:05:10,508 - map_video - DEBUG - [mapping_recorder.main:176] - [19:05:10] Redndı: False
2025-06-26 19:05:11,509 - map_video - DEBUG - [mapping_recorder.main:176] - [19:05:11] Redndı: False
2025-06-26 19:05:12,511 - map_video - DEBUG - [mapping_recorder.main:176] - [19:05:12] Redndı: False
2025-06-26 19:05:13,513 - map_video - DEBUG - [mapping_recorder.main:176] - [19:05:13] Redndı: False
2025-06-26 19:05:14,515 - map_video - DEBUG - [mapping_recorder.main:176] - [19:05:14] Redndı: False
2025-06-26 19:05:15,516 - map_video - DEBUG - [mapping_recorder.main:176] - [19:05:15] Redndı: False
2025-06-26 19:05:16,518 - map_video - DEBUG - [mapping_recorder.main:176] - [19:05:16] Redndı: False
2025-06-26 19:05:17,519 - map_video - DEBUG - [mapping_recorder.main:176] - [19:05:17] Redndı: False
2025-06-26 19:05:18,521 - map_video - DEBUG - [mapping_recorder.main:176] - [19:05:18] Redndı: False
2025-06-26 19:05:19,523 - map_video - DEBUG - [mapping_recorder.main:176] - [19:05:19] Redndı: False
2025-06-26 19:05:20,525 - map_video - DEBUG - [mapping_recorder.main:176] - [19:05:20] Redndı: False
2025-06-26 19:05:21,527 - map_video - DEBUG - [mapping_recorder.main:176] - [19:05:21] Redndı: False
2025-06-26 19:05:22,528 - map_video - DEBUG - [mapping_recorder.main:176] - [19:05:22] Redndı: False
2025-06-26 19:05:23,530 - map_video - DEBUG - [mapping_recorder.main:176] - [19:05:23] Redndı: False
2025-06-26 19:05:24,531 - map_video - DEBUG - [mapping_recorder.main:176] - [19:05:24] Redndı: False
2025-06-26 19:05:25,533 - map_video - DEBUG - [mapping_recorder.main:176] - [19:05:25] Redndı: False
2025-06-26 19:05:26,535 - map_video - DEBUG - [mapping_recorder.main:176] - [19:05:26] Redndı: False
2025-06-26 19:05:27,537 - map_video - DEBUG - [mapping_recorder.main:176] - [19:05:27] Redndı: False
2025-06-26 19:05:28,539 - map_video - DEBUG - [mapping_recorder.main:176] - [19:05:28] Redndı: False
2025-06-26 19:05:29,541 - map_video - DEBUG - [mapping_recorder.main:176] - [19:05:29] Redndı: False
2025-06-26 19:05:30,542 - map_video - DEBUG - [mapping_recorder.main:176] - [19:05:30] Redndı: False
2025-06-26 19:05:31,544 - map_video - DEBUG - [mapping_recorder.main:176] - [19:05:31] Redndı: False
2025-06-26 19:05:32,546 - map_video - DEBUG - [mapping_recorder.main:176] - [19:05:32] Redndı: False
2025-06-26 19:05:33,548 - map_video - DEBUG - [mapping_recorder.main:176] - [19:05:33] Redndı: False
2025-06-26 19:05:34,549 - map_video - DEBUG - [mapping_recorder.main:176] - [19:05:34] Redndı: False
2025-06-26 19:05:35,551 - map_video - DEBUG - [mapping_recorder.main:176] - [19:05:35] Redndı: False
2025-06-26 19:05:36,553 - map_video - DEBUG - [mapping_recorder.main:176] - [19:05:36] Redndı: False
2025-06-26 19:05:37,555 - map_video - DEBUG - [mapping_recorder.main:176] - [19:05:37] Redndı: False
2025-06-26 19:05:38,556 - map_video - DEBUG - [mapping_recorder.main:176] - [19:05:38] Redndı: False
2025-06-26 19:05:39,558 - map_video - DEBUG - [mapping_recorder.main:176] - [19:05:39] Redndı: False
2025-06-26 19:05:40,559 - map_video - DEBUG - [mapping_recorder.main:176] - [19:05:40] Redndı: False
2025-06-26 19:05:41,561 - map_video - DEBUG - [mapping_recorder.main:176] - [19:05:41] Redndı: False
2025-06-26 19:05:42,563 - map_video - DEBUG - [mapping_recorder.main:176] - [19:05:42] Redndı: False
2025-06-26 19:05:43,565 - map_video - DEBUG - [mapping_recorder.main:176] - [19:05:43] Redndı: False
2025-06-26 19:05:44,567 - map_video - DEBUG - [mapping_recorder.main:176] - [19:05:44] Redndı: False
2025-06-26 19:05:45,568 - map_video - DEBUG - [mapping_recorder.main:176] - [19:05:45] Redndı: False
2025-06-26 19:05:46,570 - map_video - DEBUG - [mapping_recorder.main:176] - [19:05:46] Redndı: False
2025-06-26 19:05:47,572 - map_video - DEBUG - [mapping_recorder.main:176] - [19:05:47] Redndı: False
2025-06-26 19:05:48,573 - map_video - DEBUG - [mapping_recorder.main:176] - [19:05:48] Redndı: False
2025-06-26 19:05:49,575 - map_video - DEBUG - [mapping_recorder.main:176] - [19:05:49] Redndı: False
2025-06-26 19:05:50,577 - map_video - DEBUG - [mapping_recorder.main:176] - [19:05:50] Redndı: False
2025-06-26 19:05:51,579 - map_video - DEBUG - [mapping_recorder.main:176] - [19:05:51] Redndı: False
2025-06-26 19:05:52,580 - map_video - DEBUG - [mapping_recorder.main:176] - [19:05:52] Redndı: False
2025-06-26 19:05:53,582 - map_video - DEBUG - [mapping_recorder.main:176] - [19:05:53] Redndı: False
2025-06-26 19:05:54,584 - map_video - DEBUG - [mapping_recorder.main:176] - [19:05:54] Redndı: False
2025-06-26 19:05:55,585 - map_video - DEBUG - [mapping_recorder.main:176] - [19:05:55] Redndı: False
2025-06-26 19:05:56,587 - map_video - DEBUG - [mapping_recorder.main:176] - [19:05:56] Redndı: False
2025-06-26 19:05:57,589 - map_video - DEBUG - [mapping_recorder.main:176] - [19:05:57] Redndı: False
2025-06-26 19:05:58,591 - map_video - DEBUG - [mapping_recorder.main:176] - [19:05:58] Redndı: False
2025-06-26 19:05:59,592 - map_video - DEBUG - [mapping_recorder.main:176] - [19:05:59] Redndı: False
2025-06-26 19:06:00,594 - map_video - DEBUG - [mapping_recorder.main:176] - [19:06:00] Redndı: False
2025-06-26 19:06:01,596 - map_video - DEBUG - [mapping_recorder.main:176] - [19:06:01] Redndı: False
2025-06-26 19:06:02,597 - map_video - DEBUG - [mapping_recorder.main:176] - [19:06:02] Redndı: False
2025-06-26 19:06:03,599 - map_video - DEBUG - [mapping_recorder.main:176] - [19:06:03] Redndı: False
2025-06-26 19:06:04,601 - map_video - DEBUG - [mapping_recorder.main:176] - [19:06:04] Redndı: False
2025-06-26 19:06:05,603 - map_video - DEBUG - [mapping_recorder.main:176] - [19:06:05] Redndı: False
2025-06-26 19:06:06,604 - map_video - DEBUG - [mapping_recorder.main:176] - [19:06:06] Redndı: False
2025-06-26 19:06:07,606 - map_video - DEBUG - [mapping_recorder.main:176] - [19:06:07] Redndı: False
2025-06-26 19:06:08,608 - map_video - DEBUG - [mapping_recorder.main:176] - [19:06:08] Redndı: False
2025-06-26 19:06:09,609 - map_video - DEBUG - [mapping_recorder.main:176] - [19:06:09] Redndı: False
2025-06-26 19:06:10,611 - map_video - DEBUG - [mapping_recorder.main:176] - [19:06:10] Redndı: False
2025-06-26 19:06:11,613 - map_video - DEBUG - [mapping_recorder.main:176] - [19:06:11] Redndı: False
2025-06-26 19:06:12,615 - map_video - DEBUG - [mapping_recorder.main:176] - [19:06:12] Redndı: False
2025-06-26 19:06:13,616 - map_video - DEBUG - [mapping_recorder.main:176] - [19:06:13] Redndı: False
2025-06-26 19:06:14,617 - map_video - DEBUG - [mapping_recorder.main:176] - [19:06:14] Redndı: False
2025-06-26 19:06:15,619 - map_video - DEBUG - [mapping_recorder.main:176] - [19:06:15] Redndı: False
2025-06-26 19:06:16,620 - map_video - DEBUG - [mapping_recorder.main:176] - [19:06:16] Redndı: False
2025-06-26 19:06:17,622 - map_video - DEBUG - [mapping_recorder.main:176] - [19:06:17] Redndı: False
2025-06-26 19:06:18,624 - map_video - DEBUG - [mapping_recorder.main:176] - [19:06:18] Redndı: False
2025-06-26 19:06:19,625 - map_video - DEBUG - [mapping_recorder.main:176] - [19:06:19] Redndı: False
2025-06-26 19:06:20,626 - map_video - DEBUG - [mapping_recorder.main:176] - [19:06:20] Redndı: False
2025-06-26 19:06:21,628 - map_video - DEBUG - [mapping_recorder.main:176] - [19:06:21] Redndı: False
2025-06-26 19:06:22,630 - map_video - DEBUG - [mapping_recorder.main:176] - [19:06:22] Redndı: False
2025-06-26 19:06:23,632 - map_video - DEBUG - [mapping_recorder.main:176] - [19:06:23] Redndı: False
2025-06-26 19:06:24,633 - map_video - DEBUG - [mapping_recorder.main:176] - [19:06:24] Redndı: False
2025-06-26 19:06:25,635 - map_video - DEBUG - [mapping_recorder.main:176] - [19:06:25] Redndı: False
2025-06-26 19:06:26,637 - map_video - DEBUG - [mapping_recorder.main:176] - [19:06:26] Redndı: False
2025-06-26 19:06:27,639 - map_video - DEBUG - [mapping_recorder.main:176] - [19:06:27] Redndı: False
2025-06-26 19:06:28,640 - map_video - DEBUG - [mapping_recorder.main:176] - [19:06:28] Redndı: False
2025-06-26 19:06:29,642 - map_video - DEBUG - [mapping_recorder.main:176] - [19:06:29] Redndı: False
2025-06-26 19:06:30,643 - map_video - DEBUG - [mapping_recorder.main:176] - [19:06:30] Redndı: False
2025-06-26 19:06:31,645 - map_video - DEBUG - [mapping_recorder.main:176] - [19:06:31] Redndı: False
2025-06-26 19:06:32,647 - map_video - DEBUG - [mapping_recorder.main:176] - [19:06:32] Redndı: False
2025-06-26 19:06:33,649 - map_video - DEBUG - [mapping_recorder.main:176] - [19:06:33] Redndı: False
2025-06-26 19:06:34,651 - map_video - DEBUG - [mapping_recorder.main:176] - [19:06:34] Redndı: False
2025-06-26 19:06:35,652 - map_video - DEBUG - [mapping_recorder.main:176] - [19:06:35] Redndı: False
2025-06-26 19:06:36,654 - map_video - DEBUG - [mapping_recorder.main:176] - [19:06:36] Redndı: False
2025-06-26 19:06:37,655 - map_video - DEBUG - [mapping_recorder.main:176] - [19:06:37] Redndı: False
2025-06-26 19:06:38,657 - map_video - DEBUG - [mapping_recorder.main:176] - [19:06:38] Redndı: False
2025-06-26 19:06:39,659 - map_video - DEBUG - [mapping_recorder.main:176] - [19:06:39] Redndı: False
2025-06-26 19:06:40,661 - map_video - DEBUG - [mapping_recorder.main:176] - [19:06:40] Redndı: False
2025-06-26 19:06:41,663 - map_video - DEBUG - [mapping_recorder.main:176] - [19:06:41] Redndı: False
2025-06-26 19:06:42,664 - map_video - DEBUG - [mapping_recorder.main:176] - [19:06:42] Redndı: False
2025-06-26 19:06:43,666 - map_video - DEBUG - [mapping_recorder.main:176] - [19:06:43] Redndı: False
2025-06-26 19:06:44,668 - map_video - DEBUG - [mapping_recorder.main:176] - [19:06:44] Redndı: False
2025-06-26 19:06:45,669 - map_video - DEBUG - [mapping_recorder.main:176] - [19:06:45] Redndı: False
2025-06-26 19:06:46,671 - map_video - DEBUG - [mapping_recorder.main:176] - [19:06:46] Redndı: False
2025-06-26 19:06:47,673 - map_video - DEBUG - [mapping_recorder.main:176] - [19:06:47] Redndı: False
2025-06-26 19:06:48,675 - map_video - DEBUG - [mapping_recorder.main:176] - [19:06:48] Redndı: False
2025-06-26 19:06:49,677 - map_video - DEBUG - [mapping_recorder.main:176] - [19:06:49] Redndı: False
2025-06-26 19:06:50,679 - map_video - DEBUG - [mapping_recorder.main:176] - [19:06:50] Redndı: False
2025-06-26 19:06:51,680 - map_video - DEBUG - [mapping_recorder.main:176] - [19:06:51] Redndı: False
2025-06-26 19:06:52,682 - map_video - DEBUG - [mapping_recorder.main:176] - [19:06:52] Redndı: False
2025-06-26 19:06:53,684 - map_video - DEBUG - [mapping_recorder.main:176] - [19:06:53] Redndı: False
2025-06-26 19:06:54,685 - map_video - DEBUG - [mapping_recorder.main:176] - [19:06:54] Redndı: False
2025-06-26 19:06:55,687 - map_video - DEBUG - [mapping_recorder.main:176] - [19:06:55] Redndı: False
2025-06-26 19:06:56,689 - map_video - DEBUG - [mapping_recorder.main:176] - [19:06:56] Redndı: False
2025-06-26 19:06:57,691 - map_video - DEBUG - [mapping_recorder.main:176] - [19:06:57] Redndı: False
2025-06-26 19:06:58,692 - map_video - DEBUG - [mapping_recorder.main:176] - [19:06:58] Redndı: False
2025-06-26 19:06:59,694 - map_video - DEBUG - [mapping_recorder.main:176] - [19:06:59] Redndı: False
2025-06-26 19:07:00,696 - map_video - DEBUG - [mapping_recorder.main:176] - [19:07:00] Redndı: False
2025-06-26 19:07:01,697 - map_video - DEBUG - [mapping_recorder.main:176] - [19:07:01] Redndı: False
2025-06-26 19:07:02,699 - map_video - DEBUG - [mapping_recorder.main:176] - [19:07:02] Redndı: False
2025-06-26 19:07:03,701 - map_video - DEBUG - [mapping_recorder.main:176] - [19:07:03] Redndı: False
2025-06-26 19:07:04,703 - map_video - DEBUG - [mapping_recorder.main:176] - [19:07:04] Redndı: False
2025-06-26 19:07:05,704 - map_video - DEBUG - [mapping_recorder.main:176] - [19:07:05] Redndı: False
2025-06-26 19:07:06,706 - map_video - DEBUG - [mapping_recorder.main:176] - [19:07:06] Redndı: False
2025-06-26 19:07:07,707 - map_video - DEBUG - [mapping_recorder.main:176] - [19:07:07] Redndı: False
2025-06-26 19:07:08,709 - map_video - DEBUG - [mapping_recorder.main:176] - [19:07:08] Redndı: False
2025-06-26 19:07:09,711 - map_video - DEBUG - [mapping_recorder.main:176] - [19:07:09] Redndı: False
2025-06-26 19:07:10,713 - map_video - DEBUG - [mapping_recorder.main:176] - [19:07:10] Redndı: False
2025-06-26 19:07:11,715 - map_video - DEBUG - [mapping_recorder.main:176] - [19:07:11] Redndı: False
2025-06-26 19:07:12,716 - map_video - DEBUG - [mapping_recorder.main:176] - [19:07:12] Redndı: False
2025-06-26 19:07:13,718 - map_video - DEBUG - [mapping_recorder.main:176] - [19:07:13] Redndı: False
2025-06-26 19:07:14,720 - map_video - DEBUG - [mapping_recorder.main:176] - [19:07:14] Redndı: False
2025-06-26 19:07:15,721 - map_video - DEBUG - [mapping_recorder.main:176] - [19:07:15] Redndı: False
2025-06-26 19:07:16,723 - map_video - DEBUG - [mapping_recorder.main:176] - [19:07:16] Redndı: False
2025-06-26 19:07:17,725 - map_video - DEBUG - [mapping_recorder.main:176] - [19:07:17] Redndı: False
2025-06-26 19:07:18,727 - map_video - DEBUG - [mapping_recorder.main:176] - [19:07:18] Redndı: False
2025-06-26 19:07:19,728 - map_video - DEBUG - [mapping_recorder.main:176] - [19:07:19] Redndı: False
2025-06-26 19:07:20,730 - map_video - DEBUG - [mapping_recorder.main:176] - [19:07:20] Redndı: False
2025-06-26 19:07:21,731 - map_video - DEBUG - [mapping_recorder.main:176] - [19:07:21] Redndı: False
2025-06-26 19:07:22,732 - map_video - DEBUG - [mapping_recorder.main:176] - [19:07:22] Redndı: False
2025-06-26 19:07:23,734 - map_video - DEBUG - [mapping_recorder.main:176] - [19:07:23] Redndı: False
2025-06-26 19:07:24,736 - map_video - DEBUG - [mapping_recorder.main:176] - [19:07:24] Redndı: False
2025-06-26 19:07:25,738 - map_video - DEBUG - [mapping_recorder.main:176] - [19:07:25] Redndı: False
2025-06-26 19:07:26,740 - map_video - DEBUG - [mapping_recorder.main:176] - [19:07:26] Redndı: False
2025-06-26 19:07:27,741 - map_video - DEBUG - [mapping_recorder.main:176] - [19:07:27] Redndı: False
2025-06-26 19:07:28,743 - map_video - DEBUG - [mapping_recorder.main:176] - [19:07:28] Redndı: False
2025-06-26 19:07:29,745 - map_video - DEBUG - [mapping_recorder.main:176] - [19:07:29] Redndı: False
2025-06-26 19:07:30,747 - map_video - DEBUG - [mapping_recorder.main:176] - [19:07:30] Redndı: False
2025-06-26 19:07:31,748 - map_video - DEBUG - [mapping_recorder.main:176] - [19:07:31] Redndı: False
2025-06-26 19:07:32,750 - map_video - DEBUG - [mapping_recorder.main:176] - [19:07:32] Redndı: False
2025-06-26 19:07:33,751 - map_video - DEBUG - [mapping_recorder.main:176] - [19:07:33] Redndı: False
2025-06-26 19:07:34,753 - map_video - DEBUG - [mapping_recorder.main:176] - [19:07:34] Redndı: False
2025-06-26 19:07:35,755 - map_video - DEBUG - [mapping_recorder.main:176] - [19:07:35] Redndı: False
2025-06-26 19:07:36,757 - map_video - DEBUG - [mapping_recorder.main:176] - [19:07:36] Redndı: False
2025-06-26 19:07:37,759 - map_video - DEBUG - [mapping_recorder.main:176] - [19:07:37] Redndı: False
2025-06-26 19:07:38,760 - map_video - DEBUG - [mapping_recorder.main:176] - [19:07:38] Redndı: False
2025-06-26 19:07:39,762 - map_video - DEBUG - [mapping_recorder.main:176] - [19:07:39] Redndı: False
2025-06-26 19:07:40,764 - map_video - DEBUG - [mapping_recorder.main:176] - [19:07:40] Redndı: False
2025-06-26 19:07:41,765 - map_video - DEBUG - [mapping_recorder.main:176] - [19:07:41] Redndı: False
2025-06-26 19:07:42,767 - map_video - DEBUG - [mapping_recorder.main:176] - [19:07:42] Redndı: False
2025-06-26 19:07:43,769 - map_video - DEBUG - [mapping_recorder.main:176] - [19:07:43] Redndı: False
2025-06-26 19:07:44,770 - map_video - DEBUG - [mapping_recorder.main:176] - [19:07:44] Redndı: False
2025-06-26 19:07:45,772 - map_video - DEBUG - [mapping_recorder.main:176] - [19:07:45] Redndı: False
2025-06-26 19:07:46,774 - map_video - DEBUG - [mapping_recorder.main:176] - [19:07:46] Redndı: False
2025-06-26 19:07:47,776 - map_video - DEBUG - [mapping_recorder.main:176] - [19:07:47] Redndı: False
2025-06-26 19:07:48,777 - map_video - DEBUG - [mapping_recorder.main:176] - [19:07:48] Redndı: False
2025-06-26 19:07:49,779 - map_video - DEBUG - [mapping_recorder.main:176] - [19:07:49] Redndı: False
2025-06-26 19:07:50,781 - map_video - DEBUG - [mapping_recorder.main:176] - [19:07:50] Redndı: False
2025-06-26 19:07:51,783 - map_video - DEBUG - [mapping_recorder.main:176] - [19:07:51] Redndı: False
2025-06-26 19:07:52,784 - map_video - DEBUG - [mapping_recorder.main:176] - [19:07:52] Redndı: False
2025-06-26 19:07:53,786 - map_video - DEBUG - [mapping_recorder.main:176] - [19:07:53] Redndı: False
2025-06-26 19:07:54,788 - map_video - DEBUG - [mapping_recorder.main:176] - [19:07:54] Redndı: False
2025-06-26 19:07:55,789 - map_video - DEBUG - [mapping_recorder.main:176] - [19:07:55] Redndı: False
2025-06-26 19:07:56,791 - map_video - DEBUG - [mapping_recorder.main:176] - [19:07:56] Redndı: False
2025-06-26 19:07:57,793 - map_video - DEBUG - [mapping_recorder.main:176] - [19:07:57] Redndı: False
2025-06-26 19:07:58,795 - map_video - DEBUG - [mapping_recorder.main:176] - [19:07:58] Redndı: False
2025-06-26 19:07:59,796 - map_video - DEBUG - [mapping_recorder.main:176] - [19:07:59] Redndı: False
2025-06-26 19:08:00,798 - map_video - DEBUG - [mapping_recorder.main:176] - [19:08:00] Redndı: False
2025-06-26 19:08:01,800 - map_video - DEBUG - [mapping_recorder.main:176] - [19:08:01] Redndı: False
2025-06-26 19:08:02,801 - map_video - DEBUG - [mapping_recorder.main:176] - [19:08:02] Redndı: False
2025-06-26 19:08:03,803 - map_video - DEBUG - [mapping_recorder.main:176] - [19:08:03] Redndı: False
2025-06-26 19:08:04,805 - map_video - DEBUG - [mapping_recorder.main:176] - [19:08:04] Redndı: False
2025-06-26 19:08:05,807 - map_video - DEBUG - [mapping_recorder.main:176] - [19:08:05] Redndı: False
2025-06-26 19:08:06,808 - map_video - DEBUG - [mapping_recorder.main:176] - [19:08:06] Redndı: False
2025-06-26 19:08:07,810 - map_video - DEBUG - [mapping_recorder.main:176] - [19:08:07] Redndı: False
2025-06-26 19:08:08,812 - map_video - DEBUG - [mapping_recorder.main:176] - [19:08:08] Redndı: False
2025-06-26 19:08:09,813 - map_video - DEBUG - [mapping_recorder.main:176] - [19:08:09] Redndı: False
2025-06-26 19:08:10,815 - map_video - DEBUG - [mapping_recorder.main:176] - [19:08:10] Redndı: False
2025-06-26 19:08:11,817 - map_video - DEBUG - [mapping_recorder.main:176] - [19:08:11] Redndı: False
2025-06-26 19:08:12,819 - map_video - DEBUG - [mapping_recorder.main:176] - [19:08:12] Redndı: False
2025-06-26 19:08:13,820 - map_video - DEBUG - [mapping_recorder.main:176] - [19:08:13] Redndı: False
2025-06-26 19:08:14,822 - map_video - DEBUG - [mapping_recorder.main:176] - [19:08:14] Redndı: False
2025-06-26 19:08:15,824 - map_video - DEBUG - [mapping_recorder.main:176] - [19:08:15] Redndı: False
2025-06-26 19:08:16,825 - map_video - DEBUG - [mapping_recorder.main:176] - [19:08:16] Redndı: False
2025-06-26 19:08:17,827 - map_video - DEBUG - [mapping_recorder.main:176] - [19:08:17] Redndı: False
2025-06-26 19:08:18,829 - map_video - DEBUG - [mapping_recorder.main:176] - [19:08:18] Redndı: False
2025-06-26 19:08:19,831 - map_video - DEBUG - [mapping_recorder.main:176] - [19:08:19] Redndı: False
2025-06-26 19:08:20,832 - map_video - DEBUG - [mapping_recorder.main:176] - [19:08:20] Redndı: False
2025-06-26 19:08:21,834 - map_video - DEBUG - [mapping_recorder.main:176] - [19:08:21] Redndı: False
2025-06-26 19:08:22,835 - map_video - DEBUG - [mapping_recorder.main:176] - [19:08:22] Redndı: False
2025-06-26 19:08:23,837 - map_video - DEBUG - [mapping_recorder.main:176] - [19:08:23] Redndı: False
2025-06-26 19:08:24,839 - map_video - DEBUG - [mapping_recorder.main:176] - [19:08:24] Redndı: False
2025-06-26 19:08:25,841 - map_video - DEBUG - [mapping_recorder.main:176] - [19:08:25] Redndı: False
2025-06-26 19:08:26,843 - map_video - DEBUG - [mapping_recorder.main:176] - [19:08:26] Redndı: False
2025-06-26 19:08:27,844 - map_video - DEBUG - [mapping_recorder.main:176] - [19:08:27] Redndı: False
2025-06-26 19:08:28,846 - map_video - DEBUG - [mapping_recorder.main:176] - [19:08:28] Redndı: False
2025-06-26 19:08:29,848 - map_video - DEBUG - [mapping_recorder.main:176] - [19:08:29] Redndı: False
2025-06-26 19:08:30,849 - map_video - DEBUG - [mapping_recorder.main:176] - [19:08:30] Redndı: False
2025-06-26 19:08:31,851 - map_video - DEBUG - [mapping_recorder.main:176] - [19:08:31] Redndı: False
2025-06-26 19:08:32,853 - map_video - DEBUG - [mapping_recorder.main:176] - [19:08:32] Redndı: False
2025-06-26 19:08:33,855 - map_video - DEBUG - [mapping_recorder.main:176] - [19:08:33] Redndı: False
2025-06-26 19:08:34,856 - map_video - DEBUG - [mapping_recorder.main:176] - [19:08:34] Redndı: False
2025-06-26 19:08:35,858 - map_video - DEBUG - [mapping_recorder.main:176] - [19:08:35] Redndı: False
2025-06-26 19:08:36,860 - map_video - DEBUG - [mapping_recorder.main:176] - [19:08:36] Redndı: False
2025-06-26 19:08:37,862 - map_video - DEBUG - [mapping_recorder.main:176] - [19:08:37] Redndı: False
2025-06-26 19:08:38,863 - map_video - DEBUG - [mapping_recorder.main:176] - [19:08:38] Redndı: False
2025-06-26 19:08:39,865 - map_video - DEBUG - [mapping_recorder.main:176] - [19:08:39] Redndı: False
2025-06-26 19:08:40,867 - map_video - DEBUG - [mapping_recorder.main:176] - [19:08:40] Redndı: False
2025-06-26 19:08:41,869 - map_video - DEBUG - [mapping_recorder.main:176] - [19:08:41] Redndı: False
2025-06-26 19:08:42,871 - map_video - DEBUG - [mapping_recorder.main:176] - [19:08:42] Redndı: False
2025-06-26 19:08:43,872 - map_video - DEBUG - [mapping_recorder.main:176] - [19:08:43] Redndı: False
2025-06-26 19:08:44,874 - map_video - DEBUG - [mapping_recorder.main:176] - [19:08:44] Redndı: False
2025-06-26 19:08:45,875 - map_video - DEBUG - [mapping_recorder.main:176] - [19:08:45] Redndı: False
2025-06-26 19:08:46,877 - map_video - DEBUG - [mapping_recorder.main:176] - [19:08:46] Redndı: False
2025-06-26 19:08:47,879 - map_video - DEBUG - [mapping_recorder.main:176] - [19:08:47] Redndı: False
2025-06-26 19:08:48,881 - map_video - DEBUG - [mapping_recorder.main:176] - [19:08:48] Redndı: False
2025-06-26 19:08:49,883 - map_video - DEBUG - [mapping_recorder.main:176] - [19:08:49] Redndı: False
2025-06-26 19:08:50,884 - map_video - DEBUG - [mapping_recorder.main:176] - [19:08:50] Redndı: False
2025-06-26 19:08:51,886 - map_video - DEBUG - [mapping_recorder.main:176] - [19:08:51] Redndı: False
2025-06-26 19:08:52,888 - map_video - DEBUG - [mapping_recorder.main:176] - [19:08:52] Redndı: False
2025-06-26 19:08:53,889 - map_video - DEBUG - [mapping_recorder.main:176] - [19:08:53] Redndı: False
2025-06-26 19:08:54,890 - map_video - DEBUG - [mapping_recorder.main:176] - [19:08:54] Redndı: False
2025-06-26 19:08:55,892 - map_video - DEBUG - [mapping_recorder.main:176] - [19:08:55] Redndı: False
2025-06-26 19:08:56,894 - map_video - DEBUG - [mapping_recorder.main:176] - [19:08:56] Redndı: False
2025-06-26 19:08:57,896 - map_video - DEBUG - [mapping_recorder.main:176] - [19:08:57] Redndı: False
2025-06-26 19:08:58,897 - map_video - DEBUG - [mapping_recorder.main:176] - [19:08:58] Redndı: False
2025-06-26 19:08:59,899 - map_video - DEBUG - [mapping_recorder.main:176] - [19:08:59] Redndı: False
2025-06-26 19:09:00,901 - map_video - DEBUG - [mapping_recorder.main:176] - [19:09:00] Redndı: False
2025-06-26 19:09:01,903 - map_video - DEBUG - [mapping_recorder.main:176] - [19:09:01] Redndı: False
2025-06-26 19:09:02,904 - map_video - DEBUG - [mapping_recorder.main:176] - [19:09:02] Redndı: False
2025-06-26 19:09:03,906 - map_video - DEBUG - [mapping_recorder.main:176] - [19:09:03] Redndı: False
2025-06-26 19:09:04,908 - map_video - DEBUG - [mapping_recorder.main:176] - [19:09:04] Redndı: False
2025-06-26 19:09:05,909 - map_video - DEBUG - [mapping_recorder.main:176] - [19:09:05] Redndı: False
2025-06-26 19:09:06,911 - map_video - DEBUG - [mapping_recorder.main:176] - [19:09:06] Redndı: False
2025-06-26 19:09:07,913 - map_video - DEBUG - [mapping_recorder.main:176] - [19:09:07] Redndı: False
2025-06-26 19:09:08,915 - map_video - DEBUG - [mapping_recorder.main:176] - [19:09:08] Redndı: False
2025-06-26 19:09:09,916 - map_video - DEBUG - [mapping_recorder.main:176] - [19:09:09] Redndı: False
2025-06-26 19:09:10,917 - map_video - DEBUG - [mapping_recorder.main:176] - [19:09:10] Redndı: False
2025-06-26 19:09:11,919 - map_video - DEBUG - [mapping_recorder.main:176] - [19:09:11] Redndı: False
2025-06-26 19:09:12,921 - map_video - DEBUG - [mapping_recorder.main:176] - [19:09:12] Redndı: False
2025-06-26 19:09:13,923 - map_video - DEBUG - [mapping_recorder.main:176] - [19:09:13] Redndı: False
2025-06-26 19:09:14,924 - map_video - DEBUG - [mapping_recorder.main:176] - [19:09:14] Redndı: False
2025-06-26 19:09:15,926 - map_video - DEBUG - [mapping_recorder.main:176] - [19:09:15] Redndı: False
2025-06-26 19:09:16,928 - map_video - DEBUG - [mapping_recorder.main:176] - [19:09:16] Redndı: False
2025-06-26 19:09:17,929 - map_video - DEBUG - [mapping_recorder.main:176] - [19:09:17] Redndı: False
2025-06-26 19:09:18,931 - map_video - DEBUG - [mapping_recorder.main:176] - [19:09:18] Redndı: False
2025-06-26 19:09:19,933 - map_video - DEBUG - [mapping_recorder.main:176] - [19:09:19] Redndı: False
2025-06-26 19:09:20,935 - map_video - DEBUG - [mapping_recorder.main:176] - [19:09:20] Redndı: False
2025-06-26 19:09:21,936 - map_video - DEBUG - [mapping_recorder.main:176] - [19:09:21] Redndı: False
2025-06-26 19:09:22,938 - map_video - DEBUG - [mapping_recorder.main:176] - [19:09:22] Redndı: False
2025-06-26 19:09:23,940 - map_video - DEBUG - [mapping_recorder.main:176] - [19:09:23] Redndı: False
2025-06-26 19:09:24,942 - map_video - DEBUG - [mapping_recorder.main:176] - [19:09:24] Redndı: False
2025-06-26 19:09:25,943 - map_video - DEBUG - [mapping_recorder.main:176] - [19:09:25] Redndı: False
2025-06-26 19:09:26,945 - map_video - DEBUG - [mapping_recorder.main:176] - [19:09:26] Redndı: False
2025-06-26 19:09:27,947 - map_video - DEBUG - [mapping_recorder.main:176] - [19:09:27] Redndı: False
2025-06-26 19:09:28,949 - map_video - DEBUG - [mapping_recorder.main:176] - [19:09:28] Redndı: False
2025-06-26 19:09:29,951 - map_video - DEBUG - [mapping_recorder.main:176] - [19:09:29] Redndı: False
2025-06-26 19:09:30,952 - map_video - DEBUG - [mapping_recorder.main:176] - [19:09:30] Redndı: False
2025-06-26 19:09:31,954 - map_video - DEBUG - [mapping_recorder.main:176] - [19:09:31] Redndı: False
2025-06-26 19:09:32,956 - map_video - DEBUG - [mapping_recorder.main:176] - [19:09:32] Redndı: False
2025-06-26 19:09:33,957 - map_video - DEBUG - [mapping_recorder.main:176] - [19:09:33] Redndı: False
2025-06-26 19:09:34,959 - map_video - DEBUG - [mapping_recorder.main:176] - [19:09:34] Redndı: False
2025-06-26 19:09:35,961 - map_video - DEBUG - [mapping_recorder.main:176] - [19:09:35] Redndı: False
2025-06-26 19:09:36,963 - map_video - DEBUG - [mapping_recorder.main:176] - [19:09:36] Redndı: False
2025-06-26 19:09:37,964 - map_video - DEBUG - [mapping_recorder.main:176] - [19:09:37] Redndı: False
2025-06-26 19:09:38,966 - map_video - DEBUG - [mapping_recorder.main:176] - [19:09:38] Redndı: False
2025-06-26 19:09:39,968 - map_video - DEBUG - [mapping_recorder.main:176] - [19:09:39] Redndı: False
2025-06-26 19:09:40,969 - map_video - DEBUG - [mapping_recorder.main:176] - [19:09:40] Redndı: False
2025-06-26 19:09:41,971 - map_video - DEBUG - [mapping_recorder.main:176] - [19:09:41] Redndı: False
2025-06-26 19:09:42,973 - map_video - DEBUG - [mapping_recorder.main:176] - [19:09:42] Redndı: False
2025-06-26 19:09:43,975 - map_video - DEBUG - [mapping_recorder.main:176] - [19:09:43] Redndı: False
2025-06-26 19:09:44,976 - map_video - DEBUG - [mapping_recorder.main:176] - [19:09:44] Redndı: False
2025-06-26 19:09:45,978 - map_video - DEBUG - [mapping_recorder.main:176] - [19:09:45] Redndı: False
2025-06-26 19:09:46,980 - map_video - DEBUG - [mapping_recorder.main:176] - [19:09:46] Redndı: False
2025-06-26 19:09:47,981 - map_video - DEBUG - [mapping_recorder.main:176] - [19:09:47] Redndı: False
2025-06-26 19:09:48,983 - map_video - DEBUG - [mapping_recorder.main:176] - [19:09:48] Redndı: False
2025-06-26 19:09:49,985 - map_video - DEBUG - [mapping_recorder.main:176] - [19:09:49] Redndı: False
2025-06-26 19:09:50,987 - map_video - DEBUG - [mapping_recorder.main:176] - [19:09:50] Redndı: False
2025-06-26 19:09:51,988 - map_video - DEBUG - [mapping_recorder.main:176] - [19:09:51] Redndı: False
2025-06-26 19:09:52,990 - map_video - DEBUG - [mapping_recorder.main:176] - [19:09:52] Redndı: False
2025-06-26 19:09:53,991 - map_video - DEBUG - [mapping_recorder.main:176] - [19:09:53] Redndı: False
2025-06-26 19:09:54,993 - map_video - DEBUG - [mapping_recorder.main:176] - [19:09:54] Redndı: False
2025-06-26 19:09:55,995 - map_video - DEBUG - [mapping_recorder.main:176] - [19:09:55] Redndı: False
2025-06-26 19:09:56,997 - map_video - DEBUG - [mapping_recorder.main:176] - [19:09:56] Redndı: False
2025-06-26 19:09:57,999 - map_video - DEBUG - [mapping_recorder.main:176] - [19:09:57] Redndı: False
2025-06-26 19:09:59,000 - map_video - DEBUG - [mapping_recorder.main:176] - [19:09:59] Redndı: False
2025-06-26 19:10:00,002 - map_video - DEBUG - [mapping_recorder.main:176] - [19:10:00] Redndı: False
2025-06-26 19:10:01,004 - map_video - DEBUG - [mapping_recorder.main:176] - [19:10:01] Redndı: False
2025-06-26 19:10:02,005 - map_video - DEBUG - [mapping_recorder.main:176] - [19:10:02] Redndı: False
2025-06-26 19:10:03,007 - map_video - DEBUG - [mapping_recorder.main:176] - [19:10:03] Redndı: False
2025-06-26 19:10:04,009 - map_video - DEBUG - [mapping_recorder.main:176] - [19:10:04] Redndı: False
2025-06-26 19:10:05,011 - map_video - DEBUG - [mapping_recorder.main:176] - [19:10:05] Redndı: False
2025-06-26 19:10:06,012 - map_video - DEBUG - [mapping_recorder.main:176] - [19:10:06] Redndı: False
2025-06-26 19:10:07,014 - map_video - DEBUG - [mapping_recorder.main:176] - [19:10:07] Redndı: False
2025-06-26 19:10:08,016 - map_video - DEBUG - [mapping_recorder.main:176] - [19:10:08] Redndı: False
2025-06-26 19:10:09,017 - map_video - DEBUG - [mapping_recorder.main:176] - [19:10:09] Redndı: False
2025-06-26 19:10:10,019 - map_video - DEBUG - [mapping_recorder.main:176] - [19:10:10] Redndı: False
2025-06-26 19:10:11,021 - map_video - DEBUG - [mapping_recorder.main:176] - [19:10:11] Redndı: False
2025-06-26 19:10:12,023 - map_video - DEBUG - [mapping_recorder.main:176] - [19:10:12] Redndı: False
2025-06-26 19:10:13,024 - map_video - DEBUG - [mapping_recorder.main:176] - [19:10:13] Redndı: False
2025-06-26 19:10:14,026 - map_video - DEBUG - [mapping_recorder.main:176] - [19:10:14] Redndı: False
2025-06-26 19:10:15,028 - map_video - DEBUG - [mapping_recorder.main:176] - [19:10:15] Redndı: False
2025-06-26 19:10:16,029 - map_video - DEBUG - [mapping_recorder.main:176] - [19:10:16] Redndı: False
2025-06-26 19:10:17,031 - map_video - DEBUG - [mapping_recorder.main:176] - [19:10:17] Redndı: False
2025-06-26 19:10:18,033 - map_video - DEBUG - [mapping_recorder.main:176] - [19:10:18] Redndı: False
2025-06-26 19:10:19,034 - map_video - DEBUG - [mapping_recorder.main:176] - [19:10:19] Redndı: False
2025-06-26 19:10:20,036 - map_video - DEBUG - [mapping_recorder.main:176] - [19:10:20] Redndı: False
2025-06-26 19:10:21,038 - map_video - DEBUG - [mapping_recorder.main:176] - [19:10:21] Redndı: False
2025-06-26 19:10:22,040 - map_video - DEBUG - [mapping_recorder.main:176] - [19:10:22] Redndı: False
2025-06-26 19:10:23,041 - map_video - DEBUG - [mapping_recorder.main:176] - [19:10:23] Redndı: False
2025-06-26 19:10:24,043 - map_video - DEBUG - [mapping_recorder.main:176] - [19:10:24] Redndı: False
2025-06-26 19:10:25,045 - map_video - DEBUG - [mapping_recorder.main:176] - [19:10:25] Redndı: False
2025-06-26 19:10:26,047 - map_video - DEBUG - [mapping_recorder.main:176] - [19:10:26] Redndı: False
2025-06-26 19:10:27,048 - map_video - DEBUG - [mapping_recorder.main:176] - [19:10:27] Redndı: False
2025-06-26 19:10:28,050 - map_video - DEBUG - [mapping_recorder.main:176] - [19:10:28] Redndı: False
2025-06-26 19:10:29,052 - map_video - DEBUG - [mapping_recorder.main:176] - [19:10:29] Redndı: False
2025-06-26 19:10:30,053 - map_video - DEBUG - [mapping_recorder.main:176] - [19:10:30] Redndı: False
2025-06-26 19:10:31,055 - map_video - DEBUG - [mapping_recorder.main:176] - [19:10:31] Redndı: False
2025-06-26 19:10:32,057 - map_video - DEBUG - [mapping_recorder.main:176] - [19:10:32] Redndı: False
2025-06-26 19:10:33,059 - map_video - DEBUG - [mapping_recorder.main:176] - [19:10:33] Redndı: False
2025-06-26 19:10:34,061 - map_video - DEBUG - [mapping_recorder.main:176] - [19:10:34] Redndı: False
2025-06-26 19:10:35,063 - map_video - DEBUG - [mapping_recorder.main:176] - [19:10:35] Redndı: False
2025-06-26 19:10:36,064 - map_video - DEBUG - [mapping_recorder.main:176] - [19:10:36] Redndı: False
2025-06-26 19:10:37,066 - map_video - DEBUG - [mapping_recorder.main:176] - [19:10:37] Redndı: False
2025-06-26 19:10:38,068 - map_video - DEBUG - [mapping_recorder.main:176] - [19:10:38] Redndı: False
2025-06-26 19:10:39,069 - map_video - DEBUG - [mapping_recorder.main:176] - [19:10:39] Redndı: False
2025-06-26 19:10:40,071 - map_video - DEBUG - [mapping_recorder.main:176] - [19:10:40] Redndı: False
2025-06-26 19:10:41,073 - map_video - DEBUG - [mapping_recorder.main:176] - [19:10:41] Redndı: False
2025-06-26 19:10:42,075 - map_video - DEBUG - [mapping_recorder.main:176] - [19:10:42] Redndı: False
2025-06-26 19:10:43,076 - map_video - DEBUG - [mapping_recorder.main:176] - [19:10:43] Redndı: False
2025-06-26 19:10:44,078 - map_video - DEBUG - [mapping_recorder.main:176] - [19:10:44] Redndı: False
2025-06-26 19:10:45,079 - map_video - DEBUG - [mapping_recorder.main:176] - [19:10:45] Redndı: False
2025-06-26 19:10:46,081 - map_video - DEBUG - [mapping_recorder.main:176] - [19:10:46] Redndı: False
2025-06-26 19:10:47,083 - map_video - DEBUG - [mapping_recorder.main:176] - [19:10:47] Redndı: False
2025-06-26 19:10:48,085 - map_video - DEBUG - [mapping_recorder.main:176] - [19:10:48] Redndı: False
2025-06-26 19:10:49,087 - map_video - DEBUG - [mapping_recorder.main:176] - [19:10:49] Redndı: False
2025-06-26 19:10:50,088 - map_video - DEBUG - [mapping_recorder.main:176] - [19:10:50] Redndı: False
2025-06-26 19:10:51,089 - map_video - DEBUG - [mapping_recorder.main:176] - [19:10:51] Redndı: False
2025-06-26 19:10:52,091 - map_video - DEBUG - [mapping_recorder.main:176] - [19:10:52] Redndı: False
2025-06-26 19:10:53,093 - map_video - DEBUG - [mapping_recorder.main:176] - [19:10:53] Redndı: False
2025-06-26 19:10:54,095 - map_video - DEBUG - [mapping_recorder.main:176] - [19:10:54] Redndı: False
2025-06-26 19:10:55,096 - map_video - DEBUG - [mapping_recorder.main:176] - [19:10:55] Redndı: False
2025-06-26 19:10:56,098 - map_video - DEBUG - [mapping_recorder.main:176] - [19:10:56] Redndı: False
2025-06-26 19:10:57,100 - map_video - DEBUG - [mapping_recorder.main:176] - [19:10:57] Redndı: False
2025-06-26 19:10:58,101 - map_video - DEBUG - [mapping_recorder.main:176] - [19:10:58] Redndı: False
2025-06-26 19:10:59,103 - map_video - DEBUG - [mapping_recorder.main:176] - [19:10:59] Redndı: False
2025-06-26 19:11:00,105 - map_video - DEBUG - [mapping_recorder.main:176] - [19:11:00] Redndı: False
2025-06-26 19:11:01,107 - map_video - DEBUG - [mapping_recorder.main:176] - [19:11:01] Redndı: False
2025-06-26 19:11:02,108 - map_video - DEBUG - [mapping_recorder.main:176] - [19:11:02] Redndı: False
2025-06-26 19:11:03,110 - map_video - DEBUG - [mapping_recorder.main:176] - [19:11:03] Redndı: False
2025-06-26 19:11:04,111 - map_video - DEBUG - [mapping_recorder.main:176] - [19:11:04] Redndı: False
2025-06-26 19:11:05,113 - map_video - DEBUG - [mapping_recorder.main:176] - [19:11:05] Redndı: False
2025-06-26 19:11:06,115 - map_video - DEBUG - [mapping_recorder.main:176] - [19:11:06] Redndı: False
2025-06-26 19:11:07,117 - map_video - DEBUG - [mapping_recorder.main:176] - [19:11:07] Redndı: False
2025-06-26 19:11:08,119 - map_video - DEBUG - [mapping_recorder.main:176] - [19:11:08] Redndı: False
2025-06-26 19:11:09,120 - map_video - DEBUG - [mapping_recorder.main:176] - [19:11:09] Redndı: False
2025-06-26 19:11:10,122 - map_video - DEBUG - [mapping_recorder.main:176] - [19:11:10] Redndı: False
2025-06-26 19:11:11,124 - map_video - DEBUG - [mapping_recorder.main:176] - [19:11:11] Redndı: False
2025-06-26 19:11:12,126 - map_video - DEBUG - [mapping_recorder.main:176] - [19:11:12] Redndı: False
2025-06-26 19:11:13,127 - map_video - DEBUG - [mapping_recorder.main:176] - [19:11:13] Redndı: False
2025-06-26 19:11:14,129 - map_video - DEBUG - [mapping_recorder.main:176] - [19:11:14] Redndı: False
2025-06-26 19:11:15,131 - map_video - DEBUG - [mapping_recorder.main:176] - [19:11:15] Redndı: False
2025-06-26 19:11:16,132 - map_video - DEBUG - [mapping_recorder.main:176] - [19:11:16] Redndı: False
2025-06-26 19:11:17,134 - map_video - DEBUG - [mapping_recorder.main:176] - [19:11:17] Redndı: False
2025-06-26 19:11:18,135 - map_video - DEBUG - [mapping_recorder.main:176] - [19:11:18] Redndı: False
2025-06-26 19:11:19,137 - map_video - DEBUG - [mapping_recorder.main:176] - [19:11:19] Redndı: False
2025-06-26 19:11:20,139 - map_video - DEBUG - [mapping_recorder.main:176] - [19:11:20] Redndı: False
2025-06-26 19:11:21,141 - map_video - DEBUG - [mapping_recorder.main:176] - [19:11:21] Redndı: False
2025-06-26 19:11:22,142 - map_video - DEBUG - [mapping_recorder.main:176] - [19:11:22] Redndı: False
2025-06-26 19:11:23,144 - map_video - DEBUG - [mapping_recorder.main:176] - [19:11:23] Redndı: False
2025-06-26 19:11:24,146 - map_video - DEBUG - [mapping_recorder.main:176] - [19:11:24] Redndı: False
2025-06-26 19:11:25,147 - map_video - DEBUG - [mapping_recorder.main:176] - [19:11:25] Redndı: False
2025-06-26 19:11:26,149 - map_video - DEBUG - [mapping_recorder.main:176] - [19:11:26] Redndı: False
2025-06-26 19:11:27,151 - map_video - DEBUG - [mapping_recorder.main:176] - [19:11:27] Redndı: False
2025-06-26 19:11:28,152 - map_video - DEBUG - [mapping_recorder.main:176] - [19:11:28] Redndı: False
2025-06-26 19:11:29,154 - map_video - DEBUG - [mapping_recorder.main:176] - [19:11:29] Redndı: False
2025-06-26 19:11:30,155 - map_video - DEBUG - [mapping_recorder.main:176] - [19:11:30] Redndı: False
2025-06-26 19:11:31,157 - map_video - DEBUG - [mapping_recorder.main:176] - [19:11:31] Redndı: False
2025-06-26 19:11:32,159 - map_video - DEBUG - [mapping_recorder.main:176] - [19:11:32] Redndı: False
2025-06-26 19:11:33,161 - map_video - DEBUG - [mapping_recorder.main:176] - [19:11:33] Redndı: False
2025-06-26 19:11:34,163 - map_video - DEBUG - [mapping_recorder.main:176] - [19:11:34] Redndı: False
2025-06-26 19:11:35,164 - map_video - DEBUG - [mapping_recorder.main:176] - [19:11:35] Redndı: False
2025-06-26 19:11:36,166 - map_video - DEBUG - [mapping_recorder.main:176] - [19:11:36] Redndı: False
2025-06-26 19:11:37,167 - map_video - DEBUG - [mapping_recorder.main:176] - [19:11:37] Redndı: False
2025-06-26 19:11:38,169 - map_video - DEBUG - [mapping_recorder.main:176] - [19:11:38] Redndı: False
2025-06-26 19:11:39,171 - map_video - DEBUG - [mapping_recorder.main:176] - [19:11:39] Redndı: False
2025-06-26 19:11:40,173 - map_video - DEBUG - [mapping_recorder.main:176] - [19:11:40] Redndı: False
2025-06-26 19:11:41,175 - map_video - DEBUG - [mapping_recorder.main:176] - [19:11:41] Redndı: False
2025-06-26 19:11:42,176 - map_video - DEBUG - [mapping_recorder.main:176] - [19:11:42] Redndı: False
2025-06-26 19:11:43,178 - map_video - DEBUG - [mapping_recorder.main:176] - [19:11:43] Redndı: False
2025-06-26 19:11:44,180 - map_video - DEBUG - [mapping_recorder.main:176] - [19:11:44] Redndı: False
2025-06-26 19:11:45,183 - map_video - DEBUG - [mapping_recorder.main:176] - [19:11:45] Redndı: False
2025-06-26 19:11:46,184 - map_video - DEBUG - [mapping_recorder.main:176] - [19:11:46] Redndı: False
2025-06-26 19:11:47,186 - map_video - DEBUG - [mapping_recorder.main:176] - [19:11:47] Redndı: False
2025-06-26 19:11:48,187 - map_video - DEBUG - [mapping_recorder.main:176] - [19:11:48] Redndı: False
2025-06-26 19:11:49,189 - map_video - DEBUG - [mapping_recorder.main:176] - [19:11:49] Redndı: False
2025-06-26 19:11:50,191 - map_video - DEBUG - [mapping_recorder.main:176] - [19:11:50] Redndı: False
2025-06-26 19:11:51,193 - map_video - DEBUG - [mapping_recorder.main:176] - [19:11:51] Redndı: False
2025-06-26 19:11:52,195 - map_video - DEBUG - [mapping_recorder.main:176] - [19:11:52] Redndı: False
2025-06-26 19:11:53,196 - map_video - DEBUG - [mapping_recorder.main:176] - [19:11:53] Redndı: False
2025-06-26 19:11:54,198 - map_video - DEBUG - [mapping_recorder.main:176] - [19:11:54] Redndı: False
2025-06-26 19:11:55,199 - map_video - DEBUG - [mapping_recorder.main:176] - [19:11:55] Redndı: False
2025-06-26 19:11:56,201 - map_video - DEBUG - [mapping_recorder.main:176] - [19:11:56] Redndı: False
2025-06-26 19:11:57,203 - map_video - DEBUG - [mapping_recorder.main:176] - [19:11:57] Redndı: False
2025-06-26 19:11:58,205 - map_video - DEBUG - [mapping_recorder.main:176] - [19:11:58] Redndı: False
2025-06-26 19:11:59,207 - map_video - DEBUG - [mapping_recorder.main:176] - [19:11:59] Redndı: False
2025-06-26 19:12:00,208 - map_video - DEBUG - [mapping_recorder.main:176] - [19:12:00] Redndı: False
2025-06-26 19:12:01,209 - map_video - DEBUG - [mapping_recorder.main:176] - [19:12:01] Redndı: False
2025-06-26 19:12:02,211 - map_video - DEBUG - [mapping_recorder.main:176] - [19:12:02] Redndı: False
2025-06-26 19:12:03,212 - map_video - DEBUG - [mapping_recorder.main:176] - [19:12:03] Redndı: False
2025-06-26 19:12:04,214 - map_video - DEBUG - [mapping_recorder.main:176] - [19:12:04] Redndı: False
2025-06-26 19:12:05,215 - map_video - DEBUG - [mapping_recorder.main:176] - [19:12:05] Redndı: False
2025-06-26 19:12:06,217 - map_video - DEBUG - [mapping_recorder.main:176] - [19:12:06] Redndı: False
2025-06-26 19:12:07,219 - map_video - DEBUG - [mapping_recorder.main:176] - [19:12:07] Redndı: False
2025-06-26 19:12:08,221 - map_video - DEBUG - [mapping_recorder.main:176] - [19:12:08] Redndı: False
2025-06-26 19:12:09,223 - map_video - DEBUG - [mapping_recorder.main:176] - [19:12:09] Redndı: False
2025-06-26 19:12:10,224 - map_video - DEBUG - [mapping_recorder.main:176] - [19:12:10] Redndı: False
2025-06-26 19:12:11,226 - map_video - DEBUG - [mapping_recorder.main:176] - [19:12:11] Redndı: False
2025-06-26 19:12:12,227 - map_video - DEBUG - [mapping_recorder.main:176] - [19:12:12] Redndı: False
2025-06-26 19:12:13,229 - map_video - DEBUG - [mapping_recorder.main:176] - [19:12:13] Redndı: False
2025-06-26 19:12:14,231 - map_video - DEBUG - [mapping_recorder.main:176] - [19:12:14] Redndı: False
2025-06-26 19:12:15,233 - map_video - DEBUG - [mapping_recorder.main:176] - [19:12:15] Redndı: False
2025-06-26 19:12:16,235 - map_video - DEBUG - [mapping_recorder.main:176] - [19:12:16] Redndı: False
2025-06-26 19:12:17,236 - map_video - DEBUG - [mapping_recorder.main:176] - [19:12:17] Redndı: False
2025-06-26 19:12:18,238 - map_video - DEBUG - [mapping_recorder.main:176] - [19:12:18] Redndı: False
2025-06-26 19:12:19,240 - map_video - DEBUG - [mapping_recorder.main:176] - [19:12:19] Redndı: False
2025-06-26 19:12:20,242 - map_video - DEBUG - [mapping_recorder.main:176] - [19:12:20] Redndı: False
2025-06-26 19:12:21,243 - map_video - DEBUG - [mapping_recorder.main:176] - [19:12:21] Redndı: False
2025-06-26 19:12:22,245 - map_video - DEBUG - [mapping_recorder.main:176] - [19:12:22] Redndı: False
2025-06-26 19:12:23,247 - map_video - DEBUG - [mapping_recorder.main:176] - [19:12:23] Redndı: False
2025-06-26 19:12:24,249 - map_video - DEBUG - [mapping_recorder.main:176] - [19:12:24] Redndı: False
2025-06-26 19:12:25,250 - map_video - DEBUG - [mapping_recorder.main:176] - [19:12:25] Redndı: False
2025-06-26 19:12:26,252 - map_video - DEBUG - [mapping_recorder.main:176] - [19:12:26] Redndı: False
2025-06-26 19:12:27,254 - map_video - DEBUG - [mapping_recorder.main:176] - [19:12:27] Redndı: False
2025-06-26 19:12:28,255 - map_video - DEBUG - [mapping_recorder.main:176] - [19:12:28] Redndı: False
2025-06-26 19:12:29,257 - map_video - DEBUG - [mapping_recorder.main:176] - [19:12:29] Redndı: False
2025-06-26 19:12:30,259 - map_video - DEBUG - [mapping_recorder.main:176] - [19:12:30] Redndı: False
2025-06-26 19:12:31,261 - map_video - DEBUG - [mapping_recorder.main:176] - [19:12:31] Redndı: False
2025-06-26 19:12:32,263 - map_video - DEBUG - [mapping_recorder.main:176] - [19:12:32] Redndı: False
2025-06-26 19:12:33,265 - map_video - DEBUG - [mapping_recorder.main:176] - [19:12:33] Redndı: False
2025-06-26 19:12:34,267 - map_video - DEBUG - [mapping_recorder.main:176] - [19:12:34] Redndı: False
2025-06-26 19:12:35,268 - map_video - DEBUG - [mapping_recorder.main:176] - [19:12:35] Redndı: False
2025-06-26 19:12:36,270 - map_video - DEBUG - [mapping_recorder.main:176] - [19:12:36] Redndı: False
2025-06-26 19:12:37,272 - map_video - DEBUG - [mapping_recorder.main:176] - [19:12:37] Redndı: False
2025-06-26 19:12:38,273 - map_video - DEBUG - [mapping_recorder.main:176] - [19:12:38] Redndı: False
2025-06-26 19:12:39,275 - map_video - DEBUG - [mapping_recorder.main:176] - [19:12:39] Redndı: False
2025-06-26 19:12:40,277 - map_video - DEBUG - [mapping_recorder.main:176] - [19:12:40] Redndı: False
2025-06-26 19:12:41,279 - map_video - DEBUG - [mapping_recorder.main:176] - [19:12:41] Redndı: False
2025-06-26 19:12:42,280 - map_video - DEBUG - [mapping_recorder.main:176] - [19:12:42] Redndı: False
2025-06-26 19:12:43,282 - map_video - DEBUG - [mapping_recorder.main:176] - [19:12:43] Redndı: False
2025-06-26 19:12:44,284 - map_video - DEBUG - [mapping_recorder.main:176] - [19:12:44] Redndı: False
2025-06-26 19:12:45,285 - map_video - DEBUG - [mapping_recorder.main:176] - [19:12:45] Redndı: False
2025-06-26 19:12:46,287 - map_video - DEBUG - [mapping_recorder.main:176] - [19:12:46] Redndı: False
2025-06-26 19:12:47,289 - map_video - DEBUG - [mapping_recorder.main:176] - [19:12:47] Redndı: False
2025-06-26 19:12:48,291 - map_video - DEBUG - [mapping_recorder.main:176] - [19:12:48] Redndı: False
2025-06-26 19:12:49,292 - map_video - DEBUG - [mapping_recorder.main:176] - [19:12:49] Redndı: False
2025-06-26 19:12:50,293 - map_video - DEBUG - [mapping_recorder.main:176] - [19:12:50] Redndı: False
2025-06-26 19:12:51,295 - map_video - DEBUG - [mapping_recorder.main:176] - [19:12:51] Redndı: False
2025-06-26 19:12:52,296 - map_video - DEBUG - [mapping_recorder.main:176] - [19:12:52] Redndı: False
2025-06-26 19:12:53,298 - map_video - DEBUG - [mapping_recorder.main:176] - [19:12:53] Redndı: False
2025-06-26 19:12:54,299 - map_video - DEBUG - [mapping_recorder.main:176] - [19:12:54] Redndı: False
2025-06-26 19:12:55,301 - map_video - DEBUG - [mapping_recorder.main:176] - [19:12:55] Redndı: False
2025-06-26 19:12:56,303 - map_video - DEBUG - [mapping_recorder.main:176] - [19:12:56] Redndı: False
2025-06-26 19:12:57,305 - map_video - DEBUG - [mapping_recorder.main:176] - [19:12:57] Redndı: False
2025-06-26 19:12:58,307 - map_video - DEBUG - [mapping_recorder.main:176] - [19:12:58] Redndı: False
2025-06-26 19:12:59,309 - map_video - DEBUG - [mapping_recorder.main:176] - [19:12:59] Redndı: False
2025-06-26 19:13:00,311 - map_video - DEBUG - [mapping_recorder.main:176] - [19:13:00] Redndı: False
2025-06-26 19:13:01,312 - map_video - DEBUG - [mapping_recorder.main:176] - [19:13:01] Redndı: False
2025-06-26 19:13:02,314 - map_video - DEBUG - [mapping_recorder.main:176] - [19:13:02] Redndı: False
2025-06-26 19:13:03,315 - map_video - DEBUG - [mapping_recorder.main:176] - [19:13:03] Redndı: False
2025-06-26 19:13:04,317 - map_video - DEBUG - [mapping_recorder.main:176] - [19:13:04] Redndı: False
2025-06-26 19:13:05,319 - map_video - DEBUG - [mapping_recorder.main:176] - [19:13:05] Redndı: False
2025-06-26 19:13:06,321 - map_video - DEBUG - [mapping_recorder.main:176] - [19:13:06] Redndı: False
2025-06-26 19:13:07,323 - map_video - DEBUG - [mapping_recorder.main:176] - [19:13:07] Redndı: False
2025-06-26 19:13:08,324 - map_video - DEBUG - [mapping_recorder.main:176] - [19:13:08] Redndı: False
2025-06-26 19:13:09,326 - map_video - DEBUG - [mapping_recorder.main:176] - [19:13:09] Redndı: False
2025-06-26 19:13:10,327 - map_video - DEBUG - [mapping_recorder.main:176] - [19:13:10] Redndı: False
2025-06-26 19:13:11,329 - map_video - DEBUG - [mapping_recorder.main:176] - [19:13:11] Redndı: False
2025-06-26 19:13:12,331 - map_video - DEBUG - [mapping_recorder.main:176] - [19:13:12] Redndı: False
2025-06-26 19:13:13,333 - map_video - DEBUG - [mapping_recorder.main:176] - [19:13:13] Redndı: False
2025-06-26 19:13:14,335 - map_video - DEBUG - [mapping_recorder.main:176] - [19:13:14] Redndı: False
2025-06-26 19:13:15,336 - map_video - DEBUG - [mapping_recorder.main:176] - [19:13:15] Redndı: False
2025-06-26 19:13:16,338 - map_video - DEBUG - [mapping_recorder.main:176] - [19:13:16] Redndı: False
2025-06-26 19:13:17,339 - map_video - DEBUG - [mapping_recorder.main:176] - [19:13:17] Redndı: False
2025-06-26 19:13:18,341 - map_video - DEBUG - [mapping_recorder.main:176] - [19:13:18] Redndı: False
2025-06-26 19:13:19,343 - map_video - DEBUG - [mapping_recorder.main:176] - [19:13:19] Redndı: False
2025-06-26 19:13:20,345 - map_video - DEBUG - [mapping_recorder.main:176] - [19:13:20] Redndı: False
2025-06-26 19:13:21,347 - map_video - DEBUG - [mapping_recorder.main:176] - [19:13:21] Redndı: False
2025-06-26 19:13:22,348 - map_video - DEBUG - [mapping_recorder.main:176] - [19:13:22] Redndı: False
2025-06-26 19:13:23,349 - map_video - DEBUG - [mapping_recorder.main:176] - [19:13:23] Redndı: False
2025-06-26 19:13:24,350 - map_video - DEBUG - [mapping_recorder.main:176] - [19:13:24] Redndı: False
2025-06-26 19:13:25,352 - map_video - DEBUG - [mapping_recorder.main:176] - [19:13:25] Redndı: False
2025-06-26 19:13:26,353 - map_video - DEBUG - [mapping_recorder.main:176] - [19:13:26] Redndı: False
2025-06-26 19:13:27,355 - map_video - DEBUG - [mapping_recorder.main:176] - [19:13:27] Redndı: False
2025-06-26 19:13:28,356 - map_video - DEBUG - [mapping_recorder.main:176] - [19:13:28] Redndı: False
2025-06-26 19:13:29,357 - map_video - DEBUG - [mapping_recorder.main:176] - [19:13:29] Redndı: False
2025-06-26 19:13:30,359 - map_video - DEBUG - [mapping_recorder.main:176] - [19:13:30] Redndı: False
2025-06-26 19:13:31,360 - map_video - DEBUG - [mapping_recorder.main:176] - [19:13:31] Redndı: False
2025-06-26 19:13:32,362 - map_video - DEBUG - [mapping_recorder.main:176] - [19:13:32] Redndı: False
2025-06-26 19:13:33,363 - map_video - DEBUG - [mapping_recorder.main:176] - [19:13:33] Redndı: False
2025-06-26 19:13:34,364 - map_video - DEBUG - [mapping_recorder.main:176] - [19:13:34] Redndı: False
2025-06-26 19:13:35,366 - map_video - DEBUG - [mapping_recorder.main:176] - [19:13:35] Redndı: False
2025-06-26 19:13:36,368 - map_video - DEBUG - [mapping_recorder.main:176] - [19:13:36] Redndı: False
2025-06-26 19:13:37,370 - map_video - DEBUG - [mapping_recorder.main:176] - [19:13:37] Redndı: False
2025-06-26 19:13:38,371 - map_video - DEBUG - [mapping_recorder.main:176] - [19:13:38] Redndı: False
2025-06-26 19:13:39,373 - map_video - DEBUG - [mapping_recorder.main:176] - [19:13:39] Redndı: False
2025-06-26 19:13:40,375 - map_video - DEBUG - [mapping_recorder.main:176] - [19:13:40] Redndı: False
2025-06-26 19:13:41,376 - map_video - DEBUG - [mapping_recorder.main:176] - [19:13:41] Redndı: False
2025-06-26 19:13:42,378 - map_video - DEBUG - [mapping_recorder.main:176] - [19:13:42] Redndı: False
2025-06-26 19:13:43,380 - map_video - DEBUG - [mapping_recorder.main:176] - [19:13:43] Redndı: False
2025-06-26 19:13:44,381 - map_video - DEBUG - [mapping_recorder.main:176] - [19:13:44] Redndı: False
2025-06-26 19:13:45,383 - map_video - DEBUG - [mapping_recorder.main:176] - [19:13:45] Redndı: False
2025-06-26 19:13:46,385 - map_video - DEBUG - [mapping_recorder.main:176] - [19:13:46] Redndı: False
2025-06-26 19:13:47,386 - map_video - DEBUG - [mapping_recorder.main:176] - [19:13:47] Redndı: False
2025-06-26 19:13:48,388 - map_video - DEBUG - [mapping_recorder.main:176] - [19:13:48] Redndı: False
2025-06-26 19:13:49,390 - map_video - DEBUG - [mapping_recorder.main:176] - [19:13:49] Redndı: False
2025-06-26 19:13:50,392 - map_video - DEBUG - [mapping_recorder.main:176] - [19:13:50] Redndı: False
2025-06-26 19:13:51,393 - map_video - DEBUG - [mapping_recorder.main:176] - [19:13:51] Redndı: False
2025-06-26 19:13:52,395 - map_video - DEBUG - [mapping_recorder.main:176] - [19:13:52] Redndı: False
2025-06-26 19:13:53,397 - map_video - DEBUG - [mapping_recorder.main:176] - [19:13:53] Redndı: False
2025-06-26 19:13:54,399 - map_video - DEBUG - [mapping_recorder.main:176] - [19:13:54] Redndı: False
2025-06-26 19:13:55,401 - map_video - DEBUG - [mapping_recorder.main:176] - [19:13:55] Redndı: False
2025-06-26 19:13:56,403 - map_video - DEBUG - [mapping_recorder.main:176] - [19:13:56] Redndı: False
2025-06-26 19:13:57,405 - map_video - DEBUG - [mapping_recorder.main:176] - [19:13:57] Redndı: False
2025-06-26 19:13:58,406 - map_video - DEBUG - [mapping_recorder.main:176] - [19:13:58] Redndı: False
2025-06-26 19:13:59,408 - map_video - DEBUG - [mapping_recorder.main:176] - [19:13:59] Redndı: False
2025-06-26 19:14:00,410 - map_video - DEBUG - [mapping_recorder.main:176] - [19:14:00] Redndı: False
2025-06-26 19:14:01,412 - map_video - DEBUG - [mapping_recorder.main:176] - [19:14:01] Redndı: False
2025-06-26 19:14:02,414 - map_video - DEBUG - [mapping_recorder.main:176] - [19:14:02] Redndı: False
2025-06-26 19:14:03,415 - map_video - DEBUG - [mapping_recorder.main:176] - [19:14:03] Redndı: False
2025-06-26 19:14:04,417 - map_video - DEBUG - [mapping_recorder.main:176] - [19:14:04] Redndı: False
2025-06-26 19:14:05,419 - map_video - DEBUG - [mapping_recorder.main:176] - [19:14:05] Redndı: False
2025-06-26 19:14:06,420 - map_video - DEBUG - [mapping_recorder.main:176] - [19:14:06] Redndı: False
2025-06-26 19:14:07,422 - map_video - DEBUG - [mapping_recorder.main:176] - [19:14:07] Redndı: False
2025-06-26 19:14:08,424 - map_video - DEBUG - [mapping_recorder.main:176] - [19:14:08] Redndı: False
2025-06-26 19:14:09,425 - map_video - DEBUG - [mapping_recorder.main:176] - [19:14:09] Redndı: False
2025-06-26 19:14:10,427 - map_video - DEBUG - [mapping_recorder.main:176] - [19:14:10] Redndı: False
2025-06-26 19:14:11,429 - map_video - DEBUG - [mapping_recorder.main:176] - [19:14:11] Redndı: False
2025-06-26 19:14:12,431 - map_video - DEBUG - [mapping_recorder.main:176] - [19:14:12] Redndı: False
2025-06-26 19:14:13,432 - map_video - DEBUG - [mapping_recorder.main:176] - [19:14:13] Redndı: False
2025-06-26 19:14:14,434 - map_video - DEBUG - [mapping_recorder.main:176] - [19:14:14] Redndı: False
2025-06-26 19:14:15,436 - map_video - DEBUG - [mapping_recorder.main:176] - [19:14:15] Redndı: False
2025-06-26 19:14:16,438 - map_video - DEBUG - [mapping_recorder.main:176] - [19:14:16] Redndı: False
2025-06-26 19:14:17,439 - map_video - DEBUG - [mapping_recorder.main:176] - [19:14:17] Redndı: False
2025-06-26 19:14:18,441 - map_video - DEBUG - [mapping_recorder.main:176] - [19:14:18] Redndı: False
2025-06-26 19:14:19,443 - map_video - DEBUG - [mapping_recorder.main:176] - [19:14:19] Redndı: False
2025-06-26 19:14:20,445 - map_video - DEBUG - [mapping_recorder.main:176] - [19:14:20] Redndı: False
2025-06-26 19:14:21,447 - map_video - DEBUG - [mapping_recorder.main:176] - [19:14:21] Redndı: False
2025-06-26 19:14:22,448 - map_video - DEBUG - [mapping_recorder.main:176] - [19:14:22] Redndı: False
2025-06-26 19:14:23,450 - map_video - DEBUG - [mapping_recorder.main:176] - [19:14:23] Redndı: False
2025-06-26 19:14:24,451 - map_video - DEBUG - [mapping_recorder.main:176] - [19:14:24] Redndı: False
2025-06-26 19:14:25,453 - map_video - DEBUG - [mapping_recorder.main:176] - [19:14:25] Redndı: False
2025-06-26 19:14:26,455 - map_video - DEBUG - [mapping_recorder.main:176] - [19:14:26] Redndı: False
2025-06-26 19:14:27,457 - map_video - DEBUG - [mapping_recorder.main:176] - [19:14:27] Redndı: False
2025-06-26 19:14:28,459 - map_video - DEBUG - [mapping_recorder.main:176] - [19:14:28] Redndı: False
2025-06-26 19:14:29,460 - map_video - DEBUG - [mapping_recorder.main:176] - [19:14:29] Redndı: False
2025-06-26 19:14:30,462 - map_video - DEBUG - [mapping_recorder.main:176] - [19:14:30] Redndı: False
2025-06-26 19:14:31,463 - map_video - DEBUG - [mapping_recorder.main:176] - [19:14:31] Redndı: False
2025-06-26 19:14:32,465 - map_video - DEBUG - [mapping_recorder.main:176] - [19:14:32] Redndı: False
2025-06-26 19:14:33,467 - map_video - DEBUG - [mapping_recorder.main:176] - [19:14:33] Redndı: False
2025-06-26 19:14:34,469 - map_video - DEBUG - [mapping_recorder.main:176] - [19:14:34] Redndı: False
2025-06-26 19:14:35,471 - map_video - DEBUG - [mapping_recorder.main:176] - [19:14:35] Redndı: False
2025-06-26 19:14:36,472 - map_video - DEBUG - [mapping_recorder.main:176] - [19:14:36] Redndı: False
2025-06-26 19:14:37,474 - map_video - DEBUG - [mapping_recorder.main:176] - [19:14:37] Redndı: False
2025-06-26 19:14:38,475 - map_video - DEBUG - [mapping_recorder.main:176] - [19:14:38] Redndı: False
2025-06-26 19:14:39,477 - map_video - DEBUG - [mapping_recorder.main:176] - [19:14:39] Redndı: False
2025-06-26 19:14:40,479 - map_video - DEBUG - [mapping_recorder.main:176] - [19:14:40] Redndı: False
2025-06-26 19:14:41,480 - map_video - DEBUG - [mapping_recorder.main:176] - [19:14:41] Redndı: False
2025-06-26 19:14:42,482 - map_video - DEBUG - [mapping_recorder.main:176] - [19:14:42] Redndı: False
2025-06-26 19:14:43,483 - map_video - DEBUG - [mapping_recorder.main:176] - [19:14:43] Redndı: False
2025-06-26 19:14:44,485 - map_video - DEBUG - [mapping_recorder.main:176] - [19:14:44] Redndı: False
2025-06-26 19:14:45,487 - map_video - DEBUG - [mapping_recorder.main:176] - [19:14:45] Redndı: False
2025-06-26 19:14:46,489 - map_video - DEBUG - [mapping_recorder.main:176] - [19:14:46] Redndı: False
2025-06-26 19:14:47,491 - map_video - DEBUG - [mapping_recorder.main:176] - [19:14:47] Redndı: False
2025-06-26 19:14:48,493 - map_video - DEBUG - [mapping_recorder.main:176] - [19:14:48] Redndı: False
2025-06-26 19:14:49,494 - map_video - DEBUG - [mapping_recorder.main:176] - [19:14:49] Redndı: False
2025-06-26 19:14:50,496 - map_video - DEBUG - [mapping_recorder.main:176] - [19:14:50] Redndı: False
2025-06-26 19:14:51,498 - map_video - DEBUG - [mapping_recorder.main:176] - [19:14:51] Redndı: False
2025-06-26 19:14:52,500 - map_video - DEBUG - [mapping_recorder.main:176] - [19:14:52] Redndı: False
2025-06-26 19:14:53,501 - map_video - DEBUG - [mapping_recorder.main:176] - [19:14:53] Redndı: False
2025-06-26 19:14:54,503 - map_video - DEBUG - [mapping_recorder.main:176] - [19:14:54] Redndı: False
2025-06-26 19:14:55,505 - map_video - DEBUG - [mapping_recorder.main:176] - [19:14:55] Redndı: False
2025-06-26 19:14:56,507 - map_video - DEBUG - [mapping_recorder.main:176] - [19:14:56] Redndı: False
2025-06-26 19:14:57,508 - map_video - DEBUG - [mapping_recorder.main:176] - [19:14:57] Redndı: False
2025-06-26 19:14:58,510 - map_video - DEBUG - [mapping_recorder.main:176] - [19:14:58] Redndı: False
2025-06-26 19:14:59,511 - map_video - DEBUG - [mapping_recorder.main:176] - [19:14:59] Redndı: False
2025-06-26 19:15:00,513 - map_video - DEBUG - [mapping_recorder.main:176] - [19:15:00] Redndı: False
2025-06-26 19:15:01,515 - map_video - DEBUG - [mapping_recorder.main:176] - [19:15:01] Redndı: False
2025-06-26 19:15:02,516 - map_video - DEBUG - [mapping_recorder.main:176] - [19:15:02] Redndı: False
2025-06-26 19:15:03,518 - map_video - DEBUG - [mapping_recorder.main:176] - [19:15:03] Redndı: False
2025-06-26 19:15:04,519 - map_video - DEBUG - [mapping_recorder.main:176] - [19:15:04] Redndı: False
2025-06-26 19:15:05,521 - map_video - DEBUG - [mapping_recorder.main:176] - [19:15:05] Redndı: False
2025-06-26 19:15:06,523 - map_video - DEBUG - [mapping_recorder.main:176] - [19:15:06] Redndı: False
2025-06-26 19:15:07,525 - map_video - DEBUG - [mapping_recorder.main:176] - [19:15:07] Redndı: False
2025-06-26 19:15:08,527 - map_video - DEBUG - [mapping_recorder.main:176] - [19:15:08] Redndı: False
2025-06-26 19:15:09,528 - map_video - DEBUG - [mapping_recorder.main:176] - [19:15:09] Redndı: False
2025-06-26 19:15:10,530 - map_video - DEBUG - [mapping_recorder.main:176] - [19:15:10] Redndı: False
2025-06-26 19:15:11,532 - map_video - DEBUG - [mapping_recorder.main:176] - [19:15:11] Redndı: False
2025-06-26 19:15:12,533 - map_video - DEBUG - [mapping_recorder.main:176] - [19:15:12] Redndı: False
2025-06-26 19:15:13,535 - map_video - DEBUG - [mapping_recorder.main:176] - [19:15:13] Redndı: False
2025-06-26 19:15:14,536 - map_video - DEBUG - [mapping_recorder.main:176] - [19:15:14] Redndı: False
2025-06-26 19:15:15,538 - map_video - DEBUG - [mapping_recorder.main:176] - [19:15:15] Redndı: False
2025-06-26 19:15:16,540 - map_video - DEBUG - [mapping_recorder.main:176] - [19:15:16] Redndı: False
2025-06-26 19:15:17,542 - map_video - DEBUG - [mapping_recorder.main:176] - [19:15:17] Redndı: False
2025-06-26 19:15:18,544 - map_video - DEBUG - [mapping_recorder.main:176] - [19:15:18] Redndı: False
2025-06-26 19:15:19,545 - map_video - DEBUG - [mapping_recorder.main:176] - [19:15:19] Redndı: False
2025-06-26 19:15:20,546 - map_video - DEBUG - [mapping_recorder.main:176] - [19:15:20] Redndı: False
2025-06-26 19:15:21,548 - map_video - DEBUG - [mapping_recorder.main:176] - [19:15:21] Redndı: False
2025-06-26 19:15:22,550 - map_video - DEBUG - [mapping_recorder.main:176] - [19:15:22] Redndı: False
2025-06-26 19:15:23,551 - map_video - DEBUG - [mapping_recorder.main:176] - [19:15:23] Redndı: False
2025-06-26 19:15:24,553 - map_video - DEBUG - [mapping_recorder.main:176] - [19:15:24] Redndı: False
2025-06-26 19:15:25,555 - map_video - DEBUG - [mapping_recorder.main:176] - [19:15:25] Redndı: False
2025-06-26 19:15:26,556 - map_video - DEBUG - [mapping_recorder.main:176] - [19:15:26] Redndı: False
2025-06-26 19:15:27,558 - map_video - DEBUG - [mapping_recorder.main:176] - [19:15:27] Redndı: False
2025-06-26 19:15:28,560 - map_video - DEBUG - [mapping_recorder.main:176] - [19:15:28] Redndı: False
2025-06-26 19:15:29,561 - map_video - DEBUG - [mapping_recorder.main:176] - [19:15:29] Redndı: False
2025-06-26 19:15:30,563 - map_video - DEBUG - [mapping_recorder.main:176] - [19:15:30] Redndı: False
2025-06-26 19:15:31,565 - map_video - DEBUG - [mapping_recorder.main:176] - [19:15:31] Redndı: False
2025-06-26 19:15:32,567 - map_video - DEBUG - [mapping_recorder.main:176] - [19:15:32] Redndı: False
2025-06-26 19:15:33,568 - map_video - DEBUG - [mapping_recorder.main:176] - [19:15:33] Redndı: False
2025-06-26 19:15:34,570 - map_video - DEBUG - [mapping_recorder.main:176] - [19:15:34] Redndı: False
2025-06-26 19:15:35,572 - map_video - DEBUG - [mapping_recorder.main:176] - [19:15:35] Redndı: False
2025-06-26 19:15:36,573 - map_video - DEBUG - [mapping_recorder.main:176] - [19:15:36] Redndı: False
2025-06-26 19:15:37,575 - map_video - DEBUG - [mapping_recorder.main:176] - [19:15:37] Redndı: False
2025-06-26 19:15:38,577 - map_video - DEBUG - [mapping_recorder.main:176] - [19:15:38] Redndı: False
2025-06-26 19:15:39,579 - map_video - DEBUG - [mapping_recorder.main:176] - [19:15:39] Redndı: False
2025-06-26 19:15:40,580 - map_video - DEBUG - [mapping_recorder.main:176] - [19:15:40] Redndı: False
2025-06-26 19:15:41,582 - map_video - DEBUG - [mapping_recorder.main:176] - [19:15:41] Redndı: False
2025-06-26 19:15:42,583 - map_video - DEBUG - [mapping_recorder.main:176] - [19:15:42] Redndı: False
2025-06-26 19:15:43,585 - map_video - DEBUG - [mapping_recorder.main:176] - [19:15:43] Redndı: False
2025-06-26 19:15:44,587 - map_video - DEBUG - [mapping_recorder.main:176] - [19:15:44] Redndı: False
2025-06-26 19:15:45,589 - map_video - DEBUG - [mapping_recorder.main:176] - [19:15:45] Redndı: False
2025-06-26 19:15:46,591 - map_video - DEBUG - [mapping_recorder.main:176] - [19:15:46] Redndı: False
2025-06-26 19:15:47,592 - map_video - DEBUG - [mapping_recorder.main:176] - [19:15:47] Redndı: False
2025-06-26 19:15:48,594 - map_video - DEBUG - [mapping_recorder.main:176] - [19:15:48] Redndı: False
2025-06-26 19:15:49,596 - map_video - DEBUG - [mapping_recorder.main:176] - [19:15:49] Redndı: False
2025-06-26 19:15:50,597 - map_video - DEBUG - [mapping_recorder.main:176] - [19:15:50] Redndı: False
2025-06-26 19:15:51,599 - map_video - DEBUG - [mapping_recorder.main:176] - [19:15:51] Redndı: False
2025-06-26 19:15:52,601 - map_video - DEBUG - [mapping_recorder.main:176] - [19:15:52] Redndı: False
2025-06-26 19:15:53,603 - map_video - DEBUG - [mapping_recorder.main:176] - [19:15:53] Redndı: False
2025-06-26 19:15:54,604 - map_video - DEBUG - [mapping_recorder.main:176] - [19:15:54] Redndı: False
2025-06-26 19:15:55,606 - map_video - DEBUG - [mapping_recorder.main:176] - [19:15:55] Redndı: False
2025-06-26 19:15:56,607 - map_video - DEBUG - [mapping_recorder.main:176] - [19:15:56] Redndı: False
2025-06-26 19:15:57,609 - map_video - DEBUG - [mapping_recorder.main:176] - [19:15:57] Redndı: False
2025-06-26 19:15:58,611 - map_video - DEBUG - [mapping_recorder.main:176] - [19:15:58] Redndı: False
2025-06-26 19:15:59,613 - map_video - DEBUG - [mapping_recorder.main:176] - [19:15:59] Redndı: False
2025-06-26 19:16:00,615 - map_video - DEBUG - [mapping_recorder.main:176] - [19:16:00] Redndı: False
2025-06-26 19:16:01,616 - map_video - DEBUG - [mapping_recorder.main:176] - [19:16:01] Redndı: False
2025-06-26 19:16:02,618 - map_video - DEBUG - [mapping_recorder.main:176] - [19:16:02] Redndı: False
2025-06-26 19:16:03,620 - map_video - DEBUG - [mapping_recorder.main:176] - [19:16:03] Redndı: False
2025-06-26 19:16:04,622 - map_video - DEBUG - [mapping_recorder.main:176] - [19:16:04] Redndı: False
2025-06-26 19:16:05,623 - map_video - DEBUG - [mapping_recorder.main:176] - [19:16:05] Redndı: False
2025-06-26 19:16:06,625 - map_video - DEBUG - [mapping_recorder.main:176] - [19:16:06] Redndı: False
2025-06-26 19:16:07,627 - map_video - DEBUG - [mapping_recorder.main:176] - [19:16:07] Redndı: False
2025-06-26 19:16:08,628 - map_video - DEBUG - [mapping_recorder.main:176] - [19:16:08] Redndı: False
2025-06-26 19:16:09,630 - map_video - DEBUG - [mapping_recorder.main:176] - [19:16:09] Redndı: False
2025-06-26 19:16:10,632 - map_video - DEBUG - [mapping_recorder.main:176] - [19:16:10] Redndı: False
2025-06-26 19:16:11,633 - map_video - DEBUG - [mapping_recorder.main:176] - [19:16:11] Redndı: False
2025-06-26 19:16:12,635 - map_video - DEBUG - [mapping_recorder.main:176] - [19:16:12] Redndı: False
2025-06-26 19:16:13,637 - map_video - DEBUG - [mapping_recorder.main:176] - [19:16:13] Redndı: False
2025-06-26 19:16:14,639 - map_video - DEBUG - [mapping_recorder.main:176] - [19:16:14] Redndı: False
2025-06-26 19:16:15,640 - map_video - DEBUG - [mapping_recorder.main:176] - [19:16:15] Redndı: False
2025-06-26 19:16:16,642 - map_video - DEBUG - [mapping_recorder.main:176] - [19:16:16] Redndı: False
2025-06-26 19:16:17,644 - map_video - DEBUG - [mapping_recorder.main:176] - [19:16:17] Redndı: False
2025-06-26 19:16:18,646 - map_video - DEBUG - [mapping_recorder.main:176] - [19:16:18] Redndı: False
2025-06-26 19:16:19,648 - map_video - DEBUG - [mapping_recorder.main:176] - [19:16:19] Redndı: False
2025-06-26 19:16:20,649 - map_video - DEBUG - [mapping_recorder.main:176] - [19:16:20] Redndı: False
2025-06-26 19:16:21,651 - map_video - DEBUG - [mapping_recorder.main:176] - [19:16:21] Redndı: False
2025-06-26 19:16:22,652 - map_video - DEBUG - [mapping_recorder.main:176] - [19:16:22] Redndı: False
2025-06-26 19:16:23,654 - map_video - DEBUG - [mapping_recorder.main:176] - [19:16:23] Redndı: False
2025-06-26 19:16:24,656 - map_video - DEBUG - [mapping_recorder.main:176] - [19:16:24] Redndı: False
2025-06-26 19:16:25,657 - map_video - DEBUG - [mapping_recorder.main:176] - [19:16:25] Redndı: False
2025-06-26 19:16:26,659 - map_video - DEBUG - [mapping_recorder.main:176] - [19:16:26] Redndı: False
2025-06-26 19:16:27,661 - map_video - DEBUG - [mapping_recorder.main:176] - [19:16:27] Redndı: False
2025-06-26 19:16:28,663 - map_video - DEBUG - [mapping_recorder.main:176] - [19:16:28] Redndı: False
2025-06-26 19:16:29,664 - map_video - DEBUG - [mapping_recorder.main:176] - [19:16:29] Redndı: False
2025-06-26 19:16:30,666 - map_video - DEBUG - [mapping_recorder.main:176] - [19:16:30] Redndı: False
2025-06-26 19:16:31,667 - map_video - DEBUG - [mapping_recorder.main:176] - [19:16:31] Redndı: False
2025-06-26 19:16:32,669 - map_video - DEBUG - [mapping_recorder.main:176] - [19:16:32] Redndı: False
2025-06-26 19:16:33,671 - map_video - DEBUG - [mapping_recorder.main:176] - [19:16:33] Redndı: False
2025-06-26 19:16:34,673 - map_video - DEBUG - [mapping_recorder.main:176] - [19:16:34] Redndı: False
2025-06-26 19:16:35,675 - map_video - DEBUG - [mapping_recorder.main:176] - [19:16:35] Redndı: False
2025-06-26 19:16:36,676 - map_video - DEBUG - [mapping_recorder.main:176] - [19:16:36] Redndı: False
2025-06-26 19:16:37,678 - map_video - DEBUG - [mapping_recorder.main:176] - [19:16:37] Redndı: False
2025-06-26 19:16:38,679 - map_video - DEBUG - [mapping_recorder.main:176] - [19:16:38] Redndı: False
2025-06-26 19:16:39,681 - map_video - DEBUG - [mapping_recorder.main:176] - [19:16:39] Redndı: False
2025-06-26 19:16:40,682 - map_video - DEBUG - [mapping_recorder.main:176] - [19:16:40] Redndı: False
2025-06-26 19:16:41,684 - map_video - DEBUG - [mapping_recorder.main:176] - [19:16:41] Redndı: False
2025-06-26 19:16:42,686 - map_video - DEBUG - [mapping_recorder.main:176] - [19:16:42] Redndı: False
2025-06-26 19:16:43,688 - map_video - DEBUG - [mapping_recorder.main:176] - [19:16:43] Redndı: False
2025-06-26 19:16:44,689 - map_video - DEBUG - [mapping_recorder.main:176] - [19:16:44] Redndı: False
2025-06-26 19:16:45,691 - map_video - DEBUG - [mapping_recorder.main:176] - [19:16:45] Redndı: False
2025-06-26 19:16:46,693 - map_video - DEBUG - [mapping_recorder.main:176] - [19:16:46] Redndı: False
2025-06-26 19:16:47,694 - map_video - DEBUG - [mapping_recorder.main:176] - [19:16:47] Redndı: False
2025-06-26 19:16:48,696 - map_video - DEBUG - [mapping_recorder.main:176] - [19:16:48] Redndı: False
2025-06-26 19:16:49,698 - map_video - DEBUG - [mapping_recorder.main:176] - [19:16:49] Redndı: False
2025-06-26 19:16:50,699 - map_video - DEBUG - [mapping_recorder.main:176] - [19:16:50] Redndı: False
2025-06-26 19:16:51,701 - map_video - DEBUG - [mapping_recorder.main:176] - [19:16:51] Redndı: False
2025-06-26 19:16:52,703 - map_video - DEBUG - [mapping_recorder.main:176] - [19:16:52] Redndı: False
2025-06-26 19:16:53,705 - map_video - DEBUG - [mapping_recorder.main:176] - [19:16:53] Redndı: False
2025-06-26 19:16:54,707 - map_video - DEBUG - [mapping_recorder.main:176] - [19:16:54] Redndı: False
2025-06-26 19:16:55,708 - map_video - DEBUG - [mapping_recorder.main:176] - [19:16:55] Redndı: False
2025-06-26 19:16:56,710 - map_video - DEBUG - [mapping_recorder.main:176] - [19:16:56] Redndı: False
2025-06-26 19:16:57,712 - map_video - DEBUG - [mapping_recorder.main:176] - [19:16:57] Redndı: False
2025-06-26 19:16:58,714 - map_video - DEBUG - [mapping_recorder.main:176] - [19:16:58] Redndı: False
2025-06-26 19:16:59,716 - map_video - DEBUG - [mapping_recorder.main:176] - [19:16:59] Redndı: False
2025-06-26 19:17:00,718 - map_video - DEBUG - [mapping_recorder.main:176] - [19:17:00] Redndı: False
2025-06-26 19:17:01,720 - map_video - DEBUG - [mapping_recorder.main:176] - [19:17:01] Redndı: False
2025-06-26 19:17:02,721 - map_video - DEBUG - [mapping_recorder.main:176] - [19:17:02] Redndı: False
2025-06-26 19:17:03,723 - map_video - DEBUG - [mapping_recorder.main:176] - [19:17:03] Redndı: False
2025-06-26 19:17:04,725 - map_video - DEBUG - [mapping_recorder.main:176] - [19:17:04] Redndı: False
2025-06-26 19:17:05,727 - map_video - DEBUG - [mapping_recorder.main:176] - [19:17:05] Redndı: False
2025-06-26 19:17:06,728 - map_video - DEBUG - [mapping_recorder.main:176] - [19:17:06] Redndı: False
2025-06-26 19:17:07,730 - map_video - DEBUG - [mapping_recorder.main:176] - [19:17:07] Redndı: False
2025-06-26 19:17:08,731 - map_video - DEBUG - [mapping_recorder.main:176] - [19:17:08] Redndı: False
2025-06-26 19:17:09,733 - map_video - DEBUG - [mapping_recorder.main:176] - [19:17:09] Redndı: False
2025-06-26 19:17:10,735 - map_video - DEBUG - [mapping_recorder.main:176] - [19:17:10] Redndı: False
2025-06-26 19:17:11,737 - map_video - DEBUG - [mapping_recorder.main:176] - [19:17:11] Redndı: False
2025-06-26 19:17:12,739 - map_video - DEBUG - [mapping_recorder.main:176] - [19:17:12] Redndı: False
2025-06-26 19:17:13,740 - map_video - DEBUG - [mapping_recorder.main:176] - [19:17:13] Redndı: False
2025-06-26 19:17:14,742 - map_video - DEBUG - [mapping_recorder.main:176] - [19:17:14] Redndı: False
2025-06-26 19:17:15,744 - map_video - DEBUG - [mapping_recorder.main:176] - [19:17:15] Redndı: False
2025-06-26 19:17:16,746 - map_video - DEBUG - [mapping_recorder.main:176] - [19:17:16] Redndı: False
2025-06-26 19:17:17,747 - map_video - DEBUG - [mapping_recorder.main:176] - [19:17:17] Redndı: False
2025-06-26 19:17:18,749 - map_video - DEBUG - [mapping_recorder.main:176] - [19:17:18] Redndı: False
2025-06-26 19:17:19,751 - map_video - DEBUG - [mapping_recorder.main:176] - [19:17:19] Redndı: False
2025-06-26 19:17:20,752 - map_video - DEBUG - [mapping_recorder.main:176] - [19:17:20] Redndı: False
2025-06-26 19:17:21,754 - map_video - DEBUG - [mapping_recorder.main:176] - [19:17:21] Redndı: False
2025-06-26 19:17:22,755 - map_video - DEBUG - [mapping_recorder.main:176] - [19:17:22] Redndı: False
2025-06-26 19:17:23,757 - map_video - DEBUG - [mapping_recorder.main:176] - [19:17:23] Redndı: False
2025-06-26 19:17:24,759 - map_video - DEBUG - [mapping_recorder.main:176] - [19:17:24] Redndı: False
2025-06-26 19:17:25,761 - map_video - DEBUG - [mapping_recorder.main:176] - [19:17:25] Redndı: False
2025-06-26 19:17:26,763 - map_video - DEBUG - [mapping_recorder.main:176] - [19:17:26] Redndı: False
2025-06-26 19:17:27,764 - map_video - DEBUG - [mapping_recorder.main:176] - [19:17:27] Redndı: False
2025-06-26 19:17:28,766 - map_video - DEBUG - [mapping_recorder.main:176] - [19:17:28] Redndı: False
2025-06-26 19:17:29,768 - map_video - DEBUG - [mapping_recorder.main:176] - [19:17:29] Redndı: False
2025-06-26 19:17:30,769 - map_video - DEBUG - [mapping_recorder.main:176] - [19:17:30] Redndı: False
2025-06-26 19:17:31,771 - map_video - DEBUG - [mapping_recorder.main:176] - [19:17:31] Redndı: False
2025-06-26 19:17:32,773 - map_video - DEBUG - [mapping_recorder.main:176] - [19:17:32] Redndı: False
2025-06-26 19:17:33,775 - map_video - DEBUG - [mapping_recorder.main:176] - [19:17:33] Redndı: False
2025-06-26 19:17:34,777 - map_video - DEBUG - [mapping_recorder.main:176] - [19:17:34] Redndı: False
2025-06-26 19:17:35,778 - map_video - DEBUG - [mapping_recorder.main:176] - [19:17:35] Redndı: False
2025-06-26 19:17:36,780 - map_video - DEBUG - [mapping_recorder.main:176] - [19:17:36] Redndı: False
2025-06-26 19:17:37,782 - map_video - DEBUG - [mapping_recorder.main:176] - [19:17:37] Redndı: False
2025-06-26 19:17:38,784 - map_video - DEBUG - [mapping_recorder.main:176] - [19:17:38] Redndı: False
2025-06-26 19:17:39,785 - map_video - DEBUG - [mapping_recorder.main:176] - [19:17:39] Redndı: False
2025-06-26 19:17:40,787 - map_video - DEBUG - [mapping_recorder.main:176] - [19:17:40] Redndı: False
2025-06-26 19:17:41,789 - map_video - DEBUG - [mapping_recorder.main:176] - [19:17:41] Redndı: False
2025-06-26 19:17:42,791 - map_video - DEBUG - [mapping_recorder.main:176] - [19:17:42] Redndı: False
2025-06-26 19:17:43,792 - map_video - DEBUG - [mapping_recorder.main:176] - [19:17:43] Redndı: False
2025-06-26 19:17:44,794 - map_video - DEBUG - [mapping_recorder.main:176] - [19:17:44] Redndı: False
2025-06-26 19:17:45,796 - map_video - DEBUG - [mapping_recorder.main:176] - [19:17:45] Redndı: False
2025-06-26 19:17:46,797 - map_video - DEBUG - [mapping_recorder.main:176] - [19:17:46] Redndı: False
2025-06-26 19:17:47,799 - map_video - DEBUG - [mapping_recorder.main:176] - [19:17:47] Redndı: False
2025-06-26 19:17:48,801 - map_video - DEBUG - [mapping_recorder.main:176] - [19:17:48] Redndı: False
2025-06-26 19:17:49,802 - map_video - DEBUG - [mapping_recorder.main:176] - [19:17:49] Redndı: False
2025-06-26 19:17:50,804 - map_video - DEBUG - [mapping_recorder.main:176] - [19:17:50] Redndı: False
2025-06-26 19:17:51,806 - map_video - DEBUG - [mapping_recorder.main:176] - [19:17:51] Redndı: False
2025-06-26 19:17:52,808 - map_video - DEBUG - [mapping_recorder.main:176] - [19:17:52] Redndı: False
2025-06-26 19:17:53,809 - map_video - DEBUG - [mapping_recorder.main:176] - [19:17:53] Redndı: False
2025-06-26 19:17:54,811 - map_video - DEBUG - [mapping_recorder.main:176] - [19:17:54] Redndı: False
2025-06-26 19:17:55,813 - map_video - DEBUG - [mapping_recorder.main:176] - [19:17:55] Redndı: False
2025-06-26 19:17:56,815 - map_video - DEBUG - [mapping_recorder.main:176] - [19:17:56] Redndı: False
2025-06-26 19:17:57,816 - map_video - DEBUG - [mapping_recorder.main:176] - [19:17:57] Redndı: False
2025-06-26 19:17:58,818 - map_video - DEBUG - [mapping_recorder.main:176] - [19:17:58] Redndı: False
2025-06-26 19:17:59,820 - map_video - DEBUG - [mapping_recorder.main:176] - [19:17:59] Redndı: False
2025-06-26 19:18:00,821 - map_video - DEBUG - [mapping_recorder.main:176] - [19:18:00] Redndı: False
2025-06-26 19:18:01,823 - map_video - DEBUG - [mapping_recorder.main:176] - [19:18:01] Redndı: False
2025-06-26 19:18:02,825 - map_video - DEBUG - [mapping_recorder.main:176] - [19:18:02] Redndı: False
2025-06-26 19:18:03,827 - map_video - DEBUG - [mapping_recorder.main:176] - [19:18:03] Redndı: False
2025-06-26 19:18:04,828 - map_video - DEBUG - [mapping_recorder.main:176] - [19:18:04] Redndı: False
2025-06-26 19:18:05,830 - map_video - DEBUG - [mapping_recorder.main:176] - [19:18:05] Redndı: False
2025-06-26 19:18:06,831 - map_video - DEBUG - [mapping_recorder.main:176] - [19:18:06] Redndı: False
2025-06-26 19:18:07,833 - map_video - DEBUG - [mapping_recorder.main:176] - [19:18:07] Redndı: False
2025-06-26 19:18:08,835 - map_video - DEBUG - [mapping_recorder.main:176] - [19:18:08] Redndı: False
2025-06-26 19:18:09,836 - map_video - DEBUG - [mapping_recorder.main:176] - [19:18:09] Redndı: False
2025-06-26 19:18:10,838 - map_video - DEBUG - [mapping_recorder.main:176] - [19:18:10] Redndı: False
2025-06-26 19:18:11,839 - map_video - DEBUG - [mapping_recorder.main:176] - [19:18:11] Redndı: False
2025-06-26 19:18:12,841 - map_video - DEBUG - [mapping_recorder.main:176] - [19:18:12] Redndı: False
2025-06-26 19:18:13,843 - map_video - DEBUG - [mapping_recorder.main:176] - [19:18:13] Redndı: False
2025-06-26 19:18:14,845 - map_video - DEBUG - [mapping_recorder.main:176] - [19:18:14] Redndı: False
2025-06-26 19:18:15,846 - map_video - DEBUG - [mapping_recorder.main:176] - [19:18:15] Redndı: False
2025-06-26 19:18:16,848 - map_video - DEBUG - [mapping_recorder.main:176] - [19:18:16] Redndı: False
2025-06-26 19:18:17,849 - map_video - DEBUG - [mapping_recorder.main:176] - [19:18:17] Redndı: False
2025-06-26 19:18:18,851 - map_video - DEBUG - [mapping_recorder.main:176] - [19:18:18] Redndı: False
2025-06-26 19:18:19,853 - map_video - DEBUG - [mapping_recorder.main:176] - [19:18:19] Redndı: False
2025-06-26 19:18:20,855 - map_video - DEBUG - [mapping_recorder.main:176] - [19:18:20] Redndı: False
2025-06-26 19:18:21,857 - map_video - DEBUG - [mapping_recorder.main:176] - [19:18:21] Redndı: False
2025-06-26 19:18:22,859 - map_video - DEBUG - [mapping_recorder.main:176] - [19:18:22] Redndı: False
2025-06-26 19:18:23,860 - map_video - DEBUG - [mapping_recorder.main:176] - [19:18:23] Redndı: False
2025-06-26 19:18:24,862 - map_video - DEBUG - [mapping_recorder.main:176] - [19:18:24] Redndı: False
2025-06-26 19:18:25,864 - map_video - DEBUG - [mapping_recorder.main:176] - [19:18:25] Redndı: False
2025-06-26 19:18:26,865 - map_video - DEBUG - [mapping_recorder.main:176] - [19:18:26] Redndı: False
2025-06-26 19:18:27,867 - map_video - DEBUG - [mapping_recorder.main:176] - [19:18:27] Redndı: False
2025-06-26 19:18:28,868 - map_video - DEBUG - [mapping_recorder.main:176] - [19:18:28] Redndı: False
2025-06-26 19:18:29,870 - map_video - DEBUG - [mapping_recorder.main:176] - [19:18:29] Redndı: False
2025-06-26 19:18:30,871 - map_video - DEBUG - [mapping_recorder.main:176] - [19:18:30] Redndı: False
2025-06-26 19:18:31,873 - map_video - DEBUG - [mapping_recorder.main:176] - [19:18:31] Redndı: False
2025-06-26 19:18:32,875 - map_video - DEBUG - [mapping_recorder.main:176] - [19:18:32] Redndı: False
2025-06-26 19:18:33,877 - map_video - DEBUG - [mapping_recorder.main:176] - [19:18:33] Redndı: False
2025-06-26 19:18:34,878 - map_video - DEBUG - [mapping_recorder.main:176] - [19:18:34] Redndı: False
2025-06-26 19:18:35,880 - map_video - DEBUG - [mapping_recorder.main:176] - [19:18:35] Redndı: False
2025-06-26 19:18:36,882 - map_video - DEBUG - [mapping_recorder.main:176] - [19:18:36] Redndı: False
2025-06-26 19:18:37,884 - map_video - DEBUG - [mapping_recorder.main:176] - [19:18:37] Redndı: False
2025-06-26 19:18:38,885 - map_video - DEBUG - [mapping_recorder.main:176] - [19:18:38] Redndı: False
2025-06-26 19:18:39,887 - map_video - DEBUG - [mapping_recorder.main:176] - [19:18:39] Redndı: False
2025-06-26 19:18:40,889 - map_video - DEBUG - [mapping_recorder.main:176] - [19:18:40] Redndı: False
2025-06-26 19:18:41,891 - map_video - DEBUG - [mapping_recorder.main:176] - [19:18:41] Redndı: False
2025-06-26 19:18:42,892 - map_video - DEBUG - [mapping_recorder.main:176] - [19:18:42] Redndı: False
2025-06-26 19:18:43,894 - map_video - DEBUG - [mapping_recorder.main:176] - [19:18:43] Redndı: False
2025-06-26 19:18:44,895 - map_video - DEBUG - [mapping_recorder.main:176] - [19:18:44] Redndı: False
2025-06-26 19:18:45,897 - map_video - DEBUG - [mapping_recorder.main:176] - [19:18:45] Redndı: False
2025-06-26 19:18:46,899 - map_video - DEBUG - [mapping_recorder.main:176] - [19:18:46] Redndı: False
2025-06-26 19:18:47,901 - map_video - DEBUG - [mapping_recorder.main:176] - [19:18:47] Redndı: False
2025-06-26 19:18:48,903 - map_video - DEBUG - [mapping_recorder.main:176] - [19:18:48] Redndı: False
2025-06-26 19:18:49,904 - map_video - DEBUG - [mapping_recorder.main:176] - [19:18:49] Redndı: False
2025-06-26 19:18:50,906 - map_video - DEBUG - [mapping_recorder.main:176] - [19:18:50] Redndı: False
2025-06-26 19:18:51,908 - map_video - DEBUG - [mapping_recorder.main:176] - [19:18:51] Redndı: False
2025-06-26 19:18:52,909 - map_video - DEBUG - [mapping_recorder.main:176] - [19:18:52] Redndı: False
2025-06-26 19:18:53,911 - map_video - DEBUG - [mapping_recorder.main:176] - [19:18:53] Redndı: False
2025-06-26 19:18:54,912 - map_video - DEBUG - [mapping_recorder.main:176] - [19:18:54] Redndı: False
2025-06-26 19:18:55,914 - map_video - DEBUG - [mapping_recorder.main:176] - [19:18:55] Redndı: False
2025-06-26 19:18:56,915 - map_video - DEBUG - [mapping_recorder.main:176] - [19:18:56] Redndı: False
2025-06-26 19:18:57,917 - map_video - DEBUG - [mapping_recorder.main:176] - [19:18:57] Redndı: False
2025-06-26 19:18:58,919 - map_video - DEBUG - [mapping_recorder.main:176] - [19:18:58] Redndı: False
2025-06-26 19:18:59,921 - map_video - DEBUG - [mapping_recorder.main:176] - [19:18:59] Redndı: False
2025-06-26 19:19:00,923 - map_video - DEBUG - [mapping_recorder.main:176] - [19:19:00] Redndı: False
2025-06-26 19:19:01,925 - map_video - DEBUG - [mapping_recorder.main:176] - [19:19:01] Redndı: False
2025-06-26 19:19:02,926 - map_video - DEBUG - [mapping_recorder.main:176] - [19:19:02] Redndı: False
2025-06-26 19:19:03,928 - map_video - DEBUG - [mapping_recorder.main:176] - [19:19:03] Redndı: False
2025-06-26 19:19:04,930 - map_video - DEBUG - [mapping_recorder.main:176] - [19:19:04] Redndı: False
2025-06-26 19:19:05,932 - map_video - DEBUG - [mapping_recorder.main:176] - [19:19:05] Redndı: False
2025-06-26 19:19:06,933 - map_video - DEBUG - [mapping_recorder.main:176] - [19:19:06] Redndı: False
2025-06-26 19:19:07,935 - map_video - DEBUG - [mapping_recorder.main:176] - [19:19:07] Redndı: False
2025-06-26 19:19:08,937 - map_video - DEBUG - [mapping_recorder.main:176] - [19:19:08] Redndı: False
2025-06-26 19:19:09,939 - map_video - DEBUG - [mapping_recorder.main:176] - [19:19:09] Redndı: False
2025-06-26 19:19:10,940 - map_video - DEBUG - [mapping_recorder.main:176] - [19:19:10] Redndı: False
2025-06-26 19:19:11,942 - map_video - DEBUG - [mapping_recorder.main:176] - [19:19:11] Redndı: False
2025-06-26 19:19:12,944 - map_video - DEBUG - [mapping_recorder.main:176] - [19:19:12] Redndı: False
2025-06-26 19:19:13,946 - map_video - DEBUG - [mapping_recorder.main:176] - [19:19:13] Redndı: False
2025-06-26 19:19:14,948 - map_video - DEBUG - [mapping_recorder.main:176] - [19:19:14] Redndı: False
2025-06-26 19:19:15,949 - map_video - DEBUG - [mapping_recorder.main:176] - [19:19:15] Redndı: False
2025-06-26 19:19:16,951 - map_video - DEBUG - [mapping_recorder.main:176] - [19:19:16] Redndı: False
2025-06-26 19:19:17,953 - map_video - DEBUG - [mapping_recorder.main:176] - [19:19:17] Redndı: False
2025-06-26 19:19:18,955 - map_video - DEBUG - [mapping_recorder.main:176] - [19:19:18] Redndı: False
2025-06-26 19:19:19,956 - map_video - DEBUG - [mapping_recorder.main:176] - [19:19:19] Redndı: False
2025-06-26 19:19:20,958 - map_video - DEBUG - [mapping_recorder.main:176] - [19:19:20] Redndı: False
2025-06-26 19:19:21,960 - map_video - DEBUG - [mapping_recorder.main:176] - [19:19:21] Redndı: False
2025-06-26 19:19:22,961 - map_video - DEBUG - [mapping_recorder.main:176] - [19:19:22] Redndı: False
2025-06-26 19:19:23,963 - map_video - DEBUG - [mapping_recorder.main:176] - [19:19:23] Redndı: False
2025-06-26 19:19:24,965 - map_video - DEBUG - [mapping_recorder.main:176] - [19:19:24] Redndı: False
2025-06-26 19:19:25,967 - map_video - DEBUG - [mapping_recorder.main:176] - [19:19:25] Redndı: False
2025-06-26 19:19:26,969 - map_video - DEBUG - [mapping_recorder.main:176] - [19:19:26] Redndı: False
2025-06-26 19:19:27,971 - map_video - DEBUG - [mapping_recorder.main:176] - [19:19:27] Redndı: False
2025-06-26 19:19:29,003 - map_video - DEBUG - [mapping_recorder.main:176] - [19:19:29] Redndı: False
2025-06-26 19:19:30,005 - map_video - DEBUG - [mapping_recorder.main:176] - [19:19:30] Redndı: False
2025-06-26 19:19:31,007 - map_video - DEBUG - [mapping_recorder.main:176] - [19:19:31] Redndı: False
2025-06-26 19:19:32,008 - map_video - DEBUG - [mapping_recorder.main:176] - [19:19:32] Redndı: False
2025-06-26 19:19:33,010 - map_video - DEBUG - [mapping_recorder.main:176] - [19:19:33] Redndı: False
2025-06-26 19:19:34,042 - map_video - DEBUG - [mapping_recorder.main:176] - [19:19:34] Redndı: False
2025-06-26 19:19:35,044 - map_video - DEBUG - [mapping_recorder.main:176] - [19:19:35] Redndı: False
2025-06-26 19:19:36,046 - map_video - DEBUG - [mapping_recorder.main:176] - [19:19:36] Redndı: False
2025-06-26 19:19:37,048 - map_video - DEBUG - [mapping_recorder.main:176] - [19:19:37] Redndı: False
2025-06-26 19:19:38,050 - map_video - DEBUG - [mapping_recorder.main:176] - [19:19:38] Redndı: False
2025-06-26 19:19:39,051 - map_video - DEBUG - [mapping_recorder.main:176] - [19:19:39] Redndı: False
2025-06-26 19:19:40,053 - map_video - DEBUG - [mapping_recorder.main:176] - [19:19:40] Redndı: False
2025-06-26 19:19:41,055 - map_video - DEBUG - [mapping_recorder.main:176] - [19:19:41] Redndı: False
2025-06-26 19:19:42,057 - map_video - DEBUG - [mapping_recorder.main:176] - [19:19:42] Redndı: False
2025-06-26 19:19:43,059 - map_video - DEBUG - [mapping_recorder.main:176] - [19:19:43] Redndı: False
2025-06-26 19:19:44,092 - map_video - DEBUG - [mapping_recorder.main:176] - [19:19:44] Redndı: False
2025-06-26 19:19:45,094 - map_video - DEBUG - [mapping_recorder.main:176] - [19:19:45] Redndı: False
2025-06-26 19:19:46,096 - map_video - DEBUG - [mapping_recorder.main:176] - [19:19:46] Redndı: False
2025-06-26 19:19:47,098 - map_video - DEBUG - [mapping_recorder.main:176] - [19:19:47] Redndı: False
2025-06-26 19:19:48,100 - map_video - DEBUG - [mapping_recorder.main:176] - [19:19:48] Redndı: False
2025-06-26 19:19:49,133 - map_video - DEBUG - [mapping_recorder.main:176] - [19:19:49] Redndı: False
2025-06-26 19:19:50,135 - map_video - DEBUG - [mapping_recorder.main:176] - [19:19:50] Redndı: False
2025-06-26 19:19:51,137 - map_video - DEBUG - [mapping_recorder.main:176] - [19:19:51] Redndı: False
2025-06-26 19:19:52,139 - map_video - DEBUG - [mapping_recorder.main:176] - [19:19:52] Redndı: False
2025-06-26 19:19:53,141 - map_video - DEBUG - [mapping_recorder.main:176] - [19:19:53] Redndı: False
2025-06-26 19:19:54,175 - map_video - DEBUG - [mapping_recorder.main:176] - [19:19:54] Redndı: False
2025-06-26 19:19:55,177 - map_video - DEBUG - [mapping_recorder.main:176] - [19:19:55] Redndı: False
2025-06-26 19:19:56,179 - map_video - DEBUG - [mapping_recorder.main:176] - [19:19:56] Redndı: False
2025-06-26 19:19:57,181 - map_video - DEBUG - [mapping_recorder.main:176] - [19:19:57] Redndı: False
2025-06-26 19:19:58,183 - map_video - DEBUG - [mapping_recorder.main:176] - [19:19:58] Redndı: False
2025-06-26 19:19:59,184 - map_video - DEBUG - [mapping_recorder.main:176] - [19:19:59] Redndı: False
2025-06-26 19:20:00,185 - map_video - DEBUG - [mapping_recorder.main:176] - [19:20:00] Redndı: False
2025-06-26 19:20:01,187 - map_video - DEBUG - [mapping_recorder.main:176] - [19:20:01] Redndı: False
2025-06-26 19:20:02,189 - map_video - DEBUG - [mapping_recorder.main:176] - [19:20:02] Redndı: False
2025-06-26 19:20:03,191 - map_video - DEBUG - [mapping_recorder.main:176] - [19:20:03] Redndı: False
2025-06-26 19:20:04,192 - map_video - DEBUG - [mapping_recorder.main:176] - [19:20:04] Redndı: False
2025-06-26 19:20:05,194 - map_video - DEBUG - [mapping_recorder.main:176] - [19:20:05] Redndı: False
2025-06-26 19:20:06,196 - map_video - DEBUG - [mapping_recorder.main:176] - [19:20:06] Redndı: False
2025-06-26 19:20:07,198 - map_video - DEBUG - [mapping_recorder.main:176] - [19:20:07] Redndı: False
2025-06-26 19:20:08,199 - map_video - DEBUG - [mapping_recorder.main:176] - [19:20:08] Redndı: False
2025-06-26 19:20:09,201 - map_video - DEBUG - [mapping_recorder.main:176] - [19:20:09] Redndı: False
2025-06-26 19:20:10,203 - map_video - DEBUG - [mapping_recorder.main:176] - [19:20:10] Redndı: False
2025-06-26 19:20:11,205 - map_video - DEBUG - [mapping_recorder.main:176] - [19:20:11] Redndı: False
2025-06-26 19:20:12,207 - map_video - DEBUG - [mapping_recorder.main:176] - [19:20:12] Redndı: False
2025-06-26 19:20:13,209 - map_video - DEBUG - [mapping_recorder.main:176] - [19:20:13] Redndı: False
2025-06-26 19:20:14,210 - map_video - DEBUG - [mapping_recorder.main:176] - [19:20:14] Redndı: False
2025-06-26 19:20:15,212 - map_video - DEBUG - [mapping_recorder.main:176] - [19:20:15] Redndı: False
2025-06-26 19:20:16,214 - map_video - DEBUG - [mapping_recorder.main:176] - [19:20:16] Redndı: False
2025-06-26 19:20:17,216 - map_video - DEBUG - [mapping_recorder.main:176] - [19:20:17] Redndı: False
2025-06-26 19:20:18,218 - map_video - DEBUG - [mapping_recorder.main:176] - [19:20:18] Redndı: False
2025-06-26 19:20:19,219 - map_video - DEBUG - [mapping_recorder.main:176] - [19:20:19] Redndı: False
2025-06-26 19:20:20,221 - map_video - DEBUG - [mapping_recorder.main:176] - [19:20:20] Redndı: False
2025-06-26 19:20:21,223 - map_video - DEBUG - [mapping_recorder.main:176] - [19:20:21] Redndı: False
2025-06-26 19:20:22,225 - map_video - DEBUG - [mapping_recorder.main:176] - [19:20:22] Redndı: False
2025-06-26 19:20:23,227 - map_video - DEBUG - [mapping_recorder.main:176] - [19:20:23] Redndı: False
2025-06-26 19:20:24,228 - map_video - DEBUG - [mapping_recorder.main:176] - [19:20:24] Redndı: False
2025-06-26 19:20:25,230 - map_video - DEBUG - [mapping_recorder.main:176] - [19:20:25] Redndı: False
2025-06-26 19:20:26,231 - map_video - DEBUG - [mapping_recorder.main:176] - [19:20:26] Redndı: False
2025-06-26 19:20:27,233 - map_video - DEBUG - [mapping_recorder.main:176] - [19:20:27] Redndı: False
2025-06-26 19:20:28,235 - map_video - DEBUG - [mapping_recorder.main:176] - [19:20:28] Redndı: False
2025-06-26 19:20:29,237 - map_video - DEBUG - [mapping_recorder.main:176] - [19:20:29] Redndı: False
2025-06-26 19:20:30,239 - map_video - DEBUG - [mapping_recorder.main:176] - [19:20:30] Redndı: False
2025-06-26 19:20:31,240 - map_video - DEBUG - [mapping_recorder.main:176] - [19:20:31] Redndı: False
2025-06-26 19:20:32,242 - map_video - DEBUG - [mapping_recorder.main:176] - [19:20:32] Redndı: False
2025-06-26 19:20:33,244 - map_video - DEBUG - [mapping_recorder.main:176] - [19:20:33] Redndı: False
2025-06-26 19:20:34,246 - map_video - DEBUG - [mapping_recorder.main:176] - [19:20:34] Redndı: False
2025-06-26 19:20:35,247 - map_video - DEBUG - [mapping_recorder.main:176] - [19:20:35] Redndı: False
2025-06-26 19:20:36,249 - map_video - DEBUG - [mapping_recorder.main:176] - [19:20:36] Redndı: False
2025-06-26 19:20:37,250 - map_video - DEBUG - [mapping_recorder.main:176] - [19:20:37] Redndı: False
2025-06-26 19:20:38,252 - map_video - DEBUG - [mapping_recorder.main:176] - [19:20:38] Redndı: False
2025-06-26 19:20:39,254 - map_video - DEBUG - [mapping_recorder.main:176] - [19:20:39] Redndı: False
2025-06-26 19:20:40,256 - map_video - DEBUG - [mapping_recorder.main:176] - [19:20:40] Redndı: False
2025-06-26 19:20:41,282 - map_video - DEBUG - [mapping_recorder.main:176] - [19:20:41] Redndı: False
2025-06-26 19:20:42,283 - map_video - DEBUG - [mapping_recorder.main:176] - [19:20:42] Redndı: False
2025-06-26 19:20:43,285 - map_video - DEBUG - [mapping_recorder.main:176] - [19:20:43] Redndı: False
2025-06-26 19:20:44,286 - map_video - DEBUG - [mapping_recorder.main:176] - [19:20:44] Redndı: False
2025-06-26 19:20:45,288 - map_video - DEBUG - [mapping_recorder.main:176] - [19:20:45] Redndı: False
2025-06-26 19:20:46,290 - map_video - DEBUG - [mapping_recorder.main:176] - [19:20:46] Redndı: False
2025-06-26 19:20:47,292 - map_video - DEBUG - [mapping_recorder.main:176] - [19:20:47] Redndı: False
2025-06-26 19:20:48,293 - map_video - DEBUG - [mapping_recorder.main:176] - [19:20:48] Redndı: False
2025-06-26 19:20:49,295 - map_video - DEBUG - [mapping_recorder.main:176] - [19:20:49] Redndı: False
2025-06-26 19:20:50,297 - map_video - DEBUG - [mapping_recorder.main:176] - [19:20:50] Redndı: False
2025-06-26 19:20:51,331 - map_video - DEBUG - [mapping_recorder.main:176] - [19:20:51] Redndı: False
2025-06-26 19:20:52,332 - map_video - DEBUG - [mapping_recorder.main:176] - [19:20:52] Redndı: False
2025-06-26 19:20:53,334 - map_video - DEBUG - [mapping_recorder.main:176] - [19:20:53] Redndı: False
2025-06-26 19:20:54,335 - map_video - DEBUG - [mapping_recorder.main:176] - [19:20:54] Redndı: False
2025-06-26 19:20:55,337 - map_video - DEBUG - [mapping_recorder.main:176] - [19:20:55] Redndı: False
2025-06-26 19:20:56,349 - map_video - DEBUG - [mapping_recorder.main:176] - [19:20:56] Redndı: False
2025-06-26 19:20:57,351 - map_video - DEBUG - [mapping_recorder.main:176] - [19:20:57] Redndı: False
2025-06-26 19:20:58,352 - map_video - DEBUG - [mapping_recorder.main:176] - [19:20:58] Redndı: False
2025-06-26 19:20:59,354 - map_video - DEBUG - [mapping_recorder.main:176] - [19:20:59] Redndı: False
2025-06-26 19:21:00,355 - map_video - DEBUG - [mapping_recorder.main:176] - [19:21:00] Redndı: False
2025-06-26 19:21:01,357 - map_video - DEBUG - [mapping_recorder.main:176] - [19:21:01] Redndı: False
2025-06-26 19:21:02,359 - map_video - DEBUG - [mapping_recorder.main:176] - [19:21:02] Redndı: False
2025-06-26 19:21:03,360 - map_video - DEBUG - [mapping_recorder.main:176] - [19:21:03] Redndı: False
2025-06-26 19:21:04,362 - map_video - DEBUG - [mapping_recorder.main:176] - [19:21:04] Redndı: False
2025-06-26 19:21:05,363 - map_video - DEBUG - [mapping_recorder.main:176] - [19:21:05] Redndı: False
2025-06-26 19:21:06,390 - map_video - DEBUG - [mapping_recorder.main:176] - [19:21:06] Redndı: False
2025-06-26 19:21:07,391 - map_video - DEBUG - [mapping_recorder.main:176] - [19:21:07] Redndı: False
2025-06-26 19:21:08,393 - map_video - DEBUG - [mapping_recorder.main:176] - [19:21:08] Redndı: False
2025-06-26 19:21:09,395 - map_video - DEBUG - [mapping_recorder.main:176] - [19:21:09] Redndı: False
2025-06-26 19:21:10,397 - map_video - DEBUG - [mapping_recorder.main:176] - [19:21:10] Redndı: False
2025-06-26 19:21:11,399 - map_video - DEBUG - [mapping_recorder.main:176] - [19:21:11] Redndı: False
2025-06-26 19:21:12,400 - map_video - DEBUG - [mapping_recorder.main:176] - [19:21:12] Redndı: False
2025-06-26 19:21:13,402 - map_video - DEBUG - [mapping_recorder.main:176] - [19:21:13] Redndı: False
2025-06-26 19:21:14,403 - map_video - DEBUG - [mapping_recorder.main:176] - [19:21:14] Redndı: False
2025-06-26 19:21:15,405 - map_video - DEBUG - [mapping_recorder.main:176] - [19:21:15] Redndı: False
2025-06-26 19:21:16,407 - map_video - DEBUG - [mapping_recorder.main:176] - [19:21:16] Redndı: False
2025-06-26 19:21:17,409 - map_video - DEBUG - [mapping_recorder.main:176] - [19:21:17] Redndı: False
2025-06-26 19:21:18,411 - map_video - DEBUG - [mapping_recorder.main:176] - [19:21:18] Redndı: False
2025-06-26 19:21:19,412 - map_video - DEBUG - [mapping_recorder.main:176] - [19:21:19] Redndı: False
2025-06-26 19:21:20,414 - map_video - DEBUG - [mapping_recorder.main:176] - [19:21:20] Redndı: False
2025-06-26 19:21:21,446 - map_video - DEBUG - [mapping_recorder.main:176] - [19:21:21] Redndı: False
2025-06-26 19:21:22,448 - map_video - DEBUG - [mapping_recorder.main:176] - [19:21:22] Redndı: False
2025-06-26 19:21:23,450 - map_video - DEBUG - [mapping_recorder.main:176] - [19:21:23] Redndı: False
2025-06-26 19:21:24,451 - map_video - DEBUG - [mapping_recorder.main:176] - [19:21:24] Redndı: False
2025-06-26 19:21:25,453 - map_video - DEBUG - [mapping_recorder.main:176] - [19:21:25] Redndı: False
2025-06-26 19:21:26,464 - map_video - DEBUG - [mapping_recorder.main:176] - [19:21:26] Redndı: False
2025-06-26 19:21:27,466 - map_video - DEBUG - [mapping_recorder.main:176] - [19:21:27] Redndı: False
2025-06-26 19:21:28,468 - map_video - DEBUG - [mapping_recorder.main:176] - [19:21:28] Redndı: False
2025-06-26 19:21:29,469 - map_video - DEBUG - [mapping_recorder.main:176] - [19:21:29] Redndı: False
2025-06-26 19:21:30,471 - map_video - DEBUG - [mapping_recorder.main:176] - [19:21:30] Redndı: False
2025-06-26 19:21:31,473 - map_video - DEBUG - [mapping_recorder.main:176] - [19:21:31] Redndı: False
2025-06-26 19:21:32,475 - map_video - DEBUG - [mapping_recorder.main:176] - [19:21:32] Redndı: False
2025-06-26 19:21:33,476 - map_video - DEBUG - [mapping_recorder.main:176] - [19:21:33] Redndı: False
2025-06-26 19:21:34,477 - map_video - DEBUG - [mapping_recorder.main:176] - [19:21:34] Redndı: False
2025-06-26 19:21:35,479 - map_video - DEBUG - [mapping_recorder.main:176] - [19:21:35] Redndı: False
2025-06-26 19:21:36,480 - map_video - DEBUG - [mapping_recorder.main:176] - [19:21:36] Redndı: False
2025-06-26 19:21:37,482 - map_video - DEBUG - [mapping_recorder.main:176] - [19:21:37] Redndı: False
2025-06-26 19:21:38,483 - map_video - DEBUG - [mapping_recorder.main:176] - [19:21:38] Redndı: False
2025-06-26 19:21:39,485 - map_video - DEBUG - [mapping_recorder.main:176] - [19:21:39] Redndı: False
2025-06-26 19:21:40,487 - map_video - DEBUG - [mapping_recorder.main:176] - [19:21:40] Redndı: False
2025-06-26 19:21:41,495 - map_video - DEBUG - [mapping_recorder.main:176] - [19:21:41] Redndı: False
2025-06-26 19:21:42,496 - map_video - DEBUG - [mapping_recorder.main:176] - [19:21:42] Redndı: False
2025-06-26 19:21:43,498 - map_video - DEBUG - [mapping_recorder.main:176] - [19:21:43] Redndı: False
2025-06-26 19:21:44,499 - map_video - DEBUG - [mapping_recorder.main:176] - [19:21:44] Redndı: False
2025-06-26 19:21:45,500 - map_video - DEBUG - [mapping_recorder.main:176] - [19:21:45] Redndı: False
2025-06-26 19:21:46,502 - map_video - DEBUG - [mapping_recorder.main:176] - [19:21:46] Redndı: False
2025-06-26 19:21:47,503 - map_video - DEBUG - [mapping_recorder.main:176] - [19:21:47] Redndı: False
2025-06-26 19:21:48,505 - map_video - DEBUG - [mapping_recorder.main:176] - [19:21:48] Redndı: False
2025-06-26 19:21:49,507 - map_video - DEBUG - [mapping_recorder.main:176] - [19:21:49] Redndı: False
2025-06-26 19:21:50,509 - map_video - DEBUG - [mapping_recorder.main:176] - [19:21:50] Redndı: False
2025-06-26 19:21:51,511 - map_video - DEBUG - [mapping_recorder.main:176] - [19:21:51] Redndı: False
2025-06-26 19:21:52,512 - map_video - DEBUG - [mapping_recorder.main:176] - [19:21:52] Redndı: False
2025-06-26 19:21:53,514 - map_video - DEBUG - [mapping_recorder.main:176] - [19:21:53] Redndı: False
2025-06-26 19:21:54,515 - map_video - DEBUG - [mapping_recorder.main:176] - [19:21:54] Redndı: False
2025-06-26 19:21:55,517 - map_video - DEBUG - [mapping_recorder.main:176] - [19:21:55] Redndı: False
2025-06-26 19:21:56,548 - map_video - DEBUG - [mapping_recorder.main:176] - [19:21:56] Redndı: False
2025-06-26 19:21:57,550 - map_video - DEBUG - [mapping_recorder.main:176] - [19:21:57] Redndı: False
2025-06-26 19:21:58,551 - map_video - DEBUG - [mapping_recorder.main:176] - [19:21:58] Redndı: False
2025-06-26 19:21:59,553 - map_video - DEBUG - [mapping_recorder.main:176] - [19:21:59] Redndı: False
2025-06-26 19:22:00,555 - map_video - DEBUG - [mapping_recorder.main:176] - [19:22:00] Redndı: False
2025-06-26 19:22:01,556 - map_video - DEBUG - [mapping_recorder.main:176] - [19:22:01] Redndı: False
2025-06-26 19:22:02,558 - map_video - DEBUG - [mapping_recorder.main:176] - [19:22:02] Redndı: False
2025-06-26 19:22:03,559 - map_video - DEBUG - [mapping_recorder.main:176] - [19:22:03] Redndı: False
2025-06-26 19:22:04,561 - map_video - DEBUG - [mapping_recorder.main:176] - [19:22:04] Redndı: False
2025-06-26 19:22:05,563 - map_video - DEBUG - [mapping_recorder.main:176] - [19:22:05] Redndı: False
2025-06-26 19:22:06,565 - map_video - DEBUG - [mapping_recorder.main:176] - [19:22:06] Redndı: False
2025-06-26 19:22:07,567 - map_video - DEBUG - [mapping_recorder.main:176] - [19:22:07] Redndı: False
2025-06-26 19:22:08,568 - map_video - DEBUG - [mapping_recorder.main:176] - [19:22:08] Redndı: False
2025-06-26 19:22:09,570 - map_video - DEBUG - [mapping_recorder.main:176] - [19:22:09] Redndı: False
2025-06-26 19:22:10,571 - map_video - DEBUG - [mapping_recorder.main:176] - [19:22:10] Redndı: False
2025-06-26 19:22:11,602 - map_video - DEBUG - [mapping_recorder.main:176] - [19:22:11] Redndı: False
2025-06-26 19:22:12,604 - map_video - DEBUG - [mapping_recorder.main:176] - [19:22:12] Redndı: False
2025-06-26 19:22:13,606 - map_video - DEBUG - [mapping_recorder.main:176] - [19:22:13] Redndı: False
2025-06-26 19:22:14,607 - map_video - DEBUG - [mapping_recorder.main:176] - [19:22:14] Redndı: False
2025-06-26 19:22:15,609 - map_video - DEBUG - [mapping_recorder.main:176] - [19:22:15] Redndı: False
2025-06-26 19:22:16,611 - map_video - DEBUG - [mapping_recorder.main:176] - [19:22:16] Redndı: False
2025-06-26 19:22:17,613 - map_video - DEBUG - [mapping_recorder.main:176] - [19:22:17] Redndı: False
2025-06-26 19:22:18,615 - map_video - DEBUG - [mapping_recorder.main:176] - [19:22:18] Redndı: False
2025-06-26 19:22:19,616 - map_video - DEBUG - [mapping_recorder.main:176] - [19:22:19] Redndı: False
2025-06-26 19:22:20,618 - map_video - DEBUG - [mapping_recorder.main:176] - [19:22:20] Redndı: False
2025-06-26 19:22:21,619 - map_video - DEBUG - [mapping_recorder.main:176] - [19:22:21] Redndı: False
2025-06-26 19:22:22,621 - map_video - DEBUG - [mapping_recorder.main:176] - [19:22:22] Redndı: False
2025-06-26 19:22:23,623 - map_video - DEBUG - [mapping_recorder.main:176] - [19:22:23] Redndı: False
2025-06-26 19:22:24,625 - map_video - DEBUG - [mapping_recorder.main:176] - [19:22:24] Redndı: False
2025-06-26 19:22:25,627 - map_video - DEBUG - [mapping_recorder.main:176] - [19:22:25] Redndı: False
2025-06-26 19:22:26,628 - map_video - DEBUG - [mapping_recorder.main:176] - [19:22:26] Redndı: False
2025-06-26 19:22:27,630 - map_video - DEBUG - [mapping_recorder.main:176] - [19:22:27] Redndı: False
2025-06-26 19:22:28,632 - map_video - DEBUG - [mapping_recorder.main:176] - [19:22:28] Redndı: False
2025-06-26 19:22:29,633 - map_video - DEBUG - [mapping_recorder.main:176] - [19:22:29] Redndı: False
2025-06-26 19:22:30,635 - map_video - DEBUG - [mapping_recorder.main:176] - [19:22:30] Redndı: False
2025-06-26 19:22:31,636 - map_video - DEBUG - [mapping_recorder.main:176] - [19:22:31] Redndı: False
2025-06-26 19:22:32,638 - map_video - DEBUG - [mapping_recorder.main:176] - [19:22:32] Redndı: False
2025-06-26 19:22:33,640 - map_video - DEBUG - [mapping_recorder.main:176] - [19:22:33] Redndı: False
2025-06-26 19:22:34,642 - map_video - DEBUG - [mapping_recorder.main:176] - [19:22:34] Redndı: False
2025-06-26 19:22:35,643 - map_video - DEBUG - [mapping_recorder.main:176] - [19:22:35] Redndı: False
2025-06-26 19:22:36,645 - map_video - DEBUG - [mapping_recorder.main:176] - [19:22:36] Redndı: False
2025-06-26 19:22:37,647 - map_video - DEBUG - [mapping_recorder.main:176] - [19:22:37] Redndı: False
2025-06-26 19:22:38,648 - map_video - DEBUG - [mapping_recorder.main:176] - [19:22:38] Redndı: False
2025-06-26 19:22:39,649 - map_video - DEBUG - [mapping_recorder.main:176] - [19:22:39] Redndı: False
2025-06-26 19:22:40,651 - map_video - DEBUG - [mapping_recorder.main:176] - [19:22:40] Redndı: False
2025-06-26 19:22:41,653 - map_video - DEBUG - [mapping_recorder.main:176] - [19:22:41] Redndı: False
2025-06-26 19:22:42,655 - map_video - DEBUG - [mapping_recorder.main:176] - [19:22:42] Redndı: False
2025-06-26 19:22:43,656 - map_video - DEBUG - [mapping_recorder.main:176] - [19:22:43] Redndı: False
2025-06-26 19:22:44,658 - map_video - DEBUG - [mapping_recorder.main:176] - [19:22:44] Redndı: False
2025-06-26 19:22:45,660 - map_video - DEBUG - [mapping_recorder.main:176] - [19:22:45] Redndı: False
2025-06-26 19:22:46,661 - map_video - DEBUG - [mapping_recorder.main:176] - [19:22:46] Redndı: False
2025-06-26 19:22:47,663 - map_video - DEBUG - [mapping_recorder.main:176] - [19:22:47] Redndı: False
2025-06-26 19:22:48,665 - map_video - DEBUG - [mapping_recorder.main:176] - [19:22:48] Redndı: False
2025-06-26 19:22:49,667 - map_video - DEBUG - [mapping_recorder.main:176] - [19:22:49] Redndı: False
2025-06-26 19:22:50,668 - map_video - DEBUG - [mapping_recorder.main:176] - [19:22:50] Redndı: False
2025-06-26 19:22:51,670 - map_video - DEBUG - [mapping_recorder.main:176] - [19:22:51] Redndı: False
2025-06-26 19:22:52,671 - map_video - DEBUG - [mapping_recorder.main:176] - [19:22:52] Redndı: False
2025-06-26 19:22:53,673 - map_video - DEBUG - [mapping_recorder.main:176] - [19:22:53] Redndı: False
2025-06-26 19:22:54,675 - map_video - DEBUG - [mapping_recorder.main:176] - [19:22:54] Redndı: False
2025-06-26 19:22:55,677 - map_video - DEBUG - [mapping_recorder.main:176] - [19:22:55] Redndı: False
2025-06-26 19:22:56,679 - map_video - DEBUG - [mapping_recorder.main:176] - [19:22:56] Redndı: False
2025-06-26 19:22:57,680 - map_video - DEBUG - [mapping_recorder.main:176] - [19:22:57] Redndı: False
2025-06-26 19:22:58,682 - map_video - DEBUG - [mapping_recorder.main:176] - [19:22:58] Redndı: False
2025-06-26 19:22:59,684 - map_video - DEBUG - [mapping_recorder.main:176] - [19:22:59] Redndı: False
2025-06-26 19:23:00,685 - map_video - DEBUG - [mapping_recorder.main:176] - [19:23:00] Redndı: False
2025-06-26 19:23:01,687 - map_video - DEBUG - [mapping_recorder.main:176] - [19:23:01] Redndı: False
2025-06-26 19:23:02,689 - map_video - DEBUG - [mapping_recorder.main:176] - [19:23:02] Redndı: False
2025-06-26 19:23:03,691 - map_video - DEBUG - [mapping_recorder.main:176] - [19:23:03] Redndı: False
2025-06-26 19:23:04,692 - map_video - DEBUG - [mapping_recorder.main:176] - [19:23:04] Redndı: False
2025-06-26 19:23:05,694 - map_video - DEBUG - [mapping_recorder.main:176] - [19:23:05] Redndı: False
2025-06-26 19:23:06,695 - map_video - DEBUG - [mapping_recorder.main:176] - [19:23:06] Redndı: False
2025-06-26 19:23:07,697 - map_video - DEBUG - [mapping_recorder.main:176] - [19:23:07] Redndı: False
2025-06-26 19:23:08,699 - map_video - DEBUG - [mapping_recorder.main:176] - [19:23:08] Redndı: False
2025-06-26 19:23:09,701 - map_video - DEBUG - [mapping_recorder.main:176] - [19:23:09] Redndı: False
2025-06-26 19:23:10,703 - map_video - DEBUG - [mapping_recorder.main:176] - [19:23:10] Redndı: False
2025-06-26 19:23:11,704 - map_video - DEBUG - [mapping_recorder.main:176] - [19:23:11] Redndı: False
2025-06-26 19:23:12,706 - map_video - DEBUG - [mapping_recorder.main:176] - [19:23:12] Redndı: False
2025-06-26 19:23:13,707 - map_video - DEBUG - [mapping_recorder.main:176] - [19:23:13] Redndı: False
2025-06-26 19:23:14,709 - map_video - DEBUG - [mapping_recorder.main:176] - [19:23:14] Redndı: False
2025-06-26 19:23:15,711 - map_video - DEBUG - [mapping_recorder.main:176] - [19:23:15] Redndı: False
2025-06-26 19:23:16,713 - map_video - DEBUG - [mapping_recorder.main:176] - [19:23:16] Redndı: False
2025-06-26 19:23:17,715 - map_video - DEBUG - [mapping_recorder.main:176] - [19:23:17] Redndı: False
2025-06-26 19:23:18,716 - map_video - DEBUG - [mapping_recorder.main:176] - [19:23:18] Redndı: False
2025-06-26 19:23:19,718 - map_video - DEBUG - [mapping_recorder.main:176] - [19:23:19] Redndı: False
2025-06-26 19:23:20,719 - map_video - DEBUG - [mapping_recorder.main:176] - [19:23:20] Redndı: False
2025-06-26 19:23:21,721 - map_video - DEBUG - [mapping_recorder.main:176] - [19:23:21] Redndı: False
2025-06-26 19:23:22,723 - map_video - DEBUG - [mapping_recorder.main:176] - [19:23:22] Redndı: False
2025-06-26 19:23:23,724 - map_video - DEBUG - [mapping_recorder.main:176] - [19:23:23] Redndı: False
2025-06-26 19:23:24,726 - map_video - DEBUG - [mapping_recorder.main:176] - [19:23:24] Redndı: False
2025-06-26 19:23:25,727 - map_video - DEBUG - [mapping_recorder.main:176] - [19:23:25] Redndı: False
2025-06-26 19:23:26,729 - map_video - DEBUG - [mapping_recorder.main:176] - [19:23:26] Redndı: False
2025-06-26 19:23:27,731 - map_video - DEBUG - [mapping_recorder.main:176] - [19:23:27] Redndı: False
2025-06-26 19:23:28,733 - map_video - DEBUG - [mapping_recorder.main:176] - [19:23:28] Redndı: False
2025-06-26 19:23:29,735 - map_video - DEBUG - [mapping_recorder.main:176] - [19:23:29] Redndı: False
2025-06-26 19:23:30,736 - map_video - DEBUG - [mapping_recorder.main:176] - [19:23:30] Redndı: False
2025-06-26 19:23:31,737 - map_video - DEBUG - [mapping_recorder.main:176] - [19:23:31] Redndı: False
2025-06-26 19:23:32,739 - map_video - DEBUG - [mapping_recorder.main:176] - [19:23:32] Redndı: False
2025-06-26 19:23:33,740 - map_video - DEBUG - [mapping_recorder.main:176] - [19:23:33] Redndı: False
2025-06-26 19:23:34,742 - map_video - DEBUG - [mapping_recorder.main:176] - [19:23:34] Redndı: False
2025-06-26 19:23:35,743 - map_video - DEBUG - [mapping_recorder.main:176] - [19:23:35] Redndı: False
2025-06-26 19:23:36,745 - map_video - DEBUG - [mapping_recorder.main:176] - [19:23:36] Redndı: False
2025-06-26 19:23:37,747 - map_video - DEBUG - [mapping_recorder.main:176] - [19:23:37] Redndı: False
2025-06-26 19:23:38,749 - map_video - DEBUG - [mapping_recorder.main:176] - [19:23:38] Redndı: False
2025-06-26 19:23:39,751 - map_video - DEBUG - [mapping_recorder.main:176] - [19:23:39] Redndı: False
2025-06-26 19:23:40,752 - map_video - DEBUG - [mapping_recorder.main:176] - [19:23:40] Redndı: False
2025-06-26 19:23:41,754 - map_video - DEBUG - [mapping_recorder.main:176] - [19:23:41] Redndı: False
2025-06-26 19:23:42,755 - map_video - DEBUG - [mapping_recorder.main:176] - [19:23:42] Redndı: False
2025-06-26 19:23:43,757 - map_video - DEBUG - [mapping_recorder.main:176] - [19:23:43] Redndı: False
2025-06-26 19:23:44,759 - map_video - DEBUG - [mapping_recorder.main:176] - [19:23:44] Redndı: False
2025-06-26 19:23:45,761 - map_video - DEBUG - [mapping_recorder.main:176] - [19:23:45] Redndı: False
2025-06-26 19:23:46,763 - map_video - DEBUG - [mapping_recorder.main:176] - [19:23:46] Redndı: False
2025-06-26 19:23:47,764 - map_video - DEBUG - [mapping_recorder.main:176] - [19:23:47] Redndı: False
2025-06-26 19:23:48,766 - map_video - DEBUG - [mapping_recorder.main:176] - [19:23:48] Redndı: False
2025-06-26 19:23:49,768 - map_video - DEBUG - [mapping_recorder.main:176] - [19:23:49] Redndı: False
2025-06-26 19:23:50,770 - map_video - DEBUG - [mapping_recorder.main:176] - [19:23:50] Redndı: False
2025-06-26 19:23:51,772 - map_video - DEBUG - [mapping_recorder.main:176] - [19:23:51] Redndı: False
2025-06-26 19:23:52,774 - map_video - DEBUG - [mapping_recorder.main:176] - [19:23:52] Redndı: False
2025-06-26 19:23:53,776 - map_video - DEBUG - [mapping_recorder.main:176] - [19:23:53] Redndı: False
2025-06-26 19:23:54,777 - map_video - DEBUG - [mapping_recorder.main:176] - [19:23:54] Redndı: False
2025-06-26 19:23:55,779 - map_video - DEBUG - [mapping_recorder.main:176] - [19:23:55] Redndı: False
2025-06-26 19:23:56,781 - map_video - DEBUG - [mapping_recorder.main:176] - [19:23:56] Redndı: False
2025-06-26 19:23:57,783 - map_video - DEBUG - [mapping_recorder.main:176] - [19:23:57] Redndı: False
2025-06-26 19:23:58,784 - map_video - DEBUG - [mapping_recorder.main:176] - [19:23:58] Redndı: False
2025-06-26 19:23:59,786 - map_video - DEBUG - [mapping_recorder.main:176] - [19:23:59] Redndı: False
2025-06-26 19:24:00,787 - map_video - DEBUG - [mapping_recorder.main:176] - [19:24:00] Redndı: False
2025-06-26 19:24:01,789 - map_video - DEBUG - [mapping_recorder.main:176] - [19:24:01] Redndı: False
2025-06-26 19:24:02,791 - map_video - DEBUG - [mapping_recorder.main:176] - [19:24:02] Redndı: False
2025-06-26 19:24:03,793 - map_video - DEBUG - [mapping_recorder.main:176] - [19:24:03] Redndı: False
2025-06-26 19:24:04,795 - map_video - DEBUG - [mapping_recorder.main:176] - [19:24:04] Redndı: False
2025-06-26 19:24:05,796 - map_video - DEBUG - [mapping_recorder.main:176] - [19:24:05] Redndı: False
2025-06-26 19:24:06,798 - map_video - DEBUG - [mapping_recorder.main:176] - [19:24:06] Redndı: False
2025-06-26 19:24:07,800 - map_video - DEBUG - [mapping_recorder.main:176] - [19:24:07] Redndı: False
2025-06-26 19:24:08,802 - map_video - DEBUG - [mapping_recorder.main:176] - [19:24:08] Redndı: False
2025-06-26 19:24:09,803 - map_video - DEBUG - [mapping_recorder.main:176] - [19:24:09] Redndı: False
2025-06-26 19:24:10,805 - map_video - DEBUG - [mapping_recorder.main:176] - [19:24:10] Redndı: False
2025-06-26 19:24:11,806 - map_video - DEBUG - [mapping_recorder.main:176] - [19:24:11] Redndı: False
2025-06-26 19:24:12,808 - map_video - DEBUG - [mapping_recorder.main:176] - [19:24:12] Redndı: False
2025-06-26 19:24:13,810 - map_video - DEBUG - [mapping_recorder.main:176] - [19:24:13] Redndı: False
2025-06-26 19:24:14,812 - map_video - DEBUG - [mapping_recorder.main:176] - [19:24:14] Redndı: False
2025-06-26 19:24:15,813 - map_video - DEBUG - [mapping_recorder.main:176] - [19:24:15] Redndı: False
2025-06-26 19:24:16,815 - map_video - DEBUG - [mapping_recorder.main:176] - [19:24:16] Redndı: False
2025-06-26 19:24:17,817 - map_video - DEBUG - [mapping_recorder.main:176] - [19:24:17] Redndı: False
2025-06-26 19:24:18,819 - map_video - DEBUG - [mapping_recorder.main:176] - [19:24:18] Redndı: False
2025-06-26 19:24:19,820 - map_video - DEBUG - [mapping_recorder.main:176] - [19:24:19] Redndı: False
2025-06-26 19:24:20,822 - map_video - DEBUG - [mapping_recorder.main:176] - [19:24:20] Redndı: False
2025-06-26 19:24:21,824 - map_video - DEBUG - [mapping_recorder.main:176] - [19:24:21] Redndı: False
2025-06-26 19:24:22,825 - map_video - DEBUG - [mapping_recorder.main:176] - [19:24:22] Redndı: False
2025-06-26 19:24:23,827 - map_video - DEBUG - [mapping_recorder.main:176] - [19:24:23] Redndı: False
2025-06-26 19:24:24,829 - map_video - DEBUG - [mapping_recorder.main:176] - [19:24:24] Redndı: False
2025-06-26 19:24:25,830 - map_video - DEBUG - [mapping_recorder.main:176] - [19:24:25] Redndı: False
2025-06-26 19:24:26,832 - map_video - DEBUG - [mapping_recorder.main:176] - [19:24:26] Redndı: False
2025-06-26 19:24:27,834 - map_video - DEBUG - [mapping_recorder.main:176] - [19:24:27] Redndı: False
2025-06-26 19:24:28,836 - map_video - DEBUG - [mapping_recorder.main:176] - [19:24:28] Redndı: False
2025-06-26 19:24:29,837 - map_video - DEBUG - [mapping_recorder.main:176] - [19:24:29] Redndı: False
2025-06-26 19:24:30,839 - map_video - DEBUG - [mapping_recorder.main:176] - [19:24:30] Redndı: False
2025-06-26 19:24:31,841 - map_video - DEBUG - [mapping_recorder.main:176] - [19:24:31] Redndı: False
2025-06-26 19:24:32,843 - map_video - DEBUG - [mapping_recorder.main:176] - [19:24:32] Redndı: False
2025-06-26 19:24:33,844 - map_video - DEBUG - [mapping_recorder.main:176] - [19:24:33] Redndı: False
2025-06-26 19:24:34,846 - map_video - DEBUG - [mapping_recorder.main:176] - [19:24:34] Redndı: False
2025-06-26 19:24:35,848 - map_video - DEBUG - [mapping_recorder.main:176] - [19:24:35] Redndı: False
2025-06-26 19:24:36,849 - map_video - DEBUG - [mapping_recorder.main:176] - [19:24:36] Redndı: False
2025-06-26 19:24:37,850 - map_video - DEBUG - [mapping_recorder.main:176] - [19:24:37] Redndı: False
2025-06-26 19:24:38,852 - map_video - DEBUG - [mapping_recorder.main:176] - [19:24:38] Redndı: False
2025-06-26 19:24:39,854 - map_video - DEBUG - [mapping_recorder.main:176] - [19:24:39] Redndı: False
2025-06-26 19:24:40,855 - map_video - DEBUG - [mapping_recorder.main:176] - [19:24:40] Redndı: False
2025-06-26 19:24:41,856 - map_video - DEBUG - [mapping_recorder.main:176] - [19:24:41] Redndı: False
2025-06-26 19:24:42,858 - map_video - DEBUG - [mapping_recorder.main:176] - [19:24:42] Redndı: False
2025-06-26 19:24:43,859 - map_video - DEBUG - [mapping_recorder.main:176] - [19:24:43] Redndı: False
2025-06-26 19:24:44,861 - map_video - DEBUG - [mapping_recorder.main:176] - [19:24:44] Redndı: False
2025-06-26 19:24:45,863 - map_video - DEBUG - [mapping_recorder.main:176] - [19:24:45] Redndı: False
2025-06-26 19:24:46,864 - map_video - DEBUG - [mapping_recorder.main:176] - [19:24:46] Redndı: False
2025-06-26 19:24:47,866 - map_video - DEBUG - [mapping_recorder.main:176] - [19:24:47] Redndı: False
2025-06-26 19:24:48,868 - map_video - DEBUG - [mapping_recorder.main:176] - [19:24:48] Redndı: False
2025-06-26 19:24:49,869 - map_video - DEBUG - [mapping_recorder.main:176] - [19:24:49] Redndı: False
2025-06-26 19:24:50,871 - map_video - DEBUG - [mapping_recorder.main:176] - [19:24:50] Redndı: False
2025-06-26 19:24:51,873 - map_video - DEBUG - [mapping_recorder.main:176] - [19:24:51] Redndı: False
2025-06-26 19:24:52,875 - map_video - DEBUG - [mapping_recorder.main:176] - [19:24:52] Redndı: False
2025-06-26 19:24:53,876 - map_video - DEBUG - [mapping_recorder.main:176] - [19:24:53] Redndı: False
2025-06-26 19:24:54,878 - map_video - DEBUG - [mapping_recorder.main:176] - [19:24:54] Redndı: False
2025-06-26 19:24:55,879 - map_video - DEBUG - [mapping_recorder.main:176] - [19:24:55] Redndı: False
2025-06-26 19:24:56,881 - map_video - DEBUG - [mapping_recorder.main:176] - [19:24:56] Redndı: False
2025-06-26 19:24:57,883 - map_video - DEBUG - [mapping_recorder.main:176] - [19:24:57] Redndı: False
2025-06-26 19:24:58,907 - map_video - DEBUG - [mapping_recorder.main:176] - [19:24:58] Redndı: False
2025-06-26 19:24:59,908 - map_video - DEBUG - [mapping_recorder.main:176] - [19:24:59] Redndı: False
2025-06-26 19:25:00,910 - map_video - DEBUG - [mapping_recorder.main:176] - [19:25:00] Redndı: False
2025-06-26 19:25:01,912 - map_video - DEBUG - [mapping_recorder.main:176] - [19:25:01] Redndı: False
2025-06-26 19:25:02,913 - map_video - DEBUG - [mapping_recorder.main:176] - [19:25:02] Redndı: False
2025-06-26 19:25:03,915 - map_video - DEBUG - [mapping_recorder.main:176] - [19:25:03] Redndı: False
2025-06-26 19:25:04,916 - map_video - DEBUG - [mapping_recorder.main:176] - [19:25:04] Redndı: False
2025-06-26 19:25:05,918 - map_video - DEBUG - [mapping_recorder.main:176] - [19:25:05] Redndı: False
2025-06-26 19:25:06,920 - map_video - DEBUG - [mapping_recorder.main:176] - [19:25:06] Redndı: False
2025-06-26 19:25:07,922 - map_video - DEBUG - [mapping_recorder.main:176] - [19:25:07] Redndı: False
2025-06-26 19:25:08,946 - map_video - DEBUG - [mapping_recorder.main:176] - [19:25:08] Redndı: False
2025-06-26 19:25:09,948 - map_video - DEBUG - [mapping_recorder.main:176] - [19:25:09] Redndı: False
2025-06-26 19:25:10,949 - map_video - DEBUG - [mapping_recorder.main:176] - [19:25:10] Redndı: False
2025-06-26 19:25:11,951 - map_video - DEBUG - [mapping_recorder.main:176] - [19:25:11] Redndı: False
2025-06-26 19:25:12,953 - map_video - DEBUG - [mapping_recorder.main:176] - [19:25:12] Redndı: False
2025-06-26 19:25:13,955 - map_video - DEBUG - [mapping_recorder.main:176] - [19:25:13] Redndı: False
2025-06-26 19:25:14,956 - map_video - DEBUG - [mapping_recorder.main:176] - [19:25:14] Redndı: False
2025-06-26 19:25:15,958 - map_video - DEBUG - [mapping_recorder.main:176] - [19:25:15] Redndı: False
2025-06-26 19:25:16,959 - map_video - DEBUG - [mapping_recorder.main:176] - [19:25:16] Redndı: False
2025-06-26 19:25:17,961 - map_video - DEBUG - [mapping_recorder.main:176] - [19:25:17] Redndı: False
2025-06-26 19:25:18,963 - map_video - DEBUG - [mapping_recorder.main:176] - [19:25:18] Redndı: False
2025-06-26 19:25:19,964 - map_video - DEBUG - [mapping_recorder.main:176] - [19:25:19] Redndı: False
2025-06-26 19:25:20,966 - map_video - DEBUG - [mapping_recorder.main:176] - [19:25:20] Redndı: False
2025-06-26 19:25:21,967 - map_video - DEBUG - [mapping_recorder.main:176] - [19:25:21] Redndı: False
2025-06-26 19:25:22,969 - map_video - DEBUG - [mapping_recorder.main:176] - [19:25:22] Redndı: False
2025-06-26 19:25:23,971 - map_video - DEBUG - [mapping_recorder.main:176] - [19:25:23] Redndı: False
2025-06-26 19:25:24,972 - map_video - DEBUG - [mapping_recorder.main:176] - [19:25:24] Redndı: False
2025-06-26 19:25:25,974 - map_video - DEBUG - [mapping_recorder.main:176] - [19:25:25] Redndı: False
2025-06-26 19:25:26,975 - map_video - DEBUG - [mapping_recorder.main:176] - [19:25:26] Redndı: False
2025-06-26 19:25:27,977 - map_video - DEBUG - [mapping_recorder.main:176] - [19:25:27] Redndı: False
2025-06-26 19:25:28,979 - map_video - DEBUG - [mapping_recorder.main:176] - [19:25:28] Redndı: False
2025-06-26 19:25:29,981 - map_video - DEBUG - [mapping_recorder.main:176] - [19:25:29] Redndı: False
2025-06-26 19:25:30,983 - map_video - DEBUG - [mapping_recorder.main:176] - [19:25:30] Redndı: False
2025-06-26 19:25:31,984 - map_video - DEBUG - [mapping_recorder.main:176] - [19:25:31] Redndı: False
2025-06-26 19:25:32,986 - map_video - DEBUG - [mapping_recorder.main:176] - [19:25:32] Redndı: False
2025-06-26 19:25:33,988 - map_video - DEBUG - [mapping_recorder.main:176] - [19:25:33] Redndı: False
2025-06-26 19:25:34,989 - map_video - DEBUG - [mapping_recorder.main:176] - [19:25:34] Redndı: False
2025-06-26 19:25:35,990 - map_video - DEBUG - [mapping_recorder.main:176] - [19:25:35] Redndı: False
2025-06-26 19:25:36,992 - map_video - DEBUG - [mapping_recorder.main:176] - [19:25:36] Redndı: False
2025-06-26 19:25:37,994 - map_video - DEBUG - [mapping_recorder.main:176] - [19:25:37] Redndı: False
2025-06-26 19:25:38,996 - map_video - DEBUG - [mapping_recorder.main:176] - [19:25:38] Redndı: False
2025-06-26 19:25:39,998 - map_video - DEBUG - [mapping_recorder.main:176] - [19:25:39] Redndı: False
2025-06-26 19:25:40,999 - map_video - DEBUG - [mapping_recorder.main:176] - [19:25:40] Redndı: False
2025-06-26 19:25:42,001 - map_video - DEBUG - [mapping_recorder.main:176] - [19:25:42] Redndı: False
2025-06-26 19:25:43,003 - map_video - DEBUG - [mapping_recorder.main:176] - [19:25:43] Redndı: False
2025-06-26 19:25:44,004 - map_video - DEBUG - [mapping_recorder.main:176] - [19:25:44] Redndı: False
2025-06-26 19:25:45,006 - map_video - DEBUG - [mapping_recorder.main:176] - [19:25:45] Redndı: False
2025-06-26 19:25:46,007 - map_video - DEBUG - [mapping_recorder.main:176] - [19:25:46] Redndı: False
2025-06-26 19:25:47,009 - map_video - DEBUG - [mapping_recorder.main:176] - [19:25:47] Redndı: False
2025-06-26 19:25:48,011 - map_video - DEBUG - [mapping_recorder.main:176] - [19:25:48] Redndı: False
2025-06-26 19:25:49,013 - map_video - DEBUG - [mapping_recorder.main:176] - [19:25:49] Redndı: False
2025-06-26 19:25:50,014 - map_video - DEBUG - [mapping_recorder.main:176] - [19:25:50] Redndı: False
2025-06-26 19:25:51,016 - map_video - DEBUG - [mapping_recorder.main:176] - [19:25:51] Redndı: False
2025-06-26 19:25:52,018 - map_video - DEBUG - [mapping_recorder.main:176] - [19:25:52] Redndı: False
2025-06-26 19:25:53,020 - map_video - DEBUG - [mapping_recorder.main:176] - [19:25:53] Redndı: False
2025-06-26 19:25:54,022 - map_video - DEBUG - [mapping_recorder.main:176] - [19:25:54] Redndı: False
2025-06-26 19:25:55,023 - map_video - DEBUG - [mapping_recorder.main:176] - [19:25:55] Redndı: False
2025-06-26 19:25:56,025 - map_video - DEBUG - [mapping_recorder.main:176] - [19:25:56] Redndı: False
2025-06-26 19:25:57,027 - map_video - DEBUG - [mapping_recorder.main:176] - [19:25:57] Redndı: False
2025-06-26 19:25:58,028 - map_video - DEBUG - [mapping_recorder.main:176] - [19:25:58] Redndı: False
2025-06-26 19:25:59,030 - map_video - DEBUG - [mapping_recorder.main:176] - [19:25:59] Redndı: False
2025-06-26 19:26:00,031 - map_video - DEBUG - [mapping_recorder.main:176] - [19:26:00] Redndı: False
2025-06-26 19:26:01,033 - map_video - DEBUG - [mapping_recorder.main:176] - [19:26:01] Redndı: False
2025-06-26 19:26:02,035 - map_video - DEBUG - [mapping_recorder.main:176] - [19:26:02] Redndı: False
2025-06-26 19:26:03,037 - map_video - DEBUG - [mapping_recorder.main:176] - [19:26:03] Redndı: False
2025-06-26 19:26:04,038 - map_video - DEBUG - [mapping_recorder.main:176] - [19:26:04] Redndı: False
2025-06-26 19:26:05,040 - map_video - DEBUG - [mapping_recorder.main:176] - [19:26:05] Redndı: False
2025-06-26 19:26:06,042 - map_video - DEBUG - [mapping_recorder.main:176] - [19:26:06] Redndı: False
2025-06-26 19:26:07,044 - map_video - DEBUG - [mapping_recorder.main:176] - [19:26:07] Redndı: False
2025-06-26 19:26:08,046 - map_video - DEBUG - [mapping_recorder.main:176] - [19:26:08] Redndı: False
2025-06-26 19:26:09,047 - map_video - DEBUG - [mapping_recorder.main:176] - [19:26:09] Redndı: False
2025-06-26 19:26:10,049 - map_video - DEBUG - [mapping_recorder.main:176] - [19:26:10] Redndı: False
2025-06-26 19:26:11,051 - map_video - DEBUG - [mapping_recorder.main:176] - [19:26:11] Redndı: False
2025-06-26 19:26:12,053 - map_video - DEBUG - [mapping_recorder.main:176] - [19:26:12] Redndı: False
2025-06-26 19:26:13,055 - map_video - DEBUG - [mapping_recorder.main:176] - [19:26:13] Redndı: False
2025-06-26 19:26:14,056 - map_video - DEBUG - [mapping_recorder.main:176] - [19:26:14] Redndı: False
2025-06-26 19:26:15,058 - map_video - DEBUG - [mapping_recorder.main:176] - [19:26:15] Redndı: False
2025-06-26 19:26:16,059 - map_video - DEBUG - [mapping_recorder.main:176] - [19:26:16] Redndı: False
2025-06-26 19:26:17,061 - map_video - DEBUG - [mapping_recorder.main:176] - [19:26:17] Redndı: False
2025-06-26 19:26:18,062 - map_video - DEBUG - [mapping_recorder.main:176] - [19:26:18] Redndı: False
2025-06-26 19:26:19,064 - map_video - DEBUG - [mapping_recorder.main:176] - [19:26:19] Redndı: False
2025-06-26 19:26:20,066 - map_video - DEBUG - [mapping_recorder.main:176] - [19:26:20] Redndı: False
2025-06-26 19:26:21,067 - map_video - DEBUG - [mapping_recorder.main:176] - [19:26:21] Redndı: False
2025-06-26 19:26:22,069 - map_video - DEBUG - [mapping_recorder.main:176] - [19:26:22] Redndı: False
2025-06-26 19:26:23,071 - map_video - DEBUG - [mapping_recorder.main:176] - [19:26:23] Redndı: False
2025-06-26 19:26:24,072 - map_video - DEBUG - [mapping_recorder.main:176] - [19:26:24] Redndı: False
2025-06-26 19:26:25,074 - map_video - DEBUG - [mapping_recorder.main:176] - [19:26:25] Redndı: False
2025-06-26 19:26:26,075 - map_video - DEBUG - [mapping_recorder.main:176] - [19:26:26] Redndı: False
2025-06-26 19:26:27,077 - map_video - DEBUG - [mapping_recorder.main:176] - [19:26:27] Redndı: False
2025-06-26 19:26:28,079 - map_video - DEBUG - [mapping_recorder.main:176] - [19:26:28] Redndı: False
2025-06-26 19:26:29,080 - map_video - DEBUG - [mapping_recorder.main:176] - [19:26:29] Redndı: False
2025-06-26 19:26:30,081 - map_video - DEBUG - [mapping_recorder.main:176] - [19:26:30] Redndı: False
2025-06-26 19:26:31,082 - map_video - DEBUG - [mapping_recorder.main:176] - [19:26:31] Redndı: False
2025-06-26 19:26:32,084 - map_video - DEBUG - [mapping_recorder.main:176] - [19:26:32] Redndı: False
2025-06-26 19:26:33,086 - map_video - DEBUG - [mapping_recorder.main:176] - [19:26:33] Redndı: False
2025-06-26 19:26:34,087 - map_video - DEBUG - [mapping_recorder.main:176] - [19:26:34] Redndı: False
2025-06-26 19:26:35,089 - map_video - DEBUG - [mapping_recorder.main:176] - [19:26:35] Redndı: False
2025-06-26 19:26:36,091 - map_video - DEBUG - [mapping_recorder.main:176] - [19:26:36] Redndı: False
2025-06-26 19:26:37,093 - map_video - DEBUG - [mapping_recorder.main:176] - [19:26:37] Redndı: False
2025-06-26 19:26:38,095 - map_video - DEBUG - [mapping_recorder.main:176] - [19:26:38] Redndı: False
2025-06-26 19:26:39,096 - map_video - DEBUG - [mapping_recorder.main:176] - [19:26:39] Redndı: False
2025-06-26 19:26:40,098 - map_video - DEBUG - [mapping_recorder.main:176] - [19:26:40] Redndı: False
2025-06-26 19:26:41,099 - map_video - DEBUG - [mapping_recorder.main:176] - [19:26:41] Redndı: False
2025-06-26 19:26:42,101 - map_video - DEBUG - [mapping_recorder.main:176] - [19:26:42] Redndı: False
2025-06-26 19:26:43,103 - map_video - DEBUG - [mapping_recorder.main:176] - [19:26:43] Redndı: False
2025-06-26 19:26:44,104 - map_video - DEBUG - [mapping_recorder.main:176] - [19:26:44] Redndı: False
2025-06-26 19:26:45,106 - map_video - DEBUG - [mapping_recorder.main:176] - [19:26:45] Redndı: False
2025-06-26 19:26:46,107 - map_video - DEBUG - [mapping_recorder.main:176] - [19:26:46] Redndı: False
2025-06-26 19:26:47,109 - map_video - DEBUG - [mapping_recorder.main:176] - [19:26:47] Redndı: False
2025-06-26 19:26:48,111 - map_video - DEBUG - [mapping_recorder.main:176] - [19:26:48] Redndı: False
2025-06-26 19:26:49,112 - map_video - DEBUG - [mapping_recorder.main:176] - [19:26:49] Redndı: False
2025-06-26 19:26:50,114 - map_video - DEBUG - [mapping_recorder.main:176] - [19:26:50] Redndı: False
2025-06-26 19:26:51,115 - map_video - DEBUG - [mapping_recorder.main:176] - [19:26:51] Redndı: False
2025-06-26 19:26:52,117 - map_video - DEBUG - [mapping_recorder.main:176] - [19:26:52] Redndı: False
2025-06-26 19:26:53,119 - map_video - DEBUG - [mapping_recorder.main:176] - [19:26:53] Redndı: False
2025-06-26 19:26:54,121 - map_video - DEBUG - [mapping_recorder.main:176] - [19:26:54] Redndı: False
2025-06-26 19:26:55,122 - map_video - DEBUG - [mapping_recorder.main:176] - [19:26:55] Redndı: False
2025-06-26 19:26:56,124 - map_video - DEBUG - [mapping_recorder.main:176] - [19:26:56] Redndı: False
2025-06-26 19:26:57,126 - map_video - DEBUG - [mapping_recorder.main:176] - [19:26:57] Redndı: False
2025-06-26 19:26:58,127 - map_video - DEBUG - [mapping_recorder.main:176] - [19:26:58] Redndı: False
2025-06-26 19:26:59,129 - map_video - DEBUG - [mapping_recorder.main:176] - [19:26:59] Redndı: False
2025-06-26 19:27:00,131 - map_video - DEBUG - [mapping_recorder.main:176] - [19:27:00] Redndı: False
2025-06-26 19:27:01,132 - map_video - DEBUG - [mapping_recorder.main:176] - [19:27:01] Redndı: False
2025-06-26 19:27:02,134 - map_video - DEBUG - [mapping_recorder.main:176] - [19:27:02] Redndı: False
2025-06-26 19:27:03,135 - map_video - DEBUG - [mapping_recorder.main:176] - [19:27:03] Redndı: False
2025-06-26 19:27:04,137 - map_video - DEBUG - [mapping_recorder.main:176] - [19:27:04] Redndı: False
2025-06-26 19:27:05,139 - map_video - DEBUG - [mapping_recorder.main:176] - [19:27:05] Redndı: False
2025-06-26 19:27:06,140 - map_video - DEBUG - [mapping_recorder.main:176] - [19:27:06] Redndı: False
2025-06-26 19:27:07,142 - map_video - DEBUG - [mapping_recorder.main:176] - [19:27:07] Redndı: False
2025-06-26 19:27:08,143 - map_video - DEBUG - [mapping_recorder.main:176] - [19:27:08] Redndı: False
2025-06-26 19:27:09,145 - map_video - DEBUG - [mapping_recorder.main:176] - [19:27:09] Redndı: False
2025-06-26 19:27:10,147 - map_video - DEBUG - [mapping_recorder.main:176] - [19:27:10] Redndı: False
2025-06-26 19:27:11,149 - map_video - DEBUG - [mapping_recorder.main:176] - [19:27:11] Redndı: False
2025-06-26 19:27:12,150 - map_video - DEBUG - [mapping_recorder.main:176] - [19:27:12] Redndı: False
2025-06-26 19:27:13,152 - map_video - DEBUG - [mapping_recorder.main:176] - [19:27:13] Redndı: False
2025-06-26 19:27:14,154 - map_video - DEBUG - [mapping_recorder.main:176] - [19:27:14] Redndı: False
2025-06-26 19:27:15,155 - map_video - DEBUG - [mapping_recorder.main:176] - [19:27:15] Redndı: False
2025-06-26 19:27:16,157 - map_video - DEBUG - [mapping_recorder.main:176] - [19:27:16] Redndı: False
2025-06-26 19:27:17,159 - map_video - DEBUG - [mapping_recorder.main:176] - [19:27:17] Redndı: False
2025-06-26 19:27:18,160 - map_video - DEBUG - [mapping_recorder.main:176] - [19:27:18] Redndı: False
2025-06-26 19:27:19,162 - map_video - DEBUG - [mapping_recorder.main:176] - [19:27:19] Redndı: False
2025-06-26 19:27:20,163 - map_video - DEBUG - [mapping_recorder.main:176] - [19:27:20] Redndı: False
2025-06-26 19:27:21,165 - map_video - DEBUG - [mapping_recorder.main:176] - [19:27:21] Redndı: False
2025-06-26 19:27:22,167 - map_video - DEBUG - [mapping_recorder.main:176] - [19:27:22] Redndı: False
2025-06-26 19:27:23,169 - map_video - DEBUG - [mapping_recorder.main:176] - [19:27:23] Redndı: False
2025-06-26 19:27:24,170 - map_video - DEBUG - [mapping_recorder.main:176] - [19:27:24] Redndı: False
2025-06-26 19:27:25,172 - map_video - DEBUG - [mapping_recorder.main:176] - [19:27:25] Redndı: False
2025-06-26 19:27:26,174 - map_video - DEBUG - [mapping_recorder.main:176] - [19:27:26] Redndı: False
2025-06-26 19:27:27,175 - map_video - DEBUG - [mapping_recorder.main:176] - [19:27:27] Redndı: False
2025-06-26 19:27:28,177 - map_video - DEBUG - [mapping_recorder.main:176] - [19:27:28] Redndı: False
2025-06-26 19:27:29,179 - map_video - DEBUG - [mapping_recorder.main:176] - [19:27:29] Redndı: False
2025-06-26 19:27:30,181 - map_video - DEBUG - [mapping_recorder.main:176] - [19:27:30] Redndı: False
2025-06-26 19:27:31,182 - map_video - DEBUG - [mapping_recorder.main:176] - [19:27:31] Redndı: False
2025-06-26 19:27:32,184 - map_video - DEBUG - [mapping_recorder.main:176] - [19:27:32] Redndı: False
2025-06-26 19:27:33,185 - map_video - DEBUG - [mapping_recorder.main:176] - [19:27:33] Redndı: False
2025-06-26 19:27:34,186 - map_video - DEBUG - [mapping_recorder.main:176] - [19:27:34] Redndı: False
2025-06-26 19:27:35,188 - map_video - DEBUG - [mapping_recorder.main:176] - [19:27:35] Redndı: False
2025-06-26 19:27:36,190 - map_video - DEBUG - [mapping_recorder.main:176] - [19:27:36] Redndı: False
2025-06-26 19:27:37,191 - map_video - DEBUG - [mapping_recorder.main:176] - [19:27:37] Redndı: False
2025-06-26 19:27:38,193 - map_video - DEBUG - [mapping_recorder.main:176] - [19:27:38] Redndı: False
2025-06-26 19:27:39,195 - map_video - DEBUG - [mapping_recorder.main:176] - [19:27:39] Redndı: False
2025-06-26 19:27:40,196 - map_video - DEBUG - [mapping_recorder.main:176] - [19:27:40] Redndı: False
2025-06-26 19:27:41,198 - map_video - DEBUG - [mapping_recorder.main:176] - [19:27:41] Redndı: False
2025-06-26 19:27:42,199 - map_video - DEBUG - [mapping_recorder.main:176] - [19:27:42] Redndı: False
2025-06-26 19:27:43,201 - map_video - DEBUG - [mapping_recorder.main:176] - [19:27:43] Redndı: False
2025-06-26 19:27:44,203 - map_video - DEBUG - [mapping_recorder.main:176] - [19:27:44] Redndı: False
2025-06-26 19:27:45,204 - map_video - DEBUG - [mapping_recorder.main:176] - [19:27:45] Redndı: False
2025-06-26 19:27:46,206 - map_video - DEBUG - [mapping_recorder.main:176] - [19:27:46] Redndı: False
2025-06-26 19:27:47,207 - map_video - DEBUG - [mapping_recorder.main:176] - [19:27:47] Redndı: False
2025-06-26 19:27:48,209 - map_video - DEBUG - [mapping_recorder.main:176] - [19:27:48] Redndı: False
2025-06-26 19:27:49,211 - map_video - DEBUG - [mapping_recorder.main:176] - [19:27:49] Redndı: False
2025-06-26 19:27:50,212 - map_video - DEBUG - [mapping_recorder.main:176] - [19:27:50] Redndı: False
2025-06-26 19:27:51,214 - map_video - DEBUG - [mapping_recorder.main:176] - [19:27:51] Redndı: False
2025-06-26 19:27:52,215 - map_video - DEBUG - [mapping_recorder.main:176] - [19:27:52] Redndı: False
2025-06-26 19:27:53,217 - map_video - DEBUG - [mapping_recorder.main:176] - [19:27:53] Redndı: False
2025-06-26 19:27:54,219 - map_video - DEBUG - [mapping_recorder.main:176] - [19:27:54] Redndı: False
2025-06-26 19:27:55,221 - map_video - DEBUG - [mapping_recorder.main:176] - [19:27:55] Redndı: False
2025-06-26 19:27:56,223 - map_video - DEBUG - [mapping_recorder.main:176] - [19:27:56] Redndı: False
2025-06-26 19:27:57,224 - map_video - DEBUG - [mapping_recorder.main:176] - [19:27:57] Redndı: False
2025-06-26 19:27:58,226 - map_video - DEBUG - [mapping_recorder.main:176] - [19:27:58] Redndı: False
2025-06-26 19:27:59,228 - map_video - DEBUG - [mapping_recorder.main:176] - [19:27:59] Redndı: False
2025-06-26 19:28:00,230 - map_video - DEBUG - [mapping_recorder.main:176] - [19:28:00] Redndı: False
2025-06-26 19:28:01,231 - map_video - DEBUG - [mapping_recorder.main:176] - [19:28:01] Redndı: False
2025-06-26 19:28:02,233 - map_video - DEBUG - [mapping_recorder.main:176] - [19:28:02] Redndı: False
2025-06-26 19:28:03,235 - map_video - DEBUG - [mapping_recorder.main:176] - [19:28:03] Redndı: False
2025-06-26 19:28:04,237 - map_video - DEBUG - [mapping_recorder.main:176] - [19:28:04] Redndı: False
2025-06-26 19:28:05,238 - map_video - DEBUG - [mapping_recorder.main:176] - [19:28:05] Redndı: False
2025-06-26 19:28:06,240 - map_video - DEBUG - [mapping_recorder.main:176] - [19:28:06] Redndı: False
2025-06-26 19:28:07,242 - map_video - DEBUG - [mapping_recorder.main:176] - [19:28:07] Redndı: False
2025-06-26 19:28:08,243 - map_video - DEBUG - [mapping_recorder.main:176] - [19:28:08] Redndı: False
2025-06-26 19:28:09,245 - map_video - DEBUG - [mapping_recorder.main:176] - [19:28:09] Redndı: False
2025-06-26 19:28:10,247 - map_video - DEBUG - [mapping_recorder.main:176] - [19:28:10] Redndı: False
2025-06-26 19:28:11,248 - map_video - DEBUG - [mapping_recorder.main:176] - [19:28:11] Redndı: False
2025-06-26 19:28:12,250 - map_video - DEBUG - [mapping_recorder.main:176] - [19:28:12] Redndı: False
2025-06-26 19:28:13,251 - map_video - DEBUG - [mapping_recorder.main:176] - [19:28:13] Redndı: False
2025-06-26 19:28:14,253 - map_video - DEBUG - [mapping_recorder.main:176] - [19:28:14] Redndı: False
2025-06-26 19:28:15,255 - map_video - DEBUG - [mapping_recorder.main:176] - [19:28:15] Redndı: False
2025-06-26 19:28:16,256 - map_video - DEBUG - [mapping_recorder.main:176] - [19:28:16] Redndı: False
2025-06-26 19:28:17,258 - map_video - DEBUG - [mapping_recorder.main:176] - [19:28:17] Redndı: False
2025-06-26 19:28:18,259 - map_video - DEBUG - [mapping_recorder.main:176] - [19:28:18] Redndı: False
2025-06-26 19:28:19,261 - map_video - DEBUG - [mapping_recorder.main:176] - [19:28:19] Redndı: False
2025-06-26 19:28:20,263 - map_video - DEBUG - [mapping_recorder.main:176] - [19:28:20] Redndı: False
2025-06-26 19:28:21,264 - map_video - DEBUG - [mapping_recorder.main:176] - [19:28:21] Redndı: False
2025-06-26 19:28:22,266 - map_video - DEBUG - [mapping_recorder.main:176] - [19:28:22] Redndı: False
2025-06-26 19:28:23,267 - map_video - DEBUG - [mapping_recorder.main:176] - [19:28:23] Redndı: False
2025-06-26 19:28:24,269 - map_video - DEBUG - [mapping_recorder.main:176] - [19:28:24] Redndı: False
2025-06-26 19:28:25,271 - map_video - DEBUG - [mapping_recorder.main:176] - [19:28:25] Redndı: False
2025-06-26 19:28:26,272 - map_video - DEBUG - [mapping_recorder.main:176] - [19:28:26] Redndı: False
2025-06-26 19:28:27,274 - map_video - DEBUG - [mapping_recorder.main:176] - [19:28:27] Redndı: False
2025-06-26 19:28:28,275 - map_video - DEBUG - [mapping_recorder.main:176] - [19:28:28] Redndı: False
2025-06-26 19:28:29,277 - map_video - DEBUG - [mapping_recorder.main:176] - [19:28:29] Redndı: False
2025-06-26 19:28:30,278 - map_video - DEBUG - [mapping_recorder.main:176] - [19:28:30] Redndı: False
2025-06-26 19:28:31,280 - map_video - DEBUG - [mapping_recorder.main:176] - [19:28:31] Redndı: False
2025-06-26 19:28:32,282 - map_video - DEBUG - [mapping_recorder.main:176] - [19:28:32] Redndı: False
2025-06-26 19:28:33,283 - map_video - DEBUG - [mapping_recorder.main:176] - [19:28:33] Redndı: False
2025-06-26 19:28:34,285 - map_video - DEBUG - [mapping_recorder.main:176] - [19:28:34] Redndı: False
2025-06-26 19:28:35,287 - map_video - DEBUG - [mapping_recorder.main:176] - [19:28:35] Redndı: False
2025-06-26 19:28:36,288 - map_video - DEBUG - [mapping_recorder.main:176] - [19:28:36] Redndı: False
2025-06-26 19:28:37,289 - map_video - DEBUG - [mapping_recorder.main:176] - [19:28:37] Redndı: False
2025-06-26 19:28:38,291 - map_video - DEBUG - [mapping_recorder.main:176] - [19:28:38] Redndı: False
2025-06-26 19:28:39,293 - map_video - DEBUG - [mapping_recorder.main:176] - [19:28:39] Redndı: False
2025-06-26 19:28:40,295 - map_video - DEBUG - [mapping_recorder.main:176] - [19:28:40] Redndı: False
2025-06-26 19:28:41,296 - map_video - DEBUG - [mapping_recorder.main:176] - [19:28:41] Redndı: False
2025-06-26 19:28:42,298 - map_video - DEBUG - [mapping_recorder.main:176] - [19:28:42] Redndı: False
2025-06-26 19:28:43,299 - map_video - DEBUG - [mapping_recorder.main:176] - [19:28:43] Redndı: False
2025-06-26 19:28:44,301 - map_video - DEBUG - [mapping_recorder.main:176] - [19:28:44] Redndı: False
2025-06-26 19:28:45,303 - map_video - DEBUG - [mapping_recorder.main:176] - [19:28:45] Redndı: False
2025-06-26 19:28:46,304 - map_video - DEBUG - [mapping_recorder.main:176] - [19:28:46] Redndı: False
2025-06-26 19:28:47,306 - map_video - DEBUG - [mapping_recorder.main:176] - [19:28:47] Redndı: False
2025-06-26 19:28:48,307 - map_video - DEBUG - [mapping_recorder.main:176] - [19:28:48] Redndı: False
2025-06-26 19:28:49,309 - map_video - DEBUG - [mapping_recorder.main:176] - [19:28:49] Redndı: False
2025-06-26 19:28:50,311 - map_video - DEBUG - [mapping_recorder.main:176] - [19:28:50] Redndı: False
2025-06-26 19:28:51,312 - map_video - DEBUG - [mapping_recorder.main:176] - [19:28:51] Redndı: False
2025-06-26 19:28:52,314 - map_video - DEBUG - [mapping_recorder.main:176] - [19:28:52] Redndı: False
2025-06-26 19:28:53,315 - map_video - DEBUG - [mapping_recorder.main:176] - [19:28:53] Redndı: False
2025-06-26 19:28:54,317 - map_video - DEBUG - [mapping_recorder.main:176] - [19:28:54] Redndı: False
2025-06-26 19:28:55,319 - map_video - DEBUG - [mapping_recorder.main:176] - [19:28:55] Redndı: False
2025-06-26 19:28:56,320 - map_video - DEBUG - [mapping_recorder.main:176] - [19:28:56] Redndı: False
2025-06-26 19:28:57,322 - map_video - DEBUG - [mapping_recorder.main:176] - [19:28:57] Redndı: False
2025-06-26 19:28:58,323 - map_video - DEBUG - [mapping_recorder.main:176] - [19:28:58] Redndı: False
2025-06-26 19:28:59,325 - map_video - DEBUG - [mapping_recorder.main:176] - [19:28:59] Redndı: False
2025-06-26 19:29:00,327 - map_video - DEBUG - [mapping_recorder.main:176] - [19:29:00] Redndı: False
2025-06-26 19:29:01,328 - map_video - DEBUG - [mapping_recorder.main:176] - [19:29:01] Redndı: False
2025-06-26 19:29:02,329 - map_video - DEBUG - [mapping_recorder.main:176] - [19:29:02] Redndı: False
2025-06-26 19:29:03,331 - map_video - DEBUG - [mapping_recorder.main:176] - [19:29:03] Redndı: False
2025-06-26 19:29:04,332 - map_video - DEBUG - [mapping_recorder.main:176] - [19:29:04] Redndı: False
2025-06-26 19:29:05,334 - map_video - DEBUG - [mapping_recorder.main:176] - [19:29:05] Redndı: False
2025-06-26 19:29:06,335 - map_video - DEBUG - [mapping_recorder.main:176] - [19:29:06] Redndı: False
2025-06-26 19:29:07,337 - map_video - DEBUG - [mapping_recorder.main:176] - [19:29:07] Redndı: False
2025-06-26 19:29:08,339 - map_video - DEBUG - [mapping_recorder.main:176] - [19:29:08] Redndı: False
2025-06-26 19:29:09,341 - map_video - DEBUG - [mapping_recorder.main:176] - [19:29:09] Redndı: False
2025-06-26 19:29:10,343 - map_video - DEBUG - [mapping_recorder.main:176] - [19:29:10] Redndı: False
2025-06-26 19:29:11,344 - map_video - DEBUG - [mapping_recorder.main:176] - [19:29:11] Redndı: False
2025-06-26 19:29:12,346 - map_video - DEBUG - [mapping_recorder.main:176] - [19:29:12] Redndı: False
2025-06-26 19:29:13,347 - map_video - DEBUG - [mapping_recorder.main:176] - [19:29:13] Redndı: False
2025-06-26 19:29:14,349 - map_video - DEBUG - [mapping_recorder.main:176] - [19:29:14] Redndı: False
2025-06-26 19:29:15,351 - map_video - DEBUG - [mapping_recorder.main:176] - [19:29:15] Redndı: False
2025-06-26 19:29:16,353 - map_video - DEBUG - [mapping_recorder.main:176] - [19:29:16] Redndı: False
2025-06-26 19:29:17,355 - map_video - DEBUG - [mapping_recorder.main:176] - [19:29:17] Redndı: False
2025-06-26 19:29:18,357 - map_video - DEBUG - [mapping_recorder.main:176] - [19:29:18] Redndı: False
2025-06-26 19:29:19,358 - map_video - DEBUG - [mapping_recorder.main:176] - [19:29:19] Redndı: False
2025-06-26 19:29:20,360 - map_video - DEBUG - [mapping_recorder.main:176] - [19:29:20] Redndı: False
2025-06-26 19:29:21,362 - map_video - DEBUG - [mapping_recorder.main:176] - [19:29:21] Redndı: False
2025-06-26 19:29:22,363 - map_video - DEBUG - [mapping_recorder.main:176] - [19:29:22] Redndı: False
2025-06-26 19:29:23,365 - map_video - DEBUG - [mapping_recorder.main:176] - [19:29:23] Redndı: False
2025-06-26 19:29:24,367 - map_video - DEBUG - [mapping_recorder.main:176] - [19:29:24] Redndı: False
2025-06-26 19:29:25,369 - map_video - DEBUG - [mapping_recorder.main:176] - [19:29:25] Redndı: False
2025-06-26 19:29:26,371 - map_video - DEBUG - [mapping_recorder.main:176] - [19:29:26] Redndı: False
2025-06-26 19:29:27,372 - map_video - DEBUG - [mapping_recorder.main:176] - [19:29:27] Redndı: False
2025-06-26 19:29:28,374 - map_video - DEBUG - [mapping_recorder.main:176] - [19:29:28] Redndı: False
2025-06-26 19:29:29,375 - map_video - DEBUG - [mapping_recorder.main:176] - [19:29:29] Redndı: False
2025-06-26 19:29:30,377 - map_video - DEBUG - [mapping_recorder.main:176] - [19:29:30] Redndı: False
2025-06-26 19:29:31,379 - map_video - DEBUG - [mapping_recorder.main:176] - [19:29:31] Redndı: False
2025-06-26 19:29:32,380 - map_video - DEBUG - [mapping_recorder.main:176] - [19:29:32] Redndı: False
2025-06-26 19:29:33,382 - map_video - DEBUG - [mapping_recorder.main:176] - [19:29:33] Redndı: False
2025-06-26 19:29:34,383 - map_video - DEBUG - [mapping_recorder.main:176] - [19:29:34] Redndı: False
2025-06-26 19:29:35,385 - map_video - DEBUG - [mapping_recorder.main:176] - [19:29:35] Redndı: False
2025-06-26 19:29:36,387 - map_video - DEBUG - [mapping_recorder.main:176] - [19:29:36] Redndı: False
2025-06-26 19:29:37,388 - map_video - DEBUG - [mapping_recorder.main:176] - [19:29:37] Redndı: False
2025-06-26 19:29:38,390 - map_video - DEBUG - [mapping_recorder.main:176] - [19:29:38] Redndı: False
2025-06-26 19:29:39,392 - map_video - DEBUG - [mapping_recorder.main:176] - [19:29:39] Redndı: False
2025-06-26 19:29:40,394 - map_video - DEBUG - [mapping_recorder.main:176] - [19:29:40] Redndı: False
2025-06-26 19:29:41,395 - map_video - DEBUG - [mapping_recorder.main:176] - [19:29:41] Redndı: False
2025-06-26 19:29:42,397 - map_video - DEBUG - [mapping_recorder.main:176] - [19:29:42] Redndı: False
2025-06-26 19:29:43,399 - map_video - DEBUG - [mapping_recorder.main:176] - [19:29:43] Redndı: False
2025-06-26 19:29:44,400 - map_video - DEBUG - [mapping_recorder.main:176] - [19:29:44] Redndı: False
2025-06-26 19:29:45,402 - map_video - DEBUG - [mapping_recorder.main:176] - [19:29:45] Redndı: False
2025-06-26 19:29:46,403 - map_video - DEBUG - [mapping_recorder.main:176] - [19:29:46] Redndı: False
2025-06-26 19:29:47,405 - map_video - DEBUG - [mapping_recorder.main:176] - [19:29:47] Redndı: False
2025-06-26 19:29:48,407 - map_video - DEBUG - [mapping_recorder.main:176] - [19:29:48] Redndı: False
2025-06-26 19:29:49,408 - map_video - DEBUG - [mapping_recorder.main:176] - [19:29:49] Redndı: False
2025-06-26 19:29:50,410 - map_video - DEBUG - [mapping_recorder.main:176] - [19:29:50] Redndı: False
2025-06-26 19:29:51,411 - map_video - DEBUG - [mapping_recorder.main:176] - [19:29:51] Redndı: False
2025-06-26 19:29:52,412 - map_video - DEBUG - [mapping_recorder.main:176] - [19:29:52] Redndı: False
2025-06-26 19:29:53,414 - map_video - DEBUG - [mapping_recorder.main:176] - [19:29:53] Redndı: False
2025-06-26 19:29:54,416 - map_video - DEBUG - [mapping_recorder.main:176] - [19:29:54] Redndı: False
2025-06-26 19:29:55,417 - map_video - DEBUG - [mapping_recorder.main:176] - [19:29:55] Redndı: False
2025-06-26 19:29:56,419 - map_video - DEBUG - [mapping_recorder.main:176] - [19:29:56] Redndı: False
2025-06-26 19:29:57,421 - map_video - DEBUG - [mapping_recorder.main:176] - [19:29:57] Redndı: False
2025-06-26 19:29:58,422 - map_video - DEBUG - [mapping_recorder.main:176] - [19:29:58] Redndı: False
2025-06-26 19:29:59,424 - map_video - DEBUG - [mapping_recorder.main:176] - [19:29:59] Redndı: False
2025-06-26 19:30:00,425 - map_video - DEBUG - [mapping_recorder.main:176] - [19:30:00] Redndı: False
2025-06-26 19:30:01,427 - map_video - DEBUG - [mapping_recorder.main:176] - [19:30:01] Redndı: False
2025-06-26 19:30:02,429 - map_video - DEBUG - [mapping_recorder.main:176] - [19:30:02] Redndı: False
2025-06-26 19:30:03,431 - map_video - DEBUG - [mapping_recorder.main:176] - [19:30:03] Redndı: False
2025-06-26 19:30:04,432 - map_video - DEBUG - [mapping_recorder.main:176] - [19:30:04] Redndı: False
2025-06-26 19:30:05,433 - map_video - DEBUG - [mapping_recorder.main:176] - [19:30:05] Redndı: False
2025-06-26 19:30:06,435 - map_video - DEBUG - [mapping_recorder.main:176] - [19:30:06] Redndı: False
2025-06-26 19:30:07,437 - map_video - DEBUG - [mapping_recorder.main:176] - [19:30:07] Redndı: False
2025-06-26 19:30:08,439 - map_video - DEBUG - [mapping_recorder.main:176] - [19:30:08] Redndı: False
2025-06-26 19:30:09,440 - map_video - DEBUG - [mapping_recorder.main:176] - [19:30:09] Redndı: False
2025-06-26 19:30:10,442 - map_video - DEBUG - [mapping_recorder.main:176] - [19:30:10] Redndı: False
2025-06-26 19:30:11,443 - map_video - DEBUG - [mapping_recorder.main:176] - [19:30:11] Redndı: False
2025-06-26 19:30:12,445 - map_video - DEBUG - [mapping_recorder.main:176] - [19:30:12] Redndı: False
2025-06-26 19:30:13,446 - map_video - DEBUG - [mapping_recorder.main:176] - [19:30:13] Redndı: False
2025-06-26 19:30:14,448 - map_video - DEBUG - [mapping_recorder.main:176] - [19:30:14] Redndı: False
2025-06-26 19:30:15,449 - map_video - DEBUG - [mapping_recorder.main:176] - [19:30:15] Redndı: False
2025-06-26 19:30:16,451 - map_video - DEBUG - [mapping_recorder.main:176] - [19:30:16] Redndı: False
2025-06-26 19:30:17,453 - map_video - DEBUG - [mapping_recorder.main:176] - [19:30:17] Redndı: False
2025-06-26 19:30:18,455 - map_video - DEBUG - [mapping_recorder.main:176] - [19:30:18] Redndı: False
2025-06-26 19:30:19,456 - map_video - DEBUG - [mapping_recorder.main:176] - [19:30:19] Redndı: False
2025-06-26 19:30:20,458 - map_video - DEBUG - [mapping_recorder.main:176] - [19:30:20] Redndı: False
2025-06-26 19:30:21,459 - map_video - DEBUG - [mapping_recorder.main:176] - [19:30:21] Redndı: False
2025-06-26 19:30:22,460 - map_video - DEBUG - [mapping_recorder.main:176] - [19:30:22] Redndı: False
2025-06-26 19:30:23,462 - map_video - DEBUG - [mapping_recorder.main:176] - [19:30:23] Redndı: False
2025-06-26 19:30:24,464 - map_video - DEBUG - [mapping_recorder.main:176] - [19:30:24] Redndı: False
2025-06-26 19:30:25,466 - map_video - DEBUG - [mapping_recorder.main:176] - [19:30:25] Redndı: False
2025-06-26 19:30:26,467 - map_video - DEBUG - [mapping_recorder.main:176] - [19:30:26] Redndı: False
2025-06-26 19:30:27,469 - map_video - DEBUG - [mapping_recorder.main:176] - [19:30:27] Redndı: False
2025-06-26 19:30:28,471 - map_video - DEBUG - [mapping_recorder.main:176] - [19:30:28] Redndı: False
2025-06-26 19:30:29,472 - map_video - DEBUG - [mapping_recorder.main:176] - [19:30:29] Redndı: False
2025-06-26 19:30:30,474 - map_video - DEBUG - [mapping_recorder.main:176] - [19:30:30] Redndı: False
2025-06-26 19:30:31,476 - map_video - DEBUG - [mapping_recorder.main:176] - [19:30:31] Redndı: False
2025-06-26 19:30:32,478 - map_video - DEBUG - [mapping_recorder.main:176] - [19:30:32] Redndı: False
2025-06-26 19:30:33,479 - map_video - DEBUG - [mapping_recorder.main:176] - [19:30:33] Redndı: False
2025-06-26 19:30:34,481 - map_video - DEBUG - [mapping_recorder.main:176] - [19:30:34] Redndı: False
2025-06-26 19:30:35,483 - map_video - DEBUG - [mapping_recorder.main:176] - [19:30:35] Redndı: False
2025-06-26 19:30:36,484 - map_video - DEBUG - [mapping_recorder.main:176] - [19:30:36] Redndı: False
2025-06-26 19:30:37,486 - map_video - DEBUG - [mapping_recorder.main:176] - [19:30:37] Redndı: False
2025-06-26 19:30:38,487 - map_video - DEBUG - [mapping_recorder.main:176] - [19:30:38] Redndı: False
2025-06-26 19:30:39,489 - map_video - DEBUG - [mapping_recorder.main:176] - [19:30:39] Redndı: False
2025-06-26 19:30:40,491 - map_video - DEBUG - [mapping_recorder.main:176] - [19:30:40] Redndı: False
2025-06-26 19:30:41,492 - map_video - DEBUG - [mapping_recorder.main:176] - [19:30:41] Redndı: False
2025-06-26 19:30:42,494 - map_video - DEBUG - [mapping_recorder.main:176] - [19:30:42] Redndı: False
2025-06-26 19:30:43,495 - map_video - DEBUG - [mapping_recorder.main:176] - [19:30:43] Redndı: False
2025-06-26 19:30:44,497 - map_video - DEBUG - [mapping_recorder.main:176] - [19:30:44] Redndı: False
2025-06-26 19:30:45,499 - map_video - DEBUG - [mapping_recorder.main:176] - [19:30:45] Redndı: False
2025-06-26 19:30:46,500 - map_video - DEBUG - [mapping_recorder.main:176] - [19:30:46] Redndı: False
2025-06-26 19:30:47,502 - map_video - DEBUG - [mapping_recorder.main:176] - [19:30:47] Redndı: False
2025-06-26 19:30:48,503 - map_video - DEBUG - [mapping_recorder.main:176] - [19:30:48] Redndı: False
2025-06-26 19:30:49,505 - map_video - DEBUG - [mapping_recorder.main:176] - [19:30:49] Redndı: False
2025-06-26 19:30:50,507 - map_video - DEBUG - [mapping_recorder.main:176] - [19:30:50] Redndı: False
2025-06-26 19:30:51,508 - map_video - DEBUG - [mapping_recorder.main:176] - [19:30:51] Redndı: False
2025-06-26 19:30:52,510 - map_video - DEBUG - [mapping_recorder.main:176] - [19:30:52] Redndı: False
2025-06-26 19:30:53,511 - map_video - DEBUG - [mapping_recorder.main:176] - [19:30:53] Redndı: False
2025-06-26 19:30:54,513 - map_video - DEBUG - [mapping_recorder.main:176] - [19:30:54] Redndı: False
2025-06-26 19:30:55,515 - map_video - DEBUG - [mapping_recorder.main:176] - [19:30:55] Redndı: False
2025-06-26 19:30:56,516 - map_video - DEBUG - [mapping_recorder.main:176] - [19:30:56] Redndı: False
2025-06-26 19:30:57,518 - map_video - DEBUG - [mapping_recorder.main:176] - [19:30:57] Redndı: False
2025-06-26 19:30:58,519 - map_video - DEBUG - [mapping_recorder.main:176] - [19:30:58] Redndı: False
2025-06-26 19:30:59,521 - map_video - DEBUG - [mapping_recorder.main:176] - [19:30:59] Redndı: False
2025-06-26 19:31:00,523 - map_video - DEBUG - [mapping_recorder.main:176] - [19:31:00] Redndı: False
2025-06-26 19:31:01,524 - map_video - DEBUG - [mapping_recorder.main:176] - [19:31:01] Redndı: False
2025-06-26 19:31:02,526 - map_video - DEBUG - [mapping_recorder.main:176] - [19:31:02] Redndı: False
2025-06-26 19:31:03,527 - map_video - DEBUG - [mapping_recorder.main:176] - [19:31:03] Redndı: False
2025-06-26 19:31:04,529 - map_video - DEBUG - [mapping_recorder.main:176] - [19:31:04] Redndı: False
2025-06-26 19:31:05,531 - map_video - DEBUG - [mapping_recorder.main:176] - [19:31:05] Redndı: False
2025-06-26 19:31:06,532 - map_video - DEBUG - [mapping_recorder.main:176] - [19:31:06] Redndı: False
2025-06-26 19:31:07,534 - map_video - DEBUG - [mapping_recorder.main:176] - [19:31:07] Redndı: False
2025-06-26 19:31:08,535 - map_video - DEBUG - [mapping_recorder.main:176] - [19:31:08] Redndı: False
2025-06-26 19:31:09,537 - map_video - DEBUG - [mapping_recorder.main:176] - [19:31:09] Redndı: False
2025-06-26 19:31:10,539 - map_video - DEBUG - [mapping_recorder.main:176] - [19:31:10] Redndı: False
2025-06-26 19:31:11,540 - map_video - DEBUG - [mapping_recorder.main:176] - [19:31:11] Redndı: False
2025-06-26 19:31:12,542 - map_video - DEBUG - [mapping_recorder.main:176] - [19:31:12] Redndı: False
2025-06-26 19:31:13,543 - map_video - DEBUG - [mapping_recorder.main:176] - [19:31:13] Redndı: False
2025-06-26 19:31:14,545 - map_video - DEBUG - [mapping_recorder.main:176] - [19:31:14] Redndı: False
2025-06-26 19:31:15,547 - map_video - DEBUG - [mapping_recorder.main:176] - [19:31:15] Redndı: False
2025-06-26 19:31:16,548 - map_video - DEBUG - [mapping_recorder.main:176] - [19:31:16] Redndı: False
2025-06-26 19:31:17,550 - map_video - DEBUG - [mapping_recorder.main:176] - [19:31:17] Redndı: False
2025-06-26 19:31:18,551 - map_video - DEBUG - [mapping_recorder.main:176] - [19:31:18] Redndı: False
2025-06-26 19:31:19,553 - map_video - DEBUG - [mapping_recorder.main:176] - [19:31:19] Redndı: False
2025-06-26 19:31:20,555 - map_video - DEBUG - [mapping_recorder.main:176] - [19:31:20] Redndı: False
2025-06-26 19:31:21,556 - map_video - DEBUG - [mapping_recorder.main:176] - [19:31:21] Redndı: False
2025-06-26 19:31:22,558 - map_video - DEBUG - [mapping_recorder.main:176] - [19:31:22] Redndı: False
2025-06-26 19:31:23,559 - map_video - DEBUG - [mapping_recorder.main:176] - [19:31:23] Redndı: False
2025-06-26 19:31:24,561 - map_video - DEBUG - [mapping_recorder.main:176] - [19:31:24] Redndı: False
2025-06-26 19:31:25,563 - map_video - DEBUG - [mapping_recorder.main:176] - [19:31:25] Redndı: False
2025-06-26 19:31:26,564 - map_video - DEBUG - [mapping_recorder.main:176] - [19:31:26] Redndı: False
2025-06-26 19:31:27,566 - map_video - DEBUG - [mapping_recorder.main:176] - [19:31:27] Redndı: False
2025-06-26 19:31:28,568 - map_video - DEBUG - [mapping_recorder.main:176] - [19:31:28] Redndı: False
2025-06-26 19:31:29,570 - map_video - DEBUG - [mapping_recorder.main:176] - [19:31:29] Redndı: False
2025-06-26 19:31:30,571 - map_video - DEBUG - [mapping_recorder.main:176] - [19:31:30] Redndı: False
2025-06-26 19:31:31,573 - map_video - DEBUG - [mapping_recorder.main:176] - [19:31:31] Redndı: False
2025-06-26 19:31:32,575 - map_video - DEBUG - [mapping_recorder.main:176] - [19:31:32] Redndı: False
2025-06-26 19:31:33,577 - map_video - DEBUG - [mapping_recorder.main:176] - [19:31:33] Redndı: False
2025-06-26 19:31:34,579 - map_video - DEBUG - [mapping_recorder.main:176] - [19:31:34] Redndı: False
2025-06-26 19:31:35,580 - map_video - DEBUG - [mapping_recorder.main:176] - [19:31:35] Redndı: False
2025-06-26 19:31:36,582 - map_video - DEBUG - [mapping_recorder.main:176] - [19:31:36] Redndı: False
2025-06-26 19:31:37,583 - map_video - DEBUG - [mapping_recorder.main:176] - [19:31:37] Redndı: False
2025-06-26 19:31:38,585 - map_video - DEBUG - [mapping_recorder.main:176] - [19:31:38] Redndı: False
2025-06-26 19:31:39,587 - map_video - DEBUG - [mapping_recorder.main:176] - [19:31:39] Redndı: False
2025-06-26 19:31:40,588 - map_video - DEBUG - [mapping_recorder.main:176] - [19:31:40] Redndı: False
2025-06-26 19:31:41,590 - map_video - DEBUG - [mapping_recorder.main:176] - [19:31:41] Redndı: False
2025-06-26 19:31:42,591 - map_video - DEBUG - [mapping_recorder.main:176] - [19:31:42] Redndı: False
2025-06-26 19:31:43,593 - map_video - DEBUG - [mapping_recorder.main:176] - [19:31:43] Redndı: False
2025-06-26 19:31:44,595 - map_video - DEBUG - [mapping_recorder.main:176] - [19:31:44] Redndı: False
2025-06-26 19:31:45,596 - map_video - DEBUG - [mapping_recorder.main:176] - [19:31:45] Redndı: False
2025-06-26 19:31:46,598 - map_video - DEBUG - [mapping_recorder.main:176] - [19:31:46] Redndı: False
2025-06-26 19:31:47,599 - map_video - DEBUG - [mapping_recorder.main:176] - [19:31:47] Redndı: False
2025-06-26 19:31:48,601 - map_video - DEBUG - [mapping_recorder.main:176] - [19:31:48] Redndı: False
2025-06-26 19:31:49,603 - map_video - DEBUG - [mapping_recorder.main:176] - [19:31:49] Redndı: False
2025-06-26 19:31:50,604 - map_video - DEBUG - [mapping_recorder.main:176] - [19:31:50] Redndı: False
2025-06-26 19:31:51,606 - map_video - DEBUG - [mapping_recorder.main:176] - [19:31:51] Redndı: False
2025-06-26 19:31:52,607 - map_video - DEBUG - [mapping_recorder.main:176] - [19:31:52] Redndı: False
2025-06-26 19:31:53,609 - map_video - DEBUG - [mapping_recorder.main:176] - [19:31:53] Redndı: False
2025-06-26 19:31:54,611 - map_video - DEBUG - [mapping_recorder.main:176] - [19:31:54] Redndı: False
2025-06-26 19:31:55,612 - map_video - DEBUG - [mapping_recorder.main:176] - [19:31:55] Redndı: False
2025-06-26 19:31:56,614 - map_video - DEBUG - [mapping_recorder.main:176] - [19:31:56] Redndı: False
2025-06-26 19:31:57,615 - map_video - DEBUG - [mapping_recorder.main:176] - [19:31:57] Redndı: False
2025-06-26 19:31:58,617 - map_video - DEBUG - [mapping_recorder.main:176] - [19:31:58] Redndı: False
2025-06-26 19:31:59,619 - map_video - DEBUG - [mapping_recorder.main:176] - [19:31:59] Redndı: False
2025-06-26 19:32:00,620 - map_video - DEBUG - [mapping_recorder.main:176] - [19:32:00] Redndı: False
2025-06-26 19:32:01,622 - map_video - DEBUG - [mapping_recorder.main:176] - [19:32:01] Redndı: False
2025-06-26 19:32:02,623 - map_video - DEBUG - [mapping_recorder.main:176] - [19:32:02] Redndı: False
2025-06-26 19:32:03,625 - map_video - DEBUG - [mapping_recorder.main:176] - [19:32:03] Redndı: False
2025-06-26 19:32:04,627 - map_video - DEBUG - [mapping_recorder.main:176] - [19:32:04] Redndı: False
2025-06-26 19:32:05,628 - map_video - DEBUG - [mapping_recorder.main:176] - [19:32:05] Redndı: False
2025-06-26 19:32:06,630 - map_video - DEBUG - [mapping_recorder.main:176] - [19:32:06] Redndı: False
2025-06-26 19:32:07,631 - map_video - DEBUG - [mapping_recorder.main:176] - [19:32:07] Redndı: False
2025-06-26 19:32:08,633 - map_video - DEBUG - [mapping_recorder.main:176] - [19:32:08] Redndı: False
2025-06-26 19:32:09,635 - map_video - DEBUG - [mapping_recorder.main:176] - [19:32:09] Redndı: False
2025-06-26 19:32:10,636 - map_video - DEBUG - [mapping_recorder.main:176] - [19:32:10] Redndı: False
2025-06-26 19:32:11,638 - map_video - DEBUG - [mapping_recorder.main:176] - [19:32:11] Redndı: False
2025-06-26 19:32:12,639 - map_video - DEBUG - [mapping_recorder.main:176] - [19:32:12] Redndı: False
2025-06-26 19:32:13,641 - map_video - DEBUG - [mapping_recorder.main:176] - [19:32:13] Redndı: False
2025-06-26 19:32:14,643 - map_video - DEBUG - [mapping_recorder.main:176] - [19:32:14] Redndı: False
2025-06-26 19:32:15,644 - map_video - DEBUG - [mapping_recorder.main:176] - [19:32:15] Redndı: False
2025-06-26 19:32:16,646 - map_video - DEBUG - [mapping_recorder.main:176] - [19:32:16] Redndı: False
2025-06-26 19:32:17,647 - map_video - DEBUG - [mapping_recorder.main:176] - [19:32:17] Redndı: False
2025-06-26 19:32:18,649 - map_video - DEBUG - [mapping_recorder.main:176] - [19:32:18] Redndı: False
2025-06-26 19:32:19,651 - map_video - DEBUG - [mapping_recorder.main:176] - [19:32:19] Redndı: False
2025-06-26 19:32:20,652 - map_video - DEBUG - [mapping_recorder.main:176] - [19:32:20] Redndı: False
2025-06-26 19:32:21,654 - map_video - DEBUG - [mapping_recorder.main:176] - [19:32:21] Redndı: False
2025-06-26 19:32:22,655 - map_video - DEBUG - [mapping_recorder.main:176] - [19:32:22] Redndı: False
2025-06-26 19:32:23,657 - map_video - DEBUG - [mapping_recorder.main:176] - [19:32:23] Redndı: False
2025-06-26 19:32:24,659 - map_video - DEBUG - [mapping_recorder.main:176] - [19:32:24] Redndı: False
2025-06-26 19:32:25,660 - map_video - DEBUG - [mapping_recorder.main:176] - [19:32:25] Redndı: False
2025-06-26 19:32:26,662 - map_video - DEBUG - [mapping_recorder.main:176] - [19:32:26] Redndı: False
2025-06-26 19:32:27,663 - map_video - DEBUG - [mapping_recorder.main:176] - [19:32:27] Redndı: False
2025-06-26 19:32:28,665 - map_video - DEBUG - [mapping_recorder.main:176] - [19:32:28] Redndı: False
2025-06-26 19:32:29,667 - map_video - DEBUG - [mapping_recorder.main:176] - [19:32:29] Redndı: False
2025-06-26 19:32:30,669 - map_video - DEBUG - [mapping_recorder.main:176] - [19:32:30] Redndı: False
2025-06-26 19:32:31,670 - map_video - DEBUG - [mapping_recorder.main:176] - [19:32:31] Redndı: False
2025-06-26 19:32:32,672 - map_video - DEBUG - [mapping_recorder.main:176] - [19:32:32] Redndı: False
2025-06-26 19:32:33,674 - map_video - DEBUG - [mapping_recorder.main:176] - [19:32:33] Redndı: False
2025-06-26 19:32:34,675 - map_video - DEBUG - [mapping_recorder.main:176] - [19:32:34] Redndı: False
2025-06-26 19:32:35,677 - map_video - DEBUG - [mapping_recorder.main:176] - [19:32:35] Redndı: False
2025-06-26 19:32:36,679 - map_video - DEBUG - [mapping_recorder.main:176] - [19:32:36] Redndı: False
2025-06-26 19:32:37,680 - map_video - DEBUG - [mapping_recorder.main:176] - [19:32:37] Redndı: False
2025-06-26 19:32:38,682 - map_video - DEBUG - [mapping_recorder.main:176] - [19:32:38] Redndı: False
2025-06-26 19:32:39,683 - map_video - DEBUG - [mapping_recorder.main:176] - [19:32:39] Redndı: False
2025-06-26 19:32:40,685 - map_video - DEBUG - [mapping_recorder.main:176] - [19:32:40] Redndı: False
2025-06-26 19:32:41,687 - map_video - DEBUG - [mapping_recorder.main:176] - [19:32:41] Redndı: False
2025-06-26 19:32:42,689 - map_video - DEBUG - [mapping_recorder.main:176] - [19:32:42] Redndı: False
2025-06-26 19:32:43,691 - map_video - DEBUG - [mapping_recorder.main:176] - [19:32:43] Redndı: False
2025-06-26 19:32:44,692 - map_video - DEBUG - [mapping_recorder.main:176] - [19:32:44] Redndı: False
2025-06-26 19:32:45,694 - map_video - DEBUG - [mapping_recorder.main:176] - [19:32:45] Redndı: False
2025-06-26 19:32:46,695 - map_video - DEBUG - [mapping_recorder.main:176] - [19:32:46] Redndı: False
2025-06-26 19:32:47,697 - map_video - DEBUG - [mapping_recorder.main:176] - [19:32:47] Redndı: False
2025-06-26 19:32:48,699 - map_video - DEBUG - [mapping_recorder.main:176] - [19:32:48] Redndı: False
2025-06-26 19:32:49,700 - map_video - DEBUG - [mapping_recorder.main:176] - [19:32:49] Redndı: False
2025-06-26 19:32:50,702 - map_video - DEBUG - [mapping_recorder.main:176] - [19:32:50] Redndı: False
2025-06-26 19:32:51,703 - map_video - DEBUG - [mapping_recorder.main:176] - [19:32:51] Redndı: False
2025-06-26 19:32:52,705 - map_video - DEBUG - [mapping_recorder.main:176] - [19:32:52] Redndı: False
2025-06-26 19:32:53,707 - map_video - DEBUG - [mapping_recorder.main:176] - [19:32:53] Redndı: False
2025-06-26 19:32:54,708 - map_video - DEBUG - [mapping_recorder.main:176] - [19:32:54] Redndı: False
2025-06-26 19:32:55,710 - map_video - DEBUG - [mapping_recorder.main:176] - [19:32:55] Redndı: False
2025-06-26 19:32:56,711 - map_video - DEBUG - [mapping_recorder.main:176] - [19:32:56] Redndı: False
2025-06-26 19:32:57,713 - map_video - DEBUG - [mapping_recorder.main:176] - [19:32:57] Redndı: False
2025-06-26 19:32:58,715 - map_video - DEBUG - [mapping_recorder.main:176] - [19:32:58] Redndı: False
2025-06-26 19:32:59,716 - map_video - DEBUG - [mapping_recorder.main:176] - [19:32:59] Redndı: False
2025-06-26 19:33:00,718 - map_video - DEBUG - [mapping_recorder.main:176] - [19:33:00] Redndı: False
2025-06-26 19:33:01,719 - map_video - DEBUG - [mapping_recorder.main:176] - [19:33:01] Redndı: False
2025-06-26 19:33:02,721 - map_video - DEBUG - [mapping_recorder.main:176] - [19:33:02] Redndı: False
2025-06-26 19:33:03,723 - map_video - DEBUG - [mapping_recorder.main:176] - [19:33:03] Redndı: False
2025-06-26 19:33:04,724 - map_video - DEBUG - [mapping_recorder.main:176] - [19:33:04] Redndı: False
2025-06-26 19:33:05,726 - map_video - DEBUG - [mapping_recorder.main:176] - [19:33:05] Redndı: False
2025-06-26 19:33:06,727 - map_video - DEBUG - [mapping_recorder.main:176] - [19:33:06] Redndı: False
2025-06-26 19:33:07,729 - map_video - DEBUG - [mapping_recorder.main:176] - [19:33:07] Redndı: False
2025-06-26 19:33:08,731 - map_video - DEBUG - [mapping_recorder.main:176] - [19:33:08] Redndı: False
2025-06-26 19:33:09,732 - map_video - DEBUG - [mapping_recorder.main:176] - [19:33:09] Redndı: False
2025-06-26 19:33:10,734 - map_video - DEBUG - [mapping_recorder.main:176] - [19:33:10] Redndı: False
2025-06-26 19:33:11,735 - map_video - DEBUG - [mapping_recorder.main:176] - [19:33:11] Redndı: False
2025-06-26 19:33:12,737 - map_video - DEBUG - [mapping_recorder.main:176] - [19:33:12] Redndı: False
2025-06-26 19:33:13,739 - map_video - DEBUG - [mapping_recorder.main:176] - [19:33:13] Redndı: False
2025-06-26 19:33:14,740 - map_video - DEBUG - [mapping_recorder.main:176] - [19:33:14] Redndı: False
2025-06-26 19:33:15,742 - map_video - DEBUG - [mapping_recorder.main:176] - [19:33:15] Redndı: False
2025-06-26 19:33:16,743 - map_video - DEBUG - [mapping_recorder.main:176] - [19:33:16] Redndı: False
2025-06-26 19:33:17,745 - map_video - DEBUG - [mapping_recorder.main:176] - [19:33:17] Redndı: False
2025-06-26 19:33:18,747 - map_video - DEBUG - [mapping_recorder.main:176] - [19:33:18] Redndı: False
2025-06-26 19:33:19,748 - map_video - DEBUG - [mapping_recorder.main:176] - [19:33:19] Redndı: False
2025-06-26 19:33:20,750 - map_video - DEBUG - [mapping_recorder.main:176] - [19:33:20] Redndı: False
2025-06-26 19:33:21,751 - map_video - DEBUG - [mapping_recorder.main:176] - [19:33:21] Redndı: False
2025-06-26 19:33:22,753 - map_video - DEBUG - [mapping_recorder.main:176] - [19:33:22] Redndı: False
2025-06-26 19:33:23,755 - map_video - DEBUG - [mapping_recorder.main:176] - [19:33:23] Redndı: False
2025-06-26 19:33:24,756 - map_video - DEBUG - [mapping_recorder.main:176] - [19:33:24] Redndı: False
2025-06-26 19:33:25,758 - map_video - DEBUG - [mapping_recorder.main:176] - [19:33:25] Redndı: False
2025-06-26 19:33:26,759 - map_video - DEBUG - [mapping_recorder.main:176] - [19:33:26] Redndı: False
2025-06-26 19:33:27,761 - map_video - DEBUG - [mapping_recorder.main:176] - [19:33:27] Redndı: False
2025-06-26 19:33:28,763 - map_video - DEBUG - [mapping_recorder.main:176] - [19:33:28] Redndı: False
2025-06-26 19:33:29,764 - map_video - DEBUG - [mapping_recorder.main:176] - [19:33:29] Redndı: False
2025-06-26 19:33:30,766 - map_video - DEBUG - [mapping_recorder.main:176] - [19:33:30] Redndı: False
2025-06-26 19:33:31,767 - map_video - DEBUG - [mapping_recorder.main:176] - [19:33:31] Redndı: False
2025-06-26 19:33:32,769 - map_video - DEBUG - [mapping_recorder.main:176] - [19:33:32] Redndı: False
2025-06-26 19:33:33,771 - map_video - DEBUG - [mapping_recorder.main:176] - [19:33:33] Redndı: False
2025-06-26 19:33:34,772 - map_video - DEBUG - [mapping_recorder.main:176] - [19:33:34] Redndı: False
2025-06-26 19:33:35,774 - map_video - DEBUG - [mapping_recorder.main:176] - [19:33:35] Redndı: False
2025-06-26 19:33:36,775 - map_video - DEBUG - [mapping_recorder.main:176] - [19:33:36] Redndı: False
2025-06-26 19:33:37,777 - map_video - DEBUG - [mapping_recorder.main:176] - [19:33:37] Redndı: False
2025-06-26 19:33:38,779 - map_video - DEBUG - [mapping_recorder.main:176] - [19:33:38] Redndı: False
2025-06-26 19:33:39,780 - map_video - DEBUG - [mapping_recorder.main:176] - [19:33:39] Redndı: False
2025-06-26 19:33:40,782 - map_video - DEBUG - [mapping_recorder.main:176] - [19:33:40] Redndı: False
2025-06-26 19:33:41,783 - map_video - DEBUG - [mapping_recorder.main:176] - [19:33:41] Redndı: False
2025-06-26 19:33:42,785 - map_video - DEBUG - [mapping_recorder.main:176] - [19:33:42] Redndı: False
2025-06-26 19:33:43,787 - map_video - DEBUG - [mapping_recorder.main:176] - [19:33:43] Redndı: False
2025-06-26 19:33:44,788 - map_video - DEBUG - [mapping_recorder.main:176] - [19:33:44] Redndı: False
2025-06-26 19:33:45,790 - map_video - DEBUG - [mapping_recorder.main:176] - [19:33:45] Redndı: False
2025-06-26 19:33:46,791 - map_video - DEBUG - [mapping_recorder.main:176] - [19:33:46] Redndı: False
2025-06-26 19:33:47,793 - map_video - DEBUG - [mapping_recorder.main:176] - [19:33:47] Redndı: False
2025-06-26 19:33:48,795 - map_video - DEBUG - [mapping_recorder.main:176] - [19:33:48] Redndı: False
2025-06-26 19:33:49,796 - map_video - DEBUG - [mapping_recorder.main:176] - [19:33:49] Redndı: False
2025-06-26 19:33:50,798 - map_video - DEBUG - [mapping_recorder.main:176] - [19:33:50] Redndı: False
2025-06-26 19:33:51,799 - map_video - DEBUG - [mapping_recorder.main:176] - [19:33:51] Redndı: False
2025-06-26 19:33:52,801 - map_video - DEBUG - [mapping_recorder.main:176] - [19:33:52] Redndı: False
2025-06-26 19:33:53,803 - map_video - DEBUG - [mapping_recorder.main:176] - [19:33:53] Redndı: False
2025-06-26 19:33:54,804 - map_video - DEBUG - [mapping_recorder.main:176] - [19:33:54] Redndı: False
2025-06-26 19:33:55,806 - map_video - DEBUG - [mapping_recorder.main:176] - [19:33:55] Redndı: False
2025-06-26 19:33:56,807 - map_video - DEBUG - [mapping_recorder.main:176] - [19:33:56] Redndı: False
2025-06-26 19:33:57,809 - map_video - DEBUG - [mapping_recorder.main:176] - [19:33:57] Redndı: False
2025-06-26 19:33:58,811 - map_video - DEBUG - [mapping_recorder.main:176] - [19:33:58] Redndı: False
2025-06-26 19:33:59,812 - map_video - DEBUG - [mapping_recorder.main:176] - [19:33:59] Redndı: False
2025-06-26 19:34:00,814 - map_video - DEBUG - [mapping_recorder.main:176] - [19:34:00] Redndı: False
2025-06-26 19:34:01,815 - map_video - DEBUG - [mapping_recorder.main:176] - [19:34:01] Redndı: False
2025-06-26 19:34:02,817 - map_video - DEBUG - [mapping_recorder.main:176] - [19:34:02] Redndı: False
2025-06-26 19:34:03,819 - map_video - DEBUG - [mapping_recorder.main:176] - [19:34:03] Redndı: False
2025-06-26 19:34:04,820 - map_video - DEBUG - [mapping_recorder.main:176] - [19:34:04] Redndı: False
2025-06-26 19:34:05,822 - map_video - DEBUG - [mapping_recorder.main:176] - [19:34:05] Redndı: False
2025-06-26 19:34:06,823 - map_video - DEBUG - [mapping_recorder.main:176] - [19:34:06] Redndı: False
2025-06-26 19:34:07,825 - map_video - DEBUG - [mapping_recorder.main:176] - [19:34:07] Redndı: False
2025-06-26 19:34:08,827 - map_video - DEBUG - [mapping_recorder.main:176] - [19:34:08] Redndı: False
2025-06-26 19:34:09,828 - map_video - DEBUG - [mapping_recorder.main:176] - [19:34:09] Redndı: False
2025-06-26 19:34:10,830 - map_video - DEBUG - [mapping_recorder.main:176] - [19:34:10] Redndı: False
2025-06-26 19:34:11,831 - map_video - DEBUG - [mapping_recorder.main:176] - [19:34:11] Redndı: False
2025-06-26 19:34:12,833 - map_video - DEBUG - [mapping_recorder.main:176] - [19:34:12] Redndı: False
2025-06-26 19:34:13,835 - map_video - DEBUG - [mapping_recorder.main:176] - [19:34:13] Redndı: False
2025-06-26 19:34:14,836 - map_video - DEBUG - [mapping_recorder.main:176] - [19:34:14] Redndı: False
2025-06-26 19:34:15,838 - map_video - DEBUG - [mapping_recorder.main:176] - [19:34:15] Redndı: False
2025-06-26 19:34:16,839 - map_video - DEBUG - [mapping_recorder.main:176] - [19:34:16] Redndı: False
2025-06-26 19:34:17,841 - map_video - DEBUG - [mapping_recorder.main:176] - [19:34:17] Redndı: False
2025-06-26 19:34:18,843 - map_video - DEBUG - [mapping_recorder.main:176] - [19:34:18] Redndı: False
2025-06-26 19:34:19,844 - map_video - DEBUG - [mapping_recorder.main:176] - [19:34:19] Redndı: False
2025-06-26 19:34:20,846 - map_video - DEBUG - [mapping_recorder.main:176] - [19:34:20] Redndı: False
2025-06-26 19:34:21,847 - map_video - DEBUG - [mapping_recorder.main:176] - [19:34:21] Redndı: False
2025-06-26 19:34:22,849 - map_video - DEBUG - [mapping_recorder.main:176] - [19:34:22] Redndı: False
2025-06-26 19:34:23,851 - map_video - DEBUG - [mapping_recorder.main:176] - [19:34:23] Redndı: False
2025-06-26 19:34:24,852 - map_video - DEBUG - [mapping_recorder.main:176] - [19:34:24] Redndı: False
2025-06-26 19:34:25,854 - map_video - DEBUG - [mapping_recorder.main:176] - [19:34:25] Redndı: False
2025-06-26 19:34:26,855 - map_video - DEBUG - [mapping_recorder.main:176] - [19:34:26] Redndı: False
2025-06-26 19:34:27,857 - map_video - DEBUG - [mapping_recorder.main:176] - [19:34:27] Redndı: False
2025-06-26 19:34:28,859 - map_video - DEBUG - [mapping_recorder.main:176] - [19:34:28] Redndı: False
2025-06-26 19:34:29,860 - map_video - DEBUG - [mapping_recorder.main:176] - [19:34:29] Redndı: False
2025-06-26 19:34:30,862 - map_video - DEBUG - [mapping_recorder.main:176] - [19:34:30] Redndı: False
2025-06-26 19:34:31,863 - map_video - DEBUG - [mapping_recorder.main:176] - [19:34:31] Redndı: False
2025-06-26 19:34:32,865 - map_video - DEBUG - [mapping_recorder.main:176] - [19:34:32] Redndı: False
2025-06-26 19:34:33,867 - map_video - DEBUG - [mapping_recorder.main:176] - [19:34:33] Redndı: False
2025-06-26 19:34:34,868 - map_video - DEBUG - [mapping_recorder.main:176] - [19:34:34] Redndı: False
2025-06-26 19:34:35,870 - map_video - DEBUG - [mapping_recorder.main:176] - [19:34:35] Redndı: False
2025-06-26 19:34:36,871 - map_video - DEBUG - [mapping_recorder.main:176] - [19:34:36] Redndı: False
2025-06-26 19:34:37,872 - map_video - DEBUG - [mapping_recorder.main:176] - [19:34:37] Redndı: False
2025-06-26 19:34:38,874 - map_video - DEBUG - [mapping_recorder.main:176] - [19:34:38] Redndı: False
2025-06-26 19:34:39,876 - map_video - DEBUG - [mapping_recorder.main:176] - [19:34:39] Redndı: False
2025-06-26 19:34:40,878 - map_video - DEBUG - [mapping_recorder.main:176] - [19:34:40] Redndı: False
2025-06-26 19:34:41,879 - map_video - DEBUG - [mapping_recorder.main:176] - [19:34:41] Redndı: False
2025-06-26 19:34:42,881 - map_video - DEBUG - [mapping_recorder.main:176] - [19:34:42] Redndı: False
2025-06-26 19:34:43,883 - map_video - DEBUG - [mapping_recorder.main:176] - [19:34:43] Redndı: False
2025-06-26 19:34:44,884 - map_video - DEBUG - [mapping_recorder.main:176] - [19:34:44] Redndı: False
2025-06-26 19:34:45,886 - map_video - DEBUG - [mapping_recorder.main:176] - [19:34:45] Redndı: False
2025-06-26 19:34:46,887 - map_video - DEBUG - [mapping_recorder.main:176] - [19:34:46] Redndı: False
2025-06-26 19:34:47,889 - map_video - DEBUG - [mapping_recorder.main:176] - [19:34:47] Redndı: False
2025-06-26 19:34:48,891 - map_video - DEBUG - [mapping_recorder.main:176] - [19:34:48] Redndı: False
2025-06-26 19:34:49,893 - map_video - DEBUG - [mapping_recorder.main:176] - [19:34:49] Redndı: False
2025-06-26 19:34:50,895 - map_video - DEBUG - [mapping_recorder.main:176] - [19:34:50] Redndı: False
2025-06-26 19:34:51,896 - map_video - DEBUG - [mapping_recorder.main:176] - [19:34:51] Redndı: False
2025-06-26 19:34:52,898 - map_video - DEBUG - [mapping_recorder.main:176] - [19:34:52] Redndı: False
2025-06-26 19:34:53,899 - map_video - DEBUG - [mapping_recorder.main:176] - [19:34:53] Redndı: False
2025-06-26 19:34:54,901 - map_video - DEBUG - [mapping_recorder.main:176] - [19:34:54] Redndı: False
2025-06-26 19:34:55,903 - map_video - DEBUG - [mapping_recorder.main:176] - [19:34:55] Redndı: False
2025-06-26 19:34:56,904 - map_video - DEBUG - [mapping_recorder.main:176] - [19:34:56] Redndı: False
2025-06-26 19:34:57,906 - map_video - DEBUG - [mapping_recorder.main:176] - [19:34:57] Redndı: False
2025-06-26 19:34:58,907 - map_video - DEBUG - [mapping_recorder.main:176] - [19:34:58] Redndı: False
2025-06-26 19:34:59,909 - map_video - DEBUG - [mapping_recorder.main:176] - [19:34:59] Redndı: False
2025-06-26 19:35:00,911 - map_video - DEBUG - [mapping_recorder.main:176] - [19:35:00] Redndı: False
2025-06-26 19:35:01,912 - map_video - DEBUG - [mapping_recorder.main:176] - [19:35:01] Redndı: False
2025-06-26 19:35:02,914 - map_video - DEBUG - [mapping_recorder.main:176] - [19:35:02] Redndı: False
2025-06-26 19:35:03,915 - map_video - DEBUG - [mapping_recorder.main:176] - [19:35:03] Redndı: False
2025-06-26 19:35:04,917 - map_video - DEBUG - [mapping_recorder.main:176] - [19:35:04] Redndı: False
2025-06-26 19:35:05,919 - map_video - DEBUG - [mapping_recorder.main:176] - [19:35:05] Redndı: False
2025-06-26 19:35:06,920 - map_video - DEBUG - [mapping_recorder.main:176] - [19:35:06] Redndı: False
2025-06-26 19:35:07,922 - map_video - DEBUG - [mapping_recorder.main:176] - [19:35:07] Redndı: False
2025-06-26 19:35:08,923 - map_video - DEBUG - [mapping_recorder.main:176] - [19:35:08] Redndı: False
2025-06-26 19:35:09,925 - map_video - DEBUG - [mapping_recorder.main:176] - [19:35:09] Redndı: False
2025-06-26 19:35:10,927 - map_video - DEBUG - [mapping_recorder.main:176] - [19:35:10] Redndı: False
2025-06-26 19:35:11,928 - map_video - DEBUG - [mapping_recorder.main:176] - [19:35:11] Redndı: False
2025-06-26 19:35:12,930 - map_video - DEBUG - [mapping_recorder.main:176] - [19:35:12] Redndı: False
2025-06-26 19:35:13,931 - map_video - DEBUG - [mapping_recorder.main:176] - [19:35:13] Redndı: False
2025-06-26 19:35:14,933 - map_video - DEBUG - [mapping_recorder.main:176] - [19:35:14] Redndı: False
2025-06-26 19:35:15,935 - map_video - DEBUG - [mapping_recorder.main:176] - [19:35:15] Redndı: False
2025-06-26 19:35:16,937 - map_video - DEBUG - [mapping_recorder.main:176] - [19:35:16] Redndı: False
2025-06-26 19:35:17,939 - map_video - DEBUG - [mapping_recorder.main:176] - [19:35:17] Redndı: False
2025-06-26 19:35:18,940 - map_video - DEBUG - [mapping_recorder.main:176] - [19:35:18] Redndı: False
2025-06-26 19:35:19,942 - map_video - DEBUG - [mapping_recorder.main:176] - [19:35:19] Redndı: False
2025-06-26 19:35:20,944 - map_video - DEBUG - [mapping_recorder.main:176] - [19:35:20] Redndı: False
2025-06-26 19:35:21,945 - map_video - DEBUG - [mapping_recorder.main:176] - [19:35:21] Redndı: False
2025-06-26 19:35:22,947 - map_video - DEBUG - [mapping_recorder.main:176] - [19:35:22] Redndı: False
2025-06-26 19:35:23,949 - map_video - DEBUG - [mapping_recorder.main:176] - [19:35:23] Redndı: False
2025-06-26 19:35:24,951 - map_video - DEBUG - [mapping_recorder.main:176] - [19:35:24] Redndı: False
2025-06-26 19:35:25,952 - map_video - DEBUG - [mapping_recorder.main:176] - [19:35:25] Redndı: False
2025-06-26 19:35:26,954 - map_video - DEBUG - [mapping_recorder.main:176] - [19:35:26] Redndı: False
2025-06-26 19:35:27,955 - map_video - DEBUG - [mapping_recorder.main:176] - [19:35:27] Redndı: False
2025-06-26 19:35:28,957 - map_video - DEBUG - [mapping_recorder.main:176] - [19:35:28] Redndı: False
2025-06-26 19:35:29,959 - map_video - DEBUG - [mapping_recorder.main:176] - [19:35:29] Redndı: False
2025-06-26 19:35:30,961 - map_video - DEBUG - [mapping_recorder.main:176] - [19:35:30] Redndı: False
2025-06-26 19:35:31,963 - map_video - DEBUG - [mapping_recorder.main:176] - [19:35:31] Redndı: False
2025-06-26 19:35:32,964 - map_video - DEBUG - [mapping_recorder.main:176] - [19:35:32] Redndı: False
2025-06-26 19:35:33,966 - map_video - DEBUG - [mapping_recorder.main:176] - [19:35:33] Redndı: False
2025-06-26 19:35:34,968 - map_video - DEBUG - [mapping_recorder.main:176] - [19:35:34] Redndı: False
2025-06-26 19:35:35,969 - map_video - DEBUG - [mapping_recorder.main:176] - [19:35:35] Redndı: False
2025-06-26 19:35:36,971 - map_video - DEBUG - [mapping_recorder.main:176] - [19:35:36] Redndı: False
2025-06-26 19:35:37,973 - map_video - DEBUG - [mapping_recorder.main:176] - [19:35:37] Redndı: False
2025-06-26 19:35:38,975 - map_video - DEBUG - [mapping_recorder.main:176] - [19:35:38] Redndı: False
2025-06-26 19:35:39,976 - map_video - DEBUG - [mapping_recorder.main:176] - [19:35:39] Redndı: False
2025-06-26 19:35:40,978 - map_video - DEBUG - [mapping_recorder.main:176] - [19:35:40] Redndı: False
2025-06-26 19:35:41,979 - map_video - DEBUG - [mapping_recorder.main:176] - [19:35:41] Redndı: False
2025-06-26 19:35:42,981 - map_video - DEBUG - [mapping_recorder.main:176] - [19:35:42] Redndı: False
2025-06-26 19:35:43,983 - map_video - DEBUG - [mapping_recorder.main:176] - [19:35:43] Redndı: False
2025-06-26 19:35:44,984 - map_video - DEBUG - [mapping_recorder.main:176] - [19:35:44] Redndı: False
2025-06-26 19:35:45,986 - map_video - DEBUG - [mapping_recorder.main:176] - [19:35:45] Redndı: False
2025-06-26 19:35:46,987 - map_video - DEBUG - [mapping_recorder.main:176] - [19:35:46] Redndı: False
2025-06-26 19:35:47,989 - map_video - DEBUG - [mapping_recorder.main:176] - [19:35:47] Redndı: False
2025-06-26 19:35:48,991 - map_video - DEBUG - [mapping_recorder.main:176] - [19:35:48] Redndı: False
2025-06-26 19:35:49,992 - map_video - DEBUG - [mapping_recorder.main:176] - [19:35:49] Redndı: False
2025-06-26 19:35:50,994 - map_video - DEBUG - [mapping_recorder.main:176] - [19:35:50] Redndı: False
2025-06-26 19:35:51,995 - map_video - DEBUG - [mapping_recorder.main:176] - [19:35:51] Redndı: False
2025-06-26 19:35:52,997 - map_video - DEBUG - [mapping_recorder.main:176] - [19:35:52] Redndı: False
2025-06-26 19:35:53,999 - map_video - DEBUG - [mapping_recorder.main:176] - [19:35:53] Redndı: False
2025-06-26 19:35:55,000 - map_video - DEBUG - [mapping_recorder.main:176] - [19:35:55] Redndı: False
2025-06-26 19:35:56,002 - map_video - DEBUG - [mapping_recorder.main:176] - [19:35:56] Redndı: False
2025-06-26 19:35:57,003 - map_video - DEBUG - [mapping_recorder.main:176] - [19:35:57] Redndı: False
2025-06-26 19:35:58,005 - map_video - DEBUG - [mapping_recorder.main:176] - [19:35:58] Redndı: False
2025-06-26 19:35:59,007 - map_video - DEBUG - [mapping_recorder.main:176] - [19:35:59] Redndı: False
2025-06-26 19:36:00,008 - map_video - DEBUG - [mapping_recorder.main:176] - [19:36:00] Redndı: False
2025-06-26 19:36:01,010 - map_video - DEBUG - [mapping_recorder.main:176] - [19:36:01] Redndı: False
2025-06-26 19:36:02,011 - map_video - DEBUG - [mapping_recorder.main:176] - [19:36:02] Redndı: False
2025-06-26 19:36:03,013 - map_video - DEBUG - [mapping_recorder.main:176] - [19:36:03] Redndı: False
2025-06-26 19:36:04,015 - map_video - DEBUG - [mapping_recorder.main:176] - [19:36:04] Redndı: False
2025-06-26 19:36:05,016 - map_video - DEBUG - [mapping_recorder.main:176] - [19:36:05] Redndı: False
2025-06-26 19:36:06,018 - map_video - DEBUG - [mapping_recorder.main:176] - [19:36:06] Redndı: False
2025-06-26 19:36:07,019 - map_video - DEBUG - [mapping_recorder.main:176] - [19:36:07] Redndı: False
2025-06-26 19:36:08,021 - map_video - DEBUG - [mapping_recorder.main:176] - [19:36:08] Redndı: False
2025-06-26 19:36:09,023 - map_video - DEBUG - [mapping_recorder.main:176] - [19:36:09] Redndı: False
2025-06-26 19:36:10,024 - map_video - DEBUG - [mapping_recorder.main:176] - [19:36:10] Redndı: False
2025-06-26 19:36:11,026 - map_video - DEBUG - [mapping_recorder.main:176] - [19:36:11] Redndı: False
2025-06-26 19:36:12,027 - map_video - DEBUG - [mapping_recorder.main:176] - [19:36:12] Redndı: False
2025-06-26 19:36:13,029 - map_video - DEBUG - [mapping_recorder.main:176] - [19:36:13] Redndı: False
2025-06-26 19:36:14,031 - map_video - DEBUG - [mapping_recorder.main:176] - [19:36:14] Redndı: False
2025-06-26 19:36:15,032 - map_video - DEBUG - [mapping_recorder.main:176] - [19:36:15] Redndı: False
2025-06-26 19:36:16,034 - map_video - DEBUG - [mapping_recorder.main:176] - [19:36:16] Redndı: False
2025-06-26 19:36:17,035 - map_video - DEBUG - [mapping_recorder.main:176] - [19:36:17] Redndı: False
2025-06-26 19:36:18,037 - map_video - DEBUG - [mapping_recorder.main:176] - [19:36:18] Redndı: False
2025-06-26 19:36:19,039 - map_video - DEBUG - [mapping_recorder.main:176] - [19:36:19] Redndı: False
2025-06-26 19:36:20,040 - map_video - DEBUG - [mapping_recorder.main:176] - [19:36:20] Redndı: False
2025-06-26 19:36:21,042 - map_video - DEBUG - [mapping_recorder.main:176] - [19:36:21] Redndı: False
2025-06-26 19:36:22,044 - map_video - DEBUG - [mapping_recorder.main:176] - [19:36:22] Redndı: False
2025-06-26 19:36:23,046 - map_video - DEBUG - [mapping_recorder.main:176] - [19:36:23] Redndı: False
2025-06-26 19:36:24,047 - map_video - DEBUG - [mapping_recorder.main:176] - [19:36:24] Redndı: False
2025-06-26 19:36:25,049 - map_video - DEBUG - [mapping_recorder.main:176] - [19:36:25] Redndı: False
2025-06-26 19:36:26,051 - map_video - DEBUG - [mapping_recorder.main:176] - [19:36:26] Redndı: False
2025-06-26 19:36:27,053 - map_video - DEBUG - [mapping_recorder.main:176] - [19:36:27] Redndı: False
2025-06-26 19:36:28,055 - map_video - DEBUG - [mapping_recorder.main:176] - [19:36:28] Redndı: False
2025-06-26 19:36:29,056 - map_video - DEBUG - [mapping_recorder.main:176] - [19:36:29] Redndı: False
2025-06-26 19:36:30,058 - map_video - DEBUG - [mapping_recorder.main:176] - [19:36:30] Redndı: False
2025-06-26 19:36:31,059 - map_video - DEBUG - [mapping_recorder.main:176] - [19:36:31] Redndı: False
2025-06-26 19:36:32,061 - map_video - DEBUG - [mapping_recorder.main:176] - [19:36:32] Redndı: False
2025-06-26 19:36:33,063 - map_video - DEBUG - [mapping_recorder.main:176] - [19:36:33] Redndı: False
2025-06-26 19:36:34,065 - map_video - DEBUG - [mapping_recorder.main:176] - [19:36:34] Redndı: False
2025-06-26 19:36:35,066 - map_video - DEBUG - [mapping_recorder.main:176] - [19:36:35] Redndı: False
2025-06-26 19:36:36,068 - map_video - DEBUG - [mapping_recorder.main:176] - [19:36:36] Redndı: False
2025-06-26 19:36:37,069 - map_video - DEBUG - [mapping_recorder.main:176] - [19:36:37] Redndı: False
2025-06-26 19:36:38,071 - map_video - DEBUG - [mapping_recorder.main:176] - [19:36:38] Redndı: False
2025-06-26 19:36:39,072 - map_video - DEBUG - [mapping_recorder.main:176] - [19:36:39] Redndı: False
2025-06-26 19:36:40,074 - map_video - DEBUG - [mapping_recorder.main:176] - [19:36:40] Redndı: False
2025-06-26 19:36:41,075 - map_video - DEBUG - [mapping_recorder.main:176] - [19:36:41] Redndı: False
2025-06-26 19:36:42,077 - map_video - DEBUG - [mapping_recorder.main:176] - [19:36:42] Redndı: False
2025-06-26 19:36:43,079 - map_video - DEBUG - [mapping_recorder.main:176] - [19:36:43] Redndı: False
2025-06-26 19:36:44,080 - map_video - DEBUG - [mapping_recorder.main:176] - [19:36:44] Redndı: False
2025-06-26 19:36:45,082 - map_video - DEBUG - [mapping_recorder.main:176] - [19:36:45] Redndı: False
2025-06-26 19:36:46,084 - map_video - DEBUG - [mapping_recorder.main:176] - [19:36:46] Redndı: False
2025-06-26 19:36:47,086 - map_video - DEBUG - [mapping_recorder.main:176] - [19:36:47] Redndı: False
2025-06-26 19:36:48,088 - map_video - DEBUG - [mapping_recorder.main:176] - [19:36:48] Redndı: False
2025-06-26 19:36:49,089 - map_video - DEBUG - [mapping_recorder.main:176] - [19:36:49] Redndı: False
2025-06-26 19:36:50,091 - map_video - DEBUG - [mapping_recorder.main:176] - [19:36:50] Redndı: False
2025-06-26 19:36:51,093 - map_video - DEBUG - [mapping_recorder.main:176] - [19:36:51] Redndı: False
2025-06-26 19:36:52,095 - map_video - DEBUG - [mapping_recorder.main:176] - [19:36:52] Redndı: False
2025-06-26 19:36:53,096 - map_video - DEBUG - [mapping_recorder.main:176] - [19:36:53] Redndı: False
2025-06-26 19:36:54,098 - map_video - DEBUG - [mapping_recorder.main:176] - [19:36:54] Redndı: False
2025-06-26 19:36:55,105 - map_video - DEBUG - [mapping_recorder.main:176] - [19:36:55] Redndı: False
2025-06-26 19:36:56,107 - map_video - DEBUG - [mapping_recorder.main:176] - [19:36:56] Redndı: False
2025-06-26 19:36:57,109 - map_video - DEBUG - [mapping_recorder.main:176] - [19:36:57] Redndı: False
2025-06-26 19:36:58,111 - map_video - DEBUG - [mapping_recorder.main:176] - [19:36:58] Redndı: False
2025-06-26 19:36:59,112 - map_video - DEBUG - [mapping_recorder.main:176] - [19:36:59] Redndı: False
2025-06-26 19:37:00,113 - map_video - DEBUG - [mapping_recorder.main:176] - [19:37:00] Redndı: False
2025-06-26 19:37:01,115 - map_video - DEBUG - [mapping_recorder.main:176] - [19:37:01] Redndı: False
2025-06-26 19:37:02,117 - map_video - DEBUG - [mapping_recorder.main:176] - [19:37:02] Redndı: False
2025-06-26 19:37:03,119 - map_video - DEBUG - [mapping_recorder.main:176] - [19:37:03] Redndı: False
2025-06-26 19:37:04,121 - map_video - DEBUG - [mapping_recorder.main:176] - [19:37:04] Redndı: False
2025-06-26 19:37:05,122 - map_video - DEBUG - [mapping_recorder.main:176] - [19:37:05] Redndı: False
2025-06-26 19:37:06,124 - map_video - DEBUG - [mapping_recorder.main:176] - [19:37:06] Redndı: False
2025-06-26 19:37:07,126 - map_video - DEBUG - [mapping_recorder.main:176] - [19:37:07] Redndı: False
2025-06-26 19:37:08,128 - map_video - DEBUG - [mapping_recorder.main:176] - [19:37:08] Redndı: False
2025-06-26 19:37:09,129 - map_video - DEBUG - [mapping_recorder.main:176] - [19:37:09] Redndı: False
2025-06-26 19:37:10,131 - map_video - DEBUG - [mapping_recorder.main:176] - [19:37:10] Redndı: False
2025-06-26 19:37:11,133 - map_video - DEBUG - [mapping_recorder.main:176] - [19:37:11] Redndı: False
2025-06-26 19:37:12,135 - map_video - DEBUG - [mapping_recorder.main:176] - [19:37:12] Redndı: False
2025-06-26 19:37:13,137 - map_video - DEBUG - [mapping_recorder.main:176] - [19:37:13] Redndı: False
2025-06-26 19:37:14,138 - map_video - DEBUG - [mapping_recorder.main:176] - [19:37:14] Redndı: False
2025-06-26 19:37:15,140 - map_video - DEBUG - [mapping_recorder.main:176] - [19:37:15] Redndı: False
2025-06-26 19:37:16,142 - map_video - DEBUG - [mapping_recorder.main:176] - [19:37:16] Redndı: False
2025-06-26 19:37:17,143 - map_video - DEBUG - [mapping_recorder.main:176] - [19:37:17] Redndı: False
2025-06-26 19:37:18,145 - map_video - DEBUG - [mapping_recorder.main:176] - [19:37:18] Redndı: False
2025-06-26 19:37:19,147 - map_video - DEBUG - [mapping_recorder.main:176] - [19:37:19] Redndı: False
2025-06-26 19:37:20,149 - map_video - DEBUG - [mapping_recorder.main:176] - [19:37:20] Redndı: False
2025-06-26 19:37:21,150 - map_video - DEBUG - [mapping_recorder.main:176] - [19:37:21] Redndı: False
2025-06-26 19:37:22,152 - map_video - DEBUG - [mapping_recorder.main:176] - [19:37:22] Redndı: False
2025-06-26 19:37:23,154 - map_video - DEBUG - [mapping_recorder.main:176] - [19:37:23] Redndı: False
2025-06-26 19:37:24,156 - map_video - DEBUG - [mapping_recorder.main:176] - [19:37:24] Redndı: False
2025-06-26 19:37:25,158 - map_video - DEBUG - [mapping_recorder.main:176] - [19:37:25] Redndı: False
2025-06-26 19:37:26,159 - map_video - DEBUG - [mapping_recorder.main:176] - [19:37:26] Redndı: False
2025-06-26 19:37:27,161 - map_video - DEBUG - [mapping_recorder.main:176] - [19:37:27] Redndı: False
2025-06-26 19:37:28,163 - map_video - DEBUG - [mapping_recorder.main:176] - [19:37:28] Redndı: False
2025-06-26 19:37:29,165 - map_video - DEBUG - [mapping_recorder.main:176] - [19:37:29] Redndı: False
2025-06-26 19:37:30,166 - map_video - DEBUG - [mapping_recorder.main:176] - [19:37:30] Redndı: False
2025-06-26 19:37:31,168 - map_video - DEBUG - [mapping_recorder.main:176] - [19:37:31] Redndı: False
2025-06-26 19:37:32,170 - map_video - DEBUG - [mapping_recorder.main:176] - [19:37:32] Redndı: False
2025-06-26 19:37:33,172 - map_video - DEBUG - [mapping_recorder.main:176] - [19:37:33] Redndı: False
2025-06-26 19:37:34,173 - map_video - DEBUG - [mapping_recorder.main:176] - [19:37:34] Redndı: False
2025-06-26 19:37:35,175 - map_video - DEBUG - [mapping_recorder.main:176] - [19:37:35] Redndı: False
2025-06-26 19:37:36,177 - map_video - DEBUG - [mapping_recorder.main:176] - [19:37:36] Redndı: False
2025-06-26 19:37:37,179 - map_video - DEBUG - [mapping_recorder.main:176] - [19:37:37] Redndı: False
2025-06-26 19:37:38,181 - map_video - DEBUG - [mapping_recorder.main:176] - [19:37:38] Redndı: False
2025-06-26 19:37:39,182 - map_video - DEBUG - [mapping_recorder.main:176] - [19:37:39] Redndı: False
2025-06-26 19:37:40,184 - map_video - DEBUG - [mapping_recorder.main:176] - [19:37:40] Redndı: False
2025-06-26 19:37:41,186 - map_video - DEBUG - [mapping_recorder.main:176] - [19:37:41] Redndı: False
2025-06-26 19:37:42,188 - map_video - DEBUG - [mapping_recorder.main:176] - [19:37:42] Redndı: False
2025-06-26 19:37:43,189 - map_video - DEBUG - [mapping_recorder.main:176] - [19:37:43] Redndı: False
2025-06-26 19:37:44,191 - map_video - DEBUG - [mapping_recorder.main:176] - [19:37:44] Redndı: False
2025-06-26 19:37:45,193 - map_video - DEBUG - [mapping_recorder.main:176] - [19:37:45] Redndı: False
2025-06-26 19:37:46,195 - map_video - DEBUG - [mapping_recorder.main:176] - [19:37:46] Redndı: False
2025-06-26 19:37:47,196 - map_video - DEBUG - [mapping_recorder.main:176] - [19:37:47] Redndı: False
2025-06-26 19:37:48,198 - map_video - DEBUG - [mapping_recorder.main:176] - [19:37:48] Redndı: False
2025-06-26 19:37:49,200 - map_video - DEBUG - [mapping_recorder.main:176] - [19:37:49] Redndı: False
2025-06-26 19:37:50,202 - map_video - DEBUG - [mapping_recorder.main:176] - [19:37:50] Redndı: False
2025-06-26 19:37:51,203 - map_video - DEBUG - [mapping_recorder.main:176] - [19:37:51] Redndı: False
2025-06-26 19:37:52,205 - map_video - DEBUG - [mapping_recorder.main:176] - [19:37:52] Redndı: False
2025-06-26 19:37:53,207 - map_video - DEBUG - [mapping_recorder.main:176] - [19:37:53] Redndı: False
2025-06-26 19:37:54,208 - map_video - DEBUG - [mapping_recorder.main:176] - [19:37:54] Redndı: False
2025-06-26 19:37:55,210 - map_video - DEBUG - [mapping_recorder.main:176] - [19:37:55] Redndı: False
2025-06-26 19:37:56,211 - map_video - DEBUG - [mapping_recorder.main:176] - [19:37:56] Redndı: False
2025-06-26 19:37:57,213 - map_video - DEBUG - [mapping_recorder.main:176] - [19:37:57] Redndı: False
2025-06-26 19:37:58,215 - map_video - DEBUG - [mapping_recorder.main:176] - [19:37:58] Redndı: False
2025-06-26 19:37:59,216 - map_video - DEBUG - [mapping_recorder.main:176] - [19:37:59] Redndı: False
2025-06-26 19:38:00,218 - map_video - DEBUG - [mapping_recorder.main:176] - [19:38:00] Redndı: False
2025-06-26 19:38:01,219 - map_video - DEBUG - [mapping_recorder.main:176] - [19:38:01] Redndı: False
2025-06-26 19:38:02,221 - map_video - DEBUG - [mapping_recorder.main:176] - [19:38:02] Redndı: False
2025-06-26 19:38:03,223 - map_video - DEBUG - [mapping_recorder.main:176] - [19:38:03] Redndı: False
2025-06-26 19:38:04,225 - map_video - DEBUG - [mapping_recorder.main:176] - [19:38:04] Redndı: False
2025-06-26 19:38:05,226 - map_video - DEBUG - [mapping_recorder.main:176] - [19:38:05] Redndı: False
2025-06-26 19:38:06,228 - map_video - DEBUG - [mapping_recorder.main:176] - [19:38:06] Redndı: False
2025-06-26 19:38:07,230 - map_video - DEBUG - [mapping_recorder.main:176] - [19:38:07] Redndı: False
2025-06-26 19:38:08,232 - map_video - DEBUG - [mapping_recorder.main:176] - [19:38:08] Redndı: False
2025-06-26 19:38:09,234 - map_video - DEBUG - [mapping_recorder.main:176] - [19:38:09] Redndı: False
2025-06-26 19:38:10,235 - map_video - DEBUG - [mapping_recorder.main:176] - [19:38:10] Redndı: False
2025-06-26 19:38:11,237 - map_video - DEBUG - [mapping_recorder.main:176] - [19:38:11] Redndı: False
2025-06-26 19:38:12,239 - map_video - DEBUG - [mapping_recorder.main:176] - [19:38:12] Redndı: False
2025-06-26 19:38:13,241 - map_video - DEBUG - [mapping_recorder.main:176] - [19:38:13] Redndı: False
2025-06-26 19:38:14,243 - map_video - DEBUG - [mapping_recorder.main:176] - [19:38:14] Redndı: False
2025-06-26 19:38:15,244 - map_video - DEBUG - [mapping_recorder.main:176] - [19:38:15] Redndı: False
2025-06-26 19:38:16,246 - map_video - DEBUG - [mapping_recorder.main:176] - [19:38:16] Redndı: False
2025-06-26 19:38:17,248 - map_video - DEBUG - [mapping_recorder.main:176] - [19:38:17] Redndı: False
2025-06-26 19:38:18,250 - map_video - DEBUG - [mapping_recorder.main:176] - [19:38:18] Redndı: False
2025-06-26 19:38:19,251 - map_video - DEBUG - [mapping_recorder.main:176] - [19:38:19] Redndı: False
2025-06-26 19:38:20,254 - map_video - DEBUG - [mapping_recorder.main:176] - [19:38:20] Redndı: False
2025-06-26 19:38:21,256 - map_video - DEBUG - [mapping_recorder.main:176] - [19:38:21] Redndı: False
2025-06-26 19:38:22,257 - map_video - DEBUG - [mapping_recorder.main:176] - [19:38:22] Redndı: False
2025-06-26 19:38:23,259 - map_video - DEBUG - [mapping_recorder.main:176] - [19:38:23] Redndı: False
2025-06-26 19:38:24,261 - map_video - DEBUG - [mapping_recorder.main:176] - [19:38:24] Redndı: False
2025-06-26 19:38:25,263 - map_video - DEBUG - [mapping_recorder.main:176] - [19:38:25] Redndı: False
2025-06-26 19:38:26,265 - map_video - DEBUG - [mapping_recorder.main:176] - [19:38:26] Redndı: False
2025-06-26 19:38:27,266 - map_video - DEBUG - [mapping_recorder.main:176] - [19:38:27] Redndı: False
2025-06-26 19:38:28,268 - map_video - DEBUG - [mapping_recorder.main:176] - [19:38:28] Redndı: False
2025-06-26 19:38:29,270 - map_video - DEBUG - [mapping_recorder.main:176] - [19:38:29] Redndı: False
2025-06-26 19:38:30,272 - map_video - DEBUG - [mapping_recorder.main:176] - [19:38:30] Redndı: False
2025-06-26 19:38:31,274 - map_video - DEBUG - [mapping_recorder.main:176] - [19:38:31] Redndı: False
2025-06-26 19:38:32,275 - map_video - DEBUG - [mapping_recorder.main:176] - [19:38:32] Redndı: False
2025-06-26 19:38:33,277 - map_video - DEBUG - [mapping_recorder.main:176] - [19:38:33] Redndı: False
2025-06-26 19:38:34,279 - map_video - DEBUG - [mapping_recorder.main:176] - [19:38:34] Redndı: False
2025-06-26 19:38:35,281 - map_video - DEBUG - [mapping_recorder.main:176] - [19:38:35] Redndı: False
2025-06-26 19:38:36,282 - map_video - DEBUG - [mapping_recorder.main:176] - [19:38:36] Redndı: False
2025-06-26 19:38:37,284 - map_video - DEBUG - [mapping_recorder.main:176] - [19:38:37] Redndı: False
2025-06-26 19:38:38,286 - map_video - DEBUG - [mapping_recorder.main:176] - [19:38:38] Redndı: False
2025-06-26 19:38:39,288 - map_video - DEBUG - [mapping_recorder.main:176] - [19:38:39] Redndı: False
2025-06-26 19:38:40,290 - map_video - DEBUG - [mapping_recorder.main:176] - [19:38:40] Redndı: False
2025-06-26 19:38:41,291 - map_video - DEBUG - [mapping_recorder.main:176] - [19:38:41] Redndı: False
2025-06-26 19:38:42,293 - map_video - DEBUG - [mapping_recorder.main:176] - [19:38:42] Redndı: False
2025-06-26 19:38:43,295 - map_video - DEBUG - [mapping_recorder.main:176] - [19:38:43] Redndı: False
2025-06-26 19:38:44,297 - map_video - DEBUG - [mapping_recorder.main:176] - [19:38:44] Redndı: False
2025-06-26 19:38:45,298 - map_video - DEBUG - [mapping_recorder.main:176] - [19:38:45] Redndı: False
2025-06-26 19:38:46,300 - map_video - DEBUG - [mapping_recorder.main:176] - [19:38:46] Redndı: False
2025-06-26 19:38:47,302 - map_video - DEBUG - [mapping_recorder.main:176] - [19:38:47] Redndı: False
2025-06-26 19:38:48,304 - map_video - DEBUG - [mapping_recorder.main:176] - [19:38:48] Redndı: False
2025-06-26 19:38:49,306 - map_video - DEBUG - [mapping_recorder.main:176] - [19:38:49] Redndı: False
2025-06-26 19:38:50,307 - map_video - DEBUG - [mapping_recorder.main:176] - [19:38:50] Redndı: False
2025-06-26 19:38:51,309 - map_video - DEBUG - [mapping_recorder.main:176] - [19:38:51] Redndı: False
2025-06-26 19:38:52,311 - map_video - DEBUG - [mapping_recorder.main:176] - [19:38:52] Redndı: False
2025-06-26 19:38:53,313 - map_video - DEBUG - [mapping_recorder.main:176] - [19:38:53] Redndı: False
2025-06-26 19:38:54,314 - map_video - DEBUG - [mapping_recorder.main:176] - [19:38:54] Redndı: False
2025-06-26 19:38:55,316 - map_video - DEBUG - [mapping_recorder.main:176] - [19:38:55] Redndı: False
2025-06-26 19:38:56,318 - map_video - DEBUG - [mapping_recorder.main:176] - [19:38:56] Redndı: False
2025-06-26 19:38:57,319 - map_video - DEBUG - [mapping_recorder.main:176] - [19:38:57] Redndı: False
2025-06-26 19:38:58,321 - map_video - DEBUG - [mapping_recorder.main:176] - [19:38:58] Redndı: False
2025-06-26 19:38:59,323 - map_video - DEBUG - [mapping_recorder.main:176] - [19:38:59] Redndı: False
2025-06-26 19:39:00,324 - map_video - DEBUG - [mapping_recorder.main:176] - [19:39:00] Redndı: False
2025-06-26 19:39:01,326 - map_video - DEBUG - [mapping_recorder.main:176] - [19:39:01] Redndı: False
2025-06-26 19:39:02,327 - map_video - DEBUG - [mapping_recorder.main:176] - [19:39:02] Redndı: False
2025-06-26 19:39:03,329 - map_video - DEBUG - [mapping_recorder.main:176] - [19:39:03] Redndı: False
2025-06-26 19:39:04,331 - map_video - DEBUG - [mapping_recorder.main:176] - [19:39:04] Redndı: False
2025-06-26 19:39:05,333 - map_video - DEBUG - [mapping_recorder.main:176] - [19:39:05] Redndı: False
2025-06-26 19:39:06,334 - map_video - DEBUG - [mapping_recorder.main:176] - [19:39:06] Redndı: False
2025-06-26 19:39:07,336 - map_video - DEBUG - [mapping_recorder.main:176] - [19:39:07] Redndı: False
2025-06-26 19:39:08,338 - map_video - DEBUG - [mapping_recorder.main:176] - [19:39:08] Redndı: False
2025-06-26 19:39:09,339 - map_video - DEBUG - [mapping_recorder.main:176] - [19:39:09] Redndı: False
2025-06-26 19:39:10,341 - map_video - DEBUG - [mapping_recorder.main:176] - [19:39:10] Redndı: False
2025-06-26 19:39:11,343 - map_video - DEBUG - [mapping_recorder.main:176] - [19:39:11] Redndı: False
2025-06-26 19:39:12,344 - map_video - DEBUG - [mapping_recorder.main:176] - [19:39:12] Redndı: False
2025-06-26 19:39:13,346 - map_video - DEBUG - [mapping_recorder.main:176] - [19:39:13] Redndı: False
2025-06-26 19:39:14,347 - map_video - DEBUG - [mapping_recorder.main:176] - [19:39:14] Redndı: False
2025-06-26 19:39:15,349 - map_video - DEBUG - [mapping_recorder.main:176] - [19:39:15] Redndı: False
2025-06-26 19:39:16,351 - map_video - DEBUG - [mapping_recorder.main:176] - [19:39:16] Redndı: False
2025-06-26 19:39:17,353 - map_video - DEBUG - [mapping_recorder.main:176] - [19:39:17] Redndı: False
2025-06-26 19:39:18,354 - map_video - DEBUG - [mapping_recorder.main:176] - [19:39:18] Redndı: False
2025-06-26 19:39:19,356 - map_video - DEBUG - [mapping_recorder.main:176] - [19:39:19] Redndı: False
2025-06-26 19:39:20,358 - map_video - DEBUG - [mapping_recorder.main:176] - [19:39:20] Redndı: False
2025-06-26 19:39:21,359 - map_video - DEBUG - [mapping_recorder.main:176] - [19:39:21] Redndı: False
2025-06-26 19:39:22,361 - map_video - DEBUG - [mapping_recorder.main:176] - [19:39:22] Redndı: False
2025-06-26 19:39:23,363 - map_video - DEBUG - [mapping_recorder.main:176] - [19:39:23] Redndı: False
2025-06-26 19:39:24,364 - map_video - DEBUG - [mapping_recorder.main:176] - [19:39:24] Redndı: False
2025-06-26 19:39:25,366 - map_video - DEBUG - [mapping_recorder.main:176] - [19:39:25] Redndı: False
2025-06-26 19:39:26,368 - map_video - DEBUG - [mapping_recorder.main:176] - [19:39:26] Redndı: False
2025-06-26 19:39:27,369 - map_video - DEBUG - [mapping_recorder.main:176] - [19:39:27] Redndı: False
2025-06-26 19:39:28,371 - map_video - DEBUG - [mapping_recorder.main:176] - [19:39:28] Redndı: False
2025-06-26 19:39:29,373 - map_video - DEBUG - [mapping_recorder.main:176] - [19:39:29] Redndı: False
2025-06-26 19:39:30,375 - map_video - DEBUG - [mapping_recorder.main:176] - [19:39:30] Redndı: False
2025-06-26 19:39:31,377 - map_video - DEBUG - [mapping_recorder.main:176] - [19:39:31] Redndı: False
2025-06-26 19:39:32,378 - map_video - DEBUG - [mapping_recorder.main:176] - [19:39:32] Redndı: False
2025-06-26 19:39:33,380 - map_video - DEBUG - [mapping_recorder.main:176] - [19:39:33] Redndı: False
2025-06-26 19:39:34,382 - map_video - DEBUG - [mapping_recorder.main:176] - [19:39:34] Redndı: False
2025-06-26 19:39:35,383 - map_video - DEBUG - [mapping_recorder.main:176] - [19:39:35] Redndı: False
2025-06-26 19:39:36,385 - map_video - DEBUG - [mapping_recorder.main:176] - [19:39:36] Redndı: False
2025-06-26 19:39:37,387 - map_video - DEBUG - [mapping_recorder.main:176] - [19:39:37] Redndı: False
2025-06-26 19:39:38,389 - map_video - DEBUG - [mapping_recorder.main:176] - [19:39:38] Redndı: False
2025-06-26 19:39:39,390 - map_video - DEBUG - [mapping_recorder.main:176] - [19:39:39] Redndı: False
2025-06-26 19:39:40,392 - map_video - DEBUG - [mapping_recorder.main:176] - [19:39:40] Redndı: False
2025-06-26 19:39:41,394 - map_video - DEBUG - [mapping_recorder.main:176] - [19:39:41] Redndı: False
2025-06-26 19:39:42,395 - map_video - DEBUG - [mapping_recorder.main:176] - [19:39:42] Redndı: False
2025-06-26 19:39:43,397 - map_video - DEBUG - [mapping_recorder.main:176] - [19:39:43] Redndı: False
2025-06-26 19:39:44,399 - map_video - DEBUG - [mapping_recorder.main:176] - [19:39:44] Redndı: False
2025-06-26 19:39:45,400 - map_video - DEBUG - [mapping_recorder.main:176] - [19:39:45] Redndı: False
2025-06-26 19:39:46,402 - map_video - DEBUG - [mapping_recorder.main:176] - [19:39:46] Redndı: False
2025-06-26 19:39:47,404 - map_video - DEBUG - [mapping_recorder.main:176] - [19:39:47] Redndı: False
2025-06-26 19:39:48,405 - map_video - DEBUG - [mapping_recorder.main:176] - [19:39:48] Redndı: False
2025-06-26 19:39:49,407 - map_video - DEBUG - [mapping_recorder.main:176] - [19:39:49] Redndı: False
2025-06-26 19:39:50,409 - map_video - DEBUG - [mapping_recorder.main:176] - [19:39:50] Redndı: False
2025-06-26 19:39:51,411 - map_video - DEBUG - [mapping_recorder.main:176] - [19:39:51] Redndı: False
2025-06-26 19:39:52,412 - map_video - DEBUG - [mapping_recorder.main:176] - [19:39:52] Redndı: False
2025-06-26 19:39:53,414 - map_video - DEBUG - [mapping_recorder.main:176] - [19:39:53] Redndı: False
2025-06-26 19:39:54,416 - map_video - DEBUG - [mapping_recorder.main:176] - [19:39:54] Redndı: False
2025-06-26 19:39:55,417 - map_video - DEBUG - [mapping_recorder.main:176] - [19:39:55] Redndı: False
2025-06-26 19:39:56,419 - map_video - DEBUG - [mapping_recorder.main:176] - [19:39:56] Redndı: False
2025-06-26 19:39:57,421 - map_video - DEBUG - [mapping_recorder.main:176] - [19:39:57] Redndı: False
2025-06-26 19:39:58,423 - map_video - DEBUG - [mapping_recorder.main:176] - [19:39:58] Redndı: False
2025-06-26 19:39:59,424 - map_video - DEBUG - [mapping_recorder.main:176] - [19:39:59] Redndı: False
2025-06-26 19:40:00,426 - map_video - DEBUG - [mapping_recorder.main:176] - [19:40:00] Redndı: False
2025-06-26 19:40:01,427 - map_video - DEBUG - [mapping_recorder.main:176] - [19:40:01] Redndı: False
2025-06-26 19:40:02,462 - map_video - DEBUG - [mapping_recorder.main:176] - [19:40:02] Redndı: False
2025-06-26 19:40:03,464 - map_video - DEBUG - [mapping_recorder.main:176] - [19:40:03] Redndı: False
2025-06-26 19:40:04,465 - map_video - DEBUG - [mapping_recorder.main:176] - [19:40:04] Redndı: False
2025-06-26 19:40:05,467 - map_video - DEBUG - [mapping_recorder.main:176] - [19:40:05] Redndı: False
2025-06-26 19:40:06,468 - map_video - DEBUG - [mapping_recorder.main:176] - [19:40:06] Redndı: False
2025-06-26 19:40:07,470 - map_video - DEBUG - [mapping_recorder.main:176] - [19:40:07] Redndı: False
2025-06-26 19:40:08,471 - map_video - DEBUG - [mapping_recorder.main:176] - [19:40:08] Redndı: False
2025-06-26 19:40:09,473 - map_video - DEBUG - [mapping_recorder.main:176] - [19:40:09] Redndı: False
2025-06-26 19:40:10,475 - map_video - DEBUG - [mapping_recorder.main:176] - [19:40:10] Redndı: False
2025-06-26 19:40:11,477 - map_video - DEBUG - [mapping_recorder.main:176] - [19:40:11] Redndı: False
2025-06-26 19:40:12,478 - map_video - DEBUG - [mapping_recorder.main:176] - [19:40:12] Redndı: False
2025-06-26 19:40:13,480 - map_video - DEBUG - [mapping_recorder.main:176] - [19:40:13] Redndı: False
2025-06-26 19:40:14,482 - map_video - DEBUG - [mapping_recorder.main:176] - [19:40:14] Redndı: False
2025-06-26 19:40:15,483 - map_video - DEBUG - [mapping_recorder.main:176] - [19:40:15] Redndı: False
2025-06-26 19:40:16,485 - map_video - DEBUG - [mapping_recorder.main:176] - [19:40:16] Redndı: False
2025-06-26 19:40:17,487 - map_video - DEBUG - [mapping_recorder.main:176] - [19:40:17] Redndı: False
2025-06-26 19:40:18,489 - map_video - DEBUG - [mapping_recorder.main:176] - [19:40:18] Redndı: False
2025-06-26 19:40:19,491 - map_video - DEBUG - [mapping_recorder.main:176] - [19:40:19] Redndı: False
2025-06-26 19:40:20,492 - map_video - DEBUG - [mapping_recorder.main:176] - [19:40:20] Redndı: False
2025-06-26 19:40:21,494 - map_video - DEBUG - [mapping_recorder.main:176] - [19:40:21] Redndı: False
2025-06-26 19:40:22,495 - map_video - DEBUG - [mapping_recorder.main:176] - [19:40:22] Redndı: False
2025-06-26 19:40:23,497 - map_video - DEBUG - [mapping_recorder.main:176] - [19:40:23] Redndı: False
2025-06-26 19:40:24,499 - map_video - DEBUG - [mapping_recorder.main:176] - [19:40:24] Redndı: False
2025-06-26 19:40:25,500 - map_video - DEBUG - [mapping_recorder.main:176] - [19:40:25] Redndı: False
2025-06-26 19:40:26,502 - map_video - DEBUG - [mapping_recorder.main:176] - [19:40:26] Redndı: False
2025-06-26 19:40:27,503 - map_video - DEBUG - [mapping_recorder.main:176] - [19:40:27] Redndı: False
2025-06-26 19:40:28,538 - map_video - DEBUG - [mapping_recorder.main:176] - [19:40:28] Redndı: False
2025-06-26 19:40:29,540 - map_video - DEBUG - [mapping_recorder.main:176] - [19:40:29] Redndı: False
2025-06-26 19:40:30,542 - map_video - DEBUG - [mapping_recorder.main:176] - [19:40:30] Redndı: False
2025-06-26 19:40:31,543 - map_video - DEBUG - [mapping_recorder.main:176] - [19:40:31] Redndı: False
2025-06-26 19:40:32,545 - map_video - DEBUG - [mapping_recorder.main:176] - [19:40:32] Redndı: False
2025-06-26 19:40:33,580 - map_video - DEBUG - [mapping_recorder.main:176] - [19:40:33] Redndı: False
2025-06-26 19:40:34,581 - map_video - DEBUG - [mapping_recorder.main:176] - [19:40:34] Redndı: False
2025-06-26 19:40:35,583 - map_video - DEBUG - [mapping_recorder.main:176] - [19:40:35] Redndı: False
2025-06-26 19:40:36,585 - map_video - DEBUG - [mapping_recorder.main:176] - [19:40:36] Redndı: False
2025-06-26 19:40:37,587 - map_video - DEBUG - [mapping_recorder.main:176] - [19:40:37] Redndı: False
2025-06-26 19:40:38,588 - map_video - DEBUG - [mapping_recorder.main:176] - [19:40:38] Redndı: False
2025-06-26 19:40:39,590 - map_video - DEBUG - [mapping_recorder.main:176] - [19:40:39] Redndı: False
2025-06-26 19:40:40,592 - map_video - DEBUG - [mapping_recorder.main:176] - [19:40:40] Redndı: False
2025-06-26 19:40:41,594 - map_video - DEBUG - [mapping_recorder.main:176] - [19:40:41] Redndı: False
2025-06-26 19:40:42,595 - map_video - DEBUG - [mapping_recorder.main:176] - [19:40:42] Redndı: False
2025-06-26 19:40:43,597 - map_video - DEBUG - [mapping_recorder.main:176] - [19:40:43] Redndı: False
2025-06-26 19:40:44,599 - map_video - DEBUG - [mapping_recorder.main:176] - [19:40:44] Redndı: False
2025-06-26 19:40:45,601 - map_video - DEBUG - [mapping_recorder.main:176] - [19:40:45] Redndı: False
2025-06-26 19:40:46,602 - map_video - DEBUG - [mapping_recorder.main:176] - [19:40:46] Redndı: False
2025-06-26 19:40:47,604 - map_video - DEBUG - [mapping_recorder.main:176] - [19:40:47] Redndı: False
2025-06-26 19:40:48,605 - map_video - DEBUG - [mapping_recorder.main:176] - [19:40:48] Redndı: False
2025-06-26 19:40:49,607 - map_video - DEBUG - [mapping_recorder.main:176] - [19:40:49] Redndı: False
2025-06-26 19:40:50,609 - map_video - DEBUG - [mapping_recorder.main:176] - [19:40:50] Redndı: False
2025-06-26 19:40:51,611 - map_video - DEBUG - [mapping_recorder.main:176] - [19:40:51] Redndı: False
2025-06-26 19:40:52,612 - map_video - DEBUG - [mapping_recorder.main:176] - [19:40:52] Redndı: False
2025-06-26 19:40:53,613 - map_video - DEBUG - [mapping_recorder.main:176] - [19:40:53] Redndı: False
2025-06-26 19:40:54,615 - map_video - DEBUG - [mapping_recorder.main:176] - [19:40:54] Redndı: False
2025-06-26 19:40:55,617 - map_video - DEBUG - [mapping_recorder.main:176] - [19:40:55] Redndı: False
2025-06-26 19:40:56,619 - map_video - DEBUG - [mapping_recorder.main:176] - [19:40:56] Redndı: False
2025-06-26 19:40:57,620 - map_video - DEBUG - [mapping_recorder.main:176] - [19:40:57] Redndı: False
2025-06-26 19:40:58,622 - map_video - DEBUG - [mapping_recorder.main:176] - [19:40:58] Redndı: False
2025-06-26 19:40:59,624 - map_video - DEBUG - [mapping_recorder.main:176] - [19:40:59] Redndı: False
2025-06-26 19:41:00,626 - map_video - DEBUG - [mapping_recorder.main:176] - [19:41:00] Redndı: False
2025-06-26 19:41:01,627 - map_video - DEBUG - [mapping_recorder.main:176] - [19:41:01] Redndı: False
2025-06-26 19:41:02,629 - map_video - DEBUG - [mapping_recorder.main:176] - [19:41:02] Redndı: False
2025-06-26 19:41:03,631 - map_video - DEBUG - [mapping_recorder.main:176] - [19:41:03] Redndı: False
2025-06-26 19:41:04,632 - map_video - DEBUG - [mapping_recorder.main:176] - [19:41:04] Redndı: False
2025-06-26 19:41:05,633 - map_video - DEBUG - [mapping_recorder.main:176] - [19:41:05] Redndı: False
2025-06-26 19:41:06,635 - map_video - DEBUG - [mapping_recorder.main:176] - [19:41:06] Redndı: False
2025-06-26 19:41:07,637 - map_video - DEBUG - [mapping_recorder.main:176] - [19:41:07] Redndı: False
2025-06-26 19:41:08,639 - map_video - DEBUG - [mapping_recorder.main:176] - [19:41:08] Redndı: False
2025-06-26 19:41:09,640 - map_video - DEBUG - [mapping_recorder.main:176] - [19:41:09] Redndı: False
2025-06-26 19:41:10,642 - map_video - DEBUG - [mapping_recorder.main:176] - [19:41:10] Redndı: False
2025-06-26 19:41:11,644 - map_video - DEBUG - [mapping_recorder.main:176] - [19:41:11] Redndı: False
2025-06-26 19:41:12,646 - map_video - DEBUG - [mapping_recorder.main:176] - [19:41:12] Redndı: False
2025-06-26 19:41:13,647 - map_video - DEBUG - [mapping_recorder.main:176] - [19:41:13] Redndı: False
2025-06-26 19:41:14,649 - map_video - DEBUG - [mapping_recorder.main:176] - [19:41:14] Redndı: False
2025-06-26 19:41:15,651 - map_video - DEBUG - [mapping_recorder.main:176] - [19:41:15] Redndı: False
2025-06-26 19:41:16,652 - map_video - DEBUG - [mapping_recorder.main:176] - [19:41:16] Redndı: False
2025-06-26 19:41:17,654 - map_video - DEBUG - [mapping_recorder.main:176] - [19:41:17] Redndı: False
2025-06-26 19:41:18,655 - map_video - DEBUG - [mapping_recorder.main:176] - [19:41:18] Redndı: False
2025-06-26 19:41:19,657 - map_video - DEBUG - [mapping_recorder.main:176] - [19:41:19] Redndı: False
2025-06-26 19:41:20,659 - map_video - DEBUG - [mapping_recorder.main:176] - [19:41:20] Redndı: False
2025-06-26 19:41:21,661 - map_video - DEBUG - [mapping_recorder.main:176] - [19:41:21] Redndı: False
