2025-06-22 18:31:27,010 - map_video - DEBUG - [mapping_recorder.main:75] - Test başlatılıyor: 10 saniye video kaydı.
2025-06-22 18:31:28,077 - map_video - DEBUG - [mapping_recorder.main:89] - [20250622_183128] Test video kaydı başladı → test_video_20250622_183128.mp4
2025-06-22 18:31:38,161 - map_video - DEBUG - [mapping_recorder.main:101] - [18:31:38] Test kaydı durduruluyor.
2025-06-22 18:31:38,430 - map_video - DEBUG - [mapping_recorder.main:109] - Ana işlem başlatılıyor. Redis ile iletişim kurulacak.
2025-06-22 18:31:38,430 - map_video - DEBUG - [mapping_recorder.main:112] - beklemedyiz hacıdayı
2025-06-22 18:31:38,431 - map_video - DEBUG - [mapping_recorder.main:115] - [18:31:38] Redndı: False
2025-06-22 18:31:39,433 - map_video - DEBUG - [mapping_recorder.main:115] - [18:31:39] Redndı: False
2025-06-22 18:31:40,435 - map_video - DEBUG - [mapping_recorder.main:115] - [18:31:40] Redndı: False
2025-06-22 18:31:41,437 - map_video - DEBUG - [mapping_recorder.main:115] - [18:31:41] Redndı: False
2025-06-22 18:31:42,439 - map_video - DEBUG - [mapping_recorder.main:115] - [18:31:42] Redndı: False
2025-06-22 18:31:43,440 - map_video - DEBUG - [mapping_recorder.main:115] - [18:31:43] Redndı: False
2025-06-22 18:31:44,442 - map_video - DEBUG - [mapping_recorder.main:115] - [18:31:44] Redndı: False
2025-06-22 18:31:45,443 - map_video - DEBUG - [mapping_recorder.main:115] - [18:31:45] Redndı: False
2025-06-22 18:31:46,444 - map_video - DEBUG - [mapping_recorder.main:115] - [18:31:46] Redndı: False
2025-06-22 18:31:47,446 - map_video - DEBUG - [mapping_recorder.main:115] - [18:31:47] Redndı: False
2025-06-22 18:31:48,450 - map_video - DEBUG - [mapping_recorder.main:115] - [18:31:48] Redndı: False
2025-06-22 18:31:49,451 - map_video - DEBUG - [mapping_recorder.main:115] - [18:31:49] Redndı: False
2025-06-22 18:31:50,453 - map_video - DEBUG - [mapping_recorder.main:115] - [18:31:50] Redndı: False
2025-06-22 18:31:51,455 - map_video - DEBUG - [mapping_recorder.main:115] - [18:31:51] Redndı: False
2025-06-22 18:31:52,457 - map_video - DEBUG - [mapping_recorder.main:115] - [18:31:52] Redndı: False
2025-06-22 18:31:53,459 - map_video - DEBUG - [mapping_recorder.main:115] - [18:31:53] Redndı: False
2025-06-22 18:31:54,461 - map_video - DEBUG - [mapping_recorder.main:115] - [18:31:54] Redndı: False
2025-06-22 18:31:55,463 - map_video - DEBUG - [mapping_recorder.main:115] - [18:31:55] Redndı: False
2025-06-22 18:31:56,465 - map_video - DEBUG - [mapping_recorder.main:115] - [18:31:56] Redndı: False
2025-06-22 18:31:57,473 - map_video - DEBUG - [mapping_recorder.main:115] - [18:31:57] Redndı: False
2025-06-22 18:31:58,475 - map_video - DEBUG - [mapping_recorder.main:115] - [18:31:58] Redndı: False
2025-06-22 18:31:59,477 - map_video - DEBUG - [mapping_recorder.main:115] - [18:31:59] Redndı: False
2025-06-22 18:32:00,479 - map_video - DEBUG - [mapping_recorder.main:115] - [18:32:00] Redndı: False
2025-06-22 18:32:01,481 - map_video - DEBUG - [mapping_recorder.main:115] - [18:32:01] Redndı: False
2025-06-22 18:32:02,483 - map_video - DEBUG - [mapping_recorder.main:115] - [18:32:02] Redndı: False
2025-06-22 18:32:03,485 - map_video - DEBUG - [mapping_recorder.main:115] - [18:32:03] Redndı: False
2025-06-22 18:32:04,486 - map_video - DEBUG - [mapping_recorder.main:115] - [18:32:04] Redndı: False
2025-06-22 18:32:05,488 - map_video - DEBUG - [mapping_recorder.main:115] - [18:32:05] Redndı: False
2025-06-22 18:32:06,491 - map_video - DEBUG - [mapping_recorder.main:115] - [18:32:06] Redndı: False
2025-06-22 18:32:07,493 - map_video - DEBUG - [mapping_recorder.main:115] - [18:32:07] Redndı: False
2025-06-22 18:32:08,494 - map_video - DEBUG - [mapping_recorder.main:115] - [18:32:08] Redndı: False
2025-06-22 18:32:09,496 - map_video - DEBUG - [mapping_recorder.main:115] - [18:32:09] Redndı: False
2025-06-22 18:32:10,498 - map_video - DEBUG - [mapping_recorder.main:115] - [18:32:10] Redndı: False
2025-06-22 18:32:11,499 - map_video - DEBUG - [mapping_recorder.main:115] - [18:32:11] Redndı: False
2025-06-22 18:32:12,501 - map_video - DEBUG - [mapping_recorder.main:115] - [18:32:12] Redndı: False
2025-06-22 18:32:13,503 - map_video - DEBUG - [mapping_recorder.main:115] - [18:32:13] Redndı: False
2025-06-22 18:32:14,505 - map_video - DEBUG - [mapping_recorder.main:115] - [18:32:14] Redndı: False
2025-06-22 18:32:15,507 - map_video - DEBUG - [mapping_recorder.main:115] - [18:32:15] Redndı: False
2025-06-22 18:32:16,509 - map_video - DEBUG - [mapping_recorder.main:115] - [18:32:16] Redndı: False
2025-06-22 18:32:17,510 - map_video - DEBUG - [mapping_recorder.main:115] - [18:32:17] Redndı: False
2025-06-22 18:32:18,511 - map_video - DEBUG - [mapping_recorder.main:115] - [18:32:18] Redndı: False
2025-06-22 18:32:19,513 - map_video - DEBUG - [mapping_recorder.main:115] - [18:32:19] Redndı: False
2025-06-22 18:32:20,515 - map_video - DEBUG - [mapping_recorder.main:115] - [18:32:20] Redndı: False
2025-06-22 18:32:21,517 - map_video - DEBUG - [mapping_recorder.main:115] - [18:32:21] Redndı: False
2025-06-22 18:32:22,519 - map_video - DEBUG - [mapping_recorder.main:115] - [18:32:22] Redndı: False
2025-06-22 18:32:23,520 - map_video - DEBUG - [mapping_recorder.main:115] - [18:32:23] Redndı: False
2025-06-22 18:32:24,522 - map_video - DEBUG - [mapping_recorder.main:115] - [18:32:24] Redndı: False
2025-06-22 18:32:25,524 - map_video - DEBUG - [mapping_recorder.main:115] - [18:32:25] Redndı: False
2025-06-22 18:32:26,526 - map_video - DEBUG - [mapping_recorder.main:115] - [18:32:26] Redndı: False
2025-06-22 18:32:27,529 - map_video - DEBUG - [mapping_recorder.main:115] - [18:32:27] Redndı: False
2025-06-22 18:32:28,531 - map_video - DEBUG - [mapping_recorder.main:115] - [18:32:28] Redndı: False
2025-06-22 18:32:29,533 - map_video - DEBUG - [mapping_recorder.main:115] - [18:32:29] Redndı: False
2025-06-22 18:32:30,535 - map_video - DEBUG - [mapping_recorder.main:115] - [18:32:30] Redndı: False
2025-06-22 18:32:31,537 - map_video - DEBUG - [mapping_recorder.main:115] - [18:32:31] Redndı: False
2025-06-22 18:32:32,539 - map_video - DEBUG - [mapping_recorder.main:115] - [18:32:32] Redndı: False
2025-06-22 18:32:33,541 - map_video - DEBUG - [mapping_recorder.main:115] - [18:32:33] Redndı: False
2025-06-22 18:32:34,543 - map_video - DEBUG - [mapping_recorder.main:115] - [18:32:34] Redndı: False
2025-06-22 18:32:35,544 - map_video - DEBUG - [mapping_recorder.main:115] - [18:32:35] Redndı: False
2025-06-22 18:32:36,546 - map_video - DEBUG - [mapping_recorder.main:115] - [18:32:36] Redndı: False
2025-06-22 18:32:37,548 - map_video - DEBUG - [mapping_recorder.main:115] - [18:32:37] Redndı: False
2025-06-22 18:32:38,550 - map_video - DEBUG - [mapping_recorder.main:115] - [18:32:38] Redndı: False
2025-06-22 18:32:39,551 - map_video - DEBUG - [mapping_recorder.main:115] - [18:32:39] Redndı: False
2025-06-22 18:32:40,553 - map_video - DEBUG - [mapping_recorder.main:115] - [18:32:40] Redndı: False
2025-06-22 18:32:41,555 - map_video - DEBUG - [mapping_recorder.main:115] - [18:32:41] Redndı: False
2025-06-22 18:32:42,557 - map_video - DEBUG - [mapping_recorder.main:115] - [18:32:42] Redndı: False
2025-06-22 18:32:43,559 - map_video - DEBUG - [mapping_recorder.main:115] - [18:32:43] Redndı: False
2025-06-22 18:32:44,560 - map_video - DEBUG - [mapping_recorder.main:115] - [18:32:44] Redndı: False
2025-06-22 18:32:45,562 - map_video - DEBUG - [mapping_recorder.main:115] - [18:32:45] Redndı: False
2025-06-22 18:32:46,564 - map_video - DEBUG - [mapping_recorder.main:115] - [18:32:46] Redndı: False
2025-06-22 18:32:47,566 - map_video - DEBUG - [mapping_recorder.main:115] - [18:32:47] Redndı: False
2025-06-22 18:32:48,567 - map_video - DEBUG - [mapping_recorder.main:115] - [18:32:48] Redndı: False
2025-06-22 18:32:49,569 - map_video - DEBUG - [mapping_recorder.main:115] - [18:32:49] Redndı: False
2025-06-22 18:32:50,571 - map_video - DEBUG - [mapping_recorder.main:115] - [18:32:50] Redndı: False
2025-06-22 18:32:51,573 - map_video - DEBUG - [mapping_recorder.main:115] - [18:32:51] Redndı: False
2025-06-22 18:32:52,575 - map_video - DEBUG - [mapping_recorder.main:115] - [18:32:52] Redndı: False
2025-06-22 18:32:53,577 - map_video - DEBUG - [mapping_recorder.main:115] - [18:32:53] Redndı: False
2025-06-22 18:32:54,578 - map_video - DEBUG - [mapping_recorder.main:115] - [18:32:54] Redndı: False
2025-06-22 18:32:55,580 - map_video - DEBUG - [mapping_recorder.main:115] - [18:32:55] Redndı: False
2025-06-22 18:32:56,582 - map_video - DEBUG - [mapping_recorder.main:115] - [18:32:56] Redndı: False
2025-06-22 18:32:57,584 - map_video - DEBUG - [mapping_recorder.main:115] - [18:32:57] Redndı: False
2025-06-22 18:32:58,586 - map_video - DEBUG - [mapping_recorder.main:115] - [18:32:58] Redndı: False
2025-06-22 18:32:59,587 - map_video - DEBUG - [mapping_recorder.main:115] - [18:32:59] Redndı: False
2025-06-22 18:33:00,589 - map_video - DEBUG - [mapping_recorder.main:115] - [18:33:00] Redndı: False
2025-06-22 18:33:01,591 - map_video - DEBUG - [mapping_recorder.main:115] - [18:33:01] Redndı: False
2025-06-22 18:33:02,593 - map_video - DEBUG - [mapping_recorder.main:115] - [18:33:02] Redndı: False
2025-06-22 18:33:03,595 - map_video - DEBUG - [mapping_recorder.main:115] - [18:33:03] Redndı: False
2025-06-22 18:33:04,597 - map_video - DEBUG - [mapping_recorder.main:115] - [18:33:04] Redndı: False
2025-06-22 18:33:05,599 - map_video - DEBUG - [mapping_recorder.main:115] - [18:33:05] Redndı: False
2025-06-22 18:33:06,600 - map_video - DEBUG - [mapping_recorder.main:115] - [18:33:06] Redndı: False
2025-06-22 18:33:07,602 - map_video - DEBUG - [mapping_recorder.main:115] - [18:33:07] Redndı: False
2025-06-22 18:33:08,603 - map_video - DEBUG - [mapping_recorder.main:115] - [18:33:08] Redndı: False
2025-06-22 18:33:09,605 - map_video - DEBUG - [mapping_recorder.main:115] - [18:33:09] Redndı: False
2025-06-22 18:33:10,607 - map_video - DEBUG - [mapping_recorder.main:115] - [18:33:10] Redndı: False
2025-06-22 18:33:11,609 - map_video - DEBUG - [mapping_recorder.main:115] - [18:33:11] Redndı: False
2025-06-22 18:33:12,611 - map_video - DEBUG - [mapping_recorder.main:115] - [18:33:12] Redndı: False
2025-06-22 18:33:13,612 - map_video - DEBUG - [mapping_recorder.main:115] - [18:33:13] Redndı: False
2025-06-22 18:33:14,614 - map_video - DEBUG - [mapping_recorder.main:115] - [18:33:14] Redndı: False
2025-06-22 18:33:15,616 - map_video - DEBUG - [mapping_recorder.main:115] - [18:33:15] Redndı: False
2025-06-22 18:33:16,618 - map_video - DEBUG - [mapping_recorder.main:115] - [18:33:16] Redndı: False
2025-06-22 18:33:17,619 - map_video - DEBUG - [mapping_recorder.main:115] - [18:33:17] Redndı: False
2025-06-22 18:33:18,621 - map_video - DEBUG - [mapping_recorder.main:115] - [18:33:18] Redndı: False
2025-06-22 18:33:19,623 - map_video - DEBUG - [mapping_recorder.main:115] - [18:33:19] Redndı: False
2025-06-22 18:33:20,625 - map_video - DEBUG - [mapping_recorder.main:115] - [18:33:20] Redndı: False
2025-06-22 18:33:21,627 - map_video - DEBUG - [mapping_recorder.main:115] - [18:33:21] Redndı: False
2025-06-22 18:33:22,628 - map_video - DEBUG - [mapping_recorder.main:115] - [18:33:22] Redndı: False
2025-06-22 18:33:23,630 - map_video - DEBUG - [mapping_recorder.main:115] - [18:33:23] Redndı: False
2025-06-22 18:33:24,632 - map_video - DEBUG - [mapping_recorder.main:115] - [18:33:24] Redndı: False
2025-06-22 18:33:25,634 - map_video - DEBUG - [mapping_recorder.main:115] - [18:33:25] Redndı: False
2025-06-22 18:33:26,635 - map_video - DEBUG - [mapping_recorder.main:115] - [18:33:26] Redndı: False
2025-06-22 18:33:27,637 - map_video - DEBUG - [mapping_recorder.main:115] - [18:33:27] Redndı: False
2025-06-22 18:33:28,639 - map_video - DEBUG - [mapping_recorder.main:115] - [18:33:28] Redndı: False
2025-06-22 18:33:29,641 - map_video - DEBUG - [mapping_recorder.main:115] - [18:33:29] Redndı: False
2025-06-22 18:33:30,643 - map_video - DEBUG - [mapping_recorder.main:115] - [18:33:30] Redndı: False
2025-06-22 18:33:31,645 - map_video - DEBUG - [mapping_recorder.main:115] - [18:33:31] Redndı: False
2025-06-22 18:33:32,646 - map_video - DEBUG - [mapping_recorder.main:115] - [18:33:32] Redndı: False
2025-06-22 18:33:33,648 - map_video - DEBUG - [mapping_recorder.main:115] - [18:33:33] Redndı: False
2025-06-22 18:33:34,650 - map_video - DEBUG - [mapping_recorder.main:115] - [18:33:34] Redndı: False
2025-06-22 18:33:35,651 - map_video - DEBUG - [mapping_recorder.main:115] - [18:33:35] Redndı: False
2025-06-22 18:33:36,653 - map_video - DEBUG - [mapping_recorder.main:115] - [18:33:36] Redndı: False
2025-06-22 18:33:37,655 - map_video - DEBUG - [mapping_recorder.main:115] - [18:33:37] Redndı: False
2025-06-22 18:33:38,657 - map_video - DEBUG - [mapping_recorder.main:115] - [18:33:38] Redndı: False
2025-06-22 18:33:39,659 - map_video - DEBUG - [mapping_recorder.main:115] - [18:33:39] Redndı: False
2025-06-22 18:33:40,661 - map_video - DEBUG - [mapping_recorder.main:115] - [18:33:40] Redndı: False
2025-06-22 18:33:41,662 - map_video - DEBUG - [mapping_recorder.main:115] - [18:33:41] Redndı: False
2025-06-22 18:33:42,664 - map_video - DEBUG - [mapping_recorder.main:115] - [18:33:42] Redndı: False
2025-06-22 18:33:43,666 - map_video - DEBUG - [mapping_recorder.main:115] - [18:33:43] Redndı: False
2025-06-22 18:33:44,667 - map_video - DEBUG - [mapping_recorder.main:115] - [18:33:44] Redndı: False
2025-06-22 18:33:45,669 - map_video - DEBUG - [mapping_recorder.main:115] - [18:33:45] Redndı: False
2025-06-22 18:33:46,671 - map_video - DEBUG - [mapping_recorder.main:115] - [18:33:46] Redndı: False
2025-06-22 18:33:47,673 - map_video - DEBUG - [mapping_recorder.main:115] - [18:33:47] Redndı: False
2025-06-22 18:33:48,675 - map_video - DEBUG - [mapping_recorder.main:115] - [18:33:48] Redndı: False
2025-06-22 18:33:49,676 - map_video - DEBUG - [mapping_recorder.main:115] - [18:33:49] Redndı: False
2025-06-22 18:33:50,678 - map_video - DEBUG - [mapping_recorder.main:115] - [18:33:50] Redndı: False
2025-06-22 18:33:51,680 - map_video - DEBUG - [mapping_recorder.main:115] - [18:33:51] Redndı: False
2025-06-22 18:33:52,682 - map_video - DEBUG - [mapping_recorder.main:115] - [18:33:52] Redndı: False
2025-06-22 18:33:53,684 - map_video - DEBUG - [mapping_recorder.main:115] - [18:33:53] Redndı: False
2025-06-22 18:33:54,686 - map_video - DEBUG - [mapping_recorder.main:115] - [18:33:54] Redndı: False
2025-06-22 18:33:55,687 - map_video - DEBUG - [mapping_recorder.main:115] - [18:33:55] Redndı: False
2025-06-22 18:33:56,689 - map_video - DEBUG - [mapping_recorder.main:115] - [18:33:56] Redndı: False
2025-06-22 18:33:57,691 - map_video - DEBUG - [mapping_recorder.main:115] - [18:33:57] Redndı: False
2025-06-22 18:33:58,693 - map_video - DEBUG - [mapping_recorder.main:115] - [18:33:58] Redndı: False
2025-06-22 18:33:59,695 - map_video - DEBUG - [mapping_recorder.main:115] - [18:33:59] Redndı: False
2025-06-22 18:34:00,696 - map_video - DEBUG - [mapping_recorder.main:115] - [18:34:00] Redndı: False
2025-06-22 18:34:01,698 - map_video - DEBUG - [mapping_recorder.main:115] - [18:34:01] Redndı: False
2025-06-22 18:34:02,700 - map_video - DEBUG - [mapping_recorder.main:115] - [18:34:02] Redndı: False
2025-06-22 18:34:03,702 - map_video - DEBUG - [mapping_recorder.main:115] - [18:34:03] Redndı: False
2025-06-22 18:34:04,704 - map_video - DEBUG - [mapping_recorder.main:115] - [18:34:04] Redndı: False
2025-06-22 18:34:05,706 - map_video - DEBUG - [mapping_recorder.main:115] - [18:34:05] Redndı: False
2025-06-22 18:34:06,707 - map_video - DEBUG - [mapping_recorder.main:115] - [18:34:06] Redndı: False
2025-06-22 18:34:07,709 - map_video - DEBUG - [mapping_recorder.main:115] - [18:34:07] Redndı: False
2025-06-22 18:34:08,711 - map_video - DEBUG - [mapping_recorder.main:115] - [18:34:08] Redndı: False
2025-06-22 18:34:09,713 - map_video - DEBUG - [mapping_recorder.main:115] - [18:34:09] Redndı: False
2025-06-22 18:34:10,715 - map_video - DEBUG - [mapping_recorder.main:115] - [18:34:10] Redndı: False
2025-06-22 18:34:11,717 - map_video - DEBUG - [mapping_recorder.main:115] - [18:34:11] Redndı: False
2025-06-22 18:34:12,718 - map_video - DEBUG - [mapping_recorder.main:115] - [18:34:12] Redndı: False
2025-06-22 18:34:13,720 - map_video - DEBUG - [mapping_recorder.main:115] - [18:34:13] Redndı: False
2025-06-22 18:34:14,722 - map_video - DEBUG - [mapping_recorder.main:115] - [18:34:14] Redndı: False
2025-06-22 18:34:15,724 - map_video - DEBUG - [mapping_recorder.main:115] - [18:34:15] Redndı: False
2025-06-22 18:34:16,726 - map_video - DEBUG - [mapping_recorder.main:115] - [18:34:16] Redndı: False
2025-06-22 18:34:17,727 - map_video - DEBUG - [mapping_recorder.main:115] - [18:34:17] Redndı: False
2025-06-22 18:34:18,729 - map_video - DEBUG - [mapping_recorder.main:115] - [18:34:18] Redndı: False
2025-06-22 18:34:19,731 - map_video - DEBUG - [mapping_recorder.main:115] - [18:34:19] Redndı: False
2025-06-22 18:34:20,733 - map_video - DEBUG - [mapping_recorder.main:115] - [18:34:20] Redndı: False
2025-06-22 18:34:21,734 - map_video - DEBUG - [mapping_recorder.main:115] - [18:34:21] Redndı: False
2025-06-22 18:34:22,736 - map_video - DEBUG - [mapping_recorder.main:115] - [18:34:22] Redndı: False
2025-06-22 18:34:23,738 - map_video - DEBUG - [mapping_recorder.main:115] - [18:34:23] Redndı: False
2025-06-22 18:34:24,739 - map_video - DEBUG - [mapping_recorder.main:115] - [18:34:24] Redndı: False
2025-06-22 18:34:25,741 - map_video - DEBUG - [mapping_recorder.main:115] - [18:34:25] Redndı: False
2025-06-22 18:34:26,743 - map_video - DEBUG - [mapping_recorder.main:115] - [18:34:26] Redndı: False
2025-06-22 18:34:27,745 - map_video - DEBUG - [mapping_recorder.main:115] - [18:34:27] Redndı: False
2025-06-22 18:34:28,747 - map_video - DEBUG - [mapping_recorder.main:115] - [18:34:28] Redndı: False
2025-06-22 18:34:29,749 - map_video - DEBUG - [mapping_recorder.main:115] - [18:34:29] Redndı: False
2025-06-22 18:34:30,751 - map_video - DEBUG - [mapping_recorder.main:115] - [18:34:30] Redndı: False
2025-06-22 18:34:31,752 - map_video - DEBUG - [mapping_recorder.main:115] - [18:34:31] Redndı: False
2025-06-22 18:34:32,754 - map_video - DEBUG - [mapping_recorder.main:115] - [18:34:32] Redndı: False
2025-06-22 18:34:33,756 - map_video - DEBUG - [mapping_recorder.main:115] - [18:34:33] Redndı: False
2025-06-22 18:34:34,758 - map_video - DEBUG - [mapping_recorder.main:115] - [18:34:34] Redndı: False
2025-06-22 18:34:35,759 - map_video - DEBUG - [mapping_recorder.main:115] - [18:34:35] Redndı: False
2025-06-22 18:34:36,761 - map_video - DEBUG - [mapping_recorder.main:115] - [18:34:36] Redndı: False
2025-06-22 18:34:37,763 - map_video - DEBUG - [mapping_recorder.main:115] - [18:34:37] Redndı: False
2025-06-22 18:34:38,765 - map_video - DEBUG - [mapping_recorder.main:115] - [18:34:38] Redndı: False
2025-06-22 18:34:39,767 - map_video - DEBUG - [mapping_recorder.main:115] - [18:34:39] Redndı: False
2025-06-22 18:34:40,769 - map_video - DEBUG - [mapping_recorder.main:115] - [18:34:40] Redndı: False
2025-06-22 18:34:41,770 - map_video - DEBUG - [mapping_recorder.main:115] - [18:34:41] Redndı: False
2025-06-22 18:34:42,772 - map_video - DEBUG - [mapping_recorder.main:115] - [18:34:42] Redndı: False
2025-06-22 18:34:43,774 - map_video - DEBUG - [mapping_recorder.main:115] - [18:34:43] Redndı: False
2025-06-22 18:34:44,775 - map_video - DEBUG - [mapping_recorder.main:115] - [18:34:44] Redndı: False
2025-06-22 18:34:45,777 - map_video - DEBUG - [mapping_recorder.main:115] - [18:34:45] Redndı: False
2025-06-22 18:34:46,779 - map_video - DEBUG - [mapping_recorder.main:115] - [18:34:46] Redndı: False
2025-06-22 18:34:47,781 - map_video - DEBUG - [mapping_recorder.main:115] - [18:34:47] Redndı: False
2025-06-22 18:34:48,782 - map_video - DEBUG - [mapping_recorder.main:115] - [18:34:48] Redndı: False
2025-06-22 18:34:49,784 - map_video - DEBUG - [mapping_recorder.main:115] - [18:34:49] Redndı: False
2025-06-22 18:34:50,786 - map_video - DEBUG - [mapping_recorder.main:115] - [18:34:50] Redndı: False
2025-06-22 18:34:51,787 - map_video - DEBUG - [mapping_recorder.main:115] - [18:34:51] Redndı: False
2025-06-22 18:34:52,789 - map_video - DEBUG - [mapping_recorder.main:115] - [18:34:52] Redndı: False
2025-06-22 18:34:53,791 - map_video - DEBUG - [mapping_recorder.main:115] - [18:34:53] Redndı: False
2025-06-22 18:34:54,793 - map_video - DEBUG - [mapping_recorder.main:115] - [18:34:54] Redndı: False
2025-06-22 18:34:55,795 - map_video - DEBUG - [mapping_recorder.main:115] - [18:34:55] Redndı: False
2025-06-22 18:34:56,796 - map_video - DEBUG - [mapping_recorder.main:115] - [18:34:56] Redndı: False
2025-06-22 18:34:57,798 - map_video - DEBUG - [mapping_recorder.main:115] - [18:34:57] Redndı: False
2025-06-22 18:34:58,800 - map_video - DEBUG - [mapping_recorder.main:115] - [18:34:58] Redndı: False
2025-06-22 18:34:59,801 - map_video - DEBUG - [mapping_recorder.main:115] - [18:34:59] Redndı: False
2025-06-22 18:35:00,803 - map_video - DEBUG - [mapping_recorder.main:115] - [18:35:00] Redndı: False
2025-06-22 18:35:01,805 - map_video - DEBUG - [mapping_recorder.main:115] - [18:35:01] Redndı: False
2025-06-22 18:35:02,807 - map_video - DEBUG - [mapping_recorder.main:115] - [18:35:02] Redndı: False
2025-06-22 18:35:03,809 - map_video - DEBUG - [mapping_recorder.main:115] - [18:35:03] Redndı: False
2025-06-22 18:35:04,811 - map_video - DEBUG - [mapping_recorder.main:115] - [18:35:04] Redndı: False
2025-06-22 18:35:05,813 - map_video - DEBUG - [mapping_recorder.main:115] - [18:35:05] Redndı: False
2025-06-22 18:35:06,815 - map_video - DEBUG - [mapping_recorder.main:115] - [18:35:06] Redndı: False
2025-06-22 18:35:07,816 - map_video - DEBUG - [mapping_recorder.main:115] - [18:35:07] Redndı: False
2025-06-22 18:35:08,818 - map_video - DEBUG - [mapping_recorder.main:115] - [18:35:08] Redndı: False
2025-06-22 18:35:09,820 - map_video - DEBUG - [mapping_recorder.main:115] - [18:35:09] Redndı: False
2025-06-22 18:35:10,822 - map_video - DEBUG - [mapping_recorder.main:115] - [18:35:10] Redndı: False
2025-06-22 18:35:11,823 - map_video - DEBUG - [mapping_recorder.main:115] - [18:35:11] Redndı: False
2025-06-22 18:35:12,825 - map_video - DEBUG - [mapping_recorder.main:115] - [18:35:12] Redndı: False
2025-06-22 18:35:13,827 - map_video - DEBUG - [mapping_recorder.main:115] - [18:35:13] Redndı: False
2025-06-22 18:35:14,829 - map_video - DEBUG - [mapping_recorder.main:115] - [18:35:14] Redndı: False
2025-06-22 18:35:15,831 - map_video - DEBUG - [mapping_recorder.main:115] - [18:35:15] Redndı: False
2025-06-22 18:35:16,832 - map_video - DEBUG - [mapping_recorder.main:115] - [18:35:16] Redndı: False
2025-06-22 18:35:17,834 - map_video - DEBUG - [mapping_recorder.main:115] - [18:35:17] Redndı: False
2025-06-22 18:35:18,836 - map_video - DEBUG - [mapping_recorder.main:115] - [18:35:18] Redndı: False
2025-06-22 18:35:19,838 - map_video - DEBUG - [mapping_recorder.main:115] - [18:35:19] Redndı: False
2025-06-22 18:35:20,839 - map_video - DEBUG - [mapping_recorder.main:115] - [18:35:20] Redndı: False
2025-06-22 18:35:21,841 - map_video - DEBUG - [mapping_recorder.main:115] - [18:35:21] Redndı: False
2025-06-22 18:35:22,843 - map_video - DEBUG - [mapping_recorder.main:115] - [18:35:22] Redndı: False
2025-06-22 18:35:23,845 - map_video - DEBUG - [mapping_recorder.main:115] - [18:35:23] Redndı: False
2025-06-22 18:35:24,847 - map_video - DEBUG - [mapping_recorder.main:115] - [18:35:24] Redndı: False
2025-06-22 18:35:25,848 - map_video - DEBUG - [mapping_recorder.main:115] - [18:35:25] Redndı: False
2025-06-22 18:35:26,850 - map_video - DEBUG - [mapping_recorder.main:115] - [18:35:26] Redndı: False
2025-06-22 18:35:27,852 - map_video - DEBUG - [mapping_recorder.main:115] - [18:35:27] Redndı: False
2025-06-22 18:35:28,854 - map_video - DEBUG - [mapping_recorder.main:115] - [18:35:28] Redndı: False
2025-06-22 18:35:29,855 - map_video - DEBUG - [mapping_recorder.main:115] - [18:35:29] Redndı: False
2025-06-22 18:35:30,857 - map_video - DEBUG - [mapping_recorder.main:115] - [18:35:30] Redndı: False
2025-06-22 18:35:31,859 - map_video - DEBUG - [mapping_recorder.main:115] - [18:35:31] Redndı: False
2025-06-22 18:35:32,861 - map_video - DEBUG - [mapping_recorder.main:115] - [18:35:32] Redndı: False
2025-06-22 18:35:33,863 - map_video - DEBUG - [mapping_recorder.main:115] - [18:35:33] Redndı: False
2025-06-22 18:35:34,865 - map_video - DEBUG - [mapping_recorder.main:115] - [18:35:34] Redndı: False
2025-06-22 18:35:35,866 - map_video - DEBUG - [mapping_recorder.main:115] - [18:35:35] Redndı: False
2025-06-22 18:35:36,868 - map_video - DEBUG - [mapping_recorder.main:115] - [18:35:36] Redndı: False
2025-06-22 18:35:37,870 - map_video - DEBUG - [mapping_recorder.main:115] - [18:35:37] Redndı: False
2025-06-22 18:35:38,872 - map_video - DEBUG - [mapping_recorder.main:115] - [18:35:38] Redndı: False
2025-06-22 18:35:39,874 - map_video - DEBUG - [mapping_recorder.main:115] - [18:35:39] Redndı: False
2025-06-22 18:35:40,875 - map_video - DEBUG - [mapping_recorder.main:115] - [18:35:40] Redndı: False
2025-06-22 18:35:41,877 - map_video - DEBUG - [mapping_recorder.main:115] - [18:35:41] Redndı: False
2025-06-22 18:35:42,879 - map_video - DEBUG - [mapping_recorder.main:115] - [18:35:42] Redndı: False
2025-06-22 18:35:43,881 - map_video - DEBUG - [mapping_recorder.main:115] - [18:35:43] Redndı: False
2025-06-22 18:35:44,882 - map_video - DEBUG - [mapping_recorder.main:115] - [18:35:44] Redndı: False
2025-06-22 18:35:45,884 - map_video - DEBUG - [mapping_recorder.main:115] - [18:35:45] Redndı: False
2025-06-22 18:35:46,886 - map_video - DEBUG - [mapping_recorder.main:115] - [18:35:46] Redndı: False
2025-06-22 18:35:47,887 - map_video - DEBUG - [mapping_recorder.main:115] - [18:35:47] Redndı: False
2025-06-22 18:35:48,889 - map_video - DEBUG - [mapping_recorder.main:115] - [18:35:48] Redndı: False
2025-06-22 18:35:49,891 - map_video - DEBUG - [mapping_recorder.main:115] - [18:35:49] Redndı: False
2025-06-22 18:35:50,893 - map_video - DEBUG - [mapping_recorder.main:115] - [18:35:50] Redndı: False
2025-06-22 18:35:51,895 - map_video - DEBUG - [mapping_recorder.main:115] - [18:35:51] Redndı: False
2025-06-22 18:35:52,896 - map_video - DEBUG - [mapping_recorder.main:115] - [18:35:52] Redndı: False
2025-06-22 18:35:53,898 - map_video - DEBUG - [mapping_recorder.main:115] - [18:35:53] Redndı: False
2025-06-22 18:35:54,900 - map_video - DEBUG - [mapping_recorder.main:115] - [18:35:54] Redndı: False
2025-06-22 18:35:55,902 - map_video - DEBUG - [mapping_recorder.main:115] - [18:35:55] Redndı: False
2025-06-22 18:35:56,904 - map_video - DEBUG - [mapping_recorder.main:115] - [18:35:56] Redndı: False
2025-06-22 18:35:57,906 - map_video - DEBUG - [mapping_recorder.main:115] - [18:35:57] Redndı: False
2025-06-22 18:35:58,907 - map_video - DEBUG - [mapping_recorder.main:115] - [18:35:58] Redndı: False
2025-06-22 18:35:59,909 - map_video - DEBUG - [mapping_recorder.main:115] - [18:35:59] Redndı: False
2025-06-22 18:36:00,911 - map_video - DEBUG - [mapping_recorder.main:115] - [18:36:00] Redndı: False
2025-06-22 18:36:01,913 - map_video - DEBUG - [mapping_recorder.main:115] - [18:36:01] Redndı: False
2025-06-22 18:36:02,914 - map_video - DEBUG - [mapping_recorder.main:115] - [18:36:02] Redndı: False
2025-06-22 18:36:03,916 - map_video - DEBUG - [mapping_recorder.main:115] - [18:36:03] Redndı: False
2025-06-22 18:36:04,918 - map_video - DEBUG - [mapping_recorder.main:115] - [18:36:04] Redndı: False
2025-06-22 18:36:05,919 - map_video - DEBUG - [mapping_recorder.main:115] - [18:36:05] Redndı: False
2025-06-22 18:36:06,921 - map_video - DEBUG - [mapping_recorder.main:115] - [18:36:06] Redndı: False
2025-06-22 18:36:07,923 - map_video - DEBUG - [mapping_recorder.main:115] - [18:36:07] Redndı: False
2025-06-22 18:36:08,925 - map_video - DEBUG - [mapping_recorder.main:115] - [18:36:08] Redndı: False
2025-06-22 18:36:09,927 - map_video - DEBUG - [mapping_recorder.main:115] - [18:36:09] Redndı: False
2025-06-22 18:36:10,928 - map_video - DEBUG - [mapping_recorder.main:115] - [18:36:10] Redndı: False
2025-06-22 18:36:11,930 - map_video - DEBUG - [mapping_recorder.main:115] - [18:36:11] Redndı: False
2025-06-22 18:36:12,932 - map_video - DEBUG - [mapping_recorder.main:115] - [18:36:12] Redndı: False
2025-06-22 18:36:13,934 - map_video - DEBUG - [mapping_recorder.main:115] - [18:36:13] Redndı: False
2025-06-22 18:36:14,935 - map_video - DEBUG - [mapping_recorder.main:115] - [18:36:14] Redndı: False
2025-06-22 18:36:15,937 - map_video - DEBUG - [mapping_recorder.main:115] - [18:36:15] Redndı: False
2025-06-22 18:36:16,939 - map_video - DEBUG - [mapping_recorder.main:115] - [18:36:16] Redndı: False
2025-06-22 18:36:17,941 - map_video - DEBUG - [mapping_recorder.main:115] - [18:36:17] Redndı: False
2025-06-22 18:36:18,942 - map_video - DEBUG - [mapping_recorder.main:115] - [18:36:18] Redndı: False
2025-06-22 18:36:19,943 - map_video - DEBUG - [mapping_recorder.main:115] - [18:36:19] Redndı: False
2025-06-22 18:36:20,945 - map_video - DEBUG - [mapping_recorder.main:115] - [18:36:20] Redndı: False
2025-06-22 18:36:21,947 - map_video - DEBUG - [mapping_recorder.main:115] - [18:36:21] Redndı: False
2025-06-22 18:36:22,949 - map_video - DEBUG - [mapping_recorder.main:115] - [18:36:22] Redndı: False
2025-06-22 18:36:23,950 - map_video - DEBUG - [mapping_recorder.main:115] - [18:36:23] Redndı: False
2025-06-22 18:36:24,952 - map_video - DEBUG - [mapping_recorder.main:115] - [18:36:24] Redndı: False
2025-06-22 18:36:25,954 - map_video - DEBUG - [mapping_recorder.main:115] - [18:36:25] Redndı: False
2025-06-22 18:36:26,955 - map_video - DEBUG - [mapping_recorder.main:115] - [18:36:26] Redndı: False
2025-06-22 18:36:27,957 - map_video - DEBUG - [mapping_recorder.main:115] - [18:36:27] Redndı: False
2025-06-22 18:36:28,959 - map_video - DEBUG - [mapping_recorder.main:115] - [18:36:28] Redndı: False
2025-06-22 18:36:29,960 - map_video - DEBUG - [mapping_recorder.main:115] - [18:36:29] Redndı: False
2025-06-22 18:36:30,962 - map_video - DEBUG - [mapping_recorder.main:115] - [18:36:30] Redndı: False
2025-06-22 18:36:31,964 - map_video - DEBUG - [mapping_recorder.main:115] - [18:36:31] Redndı: False
2025-06-22 18:36:32,966 - map_video - DEBUG - [mapping_recorder.main:115] - [18:36:32] Redndı: False
2025-06-22 18:36:33,967 - map_video - DEBUG - [mapping_recorder.main:115] - [18:36:33] Redndı: False
2025-06-22 18:36:34,969 - map_video - DEBUG - [mapping_recorder.main:115] - [18:36:34] Redndı: False
2025-06-22 18:36:35,971 - map_video - DEBUG - [mapping_recorder.main:115] - [18:36:35] Redndı: False
2025-06-22 18:36:36,973 - map_video - DEBUG - [mapping_recorder.main:115] - [18:36:36] Redndı: False
2025-06-22 18:36:37,974 - map_video - DEBUG - [mapping_recorder.main:115] - [18:36:37] Redndı: False
2025-06-22 18:36:38,976 - map_video - DEBUG - [mapping_recorder.main:115] - [18:36:38] Redndı: False
2025-06-22 18:36:39,978 - map_video - DEBUG - [mapping_recorder.main:115] - [18:36:39] Redndı: False
2025-06-22 18:36:40,979 - map_video - DEBUG - [mapping_recorder.main:115] - [18:36:40] Redndı: False
2025-06-22 18:36:41,981 - map_video - DEBUG - [mapping_recorder.main:115] - [18:36:41] Redndı: False
2025-06-22 18:36:42,982 - map_video - DEBUG - [mapping_recorder.main:115] - [18:36:42] Redndı: False
2025-06-22 18:36:43,984 - map_video - DEBUG - [mapping_recorder.main:115] - [18:36:43] Redndı: False
2025-06-22 18:36:44,986 - map_video - DEBUG - [mapping_recorder.main:115] - [18:36:44] Redndı: False
2025-06-22 18:36:45,987 - map_video - DEBUG - [mapping_recorder.main:115] - [18:36:45] Redndı: False
2025-06-22 18:36:46,989 - map_video - DEBUG - [mapping_recorder.main:115] - [18:36:46] Redndı: False
2025-06-22 18:36:47,991 - map_video - DEBUG - [mapping_recorder.main:115] - [18:36:47] Redndı: False
2025-06-22 18:36:48,993 - map_video - DEBUG - [mapping_recorder.main:115] - [18:36:48] Redndı: False
2025-06-22 18:36:49,995 - map_video - DEBUG - [mapping_recorder.main:115] - [18:36:49] Redndı: False
2025-06-22 18:36:50,997 - map_video - DEBUG - [mapping_recorder.main:115] - [18:36:50] Redndı: False
2025-06-22 18:36:51,999 - map_video - DEBUG - [mapping_recorder.main:115] - [18:36:51] Redndı: False
2025-06-22 18:36:53,001 - map_video - DEBUG - [mapping_recorder.main:115] - [18:36:53] Redndı: False
2025-06-22 18:36:54,003 - map_video - DEBUG - [mapping_recorder.main:115] - [18:36:54] Redndı: False
2025-06-22 18:36:55,005 - map_video - DEBUG - [mapping_recorder.main:115] - [18:36:55] Redndı: False
2025-06-22 18:36:56,006 - map_video - DEBUG - [mapping_recorder.main:115] - [18:36:56] Redndı: False
2025-06-22 18:36:57,008 - map_video - DEBUG - [mapping_recorder.main:115] - [18:36:57] Redndı: False
2025-06-22 18:36:58,010 - map_video - DEBUG - [mapping_recorder.main:115] - [18:36:58] Redndı: False
2025-06-22 18:36:59,012 - map_video - DEBUG - [mapping_recorder.main:115] - [18:36:59] Redndı: False
2025-06-22 18:37:00,014 - map_video - DEBUG - [mapping_recorder.main:115] - [18:37:00] Redndı: False
2025-06-22 18:37:01,015 - map_video - DEBUG - [mapping_recorder.main:115] - [18:37:01] Redndı: False
2025-06-22 18:37:02,017 - map_video - DEBUG - [mapping_recorder.main:115] - [18:37:02] Redndı: False
2025-06-22 18:37:03,019 - map_video - DEBUG - [mapping_recorder.main:115] - [18:37:03] Redndı: False
2025-06-22 18:37:04,021 - map_video - DEBUG - [mapping_recorder.main:115] - [18:37:04] Redndı: False
2025-06-22 18:37:05,023 - map_video - DEBUG - [mapping_recorder.main:115] - [18:37:05] Redndı: False
2025-06-22 18:37:06,024 - map_video - DEBUG - [mapping_recorder.main:115] - [18:37:06] Redndı: False
2025-06-22 18:37:07,026 - map_video - DEBUG - [mapping_recorder.main:115] - [18:37:07] Redndı: False
2025-06-22 18:37:08,028 - map_video - DEBUG - [mapping_recorder.main:115] - [18:37:08] Redndı: False
2025-06-22 18:37:09,030 - map_video - DEBUG - [mapping_recorder.main:115] - [18:37:09] Redndı: False
2025-06-22 18:37:10,031 - map_video - DEBUG - [mapping_recorder.main:115] - [18:37:10] Redndı: False
2025-06-22 18:37:11,033 - map_video - DEBUG - [mapping_recorder.main:115] - [18:37:11] Redndı: False
2025-06-22 18:37:12,035 - map_video - DEBUG - [mapping_recorder.main:115] - [18:37:12] Redndı: False
2025-06-22 18:37:13,037 - map_video - DEBUG - [mapping_recorder.main:115] - [18:37:13] Redndı: False
2025-06-22 18:37:14,039 - map_video - DEBUG - [mapping_recorder.main:115] - [18:37:14] Redndı: False
2025-06-22 18:37:15,040 - map_video - DEBUG - [mapping_recorder.main:115] - [18:37:15] Redndı: False
2025-06-22 18:37:16,042 - map_video - DEBUG - [mapping_recorder.main:115] - [18:37:16] Redndı: False
2025-06-22 18:37:17,044 - map_video - DEBUG - [mapping_recorder.main:115] - [18:37:17] Redndı: False
2025-06-22 18:37:18,046 - map_video - DEBUG - [mapping_recorder.main:115] - [18:37:18] Redndı: False
2025-06-22 18:37:19,047 - map_video - DEBUG - [mapping_recorder.main:115] - [18:37:19] Redndı: False
2025-06-22 18:37:20,049 - map_video - DEBUG - [mapping_recorder.main:115] - [18:37:20] Redndı: False
2025-06-22 18:37:21,051 - map_video - DEBUG - [mapping_recorder.main:115] - [18:37:21] Redndı: False
2025-06-22 18:37:22,053 - map_video - DEBUG - [mapping_recorder.main:115] - [18:37:22] Redndı: False
2025-06-22 18:37:23,055 - map_video - DEBUG - [mapping_recorder.main:115] - [18:37:23] Redndı: False
2025-06-22 18:37:24,057 - map_video - DEBUG - [mapping_recorder.main:115] - [18:37:24] Redndı: False
2025-06-22 18:37:25,059 - map_video - DEBUG - [mapping_recorder.main:115] - [18:37:25] Redndı: False
2025-06-22 18:37:26,060 - map_video - DEBUG - [mapping_recorder.main:115] - [18:37:26] Redndı: False
2025-06-22 18:37:27,062 - map_video - DEBUG - [mapping_recorder.main:115] - [18:37:27] Redndı: False
2025-06-22 18:37:28,064 - map_video - DEBUG - [mapping_recorder.main:115] - [18:37:28] Redndı: False
2025-06-22 18:37:29,066 - map_video - DEBUG - [mapping_recorder.main:115] - [18:37:29] Redndı: False
2025-06-22 18:37:30,067 - map_video - DEBUG - [mapping_recorder.main:115] - [18:37:30] Redndı: False
2025-06-22 18:37:31,069 - map_video - DEBUG - [mapping_recorder.main:115] - [18:37:31] Redndı: False
2025-06-22 18:37:32,071 - map_video - DEBUG - [mapping_recorder.main:115] - [18:37:32] Redndı: False
2025-06-22 18:37:33,073 - map_video - DEBUG - [mapping_recorder.main:115] - [18:37:33] Redndı: False
2025-06-22 18:37:34,075 - map_video - DEBUG - [mapping_recorder.main:115] - [18:37:34] Redndı: False
2025-06-22 18:37:35,077 - map_video - DEBUG - [mapping_recorder.main:115] - [18:37:35] Redndı: False
2025-06-22 18:37:36,078 - map_video - DEBUG - [mapping_recorder.main:115] - [18:37:36] Redndı: False
2025-06-22 18:37:37,080 - map_video - DEBUG - [mapping_recorder.main:115] - [18:37:37] Redndı: False
2025-06-22 18:37:38,082 - map_video - DEBUG - [mapping_recorder.main:115] - [18:37:38] Redndı: False
2025-06-22 18:37:39,083 - map_video - DEBUG - [mapping_recorder.main:115] - [18:37:39] Redndı: False
2025-06-22 18:37:40,085 - map_video - DEBUG - [mapping_recorder.main:115] - [18:37:40] Redndı: False
2025-06-22 18:37:41,087 - map_video - DEBUG - [mapping_recorder.main:115] - [18:37:41] Redndı: False
2025-06-22 18:37:42,089 - map_video - DEBUG - [mapping_recorder.main:115] - [18:37:42] Redndı: False
2025-06-22 18:37:43,091 - map_video - DEBUG - [mapping_recorder.main:115] - [18:37:43] Redndı: False
2025-06-22 18:37:44,094 - map_video - DEBUG - [mapping_recorder.main:115] - [18:37:44] Redndı: False
2025-06-22 18:37:45,095 - map_video - DEBUG - [mapping_recorder.main:115] - [18:37:45] Redndı: False
2025-06-22 18:37:46,097 - map_video - DEBUG - [mapping_recorder.main:115] - [18:37:46] Redndı: False
2025-06-22 18:37:47,099 - map_video - DEBUG - [mapping_recorder.main:115] - [18:37:47] Redndı: False
2025-06-22 18:37:48,101 - map_video - DEBUG - [mapping_recorder.main:115] - [18:37:48] Redndı: False
2025-06-22 18:37:49,102 - map_video - DEBUG - [mapping_recorder.main:115] - [18:37:49] Redndı: False
2025-06-22 18:37:50,104 - map_video - DEBUG - [mapping_recorder.main:115] - [18:37:50] Redndı: False
2025-06-22 18:37:51,106 - map_video - DEBUG - [mapping_recorder.main:115] - [18:37:51] Redndı: False
2025-06-22 18:37:52,108 - map_video - DEBUG - [mapping_recorder.main:115] - [18:37:52] Redndı: False
2025-06-22 18:37:53,110 - map_video - DEBUG - [mapping_recorder.main:115] - [18:37:53] Redndı: False
2025-06-22 18:37:54,111 - map_video - DEBUG - [mapping_recorder.main:115] - [18:37:54] Redndı: False
2025-06-22 18:37:55,113 - map_video - DEBUG - [mapping_recorder.main:115] - [18:37:55] Redndı: False
2025-06-22 18:37:56,115 - map_video - DEBUG - [mapping_recorder.main:115] - [18:37:56] Redndı: False
2025-06-22 18:37:57,117 - map_video - DEBUG - [mapping_recorder.main:115] - [18:37:57] Redndı: False
2025-06-22 18:37:58,119 - map_video - DEBUG - [mapping_recorder.main:115] - [18:37:58] Redndı: False
2025-06-22 18:37:59,121 - map_video - DEBUG - [mapping_recorder.main:115] - [18:37:59] Redndı: False
2025-06-22 18:38:00,122 - map_video - DEBUG - [mapping_recorder.main:115] - [18:38:00] Redndı: False
2025-06-22 18:38:01,124 - map_video - DEBUG - [mapping_recorder.main:115] - [18:38:01] Redndı: False
2025-06-22 18:38:02,126 - map_video - DEBUG - [mapping_recorder.main:115] - [18:38:02] Redndı: False
2025-06-22 18:38:03,127 - map_video - DEBUG - [mapping_recorder.main:115] - [18:38:03] Redndı: False
2025-06-22 18:38:04,129 - map_video - DEBUG - [mapping_recorder.main:115] - [18:38:04] Redndı: False
2025-06-22 18:38:05,131 - map_video - DEBUG - [mapping_recorder.main:115] - [18:38:05] Redndı: False
2025-06-22 18:38:06,133 - map_video - DEBUG - [mapping_recorder.main:115] - [18:38:06] Redndı: False
2025-06-22 18:38:07,135 - map_video - DEBUG - [mapping_recorder.main:115] - [18:38:07] Redndı: False
2025-06-22 18:38:08,136 - map_video - DEBUG - [mapping_recorder.main:115] - [18:38:08] Redndı: False
2025-06-22 18:38:09,138 - map_video - DEBUG - [mapping_recorder.main:115] - [18:38:09] Redndı: False
2025-06-22 18:38:10,140 - map_video - DEBUG - [mapping_recorder.main:115] - [18:38:10] Redndı: False
2025-06-22 18:38:11,142 - map_video - DEBUG - [mapping_recorder.main:115] - [18:38:11] Redndı: False
2025-06-22 18:38:12,143 - map_video - DEBUG - [mapping_recorder.main:115] - [18:38:12] Redndı: False
2025-06-22 18:38:13,144 - map_video - DEBUG - [mapping_recorder.main:115] - [18:38:13] Redndı: False
2025-06-22 18:38:14,146 - map_video - DEBUG - [mapping_recorder.main:115] - [18:38:14] Redndı: False
2025-06-22 18:38:15,147 - map_video - DEBUG - [mapping_recorder.main:115] - [18:38:15] Redndı: False
2025-06-22 18:38:16,149 - map_video - DEBUG - [mapping_recorder.main:115] - [18:38:16] Redndı: False
2025-06-22 18:38:17,151 - map_video - DEBUG - [mapping_recorder.main:115] - [18:38:17] Redndı: False
2025-06-22 18:38:18,153 - map_video - DEBUG - [mapping_recorder.main:115] - [18:38:18] Redndı: False
2025-06-22 18:38:19,155 - map_video - DEBUG - [mapping_recorder.main:115] - [18:38:19] Redndı: False
2025-06-22 18:38:20,156 - map_video - DEBUG - [mapping_recorder.main:115] - [18:38:20] Redndı: False
2025-06-22 18:38:21,158 - map_video - DEBUG - [mapping_recorder.main:115] - [18:38:21] Redndı: False
2025-06-22 18:38:22,160 - map_video - DEBUG - [mapping_recorder.main:115] - [18:38:22] Redndı: False
2025-06-22 18:38:23,162 - map_video - DEBUG - [mapping_recorder.main:115] - [18:38:23] Redndı: False
2025-06-22 18:38:24,163 - map_video - DEBUG - [mapping_recorder.main:115] - [18:38:24] Redndı: False
2025-06-22 18:38:25,165 - map_video - DEBUG - [mapping_recorder.main:115] - [18:38:25] Redndı: False
2025-06-22 18:38:26,167 - map_video - DEBUG - [mapping_recorder.main:115] - [18:38:26] Redndı: False
2025-06-22 18:38:27,169 - map_video - DEBUG - [mapping_recorder.main:115] - [18:38:27] Redndı: False
2025-06-22 18:38:28,170 - map_video - DEBUG - [mapping_recorder.main:115] - [18:38:28] Redndı: False
2025-06-22 18:38:29,172 - map_video - DEBUG - [mapping_recorder.main:115] - [18:38:29] Redndı: False
2025-06-22 18:38:30,174 - map_video - DEBUG - [mapping_recorder.main:115] - [18:38:30] Redndı: False
2025-06-22 18:38:31,176 - map_video - DEBUG - [mapping_recorder.main:115] - [18:38:31] Redndı: False
2025-06-22 18:38:32,178 - map_video - DEBUG - [mapping_recorder.main:115] - [18:38:32] Redndı: False
2025-06-22 18:38:33,180 - map_video - DEBUG - [mapping_recorder.main:115] - [18:38:33] Redndı: False
2025-06-22 18:38:34,182 - map_video - DEBUG - [mapping_recorder.main:115] - [18:38:34] Redndı: False
2025-06-22 18:38:35,183 - map_video - DEBUG - [mapping_recorder.main:115] - [18:38:35] Redndı: False
2025-06-22 18:38:36,185 - map_video - DEBUG - [mapping_recorder.main:115] - [18:38:36] Redndı: False
2025-06-22 18:38:37,187 - map_video - DEBUG - [mapping_recorder.main:115] - [18:38:37] Redndı: False
2025-06-22 18:38:38,188 - map_video - DEBUG - [mapping_recorder.main:115] - [18:38:38] Redndı: False
2025-06-22 18:38:39,190 - map_video - DEBUG - [mapping_recorder.main:115] - [18:38:39] Redndı: False
2025-06-22 18:38:40,192 - map_video - DEBUG - [mapping_recorder.main:115] - [18:38:40] Redndı: False
2025-06-22 18:38:41,194 - map_video - DEBUG - [mapping_recorder.main:115] - [18:38:41] Redndı: False
2025-06-22 18:38:42,195 - map_video - DEBUG - [mapping_recorder.main:115] - [18:38:42] Redndı: False
2025-06-22 18:38:43,197 - map_video - DEBUG - [mapping_recorder.main:115] - [18:38:43] Redndı: False
2025-06-22 18:38:44,199 - map_video - DEBUG - [mapping_recorder.main:115] - [18:38:44] Redndı: False
2025-06-22 18:38:45,200 - map_video - DEBUG - [mapping_recorder.main:115] - [18:38:45] Redndı: False
2025-06-22 18:38:46,202 - map_video - DEBUG - [mapping_recorder.main:115] - [18:38:46] Redndı: False
2025-06-22 18:38:47,204 - map_video - DEBUG - [mapping_recorder.main:115] - [18:38:47] Redndı: False
2025-06-22 18:38:48,206 - map_video - DEBUG - [mapping_recorder.main:115] - [18:38:48] Redndı: False
2025-06-22 18:38:49,207 - map_video - DEBUG - [mapping_recorder.main:115] - [18:38:49] Redndı: False
2025-06-22 18:38:50,209 - map_video - DEBUG - [mapping_recorder.main:115] - [18:38:50] Redndı: False
2025-06-22 18:38:51,211 - map_video - DEBUG - [mapping_recorder.main:115] - [18:38:51] Redndı: False
2025-06-22 18:38:52,213 - map_video - DEBUG - [mapping_recorder.main:115] - [18:38:52] Redndı: False
2025-06-22 18:38:53,214 - map_video - DEBUG - [mapping_recorder.main:115] - [18:38:53] Redndı: False
2025-06-22 18:38:54,216 - map_video - DEBUG - [mapping_recorder.main:115] - [18:38:54] Redndı: False
2025-06-22 18:38:55,218 - map_video - DEBUG - [mapping_recorder.main:115] - [18:38:55] Redndı: False
2025-06-22 18:38:56,220 - map_video - DEBUG - [mapping_recorder.main:115] - [18:38:56] Redndı: False
2025-06-22 18:38:57,222 - map_video - DEBUG - [mapping_recorder.main:115] - [18:38:57] Redndı: False
2025-06-22 18:38:58,223 - map_video - DEBUG - [mapping_recorder.main:115] - [18:38:58] Redndı: False
2025-06-22 18:38:59,225 - map_video - DEBUG - [mapping_recorder.main:115] - [18:38:59] Redndı: False
2025-06-22 18:39:00,227 - map_video - DEBUG - [mapping_recorder.main:115] - [18:39:00] Redndı: False
2025-06-22 18:39:01,229 - map_video - DEBUG - [mapping_recorder.main:115] - [18:39:01] Redndı: False
2025-06-22 18:39:02,231 - map_video - DEBUG - [mapping_recorder.main:115] - [18:39:02] Redndı: False
2025-06-22 18:39:03,233 - map_video - DEBUG - [mapping_recorder.main:115] - [18:39:03] Redndı: False
2025-06-22 18:39:04,235 - map_video - DEBUG - [mapping_recorder.main:115] - [18:39:04] Redndı: False
2025-06-22 18:39:05,236 - map_video - DEBUG - [mapping_recorder.main:115] - [18:39:05] Redndı: False
2025-06-22 18:39:06,238 - map_video - DEBUG - [mapping_recorder.main:115] - [18:39:06] Redndı: False
2025-06-22 18:39:07,240 - map_video - DEBUG - [mapping_recorder.main:115] - [18:39:07] Redndı: False
2025-06-22 18:39:08,242 - map_video - DEBUG - [mapping_recorder.main:115] - [18:39:08] Redndı: False
2025-06-22 18:39:09,244 - map_video - DEBUG - [mapping_recorder.main:115] - [18:39:09] Redndı: False
2025-06-22 18:39:10,246 - map_video - DEBUG - [mapping_recorder.main:115] - [18:39:10] Redndı: False
2025-06-22 18:39:11,247 - map_video - DEBUG - [mapping_recorder.main:115] - [18:39:11] Redndı: False
2025-06-22 18:39:12,249 - map_video - DEBUG - [mapping_recorder.main:115] - [18:39:12] Redndı: False
2025-06-22 18:39:13,251 - map_video - DEBUG - [mapping_recorder.main:115] - [18:39:13] Redndı: False
2025-06-22 18:39:14,253 - map_video - DEBUG - [mapping_recorder.main:115] - [18:39:14] Redndı: False
2025-06-22 18:39:15,254 - map_video - DEBUG - [mapping_recorder.main:115] - [18:39:15] Redndı: False
2025-06-22 18:39:16,256 - map_video - DEBUG - [mapping_recorder.main:115] - [18:39:16] Redndı: False
2025-06-22 18:39:17,258 - map_video - DEBUG - [mapping_recorder.main:115] - [18:39:17] Redndı: False
2025-06-22 18:39:18,259 - map_video - DEBUG - [mapping_recorder.main:115] - [18:39:18] Redndı: False
2025-06-22 18:39:19,261 - map_video - DEBUG - [mapping_recorder.main:115] - [18:39:19] Redndı: False
2025-06-22 18:39:20,263 - map_video - DEBUG - [mapping_recorder.main:115] - [18:39:20] Redndı: False
2025-06-22 18:39:21,265 - map_video - DEBUG - [mapping_recorder.main:115] - [18:39:21] Redndı: False
2025-06-22 18:39:22,266 - map_video - DEBUG - [mapping_recorder.main:115] - [18:39:22] Redndı: False
2025-06-22 18:39:23,268 - map_video - DEBUG - [mapping_recorder.main:115] - [18:39:23] Redndı: False
2025-06-22 18:39:24,270 - map_video - DEBUG - [mapping_recorder.main:115] - [18:39:24] Redndı: False
2025-06-22 18:39:25,272 - map_video - DEBUG - [mapping_recorder.main:115] - [18:39:25] Redndı: False
2025-06-22 18:39:26,274 - map_video - DEBUG - [mapping_recorder.main:115] - [18:39:26] Redndı: False
2025-06-22 18:39:27,275 - map_video - DEBUG - [mapping_recorder.main:115] - [18:39:27] Redndı: False
2025-06-22 18:39:28,277 - map_video - DEBUG - [mapping_recorder.main:115] - [18:39:28] Redndı: False
2025-06-22 18:39:29,279 - map_video - DEBUG - [mapping_recorder.main:115] - [18:39:29] Redndı: False
2025-06-22 18:39:30,281 - map_video - DEBUG - [mapping_recorder.main:115] - [18:39:30] Redndı: False
2025-06-22 18:39:31,282 - map_video - DEBUG - [mapping_recorder.main:115] - [18:39:31] Redndı: False
2025-06-22 18:39:32,284 - map_video - DEBUG - [mapping_recorder.main:115] - [18:39:32] Redndı: False
2025-06-22 18:39:33,286 - map_video - DEBUG - [mapping_recorder.main:115] - [18:39:33] Redndı: False
2025-06-22 18:39:34,288 - map_video - DEBUG - [mapping_recorder.main:115] - [18:39:34] Redndı: False
2025-06-22 18:39:35,290 - map_video - DEBUG - [mapping_recorder.main:115] - [18:39:35] Redndı: False
2025-06-22 18:39:36,291 - map_video - DEBUG - [mapping_recorder.main:115] - [18:39:36] Redndı: False
2025-06-22 18:39:37,293 - map_video - DEBUG - [mapping_recorder.main:115] - [18:39:37] Redndı: False
2025-06-22 18:39:38,295 - map_video - DEBUG - [mapping_recorder.main:115] - [18:39:38] Redndı: False
2025-06-22 18:39:39,297 - map_video - DEBUG - [mapping_recorder.main:115] - [18:39:39] Redndı: False
2025-06-22 18:39:40,299 - map_video - DEBUG - [mapping_recorder.main:115] - [18:39:40] Redndı: False
2025-06-22 18:39:41,300 - map_video - DEBUG - [mapping_recorder.main:115] - [18:39:41] Redndı: False
2025-06-22 18:39:42,302 - map_video - DEBUG - [mapping_recorder.main:115] - [18:39:42] Redndı: False
2025-06-22 18:39:43,304 - map_video - DEBUG - [mapping_recorder.main:115] - [18:39:43] Redndı: False
2025-06-22 18:39:44,306 - map_video - DEBUG - [mapping_recorder.main:115] - [18:39:44] Redndı: False
2025-06-22 18:39:45,307 - map_video - DEBUG - [mapping_recorder.main:115] - [18:39:45] Redndı: False
2025-06-22 18:39:46,309 - map_video - DEBUG - [mapping_recorder.main:115] - [18:39:46] Redndı: False
2025-06-22 18:39:47,311 - map_video - DEBUG - [mapping_recorder.main:115] - [18:39:47] Redndı: False
2025-06-22 18:39:48,313 - map_video - DEBUG - [mapping_recorder.main:115] - [18:39:48] Redndı: False
2025-06-22 18:39:49,314 - map_video - DEBUG - [mapping_recorder.main:115] - [18:39:49] Redndı: False
2025-06-22 18:39:50,315 - map_video - DEBUG - [mapping_recorder.main:115] - [18:39:50] Redndı: False
2025-06-22 18:39:51,317 - map_video - DEBUG - [mapping_recorder.main:115] - [18:39:51] Redndı: False
2025-06-22 18:39:52,319 - map_video - DEBUG - [mapping_recorder.main:115] - [18:39:52] Redndı: False
2025-06-22 18:39:53,321 - map_video - DEBUG - [mapping_recorder.main:115] - [18:39:53] Redndı: False
2025-06-22 18:39:54,323 - map_video - DEBUG - [mapping_recorder.main:115] - [18:39:54] Redndı: False
2025-06-22 18:39:55,324 - map_video - DEBUG - [mapping_recorder.main:115] - [18:39:55] Redndı: False
2025-06-22 18:39:56,326 - map_video - DEBUG - [mapping_recorder.main:115] - [18:39:56] Redndı: False
2025-06-22 18:39:57,327 - map_video - DEBUG - [mapping_recorder.main:115] - [18:39:57] Redndı: False
2025-06-22 18:39:58,329 - map_video - DEBUG - [mapping_recorder.main:115] - [18:39:58] Redndı: False
2025-06-22 18:39:59,331 - map_video - DEBUG - [mapping_recorder.main:115] - [18:39:59] Redndı: False
2025-06-22 18:40:00,333 - map_video - DEBUG - [mapping_recorder.main:115] - [18:40:00] Redndı: False
2025-06-22 18:40:01,335 - map_video - DEBUG - [mapping_recorder.main:115] - [18:40:01] Redndı: False
2025-06-22 18:40:02,336 - map_video - DEBUG - [mapping_recorder.main:115] - [18:40:02] Redndı: False
2025-06-22 18:40:03,338 - map_video - DEBUG - [mapping_recorder.main:115] - [18:40:03] Redndı: False
2025-06-22 18:40:04,339 - map_video - DEBUG - [mapping_recorder.main:115] - [18:40:04] Redndı: False
2025-06-22 18:40:05,341 - map_video - DEBUG - [mapping_recorder.main:115] - [18:40:05] Redndı: False
2025-06-22 18:40:06,343 - map_video - DEBUG - [mapping_recorder.main:115] - [18:40:06] Redndı: False
2025-06-22 18:40:07,345 - map_video - DEBUG - [mapping_recorder.main:115] - [18:40:07] Redndı: False
2025-06-22 18:40:08,347 - map_video - DEBUG - [mapping_recorder.main:115] - [18:40:08] Redndı: False
2025-06-22 18:40:09,349 - map_video - DEBUG - [mapping_recorder.main:115] - [18:40:09] Redndı: False
2025-06-22 18:40:10,351 - map_video - DEBUG - [mapping_recorder.main:115] - [18:40:10] Redndı: False
2025-06-22 18:40:11,353 - map_video - DEBUG - [mapping_recorder.main:115] - [18:40:11] Redndı: False
2025-06-22 18:40:12,355 - map_video - DEBUG - [mapping_recorder.main:115] - [18:40:12] Redndı: False
2025-06-22 18:40:13,356 - map_video - DEBUG - [mapping_recorder.main:115] - [18:40:13] Redndı: False
2025-06-22 18:40:14,358 - map_video - DEBUG - [mapping_recorder.main:115] - [18:40:14] Redndı: False
2025-06-22 18:40:15,360 - map_video - DEBUG - [mapping_recorder.main:115] - [18:40:15] Redndı: False
2025-06-22 18:40:16,362 - map_video - DEBUG - [mapping_recorder.main:115] - [18:40:16] Redndı: False
2025-06-22 18:40:17,363 - map_video - DEBUG - [mapping_recorder.main:115] - [18:40:17] Redndı: False
2025-06-22 18:40:18,365 - map_video - DEBUG - [mapping_recorder.main:115] - [18:40:18] Redndı: False
2025-06-22 18:40:19,367 - map_video - DEBUG - [mapping_recorder.main:115] - [18:40:19] Redndı: False
2025-06-22 18:40:20,369 - map_video - DEBUG - [mapping_recorder.main:115] - [18:40:20] Redndı: False
2025-06-22 18:40:21,371 - map_video - DEBUG - [mapping_recorder.main:115] - [18:40:21] Redndı: False
2025-06-22 18:40:22,373 - map_video - DEBUG - [mapping_recorder.main:115] - [18:40:22] Redndı: False
2025-06-22 18:40:23,375 - map_video - DEBUG - [mapping_recorder.main:115] - [18:40:23] Redndı: False
2025-06-22 18:40:24,376 - map_video - DEBUG - [mapping_recorder.main:115] - [18:40:24] Redndı: False
2025-06-22 18:40:25,378 - map_video - DEBUG - [mapping_recorder.main:115] - [18:40:25] Redndı: False
2025-06-22 18:40:26,380 - map_video - DEBUG - [mapping_recorder.main:115] - [18:40:26] Redndı: False
2025-06-22 18:40:27,382 - map_video - DEBUG - [mapping_recorder.main:115] - [18:40:27] Redndı: False
2025-06-22 18:40:28,384 - map_video - DEBUG - [mapping_recorder.main:115] - [18:40:28] Redndı: False
2025-06-22 18:40:29,386 - map_video - DEBUG - [mapping_recorder.main:115] - [18:40:29] Redndı: False
2025-06-22 18:40:30,387 - map_video - DEBUG - [mapping_recorder.main:115] - [18:40:30] Redndı: False
2025-06-22 18:40:31,389 - map_video - DEBUG - [mapping_recorder.main:115] - [18:40:31] Redndı: False
2025-06-22 18:40:32,391 - map_video - DEBUG - [mapping_recorder.main:115] - [18:40:32] Redndı: False
2025-06-22 18:40:33,393 - map_video - DEBUG - [mapping_recorder.main:115] - [18:40:33] Redndı: False
2025-06-22 18:40:34,395 - map_video - DEBUG - [mapping_recorder.main:115] - [18:40:34] Redndı: False
2025-06-22 18:40:35,396 - map_video - DEBUG - [mapping_recorder.main:115] - [18:40:35] Redndı: False
2025-06-22 18:40:36,398 - map_video - DEBUG - [mapping_recorder.main:115] - [18:40:36] Redndı: False
2025-06-22 18:40:37,399 - map_video - DEBUG - [mapping_recorder.main:115] - [18:40:37] Redndı: False
2025-06-22 18:40:38,401 - map_video - DEBUG - [mapping_recorder.main:115] - [18:40:38] Redndı: False
2025-06-22 18:40:39,403 - map_video - DEBUG - [mapping_recorder.main:115] - [18:40:39] Redndı: False
2025-06-22 18:40:40,404 - map_video - DEBUG - [mapping_recorder.main:115] - [18:40:40] Redndı: False
2025-06-22 18:40:41,406 - map_video - DEBUG - [mapping_recorder.main:115] - [18:40:41] Redndı: False
2025-06-22 18:40:42,407 - map_video - DEBUG - [mapping_recorder.main:115] - [18:40:42] Redndı: False
2025-06-22 18:40:43,409 - map_video - DEBUG - [mapping_recorder.main:115] - [18:40:43] Redndı: False
2025-06-22 18:40:44,411 - map_video - DEBUG - [mapping_recorder.main:115] - [18:40:44] Redndı: False
2025-06-22 18:40:45,413 - map_video - DEBUG - [mapping_recorder.main:115] - [18:40:45] Redndı: False
2025-06-22 18:40:46,415 - map_video - DEBUG - [mapping_recorder.main:115] - [18:40:46] Redndı: False
2025-06-22 18:40:47,417 - map_video - DEBUG - [mapping_recorder.main:115] - [18:40:47] Redndı: False
2025-06-22 18:40:48,419 - map_video - DEBUG - [mapping_recorder.main:115] - [18:40:48] Redndı: False
2025-06-22 18:40:49,421 - map_video - DEBUG - [mapping_recorder.main:115] - [18:40:49] Redndı: False
2025-06-22 18:40:50,422 - map_video - DEBUG - [mapping_recorder.main:115] - [18:40:50] Redndı: False
2025-06-22 18:40:51,423 - map_video - DEBUG - [mapping_recorder.main:115] - [18:40:51] Redndı: False
2025-06-22 18:40:52,425 - map_video - DEBUG - [mapping_recorder.main:115] - [18:40:52] Redndı: False
2025-06-22 18:40:53,427 - map_video - DEBUG - [mapping_recorder.main:115] - [18:40:53] Redndı: False
2025-06-22 18:40:54,429 - map_video - DEBUG - [mapping_recorder.main:115] - [18:40:54] Redndı: False
2025-06-22 18:40:55,431 - map_video - DEBUG - [mapping_recorder.main:115] - [18:40:55] Redndı: False
2025-06-22 18:40:56,433 - map_video - DEBUG - [mapping_recorder.main:115] - [18:40:56] Redndı: False
2025-06-22 18:40:57,435 - map_video - DEBUG - [mapping_recorder.main:115] - [18:40:57] Redndı: False
2025-06-22 18:40:58,436 - map_video - DEBUG - [mapping_recorder.main:115] - [18:40:58] Redndı: False
2025-06-22 18:40:59,438 - map_video - DEBUG - [mapping_recorder.main:115] - [18:40:59] Redndı: False
2025-06-22 18:41:00,439 - map_video - DEBUG - [mapping_recorder.main:115] - [18:41:00] Redndı: False
2025-06-22 18:41:01,441 - map_video - DEBUG - [mapping_recorder.main:115] - [18:41:01] Redndı: False
2025-06-22 18:41:02,443 - map_video - DEBUG - [mapping_recorder.main:115] - [18:41:02] Redndı: False
2025-06-22 18:41:03,445 - map_video - DEBUG - [mapping_recorder.main:115] - [18:41:03] Redndı: False
2025-06-22 18:41:04,446 - map_video - DEBUG - [mapping_recorder.main:115] - [18:41:04] Redndı: False
2025-06-22 18:41:05,448 - map_video - DEBUG - [mapping_recorder.main:115] - [18:41:05] Redndı: False
2025-06-22 18:41:06,450 - map_video - DEBUG - [mapping_recorder.main:115] - [18:41:06] Redndı: False
2025-06-22 18:41:07,451 - map_video - DEBUG - [mapping_recorder.main:115] - [18:41:07] Redndı: False
2025-06-22 18:41:08,453 - map_video - DEBUG - [mapping_recorder.main:115] - [18:41:08] Redndı: False
2025-06-22 18:41:09,455 - map_video - DEBUG - [mapping_recorder.main:115] - [18:41:09] Redndı: False
2025-06-22 18:41:10,457 - map_video - DEBUG - [mapping_recorder.main:115] - [18:41:10] Redndı: False
2025-06-22 18:41:11,459 - map_video - DEBUG - [mapping_recorder.main:115] - [18:41:11] Redndı: False
2025-06-22 18:41:12,460 - map_video - DEBUG - [mapping_recorder.main:115] - [18:41:12] Redndı: False
2025-06-22 18:41:13,462 - map_video - DEBUG - [mapping_recorder.main:115] - [18:41:13] Redndı: False
2025-06-22 18:41:14,464 - map_video - DEBUG - [mapping_recorder.main:115] - [18:41:14] Redndı: False
2025-06-22 18:41:15,466 - map_video - DEBUG - [mapping_recorder.main:115] - [18:41:15] Redndı: False
2025-06-22 18:41:16,467 - map_video - DEBUG - [mapping_recorder.main:115] - [18:41:16] Redndı: False
2025-06-22 18:41:17,469 - map_video - DEBUG - [mapping_recorder.main:115] - [18:41:17] Redndı: False
2025-06-22 18:41:18,471 - map_video - DEBUG - [mapping_recorder.main:115] - [18:41:18] Redndı: False
2025-06-22 18:41:19,473 - map_video - DEBUG - [mapping_recorder.main:115] - [18:41:19] Redndı: False
2025-06-22 18:41:20,475 - map_video - DEBUG - [mapping_recorder.main:115] - [18:41:20] Redndı: False
2025-06-22 18:41:21,476 - map_video - DEBUG - [mapping_recorder.main:115] - [18:41:21] Redndı: False
2025-06-22 18:41:22,478 - map_video - DEBUG - [mapping_recorder.main:115] - [18:41:22] Redndı: False
2025-06-22 18:41:23,480 - map_video - DEBUG - [mapping_recorder.main:115] - [18:41:23] Redndı: False
2025-06-22 18:41:24,482 - map_video - DEBUG - [mapping_recorder.main:115] - [18:41:24] Redndı: False
2025-06-22 18:41:25,483 - map_video - DEBUG - [mapping_recorder.main:115] - [18:41:25] Redndı: False
2025-06-22 18:41:26,485 - map_video - DEBUG - [mapping_recorder.main:115] - [18:41:26] Redndı: False
2025-06-22 18:41:27,487 - map_video - DEBUG - [mapping_recorder.main:115] - [18:41:27] Redndı: False
2025-06-22 18:41:28,489 - map_video - DEBUG - [mapping_recorder.main:115] - [18:41:28] Redndı: False
2025-06-22 18:41:29,490 - map_video - DEBUG - [mapping_recorder.main:115] - [18:41:29] Redndı: False
2025-06-22 18:41:30,492 - map_video - DEBUG - [mapping_recorder.main:115] - [18:41:30] Redndı: False
2025-06-22 18:41:31,494 - map_video - DEBUG - [mapping_recorder.main:115] - [18:41:31] Redndı: False
2025-06-22 18:41:32,495 - map_video - DEBUG - [mapping_recorder.main:115] - [18:41:32] Redndı: False
2025-06-22 18:41:33,497 - map_video - DEBUG - [mapping_recorder.main:115] - [18:41:33] Redndı: False
2025-06-22 18:41:34,499 - map_video - DEBUG - [mapping_recorder.main:115] - [18:41:34] Redndı: False
2025-06-22 18:41:35,501 - map_video - DEBUG - [mapping_recorder.main:115] - [18:41:35] Redndı: False
2025-06-22 18:41:36,502 - map_video - DEBUG - [mapping_recorder.main:115] - [18:41:36] Redndı: False
2025-06-22 18:41:37,504 - map_video - DEBUG - [mapping_recorder.main:115] - [18:41:37] Redndı: False
2025-06-22 18:41:38,506 - map_video - DEBUG - [mapping_recorder.main:115] - [18:41:38] Redndı: False
2025-06-22 18:41:39,508 - map_video - DEBUG - [mapping_recorder.main:115] - [18:41:39] Redndı: False
2025-06-22 18:41:40,510 - map_video - DEBUG - [mapping_recorder.main:115] - [18:41:40] Redndı: False
2025-06-22 18:41:41,511 - map_video - DEBUG - [mapping_recorder.main:115] - [18:41:41] Redndı: False
2025-06-22 18:41:42,513 - map_video - DEBUG - [mapping_recorder.main:115] - [18:41:42] Redndı: False
2025-06-22 18:41:43,547 - map_video - DEBUG - [mapping_recorder.main:115] - [18:41:43] Redndı: False
2025-06-22 18:41:44,549 - map_video - DEBUG - [mapping_recorder.main:115] - [18:41:44] Redndı: False
2025-06-22 18:41:45,551 - map_video - DEBUG - [mapping_recorder.main:115] - [18:41:45] Redndı: False
2025-06-22 18:41:46,553 - map_video - DEBUG - [mapping_recorder.main:115] - [18:41:46] Redndı: False
2025-06-22 18:41:47,555 - map_video - DEBUG - [mapping_recorder.main:115] - [18:41:47] Redndı: False
2025-06-22 18:41:48,589 - map_video - DEBUG - [mapping_recorder.main:115] - [18:41:48] Redndı: False
2025-06-22 18:41:49,591 - map_video - DEBUG - [mapping_recorder.main:115] - [18:41:49] Redndı: False
2025-06-22 18:41:50,593 - map_video - DEBUG - [mapping_recorder.main:115] - [18:41:50] Redndı: False
2025-06-22 18:41:51,595 - map_video - DEBUG - [mapping_recorder.main:115] - [18:41:51] Redndı: False
2025-06-22 18:41:52,596 - map_video - DEBUG - [mapping_recorder.main:115] - [18:41:52] Redndı: False
2025-06-22 18:41:53,598 - map_video - DEBUG - [mapping_recorder.main:115] - [18:41:53] Redndı: False
2025-06-22 18:41:54,600 - map_video - DEBUG - [mapping_recorder.main:115] - [18:41:54] Redndı: False
2025-06-22 18:41:55,602 - map_video - DEBUG - [mapping_recorder.main:115] - [18:41:55] Redndı: False
2025-06-22 18:41:56,603 - map_video - DEBUG - [mapping_recorder.main:115] - [18:41:56] Redndı: False
2025-06-22 18:41:57,605 - map_video - DEBUG - [mapping_recorder.main:115] - [18:41:57] Redndı: False
2025-06-22 18:41:58,607 - map_video - DEBUG - [mapping_recorder.main:115] - [18:41:58] Redndı: False
2025-06-22 18:41:59,609 - map_video - DEBUG - [mapping_recorder.main:115] - [18:41:59] Redndı: False
2025-06-22 18:42:00,610 - map_video - DEBUG - [mapping_recorder.main:115] - [18:42:00] Redndı: False
2025-06-22 18:42:01,612 - map_video - DEBUG - [mapping_recorder.main:115] - [18:42:01] Redndı: False
2025-06-22 18:42:02,614 - map_video - DEBUG - [mapping_recorder.main:115] - [18:42:02] Redndı: False
2025-06-22 18:42:03,615 - map_video - DEBUG - [mapping_recorder.main:115] - [18:42:03] Redndı: False
2025-06-22 18:42:04,617 - map_video - DEBUG - [mapping_recorder.main:115] - [18:42:04] Redndı: False
2025-06-22 18:42:05,619 - map_video - DEBUG - [mapping_recorder.main:115] - [18:42:05] Redndı: False
2025-06-22 18:42:06,621 - map_video - DEBUG - [mapping_recorder.main:115] - [18:42:06] Redndı: False
2025-06-22 18:42:07,622 - map_video - DEBUG - [mapping_recorder.main:115] - [18:42:07] Redndı: False
2025-06-22 18:42:08,624 - map_video - DEBUG - [mapping_recorder.main:115] - [18:42:08] Redndı: False
2025-06-22 18:42:09,626 - map_video - DEBUG - [mapping_recorder.main:115] - [18:42:09] Redndı: False
2025-06-22 18:42:10,627 - map_video - DEBUG - [mapping_recorder.main:115] - [18:42:10] Redndı: False
2025-06-22 18:42:11,629 - map_video - DEBUG - [mapping_recorder.main:115] - [18:42:11] Redndı: False
2025-06-22 18:42:12,631 - map_video - DEBUG - [mapping_recorder.main:115] - [18:42:12] Redndı: False
2025-06-22 18:42:13,632 - map_video - DEBUG - [mapping_recorder.main:115] - [18:42:13] Redndı: False
2025-06-22 18:42:14,634 - map_video - DEBUG - [mapping_recorder.main:115] - [18:42:14] Redndı: False
2025-06-22 18:42:15,636 - map_video - DEBUG - [mapping_recorder.main:115] - [18:42:15] Redndı: False
2025-06-22 18:42:16,637 - map_video - DEBUG - [mapping_recorder.main:115] - [18:42:16] Redndı: False
2025-06-22 18:42:17,639 - map_video - DEBUG - [mapping_recorder.main:115] - [18:42:17] Redndı: False
2025-06-22 18:42:18,641 - map_video - DEBUG - [mapping_recorder.main:115] - [18:42:18] Redndı: False
2025-06-22 18:42:19,643 - map_video - DEBUG - [mapping_recorder.main:115] - [18:42:19] Redndı: False
2025-06-22 18:42:20,645 - map_video - DEBUG - [mapping_recorder.main:115] - [18:42:20] Redndı: False
2025-06-22 18:42:21,646 - map_video - DEBUG - [mapping_recorder.main:115] - [18:42:21] Redndı: False
2025-06-22 18:42:22,648 - map_video - DEBUG - [mapping_recorder.main:115] - [18:42:22] Redndı: False
2025-06-22 18:42:23,650 - map_video - DEBUG - [mapping_recorder.main:115] - [18:42:23] Redndı: False
2025-06-22 18:42:24,651 - map_video - DEBUG - [mapping_recorder.main:115] - [18:42:24] Redndı: False
2025-06-22 18:42:25,653 - map_video - DEBUG - [mapping_recorder.main:115] - [18:42:25] Redndı: False
2025-06-22 18:42:26,655 - map_video - DEBUG - [mapping_recorder.main:115] - [18:42:26] Redndı: False
2025-06-22 18:42:27,657 - map_video - DEBUG - [mapping_recorder.main:115] - [18:42:27] Redndı: False
2025-06-22 18:42:28,658 - map_video - DEBUG - [mapping_recorder.main:115] - [18:42:28] Redndı: False
2025-06-22 18:42:29,660 - map_video - DEBUG - [mapping_recorder.main:115] - [18:42:29] Redndı: False
2025-06-22 18:42:30,662 - map_video - DEBUG - [mapping_recorder.main:115] - [18:42:30] Redndı: False
2025-06-22 18:42:31,663 - map_video - DEBUG - [mapping_recorder.main:115] - [18:42:31] Redndı: False
2025-06-22 18:42:32,665 - map_video - DEBUG - [mapping_recorder.main:115] - [18:42:32] Redndı: False
2025-06-22 18:42:33,667 - map_video - DEBUG - [mapping_recorder.main:115] - [18:42:33] Redndı: False
2025-06-22 18:42:34,668 - map_video - DEBUG - [mapping_recorder.main:115] - [18:42:34] Redndı: False
2025-06-22 18:42:35,670 - map_video - DEBUG - [mapping_recorder.main:115] - [18:42:35] Redndı: False
2025-06-22 18:42:36,672 - map_video - DEBUG - [mapping_recorder.main:115] - [18:42:36] Redndı: False
2025-06-22 18:42:37,674 - map_video - DEBUG - [mapping_recorder.main:115] - [18:42:37] Redndı: False
2025-06-22 18:42:38,675 - map_video - DEBUG - [mapping_recorder.main:115] - [18:42:38] Redndı: False
2025-06-22 18:42:39,677 - map_video - DEBUG - [mapping_recorder.main:115] - [18:42:39] Redndı: False
2025-06-22 18:42:40,679 - map_video - DEBUG - [mapping_recorder.main:115] - [18:42:40] Redndı: False
2025-06-22 18:42:41,680 - map_video - DEBUG - [mapping_recorder.main:115] - [18:42:41] Redndı: False
2025-06-22 18:42:42,682 - map_video - DEBUG - [mapping_recorder.main:115] - [18:42:42] Redndı: False
2025-06-22 18:42:43,684 - map_video - DEBUG - [mapping_recorder.main:115] - [18:42:43] Redndı: False
2025-06-22 18:42:44,686 - map_video - DEBUG - [mapping_recorder.main:115] - [18:42:44] Redndı: False
2025-06-22 18:42:45,687 - map_video - DEBUG - [mapping_recorder.main:115] - [18:42:45] Redndı: False
2025-06-22 18:42:46,689 - map_video - DEBUG - [mapping_recorder.main:115] - [18:42:46] Redndı: False
2025-06-22 18:42:47,691 - map_video - DEBUG - [mapping_recorder.main:115] - [18:42:47] Redndı: False
2025-06-22 18:42:48,693 - map_video - DEBUG - [mapping_recorder.main:115] - [18:42:48] Redndı: False
2025-06-22 18:42:49,694 - map_video - DEBUG - [mapping_recorder.main:115] - [18:42:49] Redndı: False
2025-06-22 18:42:50,696 - map_video - DEBUG - [mapping_recorder.main:115] - [18:42:50] Redndı: False
2025-06-22 18:42:51,698 - map_video - DEBUG - [mapping_recorder.main:115] - [18:42:51] Redndı: False
2025-06-22 18:42:52,699 - map_video - DEBUG - [mapping_recorder.main:115] - [18:42:52] Redndı: False
2025-06-22 18:42:53,701 - map_video - DEBUG - [mapping_recorder.main:115] - [18:42:53] Redndı: False
2025-06-22 18:42:54,703 - map_video - DEBUG - [mapping_recorder.main:115] - [18:42:54] Redndı: False
2025-06-22 18:42:55,705 - map_video - DEBUG - [mapping_recorder.main:115] - [18:42:55] Redndı: False
2025-06-22 18:42:56,707 - map_video - DEBUG - [mapping_recorder.main:115] - [18:42:56] Redndı: False
2025-06-22 18:42:57,708 - map_video - DEBUG - [mapping_recorder.main:115] - [18:42:57] Redndı: False
2025-06-22 18:42:58,710 - map_video - DEBUG - [mapping_recorder.main:115] - [18:42:58] Redndı: False
2025-06-22 18:42:59,712 - map_video - DEBUG - [mapping_recorder.main:115] - [18:42:59] Redndı: False
2025-06-22 18:43:00,714 - map_video - DEBUG - [mapping_recorder.main:115] - [18:43:00] Redndı: False
2025-06-22 18:43:01,715 - map_video - DEBUG - [mapping_recorder.main:115] - [18:43:01] Redndı: False
2025-06-22 18:43:02,717 - map_video - DEBUG - [mapping_recorder.main:115] - [18:43:02] Redndı: False
2025-06-22 18:43:03,719 - map_video - DEBUG - [mapping_recorder.main:115] - [18:43:03] Redndı: False
2025-06-22 18:43:04,721 - map_video - DEBUG - [mapping_recorder.main:115] - [18:43:04] Redndı: False
2025-06-22 18:43:05,723 - map_video - DEBUG - [mapping_recorder.main:115] - [18:43:05] Redndı: False
2025-06-22 18:43:06,725 - map_video - DEBUG - [mapping_recorder.main:115] - [18:43:06] Redndı: False
2025-06-22 18:43:07,726 - map_video - DEBUG - [mapping_recorder.main:115] - [18:43:07] Redndı: False
2025-06-22 18:43:08,728 - map_video - DEBUG - [mapping_recorder.main:115] - [18:43:08] Redndı: False
2025-06-22 18:43:09,730 - map_video - DEBUG - [mapping_recorder.main:115] - [18:43:09] Redndı: False
2025-06-22 18:43:10,731 - map_video - DEBUG - [mapping_recorder.main:115] - [18:43:10] Redndı: False
2025-06-22 18:43:11,733 - map_video - DEBUG - [mapping_recorder.main:115] - [18:43:11] Redndı: False
2025-06-22 18:43:12,735 - map_video - DEBUG - [mapping_recorder.main:115] - [18:43:12] Redndı: False
2025-06-22 18:43:13,737 - map_video - DEBUG - [mapping_recorder.main:115] - [18:43:13] Redndı: False
2025-06-22 18:43:14,739 - map_video - DEBUG - [mapping_recorder.main:115] - [18:43:14] Redndı: False
2025-06-22 18:43:15,741 - map_video - DEBUG - [mapping_recorder.main:115] - [18:43:15] Redndı: False
2025-06-22 18:43:16,742 - map_video - DEBUG - [mapping_recorder.main:115] - [18:43:16] Redndı: False
2025-06-22 18:43:17,744 - map_video - DEBUG - [mapping_recorder.main:115] - [18:43:17] Redndı: False
2025-06-22 18:43:18,746 - map_video - DEBUG - [mapping_recorder.main:115] - [18:43:18] Redndı: False
2025-06-22 18:43:19,747 - map_video - DEBUG - [mapping_recorder.main:115] - [18:43:19] Redndı: False
2025-06-22 18:43:20,749 - map_video - DEBUG - [mapping_recorder.main:115] - [18:43:20] Redndı: False
2025-06-22 18:43:21,751 - map_video - DEBUG - [mapping_recorder.main:115] - [18:43:21] Redndı: False
2025-06-22 18:43:22,753 - map_video - DEBUG - [mapping_recorder.main:115] - [18:43:22] Redndı: False
2025-06-22 18:43:23,754 - map_video - DEBUG - [mapping_recorder.main:115] - [18:43:23] Redndı: False
2025-06-22 18:43:24,756 - map_video - DEBUG - [mapping_recorder.main:115] - [18:43:24] Redndı: False
2025-06-22 18:43:25,758 - map_video - DEBUG - [mapping_recorder.main:115] - [18:43:25] Redndı: False
2025-06-22 18:43:26,760 - map_video - DEBUG - [mapping_recorder.main:115] - [18:43:26] Redndı: False
2025-06-22 18:43:27,762 - map_video - DEBUG - [mapping_recorder.main:115] - [18:43:27] Redndı: False
2025-06-22 18:43:28,763 - map_video - DEBUG - [mapping_recorder.main:115] - [18:43:28] Redndı: False
2025-06-22 18:43:29,765 - map_video - DEBUG - [mapping_recorder.main:115] - [18:43:29] Redndı: False
2025-06-22 18:43:30,767 - map_video - DEBUG - [mapping_recorder.main:115] - [18:43:30] Redndı: False
2025-06-22 18:43:31,769 - map_video - DEBUG - [mapping_recorder.main:115] - [18:43:31] Redndı: False
2025-06-22 18:43:32,771 - map_video - DEBUG - [mapping_recorder.main:115] - [18:43:32] Redndı: False
2025-06-22 18:43:33,772 - map_video - DEBUG - [mapping_recorder.main:115] - [18:43:33] Redndı: False
2025-06-22 18:43:34,774 - map_video - DEBUG - [mapping_recorder.main:115] - [18:43:34] Redndı: False
2025-06-22 18:43:35,775 - map_video - DEBUG - [mapping_recorder.main:115] - [18:43:35] Redndı: False
2025-06-22 18:43:36,777 - map_video - DEBUG - [mapping_recorder.main:115] - [18:43:36] Redndı: False
2025-06-22 18:43:37,779 - map_video - DEBUG - [mapping_recorder.main:115] - [18:43:37] Redndı: False
2025-06-22 18:43:38,781 - map_video - DEBUG - [mapping_recorder.main:115] - [18:43:38] Redndı: False
2025-06-22 18:43:39,782 - map_video - DEBUG - [mapping_recorder.main:115] - [18:43:39] Redndı: False
2025-06-22 18:43:40,784 - map_video - DEBUG - [mapping_recorder.main:115] - [18:43:40] Redndı: False
2025-06-22 18:43:41,786 - map_video - DEBUG - [mapping_recorder.main:115] - [18:43:41] Redndı: False
2025-06-22 18:43:42,788 - map_video - DEBUG - [mapping_recorder.main:115] - [18:43:42] Redndı: False
2025-06-22 18:43:43,790 - map_video - DEBUG - [mapping_recorder.main:115] - [18:43:43] Redndı: False
2025-06-22 18:43:44,791 - map_video - DEBUG - [mapping_recorder.main:115] - [18:43:44] Redndı: False
2025-06-22 18:43:45,792 - map_video - DEBUG - [mapping_recorder.main:115] - [18:43:45] Redndı: False
2025-06-22 18:43:46,794 - map_video - DEBUG - [mapping_recorder.main:115] - [18:43:46] Redndı: False
2025-06-22 18:43:47,795 - map_video - DEBUG - [mapping_recorder.main:115] - [18:43:47] Redndı: False
2025-06-22 18:43:48,797 - map_video - DEBUG - [mapping_recorder.main:115] - [18:43:48] Redndı: False
2025-06-22 18:43:49,799 - map_video - DEBUG - [mapping_recorder.main:115] - [18:43:49] Redndı: False
2025-06-22 18:43:50,800 - map_video - DEBUG - [mapping_recorder.main:115] - [18:43:50] Redndı: False
2025-06-22 18:43:51,802 - map_video - DEBUG - [mapping_recorder.main:115] - [18:43:51] Redndı: False
2025-06-22 18:43:52,803 - map_video - DEBUG - [mapping_recorder.main:115] - [18:43:52] Redndı: False
2025-06-22 18:43:53,805 - map_video - DEBUG - [mapping_recorder.main:115] - [18:43:53] Redndı: False
2025-06-22 18:43:54,807 - map_video - DEBUG - [mapping_recorder.main:115] - [18:43:54] Redndı: False
2025-06-22 18:43:55,808 - map_video - DEBUG - [mapping_recorder.main:115] - [18:43:55] Redndı: False
2025-06-22 18:43:56,810 - map_video - DEBUG - [mapping_recorder.main:115] - [18:43:56] Redndı: False
2025-06-22 18:43:57,811 - map_video - DEBUG - [mapping_recorder.main:115] - [18:43:57] Redndı: False
2025-06-22 18:43:58,813 - map_video - DEBUG - [mapping_recorder.main:115] - [18:43:58] Redndı: False
2025-06-22 18:43:59,815 - map_video - DEBUG - [mapping_recorder.main:115] - [18:43:59] Redndı: False
2025-06-22 18:44:00,817 - map_video - DEBUG - [mapping_recorder.main:115] - [18:44:00] Redndı: False
2025-06-22 18:44:01,819 - map_video - DEBUG - [mapping_recorder.main:115] - [18:44:01] Redndı: False
2025-06-22 18:44:02,820 - map_video - DEBUG - [mapping_recorder.main:115] - [18:44:02] Redndı: False
2025-06-22 18:44:03,822 - map_video - DEBUG - [mapping_recorder.main:115] - [18:44:03] Redndı: False
2025-06-22 18:44:04,823 - map_video - DEBUG - [mapping_recorder.main:115] - [18:44:04] Redndı: False
2025-06-22 18:44:05,825 - map_video - DEBUG - [mapping_recorder.main:115] - [18:44:05] Redndı: False
2025-06-22 18:44:06,827 - map_video - DEBUG - [mapping_recorder.main:115] - [18:44:06] Redndı: False
2025-06-22 18:44:07,828 - map_video - DEBUG - [mapping_recorder.main:115] - [18:44:07] Redndı: False
2025-06-22 18:44:08,830 - map_video - DEBUG - [mapping_recorder.main:115] - [18:44:08] Redndı: False
2025-06-22 18:44:09,831 - map_video - DEBUG - [mapping_recorder.main:115] - [18:44:09] Redndı: False
2025-06-22 18:44:10,833 - map_video - DEBUG - [mapping_recorder.main:115] - [18:44:10] Redndı: False
2025-06-22 18:44:11,835 - map_video - DEBUG - [mapping_recorder.main:115] - [18:44:11] Redndı: False
2025-06-22 18:44:12,836 - map_video - DEBUG - [mapping_recorder.main:115] - [18:44:12] Redndı: False
2025-06-22 18:44:13,838 - map_video - DEBUG - [mapping_recorder.main:115] - [18:44:13] Redndı: False
2025-06-22 18:44:14,840 - map_video - DEBUG - [mapping_recorder.main:115] - [18:44:14] Redndı: False
2025-06-22 18:44:15,841 - map_video - DEBUG - [mapping_recorder.main:115] - [18:44:15] Redndı: False
2025-06-22 18:44:16,843 - map_video - DEBUG - [mapping_recorder.main:115] - [18:44:16] Redndı: False
2025-06-22 18:44:17,845 - map_video - DEBUG - [mapping_recorder.main:115] - [18:44:17] Redndı: False
2025-06-22 18:44:18,847 - map_video - DEBUG - [mapping_recorder.main:115] - [18:44:18] Redndı: False
2025-06-22 18:44:19,849 - map_video - DEBUG - [mapping_recorder.main:115] - [18:44:19] Redndı: False
2025-06-22 18:44:20,850 - map_video - DEBUG - [mapping_recorder.main:115] - [18:44:20] Redndı: False
2025-06-22 18:44:21,852 - map_video - DEBUG - [mapping_recorder.main:115] - [18:44:21] Redndı: False
2025-06-22 18:44:22,854 - map_video - DEBUG - [mapping_recorder.main:115] - [18:44:22] Redndı: False
2025-06-22 18:44:23,855 - map_video - DEBUG - [mapping_recorder.main:115] - [18:44:23] Redndı: False
2025-06-22 18:44:24,857 - map_video - DEBUG - [mapping_recorder.main:115] - [18:44:24] Redndı: False
2025-06-22 18:44:25,859 - map_video - DEBUG - [mapping_recorder.main:115] - [18:44:25] Redndı: False
2025-06-22 18:44:26,861 - map_video - DEBUG - [mapping_recorder.main:115] - [18:44:26] Redndı: False
2025-06-22 18:44:27,863 - map_video - DEBUG - [mapping_recorder.main:115] - [18:44:27] Redndı: False
2025-06-22 18:44:28,864 - map_video - DEBUG - [mapping_recorder.main:115] - [18:44:28] Redndı: False
2025-06-22 18:44:29,866 - map_video - DEBUG - [mapping_recorder.main:115] - [18:44:29] Redndı: False
2025-06-22 18:44:30,867 - map_video - DEBUG - [mapping_recorder.main:115] - [18:44:30] Redndı: False
2025-06-22 18:44:31,869 - map_video - DEBUG - [mapping_recorder.main:115] - [18:44:31] Redndı: False
2025-06-22 18:44:32,871 - map_video - DEBUG - [mapping_recorder.main:115] - [18:44:32] Redndı: False
2025-06-22 18:44:33,873 - map_video - DEBUG - [mapping_recorder.main:115] - [18:44:33] Redndı: False
2025-06-22 18:44:34,874 - map_video - DEBUG - [mapping_recorder.main:115] - [18:44:34] Redndı: False
2025-06-22 18:44:35,876 - map_video - DEBUG - [mapping_recorder.main:115] - [18:44:35] Redndı: False
2025-06-22 18:44:36,878 - map_video - DEBUG - [mapping_recorder.main:115] - [18:44:36] Redndı: False
2025-06-22 18:44:37,879 - map_video - DEBUG - [mapping_recorder.main:115] - [18:44:37] Redndı: False
2025-06-22 18:44:38,881 - map_video - DEBUG - [mapping_recorder.main:115] - [18:44:38] Redndı: False
2025-06-22 18:44:39,883 - map_video - DEBUG - [mapping_recorder.main:115] - [18:44:39] Redndı: False
2025-06-22 18:44:40,885 - map_video - DEBUG - [mapping_recorder.main:115] - [18:44:40] Redndı: False
2025-06-22 18:44:41,886 - map_video - DEBUG - [mapping_recorder.main:115] - [18:44:41] Redndı: False
2025-06-22 18:44:42,888 - map_video - DEBUG - [mapping_recorder.main:115] - [18:44:42] Redndı: False
2025-06-22 18:44:43,890 - map_video - DEBUG - [mapping_recorder.main:115] - [18:44:43] Redndı: False
2025-06-22 18:44:44,891 - map_video - DEBUG - [mapping_recorder.main:115] - [18:44:44] Redndı: False
2025-06-22 18:44:45,893 - map_video - DEBUG - [mapping_recorder.main:115] - [18:44:45] Redndı: False
2025-06-22 18:44:46,895 - map_video - DEBUG - [mapping_recorder.main:115] - [18:44:46] Redndı: False
2025-06-22 18:44:47,897 - map_video - DEBUG - [mapping_recorder.main:115] - [18:44:47] Redndı: False
2025-06-22 18:44:48,898 - map_video - DEBUG - [mapping_recorder.main:115] - [18:44:48] Redndı: False
2025-06-22 18:44:49,900 - map_video - DEBUG - [mapping_recorder.main:115] - [18:44:49] Redndı: False
2025-06-22 18:44:50,902 - map_video - DEBUG - [mapping_recorder.main:115] - [18:44:50] Redndı: False
2025-06-22 18:44:51,904 - map_video - DEBUG - [mapping_recorder.main:115] - [18:44:51] Redndı: False
2025-06-22 18:44:52,906 - map_video - DEBUG - [mapping_recorder.main:115] - [18:44:52] Redndı: False
2025-06-22 18:44:53,907 - map_video - DEBUG - [mapping_recorder.main:115] - [18:44:53] Redndı: False
2025-06-22 18:44:54,909 - map_video - DEBUG - [mapping_recorder.main:115] - [18:44:54] Redndı: False
2025-06-22 18:44:55,911 - map_video - DEBUG - [mapping_recorder.main:115] - [18:44:55] Redndı: False
2025-06-22 18:44:56,912 - map_video - DEBUG - [mapping_recorder.main:115] - [18:44:56] Redndı: False
2025-06-22 18:44:57,914 - map_video - DEBUG - [mapping_recorder.main:115] - [18:44:57] Redndı: False
2025-06-22 18:44:58,916 - map_video - DEBUG - [mapping_recorder.main:115] - [18:44:58] Redndı: False
2025-06-22 18:44:59,918 - map_video - DEBUG - [mapping_recorder.main:115] - [18:44:59] Redndı: False
2025-06-22 18:45:00,920 - map_video - DEBUG - [mapping_recorder.main:115] - [18:45:00] Redndı: False
2025-06-22 18:45:01,922 - map_video - DEBUG - [mapping_recorder.main:115] - [18:45:01] Redndı: False
2025-06-22 18:45:02,923 - map_video - DEBUG - [mapping_recorder.main:115] - [18:45:02] Redndı: False
2025-06-22 18:45:03,925 - map_video - DEBUG - [mapping_recorder.main:115] - [18:45:03] Redndı: False
2025-06-22 18:45:04,927 - map_video - DEBUG - [mapping_recorder.main:115] - [18:45:04] Redndı: False
2025-06-22 18:45:05,929 - map_video - DEBUG - [mapping_recorder.main:115] - [18:45:05] Redndı: False
2025-06-22 18:45:06,931 - map_video - DEBUG - [mapping_recorder.main:115] - [18:45:06] Redndı: False
2025-06-22 18:45:07,933 - map_video - DEBUG - [mapping_recorder.main:115] - [18:45:07] Redndı: False
2025-06-22 18:45:08,934 - map_video - DEBUG - [mapping_recorder.main:115] - [18:45:08] Redndı: False
2025-06-22 18:45:09,936 - map_video - DEBUG - [mapping_recorder.main:115] - [18:45:09] Redndı: False
2025-06-22 18:45:10,938 - map_video - DEBUG - [mapping_recorder.main:115] - [18:45:10] Redndı: False
2025-06-22 18:45:11,939 - map_video - DEBUG - [mapping_recorder.main:115] - [18:45:11] Redndı: False
2025-06-22 18:45:12,941 - map_video - DEBUG - [mapping_recorder.main:115] - [18:45:12] Redndı: False
2025-06-22 18:45:13,943 - map_video - DEBUG - [mapping_recorder.main:115] - [18:45:13] Redndı: False
2025-06-22 18:45:14,945 - map_video - DEBUG - [mapping_recorder.main:115] - [18:45:14] Redndı: False
2025-06-22 18:45:15,946 - map_video - DEBUG - [mapping_recorder.main:115] - [18:45:15] Redndı: False
2025-06-22 18:45:16,948 - map_video - DEBUG - [mapping_recorder.main:115] - [18:45:16] Redndı: False
2025-06-22 18:45:17,950 - map_video - DEBUG - [mapping_recorder.main:115] - [18:45:17] Redndı: False
2025-06-22 18:45:18,952 - map_video - DEBUG - [mapping_recorder.main:115] - [18:45:18] Redndı: False
2025-06-22 18:45:19,954 - map_video - DEBUG - [mapping_recorder.main:115] - [18:45:19] Redndı: False
2025-06-22 18:45:20,955 - map_video - DEBUG - [mapping_recorder.main:115] - [18:45:20] Redndı: False
2025-06-22 18:45:21,957 - map_video - DEBUG - [mapping_recorder.main:115] - [18:45:21] Redndı: False
2025-06-22 18:45:22,959 - map_video - DEBUG - [mapping_recorder.main:115] - [18:45:22] Redndı: False
2025-06-22 18:45:23,961 - map_video - DEBUG - [mapping_recorder.main:115] - [18:45:23] Redndı: False
2025-06-22 18:45:24,962 - map_video - DEBUG - [mapping_recorder.main:115] - [18:45:24] Redndı: False
2025-06-22 18:45:25,964 - map_video - DEBUG - [mapping_recorder.main:115] - [18:45:25] Redndı: False
2025-06-22 18:45:26,966 - map_video - DEBUG - [mapping_recorder.main:115] - [18:45:26] Redndı: False
2025-06-22 18:45:27,968 - map_video - DEBUG - [mapping_recorder.main:115] - [18:45:27] Redndı: False
2025-06-22 18:45:28,969 - map_video - DEBUG - [mapping_recorder.main:115] - [18:45:28] Redndı: False
2025-06-22 18:45:29,971 - map_video - DEBUG - [mapping_recorder.main:115] - [18:45:29] Redndı: False
2025-06-22 18:45:30,972 - map_video - DEBUG - [mapping_recorder.main:115] - [18:45:30] Redndı: False
2025-06-22 18:45:31,974 - map_video - DEBUG - [mapping_recorder.main:115] - [18:45:31] Redndı: False
2025-06-22 18:45:32,975 - map_video - DEBUG - [mapping_recorder.main:115] - [18:45:32] Redndı: False
2025-06-22 18:45:33,977 - map_video - DEBUG - [mapping_recorder.main:115] - [18:45:33] Redndı: False
2025-06-22 18:45:34,979 - map_video - DEBUG - [mapping_recorder.main:115] - [18:45:34] Redndı: False
2025-06-22 18:45:35,981 - map_video - DEBUG - [mapping_recorder.main:115] - [18:45:35] Redndı: False
2025-06-22 18:45:36,982 - map_video - DEBUG - [mapping_recorder.main:115] - [18:45:36] Redndı: False
2025-06-22 18:45:37,984 - map_video - DEBUG - [mapping_recorder.main:115] - [18:45:37] Redndı: False
2025-06-22 18:45:38,986 - map_video - DEBUG - [mapping_recorder.main:115] - [18:45:38] Redndı: False
2025-06-22 18:45:39,989 - map_video - DEBUG - [mapping_recorder.main:115] - [18:45:39] Redndı: False
2025-06-22 18:45:40,991 - map_video - DEBUG - [mapping_recorder.main:115] - [18:45:40] Redndı: False
2025-06-22 18:45:41,993 - map_video - DEBUG - [mapping_recorder.main:115] - [18:45:41] Redndı: False
2025-06-22 18:45:42,994 - map_video - DEBUG - [mapping_recorder.main:115] - [18:45:42] Redndı: False
2025-06-22 18:45:43,996 - map_video - DEBUG - [mapping_recorder.main:115] - [18:45:43] Redndı: False
2025-06-22 18:45:44,998 - map_video - DEBUG - [mapping_recorder.main:115] - [18:45:44] Redndı: False
2025-06-22 18:45:45,999 - map_video - DEBUG - [mapping_recorder.main:115] - [18:45:45] Redndı: False
2025-06-22 18:45:47,001 - map_video - DEBUG - [mapping_recorder.main:115] - [18:45:47] Redndı: False
2025-06-22 18:45:48,002 - map_video - DEBUG - [mapping_recorder.main:115] - [18:45:48] Redndı: False
2025-06-22 18:45:49,003 - map_video - DEBUG - [mapping_recorder.main:115] - [18:45:49] Redndı: False
2025-06-22 18:45:50,005 - map_video - DEBUG - [mapping_recorder.main:115] - [18:45:50] Redndı: False
2025-06-22 18:45:51,007 - map_video - DEBUG - [mapping_recorder.main:115] - [18:45:51] Redndı: False
2025-06-22 18:45:52,009 - map_video - DEBUG - [mapping_recorder.main:115] - [18:45:52] Redndı: False
2025-06-22 18:45:53,011 - map_video - DEBUG - [mapping_recorder.main:115] - [18:45:53] Redndı: False
2025-06-22 18:45:54,013 - map_video - DEBUG - [mapping_recorder.main:115] - [18:45:54] Redndı: False
2025-06-22 18:45:55,014 - map_video - DEBUG - [mapping_recorder.main:115] - [18:45:55] Redndı: False
2025-06-22 18:45:56,015 - map_video - DEBUG - [mapping_recorder.main:115] - [18:45:56] Redndı: False
2025-06-22 18:45:57,017 - map_video - DEBUG - [mapping_recorder.main:115] - [18:45:57] Redndı: False
2025-06-22 18:45:58,019 - map_video - DEBUG - [mapping_recorder.main:115] - [18:45:58] Redndı: False
2025-06-22 18:45:59,021 - map_video - DEBUG - [mapping_recorder.main:115] - [18:45:59] Redndı: False
2025-06-22 18:46:00,022 - map_video - DEBUG - [mapping_recorder.main:115] - [18:46:00] Redndı: False
2025-06-22 18:46:01,024 - map_video - DEBUG - [mapping_recorder.main:115] - [18:46:01] Redndı: False
2025-06-22 18:46:02,026 - map_video - DEBUG - [mapping_recorder.main:115] - [18:46:02] Redndı: False
2025-06-22 18:46:03,028 - map_video - DEBUG - [mapping_recorder.main:115] - [18:46:03] Redndı: False
2025-06-22 18:46:04,030 - map_video - DEBUG - [mapping_recorder.main:115] - [18:46:04] Redndı: False
2025-06-22 18:46:05,031 - map_video - DEBUG - [mapping_recorder.main:115] - [18:46:05] Redndı: False
2025-06-22 18:46:06,033 - map_video - DEBUG - [mapping_recorder.main:115] - [18:46:06] Redndı: False
2025-06-22 18:46:07,035 - map_video - DEBUG - [mapping_recorder.main:115] - [18:46:07] Redndı: False
2025-06-22 18:46:08,037 - map_video - DEBUG - [mapping_recorder.main:115] - [18:46:08] Redndı: False
2025-06-22 18:46:09,038 - map_video - DEBUG - [mapping_recorder.main:115] - [18:46:09] Redndı: False
2025-06-22 18:46:10,040 - map_video - DEBUG - [mapping_recorder.main:115] - [18:46:10] Redndı: False
2025-06-22 18:46:11,042 - map_video - DEBUG - [mapping_recorder.main:115] - [18:46:11] Redndı: False
2025-06-22 18:46:12,044 - map_video - DEBUG - [mapping_recorder.main:115] - [18:46:12] Redndı: False
2025-06-22 18:46:13,046 - map_video - DEBUG - [mapping_recorder.main:115] - [18:46:13] Redndı: False
2025-06-22 18:46:14,047 - map_video - DEBUG - [mapping_recorder.main:115] - [18:46:14] Redndı: False
2025-06-22 18:46:15,049 - map_video - DEBUG - [mapping_recorder.main:115] - [18:46:15] Redndı: False
2025-06-22 18:46:16,051 - map_video - DEBUG - [mapping_recorder.main:115] - [18:46:16] Redndı: False
2025-06-22 18:46:17,053 - map_video - DEBUG - [mapping_recorder.main:115] - [18:46:17] Redndı: False
2025-06-22 18:46:18,056 - map_video - DEBUG - [mapping_recorder.main:115] - [18:46:18] Redndı: False
2025-06-22 18:46:19,058 - map_video - DEBUG - [mapping_recorder.main:115] - [18:46:19] Redndı: False
2025-06-22 18:46:20,059 - map_video - DEBUG - [mapping_recorder.main:115] - [18:46:20] Redndı: False
2025-06-22 18:46:21,061 - map_video - DEBUG - [mapping_recorder.main:115] - [18:46:21] Redndı: False
2025-06-22 18:46:22,063 - map_video - DEBUG - [mapping_recorder.main:115] - [18:46:22] Redndı: False
2025-06-22 18:46:23,065 - map_video - DEBUG - [mapping_recorder.main:115] - [18:46:23] Redndı: False
2025-06-22 18:46:24,066 - map_video - DEBUG - [mapping_recorder.main:115] - [18:46:24] Redndı: False
2025-06-22 18:46:25,068 - map_video - DEBUG - [mapping_recorder.main:115] - [18:46:25] Redndı: False
2025-06-22 18:46:26,070 - map_video - DEBUG - [mapping_recorder.main:115] - [18:46:26] Redndı: False
2025-06-22 18:46:27,071 - map_video - DEBUG - [mapping_recorder.main:115] - [18:46:27] Redndı: False
2025-06-22 18:46:28,073 - map_video - DEBUG - [mapping_recorder.main:115] - [18:46:28] Redndı: False
2025-06-22 18:46:29,075 - map_video - DEBUG - [mapping_recorder.main:115] - [18:46:29] Redndı: False
2025-06-22 18:46:30,077 - map_video - DEBUG - [mapping_recorder.main:115] - [18:46:30] Redndı: False
2025-06-22 18:46:31,079 - map_video - DEBUG - [mapping_recorder.main:115] - [18:46:31] Redndı: False
2025-06-22 18:46:32,080 - map_video - DEBUG - [mapping_recorder.main:115] - [18:46:32] Redndı: False
2025-06-22 18:46:33,082 - map_video - DEBUG - [mapping_recorder.main:115] - [18:46:33] Redndı: False
2025-06-22 18:46:34,083 - map_video - DEBUG - [mapping_recorder.main:115] - [18:46:34] Redndı: False
2025-06-22 18:46:35,085 - map_video - DEBUG - [mapping_recorder.main:115] - [18:46:35] Redndı: False
2025-06-22 18:46:36,087 - map_video - DEBUG - [mapping_recorder.main:115] - [18:46:36] Redndı: False
2025-06-22 18:46:37,089 - map_video - DEBUG - [mapping_recorder.main:115] - [18:46:37] Redndı: False
2025-06-22 18:46:38,091 - map_video - DEBUG - [mapping_recorder.main:115] - [18:46:38] Redndı: False
2025-06-22 18:46:39,093 - map_video - DEBUG - [mapping_recorder.main:115] - [18:46:39] Redndı: False
2025-06-22 18:46:40,094 - map_video - DEBUG - [mapping_recorder.main:115] - [18:46:40] Redndı: False
2025-06-22 18:46:41,096 - map_video - DEBUG - [mapping_recorder.main:115] - [18:46:41] Redndı: False
2025-06-22 18:46:42,098 - map_video - DEBUG - [mapping_recorder.main:115] - [18:46:42] Redndı: False
2025-06-22 18:46:43,100 - map_video - DEBUG - [mapping_recorder.main:115] - [18:46:43] Redndı: False
2025-06-22 18:46:44,102 - map_video - DEBUG - [mapping_recorder.main:115] - [18:46:44] Redndı: False
2025-06-22 18:46:45,103 - map_video - DEBUG - [mapping_recorder.main:115] - [18:46:45] Redndı: False
2025-06-22 18:46:46,105 - map_video - DEBUG - [mapping_recorder.main:115] - [18:46:46] Redndı: False
2025-06-22 18:46:47,107 - map_video - DEBUG - [mapping_recorder.main:115] - [18:46:47] Redndı: False
2025-06-22 18:46:48,109 - map_video - DEBUG - [mapping_recorder.main:115] - [18:46:48] Redndı: False
2025-06-22 18:46:49,111 - map_video - DEBUG - [mapping_recorder.main:115] - [18:46:49] Redndı: False
2025-06-22 18:46:50,113 - map_video - DEBUG - [mapping_recorder.main:115] - [18:46:50] Redndı: False
2025-06-22 18:46:51,115 - map_video - DEBUG - [mapping_recorder.main:115] - [18:46:51] Redndı: False
2025-06-22 18:46:52,116 - map_video - DEBUG - [mapping_recorder.main:115] - [18:46:52] Redndı: False
2025-06-22 18:46:53,118 - map_video - DEBUG - [mapping_recorder.main:115] - [18:46:53] Redndı: False
2025-06-22 18:46:54,120 - map_video - DEBUG - [mapping_recorder.main:115] - [18:46:54] Redndı: False
2025-06-22 18:46:55,122 - map_video - DEBUG - [mapping_recorder.main:115] - [18:46:55] Redndı: False
2025-06-22 18:46:56,123 - map_video - DEBUG - [mapping_recorder.main:115] - [18:46:56] Redndı: False
2025-06-22 18:46:57,125 - map_video - DEBUG - [mapping_recorder.main:115] - [18:46:57] Redndı: False
2025-06-22 18:46:58,127 - map_video - DEBUG - [mapping_recorder.main:115] - [18:46:58] Redndı: False
2025-06-22 18:46:59,159 - map_video - DEBUG - [mapping_recorder.main:115] - [18:46:59] Redndı: False
2025-06-22 18:47:00,161 - map_video - DEBUG - [mapping_recorder.main:115] - [18:47:00] Redndı: False
2025-06-22 18:47:01,162 - map_video - DEBUG - [mapping_recorder.main:115] - [18:47:01] Redndı: False
2025-06-22 18:47:02,163 - map_video - DEBUG - [mapping_recorder.main:115] - [18:47:02] Redndı: False
2025-06-22 18:47:03,165 - map_video - DEBUG - [mapping_recorder.main:115] - [18:47:03] Redndı: False
2025-06-22 18:47:04,167 - map_video - DEBUG - [mapping_recorder.main:115] - [18:47:04] Redndı: False
2025-06-22 18:47:05,169 - map_video - DEBUG - [mapping_recorder.main:115] - [18:47:05] Redndı: False
2025-06-22 18:47:06,171 - map_video - DEBUG - [mapping_recorder.main:115] - [18:47:06] Redndı: False
2025-06-22 18:47:07,173 - map_video - DEBUG - [mapping_recorder.main:115] - [18:47:07] Redndı: False
2025-06-22 18:47:08,175 - map_video - DEBUG - [mapping_recorder.main:115] - [18:47:08] Redndı: False
2025-06-22 18:47:09,177 - map_video - DEBUG - [mapping_recorder.main:115] - [18:47:09] Redndı: False
2025-06-22 18:47:10,179 - map_video - DEBUG - [mapping_recorder.main:115] - [18:47:10] Redndı: False
2025-06-22 18:47:11,180 - map_video - DEBUG - [mapping_recorder.main:115] - [18:47:11] Redndı: False
2025-06-22 18:47:12,182 - map_video - DEBUG - [mapping_recorder.main:115] - [18:47:12] Redndı: False
2025-06-22 18:47:13,187 - map_video - DEBUG - [mapping_recorder.main:115] - [18:47:13] Redndı: False
2025-06-22 18:47:14,189 - map_video - DEBUG - [mapping_recorder.main:115] - [18:47:14] Redndı: False
2025-06-22 18:47:15,191 - map_video - DEBUG - [mapping_recorder.main:115] - [18:47:15] Redndı: False
2025-06-22 18:47:16,193 - map_video - DEBUG - [mapping_recorder.main:115] - [18:47:16] Redndı: False
2025-06-22 18:47:17,195 - map_video - DEBUG - [mapping_recorder.main:115] - [18:47:17] Redndı: False
2025-06-22 18:47:18,196 - map_video - DEBUG - [mapping_recorder.main:115] - [18:47:18] Redndı: False
2025-06-22 18:47:19,198 - map_video - DEBUG - [mapping_recorder.main:115] - [18:47:19] Redndı: False
2025-06-22 18:47:20,200 - map_video - DEBUG - [mapping_recorder.main:115] - [18:47:20] Redndı: False
2025-06-22 18:47:21,202 - map_video - DEBUG - [mapping_recorder.main:115] - [18:47:21] Redndı: False
2025-06-22 18:47:22,204 - map_video - DEBUG - [mapping_recorder.main:115] - [18:47:22] Redndı: False
2025-06-22 18:47:23,206 - map_video - DEBUG - [mapping_recorder.main:115] - [18:47:23] Redndı: False
2025-06-22 18:47:24,207 - map_video - DEBUG - [mapping_recorder.main:115] - [18:47:24] Redndı: False
2025-06-22 18:47:25,209 - map_video - DEBUG - [mapping_recorder.main:115] - [18:47:25] Redndı: False
2025-06-22 18:47:26,211 - map_video - DEBUG - [mapping_recorder.main:115] - [18:47:26] Redndı: False
2025-06-22 18:47:27,213 - map_video - DEBUG - [mapping_recorder.main:115] - [18:47:27] Redndı: False
2025-06-22 18:47:28,215 - map_video - DEBUG - [mapping_recorder.main:115] - [18:47:28] Redndı: False
2025-06-22 18:47:29,216 - map_video - DEBUG - [mapping_recorder.main:115] - [18:47:29] Redndı: False
2025-06-22 18:47:30,218 - map_video - DEBUG - [mapping_recorder.main:115] - [18:47:30] Redndı: False
2025-06-22 18:47:31,220 - map_video - DEBUG - [mapping_recorder.main:115] - [18:47:31] Redndı: False
2025-06-22 18:47:32,222 - map_video - DEBUG - [mapping_recorder.main:115] - [18:47:32] Redndı: False
2025-06-22 18:47:33,224 - map_video - DEBUG - [mapping_recorder.main:115] - [18:47:33] Redndı: False
2025-06-22 18:47:34,226 - map_video - DEBUG - [mapping_recorder.main:115] - [18:47:34] Redndı: False
2025-06-22 18:47:35,227 - map_video - DEBUG - [mapping_recorder.main:115] - [18:47:35] Redndı: False
2025-06-22 18:47:36,229 - map_video - DEBUG - [mapping_recorder.main:115] - [18:47:36] Redndı: False
2025-06-22 18:47:37,231 - map_video - DEBUG - [mapping_recorder.main:115] - [18:47:37] Redndı: False
2025-06-22 18:47:38,233 - map_video - DEBUG - [mapping_recorder.main:115] - [18:47:38] Redndı: False
2025-06-22 18:47:39,235 - map_video - DEBUG - [mapping_recorder.main:115] - [18:47:39] Redndı: False
2025-06-22 18:47:40,237 - map_video - DEBUG - [mapping_recorder.main:115] - [18:47:40] Redndı: False
2025-06-22 18:47:41,238 - map_video - DEBUG - [mapping_recorder.main:115] - [18:47:41] Redndı: False
2025-06-22 18:47:42,240 - map_video - DEBUG - [mapping_recorder.main:115] - [18:47:42] Redndı: False
2025-06-22 18:47:43,242 - map_video - DEBUG - [mapping_recorder.main:115] - [18:47:43] Redndı: False
2025-06-22 18:47:44,244 - map_video - DEBUG - [mapping_recorder.main:115] - [18:47:44] Redndı: False
2025-06-22 18:47:45,246 - map_video - DEBUG - [mapping_recorder.main:115] - [18:47:45] Redndı: False
2025-06-22 18:47:46,247 - map_video - DEBUG - [mapping_recorder.main:115] - [18:47:46] Redndı: False
2025-06-22 18:47:47,249 - map_video - DEBUG - [mapping_recorder.main:115] - [18:47:47] Redndı: False
2025-06-22 18:47:48,251 - map_video - DEBUG - [mapping_recorder.main:115] - [18:47:48] Redndı: False
2025-06-22 18:47:49,252 - map_video - DEBUG - [mapping_recorder.main:115] - [18:47:49] Redndı: False
2025-06-22 18:47:50,254 - map_video - DEBUG - [mapping_recorder.main:115] - [18:47:50] Redndı: False
2025-06-22 18:47:51,255 - map_video - DEBUG - [mapping_recorder.main:115] - [18:47:51] Redndı: False
2025-06-22 18:47:52,256 - map_video - DEBUG - [mapping_recorder.main:115] - [18:47:52] Redndı: False
2025-06-22 18:47:53,258 - map_video - DEBUG - [mapping_recorder.main:115] - [18:47:53] Redndı: False
2025-06-22 18:47:54,259 - map_video - DEBUG - [mapping_recorder.main:115] - [18:47:54] Redndı: False
2025-06-22 18:47:55,261 - map_video - DEBUG - [mapping_recorder.main:115] - [18:47:55] Redndı: False
2025-06-22 18:47:56,263 - map_video - DEBUG - [mapping_recorder.main:115] - [18:47:56] Redndı: False
2025-06-22 18:47:57,265 - map_video - DEBUG - [mapping_recorder.main:115] - [18:47:57] Redndı: False
2025-06-22 18:47:58,266 - map_video - DEBUG - [mapping_recorder.main:115] - [18:47:58] Redndı: False
2025-06-22 18:47:59,268 - map_video - DEBUG - [mapping_recorder.main:115] - [18:47:59] Redndı: False
2025-06-22 18:48:00,270 - map_video - DEBUG - [mapping_recorder.main:115] - [18:48:00] Redndı: False
2025-06-22 18:48:01,272 - map_video - DEBUG - [mapping_recorder.main:115] - [18:48:01] Redndı: False
2025-06-22 18:48:02,274 - map_video - DEBUG - [mapping_recorder.main:115] - [18:48:02] Redndı: False
2025-06-22 18:48:03,275 - map_video - DEBUG - [mapping_recorder.main:115] - [18:48:03] Redndı: False
2025-06-22 18:48:04,277 - map_video - DEBUG - [mapping_recorder.main:115] - [18:48:04] Redndı: False
2025-06-22 18:48:05,279 - map_video - DEBUG - [mapping_recorder.main:115] - [18:48:05] Redndı: False
2025-06-22 18:48:06,280 - map_video - DEBUG - [mapping_recorder.main:115] - [18:48:06] Redndı: False
2025-06-22 18:48:07,282 - map_video - DEBUG - [mapping_recorder.main:115] - [18:48:07] Redndı: False
2025-06-22 18:48:08,284 - map_video - DEBUG - [mapping_recorder.main:115] - [18:48:08] Redndı: False
2025-06-22 18:48:09,286 - map_video - DEBUG - [mapping_recorder.main:115] - [18:48:09] Redndı: False
2025-06-22 18:48:10,287 - map_video - DEBUG - [mapping_recorder.main:115] - [18:48:10] Redndı: False
2025-06-22 18:48:11,289 - map_video - DEBUG - [mapping_recorder.main:115] - [18:48:11] Redndı: False
2025-06-22 18:48:12,291 - map_video - DEBUG - [mapping_recorder.main:115] - [18:48:12] Redndı: False
2025-06-22 18:48:13,293 - map_video - DEBUG - [mapping_recorder.main:115] - [18:48:13] Redndı: False
2025-06-22 18:48:14,294 - map_video - DEBUG - [mapping_recorder.main:115] - [18:48:14] Redndı: False
2025-06-22 18:48:15,296 - map_video - DEBUG - [mapping_recorder.main:115] - [18:48:15] Redndı: False
2025-06-22 18:48:16,298 - map_video - DEBUG - [mapping_recorder.main:115] - [18:48:16] Redndı: False
2025-06-22 18:48:17,300 - map_video - DEBUG - [mapping_recorder.main:115] - [18:48:17] Redndı: False
2025-06-22 18:48:18,302 - map_video - DEBUG - [mapping_recorder.main:115] - [18:48:18] Redndı: False
2025-06-22 18:48:19,303 - map_video - DEBUG - [mapping_recorder.main:115] - [18:48:19] Redndı: False
2025-06-22 18:48:20,305 - map_video - DEBUG - [mapping_recorder.main:115] - [18:48:20] Redndı: False
2025-06-22 18:48:21,307 - map_video - DEBUG - [mapping_recorder.main:115] - [18:48:21] Redndı: False
2025-06-22 18:48:22,309 - map_video - DEBUG - [mapping_recorder.main:115] - [18:48:22] Redndı: False
2025-06-22 18:48:23,310 - map_video - DEBUG - [mapping_recorder.main:115] - [18:48:23] Redndı: False
2025-06-22 18:48:24,312 - map_video - DEBUG - [mapping_recorder.main:115] - [18:48:24] Redndı: False
2025-06-22 18:48:25,314 - map_video - DEBUG - [mapping_recorder.main:115] - [18:48:25] Redndı: False
2025-06-22 18:48:26,316 - map_video - DEBUG - [mapping_recorder.main:115] - [18:48:26] Redndı: False
2025-06-22 18:48:27,318 - map_video - DEBUG - [mapping_recorder.main:115] - [18:48:27] Redndı: False
2025-06-22 18:48:28,319 - map_video - DEBUG - [mapping_recorder.main:115] - [18:48:28] Redndı: False
2025-06-22 18:48:29,321 - map_video - DEBUG - [mapping_recorder.main:115] - [18:48:29] Redndı: False
2025-06-22 18:48:30,323 - map_video - DEBUG - [mapping_recorder.main:115] - [18:48:30] Redndı: False
2025-06-22 18:48:31,325 - map_video - DEBUG - [mapping_recorder.main:115] - [18:48:31] Redndı: False
2025-06-22 18:48:32,326 - map_video - DEBUG - [mapping_recorder.main:115] - [18:48:32] Redndı: False
2025-06-22 18:48:33,327 - map_video - DEBUG - [mapping_recorder.main:115] - [18:48:33] Redndı: False
2025-06-22 18:48:34,329 - map_video - DEBUG - [mapping_recorder.main:115] - [18:48:34] Redndı: False
2025-06-22 18:48:35,331 - map_video - DEBUG - [mapping_recorder.main:115] - [18:48:35] Redndı: False
2025-06-22 18:48:36,333 - map_video - DEBUG - [mapping_recorder.main:115] - [18:48:36] Redndı: False
2025-06-22 18:48:37,335 - map_video - DEBUG - [mapping_recorder.main:115] - [18:48:37] Redndı: False
2025-06-22 18:48:38,337 - map_video - DEBUG - [mapping_recorder.main:115] - [18:48:38] Redndı: False
2025-06-22 18:48:39,339 - map_video - DEBUG - [mapping_recorder.main:115] - [18:48:39] Redndı: False
2025-06-22 18:48:40,341 - map_video - DEBUG - [mapping_recorder.main:115] - [18:48:40] Redndı: False
2025-06-22 18:48:41,342 - map_video - DEBUG - [mapping_recorder.main:115] - [18:48:41] Redndı: False
2025-06-22 18:48:42,344 - map_video - DEBUG - [mapping_recorder.main:115] - [18:48:42] Redndı: False
2025-06-22 18:48:43,346 - map_video - DEBUG - [mapping_recorder.main:115] - [18:48:43] Redndı: False
2025-06-22 18:48:44,347 - map_video - DEBUG - [mapping_recorder.main:115] - [18:48:44] Redndı: False
2025-06-22 18:48:45,349 - map_video - DEBUG - [mapping_recorder.main:115] - [18:48:45] Redndı: False
2025-06-22 18:48:46,351 - map_video - DEBUG - [mapping_recorder.main:115] - [18:48:46] Redndı: False
2025-06-22 18:48:47,352 - map_video - DEBUG - [mapping_recorder.main:115] - [18:48:47] Redndı: False
2025-06-22 18:48:48,354 - map_video - DEBUG - [mapping_recorder.main:115] - [18:48:48] Redndı: False
2025-06-22 18:48:49,356 - map_video - DEBUG - [mapping_recorder.main:115] - [18:48:49] Redndı: False
2025-06-22 18:48:50,358 - map_video - DEBUG - [mapping_recorder.main:115] - [18:48:50] Redndı: False
2025-06-22 18:48:51,359 - map_video - DEBUG - [mapping_recorder.main:115] - [18:48:51] Redndı: False
2025-06-22 18:48:52,361 - map_video - DEBUG - [mapping_recorder.main:115] - [18:48:52] Redndı: False
2025-06-22 18:48:53,395 - map_video - DEBUG - [mapping_recorder.main:115] - [18:48:53] Redndı: False
2025-06-22 18:48:54,399 - map_video - DEBUG - [mapping_recorder.main:115] - [18:48:54] Redndı: False
2025-06-22 18:48:55,401 - map_video - DEBUG - [mapping_recorder.main:115] - [18:48:55] Redndı: False
2025-06-22 18:48:56,403 - map_video - DEBUG - [mapping_recorder.main:115] - [18:48:56] Redndı: False
2025-06-22 18:48:57,405 - map_video - DEBUG - [mapping_recorder.main:115] - [18:48:57] Redndı: False
2025-06-22 18:48:58,407 - map_video - DEBUG - [mapping_recorder.main:115] - [18:48:58] Redndı: False
2025-06-22 18:48:59,409 - map_video - DEBUG - [mapping_recorder.main:115] - [18:48:59] Redndı: False
2025-06-22 18:49:00,410 - map_video - DEBUG - [mapping_recorder.main:115] - [18:49:00] Redndı: False
2025-06-22 18:49:01,412 - map_video - DEBUG - [mapping_recorder.main:115] - [18:49:01] Redndı: False
2025-06-22 18:49:02,414 - map_video - DEBUG - [mapping_recorder.main:115] - [18:49:02] Redndı: False
2025-06-22 18:49:03,415 - map_video - DEBUG - [mapping_recorder.main:115] - [18:49:03] Redndı: False
2025-06-22 18:49:04,417 - map_video - DEBUG - [mapping_recorder.main:115] - [18:49:04] Redndı: False
2025-06-22 18:49:05,419 - map_video - DEBUG - [mapping_recorder.main:115] - [18:49:05] Redndı: False
2025-06-22 18:49:06,421 - map_video - DEBUG - [mapping_recorder.main:115] - [18:49:06] Redndı: False
2025-06-22 18:49:07,423 - map_video - DEBUG - [mapping_recorder.main:115] - [18:49:07] Redndı: False
2025-06-22 18:49:08,425 - map_video - DEBUG - [mapping_recorder.main:115] - [18:49:08] Redndı: False
2025-06-22 18:49:09,426 - map_video - DEBUG - [mapping_recorder.main:115] - [18:49:09] Redndı: False
2025-06-22 18:49:10,428 - map_video - DEBUG - [mapping_recorder.main:115] - [18:49:10] Redndı: False
2025-06-22 18:49:11,430 - map_video - DEBUG - [mapping_recorder.main:115] - [18:49:11] Redndı: False
2025-06-22 18:49:12,431 - map_video - DEBUG - [mapping_recorder.main:115] - [18:49:12] Redndı: False
2025-06-22 18:49:13,433 - map_video - DEBUG - [mapping_recorder.main:115] - [18:49:13] Redndı: False
2025-06-22 18:49:14,435 - map_video - DEBUG - [mapping_recorder.main:115] - [18:49:14] Redndı: False
2025-06-22 18:49:15,437 - map_video - DEBUG - [mapping_recorder.main:115] - [18:49:15] Redndı: False
2025-06-22 18:49:16,438 - map_video - DEBUG - [mapping_recorder.main:115] - [18:49:16] Redndı: False
2025-06-22 18:49:17,439 - map_video - DEBUG - [mapping_recorder.main:115] - [18:49:17] Redndı: False
2025-06-22 18:49:18,441 - map_video - DEBUG - [mapping_recorder.main:115] - [18:49:18] Redndı: False
2025-06-22 18:49:19,443 - map_video - DEBUG - [mapping_recorder.main:115] - [18:49:19] Redndı: False
2025-06-22 18:49:20,445 - map_video - DEBUG - [mapping_recorder.main:115] - [18:49:20] Redndı: False
2025-06-22 18:49:21,447 - map_video - DEBUG - [mapping_recorder.main:115] - [18:49:21] Redndı: False
2025-06-22 18:49:22,449 - map_video - DEBUG - [mapping_recorder.main:115] - [18:49:22] Redndı: False
2025-06-22 18:49:23,483 - map_video - DEBUG - [mapping_recorder.main:115] - [18:49:23] Redndı: False
2025-06-22 18:49:24,485 - map_video - DEBUG - [mapping_recorder.main:115] - [18:49:24] Redndı: False
2025-06-22 18:49:25,487 - map_video - DEBUG - [mapping_recorder.main:115] - [18:49:25] Redndı: False
2025-06-22 18:49:26,489 - map_video - DEBUG - [mapping_recorder.main:115] - [18:49:26] Redndı: False
2025-06-22 18:49:27,490 - map_video - DEBUG - [mapping_recorder.main:115] - [18:49:27] Redndı: False
2025-06-22 18:49:28,492 - map_video - DEBUG - [mapping_recorder.main:115] - [18:49:28] Redndı: False
2025-06-22 18:49:29,494 - map_video - DEBUG - [mapping_recorder.main:115] - [18:49:29] Redndı: False
2025-06-22 18:49:30,495 - map_video - DEBUG - [mapping_recorder.main:115] - [18:49:30] Redndı: False
2025-06-22 18:49:31,497 - map_video - DEBUG - [mapping_recorder.main:115] - [18:49:31] Redndı: False
2025-06-22 18:49:32,499 - map_video - DEBUG - [mapping_recorder.main:115] - [18:49:32] Redndı: False
2025-06-22 18:49:33,501 - map_video - DEBUG - [mapping_recorder.main:115] - [18:49:33] Redndı: False
2025-06-22 18:49:34,502 - map_video - DEBUG - [mapping_recorder.main:115] - [18:49:34] Redndı: False
2025-06-22 18:49:35,504 - map_video - DEBUG - [mapping_recorder.main:115] - [18:49:35] Redndı: False
2025-06-22 18:49:36,506 - map_video - DEBUG - [mapping_recorder.main:115] - [18:49:36] Redndı: False
2025-06-22 18:49:37,507 - map_video - DEBUG - [mapping_recorder.main:115] - [18:49:37] Redndı: False
2025-06-22 18:49:38,509 - map_video - DEBUG - [mapping_recorder.main:115] - [18:49:38] Redndı: False
2025-06-22 18:49:39,511 - map_video - DEBUG - [mapping_recorder.main:115] - [18:49:39] Redndı: False
2025-06-22 18:49:40,513 - map_video - DEBUG - [mapping_recorder.main:115] - [18:49:40] Redndı: False
2025-06-22 18:49:41,515 - map_video - DEBUG - [mapping_recorder.main:115] - [18:49:41] Redndı: False
2025-06-22 18:49:42,516 - map_video - DEBUG - [mapping_recorder.main:115] - [18:49:42] Redndı: False
2025-06-22 18:49:43,518 - map_video - DEBUG - [mapping_recorder.main:115] - [18:49:43] Redndı: False
2025-06-22 18:49:44,519 - map_video - DEBUG - [mapping_recorder.main:115] - [18:49:44] Redndı: False
2025-06-22 18:49:45,521 - map_video - DEBUG - [mapping_recorder.main:115] - [18:49:45] Redndı: False
2025-06-22 18:49:46,523 - map_video - DEBUG - [mapping_recorder.main:115] - [18:49:46] Redndı: False
2025-06-22 18:49:47,525 - map_video - DEBUG - [mapping_recorder.main:115] - [18:49:47] Redndı: False
2025-06-22 18:49:48,526 - map_video - DEBUG - [mapping_recorder.main:115] - [18:49:48] Redndı: False
2025-06-22 18:49:49,528 - map_video - DEBUG - [mapping_recorder.main:115] - [18:49:49] Redndı: False
2025-06-22 18:49:50,530 - map_video - DEBUG - [mapping_recorder.main:115] - [18:49:50] Redndı: False
2025-06-22 18:49:51,531 - map_video - DEBUG - [mapping_recorder.main:115] - [18:49:51] Redndı: False
2025-06-22 18:49:52,533 - map_video - DEBUG - [mapping_recorder.main:115] - [18:49:52] Redndı: False
2025-06-22 18:49:53,535 - map_video - DEBUG - [mapping_recorder.main:115] - [18:49:53] Redndı: False
2025-06-22 18:49:54,537 - map_video - DEBUG - [mapping_recorder.main:115] - [18:49:54] Redndı: False
2025-06-22 18:49:55,538 - map_video - DEBUG - [mapping_recorder.main:115] - [18:49:55] Redndı: False
2025-06-22 18:49:56,540 - map_video - DEBUG - [mapping_recorder.main:115] - [18:49:56] Redndı: False
2025-06-22 18:49:57,542 - map_video - DEBUG - [mapping_recorder.main:115] - [18:49:57] Redndı: False
2025-06-22 18:49:58,543 - map_video - DEBUG - [mapping_recorder.main:115] - [18:49:58] Redndı: False
2025-06-22 18:49:59,545 - map_video - DEBUG - [mapping_recorder.main:115] - [18:49:59] Redndı: False
2025-06-22 18:50:00,547 - map_video - DEBUG - [mapping_recorder.main:115] - [18:50:00] Redndı: False
2025-06-22 18:50:01,548 - map_video - DEBUG - [mapping_recorder.main:115] - [18:50:01] Redndı: False
2025-06-22 18:50:02,550 - map_video - DEBUG - [mapping_recorder.main:115] - [18:50:02] Redndı: False
2025-06-22 18:50:03,551 - map_video - DEBUG - [mapping_recorder.main:115] - [18:50:03] Redndı: False
2025-06-22 18:50:04,553 - map_video - DEBUG - [mapping_recorder.main:115] - [18:50:04] Redndı: False
2025-06-22 18:50:05,555 - map_video - DEBUG - [mapping_recorder.main:115] - [18:50:05] Redndı: False
2025-06-22 18:50:06,557 - map_video - DEBUG - [mapping_recorder.main:115] - [18:50:06] Redndı: False
2025-06-22 18:50:07,559 - map_video - DEBUG - [mapping_recorder.main:115] - [18:50:07] Redndı: False
2025-06-22 18:50:08,561 - map_video - DEBUG - [mapping_recorder.main:115] - [18:50:08] Redndı: False
2025-06-22 18:50:09,562 - map_video - DEBUG - [mapping_recorder.main:115] - [18:50:09] Redndı: False
2025-06-22 18:50:10,564 - map_video - DEBUG - [mapping_recorder.main:115] - [18:50:10] Redndı: False
2025-06-22 18:50:11,566 - map_video - DEBUG - [mapping_recorder.main:115] - [18:50:11] Redndı: False
2025-06-22 18:50:12,567 - map_video - DEBUG - [mapping_recorder.main:115] - [18:50:12] Redndı: False
2025-06-22 18:50:13,569 - map_video - DEBUG - [mapping_recorder.main:115] - [18:50:13] Redndı: False
2025-06-22 18:50:14,571 - map_video - DEBUG - [mapping_recorder.main:115] - [18:50:14] Redndı: False
2025-06-22 18:50:15,572 - map_video - DEBUG - [mapping_recorder.main:115] - [18:50:15] Redndı: False
2025-06-22 18:50:16,574 - map_video - DEBUG - [mapping_recorder.main:115] - [18:50:16] Redndı: False
2025-06-22 18:50:17,576 - map_video - DEBUG - [mapping_recorder.main:115] - [18:50:17] Redndı: False
2025-06-22 18:50:18,578 - map_video - DEBUG - [mapping_recorder.main:115] - [18:50:18] Redndı: False
2025-06-22 18:50:19,579 - map_video - DEBUG - [mapping_recorder.main:115] - [18:50:19] Redndı: False
2025-06-22 18:50:20,581 - map_video - DEBUG - [mapping_recorder.main:115] - [18:50:20] Redndı: False
2025-06-22 18:50:21,583 - map_video - DEBUG - [mapping_recorder.main:115] - [18:50:21] Redndı: False
2025-06-22 18:50:22,585 - map_video - DEBUG - [mapping_recorder.main:115] - [18:50:22] Redndı: False
2025-06-22 18:50:23,587 - map_video - DEBUG - [mapping_recorder.main:115] - [18:50:23] Redndı: False
2025-06-22 18:50:24,589 - map_video - DEBUG - [mapping_recorder.main:115] - [18:50:24] Redndı: False
2025-06-22 18:50:25,590 - map_video - DEBUG - [mapping_recorder.main:115] - [18:50:25] Redndı: False
2025-06-22 18:50:26,592 - map_video - DEBUG - [mapping_recorder.main:115] - [18:50:26] Redndı: False
2025-06-22 18:50:27,594 - map_video - DEBUG - [mapping_recorder.main:115] - [18:50:27] Redndı: False
2025-06-22 18:50:28,595 - map_video - DEBUG - [mapping_recorder.main:115] - [18:50:28] Redndı: False
2025-06-22 18:50:29,597 - map_video - DEBUG - [mapping_recorder.main:115] - [18:50:29] Redndı: False
2025-06-22 18:50:30,599 - map_video - DEBUG - [mapping_recorder.main:115] - [18:50:30] Redndı: False
2025-06-22 18:50:31,601 - map_video - DEBUG - [mapping_recorder.main:115] - [18:50:31] Redndı: False
2025-06-22 18:50:32,603 - map_video - DEBUG - [mapping_recorder.main:115] - [18:50:32] Redndı: False
2025-06-22 18:50:33,604 - map_video - DEBUG - [mapping_recorder.main:115] - [18:50:33] Redndı: False
2025-06-22 18:50:34,606 - map_video - DEBUG - [mapping_recorder.main:115] - [18:50:34] Redndı: False
2025-06-22 18:50:35,608 - map_video - DEBUG - [mapping_recorder.main:115] - [18:50:35] Redndı: False
2025-06-22 18:50:36,610 - map_video - DEBUG - [mapping_recorder.main:115] - [18:50:36] Redndı: False
2025-06-22 18:50:37,611 - map_video - DEBUG - [mapping_recorder.main:115] - [18:50:37] Redndı: False
2025-06-22 18:50:38,613 - map_video - DEBUG - [mapping_recorder.main:115] - [18:50:38] Redndı: False
2025-06-22 18:50:39,615 - map_video - DEBUG - [mapping_recorder.main:115] - [18:50:39] Redndı: False
2025-06-22 18:50:40,616 - map_video - DEBUG - [mapping_recorder.main:115] - [18:50:40] Redndı: False
2025-06-22 18:50:41,618 - map_video - DEBUG - [mapping_recorder.main:115] - [18:50:41] Redndı: False
2025-06-22 18:50:42,620 - map_video - DEBUG - [mapping_recorder.main:115] - [18:50:42] Redndı: False
2025-06-22 18:50:43,622 - map_video - DEBUG - [mapping_recorder.main:115] - [18:50:43] Redndı: False
2025-06-22 18:50:44,623 - map_video - DEBUG - [mapping_recorder.main:115] - [18:50:44] Redndı: False
2025-06-22 18:50:45,625 - map_video - DEBUG - [mapping_recorder.main:115] - [18:50:45] Redndı: False
2025-06-22 18:50:46,627 - map_video - DEBUG - [mapping_recorder.main:115] - [18:50:46] Redndı: False
2025-06-22 18:50:47,629 - map_video - DEBUG - [mapping_recorder.main:115] - [18:50:47] Redndı: False
2025-06-22 18:50:48,631 - map_video - DEBUG - [mapping_recorder.main:115] - [18:50:48] Redndı: False
2025-06-22 18:50:49,633 - map_video - DEBUG - [mapping_recorder.main:115] - [18:50:49] Redndı: False
2025-06-22 18:50:50,635 - map_video - DEBUG - [mapping_recorder.main:115] - [18:50:50] Redndı: False
2025-06-22 18:50:51,637 - map_video - DEBUG - [mapping_recorder.main:115] - [18:50:51] Redndı: False
2025-06-22 18:50:52,639 - map_video - DEBUG - [mapping_recorder.main:115] - [18:50:52] Redndı: False
2025-06-22 18:50:53,640 - map_video - DEBUG - [mapping_recorder.main:115] - [18:50:53] Redndı: False
2025-06-22 18:50:54,642 - map_video - DEBUG - [mapping_recorder.main:115] - [18:50:54] Redndı: False
2025-06-22 18:50:55,644 - map_video - DEBUG - [mapping_recorder.main:115] - [18:50:55] Redndı: False
2025-06-22 18:50:56,646 - map_video - DEBUG - [mapping_recorder.main:115] - [18:50:56] Redndı: False
2025-06-22 18:50:57,647 - map_video - DEBUG - [mapping_recorder.main:115] - [18:50:57] Redndı: False
2025-06-22 18:50:58,649 - map_video - DEBUG - [mapping_recorder.main:115] - [18:50:58] Redndı: False
2025-06-22 18:50:59,651 - map_video - DEBUG - [mapping_recorder.main:115] - [18:50:59] Redndı: False
2025-06-22 18:51:00,652 - map_video - DEBUG - [mapping_recorder.main:115] - [18:51:00] Redndı: False
2025-06-22 18:51:01,654 - map_video - DEBUG - [mapping_recorder.main:115] - [18:51:01] Redndı: False
2025-06-22 18:51:02,656 - map_video - DEBUG - [mapping_recorder.main:115] - [18:51:02] Redndı: False
2025-06-22 18:51:03,658 - map_video - DEBUG - [mapping_recorder.main:115] - [18:51:03] Redndı: False
2025-06-22 18:51:04,659 - map_video - DEBUG - [mapping_recorder.main:115] - [18:51:04] Redndı: False
2025-06-22 18:51:05,661 - map_video - DEBUG - [mapping_recorder.main:115] - [18:51:05] Redndı: False
2025-06-22 18:51:06,663 - map_video - DEBUG - [mapping_recorder.main:115] - [18:51:06] Redndı: False
2025-06-22 18:51:07,665 - map_video - DEBUG - [mapping_recorder.main:115] - [18:51:07] Redndı: False
2025-06-22 18:51:08,666 - map_video - DEBUG - [mapping_recorder.main:115] - [18:51:08] Redndı: False
2025-06-22 18:51:09,668 - map_video - DEBUG - [mapping_recorder.main:115] - [18:51:09] Redndı: False
2025-06-22 18:51:10,670 - map_video - DEBUG - [mapping_recorder.main:115] - [18:51:10] Redndı: False
2025-06-22 18:51:11,671 - map_video - DEBUG - [mapping_recorder.main:115] - [18:51:11] Redndı: False
2025-06-22 18:51:12,673 - map_video - DEBUG - [mapping_recorder.main:115] - [18:51:12] Redndı: False
2025-06-22 18:51:13,675 - map_video - DEBUG - [mapping_recorder.main:115] - [18:51:13] Redndı: False
2025-06-22 18:51:14,677 - map_video - DEBUG - [mapping_recorder.main:115] - [18:51:14] Redndı: False
2025-06-22 18:51:15,678 - map_video - DEBUG - [mapping_recorder.main:115] - [18:51:15] Redndı: False
2025-06-22 18:51:16,680 - map_video - DEBUG - [mapping_recorder.main:115] - [18:51:16] Redndı: False
2025-06-22 18:51:17,682 - map_video - DEBUG - [mapping_recorder.main:115] - [18:51:17] Redndı: False
2025-06-22 18:51:18,683 - map_video - DEBUG - [mapping_recorder.main:115] - [18:51:18] Redndı: False
2025-06-22 18:51:19,686 - map_video - DEBUG - [mapping_recorder.main:115] - [18:51:19] Redndı: False
2025-06-22 18:51:20,688 - map_video - DEBUG - [mapping_recorder.main:115] - [18:51:20] Redndı: False
2025-06-22 18:51:21,690 - map_video - DEBUG - [mapping_recorder.main:115] - [18:51:21] Redndı: False
2025-06-22 18:51:22,716 - map_video - DEBUG - [mapping_recorder.main:115] - [18:51:22] Redndı: False
2025-06-22 18:51:23,718 - map_video - DEBUG - [mapping_recorder.main:115] - [18:51:23] Redndı: False
2025-06-22 18:51:24,720 - map_video - DEBUG - [mapping_recorder.main:115] - [18:51:24] Redndı: False
2025-06-22 18:51:25,722 - map_video - DEBUG - [mapping_recorder.main:115] - [18:51:25] Redndı: False
2025-06-22 18:51:26,723 - map_video - DEBUG - [mapping_recorder.main:115] - [18:51:26] Redndı: False
2025-06-22 18:51:27,725 - map_video - DEBUG - [mapping_recorder.main:115] - [18:51:27] Redndı: False
2025-06-22 18:51:28,727 - map_video - DEBUG - [mapping_recorder.main:115] - [18:51:28] Redndı: False
2025-06-22 18:51:29,729 - map_video - DEBUG - [mapping_recorder.main:115] - [18:51:29] Redndı: False
2025-06-22 18:51:30,731 - map_video - DEBUG - [mapping_recorder.main:115] - [18:51:30] Redndı: False
2025-06-22 18:51:31,733 - map_video - DEBUG - [mapping_recorder.main:115] - [18:51:31] Redndı: False
2025-06-22 18:51:32,735 - map_video - DEBUG - [mapping_recorder.main:115] - [18:51:32] Redndı: False
2025-06-22 18:51:33,737 - map_video - DEBUG - [mapping_recorder.main:115] - [18:51:33] Redndı: False
2025-06-22 18:51:34,738 - map_video - DEBUG - [mapping_recorder.main:115] - [18:51:34] Redndı: False
2025-06-22 18:51:35,740 - map_video - DEBUG - [mapping_recorder.main:115] - [18:51:35] Redndı: False
2025-06-22 18:51:36,742 - map_video - DEBUG - [mapping_recorder.main:115] - [18:51:36] Redndı: False
2025-06-22 18:51:37,743 - map_video - DEBUG - [mapping_recorder.main:115] - [18:51:37] Redndı: False
2025-06-22 18:51:38,745 - map_video - DEBUG - [mapping_recorder.main:115] - [18:51:38] Redndı: False
2025-06-22 18:51:39,747 - map_video - DEBUG - [mapping_recorder.main:115] - [18:51:39] Redndı: False
2025-06-22 18:51:40,749 - map_video - DEBUG - [mapping_recorder.main:115] - [18:51:40] Redndı: False
2025-06-22 18:51:41,750 - map_video - DEBUG - [mapping_recorder.main:115] - [18:51:41] Redndı: False
2025-06-22 18:51:42,785 - map_video - DEBUG - [mapping_recorder.main:115] - [18:51:42] Redndı: False
2025-06-22 18:51:43,787 - map_video - DEBUG - [mapping_recorder.main:115] - [18:51:43] Redndı: False
2025-06-22 18:51:44,789 - map_video - DEBUG - [mapping_recorder.main:115] - [18:51:44] Redndı: False
2025-06-22 18:51:45,791 - map_video - DEBUG - [mapping_recorder.main:115] - [18:51:45] Redndı: False
2025-06-22 18:51:46,793 - map_video - DEBUG - [mapping_recorder.main:115] - [18:51:46] Redndı: False
2025-06-22 18:51:47,827 - map_video - DEBUG - [mapping_recorder.main:115] - [18:51:47] Redndı: False
2025-06-22 18:51:48,829 - map_video - DEBUG - [mapping_recorder.main:115] - [18:51:48] Redndı: False
2025-06-22 18:51:49,831 - map_video - DEBUG - [mapping_recorder.main:115] - [18:51:49] Redndı: False
2025-06-22 18:51:50,832 - map_video - DEBUG - [mapping_recorder.main:115] - [18:51:50] Redndı: False
2025-06-22 18:51:51,834 - map_video - DEBUG - [mapping_recorder.main:115] - [18:51:51] Redndı: False
2025-06-22 18:51:52,835 - map_video - DEBUG - [mapping_recorder.main:115] - [18:51:52] Redndı: False
2025-06-22 18:51:53,837 - map_video - DEBUG - [mapping_recorder.main:115] - [18:51:53] Redndı: False
2025-06-22 18:51:54,838 - map_video - DEBUG - [mapping_recorder.main:115] - [18:51:54] Redndı: False
2025-06-22 18:51:55,839 - map_video - DEBUG - [mapping_recorder.main:115] - [18:51:55] Redndı: False
2025-06-22 18:51:56,841 - map_video - DEBUG - [mapping_recorder.main:115] - [18:51:56] Redndı: False
2025-06-22 18:51:57,843 - map_video - DEBUG - [mapping_recorder.main:115] - [18:51:57] Redndı: False
2025-06-22 18:51:58,844 - map_video - DEBUG - [mapping_recorder.main:115] - [18:51:58] Redndı: False
2025-06-22 18:51:59,846 - map_video - DEBUG - [mapping_recorder.main:115] - [18:51:59] Redndı: False
2025-06-22 18:52:00,847 - map_video - DEBUG - [mapping_recorder.main:115] - [18:52:00] Redndı: False
2025-06-22 18:52:01,849 - map_video - DEBUG - [mapping_recorder.main:115] - [18:52:01] Redndı: False
2025-06-22 18:52:02,851 - map_video - DEBUG - [mapping_recorder.main:115] - [18:52:02] Redndı: False
2025-06-22 18:52:03,853 - map_video - DEBUG - [mapping_recorder.main:115] - [18:52:03] Redndı: False
2025-06-22 18:52:04,855 - map_video - DEBUG - [mapping_recorder.main:115] - [18:52:04] Redndı: False
2025-06-22 18:52:05,857 - map_video - DEBUG - [mapping_recorder.main:115] - [18:52:05] Redndı: False
2025-06-22 18:52:06,859 - map_video - DEBUG - [mapping_recorder.main:115] - [18:52:06] Redndı: False
2025-06-22 18:52:07,861 - map_video - DEBUG - [mapping_recorder.main:115] - [18:52:07] Redndı: False
2025-06-22 18:52:08,862 - map_video - DEBUG - [mapping_recorder.main:115] - [18:52:08] Redndı: False
2025-06-22 18:52:09,864 - map_video - DEBUG - [mapping_recorder.main:115] - [18:52:09] Redndı: False
2025-06-22 18:52:10,866 - map_video - DEBUG - [mapping_recorder.main:115] - [18:52:10] Redndı: False
2025-06-22 18:52:11,867 - map_video - DEBUG - [mapping_recorder.main:115] - [18:52:11] Redndı: False
2025-06-22 18:52:12,869 - map_video - DEBUG - [mapping_recorder.main:115] - [18:52:12] Redndı: False
2025-06-22 18:52:13,871 - map_video - DEBUG - [mapping_recorder.main:115] - [18:52:13] Redndı: False
2025-06-22 18:52:14,873 - map_video - DEBUG - [mapping_recorder.main:115] - [18:52:14] Redndı: False
2025-06-22 18:52:15,874 - map_video - DEBUG - [mapping_recorder.main:115] - [18:52:15] Redndı: False
2025-06-22 18:52:16,876 - map_video - DEBUG - [mapping_recorder.main:115] - [18:52:16] Redndı: False
2025-06-22 18:52:17,878 - map_video - DEBUG - [mapping_recorder.main:115] - [18:52:17] Redndı: False
2025-06-22 18:52:18,879 - map_video - DEBUG - [mapping_recorder.main:115] - [18:52:18] Redndı: False
2025-06-22 18:52:19,881 - map_video - DEBUG - [mapping_recorder.main:115] - [18:52:19] Redndı: False
2025-06-22 18:52:20,883 - map_video - DEBUG - [mapping_recorder.main:115] - [18:52:20] Redndı: False
2025-06-22 18:52:21,884 - map_video - DEBUG - [mapping_recorder.main:115] - [18:52:21] Redndı: False
2025-06-22 18:52:22,886 - map_video - DEBUG - [mapping_recorder.main:115] - [18:52:22] Redndı: False
2025-06-22 18:52:23,888 - map_video - DEBUG - [mapping_recorder.main:115] - [18:52:23] Redndı: False
2025-06-22 18:52:24,890 - map_video - DEBUG - [mapping_recorder.main:115] - [18:52:24] Redndı: False
2025-06-22 18:52:25,891 - map_video - DEBUG - [mapping_recorder.main:115] - [18:52:25] Redndı: False
2025-06-22 18:52:26,893 - map_video - DEBUG - [mapping_recorder.main:115] - [18:52:26] Redndı: False
2025-06-22 18:52:27,895 - map_video - DEBUG - [mapping_recorder.main:115] - [18:52:27] Redndı: False
2025-06-22 18:52:28,896 - map_video - DEBUG - [mapping_recorder.main:115] - [18:52:28] Redndı: False
2025-06-22 18:52:29,898 - map_video - DEBUG - [mapping_recorder.main:115] - [18:52:29] Redndı: False
2025-06-22 18:52:30,899 - map_video - DEBUG - [mapping_recorder.main:115] - [18:52:30] Redndı: False
2025-06-22 18:52:31,901 - map_video - DEBUG - [mapping_recorder.main:115] - [18:52:31] Redndı: False
2025-06-22 18:52:32,903 - map_video - DEBUG - [mapping_recorder.main:115] - [18:52:32] Redndı: False
2025-06-22 18:52:33,904 - map_video - DEBUG - [mapping_recorder.main:115] - [18:52:33] Redndı: False
2025-06-22 18:52:34,906 - map_video - DEBUG - [mapping_recorder.main:115] - [18:52:34] Redndı: False
2025-06-22 18:52:35,908 - map_video - DEBUG - [mapping_recorder.main:115] - [18:52:35] Redndı: False
2025-06-22 18:52:36,910 - map_video - DEBUG - [mapping_recorder.main:115] - [18:52:36] Redndı: False
2025-06-22 18:52:37,911 - map_video - DEBUG - [mapping_recorder.main:115] - [18:52:37] Redndı: False
2025-06-22 18:52:38,913 - map_video - DEBUG - [mapping_recorder.main:115] - [18:52:38] Redndı: False
2025-06-22 18:52:39,915 - map_video - DEBUG - [mapping_recorder.main:115] - [18:52:39] Redndı: False
2025-06-22 18:52:40,917 - map_video - DEBUG - [mapping_recorder.main:115] - [18:52:40] Redndı: False
2025-06-22 18:52:41,919 - map_video - DEBUG - [mapping_recorder.main:115] - [18:52:41] Redndı: False
2025-06-22 18:52:42,921 - map_video - DEBUG - [mapping_recorder.main:115] - [18:52:42] Redndı: False
2025-06-22 18:52:43,923 - map_video - DEBUG - [mapping_recorder.main:115] - [18:52:43] Redndı: False
2025-06-22 18:52:44,924 - map_video - DEBUG - [mapping_recorder.main:115] - [18:52:44] Redndı: False
2025-06-22 18:52:45,926 - map_video - DEBUG - [mapping_recorder.main:115] - [18:52:45] Redndı: False
2025-06-22 18:52:46,928 - map_video - DEBUG - [mapping_recorder.main:115] - [18:52:46] Redndı: False
2025-06-22 18:52:47,929 - map_video - DEBUG - [mapping_recorder.main:115] - [18:52:47] Redndı: False
2025-06-22 18:52:48,931 - map_video - DEBUG - [mapping_recorder.main:115] - [18:52:48] Redndı: False
2025-06-22 18:52:49,933 - map_video - DEBUG - [mapping_recorder.main:115] - [18:52:49] Redndı: False
2025-06-22 18:52:50,935 - map_video - DEBUG - [mapping_recorder.main:115] - [18:52:50] Redndı: False
2025-06-22 18:52:51,937 - map_video - DEBUG - [mapping_recorder.main:115] - [18:52:51] Redndı: False
2025-06-22 18:52:52,939 - map_video - DEBUG - [mapping_recorder.main:115] - [18:52:52] Redndı: False
2025-06-22 18:52:53,941 - map_video - DEBUG - [mapping_recorder.main:115] - [18:52:53] Redndı: False
2025-06-22 18:52:54,943 - map_video - DEBUG - [mapping_recorder.main:115] - [18:52:54] Redndı: False
2025-06-22 18:52:55,944 - map_video - DEBUG - [mapping_recorder.main:115] - [18:52:55] Redndı: False
2025-06-22 18:52:56,946 - map_video - DEBUG - [mapping_recorder.main:115] - [18:52:56] Redndı: False
2025-06-22 18:52:57,947 - map_video - DEBUG - [mapping_recorder.main:115] - [18:52:57] Redndı: False
2025-06-22 18:52:58,949 - map_video - DEBUG - [mapping_recorder.main:115] - [18:52:58] Redndı: False
2025-06-22 18:52:59,951 - map_video - DEBUG - [mapping_recorder.main:115] - [18:52:59] Redndı: False
2025-06-22 18:53:00,953 - map_video - DEBUG - [mapping_recorder.main:115] - [18:53:00] Redndı: False
2025-06-22 18:53:01,955 - map_video - DEBUG - [mapping_recorder.main:115] - [18:53:01] Redndı: False
2025-06-22 18:53:02,956 - map_video - DEBUG - [mapping_recorder.main:115] - [18:53:02] Redndı: False
2025-06-22 18:53:03,958 - map_video - DEBUG - [mapping_recorder.main:115] - [18:53:03] Redndı: False
2025-06-22 18:53:04,960 - map_video - DEBUG - [mapping_recorder.main:115] - [18:53:04] Redndı: False
2025-06-22 18:53:05,962 - map_video - DEBUG - [mapping_recorder.main:115] - [18:53:05] Redndı: False
2025-06-22 18:53:06,963 - map_video - DEBUG - [mapping_recorder.main:115] - [18:53:06] Redndı: False
2025-06-22 18:53:07,965 - map_video - DEBUG - [mapping_recorder.main:115] - [18:53:07] Redndı: False
2025-06-22 18:53:08,967 - map_video - DEBUG - [mapping_recorder.main:115] - [18:53:08] Redndı: False
2025-06-22 18:53:09,969 - map_video - DEBUG - [mapping_recorder.main:115] - [18:53:09] Redndı: False
2025-06-22 18:53:10,971 - map_video - DEBUG - [mapping_recorder.main:115] - [18:53:10] Redndı: False
2025-06-22 18:53:11,973 - map_video - DEBUG - [mapping_recorder.main:115] - [18:53:11] Redndı: False
2025-06-22 18:53:12,974 - map_video - DEBUG - [mapping_recorder.main:115] - [18:53:12] Redndı: False
2025-06-22 18:53:13,976 - map_video - DEBUG - [mapping_recorder.main:115] - [18:53:13] Redndı: False
2025-06-22 18:53:14,978 - map_video - DEBUG - [mapping_recorder.main:115] - [18:53:14] Redndı: False
2025-06-22 18:53:15,979 - map_video - DEBUG - [mapping_recorder.main:115] - [18:53:15] Redndı: False
2025-06-22 18:53:16,981 - map_video - DEBUG - [mapping_recorder.main:115] - [18:53:16] Redndı: False
2025-06-22 18:53:17,983 - map_video - DEBUG - [mapping_recorder.main:115] - [18:53:17] Redndı: False
2025-06-22 18:53:18,985 - map_video - DEBUG - [mapping_recorder.main:115] - [18:53:18] Redndı: False
2025-06-22 18:53:19,986 - map_video - DEBUG - [mapping_recorder.main:115] - [18:53:19] Redndı: False
2025-06-22 18:53:20,988 - map_video - DEBUG - [mapping_recorder.main:115] - [18:53:20] Redndı: False
2025-06-22 18:53:21,990 - map_video - DEBUG - [mapping_recorder.main:115] - [18:53:21] Redndı: False
2025-06-22 18:53:22,991 - map_video - DEBUG - [mapping_recorder.main:115] - [18:53:22] Redndı: False
2025-06-22 18:53:23,993 - map_video - DEBUG - [mapping_recorder.main:115] - [18:53:23] Redndı: False
2025-06-22 18:53:24,995 - map_video - DEBUG - [mapping_recorder.main:115] - [18:53:24] Redndı: False
2025-06-22 18:53:25,997 - map_video - DEBUG - [mapping_recorder.main:115] - [18:53:25] Redndı: False
2025-06-22 18:53:26,999 - map_video - DEBUG - [mapping_recorder.main:115] - [18:53:26] Redndı: False
2025-06-22 18:53:28,000 - map_video - DEBUG - [mapping_recorder.main:115] - [18:53:28] Redndı: False
2025-06-22 18:53:29,002 - map_video - DEBUG - [mapping_recorder.main:115] - [18:53:29] Redndı: False
2025-06-22 18:53:30,004 - map_video - DEBUG - [mapping_recorder.main:115] - [18:53:30] Redndı: False
2025-06-22 18:53:31,006 - map_video - DEBUG - [mapping_recorder.main:115] - [18:53:31] Redndı: False
2025-06-22 18:53:32,007 - map_video - DEBUG - [mapping_recorder.main:115] - [18:53:32] Redndı: False
2025-06-22 18:53:33,009 - map_video - DEBUG - [mapping_recorder.main:115] - [18:53:33] Redndı: False
2025-06-22 18:53:34,011 - map_video - DEBUG - [mapping_recorder.main:115] - [18:53:34] Redndı: False
2025-06-22 18:53:35,013 - map_video - DEBUG - [mapping_recorder.main:115] - [18:53:35] Redndı: False
2025-06-22 18:53:36,015 - map_video - DEBUG - [mapping_recorder.main:115] - [18:53:36] Redndı: False
2025-06-22 18:53:37,016 - map_video - DEBUG - [mapping_recorder.main:115] - [18:53:37] Redndı: False
2025-06-22 18:53:38,018 - map_video - DEBUG - [mapping_recorder.main:115] - [18:53:38] Redndı: False
2025-06-22 18:53:39,020 - map_video - DEBUG - [mapping_recorder.main:115] - [18:53:39] Redndı: False
2025-06-22 18:53:40,022 - map_video - DEBUG - [mapping_recorder.main:115] - [18:53:40] Redndı: False
2025-06-22 18:53:41,023 - map_video - DEBUG - [mapping_recorder.main:115] - [18:53:41] Redndı: False
2025-06-22 18:53:42,025 - map_video - DEBUG - [mapping_recorder.main:115] - [18:53:42] Redndı: False
2025-06-22 18:53:43,027 - map_video - DEBUG - [mapping_recorder.main:115] - [18:53:43] Redndı: False
2025-06-22 18:53:44,029 - map_video - DEBUG - [mapping_recorder.main:115] - [18:53:44] Redndı: False
2025-06-22 18:53:45,030 - map_video - DEBUG - [mapping_recorder.main:115] - [18:53:45] Redndı: False
2025-06-22 18:53:46,032 - map_video - DEBUG - [mapping_recorder.main:115] - [18:53:46] Redndı: False
2025-06-22 18:53:47,034 - map_video - DEBUG - [mapping_recorder.main:115] - [18:53:47] Redndı: False
2025-06-22 18:53:48,036 - map_video - DEBUG - [mapping_recorder.main:115] - [18:53:48] Redndı: False
2025-06-22 18:53:49,038 - map_video - DEBUG - [mapping_recorder.main:115] - [18:53:49] Redndı: False
2025-06-22 18:53:50,039 - map_video - DEBUG - [mapping_recorder.main:115] - [18:53:50] Redndı: False
2025-06-22 18:53:51,041 - map_video - DEBUG - [mapping_recorder.main:115] - [18:53:51] Redndı: False
2025-06-22 18:53:52,043 - map_video - DEBUG - [mapping_recorder.main:115] - [18:53:52] Redndı: False
2025-06-22 18:53:53,045 - map_video - DEBUG - [mapping_recorder.main:115] - [18:53:53] Redndı: False
2025-06-22 18:53:54,047 - map_video - DEBUG - [mapping_recorder.main:115] - [18:53:54] Redndı: False
2025-06-22 18:53:55,048 - map_video - DEBUG - [mapping_recorder.main:115] - [18:53:55] Redndı: False
2025-06-22 18:53:56,050 - map_video - DEBUG - [mapping_recorder.main:115] - [18:53:56] Redndı: False
2025-06-22 18:53:57,052 - map_video - DEBUG - [mapping_recorder.main:115] - [18:53:57] Redndı: False
2025-06-22 18:53:58,054 - map_video - DEBUG - [mapping_recorder.main:115] - [18:53:58] Redndı: False
2025-06-22 18:53:59,055 - map_video - DEBUG - [mapping_recorder.main:115] - [18:53:59] Redndı: False
2025-06-22 18:54:00,057 - map_video - DEBUG - [mapping_recorder.main:115] - [18:54:00] Redndı: False
2025-06-22 18:54:01,059 - map_video - DEBUG - [mapping_recorder.main:115] - [18:54:01] Redndı: False
2025-06-22 18:54:02,060 - map_video - DEBUG - [mapping_recorder.main:115] - [18:54:02] Redndı: False
2025-06-22 18:54:03,062 - map_video - DEBUG - [mapping_recorder.main:115] - [18:54:03] Redndı: False
2025-06-22 18:54:04,063 - map_video - DEBUG - [mapping_recorder.main:115] - [18:54:04] Redndı: False
2025-06-22 18:54:05,065 - map_video - DEBUG - [mapping_recorder.main:115] - [18:54:05] Redndı: False
2025-06-22 18:54:06,067 - map_video - DEBUG - [mapping_recorder.main:115] - [18:54:06] Redndı: False
2025-06-22 18:54:07,069 - map_video - DEBUG - [mapping_recorder.main:115] - [18:54:07] Redndı: False
2025-06-22 18:54:08,070 - map_video - DEBUG - [mapping_recorder.main:115] - [18:54:08] Redndı: False
2025-06-22 18:54:09,072 - map_video - DEBUG - [mapping_recorder.main:115] - [18:54:09] Redndı: False
2025-06-22 18:54:10,074 - map_video - DEBUG - [mapping_recorder.main:115] - [18:54:10] Redndı: False
2025-06-22 18:54:11,076 - map_video - DEBUG - [mapping_recorder.main:115] - [18:54:11] Redndı: False
2025-06-22 18:54:12,078 - map_video - DEBUG - [mapping_recorder.main:115] - [18:54:12] Redndı: False
2025-06-22 18:54:13,080 - map_video - DEBUG - [mapping_recorder.main:115] - [18:54:13] Redndı: False
2025-06-22 18:54:14,082 - map_video - DEBUG - [mapping_recorder.main:115] - [18:54:14] Redndı: False
2025-06-22 18:54:15,083 - map_video - DEBUG - [mapping_recorder.main:115] - [18:54:15] Redndı: False
2025-06-22 18:54:16,085 - map_video - DEBUG - [mapping_recorder.main:115] - [18:54:16] Redndı: False
2025-06-22 18:54:17,087 - map_video - DEBUG - [mapping_recorder.main:115] - [18:54:17] Redndı: False
2025-06-22 18:54:18,089 - map_video - DEBUG - [mapping_recorder.main:115] - [18:54:18] Redndı: False
2025-06-22 18:54:19,091 - map_video - DEBUG - [mapping_recorder.main:115] - [18:54:19] Redndı: False
2025-06-22 18:54:20,092 - map_video - DEBUG - [mapping_recorder.main:115] - [18:54:20] Redndı: False
2025-06-22 18:54:21,094 - map_video - DEBUG - [mapping_recorder.main:115] - [18:54:21] Redndı: False
2025-06-22 18:54:22,095 - map_video - DEBUG - [mapping_recorder.main:115] - [18:54:22] Redndı: False
2025-06-22 18:54:23,096 - map_video - DEBUG - [mapping_recorder.main:115] - [18:54:23] Redndı: False
2025-06-22 18:54:24,098 - map_video - DEBUG - [mapping_recorder.main:115] - [18:54:24] Redndı: False
2025-06-22 18:54:25,099 - map_video - DEBUG - [mapping_recorder.main:115] - [18:54:25] Redndı: False
2025-06-22 18:54:26,101 - map_video - DEBUG - [mapping_recorder.main:115] - [18:54:26] Redndı: False
2025-06-22 18:54:27,103 - map_video - DEBUG - [mapping_recorder.main:115] - [18:54:27] Redndı: False
2025-06-22 18:54:28,105 - map_video - DEBUG - [mapping_recorder.main:115] - [18:54:28] Redndı: False
2025-06-22 18:54:29,106 - map_video - DEBUG - [mapping_recorder.main:115] - [18:54:29] Redndı: False
2025-06-22 18:54:30,109 - map_video - DEBUG - [mapping_recorder.main:115] - [18:54:30] Redndı: False
2025-06-22 18:54:31,111 - map_video - DEBUG - [mapping_recorder.main:115] - [18:54:31] Redndı: False
2025-06-22 18:54:32,112 - map_video - DEBUG - [mapping_recorder.main:115] - [18:54:32] Redndı: False
2025-06-22 18:54:33,114 - map_video - DEBUG - [mapping_recorder.main:115] - [18:54:33] Redndı: False
2025-06-22 18:54:34,116 - map_video - DEBUG - [mapping_recorder.main:115] - [18:54:34] Redndı: False
2025-06-22 18:54:35,118 - map_video - DEBUG - [mapping_recorder.main:115] - [18:54:35] Redndı: False
2025-06-22 18:54:36,119 - map_video - DEBUG - [mapping_recorder.main:115] - [18:54:36] Redndı: False
2025-06-22 18:54:37,121 - map_video - DEBUG - [mapping_recorder.main:115] - [18:54:37] Redndı: False
2025-06-22 18:54:38,123 - map_video - DEBUG - [mapping_recorder.main:115] - [18:54:38] Redndı: False
2025-06-22 18:54:39,124 - map_video - DEBUG - [mapping_recorder.main:115] - [18:54:39] Redndı: False
2025-06-22 18:54:40,126 - map_video - DEBUG - [mapping_recorder.main:115] - [18:54:40] Redndı: False
2025-06-22 18:54:41,127 - map_video - DEBUG - [mapping_recorder.main:115] - [18:54:41] Redndı: False
2025-06-22 18:54:42,129 - map_video - DEBUG - [mapping_recorder.main:115] - [18:54:42] Redndı: False
2025-06-22 18:54:43,131 - map_video - DEBUG - [mapping_recorder.main:115] - [18:54:43] Redndı: False
2025-06-22 18:54:44,133 - map_video - DEBUG - [mapping_recorder.main:115] - [18:54:44] Redndı: False
2025-06-22 18:54:45,134 - map_video - DEBUG - [mapping_recorder.main:115] - [18:54:45] Redndı: False
2025-06-22 18:54:46,136 - map_video - DEBUG - [mapping_recorder.main:115] - [18:54:46] Redndı: False
2025-06-22 18:54:47,138 - map_video - DEBUG - [mapping_recorder.main:115] - [18:54:47] Redndı: False
2025-06-22 18:54:48,139 - map_video - DEBUG - [mapping_recorder.main:115] - [18:54:48] Redndı: False
2025-06-22 18:54:49,141 - map_video - DEBUG - [mapping_recorder.main:115] - [18:54:49] Redndı: False
2025-06-22 18:54:50,143 - map_video - DEBUG - [mapping_recorder.main:115] - [18:54:50] Redndı: False
2025-06-22 18:54:51,145 - map_video - DEBUG - [mapping_recorder.main:115] - [18:54:51] Redndı: False
2025-06-22 18:54:52,147 - map_video - DEBUG - [mapping_recorder.main:115] - [18:54:52] Redndı: False
2025-06-22 18:54:53,148 - map_video - DEBUG - [mapping_recorder.main:115] - [18:54:53] Redndı: False
2025-06-22 18:54:54,150 - map_video - DEBUG - [mapping_recorder.main:115] - [18:54:54] Redndı: False
2025-06-22 18:54:55,152 - map_video - DEBUG - [mapping_recorder.main:115] - [18:54:55] Redndı: False
2025-06-22 18:54:56,154 - map_video - DEBUG - [mapping_recorder.main:115] - [18:54:56] Redndı: False
2025-06-22 18:54:57,155 - map_video - DEBUG - [mapping_recorder.main:115] - [18:54:57] Redndı: False
2025-06-22 18:54:58,157 - map_video - DEBUG - [mapping_recorder.main:115] - [18:54:58] Redndı: False
2025-06-22 18:54:59,159 - map_video - DEBUG - [mapping_recorder.main:115] - [18:54:59] Redndı: False
2025-06-22 18:55:00,161 - map_video - DEBUG - [mapping_recorder.main:115] - [18:55:00] Redndı: False
2025-06-22 18:55:01,162 - map_video - DEBUG - [mapping_recorder.main:115] - [18:55:01] Redndı: False
2025-06-22 18:55:02,164 - map_video - DEBUG - [mapping_recorder.main:115] - [18:55:02] Redndı: False
2025-06-22 18:55:03,166 - map_video - DEBUG - [mapping_recorder.main:115] - [18:55:03] Redndı: False
2025-06-22 18:55:04,168 - map_video - DEBUG - [mapping_recorder.main:115] - [18:55:04] Redndı: False
2025-06-22 18:55:05,170 - map_video - DEBUG - [mapping_recorder.main:115] - [18:55:05] Redndı: False
2025-06-22 18:55:06,171 - map_video - DEBUG - [mapping_recorder.main:115] - [18:55:06] Redndı: False
2025-06-22 18:55:07,173 - map_video - DEBUG - [mapping_recorder.main:115] - [18:55:07] Redndı: False
2025-06-22 18:55:08,175 - map_video - DEBUG - [mapping_recorder.main:115] - [18:55:08] Redndı: False
2025-06-22 18:55:09,177 - map_video - DEBUG - [mapping_recorder.main:115] - [18:55:09] Redndı: False
2025-06-22 18:55:10,178 - map_video - DEBUG - [mapping_recorder.main:115] - [18:55:10] Redndı: False
2025-06-22 18:55:11,180 - map_video - DEBUG - [mapping_recorder.main:115] - [18:55:11] Redndı: False
2025-06-22 18:55:12,182 - map_video - DEBUG - [mapping_recorder.main:115] - [18:55:12] Redndı: False
2025-06-22 18:55:13,183 - map_video - DEBUG - [mapping_recorder.main:115] - [18:55:13] Redndı: False
2025-06-22 18:55:14,185 - map_video - DEBUG - [mapping_recorder.main:115] - [18:55:14] Redndı: False
2025-06-22 18:55:15,187 - map_video - DEBUG - [mapping_recorder.main:115] - [18:55:15] Redndı: False
2025-06-22 18:55:16,189 - map_video - DEBUG - [mapping_recorder.main:115] - [18:55:16] Redndı: False
2025-06-22 18:55:17,190 - map_video - DEBUG - [mapping_recorder.main:115] - [18:55:17] Redndı: False
2025-06-22 18:55:18,192 - map_video - DEBUG - [mapping_recorder.main:115] - [18:55:18] Redndı: False
2025-06-22 18:55:19,194 - map_video - DEBUG - [mapping_recorder.main:115] - [18:55:19] Redndı: False
2025-06-22 18:55:20,195 - map_video - DEBUG - [mapping_recorder.main:115] - [18:55:20] Redndı: False
2025-06-22 18:55:21,197 - map_video - DEBUG - [mapping_recorder.main:115] - [18:55:21] Redndı: False
2025-06-22 18:55:22,199 - map_video - DEBUG - [mapping_recorder.main:115] - [18:55:22] Redndı: False
2025-06-22 18:55:23,201 - map_video - DEBUG - [mapping_recorder.main:115] - [18:55:23] Redndı: False
2025-06-22 18:55:24,202 - map_video - DEBUG - [mapping_recorder.main:115] - [18:55:24] Redndı: False
2025-06-22 18:55:25,204 - map_video - DEBUG - [mapping_recorder.main:115] - [18:55:25] Redndı: False
2025-06-22 18:55:26,206 - map_video - DEBUG - [mapping_recorder.main:115] - [18:55:26] Redndı: False
2025-06-22 18:55:27,208 - map_video - DEBUG - [mapping_recorder.main:115] - [18:55:27] Redndı: False
2025-06-22 18:55:28,210 - map_video - DEBUG - [mapping_recorder.main:115] - [18:55:28] Redndı: False
2025-06-22 18:55:29,211 - map_video - DEBUG - [mapping_recorder.main:115] - [18:55:29] Redndı: False
2025-06-22 18:55:30,213 - map_video - DEBUG - [mapping_recorder.main:115] - [18:55:30] Redndı: False
2025-06-22 18:55:31,215 - map_video - DEBUG - [mapping_recorder.main:115] - [18:55:31] Redndı: False
2025-06-22 18:55:32,217 - map_video - DEBUG - [mapping_recorder.main:115] - [18:55:32] Redndı: False
2025-06-22 18:55:33,218 - map_video - DEBUG - [mapping_recorder.main:115] - [18:55:33] Redndı: False
2025-06-22 18:55:34,220 - map_video - DEBUG - [mapping_recorder.main:115] - [18:55:34] Redndı: False
2025-06-22 18:55:35,222 - map_video - DEBUG - [mapping_recorder.main:115] - [18:55:35] Redndı: False
2025-06-22 18:55:36,223 - map_video - DEBUG - [mapping_recorder.main:115] - [18:55:36] Redndı: False
2025-06-22 18:55:37,225 - map_video - DEBUG - [mapping_recorder.main:115] - [18:55:37] Redndı: False
2025-06-22 18:55:38,227 - map_video - DEBUG - [mapping_recorder.main:115] - [18:55:38] Redndı: False
2025-06-22 18:55:39,229 - map_video - DEBUG - [mapping_recorder.main:115] - [18:55:39] Redndı: False
2025-06-22 18:55:40,230 - map_video - DEBUG - [mapping_recorder.main:115] - [18:55:40] Redndı: False
2025-06-22 18:55:41,232 - map_video - DEBUG - [mapping_recorder.main:115] - [18:55:41] Redndı: False
2025-06-22 18:55:42,234 - map_video - DEBUG - [mapping_recorder.main:115] - [18:55:42] Redndı: False
2025-06-22 18:55:43,235 - map_video - DEBUG - [mapping_recorder.main:115] - [18:55:43] Redndı: False
2025-06-22 18:55:44,237 - map_video - DEBUG - [mapping_recorder.main:115] - [18:55:44] Redndı: False
2025-06-22 18:55:45,239 - map_video - DEBUG - [mapping_recorder.main:115] - [18:55:45] Redndı: False
2025-06-22 18:55:46,241 - map_video - DEBUG - [mapping_recorder.main:115] - [18:55:46] Redndı: False
2025-06-22 18:55:47,242 - map_video - DEBUG - [mapping_recorder.main:115] - [18:55:47] Redndı: False
2025-06-22 18:55:48,244 - map_video - DEBUG - [mapping_recorder.main:115] - [18:55:48] Redndı: False
2025-06-22 18:55:49,246 - map_video - DEBUG - [mapping_recorder.main:115] - [18:55:49] Redndı: False
2025-06-22 18:55:50,247 - map_video - DEBUG - [mapping_recorder.main:115] - [18:55:50] Redndı: False
2025-06-22 18:55:51,249 - map_video - DEBUG - [mapping_recorder.main:115] - [18:55:51] Redndı: False
2025-06-22 18:55:52,251 - map_video - DEBUG - [mapping_recorder.main:115] - [18:55:52] Redndı: False
2025-06-22 18:55:53,253 - map_video - DEBUG - [mapping_recorder.main:115] - [18:55:53] Redndı: False
2025-06-22 18:55:54,254 - map_video - DEBUG - [mapping_recorder.main:115] - [18:55:54] Redndı: False
2025-06-22 18:55:55,256 - map_video - DEBUG - [mapping_recorder.main:115] - [18:55:55] Redndı: False
2025-06-22 18:55:56,258 - map_video - DEBUG - [mapping_recorder.main:115] - [18:55:56] Redndı: False
2025-06-22 18:55:57,259 - map_video - DEBUG - [mapping_recorder.main:115] - [18:55:57] Redndı: False
2025-06-22 18:55:58,261 - map_video - DEBUG - [mapping_recorder.main:115] - [18:55:58] Redndı: False
2025-06-22 18:55:59,263 - map_video - DEBUG - [mapping_recorder.main:115] - [18:55:59] Redndı: False
2025-06-22 18:56:00,265 - map_video - DEBUG - [mapping_recorder.main:115] - [18:56:00] Redndı: False
2025-06-22 18:56:01,266 - map_video - DEBUG - [mapping_recorder.main:115] - [18:56:01] Redndı: False
2025-06-22 18:56:02,268 - map_video - DEBUG - [mapping_recorder.main:115] - [18:56:02] Redndı: False
2025-06-22 18:56:03,270 - map_video - DEBUG - [mapping_recorder.main:115] - [18:56:03] Redndı: False
2025-06-22 18:56:04,271 - map_video - DEBUG - [mapping_recorder.main:115] - [18:56:04] Redndı: False
2025-06-22 18:56:05,273 - map_video - DEBUG - [mapping_recorder.main:115] - [18:56:05] Redndı: False
2025-06-22 18:56:06,275 - map_video - DEBUG - [mapping_recorder.main:115] - [18:56:06] Redndı: False
2025-06-22 18:56:07,277 - map_video - DEBUG - [mapping_recorder.main:115] - [18:56:07] Redndı: False
2025-06-22 18:56:08,278 - map_video - DEBUG - [mapping_recorder.main:115] - [18:56:08] Redndı: False
2025-06-22 18:56:09,280 - map_video - DEBUG - [mapping_recorder.main:115] - [18:56:09] Redndı: False
2025-06-22 18:56:10,282 - map_video - DEBUG - [mapping_recorder.main:115] - [18:56:10] Redndı: False
2025-06-22 18:56:11,283 - map_video - DEBUG - [mapping_recorder.main:115] - [18:56:11] Redndı: False
2025-06-22 18:56:12,285 - map_video - DEBUG - [mapping_recorder.main:115] - [18:56:12] Redndı: False
2025-06-22 18:56:13,287 - map_video - DEBUG - [mapping_recorder.main:115] - [18:56:13] Redndı: False
2025-06-22 18:56:14,288 - map_video - DEBUG - [mapping_recorder.main:115] - [18:56:14] Redndı: False
2025-06-22 18:56:15,290 - map_video - DEBUG - [mapping_recorder.main:115] - [18:56:15] Redndı: False
2025-06-22 18:56:16,292 - map_video - DEBUG - [mapping_recorder.main:115] - [18:56:16] Redndı: False
2025-06-22 18:56:17,294 - map_video - DEBUG - [mapping_recorder.main:115] - [18:56:17] Redndı: False
2025-06-22 18:56:18,295 - map_video - DEBUG - [mapping_recorder.main:115] - [18:56:18] Redndı: False
2025-06-22 18:56:19,297 - map_video - DEBUG - [mapping_recorder.main:115] - [18:56:19] Redndı: False
2025-06-22 18:56:20,299 - map_video - DEBUG - [mapping_recorder.main:115] - [18:56:20] Redndı: False
2025-06-22 18:56:21,301 - map_video - DEBUG - [mapping_recorder.main:115] - [18:56:21] Redndı: False
2025-06-22 18:56:22,303 - map_video - DEBUG - [mapping_recorder.main:115] - [18:56:22] Redndı: False
2025-06-22 18:56:23,304 - map_video - DEBUG - [mapping_recorder.main:115] - [18:56:23] Redndı: False
2025-06-22 18:56:24,306 - map_video - DEBUG - [mapping_recorder.main:115] - [18:56:24] Redndı: False
2025-06-22 18:56:25,308 - map_video - DEBUG - [mapping_recorder.main:115] - [18:56:25] Redndı: False
2025-06-22 18:56:26,310 - map_video - DEBUG - [mapping_recorder.main:115] - [18:56:26] Redndı: False
2025-06-22 18:56:27,311 - map_video - DEBUG - [mapping_recorder.main:115] - [18:56:27] Redndı: False
2025-06-22 18:56:28,313 - map_video - DEBUG - [mapping_recorder.main:115] - [18:56:28] Redndı: False
2025-06-22 18:56:29,314 - map_video - DEBUG - [mapping_recorder.main:115] - [18:56:29] Redndı: False
2025-06-22 18:56:30,316 - map_video - DEBUG - [mapping_recorder.main:115] - [18:56:30] Redndı: False
2025-06-22 18:56:31,318 - map_video - DEBUG - [mapping_recorder.main:115] - [18:56:31] Redndı: False
2025-06-22 18:56:32,319 - map_video - DEBUG - [mapping_recorder.main:115] - [18:56:32] Redndı: False
2025-06-22 18:56:33,321 - map_video - DEBUG - [mapping_recorder.main:115] - [18:56:33] Redndı: False
2025-06-22 18:56:34,323 - map_video - DEBUG - [mapping_recorder.main:115] - [18:56:34] Redndı: False
2025-06-22 18:56:35,324 - map_video - DEBUG - [mapping_recorder.main:115] - [18:56:35] Redndı: False
2025-06-22 18:56:36,326 - map_video - DEBUG - [mapping_recorder.main:115] - [18:56:36] Redndı: False
2025-06-22 18:56:37,327 - map_video - DEBUG - [mapping_recorder.main:115] - [18:56:37] Redndı: False
2025-06-22 18:56:38,329 - map_video - DEBUG - [mapping_recorder.main:115] - [18:56:38] Redndı: False
2025-06-22 18:56:39,331 - map_video - DEBUG - [mapping_recorder.main:115] - [18:56:39] Redndı: False
2025-06-22 18:56:40,333 - map_video - DEBUG - [mapping_recorder.main:115] - [18:56:40] Redndı: False
2025-06-22 18:56:41,334 - map_video - DEBUG - [mapping_recorder.main:115] - [18:56:41] Redndı: False
2025-06-22 18:56:42,336 - map_video - DEBUG - [mapping_recorder.main:115] - [18:56:42] Redndı: False
2025-06-22 18:56:43,338 - map_video - DEBUG - [mapping_recorder.main:115] - [18:56:43] Redndı: False
2025-06-22 18:56:44,339 - map_video - DEBUG - [mapping_recorder.main:115] - [18:56:44] Redndı: False
2025-06-22 18:56:45,341 - map_video - DEBUG - [mapping_recorder.main:115] - [18:56:45] Redndı: False
2025-06-22 18:56:46,343 - map_video - DEBUG - [mapping_recorder.main:115] - [18:56:46] Redndı: False
2025-06-22 18:56:47,345 - map_video - DEBUG - [mapping_recorder.main:115] - [18:56:47] Redndı: False
2025-06-22 18:56:48,346 - map_video - DEBUG - [mapping_recorder.main:115] - [18:56:48] Redndı: False
2025-06-22 18:56:49,348 - map_video - DEBUG - [mapping_recorder.main:115] - [18:56:49] Redndı: False
2025-06-22 18:56:50,350 - map_video - DEBUG - [mapping_recorder.main:115] - [18:56:50] Redndı: False
2025-06-22 18:56:51,351 - map_video - DEBUG - [mapping_recorder.main:115] - [18:56:51] Redndı: False
2025-06-22 18:56:52,353 - map_video - DEBUG - [mapping_recorder.main:115] - [18:56:52] Redndı: False
2025-06-22 18:56:53,355 - map_video - DEBUG - [mapping_recorder.main:115] - [18:56:53] Redndı: False
2025-06-22 18:56:54,357 - map_video - DEBUG - [mapping_recorder.main:115] - [18:56:54] Redndı: False
2025-06-22 18:56:55,358 - map_video - DEBUG - [mapping_recorder.main:115] - [18:56:55] Redndı: False
2025-06-22 18:56:56,360 - map_video - DEBUG - [mapping_recorder.main:115] - [18:56:56] Redndı: False
2025-06-22 18:56:57,362 - map_video - DEBUG - [mapping_recorder.main:115] - [18:56:57] Redndı: False
2025-06-22 18:56:58,363 - map_video - DEBUG - [mapping_recorder.main:115] - [18:56:58] Redndı: False
2025-06-22 18:56:59,365 - map_video - DEBUG - [mapping_recorder.main:115] - [18:56:59] Redndı: False
2025-06-22 18:57:00,367 - map_video - DEBUG - [mapping_recorder.main:115] - [18:57:00] Redndı: False
2025-06-22 18:57:01,369 - map_video - DEBUG - [mapping_recorder.main:115] - [18:57:01] Redndı: False
2025-06-22 18:57:02,370 - map_video - DEBUG - [mapping_recorder.main:115] - [18:57:02] Redndı: False
2025-06-22 18:57:03,372 - map_video - DEBUG - [mapping_recorder.main:115] - [18:57:03] Redndı: False
2025-06-22 18:57:04,374 - map_video - DEBUG - [mapping_recorder.main:115] - [18:57:04] Redndı: False
2025-06-22 18:57:05,375 - map_video - DEBUG - [mapping_recorder.main:115] - [18:57:05] Redndı: False
2025-06-22 18:57:06,377 - map_video - DEBUG - [mapping_recorder.main:115] - [18:57:06] Redndı: False
2025-06-22 18:57:07,379 - map_video - DEBUG - [mapping_recorder.main:115] - [18:57:07] Redndı: False
2025-06-22 18:57:08,381 - map_video - DEBUG - [mapping_recorder.main:115] - [18:57:08] Redndı: False
2025-06-22 18:57:09,383 - map_video - DEBUG - [mapping_recorder.main:115] - [18:57:09] Redndı: False
2025-06-22 18:57:10,384 - map_video - DEBUG - [mapping_recorder.main:115] - [18:57:10] Redndı: False
2025-06-22 18:57:11,385 - map_video - DEBUG - [mapping_recorder.main:115] - [18:57:11] Redndı: False
2025-06-22 18:57:12,387 - map_video - DEBUG - [mapping_recorder.main:115] - [18:57:12] Redndı: False
2025-06-22 18:57:13,389 - map_video - DEBUG - [mapping_recorder.main:115] - [18:57:13] Redndı: False
2025-06-22 18:57:14,391 - map_video - DEBUG - [mapping_recorder.main:115] - [18:57:14] Redndı: False
2025-06-22 18:57:15,392 - map_video - DEBUG - [mapping_recorder.main:115] - [18:57:15] Redndı: False
2025-06-22 18:57:16,394 - map_video - DEBUG - [mapping_recorder.main:115] - [18:57:16] Redndı: False
2025-06-22 18:57:17,396 - map_video - DEBUG - [mapping_recorder.main:115] - [18:57:17] Redndı: False
2025-06-22 18:57:18,398 - map_video - DEBUG - [mapping_recorder.main:115] - [18:57:18] Redndı: False
2025-06-22 18:57:19,399 - map_video - DEBUG - [mapping_recorder.main:115] - [18:57:19] Redndı: False
2025-06-22 18:57:20,401 - map_video - DEBUG - [mapping_recorder.main:115] - [18:57:20] Redndı: False
2025-06-22 18:57:21,403 - map_video - DEBUG - [mapping_recorder.main:115] - [18:57:21] Redndı: False
2025-06-22 18:57:22,404 - map_video - DEBUG - [mapping_recorder.main:115] - [18:57:22] Redndı: False
2025-06-22 18:57:23,406 - map_video - DEBUG - [mapping_recorder.main:115] - [18:57:23] Redndı: False
2025-06-22 18:57:24,408 - map_video - DEBUG - [mapping_recorder.main:115] - [18:57:24] Redndı: False
2025-06-22 18:57:25,409 - map_video - DEBUG - [mapping_recorder.main:115] - [18:57:25] Redndı: False
2025-06-22 18:57:26,411 - map_video - DEBUG - [mapping_recorder.main:115] - [18:57:26] Redndı: False
2025-06-22 18:57:27,413 - map_video - DEBUG - [mapping_recorder.main:115] - [18:57:27] Redndı: False
2025-06-22 18:57:28,415 - map_video - DEBUG - [mapping_recorder.main:115] - [18:57:28] Redndı: False
2025-06-22 18:57:29,417 - map_video - DEBUG - [mapping_recorder.main:115] - [18:57:29] Redndı: False
2025-06-22 18:57:30,419 - map_video - DEBUG - [mapping_recorder.main:115] - [18:57:30] Redndı: False
2025-06-22 18:57:31,420 - map_video - DEBUG - [mapping_recorder.main:115] - [18:57:31] Redndı: False
2025-06-22 18:57:32,422 - map_video - DEBUG - [mapping_recorder.main:115] - [18:57:32] Redndı: False
2025-06-22 18:57:33,424 - map_video - DEBUG - [mapping_recorder.main:115] - [18:57:33] Redndı: False
2025-06-22 18:57:34,426 - map_video - DEBUG - [mapping_recorder.main:115] - [18:57:34] Redndı: False
2025-06-22 18:57:35,427 - map_video - DEBUG - [mapping_recorder.main:115] - [18:57:35] Redndı: False
2025-06-22 18:57:36,429 - map_video - DEBUG - [mapping_recorder.main:115] - [18:57:36] Redndı: False
2025-06-22 18:57:37,431 - map_video - DEBUG - [mapping_recorder.main:115] - [18:57:37] Redndı: False
2025-06-22 18:57:38,433 - map_video - DEBUG - [mapping_recorder.main:115] - [18:57:38] Redndı: False
2025-06-22 18:57:39,435 - map_video - DEBUG - [mapping_recorder.main:115] - [18:57:39] Redndı: False
2025-06-22 18:57:40,436 - map_video - DEBUG - [mapping_recorder.main:115] - [18:57:40] Redndı: False
2025-06-22 18:57:41,438 - map_video - DEBUG - [mapping_recorder.main:115] - [18:57:41] Redndı: False
2025-06-22 18:57:42,440 - map_video - DEBUG - [mapping_recorder.main:115] - [18:57:42] Redndı: False
2025-06-22 18:57:43,442 - map_video - DEBUG - [mapping_recorder.main:115] - [18:57:43] Redndı: False
2025-06-22 18:57:44,443 - map_video - DEBUG - [mapping_recorder.main:115] - [18:57:44] Redndı: False
2025-06-22 18:57:45,445 - map_video - DEBUG - [mapping_recorder.main:115] - [18:57:45] Redndı: False
2025-06-22 18:57:46,446 - map_video - DEBUG - [mapping_recorder.main:115] - [18:57:46] Redndı: False
2025-06-22 18:57:47,448 - map_video - DEBUG - [mapping_recorder.main:115] - [18:57:47] Redndı: False
2025-06-22 18:57:48,450 - map_video - DEBUG - [mapping_recorder.main:115] - [18:57:48] Redndı: False
2025-06-22 18:57:49,451 - map_video - DEBUG - [mapping_recorder.main:115] - [18:57:49] Redndı: False
2025-06-22 18:57:50,453 - map_video - DEBUG - [mapping_recorder.main:115] - [18:57:50] Redndı: False
2025-06-22 18:57:51,455 - map_video - DEBUG - [mapping_recorder.main:115] - [18:57:51] Redndı: False
2025-06-22 18:57:52,457 - map_video - DEBUG - [mapping_recorder.main:115] - [18:57:52] Redndı: False
2025-06-22 18:57:53,458 - map_video - DEBUG - [mapping_recorder.main:115] - [18:57:53] Redndı: False
2025-06-22 18:57:54,460 - map_video - DEBUG - [mapping_recorder.main:115] - [18:57:54] Redndı: False
2025-06-22 18:57:55,462 - map_video - DEBUG - [mapping_recorder.main:115] - [18:57:55] Redndı: False
2025-06-22 18:57:56,463 - map_video - DEBUG - [mapping_recorder.main:115] - [18:57:56] Redndı: False
2025-06-22 18:57:57,465 - map_video - DEBUG - [mapping_recorder.main:115] - [18:57:57] Redndı: False
2025-06-22 18:57:58,467 - map_video - DEBUG - [mapping_recorder.main:115] - [18:57:58] Redndı: False
2025-06-22 18:57:59,469 - map_video - DEBUG - [mapping_recorder.main:115] - [18:57:59] Redndı: False
2025-06-22 18:58:00,470 - map_video - DEBUG - [mapping_recorder.main:115] - [18:58:00] Redndı: False
2025-06-22 18:58:01,472 - map_video - DEBUG - [mapping_recorder.main:115] - [18:58:01] Redndı: False
2025-06-22 18:58:02,474 - map_video - DEBUG - [mapping_recorder.main:115] - [18:58:02] Redndı: False
2025-06-22 18:58:03,475 - map_video - DEBUG - [mapping_recorder.main:115] - [18:58:03] Redndı: False
2025-06-22 18:58:04,476 - map_video - DEBUG - [mapping_recorder.main:115] - [18:58:04] Redndı: False
2025-06-22 18:58:05,477 - map_video - DEBUG - [mapping_recorder.main:115] - [18:58:05] Redndı: False
2025-06-22 18:58:06,479 - map_video - DEBUG - [mapping_recorder.main:115] - [18:58:06] Redndı: False
2025-06-22 18:58:07,481 - map_video - DEBUG - [mapping_recorder.main:115] - [18:58:07] Redndı: False
2025-06-22 18:58:08,483 - map_video - DEBUG - [mapping_recorder.main:115] - [18:58:08] Redndı: False
2025-06-22 18:58:09,485 - map_video - DEBUG - [mapping_recorder.main:115] - [18:58:09] Redndı: False
2025-06-22 18:58:10,486 - map_video - DEBUG - [mapping_recorder.main:115] - [18:58:10] Redndı: False
2025-06-22 18:58:11,488 - map_video - DEBUG - [mapping_recorder.main:115] - [18:58:11] Redndı: False
2025-06-22 18:58:12,490 - map_video - DEBUG - [mapping_recorder.main:115] - [18:58:12] Redndı: False
2025-06-22 18:58:13,491 - map_video - DEBUG - [mapping_recorder.main:115] - [18:58:13] Redndı: False
2025-06-22 18:58:14,493 - map_video - DEBUG - [mapping_recorder.main:115] - [18:58:14] Redndı: False
2025-06-22 18:58:15,495 - map_video - DEBUG - [mapping_recorder.main:115] - [18:58:15] Redndı: False
2025-06-22 18:58:16,496 - map_video - DEBUG - [mapping_recorder.main:115] - [18:58:16] Redndı: False
2025-06-22 18:58:17,498 - map_video - DEBUG - [mapping_recorder.main:115] - [18:58:17] Redndı: False
2025-06-22 18:58:18,500 - map_video - DEBUG - [mapping_recorder.main:115] - [18:58:18] Redndı: False
2025-06-22 18:58:19,502 - map_video - DEBUG - [mapping_recorder.main:115] - [18:58:19] Redndı: False
2025-06-22 18:58:20,503 - map_video - DEBUG - [mapping_recorder.main:115] - [18:58:20] Redndı: False
2025-06-22 18:58:21,505 - map_video - DEBUG - [mapping_recorder.main:115] - [18:58:21] Redndı: False
2025-06-22 18:58:22,507 - map_video - DEBUG - [mapping_recorder.main:115] - [18:58:22] Redndı: False
2025-06-22 18:58:23,509 - map_video - DEBUG - [mapping_recorder.main:115] - [18:58:23] Redndı: False
2025-06-22 18:58:24,511 - map_video - DEBUG - [mapping_recorder.main:115] - [18:58:24] Redndı: False
2025-06-22 18:58:25,512 - map_video - DEBUG - [mapping_recorder.main:115] - [18:58:25] Redndı: False
2025-06-22 18:58:26,514 - map_video - DEBUG - [mapping_recorder.main:115] - [18:58:26] Redndı: False
2025-06-22 18:58:27,515 - map_video - DEBUG - [mapping_recorder.main:115] - [18:58:27] Redndı: False
2025-06-22 18:58:28,517 - map_video - DEBUG - [mapping_recorder.main:115] - [18:58:28] Redndı: False
2025-06-22 18:58:29,519 - map_video - DEBUG - [mapping_recorder.main:115] - [18:58:29] Redndı: False
2025-06-22 18:58:30,521 - map_video - DEBUG - [mapping_recorder.main:115] - [18:58:30] Redndı: False
2025-06-22 18:58:31,523 - map_video - DEBUG - [mapping_recorder.main:115] - [18:58:31] Redndı: False
2025-06-22 18:58:32,525 - map_video - DEBUG - [mapping_recorder.main:115] - [18:58:32] Redndı: False
2025-06-22 18:58:33,526 - map_video - DEBUG - [mapping_recorder.main:115] - [18:58:33] Redndı: False
2025-06-22 18:58:34,528 - map_video - DEBUG - [mapping_recorder.main:115] - [18:58:34] Redndı: False
2025-06-22 18:58:35,530 - map_video - DEBUG - [mapping_recorder.main:115] - [18:58:35] Redndı: False
2025-06-22 18:58:36,532 - map_video - DEBUG - [mapping_recorder.main:115] - [18:58:36] Redndı: False
2025-06-22 18:58:37,534 - map_video - DEBUG - [mapping_recorder.main:115] - [18:58:37] Redndı: False
2025-06-22 18:58:38,535 - map_video - DEBUG - [mapping_recorder.main:115] - [18:58:38] Redndı: False
2025-06-22 18:58:39,537 - map_video - DEBUG - [mapping_recorder.main:115] - [18:58:39] Redndı: False
2025-06-22 18:58:40,539 - map_video - DEBUG - [mapping_recorder.main:115] - [18:58:40] Redndı: False
2025-06-22 18:58:41,541 - map_video - DEBUG - [mapping_recorder.main:115] - [18:58:41] Redndı: False
2025-06-22 18:58:42,542 - map_video - DEBUG - [mapping_recorder.main:115] - [18:58:42] Redndı: False
2025-06-22 18:58:43,544 - map_video - DEBUG - [mapping_recorder.main:115] - [18:58:43] Redndı: False
2025-06-22 18:58:44,546 - map_video - DEBUG - [mapping_recorder.main:115] - [18:58:44] Redndı: False
2025-06-22 18:58:45,547 - map_video - DEBUG - [mapping_recorder.main:115] - [18:58:45] Redndı: False
2025-06-22 18:58:46,549 - map_video - DEBUG - [mapping_recorder.main:115] - [18:58:46] Redndı: False
2025-06-22 18:58:47,551 - map_video - DEBUG - [mapping_recorder.main:115] - [18:58:47] Redndı: False
2025-06-22 18:58:48,553 - map_video - DEBUG - [mapping_recorder.main:115] - [18:58:48] Redndı: False
2025-06-22 18:58:49,555 - map_video - DEBUG - [mapping_recorder.main:115] - [18:58:49] Redndı: False
2025-06-22 18:58:50,556 - map_video - DEBUG - [mapping_recorder.main:115] - [18:58:50] Redndı: False
2025-06-22 18:58:51,558 - map_video - DEBUG - [mapping_recorder.main:115] - [18:58:51] Redndı: False
2025-06-22 18:58:52,560 - map_video - DEBUG - [mapping_recorder.main:115] - [18:58:52] Redndı: False
2025-06-22 18:58:53,562 - map_video - DEBUG - [mapping_recorder.main:115] - [18:58:53] Redndı: False
2025-06-22 18:58:54,563 - map_video - DEBUG - [mapping_recorder.main:115] - [18:58:54] Redndı: False
2025-06-22 18:58:55,565 - map_video - DEBUG - [mapping_recorder.main:115] - [18:58:55] Redndı: False
2025-06-22 18:58:56,567 - map_video - DEBUG - [mapping_recorder.main:115] - [18:58:56] Redndı: False
2025-06-22 18:58:57,569 - map_video - DEBUG - [mapping_recorder.main:115] - [18:58:57] Redndı: False
2025-06-22 18:58:58,571 - map_video - DEBUG - [mapping_recorder.main:115] - [18:58:58] Redndı: False
2025-06-22 18:58:59,573 - map_video - DEBUG - [mapping_recorder.main:115] - [18:58:59] Redndı: False
2025-06-22 18:59:00,575 - map_video - DEBUG - [mapping_recorder.main:115] - [18:59:00] Redndı: False
2025-06-22 18:59:01,577 - map_video - DEBUG - [mapping_recorder.main:115] - [18:59:01] Redndı: False
2025-06-22 18:59:02,578 - map_video - DEBUG - [mapping_recorder.main:115] - [18:59:02] Redndı: False
2025-06-22 18:59:03,580 - map_video - DEBUG - [mapping_recorder.main:115] - [18:59:03] Redndı: False
2025-06-22 18:59:04,582 - map_video - DEBUG - [mapping_recorder.main:115] - [18:59:04] Redndı: False
2025-06-22 18:59:05,584 - map_video - DEBUG - [mapping_recorder.main:115] - [18:59:05] Redndı: False
2025-06-22 18:59:06,586 - map_video - DEBUG - [mapping_recorder.main:115] - [18:59:06] Redndı: False
2025-06-22 18:59:07,588 - map_video - DEBUG - [mapping_recorder.main:115] - [18:59:07] Redndı: False
2025-06-22 18:59:08,589 - map_video - DEBUG - [mapping_recorder.main:115] - [18:59:08] Redndı: False
2025-06-22 18:59:09,591 - map_video - DEBUG - [mapping_recorder.main:115] - [18:59:09] Redndı: False
2025-06-22 18:59:10,593 - map_video - DEBUG - [mapping_recorder.main:115] - [18:59:10] Redndı: False
2025-06-22 18:59:11,594 - map_video - DEBUG - [mapping_recorder.main:115] - [18:59:11] Redndı: False
2025-06-22 18:59:12,596 - map_video - DEBUG - [mapping_recorder.main:115] - [18:59:12] Redndı: False
2025-06-22 18:59:13,598 - map_video - DEBUG - [mapping_recorder.main:115] - [18:59:13] Redndı: False
2025-06-22 18:59:14,599 - map_video - DEBUG - [mapping_recorder.main:115] - [18:59:14] Redndı: False
2025-06-22 18:59:15,601 - map_video - DEBUG - [mapping_recorder.main:115] - [18:59:15] Redndı: False
2025-06-22 18:59:16,602 - map_video - DEBUG - [mapping_recorder.main:115] - [18:59:16] Redndı: False
2025-06-22 18:59:17,604 - map_video - DEBUG - [mapping_recorder.main:115] - [18:59:17] Redndı: False
2025-06-22 18:59:18,606 - map_video - DEBUG - [mapping_recorder.main:115] - [18:59:18] Redndı: False
2025-06-22 18:59:19,607 - map_video - DEBUG - [mapping_recorder.main:115] - [18:59:19] Redndı: False
2025-06-22 18:59:20,609 - map_video - DEBUG - [mapping_recorder.main:115] - [18:59:20] Redndı: False
2025-06-22 18:59:21,611 - map_video - DEBUG - [mapping_recorder.main:115] - [18:59:21] Redndı: False
2025-06-22 18:59:22,612 - map_video - DEBUG - [mapping_recorder.main:115] - [18:59:22] Redndı: False
2025-06-22 18:59:23,614 - map_video - DEBUG - [mapping_recorder.main:115] - [18:59:23] Redndı: False
2025-06-22 18:59:24,615 - map_video - DEBUG - [mapping_recorder.main:115] - [18:59:24] Redndı: False
2025-06-22 18:59:25,617 - map_video - DEBUG - [mapping_recorder.main:115] - [18:59:25] Redndı: False
2025-06-22 18:59:26,618 - map_video - DEBUG - [mapping_recorder.main:115] - [18:59:26] Redndı: False
2025-06-22 18:59:27,620 - map_video - DEBUG - [mapping_recorder.main:115] - [18:59:27] Redndı: False
2025-06-22 18:59:28,622 - map_video - DEBUG - [mapping_recorder.main:115] - [18:59:28] Redndı: False
2025-06-22 18:59:29,623 - map_video - DEBUG - [mapping_recorder.main:115] - [18:59:29] Redndı: False
2025-06-22 18:59:30,625 - map_video - DEBUG - [mapping_recorder.main:115] - [18:59:30] Redndı: False
2025-06-22 18:59:31,626 - map_video - DEBUG - [mapping_recorder.main:115] - [18:59:31] Redndı: False
2025-06-22 18:59:32,628 - map_video - DEBUG - [mapping_recorder.main:115] - [18:59:32] Redndı: False
2025-06-22 18:59:33,630 - map_video - DEBUG - [mapping_recorder.main:115] - [18:59:33] Redndı: False
2025-06-22 18:59:34,631 - map_video - DEBUG - [mapping_recorder.main:115] - [18:59:34] Redndı: False
2025-06-22 18:59:35,633 - map_video - DEBUG - [mapping_recorder.main:115] - [18:59:35] Redndı: False
2025-06-22 18:59:36,635 - map_video - DEBUG - [mapping_recorder.main:115] - [18:59:36] Redndı: False
2025-06-22 18:59:37,636 - map_video - DEBUG - [mapping_recorder.main:115] - [18:59:37] Redndı: False
2025-06-22 18:59:38,638 - map_video - DEBUG - [mapping_recorder.main:115] - [18:59:38] Redndı: False
2025-06-22 18:59:39,639 - map_video - DEBUG - [mapping_recorder.main:115] - [18:59:39] Redndı: False
2025-06-22 18:59:40,641 - map_video - DEBUG - [mapping_recorder.main:115] - [18:59:40] Redndı: False
2025-06-22 18:59:41,642 - map_video - DEBUG - [mapping_recorder.main:115] - [18:59:41] Redndı: False
2025-06-22 18:59:42,644 - map_video - DEBUG - [mapping_recorder.main:115] - [18:59:42] Redndı: False
2025-06-22 18:59:43,646 - map_video - DEBUG - [mapping_recorder.main:115] - [18:59:43] Redndı: False
2025-06-22 18:59:44,647 - map_video - DEBUG - [mapping_recorder.main:115] - [18:59:44] Redndı: False
2025-06-22 18:59:45,649 - map_video - DEBUG - [mapping_recorder.main:115] - [18:59:45] Redndı: False
2025-06-22 18:59:46,650 - map_video - DEBUG - [mapping_recorder.main:115] - [18:59:46] Redndı: False
2025-06-22 18:59:47,652 - map_video - DEBUG - [mapping_recorder.main:115] - [18:59:47] Redndı: False
2025-06-22 18:59:48,654 - map_video - DEBUG - [mapping_recorder.main:115] - [18:59:48] Redndı: False
2025-06-22 18:59:49,655 - map_video - DEBUG - [mapping_recorder.main:115] - [18:59:49] Redndı: False
2025-06-22 18:59:50,657 - map_video - DEBUG - [mapping_recorder.main:115] - [18:59:50] Redndı: False
2025-06-22 18:59:51,659 - map_video - DEBUG - [mapping_recorder.main:115] - [18:59:51] Redndı: False
2025-06-22 18:59:52,660 - map_video - DEBUG - [mapping_recorder.main:115] - [18:59:52] Redndı: False
2025-06-22 18:59:53,662 - map_video - DEBUG - [mapping_recorder.main:115] - [18:59:53] Redndı: False
2025-06-22 18:59:54,663 - map_video - DEBUG - [mapping_recorder.main:115] - [18:59:54] Redndı: False
2025-06-22 18:59:55,665 - map_video - DEBUG - [mapping_recorder.main:115] - [18:59:55] Redndı: False
2025-06-22 18:59:56,667 - map_video - DEBUG - [mapping_recorder.main:115] - [18:59:56] Redndı: False
2025-06-22 18:59:57,701 - map_video - DEBUG - [mapping_recorder.main:115] - [18:59:57] Redndı: False
2025-06-22 18:59:58,702 - map_video - DEBUG - [mapping_recorder.main:115] - [18:59:58] Redndı: False
2025-06-22 18:59:59,704 - map_video - DEBUG - [mapping_recorder.main:115] - [18:59:59] Redndı: False
2025-06-22 19:00:00,706 - map_video - DEBUG - [mapping_recorder.main:115] - [19:00:00] Redndı: False
2025-06-22 19:00:01,707 - map_video - DEBUG - [mapping_recorder.main:115] - [19:00:01] Redndı: False
2025-06-22 19:00:02,709 - map_video - DEBUG - [mapping_recorder.main:115] - [19:00:02] Redndı: False
2025-06-22 19:00:03,711 - map_video - DEBUG - [mapping_recorder.main:115] - [19:00:03] Redndı: False
2025-06-22 19:00:04,713 - map_video - DEBUG - [mapping_recorder.main:115] - [19:00:04] Redndı: False
2025-06-22 19:00:05,714 - map_video - DEBUG - [mapping_recorder.main:115] - [19:00:05] Redndı: False
2025-06-22 19:00:06,716 - map_video - DEBUG - [mapping_recorder.main:115] - [19:00:06] Redndı: False
2025-06-22 19:00:07,718 - map_video - DEBUG - [mapping_recorder.main:115] - [19:00:07] Redndı: False
2025-06-22 19:00:08,719 - map_video - DEBUG - [mapping_recorder.main:115] - [19:00:08] Redndı: False
2025-06-22 19:00:09,721 - map_video - DEBUG - [mapping_recorder.main:115] - [19:00:09] Redndı: False
2025-06-22 19:00:10,723 - map_video - DEBUG - [mapping_recorder.main:115] - [19:00:10] Redndı: False
2025-06-22 19:00:11,725 - map_video - DEBUG - [mapping_recorder.main:115] - [19:00:11] Redndı: False
2025-06-22 19:00:12,726 - map_video - DEBUG - [mapping_recorder.main:115] - [19:00:12] Redndı: False
2025-06-22 19:00:13,728 - map_video - DEBUG - [mapping_recorder.main:115] - [19:00:13] Redndı: False
2025-06-22 19:00:14,730 - map_video - DEBUG - [mapping_recorder.main:115] - [19:00:14] Redndı: False
2025-06-22 19:00:15,731 - map_video - DEBUG - [mapping_recorder.main:115] - [19:00:15] Redndı: False
2025-06-22 19:00:16,733 - map_video - DEBUG - [mapping_recorder.main:115] - [19:00:16] Redndı: False
2025-06-22 19:00:17,735 - map_video - DEBUG - [mapping_recorder.main:115] - [19:00:17] Redndı: False
2025-06-22 19:00:18,737 - map_video - DEBUG - [mapping_recorder.main:115] - [19:00:18] Redndı: False
2025-06-22 19:00:19,738 - map_video - DEBUG - [mapping_recorder.main:115] - [19:00:19] Redndı: False
2025-06-22 19:00:20,740 - map_video - DEBUG - [mapping_recorder.main:115] - [19:00:20] Redndı: False
2025-06-22 19:00:21,742 - map_video - DEBUG - [mapping_recorder.main:115] - [19:00:21] Redndı: False
2025-06-22 19:00:22,744 - map_video - DEBUG - [mapping_recorder.main:115] - [19:00:22] Redndı: False
2025-06-22 19:00:23,746 - map_video - DEBUG - [mapping_recorder.main:115] - [19:00:23] Redndı: False
2025-06-22 19:00:24,747 - map_video - DEBUG - [mapping_recorder.main:115] - [19:00:24] Redndı: False
2025-06-22 19:00:25,749 - map_video - DEBUG - [mapping_recorder.main:115] - [19:00:25] Redndı: False
2025-06-22 19:00:26,751 - map_video - DEBUG - [mapping_recorder.main:115] - [19:00:26] Redndı: False
2025-06-22 19:00:27,753 - map_video - DEBUG - [mapping_recorder.main:115] - [19:00:27] Redndı: False
2025-06-22 19:00:28,754 - map_video - DEBUG - [mapping_recorder.main:115] - [19:00:28] Redndı: False
2025-06-22 19:00:29,756 - map_video - DEBUG - [mapping_recorder.main:115] - [19:00:29] Redndı: False
2025-06-22 19:00:30,758 - map_video - DEBUG - [mapping_recorder.main:115] - [19:00:30] Redndı: False
2025-06-22 19:00:31,760 - map_video - DEBUG - [mapping_recorder.main:115] - [19:00:31] Redndı: False
2025-06-22 19:00:32,762 - map_video - DEBUG - [mapping_recorder.main:115] - [19:00:32] Redndı: False
2025-06-22 19:00:33,763 - map_video - DEBUG - [mapping_recorder.main:115] - [19:00:33] Redndı: False
2025-06-22 19:00:34,765 - map_video - DEBUG - [mapping_recorder.main:115] - [19:00:34] Redndı: False
2025-06-22 19:00:35,767 - map_video - DEBUG - [mapping_recorder.main:115] - [19:00:35] Redndı: False
2025-06-22 19:00:36,768 - map_video - DEBUG - [mapping_recorder.main:115] - [19:00:36] Redndı: False
2025-06-22 19:00:37,770 - map_video - DEBUG - [mapping_recorder.main:115] - [19:00:37] Redndı: False
2025-06-22 19:00:38,772 - map_video - DEBUG - [mapping_recorder.main:115] - [19:00:38] Redndı: False
2025-06-22 19:00:39,774 - map_video - DEBUG - [mapping_recorder.main:115] - [19:00:39] Redndı: False
2025-06-22 19:00:40,775 - map_video - DEBUG - [mapping_recorder.main:115] - [19:00:40] Redndı: False
2025-06-22 19:00:41,777 - map_video - DEBUG - [mapping_recorder.main:115] - [19:00:41] Redndı: False
2025-06-22 19:00:42,779 - map_video - DEBUG - [mapping_recorder.main:115] - [19:00:42] Redndı: False
2025-06-22 19:00:43,781 - map_video - DEBUG - [mapping_recorder.main:115] - [19:00:43] Redndı: False
2025-06-22 19:00:44,783 - map_video - DEBUG - [mapping_recorder.main:115] - [19:00:44] Redndı: False
2025-06-22 19:00:45,784 - map_video - DEBUG - [mapping_recorder.main:115] - [19:00:45] Redndı: False
2025-06-22 19:00:46,786 - map_video - DEBUG - [mapping_recorder.main:115] - [19:00:46] Redndı: False
2025-06-22 19:00:47,820 - map_video - DEBUG - [mapping_recorder.main:115] - [19:00:47] Redndı: False
2025-06-22 19:00:48,822 - map_video - DEBUG - [mapping_recorder.main:115] - [19:00:48] Redndı: False
2025-06-22 19:00:49,824 - map_video - DEBUG - [mapping_recorder.main:115] - [19:00:49] Redndı: False
2025-06-22 19:00:50,826 - map_video - DEBUG - [mapping_recorder.main:115] - [19:00:50] Redndı: False
2025-06-22 19:00:51,827 - map_video - DEBUG - [mapping_recorder.main:115] - [19:00:51] Redndı: False
2025-06-22 19:00:52,829 - map_video - DEBUG - [mapping_recorder.main:115] - [19:00:52] Redndı: False
2025-06-22 19:00:53,831 - map_video - DEBUG - [mapping_recorder.main:115] - [19:00:53] Redndı: False
2025-06-22 19:00:54,833 - map_video - DEBUG - [mapping_recorder.main:115] - [19:00:54] Redndı: False
2025-06-22 19:00:55,835 - map_video - DEBUG - [mapping_recorder.main:115] - [19:00:55] Redndı: False
2025-06-22 19:00:56,836 - map_video - DEBUG - [mapping_recorder.main:115] - [19:00:56] Redndı: False
2025-06-22 19:00:57,838 - map_video - DEBUG - [mapping_recorder.main:115] - [19:00:57] Redndı: False
2025-06-22 19:00:58,839 - map_video - DEBUG - [mapping_recorder.main:115] - [19:00:58] Redndı: False
2025-06-22 19:00:59,841 - map_video - DEBUG - [mapping_recorder.main:115] - [19:00:59] Redndı: False
2025-06-22 19:01:00,843 - map_video - DEBUG - [mapping_recorder.main:115] - [19:01:00] Redndı: False
2025-06-22 19:01:01,844 - map_video - DEBUG - [mapping_recorder.main:115] - [19:01:01] Redndı: False
2025-06-22 19:01:02,846 - map_video - DEBUG - [mapping_recorder.main:115] - [19:01:02] Redndı: False
2025-06-22 19:01:03,847 - map_video - DEBUG - [mapping_recorder.main:115] - [19:01:03] Redndı: False
2025-06-22 19:01:04,849 - map_video - DEBUG - [mapping_recorder.main:115] - [19:01:04] Redndı: False
2025-06-22 19:01:05,851 - map_video - DEBUG - [mapping_recorder.main:115] - [19:01:05] Redndı: False
2025-06-22 19:01:06,853 - map_video - DEBUG - [mapping_recorder.main:115] - [19:01:06] Redndı: False
2025-06-22 19:01:07,855 - map_video - DEBUG - [mapping_recorder.main:115] - [19:01:07] Redndı: False
2025-06-22 19:01:08,857 - map_video - DEBUG - [mapping_recorder.main:115] - [19:01:08] Redndı: False
2025-06-22 19:01:09,858 - map_video - DEBUG - [mapping_recorder.main:115] - [19:01:09] Redndı: False
2025-06-22 19:01:10,860 - map_video - DEBUG - [mapping_recorder.main:115] - [19:01:10] Redndı: False
2025-06-22 19:01:11,862 - map_video - DEBUG - [mapping_recorder.main:115] - [19:01:11] Redndı: False
2025-06-22 19:01:12,863 - map_video - DEBUG - [mapping_recorder.main:115] - [19:01:12] Redndı: False
2025-06-22 19:01:13,865 - map_video - DEBUG - [mapping_recorder.main:115] - [19:01:13] Redndı: False
2025-06-22 19:01:14,867 - map_video - DEBUG - [mapping_recorder.main:115] - [19:01:14] Redndı: False
2025-06-22 19:01:15,868 - map_video - DEBUG - [mapping_recorder.main:115] - [19:01:15] Redndı: False
2025-06-22 19:01:16,870 - map_video - DEBUG - [mapping_recorder.main:115] - [19:01:16] Redndı: False
2025-06-22 19:01:17,872 - map_video - DEBUG - [mapping_recorder.main:115] - [19:01:17] Redndı: False
2025-06-22 19:01:18,874 - map_video - DEBUG - [mapping_recorder.main:115] - [19:01:18] Redndı: False
2025-06-22 19:01:19,875 - map_video - DEBUG - [mapping_recorder.main:115] - [19:01:19] Redndı: False
2025-06-22 19:01:20,877 - map_video - DEBUG - [mapping_recorder.main:115] - [19:01:20] Redndı: False
2025-06-22 19:01:21,879 - map_video - DEBUG - [mapping_recorder.main:115] - [19:01:21] Redndı: False
2025-06-22 19:01:22,881 - map_video - DEBUG - [mapping_recorder.main:115] - [19:01:22] Redndı: False
2025-06-22 19:01:23,882 - map_video - DEBUG - [mapping_recorder.main:115] - [19:01:23] Redndı: False
2025-06-22 19:01:24,884 - map_video - DEBUG - [mapping_recorder.main:115] - [19:01:24] Redndı: False
2025-06-22 19:01:25,886 - map_video - DEBUG - [mapping_recorder.main:115] - [19:01:25] Redndı: False
2025-06-22 19:01:26,887 - map_video - DEBUG - [mapping_recorder.main:115] - [19:01:26] Redndı: False
2025-06-22 19:01:27,889 - map_video - DEBUG - [mapping_recorder.main:115] - [19:01:27] Redndı: False
2025-06-22 19:01:28,891 - map_video - DEBUG - [mapping_recorder.main:115] - [19:01:28] Redndı: False
2025-06-22 19:01:29,893 - map_video - DEBUG - [mapping_recorder.main:115] - [19:01:29] Redndı: False
2025-06-22 19:01:30,894 - map_video - DEBUG - [mapping_recorder.main:115] - [19:01:30] Redndı: False
2025-06-22 19:01:31,896 - map_video - DEBUG - [mapping_recorder.main:115] - [19:01:31] Redndı: False
2025-06-22 19:01:32,897 - map_video - DEBUG - [mapping_recorder.main:115] - [19:01:32] Redndı: False
2025-06-22 19:01:33,899 - map_video - DEBUG - [mapping_recorder.main:115] - [19:01:33] Redndı: False
2025-06-22 19:01:34,901 - map_video - DEBUG - [mapping_recorder.main:115] - [19:01:34] Redndı: False
2025-06-22 19:01:35,903 - map_video - DEBUG - [mapping_recorder.main:115] - [19:01:35] Redndı: False
2025-06-22 19:01:36,904 - map_video - DEBUG - [mapping_recorder.main:115] - [19:01:36] Redndı: False
2025-06-22 19:01:37,906 - map_video - DEBUG - [mapping_recorder.main:115] - [19:01:37] Redndı: False
2025-06-22 19:01:38,908 - map_video - DEBUG - [mapping_recorder.main:115] - [19:01:38] Redndı: False
2025-06-22 19:01:39,910 - map_video - DEBUG - [mapping_recorder.main:115] - [19:01:39] Redndı: False
2025-06-22 19:01:40,911 - map_video - DEBUG - [mapping_recorder.main:115] - [19:01:40] Redndı: False
2025-06-22 19:01:41,913 - map_video - DEBUG - [mapping_recorder.main:115] - [19:01:41] Redndı: False
2025-06-22 19:01:42,915 - map_video - DEBUG - [mapping_recorder.main:115] - [19:01:42] Redndı: False
2025-06-22 19:01:43,917 - map_video - DEBUG - [mapping_recorder.main:115] - [19:01:43] Redndı: False
2025-06-22 19:01:44,918 - map_video - DEBUG - [mapping_recorder.main:115] - [19:01:44] Redndı: False
2025-06-22 19:01:45,920 - map_video - DEBUG - [mapping_recorder.main:115] - [19:01:45] Redndı: False
2025-06-22 19:01:46,922 - map_video - DEBUG - [mapping_recorder.main:115] - [19:01:46] Redndı: False
2025-06-22 19:01:47,923 - map_video - DEBUG - [mapping_recorder.main:115] - [19:01:47] Redndı: False
2025-06-22 19:01:48,925 - map_video - DEBUG - [mapping_recorder.main:115] - [19:01:48] Redndı: False
2025-06-22 19:01:49,927 - map_video - DEBUG - [mapping_recorder.main:115] - [19:01:49] Redndı: False
2025-06-22 19:01:50,928 - map_video - DEBUG - [mapping_recorder.main:115] - [19:01:50] Redndı: False
2025-06-22 19:01:51,930 - map_video - DEBUG - [mapping_recorder.main:115] - [19:01:51] Redndı: False
2025-06-22 19:01:52,932 - map_video - DEBUG - [mapping_recorder.main:115] - [19:01:52] Redndı: False
2025-06-22 19:01:53,934 - map_video - DEBUG - [mapping_recorder.main:115] - [19:01:53] Redndı: False
2025-06-22 19:01:54,935 - map_video - DEBUG - [mapping_recorder.main:115] - [19:01:54] Redndı: False
2025-06-22 19:01:55,937 - map_video - DEBUG - [mapping_recorder.main:115] - [19:01:55] Redndı: False
2025-06-22 19:01:56,938 - map_video - DEBUG - [mapping_recorder.main:115] - [19:01:56] Redndı: False
2025-06-22 19:01:57,939 - map_video - DEBUG - [mapping_recorder.main:115] - [19:01:57] Redndı: False
2025-06-22 19:01:58,941 - map_video - DEBUG - [mapping_recorder.main:115] - [19:01:58] Redndı: False
2025-06-22 19:01:59,943 - map_video - DEBUG - [mapping_recorder.main:115] - [19:01:59] Redndı: False
2025-06-22 19:02:00,944 - map_video - DEBUG - [mapping_recorder.main:115] - [19:02:00] Redndı: False
2025-06-22 19:02:01,945 - map_video - DEBUG - [mapping_recorder.main:115] - [19:02:01] Redndı: False
2025-06-22 19:02:02,947 - map_video - DEBUG - [mapping_recorder.main:115] - [19:02:02] Redndı: False
2025-06-22 19:02:03,949 - map_video - DEBUG - [mapping_recorder.main:115] - [19:02:03] Redndı: False
2025-06-22 19:02:04,951 - map_video - DEBUG - [mapping_recorder.main:115] - [19:02:04] Redndı: False
2025-06-22 19:02:05,952 - map_video - DEBUG - [mapping_recorder.main:115] - [19:02:05] Redndı: False
2025-06-22 19:02:06,954 - map_video - DEBUG - [mapping_recorder.main:115] - [19:02:06] Redndı: False
2025-06-22 19:02:07,956 - map_video - DEBUG - [mapping_recorder.main:115] - [19:02:07] Redndı: False
2025-06-22 19:02:08,958 - map_video - DEBUG - [mapping_recorder.main:115] - [19:02:08] Redndı: False
2025-06-22 19:02:09,959 - map_video - DEBUG - [mapping_recorder.main:115] - [19:02:09] Redndı: False
2025-06-22 19:02:10,961 - map_video - DEBUG - [mapping_recorder.main:115] - [19:02:10] Redndı: False
2025-06-22 19:02:11,963 - map_video - DEBUG - [mapping_recorder.main:115] - [19:02:11] Redndı: False
2025-06-22 19:02:12,965 - map_video - DEBUG - [mapping_recorder.main:115] - [19:02:12] Redndı: False
2025-06-22 19:02:13,966 - map_video - DEBUG - [mapping_recorder.main:115] - [19:02:13] Redndı: False
2025-06-22 19:02:14,968 - map_video - DEBUG - [mapping_recorder.main:115] - [19:02:14] Redndı: False
2025-06-22 19:02:15,970 - map_video - DEBUG - [mapping_recorder.main:115] - [19:02:15] Redndı: False
2025-06-22 19:02:16,972 - map_video - DEBUG - [mapping_recorder.main:115] - [19:02:16] Redndı: False
2025-06-22 19:02:17,973 - map_video - DEBUG - [mapping_recorder.main:115] - [19:02:17] Redndı: False
2025-06-22 19:02:18,975 - map_video - DEBUG - [mapping_recorder.main:115] - [19:02:18] Redndı: False
2025-06-22 19:02:19,977 - map_video - DEBUG - [mapping_recorder.main:115] - [19:02:19] Redndı: False
2025-06-22 19:02:20,979 - map_video - DEBUG - [mapping_recorder.main:115] - [19:02:20] Redndı: False
2025-06-22 19:02:21,981 - map_video - DEBUG - [mapping_recorder.main:115] - [19:02:21] Redndı: False
2025-06-22 19:02:22,982 - map_video - DEBUG - [mapping_recorder.main:115] - [19:02:22] Redndı: False
2025-06-22 19:02:23,984 - map_video - DEBUG - [mapping_recorder.main:115] - [19:02:23] Redndı: False
2025-06-22 19:02:24,986 - map_video - DEBUG - [mapping_recorder.main:115] - [19:02:24] Redndı: False
2025-06-22 19:02:25,987 - map_video - DEBUG - [mapping_recorder.main:115] - [19:02:25] Redndı: False
2025-06-22 19:02:26,989 - map_video - DEBUG - [mapping_recorder.main:115] - [19:02:26] Redndı: False
2025-06-22 19:02:27,991 - map_video - DEBUG - [mapping_recorder.main:115] - [19:02:27] Redndı: False
2025-06-22 19:02:28,993 - map_video - DEBUG - [mapping_recorder.main:115] - [19:02:28] Redndı: False
2025-06-22 19:02:29,994 - map_video - DEBUG - [mapping_recorder.main:115] - [19:02:29] Redndı: False
2025-06-22 19:02:30,996 - map_video - DEBUG - [mapping_recorder.main:115] - [19:02:30] Redndı: False
2025-06-22 19:02:31,998 - map_video - DEBUG - [mapping_recorder.main:115] - [19:02:31] Redndı: False
2025-06-22 19:02:32,999 - map_video - DEBUG - [mapping_recorder.main:115] - [19:02:32] Redndı: False
2025-06-22 19:02:34,001 - map_video - DEBUG - [mapping_recorder.main:115] - [19:02:34] Redndı: False
2025-06-22 19:02:35,003 - map_video - DEBUG - [mapping_recorder.main:115] - [19:02:35] Redndı: False
2025-06-22 19:02:36,004 - map_video - DEBUG - [mapping_recorder.main:115] - [19:02:36] Redndı: False
2025-06-22 19:02:37,006 - map_video - DEBUG - [mapping_recorder.main:115] - [19:02:37] Redndı: False
2025-06-22 19:02:38,008 - map_video - DEBUG - [mapping_recorder.main:115] - [19:02:38] Redndı: False
2025-06-22 19:02:39,010 - map_video - DEBUG - [mapping_recorder.main:115] - [19:02:39] Redndı: False
2025-06-22 19:02:40,011 - map_video - DEBUG - [mapping_recorder.main:115] - [19:02:40] Redndı: False
2025-06-22 19:02:41,013 - map_video - DEBUG - [mapping_recorder.main:115] - [19:02:41] Redndı: False
2025-06-22 19:02:42,015 - map_video - DEBUG - [mapping_recorder.main:115] - [19:02:42] Redndı: False
2025-06-22 19:02:43,017 - map_video - DEBUG - [mapping_recorder.main:115] - [19:02:43] Redndı: False
2025-06-22 19:02:44,018 - map_video - DEBUG - [mapping_recorder.main:115] - [19:02:44] Redndı: False
2025-06-22 19:02:45,020 - map_video - DEBUG - [mapping_recorder.main:115] - [19:02:45] Redndı: False
2025-06-22 19:02:46,022 - map_video - DEBUG - [mapping_recorder.main:115] - [19:02:46] Redndı: False
2025-06-22 19:02:47,023 - map_video - DEBUG - [mapping_recorder.main:115] - [19:02:47] Redndı: False
2025-06-22 19:02:48,025 - map_video - DEBUG - [mapping_recorder.main:115] - [19:02:48] Redndı: False
2025-06-22 19:02:49,027 - map_video - DEBUG - [mapping_recorder.main:115] - [19:02:49] Redndı: False
2025-06-22 19:02:50,029 - map_video - DEBUG - [mapping_recorder.main:115] - [19:02:50] Redndı: False
2025-06-22 19:02:51,031 - map_video - DEBUG - [mapping_recorder.main:115] - [19:02:51] Redndı: False
2025-06-22 19:02:52,032 - map_video - DEBUG - [mapping_recorder.main:115] - [19:02:52] Redndı: False
2025-06-22 19:02:53,034 - map_video - DEBUG - [mapping_recorder.main:115] - [19:02:53] Redndı: False
2025-06-22 19:02:54,035 - map_video - DEBUG - [mapping_recorder.main:115] - [19:02:54] Redndı: False
2025-06-22 19:02:55,037 - map_video - DEBUG - [mapping_recorder.main:115] - [19:02:55] Redndı: False
2025-06-22 19:02:56,039 - map_video - DEBUG - [mapping_recorder.main:115] - [19:02:56] Redndı: False
2025-06-22 19:02:57,041 - map_video - DEBUG - [mapping_recorder.main:115] - [19:02:57] Redndı: False
2025-06-22 19:02:58,042 - map_video - DEBUG - [mapping_recorder.main:115] - [19:02:58] Redndı: False
2025-06-22 19:02:59,043 - map_video - DEBUG - [mapping_recorder.main:115] - [19:02:59] Redndı: False
2025-06-22 19:03:00,045 - map_video - DEBUG - [mapping_recorder.main:115] - [19:03:00] Redndı: False
2025-06-22 19:03:01,047 - map_video - DEBUG - [mapping_recorder.main:115] - [19:03:01] Redndı: False
2025-06-22 19:03:02,049 - map_video - DEBUG - [mapping_recorder.main:115] - [19:03:02] Redndı: False
2025-06-22 19:03:03,051 - map_video - DEBUG - [mapping_recorder.main:115] - [19:03:03] Redndı: False
2025-06-22 19:03:04,053 - map_video - DEBUG - [mapping_recorder.main:115] - [19:03:04] Redndı: False
2025-06-22 19:03:05,054 - map_video - DEBUG - [mapping_recorder.main:115] - [19:03:05] Redndı: False
2025-06-22 19:03:06,056 - map_video - DEBUG - [mapping_recorder.main:115] - [19:03:06] Redndı: False
2025-06-22 19:03:07,058 - map_video - DEBUG - [mapping_recorder.main:115] - [19:03:07] Redndı: False
2025-06-22 19:03:08,059 - map_video - DEBUG - [mapping_recorder.main:115] - [19:03:08] Redndı: False
2025-06-22 19:03:09,061 - map_video - DEBUG - [mapping_recorder.main:115] - [19:03:09] Redndı: False
2025-06-22 19:03:10,063 - map_video - DEBUG - [mapping_recorder.main:115] - [19:03:10] Redndı: False
2025-06-22 19:03:11,065 - map_video - DEBUG - [mapping_recorder.main:115] - [19:03:11] Redndı: False
2025-06-22 19:03:12,066 - map_video - DEBUG - [mapping_recorder.main:115] - [19:03:12] Redndı: False
2025-06-22 19:03:13,068 - map_video - DEBUG - [mapping_recorder.main:115] - [19:03:13] Redndı: False
2025-06-22 19:03:14,070 - map_video - DEBUG - [mapping_recorder.main:115] - [19:03:14] Redndı: False
2025-06-22 19:03:15,071 - map_video - DEBUG - [mapping_recorder.main:115] - [19:03:15] Redndı: False
2025-06-22 19:03:16,073 - map_video - DEBUG - [mapping_recorder.main:115] - [19:03:16] Redndı: False
2025-06-22 19:03:17,075 - map_video - DEBUG - [mapping_recorder.main:115] - [19:03:17] Redndı: False
2025-06-22 19:03:18,077 - map_video - DEBUG - [mapping_recorder.main:115] - [19:03:18] Redndı: False
2025-06-22 19:03:19,078 - map_video - DEBUG - [mapping_recorder.main:115] - [19:03:19] Redndı: False
2025-06-22 19:03:20,080 - map_video - DEBUG - [mapping_recorder.main:115] - [19:03:20] Redndı: False
2025-06-22 19:03:21,082 - map_video - DEBUG - [mapping_recorder.main:115] - [19:03:21] Redndı: False
2025-06-22 19:03:22,083 - map_video - DEBUG - [mapping_recorder.main:115] - [19:03:22] Redndı: False
2025-06-22 19:03:23,085 - map_video - DEBUG - [mapping_recorder.main:115] - [19:03:23] Redndı: False
2025-06-22 19:03:24,087 - map_video - DEBUG - [mapping_recorder.main:115] - [19:03:24] Redndı: False
2025-06-22 19:03:25,089 - map_video - DEBUG - [mapping_recorder.main:115] - [19:03:25] Redndı: False
2025-06-22 19:03:26,091 - map_video - DEBUG - [mapping_recorder.main:115] - [19:03:26] Redndı: False
2025-06-22 19:03:27,092 - map_video - DEBUG - [mapping_recorder.main:115] - [19:03:27] Redndı: False
2025-06-22 19:03:28,093 - map_video - DEBUG - [mapping_recorder.main:115] - [19:03:28] Redndı: False
2025-06-22 19:03:29,095 - map_video - DEBUG - [mapping_recorder.main:115] - [19:03:29] Redndı: False
2025-06-22 19:03:30,097 - map_video - DEBUG - [mapping_recorder.main:115] - [19:03:30] Redndı: False
2025-06-22 19:03:31,099 - map_video - DEBUG - [mapping_recorder.main:115] - [19:03:31] Redndı: False
2025-06-22 19:03:32,100 - map_video - DEBUG - [mapping_recorder.main:115] - [19:03:32] Redndı: False
2025-06-22 19:03:33,102 - map_video - DEBUG - [mapping_recorder.main:115] - [19:03:33] Redndı: False
2025-06-22 19:03:34,103 - map_video - DEBUG - [mapping_recorder.main:115] - [19:03:34] Redndı: False
2025-06-22 19:03:35,105 - map_video - DEBUG - [mapping_recorder.main:115] - [19:03:35] Redndı: False
2025-06-22 19:03:36,107 - map_video - DEBUG - [mapping_recorder.main:115] - [19:03:36] Redndı: False
2025-06-22 19:03:37,109 - map_video - DEBUG - [mapping_recorder.main:115] - [19:03:37] Redndı: False
2025-06-22 19:03:38,111 - map_video - DEBUG - [mapping_recorder.main:115] - [19:03:38] Redndı: False
2025-06-22 19:03:39,112 - map_video - DEBUG - [mapping_recorder.main:115] - [19:03:39] Redndı: False
2025-06-22 19:03:40,114 - map_video - DEBUG - [mapping_recorder.main:115] - [19:03:40] Redndı: False
2025-06-22 19:03:41,116 - map_video - DEBUG - [mapping_recorder.main:115] - [19:03:41] Redndı: False
2025-06-22 19:03:42,118 - map_video - DEBUG - [mapping_recorder.main:115] - [19:03:42] Redndı: False
2025-06-22 19:03:43,119 - map_video - DEBUG - [mapping_recorder.main:115] - [19:03:43] Redndı: False
2025-06-22 19:03:44,121 - map_video - DEBUG - [mapping_recorder.main:115] - [19:03:44] Redndı: False
2025-06-22 19:03:45,123 - map_video - DEBUG - [mapping_recorder.main:115] - [19:03:45] Redndı: False
2025-06-22 19:03:46,125 - map_video - DEBUG - [mapping_recorder.main:115] - [19:03:46] Redndı: False
2025-06-22 19:03:47,126 - map_video - DEBUG - [mapping_recorder.main:115] - [19:03:47] Redndı: False
2025-06-22 19:03:48,128 - map_video - DEBUG - [mapping_recorder.main:115] - [19:03:48] Redndı: False
2025-06-22 19:03:49,130 - map_video - DEBUG - [mapping_recorder.main:115] - [19:03:49] Redndı: False
2025-06-22 19:03:50,132 - map_video - DEBUG - [mapping_recorder.main:115] - [19:03:50] Redndı: False
2025-06-22 19:03:51,134 - map_video - DEBUG - [mapping_recorder.main:115] - [19:03:51] Redndı: False
2025-06-22 19:03:52,136 - map_video - DEBUG - [mapping_recorder.main:115] - [19:03:52] Redndı: False
2025-06-22 19:03:53,138 - map_video - DEBUG - [mapping_recorder.main:115] - [19:03:53] Redndı: False
2025-06-22 19:03:54,139 - map_video - DEBUG - [mapping_recorder.main:115] - [19:03:54] Redndı: False
2025-06-22 19:03:55,141 - map_video - DEBUG - [mapping_recorder.main:115] - [19:03:55] Redndı: False
2025-06-22 19:03:56,143 - map_video - DEBUG - [mapping_recorder.main:115] - [19:03:56] Redndı: False
2025-06-22 19:03:57,145 - map_video - DEBUG - [mapping_recorder.main:115] - [19:03:57] Redndı: False
2025-06-22 19:03:58,146 - map_video - DEBUG - [mapping_recorder.main:115] - [19:03:58] Redndı: False
2025-06-22 19:03:59,148 - map_video - DEBUG - [mapping_recorder.main:115] - [19:03:59] Redndı: False
2025-06-22 19:04:00,150 - map_video - DEBUG - [mapping_recorder.main:115] - [19:04:00] Redndı: False
2025-06-22 19:04:01,151 - map_video - DEBUG - [mapping_recorder.main:115] - [19:04:01] Redndı: False
2025-06-22 19:04:02,153 - map_video - DEBUG - [mapping_recorder.main:115] - [19:04:02] Redndı: False
2025-06-22 19:04:03,155 - map_video - DEBUG - [mapping_recorder.main:115] - [19:04:03] Redndı: False
2025-06-22 19:04:04,157 - map_video - DEBUG - [mapping_recorder.main:115] - [19:04:04] Redndı: False
2025-06-22 19:04:05,159 - map_video - DEBUG - [mapping_recorder.main:115] - [19:04:05] Redndı: False
2025-06-22 19:04:06,161 - map_video - DEBUG - [mapping_recorder.main:115] - [19:04:06] Redndı: False
2025-06-22 19:04:07,162 - map_video - DEBUG - [mapping_recorder.main:115] - [19:04:07] Redndı: False
2025-06-22 19:04:08,164 - map_video - DEBUG - [mapping_recorder.main:115] - [19:04:08] Redndı: False
2025-06-22 19:04:09,166 - map_video - DEBUG - [mapping_recorder.main:115] - [19:04:09] Redndı: False
2025-06-22 19:04:10,167 - map_video - DEBUG - [mapping_recorder.main:115] - [19:04:10] Redndı: False
2025-06-22 19:04:11,169 - map_video - DEBUG - [mapping_recorder.main:115] - [19:04:11] Redndı: False
2025-06-22 19:04:12,171 - map_video - DEBUG - [mapping_recorder.main:115] - [19:04:12] Redndı: False
2025-06-22 19:04:13,173 - map_video - DEBUG - [mapping_recorder.main:115] - [19:04:13] Redndı: False
2025-06-22 19:04:14,175 - map_video - DEBUG - [mapping_recorder.main:115] - [19:04:14] Redndı: False
2025-06-22 19:04:15,176 - map_video - DEBUG - [mapping_recorder.main:115] - [19:04:15] Redndı: False
2025-06-22 19:04:16,179 - map_video - DEBUG - [mapping_recorder.main:115] - [19:04:16] Redndı: False
2025-06-22 19:04:17,181 - map_video - DEBUG - [mapping_recorder.main:115] - [19:04:17] Redndı: False
2025-06-22 19:04:18,183 - map_video - DEBUG - [mapping_recorder.main:115] - [19:04:18] Redndı: False
2025-06-22 19:04:19,185 - map_video - DEBUG - [mapping_recorder.main:115] - [19:04:19] Redndı: False
2025-06-22 19:04:20,187 - map_video - DEBUG - [mapping_recorder.main:115] - [19:04:20] Redndı: False
2025-06-22 19:04:21,189 - map_video - DEBUG - [mapping_recorder.main:115] - [19:04:21] Redndı: False
2025-06-22 19:04:22,191 - map_video - DEBUG - [mapping_recorder.main:115] - [19:04:22] Redndı: False
2025-06-22 19:04:23,192 - map_video - DEBUG - [mapping_recorder.main:115] - [19:04:23] Redndı: False
2025-06-22 19:04:24,194 - map_video - DEBUG - [mapping_recorder.main:115] - [19:04:24] Redndı: False
2025-06-22 19:04:25,196 - map_video - DEBUG - [mapping_recorder.main:115] - [19:04:25] Redndı: False
2025-06-22 19:04:26,198 - map_video - DEBUG - [mapping_recorder.main:115] - [19:04:26] Redndı: False
2025-06-22 19:04:27,199 - map_video - DEBUG - [mapping_recorder.main:115] - [19:04:27] Redndı: False
2025-06-22 19:04:28,201 - map_video - DEBUG - [mapping_recorder.main:115] - [19:04:28] Redndı: False
2025-06-22 19:04:29,203 - map_video - DEBUG - [mapping_recorder.main:115] - [19:04:29] Redndı: False
2025-06-22 19:04:30,205 - map_video - DEBUG - [mapping_recorder.main:115] - [19:04:30] Redndı: False
2025-06-22 19:04:31,207 - map_video - DEBUG - [mapping_recorder.main:115] - [19:04:31] Redndı: False
2025-06-22 19:04:32,208 - map_video - DEBUG - [mapping_recorder.main:115] - [19:04:32] Redndı: False
2025-06-22 19:04:33,210 - map_video - DEBUG - [mapping_recorder.main:115] - [19:04:33] Redndı: False
2025-06-22 19:04:34,211 - map_video - DEBUG - [mapping_recorder.main:115] - [19:04:34] Redndı: False
2025-06-22 19:04:35,213 - map_video - DEBUG - [mapping_recorder.main:115] - [19:04:35] Redndı: False
2025-06-22 19:04:36,215 - map_video - DEBUG - [mapping_recorder.main:115] - [19:04:36] Redndı: False
2025-06-22 19:04:37,217 - map_video - DEBUG - [mapping_recorder.main:115] - [19:04:37] Redndı: False
2025-06-22 19:04:38,219 - map_video - DEBUG - [mapping_recorder.main:115] - [19:04:38] Redndı: False
2025-06-22 19:04:39,221 - map_video - DEBUG - [mapping_recorder.main:115] - [19:04:39] Redndı: False
2025-06-22 19:04:40,223 - map_video - DEBUG - [mapping_recorder.main:115] - [19:04:40] Redndı: False
2025-06-22 19:04:41,225 - map_video - DEBUG - [mapping_recorder.main:115] - [19:04:41] Redndı: False
2025-06-22 19:04:42,226 - map_video - DEBUG - [mapping_recorder.main:115] - [19:04:42] Redndı: False
2025-06-22 19:04:43,227 - map_video - DEBUG - [mapping_recorder.main:115] - [19:04:43] Redndı: False
2025-06-22 19:04:44,229 - map_video - DEBUG - [mapping_recorder.main:115] - [19:04:44] Redndı: False
2025-06-22 19:04:45,231 - map_video - DEBUG - [mapping_recorder.main:115] - [19:04:45] Redndı: False
2025-06-22 19:04:46,233 - map_video - DEBUG - [mapping_recorder.main:115] - [19:04:46] Redndı: False
2025-06-22 19:04:47,235 - map_video - DEBUG - [mapping_recorder.main:115] - [19:04:47] Redndı: False
2025-06-22 19:04:48,237 - map_video - DEBUG - [mapping_recorder.main:115] - [19:04:48] Redndı: False
2025-06-22 19:04:49,268 - map_video - DEBUG - [mapping_recorder.main:115] - [19:04:49] Redndı: False
2025-06-22 19:04:50,270 - map_video - DEBUG - [mapping_recorder.main:115] - [19:04:50] Redndı: False
2025-06-22 19:04:51,272 - map_video - DEBUG - [mapping_recorder.main:115] - [19:04:51] Redndı: False
2025-06-22 19:04:52,275 - map_video - DEBUG - [mapping_recorder.main:115] - [19:04:52] Redndı: False
2025-06-22 19:04:53,276 - map_video - DEBUG - [mapping_recorder.main:115] - [19:04:53] Redndı: False
2025-06-22 19:04:54,278 - map_video - DEBUG - [mapping_recorder.main:115] - [19:04:54] Redndı: False
2025-06-22 19:04:55,280 - map_video - DEBUG - [mapping_recorder.main:115] - [19:04:55] Redndı: False
2025-06-22 19:04:56,282 - map_video - DEBUG - [mapping_recorder.main:115] - [19:04:56] Redndı: False
2025-06-22 19:04:57,283 - map_video - DEBUG - [mapping_recorder.main:115] - [19:04:57] Redndı: False
2025-06-22 19:04:58,285 - map_video - DEBUG - [mapping_recorder.main:115] - [19:04:58] Redndı: False
2025-06-22 19:04:59,287 - map_video - DEBUG - [mapping_recorder.main:115] - [19:04:59] Redndı: False
2025-06-22 19:05:00,289 - map_video - DEBUG - [mapping_recorder.main:115] - [19:05:00] Redndı: False
2025-06-22 19:05:01,290 - map_video - DEBUG - [mapping_recorder.main:115] - [19:05:01] Redndı: False
2025-06-22 19:05:02,292 - map_video - DEBUG - [mapping_recorder.main:115] - [19:05:02] Redndı: False
2025-06-22 19:05:03,294 - map_video - DEBUG - [mapping_recorder.main:115] - [19:05:03] Redndı: False
2025-06-22 19:05:04,297 - map_video - DEBUG - [mapping_recorder.main:115] - [19:05:04] Redndı: False
2025-06-22 19:05:05,298 - map_video - DEBUG - [mapping_recorder.main:115] - [19:05:05] Redndı: False
2025-06-22 19:05:06,300 - map_video - DEBUG - [mapping_recorder.main:115] - [19:05:06] Redndı: False
2025-06-22 19:05:07,302 - map_video - DEBUG - [mapping_recorder.main:115] - [19:05:07] Redndı: False
2025-06-22 19:05:08,303 - map_video - DEBUG - [mapping_recorder.main:115] - [19:05:08] Redndı: False
2025-06-22 19:05:09,305 - map_video - DEBUG - [mapping_recorder.main:115] - [19:05:09] Redndı: False
2025-06-22 19:05:10,307 - map_video - DEBUG - [mapping_recorder.main:115] - [19:05:10] Redndı: False
2025-06-22 19:05:11,309 - map_video - DEBUG - [mapping_recorder.main:115] - [19:05:11] Redndı: False
2025-06-22 19:05:12,311 - map_video - DEBUG - [mapping_recorder.main:115] - [19:05:12] Redndı: False
2025-06-22 19:05:13,312 - map_video - DEBUG - [mapping_recorder.main:115] - [19:05:13] Redndı: False
2025-06-22 19:05:14,314 - map_video - DEBUG - [mapping_recorder.main:115] - [19:05:14] Redndı: False
2025-06-22 19:05:15,316 - map_video - DEBUG - [mapping_recorder.main:115] - [19:05:15] Redndı: False
2025-06-22 19:05:16,318 - map_video - DEBUG - [mapping_recorder.main:115] - [19:05:16] Redndı: False
2025-06-22 19:05:17,319 - map_video - DEBUG - [mapping_recorder.main:115] - [19:05:17] Redndı: False
2025-06-22 19:05:18,321 - map_video - DEBUG - [mapping_recorder.main:115] - [19:05:18] Redndı: False
2025-06-22 19:05:19,323 - map_video - DEBUG - [mapping_recorder.main:115] - [19:05:19] Redndı: False
2025-06-22 19:05:20,325 - map_video - DEBUG - [mapping_recorder.main:115] - [19:05:20] Redndı: False
2025-06-22 19:05:21,327 - map_video - DEBUG - [mapping_recorder.main:115] - [19:05:21] Redndı: False
2025-06-22 19:05:22,329 - map_video - DEBUG - [mapping_recorder.main:115] - [19:05:22] Redndı: False
2025-06-22 19:05:23,330 - map_video - DEBUG - [mapping_recorder.main:115] - [19:05:23] Redndı: False
2025-06-22 19:05:24,332 - map_video - DEBUG - [mapping_recorder.main:115] - [19:05:24] Redndı: False
2025-06-22 19:05:25,334 - map_video - DEBUG - [mapping_recorder.main:115] - [19:05:25] Redndı: False
2025-06-22 19:05:26,335 - map_video - DEBUG - [mapping_recorder.main:115] - [19:05:26] Redndı: False
2025-06-22 19:05:27,337 - map_video - DEBUG - [mapping_recorder.main:115] - [19:05:27] Redndı: False
2025-06-22 19:05:28,339 - map_video - DEBUG - [mapping_recorder.main:115] - [19:05:28] Redndı: False
2025-06-22 19:05:29,340 - map_video - DEBUG - [mapping_recorder.main:115] - [19:05:29] Redndı: False
2025-06-22 19:05:30,342 - map_video - DEBUG - [mapping_recorder.main:115] - [19:05:30] Redndı: False
2025-06-22 19:05:31,344 - map_video - DEBUG - [mapping_recorder.main:115] - [19:05:31] Redndı: False
2025-06-22 19:05:32,346 - map_video - DEBUG - [mapping_recorder.main:115] - [19:05:32] Redndı: False
2025-06-22 19:05:33,347 - map_video - DEBUG - [mapping_recorder.main:115] - [19:05:33] Redndı: False
2025-06-22 19:05:34,349 - map_video - DEBUG - [mapping_recorder.main:115] - [19:05:34] Redndı: False
2025-06-22 19:05:35,351 - map_video - DEBUG - [mapping_recorder.main:115] - [19:05:35] Redndı: False
2025-06-22 19:05:36,352 - map_video - DEBUG - [mapping_recorder.main:115] - [19:05:36] Redndı: False
2025-06-22 19:05:37,354 - map_video - DEBUG - [mapping_recorder.main:115] - [19:05:37] Redndı: False
2025-06-22 19:05:38,355 - map_video - DEBUG - [mapping_recorder.main:115] - [19:05:38] Redndı: False
2025-06-22 19:05:39,357 - map_video - DEBUG - [mapping_recorder.main:115] - [19:05:39] Redndı: False
2025-06-22 19:05:40,359 - map_video - DEBUG - [mapping_recorder.main:115] - [19:05:40] Redndı: False
2025-06-22 19:05:41,361 - map_video - DEBUG - [mapping_recorder.main:115] - [19:05:41] Redndı: False
2025-06-22 19:05:42,363 - map_video - DEBUG - [mapping_recorder.main:115] - [19:05:42] Redndı: False
2025-06-22 19:05:43,365 - map_video - DEBUG - [mapping_recorder.main:115] - [19:05:43] Redndı: False
2025-06-22 19:05:44,367 - map_video - DEBUG - [mapping_recorder.main:115] - [19:05:44] Redndı: False
2025-06-22 19:05:45,369 - map_video - DEBUG - [mapping_recorder.main:115] - [19:05:45] Redndı: False
2025-06-22 19:05:46,370 - map_video - DEBUG - [mapping_recorder.main:115] - [19:05:46] Redndı: False
2025-06-22 19:05:47,372 - map_video - DEBUG - [mapping_recorder.main:115] - [19:05:47] Redndı: False
2025-06-22 19:05:48,374 - map_video - DEBUG - [mapping_recorder.main:115] - [19:05:48] Redndı: False
2025-06-22 19:05:49,375 - map_video - DEBUG - [mapping_recorder.main:115] - [19:05:49] Redndı: False
2025-06-22 19:05:50,377 - map_video - DEBUG - [mapping_recorder.main:115] - [19:05:50] Redndı: False
2025-06-22 19:05:51,379 - map_video - DEBUG - [mapping_recorder.main:115] - [19:05:51] Redndı: False
2025-06-22 19:05:52,381 - map_video - DEBUG - [mapping_recorder.main:115] - [19:05:52] Redndı: False
2025-06-22 19:05:53,382 - map_video - DEBUG - [mapping_recorder.main:115] - [19:05:53] Redndı: False
2025-06-22 19:05:54,384 - map_video - DEBUG - [mapping_recorder.main:115] - [19:05:54] Redndı: False
2025-06-22 19:05:55,386 - map_video - DEBUG - [mapping_recorder.main:115] - [19:05:55] Redndı: False
2025-06-22 19:05:56,387 - map_video - DEBUG - [mapping_recorder.main:115] - [19:05:56] Redndı: False
2025-06-22 19:05:57,389 - map_video - DEBUG - [mapping_recorder.main:115] - [19:05:57] Redndı: False
2025-06-22 19:05:58,391 - map_video - DEBUG - [mapping_recorder.main:115] - [19:05:58] Redndı: False
2025-06-22 19:05:59,393 - map_video - DEBUG - [mapping_recorder.main:115] - [19:05:59] Redndı: False
2025-06-22 19:06:00,394 - map_video - DEBUG - [mapping_recorder.main:115] - [19:06:00] Redndı: False
2025-06-22 19:06:01,396 - map_video - DEBUG - [mapping_recorder.main:115] - [19:06:01] Redndı: False
2025-06-22 19:06:02,398 - map_video - DEBUG - [mapping_recorder.main:115] - [19:06:02] Redndı: False
2025-06-22 19:06:03,399 - map_video - DEBUG - [mapping_recorder.main:115] - [19:06:03] Redndı: False
2025-06-22 19:06:04,401 - map_video - DEBUG - [mapping_recorder.main:115] - [19:06:04] Redndı: False
2025-06-22 19:06:05,403 - map_video - DEBUG - [mapping_recorder.main:115] - [19:06:05] Redndı: False
2025-06-22 19:06:06,405 - map_video - DEBUG - [mapping_recorder.main:115] - [19:06:06] Redndı: False
2025-06-22 19:06:07,406 - map_video - DEBUG - [mapping_recorder.main:115] - [19:06:07] Redndı: False
2025-06-22 19:06:08,408 - map_video - DEBUG - [mapping_recorder.main:115] - [19:06:08] Redndı: False
2025-06-22 19:06:09,410 - map_video - DEBUG - [mapping_recorder.main:115] - [19:06:09] Redndı: False
2025-06-22 19:06:10,411 - map_video - DEBUG - [mapping_recorder.main:115] - [19:06:10] Redndı: False
2025-06-22 19:06:11,412 - map_video - DEBUG - [mapping_recorder.main:115] - [19:06:11] Redndı: False
2025-06-22 19:06:12,414 - map_video - DEBUG - [mapping_recorder.main:115] - [19:06:12] Redndı: False
2025-06-22 19:06:13,416 - map_video - DEBUG - [mapping_recorder.main:115] - [19:06:13] Redndı: False
2025-06-22 19:06:14,418 - map_video - DEBUG - [mapping_recorder.main:115] - [19:06:14] Redndı: False
2025-06-22 19:06:15,419 - map_video - DEBUG - [mapping_recorder.main:115] - [19:06:15] Redndı: False
2025-06-22 19:06:16,421 - map_video - DEBUG - [mapping_recorder.main:115] - [19:06:16] Redndı: False
2025-06-22 19:06:17,423 - map_video - DEBUG - [mapping_recorder.main:115] - [19:06:17] Redndı: False
2025-06-22 19:06:18,425 - map_video - DEBUG - [mapping_recorder.main:115] - [19:06:18] Redndı: False
2025-06-22 19:06:19,426 - map_video - DEBUG - [mapping_recorder.main:115] - [19:06:19] Redndı: False
2025-06-22 19:06:20,428 - map_video - DEBUG - [mapping_recorder.main:115] - [19:06:20] Redndı: False
2025-06-22 19:06:21,430 - map_video - DEBUG - [mapping_recorder.main:115] - [19:06:21] Redndı: False
2025-06-22 19:06:22,431 - map_video - DEBUG - [mapping_recorder.main:115] - [19:06:22] Redndı: False
2025-06-22 19:06:23,433 - map_video - DEBUG - [mapping_recorder.main:115] - [19:06:23] Redndı: False
2025-06-22 19:06:24,435 - map_video - DEBUG - [mapping_recorder.main:115] - [19:06:24] Redndı: False
2025-06-22 19:06:25,437 - map_video - DEBUG - [mapping_recorder.main:115] - [19:06:25] Redndı: False
2025-06-22 19:06:26,439 - map_video - DEBUG - [mapping_recorder.main:115] - [19:06:26] Redndı: False
2025-06-22 19:06:27,440 - map_video - DEBUG - [mapping_recorder.main:115] - [19:06:27] Redndı: False
2025-06-22 19:06:28,442 - map_video - DEBUG - [mapping_recorder.main:115] - [19:06:28] Redndı: False
2025-06-22 19:06:29,443 - map_video - DEBUG - [mapping_recorder.main:115] - [19:06:29] Redndı: False
2025-06-22 19:06:30,445 - map_video - DEBUG - [mapping_recorder.main:115] - [19:06:30] Redndı: False
2025-06-22 19:06:31,446 - map_video - DEBUG - [mapping_recorder.main:115] - [19:06:31] Redndı: False
2025-06-22 19:06:32,447 - map_video - DEBUG - [mapping_recorder.main:115] - [19:06:32] Redndı: False
2025-06-22 19:06:33,449 - map_video - DEBUG - [mapping_recorder.main:115] - [19:06:33] Redndı: False
2025-06-22 19:06:34,451 - map_video - DEBUG - [mapping_recorder.main:115] - [19:06:34] Redndı: False
2025-06-22 19:06:35,452 - map_video - DEBUG - [mapping_recorder.main:115] - [19:06:35] Redndı: False
2025-06-22 19:06:36,454 - map_video - DEBUG - [mapping_recorder.main:115] - [19:06:36] Redndı: False
2025-06-22 19:06:37,456 - map_video - DEBUG - [mapping_recorder.main:115] - [19:06:37] Redndı: False
2025-06-22 19:06:38,458 - map_video - DEBUG - [mapping_recorder.main:115] - [19:06:38] Redndı: False
2025-06-22 19:06:39,460 - map_video - DEBUG - [mapping_recorder.main:115] - [19:06:39] Redndı: False
2025-06-22 19:06:40,461 - map_video - DEBUG - [mapping_recorder.main:115] - [19:06:40] Redndı: False
2025-06-22 19:06:41,463 - map_video - DEBUG - [mapping_recorder.main:115] - [19:06:41] Redndı: False
2025-06-22 19:06:42,465 - map_video - DEBUG - [mapping_recorder.main:115] - [19:06:42] Redndı: False
2025-06-22 19:06:43,467 - map_video - DEBUG - [mapping_recorder.main:115] - [19:06:43] Redndı: False
2025-06-22 19:06:44,469 - map_video - DEBUG - [mapping_recorder.main:115] - [19:06:44] Redndı: False
2025-06-22 19:06:45,471 - map_video - DEBUG - [mapping_recorder.main:115] - [19:06:45] Redndı: False
2025-06-22 19:06:46,472 - map_video - DEBUG - [mapping_recorder.main:115] - [19:06:46] Redndı: False
2025-06-22 19:06:47,474 - map_video - DEBUG - [mapping_recorder.main:115] - [19:06:47] Redndı: False
2025-06-22 19:06:48,476 - map_video - DEBUG - [mapping_recorder.main:115] - [19:06:48] Redndı: False
2025-06-22 19:06:49,478 - map_video - DEBUG - [mapping_recorder.main:115] - [19:06:49] Redndı: False
2025-06-22 19:06:50,479 - map_video - DEBUG - [mapping_recorder.main:115] - [19:06:50] Redndı: False
2025-06-22 19:06:51,481 - map_video - DEBUG - [mapping_recorder.main:115] - [19:06:51] Redndı: False
2025-06-22 19:06:52,483 - map_video - DEBUG - [mapping_recorder.main:115] - [19:06:52] Redndı: False
2025-06-22 19:06:53,485 - map_video - DEBUG - [mapping_recorder.main:115] - [19:06:53] Redndı: False
2025-06-22 19:06:54,487 - map_video - DEBUG - [mapping_recorder.main:115] - [19:06:54] Redndı: False
2025-06-22 19:06:55,488 - map_video - DEBUG - [mapping_recorder.main:115] - [19:06:55] Redndı: False
2025-06-22 19:06:56,490 - map_video - DEBUG - [mapping_recorder.main:115] - [19:06:56] Redndı: False
2025-06-22 19:06:57,492 - map_video - DEBUG - [mapping_recorder.main:115] - [19:06:57] Redndı: False
2025-06-22 19:06:58,494 - map_video - DEBUG - [mapping_recorder.main:115] - [19:06:58] Redndı: False
2025-06-22 19:06:59,495 - map_video - DEBUG - [mapping_recorder.main:115] - [19:06:59] Redndı: False
2025-06-22 19:07:00,497 - map_video - DEBUG - [mapping_recorder.main:115] - [19:07:00] Redndı: False
2025-06-22 19:07:01,498 - map_video - DEBUG - [mapping_recorder.main:115] - [19:07:01] Redndı: False
2025-06-22 19:07:02,500 - map_video - DEBUG - [mapping_recorder.main:115] - [19:07:02] Redndı: False
2025-06-22 19:07:03,502 - map_video - DEBUG - [mapping_recorder.main:115] - [19:07:03] Redndı: False
2025-06-22 19:07:04,503 - map_video - DEBUG - [mapping_recorder.main:115] - [19:07:04] Redndı: False
2025-06-22 19:07:05,505 - map_video - DEBUG - [mapping_recorder.main:115] - [19:07:05] Redndı: False
2025-06-22 19:07:06,507 - map_video - DEBUG - [mapping_recorder.main:115] - [19:07:06] Redndı: False
2025-06-22 19:07:07,508 - map_video - DEBUG - [mapping_recorder.main:115] - [19:07:07] Redndı: False
2025-06-22 19:07:08,510 - map_video - DEBUG - [mapping_recorder.main:115] - [19:07:08] Redndı: False
2025-06-22 19:07:09,512 - map_video - DEBUG - [mapping_recorder.main:115] - [19:07:09] Redndı: False
2025-06-22 19:07:10,514 - map_video - DEBUG - [mapping_recorder.main:115] - [19:07:10] Redndı: False
2025-06-22 19:07:11,515 - map_video - DEBUG - [mapping_recorder.main:115] - [19:07:11] Redndı: False
2025-06-22 19:07:12,517 - map_video - DEBUG - [mapping_recorder.main:115] - [19:07:12] Redndı: False
2025-06-22 19:07:13,519 - map_video - DEBUG - [mapping_recorder.main:115] - [19:07:13] Redndı: False
2025-06-22 19:07:14,520 - map_video - DEBUG - [mapping_recorder.main:115] - [19:07:14] Redndı: False
2025-06-22 19:07:15,522 - map_video - DEBUG - [mapping_recorder.main:115] - [19:07:15] Redndı: False
2025-06-22 19:07:16,524 - map_video - DEBUG - [mapping_recorder.main:115] - [19:07:16] Redndı: False
2025-06-22 19:07:17,526 - map_video - DEBUG - [mapping_recorder.main:115] - [19:07:17] Redndı: False
2025-06-22 19:07:18,527 - map_video - DEBUG - [mapping_recorder.main:115] - [19:07:18] Redndı: False
2025-06-22 19:07:19,529 - map_video - DEBUG - [mapping_recorder.main:115] - [19:07:19] Redndı: False
2025-06-22 19:07:20,531 - map_video - DEBUG - [mapping_recorder.main:115] - [19:07:20] Redndı: False
2025-06-22 19:07:21,533 - map_video - DEBUG - [mapping_recorder.main:115] - [19:07:21] Redndı: False
2025-06-22 19:07:22,535 - map_video - DEBUG - [mapping_recorder.main:115] - [19:07:22] Redndı: False
2025-06-22 19:07:23,536 - map_video - DEBUG - [mapping_recorder.main:115] - [19:07:23] Redndı: False
2025-06-22 19:07:24,538 - map_video - DEBUG - [mapping_recorder.main:115] - [19:07:24] Redndı: False
2025-06-22 19:07:25,540 - map_video - DEBUG - [mapping_recorder.main:115] - [19:07:25] Redndı: False
2025-06-22 19:07:26,542 - map_video - DEBUG - [mapping_recorder.main:115] - [19:07:26] Redndı: False
2025-06-22 19:07:27,544 - map_video - DEBUG - [mapping_recorder.main:115] - [19:07:27] Redndı: False
2025-06-22 19:07:28,546 - map_video - DEBUG - [mapping_recorder.main:115] - [19:07:28] Redndı: False
2025-06-22 19:07:29,547 - map_video - DEBUG - [mapping_recorder.main:115] - [19:07:29] Redndı: False
2025-06-22 19:07:30,549 - map_video - DEBUG - [mapping_recorder.main:115] - [19:07:30] Redndı: False
2025-06-22 19:07:31,551 - map_video - DEBUG - [mapping_recorder.main:115] - [19:07:31] Redndı: False
2025-06-22 19:07:32,553 - map_video - DEBUG - [mapping_recorder.main:115] - [19:07:32] Redndı: False
2025-06-22 19:07:33,555 - map_video - DEBUG - [mapping_recorder.main:115] - [19:07:33] Redndı: False
2025-06-22 19:07:34,556 - map_video - DEBUG - [mapping_recorder.main:115] - [19:07:34] Redndı: False
2025-06-22 19:07:35,558 - map_video - DEBUG - [mapping_recorder.main:115] - [19:07:35] Redndı: False
2025-06-22 19:07:36,559 - map_video - DEBUG - [mapping_recorder.main:115] - [19:07:36] Redndı: False
2025-06-22 19:07:37,561 - map_video - DEBUG - [mapping_recorder.main:115] - [19:07:37] Redndı: False
2025-06-22 19:07:38,562 - map_video - DEBUG - [mapping_recorder.main:115] - [19:07:38] Redndı: False
2025-06-22 19:07:39,563 - map_video - DEBUG - [mapping_recorder.main:115] - [19:07:39] Redndı: False
2025-06-22 19:07:40,565 - map_video - DEBUG - [mapping_recorder.main:115] - [19:07:40] Redndı: False
2025-06-22 19:07:41,567 - map_video - DEBUG - [mapping_recorder.main:115] - [19:07:41] Redndı: False
2025-06-22 19:07:42,568 - map_video - DEBUG - [mapping_recorder.main:115] - [19:07:42] Redndı: False
2025-06-22 19:07:43,570 - map_video - DEBUG - [mapping_recorder.main:115] - [19:07:43] Redndı: False
2025-06-22 19:07:44,571 - map_video - DEBUG - [mapping_recorder.main:115] - [19:07:44] Redndı: False
2025-06-22 19:07:45,573 - map_video - DEBUG - [mapping_recorder.main:115] - [19:07:45] Redndı: False
2025-06-22 19:07:46,575 - map_video - DEBUG - [mapping_recorder.main:115] - [19:07:46] Redndı: False
2025-06-22 19:07:47,577 - map_video - DEBUG - [mapping_recorder.main:115] - [19:07:47] Redndı: False
2025-06-22 19:07:48,578 - map_video - DEBUG - [mapping_recorder.main:115] - [19:07:48] Redndı: False
2025-06-22 19:07:49,579 - map_video - DEBUG - [mapping_recorder.main:115] - [19:07:49] Redndı: False
2025-06-22 19:07:50,581 - map_video - DEBUG - [mapping_recorder.main:115] - [19:07:50] Redndı: False
2025-06-22 19:07:51,582 - map_video - DEBUG - [mapping_recorder.main:115] - [19:07:51] Redndı: False
2025-06-22 19:07:52,583 - map_video - DEBUG - [mapping_recorder.main:115] - [19:07:52] Redndı: False
2025-06-22 19:07:53,585 - map_video - DEBUG - [mapping_recorder.main:115] - [19:07:53] Redndı: False
2025-06-22 19:07:54,587 - map_video - DEBUG - [mapping_recorder.main:115] - [19:07:54] Redndı: False
2025-06-22 19:07:55,588 - map_video - DEBUG - [mapping_recorder.main:115] - [19:07:55] Redndı: False
2025-06-22 19:07:56,589 - map_video - DEBUG - [mapping_recorder.main:115] - [19:07:56] Redndı: False
2025-06-22 19:07:57,591 - map_video - DEBUG - [mapping_recorder.main:115] - [19:07:57] Redndı: False
2025-06-22 19:07:58,593 - map_video - DEBUG - [mapping_recorder.main:115] - [19:07:58] Redndı: False
2025-06-22 19:07:59,595 - map_video - DEBUG - [mapping_recorder.main:115] - [19:07:59] Redndı: False
2025-06-22 19:08:00,596 - map_video - DEBUG - [mapping_recorder.main:115] - [19:08:00] Redndı: False
2025-06-22 19:08:01,597 - map_video - DEBUG - [mapping_recorder.main:115] - [19:08:01] Redndı: False
2025-06-22 19:08:02,599 - map_video - DEBUG - [mapping_recorder.main:115] - [19:08:02] Redndı: False
2025-06-22 19:08:03,601 - map_video - DEBUG - [mapping_recorder.main:115] - [19:08:03] Redndı: False
2025-06-22 19:08:04,603 - map_video - DEBUG - [mapping_recorder.main:115] - [19:08:04] Redndı: False
2025-06-22 19:08:05,604 - map_video - DEBUG - [mapping_recorder.main:115] - [19:08:05] Redndı: False
2025-06-22 19:08:06,606 - map_video - DEBUG - [mapping_recorder.main:115] - [19:08:06] Redndı: False
2025-06-22 19:08:07,608 - map_video - DEBUG - [mapping_recorder.main:115] - [19:08:07] Redndı: False
2025-06-22 19:08:08,610 - map_video - DEBUG - [mapping_recorder.main:115] - [19:08:08] Redndı: False
2025-06-22 19:08:09,611 - map_video - DEBUG - [mapping_recorder.main:115] - [19:08:09] Redndı: False
2025-06-22 19:08:10,613 - map_video - DEBUG - [mapping_recorder.main:115] - [19:08:10] Redndı: False
2025-06-22 19:08:11,615 - map_video - DEBUG - [mapping_recorder.main:115] - [19:08:11] Redndı: False
2025-06-22 19:08:12,617 - map_video - DEBUG - [mapping_recorder.main:115] - [19:08:12] Redndı: False
2025-06-22 19:08:13,619 - map_video - DEBUG - [mapping_recorder.main:115] - [19:08:13] Redndı: False
2025-06-22 19:08:14,621 - map_video - DEBUG - [mapping_recorder.main:115] - [19:08:14] Redndı: False
2025-06-22 19:08:15,622 - map_video - DEBUG - [mapping_recorder.main:115] - [19:08:15] Redndı: False
2025-06-22 19:08:16,624 - map_video - DEBUG - [mapping_recorder.main:115] - [19:08:16] Redndı: False
2025-06-22 19:08:17,626 - map_video - DEBUG - [mapping_recorder.main:115] - [19:08:17] Redndı: False
2025-06-22 19:08:18,627 - map_video - DEBUG - [mapping_recorder.main:115] - [19:08:18] Redndı: False
2025-06-22 19:08:19,629 - map_video - DEBUG - [mapping_recorder.main:115] - [19:08:19] Redndı: False
2025-06-22 19:08:20,631 - map_video - DEBUG - [mapping_recorder.main:115] - [19:08:20] Redndı: False
2025-06-22 19:08:21,632 - map_video - DEBUG - [mapping_recorder.main:115] - [19:08:21] Redndı: False
2025-06-22 19:08:22,634 - map_video - DEBUG - [mapping_recorder.main:115] - [19:08:22] Redndı: False
2025-06-22 19:08:23,636 - map_video - DEBUG - [mapping_recorder.main:115] - [19:08:23] Redndı: False
2025-06-22 19:08:24,638 - map_video - DEBUG - [mapping_recorder.main:115] - [19:08:24] Redndı: False
2025-06-22 19:08:25,639 - map_video - DEBUG - [mapping_recorder.main:115] - [19:08:25] Redndı: False
2025-06-22 19:08:26,641 - map_video - DEBUG - [mapping_recorder.main:115] - [19:08:26] Redndı: False
2025-06-22 19:08:27,643 - map_video - DEBUG - [mapping_recorder.main:115] - [19:08:27] Redndı: False
2025-06-22 19:08:28,644 - map_video - DEBUG - [mapping_recorder.main:115] - [19:08:28] Redndı: False
2025-06-22 19:08:29,646 - map_video - DEBUG - [mapping_recorder.main:115] - [19:08:29] Redndı: False
2025-06-22 19:08:30,648 - map_video - DEBUG - [mapping_recorder.main:115] - [19:08:30] Redndı: False
2025-06-22 19:08:31,650 - map_video - DEBUG - [mapping_recorder.main:115] - [19:08:31] Redndı: False
2025-06-22 19:08:32,651 - map_video - DEBUG - [mapping_recorder.main:115] - [19:08:32] Redndı: False
2025-06-22 19:08:33,653 - map_video - DEBUG - [mapping_recorder.main:115] - [19:08:33] Redndı: False
2025-06-22 19:08:34,655 - map_video - DEBUG - [mapping_recorder.main:115] - [19:08:34] Redndı: False
2025-06-22 19:08:35,657 - map_video - DEBUG - [mapping_recorder.main:115] - [19:08:35] Redndı: False
2025-06-22 19:08:36,658 - map_video - DEBUG - [mapping_recorder.main:115] - [19:08:36] Redndı: False
2025-06-22 19:08:37,660 - map_video - DEBUG - [mapping_recorder.main:115] - [19:08:37] Redndı: False
2025-06-22 19:08:38,662 - map_video - DEBUG - [mapping_recorder.main:115] - [19:08:38] Redndı: False
2025-06-22 19:08:39,664 - map_video - DEBUG - [mapping_recorder.main:115] - [19:08:39] Redndı: False
2025-06-22 19:08:40,666 - map_video - DEBUG - [mapping_recorder.main:115] - [19:08:40] Redndı: False
2025-06-22 19:08:41,669 - map_video - DEBUG - [mapping_recorder.main:115] - [19:08:41] Redndı: False
2025-06-22 19:08:42,670 - map_video - DEBUG - [mapping_recorder.main:115] - [19:08:42] Redndı: False
2025-06-22 19:08:43,672 - map_video - DEBUG - [mapping_recorder.main:115] - [19:08:43] Redndı: False
2025-06-22 19:08:44,674 - map_video - DEBUG - [mapping_recorder.main:115] - [19:08:44] Redndı: False
2025-06-22 19:08:45,675 - map_video - DEBUG - [mapping_recorder.main:115] - [19:08:45] Redndı: False
2025-06-22 19:08:46,677 - map_video - DEBUG - [mapping_recorder.main:115] - [19:08:46] Redndı: False
2025-06-22 19:08:47,679 - map_video - DEBUG - [mapping_recorder.main:115] - [19:08:47] Redndı: False
2025-06-22 19:08:48,681 - map_video - DEBUG - [mapping_recorder.main:115] - [19:08:48] Redndı: False
2025-06-22 19:08:49,682 - map_video - DEBUG - [mapping_recorder.main:115] - [19:08:49] Redndı: False
2025-06-22 19:08:50,684 - map_video - DEBUG - [mapping_recorder.main:115] - [19:08:50] Redndı: False
2025-06-22 19:08:51,686 - map_video - DEBUG - [mapping_recorder.main:115] - [19:08:51] Redndı: False
2025-06-22 19:08:52,688 - map_video - DEBUG - [mapping_recorder.main:115] - [19:08:52] Redndı: False
2025-06-22 19:08:53,689 - map_video - DEBUG - [mapping_recorder.main:115] - [19:08:53] Redndı: False
2025-06-22 19:08:54,691 - map_video - DEBUG - [mapping_recorder.main:115] - [19:08:54] Redndı: False
2025-06-22 19:08:55,693 - map_video - DEBUG - [mapping_recorder.main:115] - [19:08:55] Redndı: False
2025-06-22 19:08:56,695 - map_video - DEBUG - [mapping_recorder.main:115] - [19:08:56] Redndı: False
2025-06-22 19:08:57,696 - map_video - DEBUG - [mapping_recorder.main:115] - [19:08:57] Redndı: False
2025-06-22 19:08:58,698 - map_video - DEBUG - [mapping_recorder.main:115] - [19:08:58] Redndı: False
2025-06-22 19:08:59,700 - map_video - DEBUG - [mapping_recorder.main:115] - [19:08:59] Redndı: False
2025-06-22 19:09:00,702 - map_video - DEBUG - [mapping_recorder.main:115] - [19:09:00] Redndı: False
2025-06-22 19:09:01,703 - map_video - DEBUG - [mapping_recorder.main:115] - [19:09:01] Redndı: False
2025-06-22 19:09:02,705 - map_video - DEBUG - [mapping_recorder.main:115] - [19:09:02] Redndı: False
2025-06-22 19:09:03,707 - map_video - DEBUG - [mapping_recorder.main:115] - [19:09:03] Redndı: False
2025-06-22 19:09:04,709 - map_video - DEBUG - [mapping_recorder.main:115] - [19:09:04] Redndı: False
2025-06-22 19:09:05,710 - map_video - DEBUG - [mapping_recorder.main:115] - [19:09:05] Redndı: False
2025-06-22 19:09:06,712 - map_video - DEBUG - [mapping_recorder.main:115] - [19:09:06] Redndı: False
2025-06-22 19:09:07,714 - map_video - DEBUG - [mapping_recorder.main:115] - [19:09:07] Redndı: False
2025-06-22 19:09:08,715 - map_video - DEBUG - [mapping_recorder.main:115] - [19:09:08] Redndı: False
2025-06-22 19:09:09,716 - map_video - DEBUG - [mapping_recorder.main:115] - [19:09:09] Redndı: False
2025-06-22 19:09:10,718 - map_video - DEBUG - [mapping_recorder.main:115] - [19:09:10] Redndı: False
2025-06-22 19:09:11,719 - map_video - DEBUG - [mapping_recorder.main:115] - [19:09:11] Redndı: False
2025-06-22 19:09:12,721 - map_video - DEBUG - [mapping_recorder.main:115] - [19:09:12] Redndı: False
2025-06-22 19:09:13,723 - map_video - DEBUG - [mapping_recorder.main:115] - [19:09:13] Redndı: False
2025-06-22 19:09:14,725 - map_video - DEBUG - [mapping_recorder.main:115] - [19:09:14] Redndı: False
2025-06-22 19:09:15,727 - map_video - DEBUG - [mapping_recorder.main:115] - [19:09:15] Redndı: False
2025-06-22 19:09:16,728 - map_video - DEBUG - [mapping_recorder.main:115] - [19:09:16] Redndı: False
2025-06-22 19:09:17,730 - map_video - DEBUG - [mapping_recorder.main:115] - [19:09:17] Redndı: False
2025-06-22 19:09:18,732 - map_video - DEBUG - [mapping_recorder.main:115] - [19:09:18] Redndı: False
2025-06-22 19:09:19,734 - map_video - DEBUG - [mapping_recorder.main:115] - [19:09:19] Redndı: False
2025-06-22 19:09:20,735 - map_video - DEBUG - [mapping_recorder.main:115] - [19:09:20] Redndı: False
2025-06-22 19:09:21,737 - map_video - DEBUG - [mapping_recorder.main:115] - [19:09:21] Redndı: False
2025-06-22 19:09:22,739 - map_video - DEBUG - [mapping_recorder.main:115] - [19:09:22] Redndı: False
2025-06-22 19:09:23,741 - map_video - DEBUG - [mapping_recorder.main:115] - [19:09:23] Redndı: False
2025-06-22 19:09:24,743 - map_video - DEBUG - [mapping_recorder.main:115] - [19:09:24] Redndı: False
2025-06-22 19:09:25,745 - map_video - DEBUG - [mapping_recorder.main:115] - [19:09:25] Redndı: False
2025-06-22 19:09:26,746 - map_video - DEBUG - [mapping_recorder.main:115] - [19:09:26] Redndı: False
2025-06-22 19:09:27,748 - map_video - DEBUG - [mapping_recorder.main:115] - [19:09:27] Redndı: False
2025-06-22 19:09:28,750 - map_video - DEBUG - [mapping_recorder.main:115] - [19:09:28] Redndı: False
2025-06-22 19:09:29,752 - map_video - DEBUG - [mapping_recorder.main:115] - [19:09:29] Redndı: False
2025-06-22 19:09:30,753 - map_video - DEBUG - [mapping_recorder.main:115] - [19:09:30] Redndı: False
2025-06-22 19:09:31,755 - map_video - DEBUG - [mapping_recorder.main:115] - [19:09:31] Redndı: False
2025-06-22 19:09:32,757 - map_video - DEBUG - [mapping_recorder.main:115] - [19:09:32] Redndı: False
2025-06-22 19:09:33,759 - map_video - DEBUG - [mapping_recorder.main:115] - [19:09:33] Redndı: False
2025-06-22 19:09:34,761 - map_video - DEBUG - [mapping_recorder.main:115] - [19:09:34] Redndı: False
2025-06-22 19:09:35,763 - map_video - DEBUG - [mapping_recorder.main:115] - [19:09:35] Redndı: False
2025-06-22 19:09:36,764 - map_video - DEBUG - [mapping_recorder.main:115] - [19:09:36] Redndı: False
2025-06-22 19:09:37,766 - map_video - DEBUG - [mapping_recorder.main:115] - [19:09:37] Redndı: False
2025-06-22 19:09:38,767 - map_video - DEBUG - [mapping_recorder.main:115] - [19:09:38] Redndı: False
2025-06-22 19:09:39,769 - map_video - DEBUG - [mapping_recorder.main:115] - [19:09:39] Redndı: False
2025-06-22 19:09:40,771 - map_video - DEBUG - [mapping_recorder.main:115] - [19:09:40] Redndı: False
2025-06-22 19:09:41,773 - map_video - DEBUG - [mapping_recorder.main:115] - [19:09:41] Redndı: False
2025-06-22 19:09:42,774 - map_video - DEBUG - [mapping_recorder.main:115] - [19:09:42] Redndı: False
2025-06-22 19:09:43,776 - map_video - DEBUG - [mapping_recorder.main:115] - [19:09:43] Redndı: False
2025-06-22 19:09:44,778 - map_video - DEBUG - [mapping_recorder.main:115] - [19:09:44] Redndı: False
2025-06-22 19:09:45,780 - map_video - DEBUG - [mapping_recorder.main:115] - [19:09:45] Redndı: False
2025-06-22 19:09:46,782 - map_video - DEBUG - [mapping_recorder.main:115] - [19:09:46] Redndı: False
2025-06-22 19:09:47,783 - map_video - DEBUG - [mapping_recorder.main:115] - [19:09:47] Redndı: False
2025-06-22 19:09:48,785 - map_video - DEBUG - [mapping_recorder.main:115] - [19:09:48] Redndı: False
2025-06-22 19:09:49,787 - map_video - DEBUG - [mapping_recorder.main:115] - [19:09:49] Redndı: False
2025-06-22 19:09:50,789 - map_video - DEBUG - [mapping_recorder.main:115] - [19:09:50] Redndı: False
2025-06-22 19:09:51,790 - map_video - DEBUG - [mapping_recorder.main:115] - [19:09:51] Redndı: False
2025-06-22 19:09:52,792 - map_video - DEBUG - [mapping_recorder.main:115] - [19:09:52] Redndı: False
2025-06-22 19:09:53,794 - map_video - DEBUG - [mapping_recorder.main:115] - [19:09:53] Redndı: False
2025-06-22 19:09:54,795 - map_video - DEBUG - [mapping_recorder.main:115] - [19:09:54] Redndı: False
2025-06-22 19:09:55,797 - map_video - DEBUG - [mapping_recorder.main:115] - [19:09:55] Redndı: False
2025-06-22 19:09:56,799 - map_video - DEBUG - [mapping_recorder.main:115] - [19:09:56] Redndı: False
2025-06-22 19:09:57,800 - map_video - DEBUG - [mapping_recorder.main:115] - [19:09:57] Redndı: False
2025-06-22 19:09:58,802 - map_video - DEBUG - [mapping_recorder.main:115] - [19:09:58] Redndı: False
2025-06-22 19:09:59,804 - map_video - DEBUG - [mapping_recorder.main:115] - [19:09:59] Redndı: False
2025-06-22 19:10:00,806 - map_video - DEBUG - [mapping_recorder.main:115] - [19:10:00] Redndı: False
2025-06-22 19:10:01,807 - map_video - DEBUG - [mapping_recorder.main:115] - [19:10:01] Redndı: False
2025-06-22 19:10:02,809 - map_video - DEBUG - [mapping_recorder.main:115] - [19:10:02] Redndı: False
2025-06-22 19:10:03,811 - map_video - DEBUG - [mapping_recorder.main:115] - [19:10:03] Redndı: False
2025-06-22 19:10:04,813 - map_video - DEBUG - [mapping_recorder.main:115] - [19:10:04] Redndı: False
2025-06-22 19:10:05,814 - map_video - DEBUG - [mapping_recorder.main:115] - [19:10:05] Redndı: False
2025-06-22 19:10:06,816 - map_video - DEBUG - [mapping_recorder.main:115] - [19:10:06] Redndı: False
2025-06-22 19:10:07,818 - map_video - DEBUG - [mapping_recorder.main:115] - [19:10:07] Redndı: False
2025-06-22 19:10:08,819 - map_video - DEBUG - [mapping_recorder.main:115] - [19:10:08] Redndı: False
2025-06-22 19:10:09,821 - map_video - DEBUG - [mapping_recorder.main:115] - [19:10:09] Redndı: False
2025-06-22 19:10:10,823 - map_video - DEBUG - [mapping_recorder.main:115] - [19:10:10] Redndı: False
2025-06-22 19:10:11,825 - map_video - DEBUG - [mapping_recorder.main:115] - [19:10:11] Redndı: False
2025-06-22 19:10:12,826 - map_video - DEBUG - [mapping_recorder.main:115] - [19:10:12] Redndı: False
2025-06-22 19:10:13,828 - map_video - DEBUG - [mapping_recorder.main:115] - [19:10:13] Redndı: False
2025-06-22 19:10:14,830 - map_video - DEBUG - [mapping_recorder.main:115] - [19:10:14] Redndı: False
2025-06-22 19:10:15,831 - map_video - DEBUG - [mapping_recorder.main:115] - [19:10:15] Redndı: False
2025-06-22 19:10:16,833 - map_video - DEBUG - [mapping_recorder.main:115] - [19:10:16] Redndı: False
2025-06-22 19:10:17,835 - map_video - DEBUG - [mapping_recorder.main:115] - [19:10:17] Redndı: False
2025-06-22 19:10:18,837 - map_video - DEBUG - [mapping_recorder.main:115] - [19:10:18] Redndı: False
2025-06-22 19:10:19,838 - map_video - DEBUG - [mapping_recorder.main:115] - [19:10:19] Redndı: False
2025-06-22 19:10:20,840 - map_video - DEBUG - [mapping_recorder.main:115] - [19:10:20] Redndı: False
2025-06-22 19:10:21,842 - map_video - DEBUG - [mapping_recorder.main:115] - [19:10:21] Redndı: False
2025-06-22 19:10:22,843 - map_video - DEBUG - [mapping_recorder.main:115] - [19:10:22] Redndı: False
2025-06-22 19:10:23,845 - map_video - DEBUG - [mapping_recorder.main:115] - [19:10:23] Redndı: False
2025-06-22 19:10:24,847 - map_video - DEBUG - [mapping_recorder.main:115] - [19:10:24] Redndı: False
2025-06-22 19:10:25,849 - map_video - DEBUG - [mapping_recorder.main:115] - [19:10:25] Redndı: False
2025-06-22 19:10:26,851 - map_video - DEBUG - [mapping_recorder.main:115] - [19:10:26] Redndı: False
2025-06-22 19:10:27,852 - map_video - DEBUG - [mapping_recorder.main:115] - [19:10:27] Redndı: False
2025-06-22 19:10:28,854 - map_video - DEBUG - [mapping_recorder.main:115] - [19:10:28] Redndı: False
2025-06-22 19:10:29,855 - map_video - DEBUG - [mapping_recorder.main:115] - [19:10:29] Redndı: False
2025-06-22 19:10:30,857 - map_video - DEBUG - [mapping_recorder.main:115] - [19:10:30] Redndı: False
2025-06-22 19:10:31,859 - map_video - DEBUG - [mapping_recorder.main:115] - [19:10:31] Redndı: False
2025-06-22 19:10:32,861 - map_video - DEBUG - [mapping_recorder.main:115] - [19:10:32] Redndı: False
2025-06-22 19:10:33,862 - map_video - DEBUG - [mapping_recorder.main:115] - [19:10:33] Redndı: False
2025-06-22 19:10:34,864 - map_video - DEBUG - [mapping_recorder.main:115] - [19:10:34] Redndı: False
2025-06-22 19:10:35,866 - map_video - DEBUG - [mapping_recorder.main:115] - [19:10:35] Redndı: False
2025-06-22 19:10:36,867 - map_video - DEBUG - [mapping_recorder.main:115] - [19:10:36] Redndı: False
2025-06-22 19:10:37,869 - map_video - DEBUG - [mapping_recorder.main:115] - [19:10:37] Redndı: False
2025-06-22 19:10:38,870 - map_video - DEBUG - [mapping_recorder.main:115] - [19:10:38] Redndı: False
2025-06-22 19:10:39,872 - map_video - DEBUG - [mapping_recorder.main:115] - [19:10:39] Redndı: False
2025-06-22 19:10:40,874 - map_video - DEBUG - [mapping_recorder.main:115] - [19:10:40] Redndı: False
2025-06-22 19:10:41,875 - map_video - DEBUG - [mapping_recorder.main:115] - [19:10:41] Redndı: False
2025-06-22 19:10:42,877 - map_video - DEBUG - [mapping_recorder.main:115] - [19:10:42] Redndı: False
2025-06-22 19:10:43,879 - map_video - DEBUG - [mapping_recorder.main:115] - [19:10:43] Redndı: False
2025-06-22 19:10:44,881 - map_video - DEBUG - [mapping_recorder.main:115] - [19:10:44] Redndı: False
2025-06-22 19:10:45,883 - map_video - DEBUG - [mapping_recorder.main:115] - [19:10:45] Redndı: False
2025-06-22 19:10:46,884 - map_video - DEBUG - [mapping_recorder.main:115] - [19:10:46] Redndı: False
2025-06-22 19:10:47,886 - map_video - DEBUG - [mapping_recorder.main:115] - [19:10:47] Redndı: False
2025-06-22 19:10:48,887 - map_video - DEBUG - [mapping_recorder.main:115] - [19:10:48] Redndı: False
2025-06-22 19:10:49,889 - map_video - DEBUG - [mapping_recorder.main:115] - [19:10:49] Redndı: False
2025-06-22 19:10:50,891 - map_video - DEBUG - [mapping_recorder.main:115] - [19:10:50] Redndı: False
2025-06-22 19:10:51,893 - map_video - DEBUG - [mapping_recorder.main:115] - [19:10:51] Redndı: False
2025-06-22 19:10:52,895 - map_video - DEBUG - [mapping_recorder.main:115] - [19:10:52] Redndı: False
2025-06-22 19:10:53,896 - map_video - DEBUG - [mapping_recorder.main:115] - [19:10:53] Redndı: False
2025-06-22 19:10:54,898 - map_video - DEBUG - [mapping_recorder.main:115] - [19:10:54] Redndı: False
2025-06-22 19:10:55,900 - map_video - DEBUG - [mapping_recorder.main:115] - [19:10:55] Redndı: False
2025-06-22 19:10:56,902 - map_video - DEBUG - [mapping_recorder.main:115] - [19:10:56] Redndı: False
2025-06-22 19:10:57,903 - map_video - DEBUG - [mapping_recorder.main:115] - [19:10:57] Redndı: False
2025-06-22 19:10:58,905 - map_video - DEBUG - [mapping_recorder.main:115] - [19:10:58] Redndı: False
2025-06-22 19:10:59,907 - map_video - DEBUG - [mapping_recorder.main:115] - [19:10:59] Redndı: False
2025-06-22 19:11:00,909 - map_video - DEBUG - [mapping_recorder.main:115] - [19:11:00] Redndı: False
2025-06-22 19:11:01,911 - map_video - DEBUG - [mapping_recorder.main:115] - [19:11:01] Redndı: False
2025-06-22 19:11:02,913 - map_video - DEBUG - [mapping_recorder.main:115] - [19:11:02] Redndı: False
2025-06-22 19:11:03,914 - map_video - DEBUG - [mapping_recorder.main:115] - [19:11:03] Redndı: False
2025-06-22 19:11:04,917 - map_video - DEBUG - [mapping_recorder.main:115] - [19:11:04] Redndı: False
2025-06-22 19:11:05,919 - map_video - DEBUG - [mapping_recorder.main:115] - [19:11:05] Redndı: False
2025-06-22 19:11:06,920 - map_video - DEBUG - [mapping_recorder.main:115] - [19:11:06] Redndı: False
2025-06-22 19:11:07,922 - map_video - DEBUG - [mapping_recorder.main:115] - [19:11:07] Redndı: False
2025-06-22 19:11:08,924 - map_video - DEBUG - [mapping_recorder.main:115] - [19:11:08] Redndı: False
2025-06-22 19:11:09,926 - map_video - DEBUG - [mapping_recorder.main:115] - [19:11:09] Redndı: False
2025-06-22 19:11:10,927 - map_video - DEBUG - [mapping_recorder.main:115] - [19:11:10] Redndı: False
2025-06-22 19:11:11,929 - map_video - DEBUG - [mapping_recorder.main:115] - [19:11:11] Redndı: False
2025-06-22 19:11:12,930 - map_video - DEBUG - [mapping_recorder.main:115] - [19:11:12] Redndı: False
2025-06-22 19:11:13,931 - map_video - DEBUG - [mapping_recorder.main:115] - [19:11:13] Redndı: False
2025-06-22 19:11:14,933 - map_video - DEBUG - [mapping_recorder.main:115] - [19:11:14] Redndı: False
2025-06-22 19:11:15,935 - map_video - DEBUG - [mapping_recorder.main:115] - [19:11:15] Redndı: False
2025-06-22 19:11:16,936 - map_video - DEBUG - [mapping_recorder.main:115] - [19:11:16] Redndı: False
2025-06-22 19:11:17,938 - map_video - DEBUG - [mapping_recorder.main:115] - [19:11:17] Redndı: False
2025-06-22 19:11:18,940 - map_video - DEBUG - [mapping_recorder.main:115] - [19:11:18] Redndı: False
2025-06-22 19:11:19,942 - map_video - DEBUG - [mapping_recorder.main:115] - [19:11:19] Redndı: False
2025-06-22 19:11:20,943 - map_video - DEBUG - [mapping_recorder.main:115] - [19:11:20] Redndı: False
2025-06-22 19:11:21,945 - map_video - DEBUG - [mapping_recorder.main:115] - [19:11:21] Redndı: False
2025-06-22 19:11:22,947 - map_video - DEBUG - [mapping_recorder.main:115] - [19:11:22] Redndı: False
2025-06-22 19:11:23,949 - map_video - DEBUG - [mapping_recorder.main:115] - [19:11:23] Redndı: False
2025-06-22 19:11:24,950 - map_video - DEBUG - [mapping_recorder.main:115] - [19:11:24] Redndı: False
2025-06-22 19:11:25,952 - map_video - DEBUG - [mapping_recorder.main:115] - [19:11:25] Redndı: False
2025-06-22 19:11:26,954 - map_video - DEBUG - [mapping_recorder.main:115] - [19:11:26] Redndı: False
2025-06-22 19:11:27,955 - map_video - DEBUG - [mapping_recorder.main:115] - [19:11:27] Redndı: False
2025-06-22 19:11:28,957 - map_video - DEBUG - [mapping_recorder.main:115] - [19:11:28] Redndı: False
2025-06-22 19:11:29,959 - map_video - DEBUG - [mapping_recorder.main:115] - [19:11:29] Redndı: False
2025-06-22 19:11:30,960 - map_video - DEBUG - [mapping_recorder.main:115] - [19:11:30] Redndı: False
2025-06-22 19:11:31,962 - map_video - DEBUG - [mapping_recorder.main:115] - [19:11:31] Redndı: False
2025-06-22 19:11:32,963 - map_video - DEBUG - [mapping_recorder.main:115] - [19:11:32] Redndı: False
2025-06-22 19:11:33,965 - map_video - DEBUG - [mapping_recorder.main:115] - [19:11:33] Redndı: False
2025-06-22 19:11:34,967 - map_video - DEBUG - [mapping_recorder.main:115] - [19:11:34] Redndı: False
2025-06-22 19:11:35,968 - map_video - DEBUG - [mapping_recorder.main:115] - [19:11:35] Redndı: False
2025-06-22 19:11:36,970 - map_video - DEBUG - [mapping_recorder.main:115] - [19:11:36] Redndı: False
2025-06-22 19:11:37,972 - map_video - DEBUG - [mapping_recorder.main:115] - [19:11:37] Redndı: False
2025-06-22 19:11:38,973 - map_video - DEBUG - [mapping_recorder.main:115] - [19:11:38] Redndı: False
2025-06-22 19:11:39,975 - map_video - DEBUG - [mapping_recorder.main:115] - [19:11:39] Redndı: False
2025-06-22 19:11:40,977 - map_video - DEBUG - [mapping_recorder.main:115] - [19:11:40] Redndı: False
2025-06-22 19:11:41,979 - map_video - DEBUG - [mapping_recorder.main:115] - [19:11:41] Redndı: False
2025-06-22 19:11:42,980 - map_video - DEBUG - [mapping_recorder.main:115] - [19:11:42] Redndı: False
2025-06-22 19:11:43,982 - map_video - DEBUG - [mapping_recorder.main:115] - [19:11:43] Redndı: False
2025-06-22 19:11:44,984 - map_video - DEBUG - [mapping_recorder.main:115] - [19:11:44] Redndı: False
2025-06-22 19:11:45,986 - map_video - DEBUG - [mapping_recorder.main:115] - [19:11:45] Redndı: False
2025-06-22 19:11:46,987 - map_video - DEBUG - [mapping_recorder.main:115] - [19:11:46] Redndı: False
2025-06-22 19:11:48,022 - map_video - DEBUG - [mapping_recorder.main:115] - [19:11:48] Redndı: False
2025-06-22 19:11:49,023 - map_video - DEBUG - [mapping_recorder.main:115] - [19:11:49] Redndı: False
2025-06-22 19:11:50,025 - map_video - DEBUG - [mapping_recorder.main:115] - [19:11:50] Redndı: False
2025-06-22 19:11:51,027 - map_video - DEBUG - [mapping_recorder.main:115] - [19:11:51] Redndı: False
2025-06-22 19:11:52,029 - map_video - DEBUG - [mapping_recorder.main:115] - [19:11:52] Redndı: False
2025-06-22 19:11:53,030 - map_video - DEBUG - [mapping_recorder.main:115] - [19:11:53] Redndı: False
2025-06-22 19:11:54,032 - map_video - DEBUG - [mapping_recorder.main:115] - [19:11:54] Redndı: False
2025-06-22 19:11:55,034 - map_video - DEBUG - [mapping_recorder.main:115] - [19:11:55] Redndı: False
2025-06-22 19:11:56,036 - map_video - DEBUG - [mapping_recorder.main:115] - [19:11:56] Redndı: False
2025-06-22 19:11:57,038 - map_video - DEBUG - [mapping_recorder.main:115] - [19:11:57] Redndı: False
2025-06-22 19:11:58,039 - map_video - DEBUG - [mapping_recorder.main:115] - [19:11:58] Redndı: False
2025-06-22 19:11:59,041 - map_video - DEBUG - [mapping_recorder.main:115] - [19:11:59] Redndı: False
2025-06-22 19:12:00,043 - map_video - DEBUG - [mapping_recorder.main:115] - [19:12:00] Redndı: False
2025-06-22 19:12:01,045 - map_video - DEBUG - [mapping_recorder.main:115] - [19:12:01] Redndı: False
2025-06-22 19:12:02,047 - map_video - DEBUG - [mapping_recorder.main:115] - [19:12:02] Redndı: False
2025-06-22 19:12:03,048 - map_video - DEBUG - [mapping_recorder.main:115] - [19:12:03] Redndı: False
2025-06-22 19:12:04,050 - map_video - DEBUG - [mapping_recorder.main:115] - [19:12:04] Redndı: False
2025-06-22 19:12:05,052 - map_video - DEBUG - [mapping_recorder.main:115] - [19:12:05] Redndı: False
2025-06-22 19:12:06,054 - map_video - DEBUG - [mapping_recorder.main:115] - [19:12:06] Redndı: False
2025-06-22 19:12:07,055 - map_video - DEBUG - [mapping_recorder.main:115] - [19:12:07] Redndı: False
2025-06-22 19:12:08,057 - map_video - DEBUG - [mapping_recorder.main:115] - [19:12:08] Redndı: False
2025-06-22 19:12:09,059 - map_video - DEBUG - [mapping_recorder.main:115] - [19:12:09] Redndı: False
2025-06-22 19:12:10,061 - map_video - DEBUG - [mapping_recorder.main:115] - [19:12:10] Redndı: False
2025-06-22 19:12:11,062 - map_video - DEBUG - [mapping_recorder.main:115] - [19:12:11] Redndı: False
2025-06-22 19:12:12,064 - map_video - DEBUG - [mapping_recorder.main:115] - [19:12:12] Redndı: False
2025-06-22 19:12:13,066 - map_video - DEBUG - [mapping_recorder.main:115] - [19:12:13] Redndı: False
2025-06-22 19:12:14,067 - map_video - DEBUG - [mapping_recorder.main:115] - [19:12:14] Redndı: False
2025-06-22 19:12:15,069 - map_video - DEBUG - [mapping_recorder.main:115] - [19:12:15] Redndı: False
2025-06-22 19:12:16,071 - map_video - DEBUG - [mapping_recorder.main:115] - [19:12:16] Redndı: False
2025-06-22 19:12:17,072 - map_video - DEBUG - [mapping_recorder.main:115] - [19:12:17] Redndı: False
2025-06-22 19:12:18,074 - map_video - DEBUG - [mapping_recorder.main:115] - [19:12:18] Redndı: False
2025-06-22 19:12:19,076 - map_video - DEBUG - [mapping_recorder.main:115] - [19:12:19] Redndı: False
2025-06-22 19:12:20,078 - map_video - DEBUG - [mapping_recorder.main:115] - [19:12:20] Redndı: False
2025-06-22 19:12:21,080 - map_video - DEBUG - [mapping_recorder.main:115] - [19:12:21] Redndı: False
2025-06-22 19:12:22,081 - map_video - DEBUG - [mapping_recorder.main:115] - [19:12:22] Redndı: False
2025-06-22 19:12:23,083 - map_video - DEBUG - [mapping_recorder.main:115] - [19:12:23] Redndı: False
2025-06-22 19:12:24,085 - map_video - DEBUG - [mapping_recorder.main:115] - [19:12:24] Redndı: False
2025-06-22 19:12:25,086 - map_video - DEBUG - [mapping_recorder.main:115] - [19:12:25] Redndı: False
2025-06-22 19:12:26,087 - map_video - DEBUG - [mapping_recorder.main:115] - [19:12:26] Redndı: False
2025-06-22 19:12:27,089 - map_video - DEBUG - [mapping_recorder.main:115] - [19:12:27] Redndı: False
2025-06-22 19:12:28,091 - map_video - DEBUG - [mapping_recorder.main:115] - [19:12:28] Redndı: False
2025-06-22 19:12:29,093 - map_video - DEBUG - [mapping_recorder.main:115] - [19:12:29] Redndı: False
2025-06-22 19:12:30,094 - map_video - DEBUG - [mapping_recorder.main:115] - [19:12:30] Redndı: False
2025-06-22 19:12:31,096 - map_video - DEBUG - [mapping_recorder.main:115] - [19:12:31] Redndı: False
2025-06-22 19:12:32,098 - map_video - DEBUG - [mapping_recorder.main:115] - [19:12:32] Redndı: False
2025-06-22 19:12:33,099 - map_video - DEBUG - [mapping_recorder.main:115] - [19:12:33] Redndı: False
2025-06-22 19:12:34,101 - map_video - DEBUG - [mapping_recorder.main:115] - [19:12:34] Redndı: False
2025-06-22 19:12:35,103 - map_video - DEBUG - [mapping_recorder.main:115] - [19:12:35] Redndı: False
2025-06-22 19:12:36,105 - map_video - DEBUG - [mapping_recorder.main:115] - [19:12:36] Redndı: False
2025-06-22 19:12:37,106 - map_video - DEBUG - [mapping_recorder.main:115] - [19:12:37] Redndı: False
2025-06-22 19:12:38,107 - map_video - DEBUG - [mapping_recorder.main:115] - [19:12:38] Redndı: False
2025-06-22 19:12:39,109 - map_video - DEBUG - [mapping_recorder.main:115] - [19:12:39] Redndı: False
2025-06-22 19:12:40,111 - map_video - DEBUG - [mapping_recorder.main:115] - [19:12:40] Redndı: False
2025-06-22 19:12:41,113 - map_video - DEBUG - [mapping_recorder.main:115] - [19:12:41] Redndı: False
2025-06-22 19:12:42,115 - map_video - DEBUG - [mapping_recorder.main:115] - [19:12:42] Redndı: False
2025-06-22 19:12:43,116 - map_video - DEBUG - [mapping_recorder.main:115] - [19:12:43] Redndı: False
2025-06-22 19:12:44,118 - map_video - DEBUG - [mapping_recorder.main:115] - [19:12:44] Redndı: False
2025-06-22 19:12:45,119 - map_video - DEBUG - [mapping_recorder.main:115] - [19:12:45] Redndı: False
2025-06-22 19:12:46,121 - map_video - DEBUG - [mapping_recorder.main:115] - [19:12:46] Redndı: False
2025-06-22 19:12:47,123 - map_video - DEBUG - [mapping_recorder.main:115] - [19:12:47] Redndı: False
2025-06-22 19:12:48,125 - map_video - DEBUG - [mapping_recorder.main:115] - [19:12:48] Redndı: False
2025-06-22 19:12:49,126 - map_video - DEBUG - [mapping_recorder.main:115] - [19:12:49] Redndı: False
2025-06-22 19:12:50,128 - map_video - DEBUG - [mapping_recorder.main:115] - [19:12:50] Redndı: False
2025-06-22 19:12:51,130 - map_video - DEBUG - [mapping_recorder.main:115] - [19:12:51] Redndı: False
2025-06-22 19:12:52,131 - map_video - DEBUG - [mapping_recorder.main:115] - [19:12:52] Redndı: False
2025-06-22 19:12:53,133 - map_video - DEBUG - [mapping_recorder.main:115] - [19:12:53] Redndı: False
2025-06-22 19:12:54,135 - map_video - DEBUG - [mapping_recorder.main:115] - [19:12:54] Redndı: False
2025-06-22 19:12:55,137 - map_video - DEBUG - [mapping_recorder.main:115] - [19:12:55] Redndı: False
2025-06-22 19:12:56,138 - map_video - DEBUG - [mapping_recorder.main:115] - [19:12:56] Redndı: False
2025-06-22 19:12:57,140 - map_video - DEBUG - [mapping_recorder.main:115] - [19:12:57] Redndı: False
2025-06-22 19:12:58,142 - map_video - DEBUG - [mapping_recorder.main:115] - [19:12:58] Redndı: False
2025-06-22 19:12:59,143 - map_video - DEBUG - [mapping_recorder.main:115] - [19:12:59] Redndı: False
2025-06-22 19:13:00,145 - map_video - DEBUG - [mapping_recorder.main:115] - [19:13:00] Redndı: False
2025-06-22 19:13:01,147 - map_video - DEBUG - [mapping_recorder.main:115] - [19:13:01] Redndı: False
2025-06-22 19:13:02,149 - map_video - DEBUG - [mapping_recorder.main:115] - [19:13:02] Redndı: False
2025-06-22 19:13:03,150 - map_video - DEBUG - [mapping_recorder.main:115] - [19:13:03] Redndı: False
2025-06-22 19:13:04,152 - map_video - DEBUG - [mapping_recorder.main:115] - [19:13:04] Redndı: False
2025-06-22 19:13:05,154 - map_video - DEBUG - [mapping_recorder.main:115] - [19:13:05] Redndı: False
2025-06-22 19:13:06,155 - map_video - DEBUG - [mapping_recorder.main:115] - [19:13:06] Redndı: False
2025-06-22 19:13:07,157 - map_video - DEBUG - [mapping_recorder.main:115] - [19:13:07] Redndı: False
2025-06-22 19:13:08,159 - map_video - DEBUG - [mapping_recorder.main:115] - [19:13:08] Redndı: False
2025-06-22 19:13:09,161 - map_video - DEBUG - [mapping_recorder.main:115] - [19:13:09] Redndı: False
2025-06-22 19:13:10,162 - map_video - DEBUG - [mapping_recorder.main:115] - [19:13:10] Redndı: False
2025-06-22 19:13:11,164 - map_video - DEBUG - [mapping_recorder.main:115] - [19:13:11] Redndı: False
2025-06-22 19:13:12,166 - map_video - DEBUG - [mapping_recorder.main:115] - [19:13:12] Redndı: False
2025-06-22 19:13:13,167 - map_video - DEBUG - [mapping_recorder.main:115] - [19:13:13] Redndı: False
2025-06-22 19:13:14,169 - map_video - DEBUG - [mapping_recorder.main:115] - [19:13:14] Redndı: False
2025-06-22 19:13:15,171 - map_video - DEBUG - [mapping_recorder.main:115] - [19:13:15] Redndı: False
2025-06-22 19:13:16,173 - map_video - DEBUG - [mapping_recorder.main:115] - [19:13:16] Redndı: False
2025-06-22 19:13:17,174 - map_video - DEBUG - [mapping_recorder.main:115] - [19:13:17] Redndı: False
2025-06-22 19:13:18,176 - map_video - DEBUG - [mapping_recorder.main:115] - [19:13:18] Redndı: False
2025-06-22 19:13:19,178 - map_video - DEBUG - [mapping_recorder.main:115] - [19:13:19] Redndı: False
2025-06-22 19:13:20,179 - map_video - DEBUG - [mapping_recorder.main:115] - [19:13:20] Redndı: False
2025-06-22 19:13:21,181 - map_video - DEBUG - [mapping_recorder.main:115] - [19:13:21] Redndı: False
2025-06-22 19:13:22,183 - map_video - DEBUG - [mapping_recorder.main:115] - [19:13:22] Redndı: False
2025-06-22 19:13:23,185 - map_video - DEBUG - [mapping_recorder.main:115] - [19:13:23] Redndı: False
2025-06-22 19:13:24,186 - map_video - DEBUG - [mapping_recorder.main:115] - [19:13:24] Redndı: False
2025-06-22 19:13:25,188 - map_video - DEBUG - [mapping_recorder.main:115] - [19:13:25] Redndı: False
2025-06-22 19:13:26,190 - map_video - DEBUG - [mapping_recorder.main:115] - [19:13:26] Redndı: False
2025-06-22 19:13:27,191 - map_video - DEBUG - [mapping_recorder.main:115] - [19:13:27] Redndı: False
2025-06-22 19:13:28,193 - map_video - DEBUG - [mapping_recorder.main:115] - [19:13:28] Redndı: False
2025-06-22 19:13:29,195 - map_video - DEBUG - [mapping_recorder.main:115] - [19:13:29] Redndı: False
2025-06-22 19:13:30,197 - map_video - DEBUG - [mapping_recorder.main:115] - [19:13:30] Redndı: False
2025-06-22 19:13:31,198 - map_video - DEBUG - [mapping_recorder.main:115] - [19:13:31] Redndı: False
2025-06-22 19:13:32,200 - map_video - DEBUG - [mapping_recorder.main:115] - [19:13:32] Redndı: False
2025-06-22 19:13:33,202 - map_video - DEBUG - [mapping_recorder.main:115] - [19:13:33] Redndı: False
2025-06-22 19:13:34,203 - map_video - DEBUG - [mapping_recorder.main:115] - [19:13:34] Redndı: False
2025-06-22 19:13:35,205 - map_video - DEBUG - [mapping_recorder.main:115] - [19:13:35] Redndı: False
2025-06-22 19:13:36,207 - map_video - DEBUG - [mapping_recorder.main:115] - [19:13:36] Redndı: False
2025-06-22 19:13:37,209 - map_video - DEBUG - [mapping_recorder.main:115] - [19:13:37] Redndı: False
2025-06-22 19:13:38,210 - map_video - DEBUG - [mapping_recorder.main:115] - [19:13:38] Redndı: False
2025-06-22 19:13:39,212 - map_video - DEBUG - [mapping_recorder.main:115] - [19:13:39] Redndı: False
2025-06-22 19:13:40,214 - map_video - DEBUG - [mapping_recorder.main:115] - [19:13:40] Redndı: False
2025-06-22 19:13:41,215 - map_video - DEBUG - [mapping_recorder.main:115] - [19:13:41] Redndı: False
2025-06-22 19:13:42,217 - map_video - DEBUG - [mapping_recorder.main:115] - [19:13:42] Redndı: False
2025-06-22 19:13:43,219 - map_video - DEBUG - [mapping_recorder.main:115] - [19:13:43] Redndı: False
2025-06-22 19:13:44,221 - map_video - DEBUG - [mapping_recorder.main:115] - [19:13:44] Redndı: False
2025-06-22 19:13:45,222 - map_video - DEBUG - [mapping_recorder.main:115] - [19:13:45] Redndı: False
2025-06-22 19:13:46,224 - map_video - DEBUG - [mapping_recorder.main:115] - [19:13:46] Redndı: False
2025-06-22 19:13:47,226 - map_video - DEBUG - [mapping_recorder.main:115] - [19:13:47] Redndı: False
2025-06-22 19:13:48,227 - map_video - DEBUG - [mapping_recorder.main:115] - [19:13:48] Redndı: False
2025-06-22 19:13:49,229 - map_video - DEBUG - [mapping_recorder.main:115] - [19:13:49] Redndı: False
2025-06-22 19:13:50,231 - map_video - DEBUG - [mapping_recorder.main:115] - [19:13:50] Redndı: False
2025-06-22 19:13:51,233 - map_video - DEBUG - [mapping_recorder.main:115] - [19:13:51] Redndı: False
2025-06-22 19:13:52,234 - map_video - DEBUG - [mapping_recorder.main:115] - [19:13:52] Redndı: False
2025-06-22 19:13:53,236 - map_video - DEBUG - [mapping_recorder.main:115] - [19:13:53] Redndı: False
2025-06-22 19:13:54,238 - map_video - DEBUG - [mapping_recorder.main:115] - [19:13:54] Redndı: False
2025-06-22 19:13:55,239 - map_video - DEBUG - [mapping_recorder.main:115] - [19:13:55] Redndı: False
2025-06-22 19:13:56,241 - map_video - DEBUG - [mapping_recorder.main:115] - [19:13:56] Redndı: False
2025-06-22 19:13:57,243 - map_video - DEBUG - [mapping_recorder.main:115] - [19:13:57] Redndı: False
2025-06-22 19:13:58,245 - map_video - DEBUG - [mapping_recorder.main:115] - [19:13:58] Redndı: False
2025-06-22 19:13:59,246 - map_video - DEBUG - [mapping_recorder.main:115] - [19:13:59] Redndı: False
2025-06-22 19:14:00,248 - map_video - DEBUG - [mapping_recorder.main:115] - [19:14:00] Redndı: False
2025-06-22 19:14:01,250 - map_video - DEBUG - [mapping_recorder.main:115] - [19:14:01] Redndı: False
2025-06-22 19:14:02,251 - map_video - DEBUG - [mapping_recorder.main:115] - [19:14:02] Redndı: False
2025-06-22 19:14:03,253 - map_video - DEBUG - [mapping_recorder.main:115] - [19:14:03] Redndı: False
2025-06-22 19:14:04,255 - map_video - DEBUG - [mapping_recorder.main:115] - [19:14:04] Redndı: False
2025-06-22 19:14:05,257 - map_video - DEBUG - [mapping_recorder.main:115] - [19:14:05] Redndı: False
2025-06-22 19:14:06,258 - map_video - DEBUG - [mapping_recorder.main:115] - [19:14:06] Redndı: False
2025-06-22 19:14:07,260 - map_video - DEBUG - [mapping_recorder.main:115] - [19:14:07] Redndı: False
2025-06-22 19:14:08,262 - map_video - DEBUG - [mapping_recorder.main:115] - [19:14:08] Redndı: False
2025-06-22 19:14:09,263 - map_video - DEBUG - [mapping_recorder.main:115] - [19:14:09] Redndı: False
2025-06-22 19:14:10,265 - map_video - DEBUG - [mapping_recorder.main:115] - [19:14:10] Redndı: False
2025-06-22 19:14:11,267 - map_video - DEBUG - [mapping_recorder.main:115] - [19:14:11] Redndı: False
2025-06-22 19:14:12,269 - map_video - DEBUG - [mapping_recorder.main:115] - [19:14:12] Redndı: False
2025-06-22 19:14:13,270 - map_video - DEBUG - [mapping_recorder.main:115] - [19:14:13] Redndı: False
2025-06-22 19:14:14,272 - map_video - DEBUG - [mapping_recorder.main:115] - [19:14:14] Redndı: False
2025-06-22 19:14:15,274 - map_video - DEBUG - [mapping_recorder.main:115] - [19:14:15] Redndı: False
2025-06-22 19:14:16,276 - map_video - DEBUG - [mapping_recorder.main:115] - [19:14:16] Redndı: False
2025-06-22 19:14:17,277 - map_video - DEBUG - [mapping_recorder.main:115] - [19:14:17] Redndı: False
2025-06-22 19:14:18,279 - map_video - DEBUG - [mapping_recorder.main:115] - [19:14:18] Redndı: False
2025-06-22 19:14:19,281 - map_video - DEBUG - [mapping_recorder.main:115] - [19:14:19] Redndı: False
2025-06-22 19:14:20,283 - map_video - DEBUG - [mapping_recorder.main:115] - [19:14:20] Redndı: False
2025-06-22 19:14:21,284 - map_video - DEBUG - [mapping_recorder.main:115] - [19:14:21] Redndı: False
2025-06-22 19:14:22,286 - map_video - DEBUG - [mapping_recorder.main:115] - [19:14:22] Redndı: False
2025-06-22 19:14:23,288 - map_video - DEBUG - [mapping_recorder.main:115] - [19:14:23] Redndı: False
2025-06-22 19:14:24,290 - map_video - DEBUG - [mapping_recorder.main:115] - [19:14:24] Redndı: False
2025-06-22 19:14:25,291 - map_video - DEBUG - [mapping_recorder.main:115] - [19:14:25] Redndı: False
2025-06-22 19:14:26,293 - map_video - DEBUG - [mapping_recorder.main:115] - [19:14:26] Redndı: False
2025-06-22 19:14:27,294 - map_video - DEBUG - [mapping_recorder.main:115] - [19:14:27] Redndı: False
2025-06-22 19:14:28,295 - map_video - DEBUG - [mapping_recorder.main:115] - [19:14:28] Redndı: False
2025-06-22 19:14:29,297 - map_video - DEBUG - [mapping_recorder.main:115] - [19:14:29] Redndı: False
2025-06-22 19:14:30,299 - map_video - DEBUG - [mapping_recorder.main:115] - [19:14:30] Redndı: False
2025-06-22 19:14:31,301 - map_video - DEBUG - [mapping_recorder.main:115] - [19:14:31] Redndı: False
2025-06-22 19:14:32,302 - map_video - DEBUG - [mapping_recorder.main:115] - [19:14:32] Redndı: False
2025-06-22 19:14:33,304 - map_video - DEBUG - [mapping_recorder.main:115] - [19:14:33] Redndı: False
2025-06-22 19:14:34,306 - map_video - DEBUG - [mapping_recorder.main:115] - [19:14:34] Redndı: False
2025-06-22 19:14:35,308 - map_video - DEBUG - [mapping_recorder.main:115] - [19:14:35] Redndı: False
2025-06-22 19:14:36,309 - map_video - DEBUG - [mapping_recorder.main:115] - [19:14:36] Redndı: False
2025-06-22 19:14:37,311 - map_video - DEBUG - [mapping_recorder.main:115] - [19:14:37] Redndı: False
2025-06-22 19:14:38,313 - map_video - DEBUG - [mapping_recorder.main:115] - [19:14:38] Redndı: False
2025-06-22 19:14:39,315 - map_video - DEBUG - [mapping_recorder.main:115] - [19:14:39] Redndı: False
2025-06-22 19:14:40,317 - map_video - DEBUG - [mapping_recorder.main:115] - [19:14:40] Redndı: False
2025-06-22 19:14:41,318 - map_video - DEBUG - [mapping_recorder.main:115] - [19:14:41] Redndı: False
2025-06-22 19:14:42,319 - map_video - DEBUG - [mapping_recorder.main:115] - [19:14:42] Redndı: False
2025-06-22 19:14:43,321 - map_video - DEBUG - [mapping_recorder.main:115] - [19:14:43] Redndı: False
2025-06-22 19:14:44,323 - map_video - DEBUG - [mapping_recorder.main:115] - [19:14:44] Redndı: False
2025-06-22 19:14:45,325 - map_video - DEBUG - [mapping_recorder.main:115] - [19:14:45] Redndı: False
2025-06-22 19:14:46,327 - map_video - DEBUG - [mapping_recorder.main:115] - [19:14:46] Redndı: False
2025-06-22 19:14:47,329 - map_video - DEBUG - [mapping_recorder.main:115] - [19:14:47] Redndı: False
2025-06-22 19:14:48,330 - map_video - DEBUG - [mapping_recorder.main:115] - [19:14:48] Redndı: False
2025-06-22 19:14:49,332 - map_video - DEBUG - [mapping_recorder.main:115] - [19:14:49] Redndı: False
2025-06-22 19:14:50,334 - map_video - DEBUG - [mapping_recorder.main:115] - [19:14:50] Redndı: False
2025-06-22 19:14:51,335 - map_video - DEBUG - [mapping_recorder.main:115] - [19:14:51] Redndı: False
2025-06-22 19:14:52,337 - map_video - DEBUG - [mapping_recorder.main:115] - [19:14:52] Redndı: False
2025-06-22 19:14:53,339 - map_video - DEBUG - [mapping_recorder.main:115] - [19:14:53] Redndı: False
2025-06-22 19:14:54,341 - map_video - DEBUG - [mapping_recorder.main:115] - [19:14:54] Redndı: False
2025-06-22 19:14:55,342 - map_video - DEBUG - [mapping_recorder.main:115] - [19:14:55] Redndı: False
2025-06-22 19:14:56,344 - map_video - DEBUG - [mapping_recorder.main:115] - [19:14:56] Redndı: False
2025-06-22 19:14:57,346 - map_video - DEBUG - [mapping_recorder.main:115] - [19:14:57] Redndı: False
2025-06-22 19:14:58,348 - map_video - DEBUG - [mapping_recorder.main:115] - [19:14:58] Redndı: False
2025-06-22 19:14:59,349 - map_video - DEBUG - [mapping_recorder.main:115] - [19:14:59] Redndı: False
2025-06-22 19:15:00,351 - map_video - DEBUG - [mapping_recorder.main:115] - [19:15:00] Redndı: False
2025-06-22 19:15:01,353 - map_video - DEBUG - [mapping_recorder.main:115] - [19:15:01] Redndı: False
2025-06-22 19:15:02,355 - map_video - DEBUG - [mapping_recorder.main:115] - [19:15:02] Redndı: False
2025-06-22 19:15:03,357 - map_video - DEBUG - [mapping_recorder.main:115] - [19:15:03] Redndı: False
2025-06-22 19:15:04,358 - map_video - DEBUG - [mapping_recorder.main:115] - [19:15:04] Redndı: False
2025-06-22 19:15:05,360 - map_video - DEBUG - [mapping_recorder.main:115] - [19:15:05] Redndı: False
2025-06-22 19:15:06,362 - map_video - DEBUG - [mapping_recorder.main:115] - [19:15:06] Redndı: False
2025-06-22 19:15:07,363 - map_video - DEBUG - [mapping_recorder.main:115] - [19:15:07] Redndı: False
2025-06-22 19:15:08,365 - map_video - DEBUG - [mapping_recorder.main:115] - [19:15:08] Redndı: False
2025-06-22 19:15:09,367 - map_video - DEBUG - [mapping_recorder.main:115] - [19:15:09] Redndı: False
2025-06-22 19:15:10,368 - map_video - DEBUG - [mapping_recorder.main:115] - [19:15:10] Redndı: False
2025-06-22 19:15:11,370 - map_video - DEBUG - [mapping_recorder.main:115] - [19:15:11] Redndı: False
2025-06-22 19:15:12,371 - map_video - DEBUG - [mapping_recorder.main:115] - [19:15:12] Redndı: False
2025-06-22 19:15:13,373 - map_video - DEBUG - [mapping_recorder.main:115] - [19:15:13] Redndı: False
2025-06-22 19:15:14,375 - map_video - DEBUG - [mapping_recorder.main:115] - [19:15:14] Redndı: False
2025-06-22 19:15:15,376 - map_video - DEBUG - [mapping_recorder.main:115] - [19:15:15] Redndı: False
2025-06-22 19:15:16,378 - map_video - DEBUG - [mapping_recorder.main:115] - [19:15:16] Redndı: False
2025-06-22 19:15:17,380 - map_video - DEBUG - [mapping_recorder.main:115] - [19:15:17] Redndı: False
2025-06-22 19:15:18,382 - map_video - DEBUG - [mapping_recorder.main:115] - [19:15:18] Redndı: False
2025-06-22 19:15:19,383 - map_video - DEBUG - [mapping_recorder.main:115] - [19:15:19] Redndı: False
2025-06-22 19:15:20,385 - map_video - DEBUG - [mapping_recorder.main:115] - [19:15:20] Redndı: False
2025-06-22 19:15:21,387 - map_video - DEBUG - [mapping_recorder.main:115] - [19:15:21] Redndı: False
2025-06-22 19:15:22,389 - map_video - DEBUG - [mapping_recorder.main:115] - [19:15:22] Redndı: False
2025-06-22 19:15:23,390 - map_video - DEBUG - [mapping_recorder.main:115] - [19:15:23] Redndı: False
2025-06-22 19:15:24,392 - map_video - DEBUG - [mapping_recorder.main:115] - [19:15:24] Redndı: False
2025-06-22 19:15:25,394 - map_video - DEBUG - [mapping_recorder.main:115] - [19:15:25] Redndı: False
2025-06-22 19:15:26,396 - map_video - DEBUG - [mapping_recorder.main:115] - [19:15:26] Redndı: False
2025-06-22 19:15:27,398 - map_video - DEBUG - [mapping_recorder.main:115] - [19:15:27] Redndı: False
2025-06-22 19:15:28,399 - map_video - DEBUG - [mapping_recorder.main:115] - [19:15:28] Redndı: False
2025-06-22 19:15:29,401 - map_video - DEBUG - [mapping_recorder.main:115] - [19:15:29] Redndı: False
2025-06-22 19:15:30,403 - map_video - DEBUG - [mapping_recorder.main:115] - [19:15:30] Redndı: False
2025-06-22 19:15:31,405 - map_video - DEBUG - [mapping_recorder.main:115] - [19:15:31] Redndı: False
2025-06-22 19:15:32,406 - map_video - DEBUG - [mapping_recorder.main:115] - [19:15:32] Redndı: False
2025-06-22 19:15:33,408 - map_video - DEBUG - [mapping_recorder.main:115] - [19:15:33] Redndı: False
2025-06-22 19:15:34,410 - map_video - DEBUG - [mapping_recorder.main:115] - [19:15:34] Redndı: False
2025-06-22 19:15:35,411 - map_video - DEBUG - [mapping_recorder.main:115] - [19:15:35] Redndı: False
2025-06-22 19:15:36,413 - map_video - DEBUG - [mapping_recorder.main:115] - [19:15:36] Redndı: False
2025-06-22 19:15:37,415 - map_video - DEBUG - [mapping_recorder.main:115] - [19:15:37] Redndı: False
2025-06-22 19:15:38,417 - map_video - DEBUG - [mapping_recorder.main:115] - [19:15:38] Redndı: False
2025-06-22 19:15:39,419 - map_video - DEBUG - [mapping_recorder.main:115] - [19:15:39] Redndı: False
2025-06-22 19:15:40,420 - map_video - DEBUG - [mapping_recorder.main:115] - [19:15:40] Redndı: False
2025-06-22 19:15:41,422 - map_video - DEBUG - [mapping_recorder.main:115] - [19:15:41] Redndı: False
2025-06-22 19:15:42,423 - map_video - DEBUG - [mapping_recorder.main:115] - [19:15:42] Redndı: False
2025-06-22 19:15:43,425 - map_video - DEBUG - [mapping_recorder.main:115] - [19:15:43] Redndı: False
2025-06-22 19:15:44,427 - map_video - DEBUG - [mapping_recorder.main:115] - [19:15:44] Redndı: False
2025-06-22 19:15:45,429 - map_video - DEBUG - [mapping_recorder.main:115] - [19:15:45] Redndı: False
2025-06-22 19:15:46,430 - map_video - DEBUG - [mapping_recorder.main:115] - [19:15:46] Redndı: False
2025-06-22 19:15:47,432 - map_video - DEBUG - [mapping_recorder.main:115] - [19:15:47] Redndı: False
2025-06-22 19:15:48,434 - map_video - DEBUG - [mapping_recorder.main:115] - [19:15:48] Redndı: False
2025-06-22 19:15:49,435 - map_video - DEBUG - [mapping_recorder.main:115] - [19:15:49] Redndı: False
2025-06-22 19:15:50,437 - map_video - DEBUG - [mapping_recorder.main:115] - [19:15:50] Redndı: False
2025-06-22 19:15:51,439 - map_video - DEBUG - [mapping_recorder.main:115] - [19:15:51] Redndı: False
2025-06-22 19:15:52,441 - map_video - DEBUG - [mapping_recorder.main:115] - [19:15:52] Redndı: False
2025-06-22 19:15:53,442 - map_video - DEBUG - [mapping_recorder.main:115] - [19:15:53] Redndı: False
2025-06-22 19:15:54,444 - map_video - DEBUG - [mapping_recorder.main:115] - [19:15:54] Redndı: False
2025-06-22 19:15:55,446 - map_video - DEBUG - [mapping_recorder.main:115] - [19:15:55] Redndı: False
2025-06-22 19:15:56,447 - map_video - DEBUG - [mapping_recorder.main:115] - [19:15:56] Redndı: False
2025-06-22 19:15:57,449 - map_video - DEBUG - [mapping_recorder.main:115] - [19:15:57] Redndı: False
2025-06-22 19:15:58,451 - map_video - DEBUG - [mapping_recorder.main:115] - [19:15:58] Redndı: False
2025-06-22 19:15:59,453 - map_video - DEBUG - [mapping_recorder.main:115] - [19:15:59] Redndı: False
2025-06-22 19:16:00,454 - map_video - DEBUG - [mapping_recorder.main:115] - [19:16:00] Redndı: False
2025-06-22 19:16:01,456 - map_video - DEBUG - [mapping_recorder.main:115] - [19:16:01] Redndı: False
2025-06-22 19:16:02,458 - map_video - DEBUG - [mapping_recorder.main:115] - [19:16:02] Redndı: False
2025-06-22 19:16:03,460 - map_video - DEBUG - [mapping_recorder.main:115] - [19:16:03] Redndı: False
2025-06-22 19:16:04,462 - map_video - DEBUG - [mapping_recorder.main:115] - [19:16:04] Redndı: False
2025-06-22 19:16:05,463 - map_video - DEBUG - [mapping_recorder.main:115] - [19:16:05] Redndı: False
2025-06-22 19:16:06,465 - map_video - DEBUG - [mapping_recorder.main:115] - [19:16:06] Redndı: False
2025-06-22 19:16:07,467 - map_video - DEBUG - [mapping_recorder.main:115] - [19:16:07] Redndı: False
2025-06-22 19:16:08,469 - map_video - DEBUG - [mapping_recorder.main:115] - [19:16:08] Redndı: False
2025-06-22 19:16:09,470 - map_video - DEBUG - [mapping_recorder.main:115] - [19:16:09] Redndı: False
2025-06-22 19:16:10,472 - map_video - DEBUG - [mapping_recorder.main:115] - [19:16:10] Redndı: False
2025-06-22 19:16:11,474 - map_video - DEBUG - [mapping_recorder.main:115] - [19:16:11] Redndı: False
2025-06-22 19:16:12,475 - map_video - DEBUG - [mapping_recorder.main:115] - [19:16:12] Redndı: False
2025-06-22 19:16:13,477 - map_video - DEBUG - [mapping_recorder.main:115] - [19:16:13] Redndı: False
2025-06-22 19:16:14,479 - map_video - DEBUG - [mapping_recorder.main:115] - [19:16:14] Redndı: False
2025-06-22 19:16:15,480 - map_video - DEBUG - [mapping_recorder.main:115] - [19:16:15] Redndı: False
2025-06-22 19:16:16,482 - map_video - DEBUG - [mapping_recorder.main:115] - [19:16:16] Redndı: False
2025-06-22 19:16:17,483 - map_video - DEBUG - [mapping_recorder.main:115] - [19:16:17] Redndı: False
2025-06-22 19:16:18,485 - map_video - DEBUG - [mapping_recorder.main:115] - [19:16:18] Redndı: False
2025-06-22 19:16:19,487 - map_video - DEBUG - [mapping_recorder.main:115] - [19:16:19] Redndı: False
2025-06-22 19:16:20,489 - map_video - DEBUG - [mapping_recorder.main:115] - [19:16:20] Redndı: False
2025-06-22 19:16:21,490 - map_video - DEBUG - [mapping_recorder.main:115] - [19:16:21] Redndı: False
2025-06-22 19:16:22,492 - map_video - DEBUG - [mapping_recorder.main:115] - [19:16:22] Redndı: False
2025-06-22 19:16:23,494 - map_video - DEBUG - [mapping_recorder.main:115] - [19:16:23] Redndı: False
2025-06-22 19:16:24,495 - map_video - DEBUG - [mapping_recorder.main:115] - [19:16:24] Redndı: False
2025-06-22 19:16:25,497 - map_video - DEBUG - [mapping_recorder.main:115] - [19:16:25] Redndı: False
2025-06-22 19:16:26,499 - map_video - DEBUG - [mapping_recorder.main:115] - [19:16:26] Redndı: False
2025-06-22 19:16:27,500 - map_video - DEBUG - [mapping_recorder.main:115] - [19:16:27] Redndı: False
2025-06-22 19:16:28,502 - map_video - DEBUG - [mapping_recorder.main:115] - [19:16:28] Redndı: False
2025-06-22 19:16:29,503 - map_video - DEBUG - [mapping_recorder.main:115] - [19:16:29] Redndı: False
2025-06-22 19:16:30,505 - map_video - DEBUG - [mapping_recorder.main:115] - [19:16:30] Redndı: False
2025-06-22 19:16:31,507 - map_video - DEBUG - [mapping_recorder.main:115] - [19:16:31] Redndı: False
2025-06-22 19:16:32,508 - map_video - DEBUG - [mapping_recorder.main:115] - [19:16:32] Redndı: False
2025-06-22 19:16:33,510 - map_video - DEBUG - [mapping_recorder.main:115] - [19:16:33] Redndı: False
2025-06-22 19:16:34,512 - map_video - DEBUG - [mapping_recorder.main:115] - [19:16:34] Redndı: False
2025-06-22 19:16:35,514 - map_video - DEBUG - [mapping_recorder.main:115] - [19:16:35] Redndı: False
2025-06-22 19:16:36,515 - map_video - DEBUG - [mapping_recorder.main:115] - [19:16:36] Redndı: False
2025-06-22 19:16:37,517 - map_video - DEBUG - [mapping_recorder.main:115] - [19:16:37] Redndı: False
2025-06-22 19:16:38,519 - map_video - DEBUG - [mapping_recorder.main:115] - [19:16:38] Redndı: False
2025-06-22 19:16:39,520 - map_video - DEBUG - [mapping_recorder.main:115] - [19:16:39] Redndı: False
2025-06-22 19:16:40,522 - map_video - DEBUG - [mapping_recorder.main:115] - [19:16:40] Redndı: False
2025-06-22 19:16:41,524 - map_video - DEBUG - [mapping_recorder.main:115] - [19:16:41] Redndı: False
2025-06-22 19:16:42,526 - map_video - DEBUG - [mapping_recorder.main:115] - [19:16:42] Redndı: False
2025-06-22 19:16:43,528 - map_video - DEBUG - [mapping_recorder.main:115] - [19:16:43] Redndı: False
2025-06-22 19:16:44,529 - map_video - DEBUG - [mapping_recorder.main:115] - [19:16:44] Redndı: False
2025-06-22 19:16:45,531 - map_video - DEBUG - [mapping_recorder.main:115] - [19:16:45] Redndı: False
2025-06-22 19:16:46,533 - map_video - DEBUG - [mapping_recorder.main:115] - [19:16:46] Redndı: False
2025-06-22 19:16:47,535 - map_video - DEBUG - [mapping_recorder.main:115] - [19:16:47] Redndı: False
2025-06-22 19:16:48,537 - map_video - DEBUG - [mapping_recorder.main:115] - [19:16:48] Redndı: False
2025-06-22 19:16:49,538 - map_video - DEBUG - [mapping_recorder.main:115] - [19:16:49] Redndı: False
2025-06-22 19:16:50,540 - map_video - DEBUG - [mapping_recorder.main:115] - [19:16:50] Redndı: False
2025-06-22 19:16:51,542 - map_video - DEBUG - [mapping_recorder.main:115] - [19:16:51] Redndı: False
2025-06-22 19:16:52,543 - map_video - DEBUG - [mapping_recorder.main:115] - [19:16:52] Redndı: False
2025-06-22 19:16:53,545 - map_video - DEBUG - [mapping_recorder.main:115] - [19:16:53] Redndı: False
2025-06-22 19:16:54,547 - map_video - DEBUG - [mapping_recorder.main:115] - [19:16:54] Redndı: False
2025-06-22 19:16:55,548 - map_video - DEBUG - [mapping_recorder.main:115] - [19:16:55] Redndı: False
2025-06-22 19:16:56,550 - map_video - DEBUG - [mapping_recorder.main:115] - [19:16:56] Redndı: False
2025-06-22 19:16:57,552 - map_video - DEBUG - [mapping_recorder.main:115] - [19:16:57] Redndı: False
2025-06-22 19:16:58,554 - map_video - DEBUG - [mapping_recorder.main:115] - [19:16:58] Redndı: False
2025-06-22 19:16:59,555 - map_video - DEBUG - [mapping_recorder.main:115] - [19:16:59] Redndı: False
2025-06-22 19:17:00,557 - map_video - DEBUG - [mapping_recorder.main:115] - [19:17:00] Redndı: False
2025-06-22 19:17:01,559 - map_video - DEBUG - [mapping_recorder.main:115] - [19:17:01] Redndı: False
2025-06-22 19:17:02,560 - map_video - DEBUG - [mapping_recorder.main:115] - [19:17:02] Redndı: False
2025-06-22 19:17:03,562 - map_video - DEBUG - [mapping_recorder.main:115] - [19:17:03] Redndı: False
2025-06-22 19:17:04,564 - map_video - DEBUG - [mapping_recorder.main:115] - [19:17:04] Redndı: False
2025-06-22 19:17:05,566 - map_video - DEBUG - [mapping_recorder.main:115] - [19:17:05] Redndı: False
2025-06-22 19:17:06,567 - map_video - DEBUG - [mapping_recorder.main:115] - [19:17:06] Redndı: False
2025-06-22 19:17:07,569 - map_video - DEBUG - [mapping_recorder.main:115] - [19:17:07] Redndı: False
2025-06-22 19:17:08,571 - map_video - DEBUG - [mapping_recorder.main:115] - [19:17:08] Redndı: False
2025-06-22 19:17:09,573 - map_video - DEBUG - [mapping_recorder.main:115] - [19:17:09] Redndı: False
2025-06-22 19:17:10,574 - map_video - DEBUG - [mapping_recorder.main:115] - [19:17:10] Redndı: False
2025-06-22 19:17:11,576 - map_video - DEBUG - [mapping_recorder.main:115] - [19:17:11] Redndı: False
2025-06-22 19:17:12,578 - map_video - DEBUG - [mapping_recorder.main:115] - [19:17:12] Redndı: False
2025-06-22 19:17:13,580 - map_video - DEBUG - [mapping_recorder.main:115] - [19:17:13] Redndı: False
2025-06-22 19:17:14,581 - map_video - DEBUG - [mapping_recorder.main:115] - [19:17:14] Redndı: False
2025-06-22 19:17:15,583 - map_video - DEBUG - [mapping_recorder.main:115] - [19:17:15] Redndı: False
2025-06-22 19:17:16,585 - map_video - DEBUG - [mapping_recorder.main:115] - [19:17:16] Redndı: False
2025-06-22 19:17:17,587 - map_video - DEBUG - [mapping_recorder.main:115] - [19:17:17] Redndı: False
2025-06-22 19:17:18,589 - map_video - DEBUG - [mapping_recorder.main:115] - [19:17:18] Redndı: False
2025-06-22 19:17:19,590 - map_video - DEBUG - [mapping_recorder.main:115] - [19:17:19] Redndı: False
2025-06-22 19:17:20,592 - map_video - DEBUG - [mapping_recorder.main:115] - [19:17:20] Redndı: False
2025-06-22 19:17:21,594 - map_video - DEBUG - [mapping_recorder.main:115] - [19:17:21] Redndı: False
2025-06-22 19:17:22,595 - map_video - DEBUG - [mapping_recorder.main:115] - [19:17:22] Redndı: False
2025-06-22 19:17:23,597 - map_video - DEBUG - [mapping_recorder.main:115] - [19:17:23] Redndı: False
2025-06-22 19:17:24,599 - map_video - DEBUG - [mapping_recorder.main:115] - [19:17:24] Redndı: False
2025-06-22 19:17:25,601 - map_video - DEBUG - [mapping_recorder.main:115] - [19:17:25] Redndı: False
2025-06-22 19:17:26,602 - map_video - DEBUG - [mapping_recorder.main:115] - [19:17:26] Redndı: False
2025-06-22 19:17:27,603 - map_video - DEBUG - [mapping_recorder.main:115] - [19:17:27] Redndı: False
2025-06-22 19:17:28,605 - map_video - DEBUG - [mapping_recorder.main:115] - [19:17:28] Redndı: False
2025-06-22 19:17:29,607 - map_video - DEBUG - [mapping_recorder.main:115] - [19:17:29] Redndı: False
2025-06-22 19:17:30,609 - map_video - DEBUG - [mapping_recorder.main:115] - [19:17:30] Redndı: False
2025-06-22 19:17:31,611 - map_video - DEBUG - [mapping_recorder.main:115] - [19:17:31] Redndı: False
2025-06-22 19:17:32,612 - map_video - DEBUG - [mapping_recorder.main:115] - [19:17:32] Redndı: False
2025-06-22 19:17:33,614 - map_video - DEBUG - [mapping_recorder.main:115] - [19:17:33] Redndı: False
2025-06-22 19:17:34,615 - map_video - DEBUG - [mapping_recorder.main:115] - [19:17:34] Redndı: False
2025-06-22 19:17:35,617 - map_video - DEBUG - [mapping_recorder.main:115] - [19:17:35] Redndı: False
2025-06-22 19:17:36,651 - map_video - DEBUG - [mapping_recorder.main:115] - [19:17:36] Redndı: False
2025-06-22 19:17:37,653 - map_video - DEBUG - [mapping_recorder.main:115] - [19:17:37] Redndı: False
2025-06-22 19:17:38,655 - map_video - DEBUG - [mapping_recorder.main:115] - [19:17:38] Redndı: False
2025-06-22 19:17:39,657 - map_video - DEBUG - [mapping_recorder.main:115] - [19:17:39] Redndı: False
2025-06-22 19:17:40,658 - map_video - DEBUG - [mapping_recorder.main:115] - [19:17:40] Redndı: False
2025-06-22 19:17:41,660 - map_video - DEBUG - [mapping_recorder.main:115] - [19:17:41] Redndı: False
2025-06-22 19:17:42,662 - map_video - DEBUG - [mapping_recorder.main:115] - [19:17:42] Redndı: False
2025-06-22 19:17:43,663 - map_video - DEBUG - [mapping_recorder.main:115] - [19:17:43] Redndı: False
2025-06-22 19:17:44,665 - map_video - DEBUG - [mapping_recorder.main:115] - [19:17:44] Redndı: False
2025-06-22 19:17:45,667 - map_video - DEBUG - [mapping_recorder.main:115] - [19:17:45] Redndı: False
2025-06-22 19:17:46,701 - map_video - DEBUG - [mapping_recorder.main:115] - [19:17:46] Redndı: False
2025-06-22 19:17:47,703 - map_video - DEBUG - [mapping_recorder.main:115] - [19:17:47] Redndı: False
2025-06-22 19:17:48,705 - map_video - DEBUG - [mapping_recorder.main:115] - [19:17:48] Redndı: False
2025-06-22 19:17:49,706 - map_video - DEBUG - [mapping_recorder.main:115] - [19:17:49] Redndı: False
2025-06-22 19:17:50,708 - map_video - DEBUG - [mapping_recorder.main:115] - [19:17:50] Redndı: False
2025-06-22 19:17:51,710 - map_video - DEBUG - [mapping_recorder.main:115] - [19:17:51] Redndı: False
2025-06-22 19:17:52,711 - map_video - DEBUG - [mapping_recorder.main:115] - [19:17:52] Redndı: False
2025-06-22 19:17:53,713 - map_video - DEBUG - [mapping_recorder.main:115] - [19:17:53] Redndı: False
2025-06-22 19:17:54,714 - map_video - DEBUG - [mapping_recorder.main:115] - [19:17:54] Redndı: False
2025-06-22 19:17:55,715 - map_video - DEBUG - [mapping_recorder.main:115] - [19:17:55] Redndı: False
2025-06-22 19:17:56,717 - map_video - DEBUG - [mapping_recorder.main:115] - [19:17:56] Redndı: False
2025-06-22 19:17:57,719 - map_video - DEBUG - [mapping_recorder.main:115] - [19:17:57] Redndı: False
2025-06-22 19:17:58,721 - map_video - DEBUG - [mapping_recorder.main:115] - [19:17:58] Redndı: False
2025-06-22 19:17:59,722 - map_video - DEBUG - [mapping_recorder.main:115] - [19:17:59] Redndı: False
2025-06-22 19:18:00,724 - map_video - DEBUG - [mapping_recorder.main:115] - [19:18:00] Redndı: False
2025-06-22 19:18:01,726 - map_video - DEBUG - [mapping_recorder.main:115] - [19:18:01] Redndı: False
2025-06-22 19:18:02,727 - map_video - DEBUG - [mapping_recorder.main:115] - [19:18:02] Redndı: False
2025-06-22 19:18:03,729 - map_video - DEBUG - [mapping_recorder.main:115] - [19:18:03] Redndı: False
2025-06-22 19:18:04,731 - map_video - DEBUG - [mapping_recorder.main:115] - [19:18:04] Redndı: False
2025-06-22 19:18:05,733 - map_video - DEBUG - [mapping_recorder.main:115] - [19:18:05] Redndı: False
2025-06-22 19:18:06,734 - map_video - DEBUG - [mapping_recorder.main:115] - [19:18:06] Redndı: False
2025-06-22 19:18:07,736 - map_video - DEBUG - [mapping_recorder.main:115] - [19:18:07] Redndı: False
2025-06-22 19:18:08,738 - map_video - DEBUG - [mapping_recorder.main:115] - [19:18:08] Redndı: False
2025-06-22 19:18:09,739 - map_video - DEBUG - [mapping_recorder.main:115] - [19:18:09] Redndı: False
2025-06-22 19:18:10,741 - map_video - DEBUG - [mapping_recorder.main:115] - [19:18:10] Redndı: False
2025-06-22 19:18:11,743 - map_video - DEBUG - [mapping_recorder.main:115] - [19:18:11] Redndı: False
2025-06-22 19:18:12,745 - map_video - DEBUG - [mapping_recorder.main:115] - [19:18:12] Redndı: False
2025-06-22 19:18:13,746 - map_video - DEBUG - [mapping_recorder.main:115] - [19:18:13] Redndı: False
2025-06-22 19:18:14,748 - map_video - DEBUG - [mapping_recorder.main:115] - [19:18:14] Redndı: False
2025-06-22 19:18:15,750 - map_video - DEBUG - [mapping_recorder.main:115] - [19:18:15] Redndı: False
2025-06-22 19:18:16,752 - map_video - DEBUG - [mapping_recorder.main:115] - [19:18:16] Redndı: False
2025-06-22 19:18:17,753 - map_video - DEBUG - [mapping_recorder.main:115] - [19:18:17] Redndı: False
2025-06-22 19:18:18,755 - map_video - DEBUG - [mapping_recorder.main:115] - [19:18:18] Redndı: False
2025-06-22 19:18:19,757 - map_video - DEBUG - [mapping_recorder.main:115] - [19:18:19] Redndı: False
2025-06-22 19:18:20,759 - map_video - DEBUG - [mapping_recorder.main:115] - [19:18:20] Redndı: False
2025-06-22 19:18:21,761 - map_video - DEBUG - [mapping_recorder.main:115] - [19:18:21] Redndı: False
2025-06-22 19:18:22,762 - map_video - DEBUG - [mapping_recorder.main:115] - [19:18:22] Redndı: False
2025-06-22 19:18:23,764 - map_video - DEBUG - [mapping_recorder.main:115] - [19:18:23] Redndı: False
2025-06-22 19:18:24,766 - map_video - DEBUG - [mapping_recorder.main:115] - [19:18:24] Redndı: False
2025-06-22 19:18:25,767 - map_video - DEBUG - [mapping_recorder.main:115] - [19:18:25] Redndı: False
2025-06-22 19:18:26,769 - map_video - DEBUG - [mapping_recorder.main:115] - [19:18:26] Redndı: False
2025-06-22 19:18:27,771 - map_video - DEBUG - [mapping_recorder.main:115] - [19:18:27] Redndı: False
2025-06-22 19:18:28,773 - map_video - DEBUG - [mapping_recorder.main:115] - [19:18:28] Redndı: False
2025-06-22 19:18:29,775 - map_video - DEBUG - [mapping_recorder.main:115] - [19:18:29] Redndı: False
2025-06-22 19:18:30,776 - map_video - DEBUG - [mapping_recorder.main:115] - [19:18:30] Redndı: False
2025-06-22 19:18:31,778 - map_video - DEBUG - [mapping_recorder.main:115] - [19:18:31] Redndı: False
2025-06-22 19:18:32,780 - map_video - DEBUG - [mapping_recorder.main:115] - [19:18:32] Redndı: False
2025-06-22 19:18:33,781 - map_video - DEBUG - [mapping_recorder.main:115] - [19:18:33] Redndı: False
2025-06-22 19:18:34,783 - map_video - DEBUG - [mapping_recorder.main:115] - [19:18:34] Redndı: False
2025-06-22 19:18:35,785 - map_video - DEBUG - [mapping_recorder.main:115] - [19:18:35] Redndı: False
2025-06-22 19:18:36,787 - map_video - DEBUG - [mapping_recorder.main:115] - [19:18:36] Redndı: False
2025-06-22 19:18:37,789 - map_video - DEBUG - [mapping_recorder.main:115] - [19:18:37] Redndı: False
2025-06-22 19:18:38,790 - map_video - DEBUG - [mapping_recorder.main:115] - [19:18:38] Redndı: False
2025-06-22 19:18:39,792 - map_video - DEBUG - [mapping_recorder.main:115] - [19:18:39] Redndı: False
2025-06-22 19:18:40,794 - map_video - DEBUG - [mapping_recorder.main:115] - [19:18:40] Redndı: False
2025-06-22 19:18:41,795 - map_video - DEBUG - [mapping_recorder.main:115] - [19:18:41] Redndı: False
2025-06-22 19:18:42,797 - map_video - DEBUG - [mapping_recorder.main:115] - [19:18:42] Redndı: False
2025-06-22 19:18:43,799 - map_video - DEBUG - [mapping_recorder.main:115] - [19:18:43] Redndı: False
2025-06-22 19:18:44,801 - map_video - DEBUG - [mapping_recorder.main:115] - [19:18:44] Redndı: False
2025-06-22 19:18:45,802 - map_video - DEBUG - [mapping_recorder.main:115] - [19:18:45] Redndı: False
2025-06-22 19:18:46,804 - map_video - DEBUG - [mapping_recorder.main:115] - [19:18:46] Redndı: False
2025-06-22 19:18:47,806 - map_video - DEBUG - [mapping_recorder.main:115] - [19:18:47] Redndı: False
2025-06-22 19:18:48,807 - map_video - DEBUG - [mapping_recorder.main:115] - [19:18:48] Redndı: False
2025-06-22 19:18:49,809 - map_video - DEBUG - [mapping_recorder.main:115] - [19:18:49] Redndı: False
2025-06-22 19:18:50,811 - map_video - DEBUG - [mapping_recorder.main:115] - [19:18:50] Redndı: False
2025-06-22 19:18:51,813 - map_video - DEBUG - [mapping_recorder.main:115] - [19:18:51] Redndı: False
2025-06-22 19:18:52,814 - map_video - DEBUG - [mapping_recorder.main:115] - [19:18:52] Redndı: False
2025-06-22 19:18:53,816 - map_video - DEBUG - [mapping_recorder.main:115] - [19:18:53] Redndı: False
2025-06-22 19:18:54,818 - map_video - DEBUG - [mapping_recorder.main:115] - [19:18:54] Redndı: False
2025-06-22 19:18:55,819 - map_video - DEBUG - [mapping_recorder.main:115] - [19:18:55] Redndı: False
2025-06-22 19:18:56,821 - map_video - DEBUG - [mapping_recorder.main:115] - [19:18:56] Redndı: False
2025-06-22 19:18:57,823 - map_video - DEBUG - [mapping_recorder.main:115] - [19:18:57] Redndı: False
2025-06-22 19:18:58,825 - map_video - DEBUG - [mapping_recorder.main:115] - [19:18:58] Redndı: False
2025-06-22 19:18:59,826 - map_video - DEBUG - [mapping_recorder.main:115] - [19:18:59] Redndı: False
2025-06-22 19:19:00,828 - map_video - DEBUG - [mapping_recorder.main:115] - [19:19:00] Redndı: False
2025-06-22 19:19:01,830 - map_video - DEBUG - [mapping_recorder.main:115] - [19:19:01] Redndı: False
2025-06-22 19:19:02,831 - map_video - DEBUG - [mapping_recorder.main:115] - [19:19:02] Redndı: False
2025-06-22 19:19:03,833 - map_video - DEBUG - [mapping_recorder.main:115] - [19:19:03] Redndı: False
2025-06-22 19:19:04,835 - map_video - DEBUG - [mapping_recorder.main:115] - [19:19:04] Redndı: False
2025-06-22 19:19:05,835 - map_video - DEBUG - [mapping_recorder.main:115] - [19:19:05] Redndı: False
2025-06-22 19:19:06,837 - map_video - DEBUG - [mapping_recorder.main:115] - [19:19:06] Redndı: False
2025-06-22 19:19:07,839 - map_video - DEBUG - [mapping_recorder.main:115] - [19:19:07] Redndı: False
2025-06-22 19:19:08,841 - map_video - DEBUG - [mapping_recorder.main:115] - [19:19:08] Redndı: False
2025-06-22 19:19:09,843 - map_video - DEBUG - [mapping_recorder.main:115] - [19:19:09] Redndı: False
2025-06-22 19:19:10,845 - map_video - DEBUG - [mapping_recorder.main:115] - [19:19:10] Redndı: False
2025-06-22 19:19:11,846 - map_video - DEBUG - [mapping_recorder.main:115] - [19:19:11] Redndı: False
2025-06-22 19:19:12,848 - map_video - DEBUG - [mapping_recorder.main:115] - [19:19:12] Redndı: False
2025-06-22 19:19:13,850 - map_video - DEBUG - [mapping_recorder.main:115] - [19:19:13] Redndı: False
2025-06-22 19:19:14,851 - map_video - DEBUG - [mapping_recorder.main:115] - [19:19:14] Redndı: False
2025-06-22 19:19:15,853 - map_video - DEBUG - [mapping_recorder.main:115] - [19:19:15] Redndı: False
2025-06-22 19:19:16,855 - map_video - DEBUG - [mapping_recorder.main:115] - [19:19:16] Redndı: False
2025-06-22 19:19:17,857 - map_video - DEBUG - [mapping_recorder.main:115] - [19:19:17] Redndı: False
2025-06-22 19:19:18,858 - map_video - DEBUG - [mapping_recorder.main:115] - [19:19:18] Redndı: False
2025-06-22 19:19:19,860 - map_video - DEBUG - [mapping_recorder.main:115] - [19:19:19] Redndı: False
2025-06-22 19:19:20,862 - map_video - DEBUG - [mapping_recorder.main:115] - [19:19:20] Redndı: False
2025-06-22 19:19:21,864 - map_video - DEBUG - [mapping_recorder.main:115] - [19:19:21] Redndı: False
2025-06-22 19:19:22,866 - map_video - DEBUG - [mapping_recorder.main:115] - [19:19:22] Redndı: False
2025-06-22 19:19:23,868 - map_video - DEBUG - [mapping_recorder.main:115] - [19:19:23] Redndı: False
2025-06-22 19:19:24,869 - map_video - DEBUG - [mapping_recorder.main:115] - [19:19:24] Redndı: False
2025-06-22 19:19:25,871 - map_video - DEBUG - [mapping_recorder.main:115] - [19:19:25] Redndı: False
2025-06-22 19:19:26,873 - map_video - DEBUG - [mapping_recorder.main:115] - [19:19:26] Redndı: False
2025-06-22 19:19:27,875 - map_video - DEBUG - [mapping_recorder.main:115] - [19:19:27] Redndı: False
2025-06-22 19:19:28,877 - map_video - DEBUG - [mapping_recorder.main:115] - [19:19:28] Redndı: False
2025-06-22 19:19:29,878 - map_video - DEBUG - [mapping_recorder.main:115] - [19:19:29] Redndı: False
2025-06-22 19:19:30,880 - map_video - DEBUG - [mapping_recorder.main:115] - [19:19:30] Redndı: False
2025-06-22 19:19:31,882 - map_video - DEBUG - [mapping_recorder.main:115] - [19:19:31] Redndı: False
2025-06-22 19:19:32,883 - map_video - DEBUG - [mapping_recorder.main:115] - [19:19:32] Redndı: False
2025-06-22 19:19:33,885 - map_video - DEBUG - [mapping_recorder.main:115] - [19:19:33] Redndı: False
2025-06-22 19:19:34,886 - map_video - DEBUG - [mapping_recorder.main:115] - [19:19:34] Redndı: False
2025-06-22 19:19:35,888 - map_video - DEBUG - [mapping_recorder.main:115] - [19:19:35] Redndı: False
2025-06-22 19:19:36,890 - map_video - DEBUG - [mapping_recorder.main:115] - [19:19:36] Redndı: False
2025-06-22 19:19:37,891 - map_video - DEBUG - [mapping_recorder.main:115] - [19:19:37] Redndı: False
2025-06-22 19:19:38,893 - map_video - DEBUG - [mapping_recorder.main:115] - [19:19:38] Redndı: False
2025-06-22 19:19:39,895 - map_video - DEBUG - [mapping_recorder.main:115] - [19:19:39] Redndı: False
2025-06-22 19:19:40,897 - map_video - DEBUG - [mapping_recorder.main:115] - [19:19:40] Redndı: False
2025-06-22 19:19:41,899 - map_video - DEBUG - [mapping_recorder.main:115] - [19:19:41] Redndı: False
2025-06-22 19:19:42,900 - map_video - DEBUG - [mapping_recorder.main:115] - [19:19:42] Redndı: False
2025-06-22 19:19:43,902 - map_video - DEBUG - [mapping_recorder.main:115] - [19:19:43] Redndı: False
2025-06-22 19:19:44,903 - map_video - DEBUG - [mapping_recorder.main:115] - [19:19:44] Redndı: False
2025-06-22 19:19:45,905 - map_video - DEBUG - [mapping_recorder.main:115] - [19:19:45] Redndı: False
2025-06-22 19:19:46,907 - map_video - DEBUG - [mapping_recorder.main:115] - [19:19:46] Redndı: False
2025-06-22 19:19:47,909 - map_video - DEBUG - [mapping_recorder.main:115] - [19:19:47] Redndı: False
2025-06-22 19:19:48,910 - map_video - DEBUG - [mapping_recorder.main:115] - [19:19:48] Redndı: False
2025-06-22 19:19:49,912 - map_video - DEBUG - [mapping_recorder.main:115] - [19:19:49] Redndı: False
2025-06-22 19:19:50,914 - map_video - DEBUG - [mapping_recorder.main:115] - [19:19:50] Redndı: False
2025-06-22 19:19:51,916 - map_video - DEBUG - [mapping_recorder.main:115] - [19:19:51] Redndı: False
2025-06-22 19:19:52,918 - map_video - DEBUG - [mapping_recorder.main:115] - [19:19:52] Redndı: False
2025-06-22 19:19:53,919 - map_video - DEBUG - [mapping_recorder.main:115] - [19:19:53] Redndı: False
2025-06-22 19:19:54,921 - map_video - DEBUG - [mapping_recorder.main:115] - [19:19:54] Redndı: False
2025-06-22 19:19:55,923 - map_video - DEBUG - [mapping_recorder.main:115] - [19:19:55] Redndı: False
2025-06-22 19:19:56,925 - map_video - DEBUG - [mapping_recorder.main:115] - [19:19:56] Redndı: False
2025-06-22 19:19:57,926 - map_video - DEBUG - [mapping_recorder.main:115] - [19:19:57] Redndı: False
2025-06-22 19:19:58,928 - map_video - DEBUG - [mapping_recorder.main:115] - [19:19:58] Redndı: False
2025-06-22 19:19:59,930 - map_video - DEBUG - [mapping_recorder.main:115] - [19:19:59] Redndı: False
2025-06-22 19:20:00,931 - map_video - DEBUG - [mapping_recorder.main:115] - [19:20:00] Redndı: False
2025-06-22 19:20:01,933 - map_video - DEBUG - [mapping_recorder.main:115] - [19:20:01] Redndı: False
2025-06-22 19:20:02,935 - map_video - DEBUG - [mapping_recorder.main:115] - [19:20:02] Redndı: False
2025-06-22 19:20:03,937 - map_video - DEBUG - [mapping_recorder.main:115] - [19:20:03] Redndı: False
2025-06-22 19:20:04,938 - map_video - DEBUG - [mapping_recorder.main:115] - [19:20:04] Redndı: False
2025-06-22 19:20:05,940 - map_video - DEBUG - [mapping_recorder.main:115] - [19:20:05] Redndı: False
2025-06-22 19:20:06,943 - map_video - DEBUG - [mapping_recorder.main:115] - [19:20:06] Redndı: False
2025-06-22 19:20:07,945 - map_video - DEBUG - [mapping_recorder.main:115] - [19:20:07] Redndı: False
2025-06-22 19:20:08,946 - map_video - DEBUG - [mapping_recorder.main:115] - [19:20:08] Redndı: False
2025-06-22 19:20:09,948 - map_video - DEBUG - [mapping_recorder.main:115] - [19:20:09] Redndı: False
2025-06-22 19:20:10,950 - map_video - DEBUG - [mapping_recorder.main:115] - [19:20:10] Redndı: False
2025-06-22 19:20:11,951 - map_video - DEBUG - [mapping_recorder.main:115] - [19:20:11] Redndı: False
2025-06-22 19:20:12,953 - map_video - DEBUG - [mapping_recorder.main:115] - [19:20:12] Redndı: False
2025-06-22 19:20:13,955 - map_video - DEBUG - [mapping_recorder.main:115] - [19:20:13] Redndı: False
2025-06-22 19:20:14,957 - map_video - DEBUG - [mapping_recorder.main:115] - [19:20:14] Redndı: False
2025-06-22 19:20:15,958 - map_video - DEBUG - [mapping_recorder.main:115] - [19:20:15] Redndı: False
2025-06-22 19:20:16,960 - map_video - DEBUG - [mapping_recorder.main:115] - [19:20:16] Redndı: False
2025-06-22 19:20:17,962 - map_video - DEBUG - [mapping_recorder.main:115] - [19:20:17] Redndı: False
2025-06-22 19:20:18,963 - map_video - DEBUG - [mapping_recorder.main:115] - [19:20:18] Redndı: False
2025-06-22 19:20:19,965 - map_video - DEBUG - [mapping_recorder.main:115] - [19:20:19] Redndı: False
2025-06-22 19:20:20,966 - map_video - DEBUG - [mapping_recorder.main:115] - [19:20:20] Redndı: False
2025-06-22 19:20:21,967 - map_video - DEBUG - [mapping_recorder.main:115] - [19:20:21] Redndı: False
2025-06-22 19:20:22,969 - map_video - DEBUG - [mapping_recorder.main:115] - [19:20:22] Redndı: False
2025-06-22 19:20:23,971 - map_video - DEBUG - [mapping_recorder.main:115] - [19:20:23] Redndı: False
2025-06-22 19:20:24,972 - map_video - DEBUG - [mapping_recorder.main:115] - [19:20:24] Redndı: False
2025-06-22 19:20:25,974 - map_video - DEBUG - [mapping_recorder.main:115] - [19:20:25] Redndı: False
2025-06-22 19:20:26,976 - map_video - DEBUG - [mapping_recorder.main:115] - [19:20:26] Redndı: False
2025-06-22 19:20:27,977 - map_video - DEBUG - [mapping_recorder.main:115] - [19:20:27] Redndı: False
2025-06-22 19:20:28,979 - map_video - DEBUG - [mapping_recorder.main:115] - [19:20:28] Redndı: False
2025-06-22 19:20:29,981 - map_video - DEBUG - [mapping_recorder.main:115] - [19:20:29] Redndı: False
2025-06-22 19:20:30,983 - map_video - DEBUG - [mapping_recorder.main:115] - [19:20:30] Redndı: False
2025-06-22 19:20:31,984 - map_video - DEBUG - [mapping_recorder.main:115] - [19:20:31] Redndı: False
2025-06-22 19:20:32,986 - map_video - DEBUG - [mapping_recorder.main:115] - [19:20:32] Redndı: False
2025-06-22 19:20:33,988 - map_video - DEBUG - [mapping_recorder.main:115] - [19:20:33] Redndı: False
2025-06-22 19:20:34,990 - map_video - DEBUG - [mapping_recorder.main:115] - [19:20:34] Redndı: False
2025-06-22 19:20:35,991 - map_video - DEBUG - [mapping_recorder.main:115] - [19:20:35] Redndı: False
2025-06-22 19:20:36,993 - map_video - DEBUG - [mapping_recorder.main:115] - [19:20:36] Redndı: False
2025-06-22 19:20:37,995 - map_video - DEBUG - [mapping_recorder.main:115] - [19:20:37] Redndı: False
2025-06-22 19:20:38,997 - map_video - DEBUG - [mapping_recorder.main:115] - [19:20:38] Redndı: False
2025-06-22 19:20:39,998 - map_video - DEBUG - [mapping_recorder.main:115] - [19:20:39] Redndı: False
2025-06-22 19:20:41,000 - map_video - DEBUG - [mapping_recorder.main:115] - [19:20:41] Redndı: False
2025-06-22 19:20:42,002 - map_video - DEBUG - [mapping_recorder.main:115] - [19:20:42] Redndı: False
2025-06-22 19:20:43,003 - map_video - DEBUG - [mapping_recorder.main:115] - [19:20:43] Redndı: False
2025-06-22 19:20:44,005 - map_video - DEBUG - [mapping_recorder.main:115] - [19:20:44] Redndı: False
2025-06-22 19:20:45,007 - map_video - DEBUG - [mapping_recorder.main:115] - [19:20:45] Redndı: False
2025-06-22 19:20:46,009 - map_video - DEBUG - [mapping_recorder.main:115] - [19:20:46] Redndı: False
2025-06-22 19:20:47,010 - map_video - DEBUG - [mapping_recorder.main:115] - [19:20:47] Redndı: False
2025-06-22 19:20:48,012 - map_video - DEBUG - [mapping_recorder.main:115] - [19:20:48] Redndı: False
2025-06-22 19:20:49,014 - map_video - DEBUG - [mapping_recorder.main:115] - [19:20:49] Redndı: False
2025-06-22 19:20:50,015 - map_video - DEBUG - [mapping_recorder.main:115] - [19:20:50] Redndı: False
2025-06-22 19:20:51,017 - map_video - DEBUG - [mapping_recorder.main:115] - [19:20:51] Redndı: False
2025-06-22 19:20:52,019 - map_video - DEBUG - [mapping_recorder.main:115] - [19:20:52] Redndı: False
2025-06-22 19:20:53,021 - map_video - DEBUG - [mapping_recorder.main:115] - [19:20:53] Redndı: False
2025-06-22 19:20:54,022 - map_video - DEBUG - [mapping_recorder.main:115] - [19:20:54] Redndı: False
2025-06-22 19:20:55,024 - map_video - DEBUG - [mapping_recorder.main:115] - [19:20:55] Redndı: False
2025-06-22 19:20:56,025 - map_video - DEBUG - [mapping_recorder.main:115] - [19:20:56] Redndı: False
2025-06-22 19:20:57,027 - map_video - DEBUG - [mapping_recorder.main:115] - [19:20:57] Redndı: False
2025-06-22 19:20:58,029 - map_video - DEBUG - [mapping_recorder.main:115] - [19:20:58] Redndı: False
2025-06-22 19:20:59,031 - map_video - DEBUG - [mapping_recorder.main:115] - [19:20:59] Redndı: False
2025-06-22 19:21:00,033 - map_video - DEBUG - [mapping_recorder.main:115] - [19:21:00] Redndı: False
2025-06-22 19:21:01,034 - map_video - DEBUG - [mapping_recorder.main:115] - [19:21:01] Redndı: False
2025-06-22 19:21:02,036 - map_video - DEBUG - [mapping_recorder.main:115] - [19:21:02] Redndı: False
2025-06-22 19:21:03,038 - map_video - DEBUG - [mapping_recorder.main:115] - [19:21:03] Redndı: False
2025-06-22 19:21:04,039 - map_video - DEBUG - [mapping_recorder.main:115] - [19:21:04] Redndı: False
2025-06-22 19:21:05,041 - map_video - DEBUG - [mapping_recorder.main:115] - [19:21:05] Redndı: False
2025-06-22 19:21:06,043 - map_video - DEBUG - [mapping_recorder.main:115] - [19:21:06] Redndı: False
2025-06-22 19:21:07,045 - map_video - DEBUG - [mapping_recorder.main:115] - [19:21:07] Redndı: False
2025-06-22 19:21:08,046 - map_video - DEBUG - [mapping_recorder.main:115] - [19:21:08] Redndı: False
2025-06-22 19:21:09,048 - map_video - DEBUG - [mapping_recorder.main:115] - [19:21:09] Redndı: False
2025-06-22 19:21:10,050 - map_video - DEBUG - [mapping_recorder.main:115] - [19:21:10] Redndı: False
2025-06-22 19:21:11,052 - map_video - DEBUG - [mapping_recorder.main:115] - [19:21:11] Redndı: False
2025-06-22 19:21:12,053 - map_video - DEBUG - [mapping_recorder.main:115] - [19:21:12] Redndı: False
2025-06-22 19:21:13,055 - map_video - DEBUG - [mapping_recorder.main:115] - [19:21:13] Redndı: False
2025-06-22 19:21:14,057 - map_video - DEBUG - [mapping_recorder.main:115] - [19:21:14] Redndı: False
2025-06-22 19:21:15,059 - map_video - DEBUG - [mapping_recorder.main:115] - [19:21:15] Redndı: False
2025-06-22 19:21:16,060 - map_video - DEBUG - [mapping_recorder.main:115] - [19:21:16] Redndı: False
2025-06-22 19:21:17,062 - map_video - DEBUG - [mapping_recorder.main:115] - [19:21:17] Redndı: False
2025-06-22 19:21:18,064 - map_video - DEBUG - [mapping_recorder.main:115] - [19:21:18] Redndı: False
2025-06-22 19:21:19,065 - map_video - DEBUG - [mapping_recorder.main:115] - [19:21:19] Redndı: False
2025-06-22 19:21:20,067 - map_video - DEBUG - [mapping_recorder.main:115] - [19:21:20] Redndı: False
2025-06-22 19:21:21,069 - map_video - DEBUG - [mapping_recorder.main:115] - [19:21:21] Redndı: False
2025-06-22 19:21:22,071 - map_video - DEBUG - [mapping_recorder.main:115] - [19:21:22] Redndı: False
2025-06-22 19:21:23,073 - map_video - DEBUG - [mapping_recorder.main:115] - [19:21:23] Redndı: False
2025-06-22 19:21:24,074 - map_video - DEBUG - [mapping_recorder.main:115] - [19:21:24] Redndı: False
2025-06-22 19:21:25,076 - map_video - DEBUG - [mapping_recorder.main:115] - [19:21:25] Redndı: False
2025-06-22 19:21:26,078 - map_video - DEBUG - [mapping_recorder.main:115] - [19:21:26] Redndı: False
2025-06-22 19:21:27,079 - map_video - DEBUG - [mapping_recorder.main:115] - [19:21:27] Redndı: False
2025-06-22 19:21:28,081 - map_video - DEBUG - [mapping_recorder.main:115] - [19:21:28] Redndı: False
2025-06-22 19:21:29,083 - map_video - DEBUG - [mapping_recorder.main:115] - [19:21:29] Redndı: False
2025-06-22 19:21:30,085 - map_video - DEBUG - [mapping_recorder.main:115] - [19:21:30] Redndı: False
2025-06-22 19:21:31,086 - map_video - DEBUG - [mapping_recorder.main:115] - [19:21:31] Redndı: False
2025-06-22 19:21:32,088 - map_video - DEBUG - [mapping_recorder.main:115] - [19:21:32] Redndı: False
2025-06-22 19:21:33,090 - map_video - DEBUG - [mapping_recorder.main:115] - [19:21:33] Redndı: False
2025-06-22 19:21:34,091 - map_video - DEBUG - [mapping_recorder.main:115] - [19:21:34] Redndı: False
2025-06-22 19:21:35,093 - map_video - DEBUG - [mapping_recorder.main:115] - [19:21:35] Redndı: False
2025-06-22 19:21:36,095 - map_video - DEBUG - [mapping_recorder.main:115] - [19:21:36] Redndı: False
2025-06-22 19:21:37,097 - map_video - DEBUG - [mapping_recorder.main:115] - [19:21:37] Redndı: False
2025-06-22 19:21:38,098 - map_video - DEBUG - [mapping_recorder.main:115] - [19:21:38] Redndı: False
2025-06-22 19:21:39,100 - map_video - DEBUG - [mapping_recorder.main:115] - [19:21:39] Redndı: False
2025-06-22 19:21:40,102 - map_video - DEBUG - [mapping_recorder.main:115] - [19:21:40] Redndı: False
2025-06-22 19:21:41,103 - map_video - DEBUG - [mapping_recorder.main:115] - [19:21:41] Redndı: False
2025-06-22 19:21:42,105 - map_video - DEBUG - [mapping_recorder.main:115] - [19:21:42] Redndı: False
2025-06-22 19:21:43,107 - map_video - DEBUG - [mapping_recorder.main:115] - [19:21:43] Redndı: False
2025-06-22 19:21:44,108 - map_video - DEBUG - [mapping_recorder.main:115] - [19:21:44] Redndı: False
2025-06-22 19:21:45,110 - map_video - DEBUG - [mapping_recorder.main:115] - [19:21:45] Redndı: False
2025-06-22 19:21:46,111 - map_video - DEBUG - [mapping_recorder.main:115] - [19:21:46] Redndı: False
2025-06-22 19:21:47,113 - map_video - DEBUG - [mapping_recorder.main:115] - [19:21:47] Redndı: False
2025-06-22 19:21:48,115 - map_video - DEBUG - [mapping_recorder.main:115] - [19:21:48] Redndı: False
2025-06-22 19:21:49,117 - map_video - DEBUG - [mapping_recorder.main:115] - [19:21:49] Redndı: False
2025-06-22 19:21:50,118 - map_video - DEBUG - [mapping_recorder.main:115] - [19:21:50] Redndı: False
2025-06-22 19:21:51,120 - map_video - DEBUG - [mapping_recorder.main:115] - [19:21:51] Redndı: False
2025-06-22 19:21:52,122 - map_video - DEBUG - [mapping_recorder.main:115] - [19:21:52] Redndı: False
2025-06-22 19:21:53,124 - map_video - DEBUG - [mapping_recorder.main:115] - [19:21:53] Redndı: False
2025-06-22 19:21:54,126 - map_video - DEBUG - [mapping_recorder.main:115] - [19:21:54] Redndı: False
2025-06-22 19:21:55,127 - map_video - DEBUG - [mapping_recorder.main:115] - [19:21:55] Redndı: False
2025-06-22 19:21:56,129 - map_video - DEBUG - [mapping_recorder.main:115] - [19:21:56] Redndı: False
2025-06-22 19:21:57,131 - map_video - DEBUG - [mapping_recorder.main:115] - [19:21:57] Redndı: False
2025-06-22 19:21:58,133 - map_video - DEBUG - [mapping_recorder.main:115] - [19:21:58] Redndı: False
2025-06-22 19:21:59,134 - map_video - DEBUG - [mapping_recorder.main:115] - [19:21:59] Redndı: False
2025-06-22 19:22:00,136 - map_video - DEBUG - [mapping_recorder.main:115] - [19:22:00] Redndı: False
2025-06-22 19:22:01,138 - map_video - DEBUG - [mapping_recorder.main:115] - [19:22:01] Redndı: False
2025-06-22 19:22:02,139 - map_video - DEBUG - [mapping_recorder.main:115] - [19:22:02] Redndı: False
2025-06-22 19:22:03,141 - map_video - DEBUG - [mapping_recorder.main:115] - [19:22:03] Redndı: False
2025-06-22 19:22:04,143 - map_video - DEBUG - [mapping_recorder.main:115] - [19:22:04] Redndı: False
2025-06-22 19:22:05,145 - map_video - DEBUG - [mapping_recorder.main:115] - [19:22:05] Redndı: False
2025-06-22 19:22:06,146 - map_video - DEBUG - [mapping_recorder.main:115] - [19:22:06] Redndı: False
2025-06-22 19:22:07,148 - map_video - DEBUG - [mapping_recorder.main:115] - [19:22:07] Redndı: False
2025-06-22 19:22:08,150 - map_video - DEBUG - [mapping_recorder.main:115] - [19:22:08] Redndı: False
2025-06-22 19:22:09,151 - map_video - DEBUG - [mapping_recorder.main:115] - [19:22:09] Redndı: False
2025-06-22 19:22:10,153 - map_video - DEBUG - [mapping_recorder.main:115] - [19:22:10] Redndı: False
2025-06-22 19:22:11,155 - map_video - DEBUG - [mapping_recorder.main:115] - [19:22:11] Redndı: False
2025-06-22 19:22:12,156 - map_video - DEBUG - [mapping_recorder.main:115] - [19:22:12] Redndı: False
2025-06-22 19:22:13,158 - map_video - DEBUG - [mapping_recorder.main:115] - [19:22:13] Redndı: False
2025-06-22 19:22:14,159 - map_video - DEBUG - [mapping_recorder.main:115] - [19:22:14] Redndı: False
2025-06-22 19:22:15,161 - map_video - DEBUG - [mapping_recorder.main:115] - [19:22:15] Redndı: False
2025-06-22 19:22:16,162 - map_video - DEBUG - [mapping_recorder.main:115] - [19:22:16] Redndı: False
2025-06-22 19:22:17,164 - map_video - DEBUG - [mapping_recorder.main:115] - [19:22:17] Redndı: False
2025-06-22 19:22:18,166 - map_video - DEBUG - [mapping_recorder.main:115] - [19:22:18] Redndı: False
2025-06-22 19:22:19,167 - map_video - DEBUG - [mapping_recorder.main:115] - [19:22:19] Redndı: False
2025-06-22 19:22:20,169 - map_video - DEBUG - [mapping_recorder.main:115] - [19:22:20] Redndı: False
2025-06-22 19:22:21,171 - map_video - DEBUG - [mapping_recorder.main:115] - [19:22:21] Redndı: False
2025-06-22 19:22:22,173 - map_video - DEBUG - [mapping_recorder.main:115] - [19:22:22] Redndı: False
2025-06-22 19:22:23,174 - map_video - DEBUG - [mapping_recorder.main:115] - [19:22:23] Redndı: False
2025-06-22 19:22:24,176 - map_video - DEBUG - [mapping_recorder.main:115] - [19:22:24] Redndı: False
2025-06-22 19:22:25,178 - map_video - DEBUG - [mapping_recorder.main:115] - [19:22:25] Redndı: False
2025-06-22 19:22:26,179 - map_video - DEBUG - [mapping_recorder.main:115] - [19:22:26] Redndı: False
2025-06-22 19:22:27,181 - map_video - DEBUG - [mapping_recorder.main:115] - [19:22:27] Redndı: False
2025-06-22 19:22:28,183 - map_video - DEBUG - [mapping_recorder.main:115] - [19:22:28] Redndı: False
2025-06-22 19:22:29,185 - map_video - DEBUG - [mapping_recorder.main:115] - [19:22:29] Redndı: False
2025-06-22 19:22:30,186 - map_video - DEBUG - [mapping_recorder.main:115] - [19:22:30] Redndı: False
2025-06-22 19:22:31,188 - map_video - DEBUG - [mapping_recorder.main:115] - [19:22:31] Redndı: False
2025-06-22 19:22:32,190 - map_video - DEBUG - [mapping_recorder.main:115] - [19:22:32] Redndı: False
2025-06-22 19:22:33,191 - map_video - DEBUG - [mapping_recorder.main:115] - [19:22:33] Redndı: False
2025-06-22 19:22:34,193 - map_video - DEBUG - [mapping_recorder.main:115] - [19:22:34] Redndı: False
2025-06-22 19:22:35,195 - map_video - DEBUG - [mapping_recorder.main:115] - [19:22:35] Redndı: False
2025-06-22 19:22:36,197 - map_video - DEBUG - [mapping_recorder.main:115] - [19:22:36] Redndı: False
2025-06-22 19:22:37,198 - map_video - DEBUG - [mapping_recorder.main:115] - [19:22:37] Redndı: False
2025-06-22 19:22:38,200 - map_video - DEBUG - [mapping_recorder.main:115] - [19:22:38] Redndı: False
2025-06-22 19:22:39,202 - map_video - DEBUG - [mapping_recorder.main:115] - [19:22:39] Redndı: False
2025-06-22 19:22:40,203 - map_video - DEBUG - [mapping_recorder.main:115] - [19:22:40] Redndı: False
2025-06-22 19:22:41,205 - map_video - DEBUG - [mapping_recorder.main:115] - [19:22:41] Redndı: False
2025-06-22 19:22:42,207 - map_video - DEBUG - [mapping_recorder.main:115] - [19:22:42] Redndı: False
2025-06-22 19:22:43,209 - map_video - DEBUG - [mapping_recorder.main:115] - [19:22:43] Redndı: False
2025-06-22 19:22:44,210 - map_video - DEBUG - [mapping_recorder.main:115] - [19:22:44] Redndı: False
2025-06-22 19:22:45,212 - map_video - DEBUG - [mapping_recorder.main:115] - [19:22:45] Redndı: False
2025-06-22 19:22:46,214 - map_video - DEBUG - [mapping_recorder.main:115] - [19:22:46] Redndı: False
2025-06-22 19:22:47,215 - map_video - DEBUG - [mapping_recorder.main:115] - [19:22:47] Redndı: False
2025-06-22 19:22:48,217 - map_video - DEBUG - [mapping_recorder.main:115] - [19:22:48] Redndı: False
2025-06-22 19:22:49,219 - map_video - DEBUG - [mapping_recorder.main:115] - [19:22:49] Redndı: False
2025-06-22 19:22:50,221 - map_video - DEBUG - [mapping_recorder.main:115] - [19:22:50] Redndı: False
2025-06-22 19:22:51,222 - map_video - DEBUG - [mapping_recorder.main:115] - [19:22:51] Redndı: False
2025-06-22 19:22:52,224 - map_video - DEBUG - [mapping_recorder.main:115] - [19:22:52] Redndı: False
2025-06-22 19:22:53,226 - map_video - DEBUG - [mapping_recorder.main:115] - [19:22:53] Redndı: False
2025-06-22 19:22:54,227 - map_video - DEBUG - [mapping_recorder.main:115] - [19:22:54] Redndı: False
2025-06-22 19:22:55,229 - map_video - DEBUG - [mapping_recorder.main:115] - [19:22:55] Redndı: False
2025-06-22 19:22:56,231 - map_video - DEBUG - [mapping_recorder.main:115] - [19:22:56] Redndı: False
2025-06-22 19:22:57,233 - map_video - DEBUG - [mapping_recorder.main:115] - [19:22:57] Redndı: False
2025-06-22 19:22:58,234 - map_video - DEBUG - [mapping_recorder.main:115] - [19:22:58] Redndı: False
2025-06-22 19:22:59,236 - map_video - DEBUG - [mapping_recorder.main:115] - [19:22:59] Redndı: False
2025-06-22 19:23:00,238 - map_video - DEBUG - [mapping_recorder.main:115] - [19:23:00] Redndı: False
2025-06-22 19:23:01,239 - map_video - DEBUG - [mapping_recorder.main:115] - [19:23:01] Redndı: False
2025-06-22 19:23:02,241 - map_video - DEBUG - [mapping_recorder.main:115] - [19:23:02] Redndı: False
2025-06-22 19:23:03,243 - map_video - DEBUG - [mapping_recorder.main:115] - [19:23:03] Redndı: False
2025-06-22 19:23:04,245 - map_video - DEBUG - [mapping_recorder.main:115] - [19:23:04] Redndı: False
2025-06-22 19:23:05,246 - map_video - DEBUG - [mapping_recorder.main:115] - [19:23:05] Redndı: False
2025-06-22 19:23:06,248 - map_video - DEBUG - [mapping_recorder.main:115] - [19:23:06] Redndı: False
2025-06-22 19:23:07,250 - map_video - DEBUG - [mapping_recorder.main:115] - [19:23:07] Redndı: False
2025-06-22 19:23:08,251 - map_video - DEBUG - [mapping_recorder.main:115] - [19:23:08] Redndı: False
2025-06-22 19:23:09,253 - map_video - DEBUG - [mapping_recorder.main:115] - [19:23:09] Redndı: False
2025-06-22 19:23:10,255 - map_video - DEBUG - [mapping_recorder.main:115] - [19:23:10] Redndı: False
2025-06-22 19:23:11,257 - map_video - DEBUG - [mapping_recorder.main:115] - [19:23:11] Redndı: False
2025-06-22 19:23:12,258 - map_video - DEBUG - [mapping_recorder.main:115] - [19:23:12] Redndı: False
2025-06-22 19:23:13,260 - map_video - DEBUG - [mapping_recorder.main:115] - [19:23:13] Redndı: False
2025-06-22 19:23:14,262 - map_video - DEBUG - [mapping_recorder.main:115] - [19:23:14] Redndı: False
2025-06-22 19:23:15,263 - map_video - DEBUG - [mapping_recorder.main:115] - [19:23:15] Redndı: False
2025-06-22 19:23:16,265 - map_video - DEBUG - [mapping_recorder.main:115] - [19:23:16] Redndı: False
2025-06-22 19:23:17,267 - map_video - DEBUG - [mapping_recorder.main:115] - [19:23:17] Redndı: False
2025-06-22 19:23:18,269 - map_video - DEBUG - [mapping_recorder.main:115] - [19:23:18] Redndı: False
2025-06-22 19:23:19,270 - map_video - DEBUG - [mapping_recorder.main:115] - [19:23:19] Redndı: False
2025-06-22 19:23:20,272 - map_video - DEBUG - [mapping_recorder.main:115] - [19:23:20] Redndı: False
2025-06-22 19:23:21,274 - map_video - DEBUG - [mapping_recorder.main:115] - [19:23:21] Redndı: False
2025-06-22 19:23:22,275 - map_video - DEBUG - [mapping_recorder.main:115] - [19:23:22] Redndı: False
2025-06-22 19:23:23,277 - map_video - DEBUG - [mapping_recorder.main:115] - [19:23:23] Redndı: False
2025-06-22 19:23:24,279 - map_video - DEBUG - [mapping_recorder.main:115] - [19:23:24] Redndı: False
2025-06-22 19:23:25,280 - map_video - DEBUG - [mapping_recorder.main:115] - [19:23:25] Redndı: False
2025-06-22 19:23:26,282 - map_video - DEBUG - [mapping_recorder.main:115] - [19:23:26] Redndı: False
2025-06-22 19:23:27,284 - map_video - DEBUG - [mapping_recorder.main:115] - [19:23:27] Redndı: False
2025-06-22 19:23:28,286 - map_video - DEBUG - [mapping_recorder.main:115] - [19:23:28] Redndı: False
2025-06-22 19:23:29,287 - map_video - DEBUG - [mapping_recorder.main:115] - [19:23:29] Redndı: False
2025-06-22 19:23:30,289 - map_video - DEBUG - [mapping_recorder.main:115] - [19:23:30] Redndı: False
2025-06-22 19:23:31,291 - map_video - DEBUG - [mapping_recorder.main:115] - [19:23:31] Redndı: False
2025-06-22 19:23:32,292 - map_video - DEBUG - [mapping_recorder.main:115] - [19:23:32] Redndı: False
2025-06-22 19:23:33,294 - map_video - DEBUG - [mapping_recorder.main:115] - [19:23:33] Redndı: False
2025-06-22 19:23:34,295 - map_video - DEBUG - [mapping_recorder.main:115] - [19:23:34] Redndı: False
2025-06-22 19:23:35,297 - map_video - DEBUG - [mapping_recorder.main:115] - [19:23:35] Redndı: False
2025-06-22 19:23:36,299 - map_video - DEBUG - [mapping_recorder.main:115] - [19:23:36] Redndı: False
2025-06-22 19:23:37,301 - map_video - DEBUG - [mapping_recorder.main:115] - [19:23:37] Redndı: False
2025-06-22 19:23:38,302 - map_video - DEBUG - [mapping_recorder.main:115] - [19:23:38] Redndı: False
2025-06-22 19:23:39,304 - map_video - DEBUG - [mapping_recorder.main:115] - [19:23:39] Redndı: False
2025-06-22 19:23:40,306 - map_video - DEBUG - [mapping_recorder.main:115] - [19:23:40] Redndı: False
2025-06-22 19:23:41,308 - map_video - DEBUG - [mapping_recorder.main:115] - [19:23:41] Redndı: False
2025-06-22 19:23:42,310 - map_video - DEBUG - [mapping_recorder.main:115] - [19:23:42] Redndı: False
2025-06-22 19:23:43,311 - map_video - DEBUG - [mapping_recorder.main:115] - [19:23:43] Redndı: False
2025-06-22 19:23:44,313 - map_video - DEBUG - [mapping_recorder.main:115] - [19:23:44] Redndı: False
2025-06-22 19:23:45,315 - map_video - DEBUG - [mapping_recorder.main:115] - [19:23:45] Redndı: False
2025-06-22 19:23:46,317 - map_video - DEBUG - [mapping_recorder.main:115] - [19:23:46] Redndı: False
2025-06-22 19:23:47,318 - map_video - DEBUG - [mapping_recorder.main:115] - [19:23:47] Redndı: False
2025-06-22 19:23:48,319 - map_video - DEBUG - [mapping_recorder.main:115] - [19:23:48] Redndı: False
2025-06-22 19:23:49,321 - map_video - DEBUG - [mapping_recorder.main:115] - [19:23:49] Redndı: False
2025-06-22 19:23:50,323 - map_video - DEBUG - [mapping_recorder.main:115] - [19:23:50] Redndı: False
2025-06-22 19:23:51,325 - map_video - DEBUG - [mapping_recorder.main:115] - [19:23:51] Redndı: False
2025-06-22 19:23:52,327 - map_video - DEBUG - [mapping_recorder.main:115] - [19:23:52] Redndı: False
2025-06-22 19:23:53,329 - map_video - DEBUG - [mapping_recorder.main:115] - [19:23:53] Redndı: False
2025-06-22 19:23:54,331 - map_video - DEBUG - [mapping_recorder.main:115] - [19:23:54] Redndı: False
2025-06-22 19:23:55,333 - map_video - DEBUG - [mapping_recorder.main:115] - [19:23:55] Redndı: False
2025-06-22 19:23:56,335 - map_video - DEBUG - [mapping_recorder.main:115] - [19:23:56] Redndı: False
2025-06-22 19:23:57,337 - map_video - DEBUG - [mapping_recorder.main:115] - [19:23:57] Redndı: False
2025-06-22 19:23:58,339 - map_video - DEBUG - [mapping_recorder.main:115] - [19:23:58] Redndı: False
2025-06-22 19:23:59,341 - map_video - DEBUG - [mapping_recorder.main:115] - [19:23:59] Redndı: False
2025-06-22 19:24:00,343 - map_video - DEBUG - [mapping_recorder.main:115] - [19:24:00] Redndı: False
2025-06-22 19:24:01,345 - map_video - DEBUG - [mapping_recorder.main:115] - [19:24:01] Redndı: False
2025-06-22 19:24:02,347 - map_video - DEBUG - [mapping_recorder.main:115] - [19:24:02] Redndı: False
2025-06-22 19:24:03,350 - map_video - DEBUG - [mapping_recorder.main:115] - [19:24:03] Redndı: False
2025-06-22 19:24:04,351 - map_video - DEBUG - [mapping_recorder.main:115] - [19:24:04] Redndı: False
2025-06-22 19:24:05,353 - map_video - DEBUG - [mapping_recorder.main:115] - [19:24:05] Redndı: False
2025-06-22 19:24:06,355 - map_video - DEBUG - [mapping_recorder.main:115] - [19:24:06] Redndı: False
2025-06-22 19:24:07,356 - map_video - DEBUG - [mapping_recorder.main:115] - [19:24:07] Redndı: False
2025-06-22 19:24:08,358 - map_video - DEBUG - [mapping_recorder.main:115] - [19:24:08] Redndı: False
2025-06-22 19:24:09,359 - map_video - DEBUG - [mapping_recorder.main:115] - [19:24:09] Redndı: False
2025-06-22 19:24:10,361 - map_video - DEBUG - [mapping_recorder.main:115] - [19:24:10] Redndı: False
2025-06-22 19:24:11,362 - map_video - DEBUG - [mapping_recorder.main:115] - [19:24:11] Redndı: False
2025-06-22 19:24:12,363 - map_video - DEBUG - [mapping_recorder.main:115] - [19:24:12] Redndı: False
2025-06-22 19:24:13,365 - map_video - DEBUG - [mapping_recorder.main:115] - [19:24:13] Redndı: False
2025-06-22 19:24:14,367 - map_video - DEBUG - [mapping_recorder.main:115] - [19:24:14] Redndı: False
2025-06-22 19:24:15,369 - map_video - DEBUG - [mapping_recorder.main:115] - [19:24:15] Redndı: False
2025-06-22 19:24:16,370 - map_video - DEBUG - [mapping_recorder.main:115] - [19:24:16] Redndı: False
2025-06-22 19:24:17,372 - map_video - DEBUG - [mapping_recorder.main:115] - [19:24:17] Redndı: False
2025-06-22 19:24:18,374 - map_video - DEBUG - [mapping_recorder.main:115] - [19:24:18] Redndı: False
2025-06-22 19:24:19,375 - map_video - DEBUG - [mapping_recorder.main:115] - [19:24:19] Redndı: False
2025-06-22 19:24:20,377 - map_video - DEBUG - [mapping_recorder.main:115] - [19:24:20] Redndı: False
2025-06-22 19:24:21,379 - map_video - DEBUG - [mapping_recorder.main:115] - [19:24:21] Redndı: False
2025-06-22 19:24:22,381 - map_video - DEBUG - [mapping_recorder.main:115] - [19:24:22] Redndı: False
2025-06-22 19:24:23,383 - map_video - DEBUG - [mapping_recorder.main:115] - [19:24:23] Redndı: False
2025-06-22 19:24:24,385 - map_video - DEBUG - [mapping_recorder.main:115] - [19:24:24] Redndı: False
2025-06-22 19:24:25,386 - map_video - DEBUG - [mapping_recorder.main:115] - [19:24:25] Redndı: False
2025-06-22 19:24:26,388 - map_video - DEBUG - [mapping_recorder.main:115] - [19:24:26] Redndı: False
2025-06-22 19:24:27,390 - map_video - DEBUG - [mapping_recorder.main:115] - [19:24:27] Redndı: False
2025-06-22 19:24:28,391 - map_video - DEBUG - [mapping_recorder.main:115] - [19:24:28] Redndı: False
2025-06-22 19:24:29,393 - map_video - DEBUG - [mapping_recorder.main:115] - [19:24:29] Redndı: False
2025-06-22 19:24:30,395 - map_video - DEBUG - [mapping_recorder.main:115] - [19:24:30] Redndı: False
2025-06-22 19:24:31,397 - map_video - DEBUG - [mapping_recorder.main:115] - [19:24:31] Redndı: False
2025-06-22 19:24:32,398 - map_video - DEBUG - [mapping_recorder.main:115] - [19:24:32] Redndı: False
2025-06-22 19:24:33,400 - map_video - DEBUG - [mapping_recorder.main:115] - [19:24:33] Redndı: False
2025-06-22 19:24:34,402 - map_video - DEBUG - [mapping_recorder.main:115] - [19:24:34] Redndı: False
2025-06-22 19:24:35,404 - map_video - DEBUG - [mapping_recorder.main:115] - [19:24:35] Redndı: False
2025-06-22 19:24:36,406 - map_video - DEBUG - [mapping_recorder.main:115] - [19:24:36] Redndı: False
2025-06-22 19:24:37,408 - map_video - DEBUG - [mapping_recorder.main:115] - [19:24:37] Redndı: False
2025-06-22 19:24:38,410 - map_video - DEBUG - [mapping_recorder.main:115] - [19:24:38] Redndı: False
2025-06-22 19:24:39,411 - map_video - DEBUG - [mapping_recorder.main:115] - [19:24:39] Redndı: False
2025-06-22 19:24:40,413 - map_video - DEBUG - [mapping_recorder.main:115] - [19:24:40] Redndı: False
2025-06-22 19:24:41,415 - map_video - DEBUG - [mapping_recorder.main:115] - [19:24:41] Redndı: False
2025-06-22 19:24:42,417 - map_video - DEBUG - [mapping_recorder.main:115] - [19:24:42] Redndı: False
2025-06-22 19:24:43,418 - map_video - DEBUG - [mapping_recorder.main:115] - [19:24:43] Redndı: False
2025-06-22 19:24:44,419 - map_video - DEBUG - [mapping_recorder.main:115] - [19:24:44] Redndı: False
2025-06-22 19:24:45,421 - map_video - DEBUG - [mapping_recorder.main:115] - [19:24:45] Redndı: False
2025-06-22 19:24:46,423 - map_video - DEBUG - [mapping_recorder.main:115] - [19:24:46] Redndı: False
2025-06-22 19:24:47,425 - map_video - DEBUG - [mapping_recorder.main:115] - [19:24:47] Redndı: False
2025-06-22 19:24:48,427 - map_video - DEBUG - [mapping_recorder.main:115] - [19:24:48] Redndı: False
2025-06-22 19:24:49,428 - map_video - DEBUG - [mapping_recorder.main:115] - [19:24:49] Redndı: False
2025-06-22 19:24:50,430 - map_video - DEBUG - [mapping_recorder.main:115] - [19:24:50] Redndı: False
2025-06-22 19:24:51,432 - map_video - DEBUG - [mapping_recorder.main:115] - [19:24:51] Redndı: False
2025-06-22 19:24:52,434 - map_video - DEBUG - [mapping_recorder.main:115] - [19:24:52] Redndı: False
2025-06-22 19:24:53,435 - map_video - DEBUG - [mapping_recorder.main:115] - [19:24:53] Redndı: False
2025-06-22 19:24:54,437 - map_video - DEBUG - [mapping_recorder.main:115] - [19:24:54] Redndı: False
2025-06-22 19:24:55,439 - map_video - DEBUG - [mapping_recorder.main:115] - [19:24:55] Redndı: False
2025-06-22 19:24:56,441 - map_video - DEBUG - [mapping_recorder.main:115] - [19:24:56] Redndı: False
2025-06-22 19:24:57,442 - map_video - DEBUG - [mapping_recorder.main:115] - [19:24:57] Redndı: False
2025-06-22 19:24:58,444 - map_video - DEBUG - [mapping_recorder.main:115] - [19:24:58] Redndı: False
2025-06-22 19:24:59,446 - map_video - DEBUG - [mapping_recorder.main:115] - [19:24:59] Redndı: False
2025-06-22 19:25:00,447 - map_video - DEBUG - [mapping_recorder.main:115] - [19:25:00] Redndı: False
2025-06-22 19:25:01,449 - map_video - DEBUG - [mapping_recorder.main:115] - [19:25:01] Redndı: False
2025-06-22 19:25:02,450 - map_video - DEBUG - [mapping_recorder.main:115] - [19:25:02] Redndı: False
2025-06-22 19:25:03,452 - map_video - DEBUG - [mapping_recorder.main:115] - [19:25:03] Redndı: False
2025-06-22 19:25:04,454 - map_video - DEBUG - [mapping_recorder.main:115] - [19:25:04] Redndı: False
2025-06-22 19:25:05,456 - map_video - DEBUG - [mapping_recorder.main:115] - [19:25:05] Redndı: False
2025-06-22 19:25:06,458 - map_video - DEBUG - [mapping_recorder.main:115] - [19:25:06] Redndı: False
2025-06-22 19:25:07,459 - map_video - DEBUG - [mapping_recorder.main:115] - [19:25:07] Redndı: False
2025-06-22 19:25:08,461 - map_video - DEBUG - [mapping_recorder.main:115] - [19:25:08] Redndı: False
2025-06-22 19:25:09,463 - map_video - DEBUG - [mapping_recorder.main:115] - [19:25:09] Redndı: False
2025-06-22 19:25:10,465 - map_video - DEBUG - [mapping_recorder.main:115] - [19:25:10] Redndı: False
2025-06-22 19:25:11,466 - map_video - DEBUG - [mapping_recorder.main:115] - [19:25:11] Redndı: False
2025-06-22 19:25:12,468 - map_video - DEBUG - [mapping_recorder.main:115] - [19:25:12] Redndı: False
2025-06-22 19:25:13,470 - map_video - DEBUG - [mapping_recorder.main:115] - [19:25:13] Redndı: False
2025-06-22 19:25:14,472 - map_video - DEBUG - [mapping_recorder.main:115] - [19:25:14] Redndı: False
2025-06-22 19:25:15,474 - map_video - DEBUG - [mapping_recorder.main:115] - [19:25:15] Redndı: False
2025-06-22 19:25:16,475 - map_video - DEBUG - [mapping_recorder.main:115] - [19:25:16] Redndı: False
2025-06-22 19:25:17,477 - map_video - DEBUG - [mapping_recorder.main:115] - [19:25:17] Redndı: False
2025-06-22 19:25:18,479 - map_video - DEBUG - [mapping_recorder.main:115] - [19:25:18] Redndı: False
2025-06-22 19:25:19,480 - map_video - DEBUG - [mapping_recorder.main:115] - [19:25:19] Redndı: False
2025-06-22 19:25:20,482 - map_video - DEBUG - [mapping_recorder.main:115] - [19:25:20] Redndı: False
2025-06-22 19:25:21,484 - map_video - DEBUG - [mapping_recorder.main:115] - [19:25:21] Redndı: False
2025-06-22 19:25:22,486 - map_video - DEBUG - [mapping_recorder.main:115] - [19:25:22] Redndı: False
2025-06-22 19:25:23,487 - map_video - DEBUG - [mapping_recorder.main:115] - [19:25:23] Redndı: False
2025-06-22 19:25:24,489 - map_video - DEBUG - [mapping_recorder.main:115] - [19:25:24] Redndı: False
2025-06-22 19:25:25,491 - map_video - DEBUG - [mapping_recorder.main:115] - [19:25:25] Redndı: False
2025-06-22 19:25:26,492 - map_video - DEBUG - [mapping_recorder.main:115] - [19:25:26] Redndı: False
2025-06-22 19:25:27,494 - map_video - DEBUG - [mapping_recorder.main:115] - [19:25:27] Redndı: False
2025-06-22 19:25:28,496 - map_video - DEBUG - [mapping_recorder.main:115] - [19:25:28] Redndı: False
2025-06-22 19:25:29,498 - map_video - DEBUG - [mapping_recorder.main:115] - [19:25:29] Redndı: False
2025-06-22 19:25:30,499 - map_video - DEBUG - [mapping_recorder.main:115] - [19:25:30] Redndı: False
2025-06-22 19:25:31,501 - map_video - DEBUG - [mapping_recorder.main:115] - [19:25:31] Redndı: False
2025-06-22 19:25:32,503 - map_video - DEBUG - [mapping_recorder.main:115] - [19:25:32] Redndı: False
2025-06-22 19:25:33,504 - map_video - DEBUG - [mapping_recorder.main:115] - [19:25:33] Redndı: False
2025-06-22 19:25:34,506 - map_video - DEBUG - [mapping_recorder.main:115] - [19:25:34] Redndı: False
2025-06-22 19:25:35,508 - map_video - DEBUG - [mapping_recorder.main:115] - [19:25:35] Redndı: False
2025-06-22 19:25:36,509 - map_video - DEBUG - [mapping_recorder.main:115] - [19:25:36] Redndı: False
2025-06-22 19:25:37,511 - map_video - DEBUG - [mapping_recorder.main:115] - [19:25:37] Redndı: False
2025-06-22 19:25:38,513 - map_video - DEBUG - [mapping_recorder.main:115] - [19:25:38] Redndı: False
2025-06-22 19:25:39,515 - map_video - DEBUG - [mapping_recorder.main:115] - [19:25:39] Redndı: False
2025-06-22 19:25:40,517 - map_video - DEBUG - [mapping_recorder.main:115] - [19:25:40] Redndı: False
2025-06-22 19:25:41,518 - map_video - DEBUG - [mapping_recorder.main:115] - [19:25:41] Redndı: False
2025-06-22 19:25:42,520 - map_video - DEBUG - [mapping_recorder.main:115] - [19:25:42] Redndı: False
2025-06-22 19:25:43,522 - map_video - DEBUG - [mapping_recorder.main:115] - [19:25:43] Redndı: False
2025-06-22 19:25:44,523 - map_video - DEBUG - [mapping_recorder.main:115] - [19:25:44] Redndı: False
2025-06-22 19:25:45,525 - map_video - DEBUG - [mapping_recorder.main:115] - [19:25:45] Redndı: False
2025-06-22 19:25:46,527 - map_video - DEBUG - [mapping_recorder.main:115] - [19:25:46] Redndı: False
2025-06-22 19:25:47,528 - map_video - DEBUG - [mapping_recorder.main:115] - [19:25:47] Redndı: False
2025-06-22 19:25:48,530 - map_video - DEBUG - [mapping_recorder.main:115] - [19:25:48] Redndı: False
2025-06-22 19:25:49,531 - map_video - DEBUG - [mapping_recorder.main:115] - [19:25:49] Redndı: False
2025-06-22 19:25:50,533 - map_video - DEBUG - [mapping_recorder.main:115] - [19:25:50] Redndı: False
2025-06-22 19:25:51,534 - map_video - DEBUG - [mapping_recorder.main:115] - [19:25:51] Redndı: False
2025-06-22 19:25:52,536 - map_video - DEBUG - [mapping_recorder.main:115] - [19:25:52] Redndı: False
2025-06-22 19:25:53,538 - map_video - DEBUG - [mapping_recorder.main:115] - [19:25:53] Redndı: False
2025-06-22 19:25:54,539 - map_video - DEBUG - [mapping_recorder.main:115] - [19:25:54] Redndı: False
2025-06-22 19:25:55,541 - map_video - DEBUG - [mapping_recorder.main:115] - [19:25:55] Redndı: False
2025-06-22 19:25:56,543 - map_video - DEBUG - [mapping_recorder.main:115] - [19:25:56] Redndı: False
2025-06-22 19:25:57,545 - map_video - DEBUG - [mapping_recorder.main:115] - [19:25:57] Redndı: False
2025-06-22 19:25:58,547 - map_video - DEBUG - [mapping_recorder.main:115] - [19:25:58] Redndı: False
2025-06-22 19:25:59,549 - map_video - DEBUG - [mapping_recorder.main:115] - [19:25:59] Redndı: False
2025-06-22 19:26:00,550 - map_video - DEBUG - [mapping_recorder.main:115] - [19:26:00] Redndı: False
2025-06-22 19:26:01,552 - map_video - DEBUG - [mapping_recorder.main:115] - [19:26:01] Redndı: False
2025-06-22 19:26:02,554 - map_video - DEBUG - [mapping_recorder.main:115] - [19:26:02] Redndı: False
2025-06-22 19:26:03,555 - map_video - DEBUG - [mapping_recorder.main:115] - [19:26:03] Redndı: False
2025-06-22 19:26:04,557 - map_video - DEBUG - [mapping_recorder.main:115] - [19:26:04] Redndı: False
2025-06-22 19:26:05,559 - map_video - DEBUG - [mapping_recorder.main:115] - [19:26:05] Redndı: False
2025-06-22 19:26:06,561 - map_video - DEBUG - [mapping_recorder.main:115] - [19:26:06] Redndı: False
2025-06-22 19:26:07,562 - map_video - DEBUG - [mapping_recorder.main:115] - [19:26:07] Redndı: False
2025-06-22 19:26:08,563 - map_video - DEBUG - [mapping_recorder.main:115] - [19:26:08] Redndı: False
2025-06-22 19:26:09,565 - map_video - DEBUG - [mapping_recorder.main:115] - [19:26:09] Redndı: False
2025-06-22 19:26:10,566 - map_video - DEBUG - [mapping_recorder.main:115] - [19:26:10] Redndı: False
2025-06-22 19:26:11,567 - map_video - DEBUG - [mapping_recorder.main:115] - [19:26:11] Redndı: False
2025-06-22 19:26:12,569 - map_video - DEBUG - [mapping_recorder.main:115] - [19:26:12] Redndı: False
2025-06-22 19:26:13,571 - map_video - DEBUG - [mapping_recorder.main:115] - [19:26:13] Redndı: False
2025-06-22 19:26:14,573 - map_video - DEBUG - [mapping_recorder.main:115] - [19:26:14] Redndı: False
2025-06-22 19:26:15,575 - map_video - DEBUG - [mapping_recorder.main:115] - [19:26:15] Redndı: False
2025-06-22 19:26:16,576 - map_video - DEBUG - [mapping_recorder.main:115] - [19:26:16] Redndı: False
2025-06-22 19:26:17,578 - map_video - DEBUG - [mapping_recorder.main:115] - [19:26:17] Redndı: False
2025-06-22 19:26:18,579 - map_video - DEBUG - [mapping_recorder.main:115] - [19:26:18] Redndı: False
2025-06-22 19:26:19,581 - map_video - DEBUG - [mapping_recorder.main:115] - [19:26:19] Redndı: False
2025-06-22 19:26:20,583 - map_video - DEBUG - [mapping_recorder.main:115] - [19:26:20] Redndı: False
2025-06-22 19:26:21,584 - map_video - DEBUG - [mapping_recorder.main:115] - [19:26:21] Redndı: False
2025-06-22 19:26:22,586 - map_video - DEBUG - [mapping_recorder.main:115] - [19:26:22] Redndı: False
2025-06-22 19:26:23,587 - map_video - DEBUG - [mapping_recorder.main:115] - [19:26:23] Redndı: False
2025-06-22 19:26:24,589 - map_video - DEBUG - [mapping_recorder.main:115] - [19:26:24] Redndı: False
2025-06-22 19:26:25,591 - map_video - DEBUG - [mapping_recorder.main:115] - [19:26:25] Redndı: True
2025-06-22 19:26:26,593 - map_video - DEBUG - [mapping_recorder.main:126] - [19:26:26] Kayıt başlatılıyor.
2025-06-22 19:26:27,444 - map_video - DEBUG - [mapping_recorder.main:141] - [20250622_192627] Kayıt başladı → video_20250622_192627.mp4
2025-06-22 19:26:51,682 - map_video - DEBUG - [mapping_recorder.main:145] - [19:26:51] Kayıt durduruluyor ve çıkılıyor.
