2025-06-22 01:51:12,276 - map_video - DEBUG - [mapping_recorder.main:75] - Test başlatılıyor: 10 saniye video kaydı.
2025-06-22 01:51:13,452 - map_video - DEBUG - [mapping_recorder.main:89] - [20250622_015113] Test video kaydı başladı → test_video_20250622_015113.mp4
2025-06-22 01:51:23,738 - map_video - DEBUG - [mapping_recorder.main:101] - [01:51:23] Test kaydı durduruluyor.
2025-06-22 01:51:23,988 - map_video - DEBUG - [mapping_recorder.main:109] - Ana işlem başlatılıyor. Redis ile iletişim kurulacak.
2025-06-22 01:51:23,988 - map_video - DEBUG - [mapping_recorder.main:112] - beklemedyiz hacıdayı
2025-06-22 01:51:23,989 - map_video - DEBUG - [mapping_recorder.main:115] - [01:51:23] Redndı: False
2025-06-22 01:51:24,990 - map_video - DEBUG - [mapping_recorder.main:115] - [01:51:24] Redndı: False
2025-06-22 01:51:25,991 - map_video - DEBUG - [mapping_recorder.main:115] - [01:51:25] Redndı: False
2025-06-22 01:51:26,994 - map_video - DEBUG - [mapping_recorder.main:115] - [01:51:26] Redndı: False
2025-06-22 01:51:27,996 - map_video - DEBUG - [mapping_recorder.main:115] - [01:51:27] Redndı: False
2025-06-22 01:51:28,997 - map_video - DEBUG - [mapping_recorder.main:115] - [01:51:28] Redndı: False
2025-06-22 01:51:29,999 - map_video - DEBUG - [mapping_recorder.main:115] - [01:51:29] Redndı: False
2025-06-22 01:51:31,001 - map_video - DEBUG - [mapping_recorder.main:115] - [01:51:31] Redndı: False
2025-06-22 01:51:32,003 - map_video - DEBUG - [mapping_recorder.main:115] - [01:51:32] Redndı: False
2025-06-22 01:51:33,005 - map_video - DEBUG - [mapping_recorder.main:115] - [01:51:33] Redndı: False
2025-06-22 01:51:34,006 - map_video - DEBUG - [mapping_recorder.main:115] - [01:51:34] Redndı: False
2025-06-22 01:51:35,008 - map_video - DEBUG - [mapping_recorder.main:115] - [01:51:35] Redndı: False
2025-06-22 01:51:36,009 - map_video - DEBUG - [mapping_recorder.main:115] - [01:51:36] Redndı: False
2025-06-22 01:51:37,012 - map_video - DEBUG - [mapping_recorder.main:115] - [01:51:37] Redndı: False
2025-06-22 01:51:38,013 - map_video - DEBUG - [mapping_recorder.main:115] - [01:51:38] Redndı: False
2025-06-22 01:51:39,015 - map_video - DEBUG - [mapping_recorder.main:115] - [01:51:39] Redndı: False
2025-06-22 01:51:40,017 - map_video - DEBUG - [mapping_recorder.main:115] - [01:51:40] Redndı: False
2025-06-22 01:51:41,019 - map_video - DEBUG - [mapping_recorder.main:115] - [01:51:41] Redndı: False
2025-06-22 01:51:42,053 - map_video - DEBUG - [mapping_recorder.main:115] - [01:51:42] Redndı: False
2025-06-22 01:51:43,055 - map_video - DEBUG - [mapping_recorder.main:115] - [01:51:43] Redndı: False
2025-06-22 01:51:44,057 - map_video - DEBUG - [mapping_recorder.main:115] - [01:51:44] Redndı: False
2025-06-22 01:51:45,059 - map_video - DEBUG - [mapping_recorder.main:115] - [01:51:45] Redndı: False
2025-06-22 01:51:46,061 - map_video - DEBUG - [mapping_recorder.main:115] - [01:51:46] Redndı: False
2025-06-22 01:51:47,063 - map_video - DEBUG - [mapping_recorder.main:115] - [01:51:47] Redndı: False
2025-06-22 01:51:48,065 - map_video - DEBUG - [mapping_recorder.main:115] - [01:51:48] Redndı: False
2025-06-22 01:51:49,067 - map_video - DEBUG - [mapping_recorder.main:115] - [01:51:49] Redndı: False
2025-06-22 01:51:50,069 - map_video - DEBUG - [mapping_recorder.main:115] - [01:51:50] Redndı: False
2025-06-22 01:51:51,071 - map_video - DEBUG - [mapping_recorder.main:115] - [01:51:51] Redndı: False
2025-06-22 01:51:52,073 - map_video - DEBUG - [mapping_recorder.main:115] - [01:51:52] Redndı: False
2025-06-22 01:51:53,075 - map_video - DEBUG - [mapping_recorder.main:115] - [01:51:53] Redndı: False
2025-06-22 01:51:54,077 - map_video - DEBUG - [mapping_recorder.main:115] - [01:51:54] Redndı: False
2025-06-22 01:51:55,079 - map_video - DEBUG - [mapping_recorder.main:115] - [01:51:55] Redndı: False
2025-06-22 01:51:56,080 - map_video - DEBUG - [mapping_recorder.main:115] - [01:51:56] Redndı: False
2025-06-22 01:51:57,082 - map_video - DEBUG - [mapping_recorder.main:115] - [01:51:57] Redndı: False
2025-06-22 01:51:58,083 - map_video - DEBUG - [mapping_recorder.main:115] - [01:51:58] Redndı: False
2025-06-22 01:51:59,085 - map_video - DEBUG - [mapping_recorder.main:115] - [01:51:59] Redndı: False
2025-06-22 01:52:00,087 - map_video - DEBUG - [mapping_recorder.main:115] - [01:52:00] Redndı: False
2025-06-22 01:52:01,089 - map_video - DEBUG - [mapping_recorder.main:115] - [01:52:01] Redndı: False
2025-06-22 01:52:02,091 - map_video - DEBUG - [mapping_recorder.main:115] - [01:52:02] Redndı: False
2025-06-22 01:52:03,092 - map_video - DEBUG - [mapping_recorder.main:115] - [01:52:03] Redndı: False
2025-06-22 01:52:04,094 - map_video - DEBUG - [mapping_recorder.main:115] - [01:52:04] Redndı: False
2025-06-22 01:52:05,095 - map_video - DEBUG - [mapping_recorder.main:115] - [01:52:05] Redndı: False
2025-06-22 01:52:06,097 - map_video - DEBUG - [mapping_recorder.main:115] - [01:52:06] Redndı: False
2025-06-22 01:52:07,099 - map_video - DEBUG - [mapping_recorder.main:115] - [01:52:07] Redndı: False
2025-06-22 01:52:08,101 - map_video - DEBUG - [mapping_recorder.main:115] - [01:52:08] Redndı: False
2025-06-22 01:52:09,103 - map_video - DEBUG - [mapping_recorder.main:115] - [01:52:09] Redndı: False
2025-06-22 01:52:10,105 - map_video - DEBUG - [mapping_recorder.main:115] - [01:52:10] Redndı: False
2025-06-22 01:52:11,107 - map_video - DEBUG - [mapping_recorder.main:115] - [01:52:11] Redndı: False
2025-06-22 01:52:12,142 - map_video - DEBUG - [mapping_recorder.main:115] - [01:52:12] Redndı: False
2025-06-22 01:52:13,143 - map_video - DEBUG - [mapping_recorder.main:115] - [01:52:13] Redndı: False
2025-06-22 01:52:14,145 - map_video - DEBUG - [mapping_recorder.main:115] - [01:52:14] Redndı: False
2025-06-22 01:52:15,147 - map_video - DEBUG - [mapping_recorder.main:115] - [01:52:15] Redndı: False
2025-06-22 01:52:16,149 - map_video - DEBUG - [mapping_recorder.main:115] - [01:52:16] Redndı: False
2025-06-22 01:52:17,151 - map_video - DEBUG - [mapping_recorder.main:115] - [01:52:17] Redndı: False
2025-06-22 01:52:18,153 - map_video - DEBUG - [mapping_recorder.main:115] - [01:52:18] Redndı: False
2025-06-22 01:52:19,155 - map_video - DEBUG - [mapping_recorder.main:115] - [01:52:19] Redndı: False
2025-06-22 01:52:20,157 - map_video - DEBUG - [mapping_recorder.main:115] - [01:52:20] Redndı: False
2025-06-22 01:52:21,158 - map_video - DEBUG - [mapping_recorder.main:115] - [01:52:21] Redndı: False
2025-06-22 01:52:22,160 - map_video - DEBUG - [mapping_recorder.main:115] - [01:52:22] Redndı: False
2025-06-22 01:52:23,162 - map_video - DEBUG - [mapping_recorder.main:115] - [01:52:23] Redndı: False
2025-06-22 01:52:24,164 - map_video - DEBUG - [mapping_recorder.main:115] - [01:52:24] Redndı: False
2025-06-22 01:52:25,166 - map_video - DEBUG - [mapping_recorder.main:115] - [01:52:25] Redndı: False
2025-06-22 01:52:26,167 - map_video - DEBUG - [mapping_recorder.main:115] - [01:52:26] Redndı: False
2025-06-22 01:52:27,169 - map_video - DEBUG - [mapping_recorder.main:115] - [01:52:27] Redndı: False
2025-06-22 01:52:28,171 - map_video - DEBUG - [mapping_recorder.main:115] - [01:52:28] Redndı: False
2025-06-22 01:52:29,173 - map_video - DEBUG - [mapping_recorder.main:115] - [01:52:29] Redndı: False
2025-06-22 01:52:30,175 - map_video - DEBUG - [mapping_recorder.main:115] - [01:52:30] Redndı: False
2025-06-22 01:52:31,177 - map_video - DEBUG - [mapping_recorder.main:115] - [01:52:31] Redndı: False
2025-06-22 01:52:32,179 - map_video - DEBUG - [mapping_recorder.main:115] - [01:52:32] Redndı: False
2025-06-22 01:52:33,181 - map_video - DEBUG - [mapping_recorder.main:115] - [01:52:33] Redndı: False
2025-06-22 01:52:34,183 - map_video - DEBUG - [mapping_recorder.main:115] - [01:52:34] Redndı: False
2025-06-22 01:52:35,190 - map_video - DEBUG - [mapping_recorder.main:115] - [01:52:35] Redndı: False
2025-06-22 01:52:36,192 - map_video - DEBUG - [mapping_recorder.main:115] - [01:52:36] Redndı: False
2025-06-22 01:52:37,193 - map_video - DEBUG - [mapping_recorder.main:115] - [01:52:37] Redndı: False
2025-06-22 01:52:38,195 - map_video - DEBUG - [mapping_recorder.main:115] - [01:52:38] Redndı: False
2025-06-22 01:52:39,197 - map_video - DEBUG - [mapping_recorder.main:115] - [01:52:39] Redndı: False
2025-06-22 01:52:40,199 - map_video - DEBUG - [mapping_recorder.main:115] - [01:52:40] Redndı: False
2025-06-22 01:52:41,201 - map_video - DEBUG - [mapping_recorder.main:115] - [01:52:41] Redndı: False
2025-06-22 01:52:42,203 - map_video - DEBUG - [mapping_recorder.main:115] - [01:52:42] Redndı: False
2025-06-22 01:52:43,205 - map_video - DEBUG - [mapping_recorder.main:115] - [01:52:43] Redndı: False
2025-06-22 01:52:44,205 - map_video - DEBUG - [mapping_recorder.main:115] - [01:52:44] Redndı: False
2025-06-22 01:52:45,207 - map_video - DEBUG - [mapping_recorder.main:115] - [01:52:45] Redndı: False
2025-06-22 01:52:46,209 - map_video - DEBUG - [mapping_recorder.main:115] - [01:52:46] Redndı: False
2025-06-22 01:52:47,211 - map_video - DEBUG - [mapping_recorder.main:115] - [01:52:47] Redndı: False
2025-06-22 01:52:48,213 - map_video - DEBUG - [mapping_recorder.main:115] - [01:52:48] Redndı: False
2025-06-22 01:52:49,215 - map_video - DEBUG - [mapping_recorder.main:115] - [01:52:49] Redndı: False
2025-06-22 01:52:50,217 - map_video - DEBUG - [mapping_recorder.main:115] - [01:52:50] Redndı: False
2025-06-22 01:52:51,219 - map_video - DEBUG - [mapping_recorder.main:115] - [01:52:51] Redndı: False
2025-06-22 01:52:52,221 - map_video - DEBUG - [mapping_recorder.main:115] - [01:52:52] Redndı: False
2025-06-22 01:52:53,223 - map_video - DEBUG - [mapping_recorder.main:115] - [01:52:53] Redndı: False
2025-06-22 01:52:54,224 - map_video - DEBUG - [mapping_recorder.main:115] - [01:52:54] Redndı: False
2025-06-22 01:52:55,225 - map_video - DEBUG - [mapping_recorder.main:115] - [01:52:55] Redndı: False
2025-06-22 01:52:56,228 - map_video - DEBUG - [mapping_recorder.main:115] - [01:52:56] Redndı: False
2025-06-22 01:52:57,229 - map_video - DEBUG - [mapping_recorder.main:115] - [01:52:57] Redndı: False
2025-06-22 01:52:58,231 - map_video - DEBUG - [mapping_recorder.main:115] - [01:52:58] Redndı: False
2025-06-22 01:52:59,233 - map_video - DEBUG - [mapping_recorder.main:115] - [01:52:59] Redndı: False
2025-06-22 01:53:00,235 - map_video - DEBUG - [mapping_recorder.main:115] - [01:53:00] Redndı: False
2025-06-22 01:53:01,237 - map_video - DEBUG - [mapping_recorder.main:115] - [01:53:01] Redndı: False
2025-06-22 01:53:02,239 - map_video - DEBUG - [mapping_recorder.main:115] - [01:53:02] Redndı: False
2025-06-22 01:53:03,241 - map_video - DEBUG - [mapping_recorder.main:115] - [01:53:03] Redndı: False
2025-06-22 01:53:04,243 - map_video - DEBUG - [mapping_recorder.main:115] - [01:53:04] Redndı: False
2025-06-22 01:53:05,245 - map_video - DEBUG - [mapping_recorder.main:115] - [01:53:05] Redndı: False
2025-06-22 01:53:06,247 - map_video - DEBUG - [mapping_recorder.main:115] - [01:53:06] Redndı: False
2025-06-22 01:53:07,250 - map_video - DEBUG - [mapping_recorder.main:115] - [01:53:07] Redndı: False
2025-06-22 01:53:08,252 - map_video - DEBUG - [mapping_recorder.main:115] - [01:53:08] Redndı: False
2025-06-22 01:53:09,254 - map_video - DEBUG - [mapping_recorder.main:115] - [01:53:09] Redndı: False
2025-06-22 01:53:10,255 - map_video - DEBUG - [mapping_recorder.main:115] - [01:53:10] Redndı: False
2025-06-22 01:53:11,257 - map_video - DEBUG - [mapping_recorder.main:115] - [01:53:11] Redndı: False
2025-06-22 01:53:12,259 - map_video - DEBUG - [mapping_recorder.main:115] - [01:53:12] Redndı: False
2025-06-22 01:53:13,261 - map_video - DEBUG - [mapping_recorder.main:115] - [01:53:13] Redndı: False
2025-06-22 01:53:14,263 - map_video - DEBUG - [mapping_recorder.main:115] - [01:53:14] Redndı: False
2025-06-22 01:53:15,265 - map_video - DEBUG - [mapping_recorder.main:115] - [01:53:15] Redndı: False
2025-06-22 01:53:16,267 - map_video - DEBUG - [mapping_recorder.main:115] - [01:53:16] Redndı: False
2025-06-22 01:53:17,269 - map_video - DEBUG - [mapping_recorder.main:115] - [01:53:17] Redndı: False
2025-06-22 01:53:18,271 - map_video - DEBUG - [mapping_recorder.main:115] - [01:53:18] Redndı: False
2025-06-22 01:53:19,273 - map_video - DEBUG - [mapping_recorder.main:115] - [01:53:19] Redndı: False
2025-06-22 01:53:20,275 - map_video - DEBUG - [mapping_recorder.main:115] - [01:53:20] Redndı: False
2025-06-22 01:53:21,277 - map_video - DEBUG - [mapping_recorder.main:115] - [01:53:21] Redndı: False
2025-06-22 01:53:22,279 - map_video - DEBUG - [mapping_recorder.main:115] - [01:53:22] Redndı: False
2025-06-22 01:53:23,281 - map_video - DEBUG - [mapping_recorder.main:115] - [01:53:23] Redndı: False
2025-06-22 01:53:24,283 - map_video - DEBUG - [mapping_recorder.main:115] - [01:53:24] Redndı: False
2025-06-22 01:53:25,285 - map_video - DEBUG - [mapping_recorder.main:115] - [01:53:25] Redndı: False
2025-06-22 01:53:26,287 - map_video - DEBUG - [mapping_recorder.main:115] - [01:53:26] Redndı: False
2025-06-22 01:53:27,289 - map_video - DEBUG - [mapping_recorder.main:115] - [01:53:27] Redndı: False
2025-06-22 01:53:28,291 - map_video - DEBUG - [mapping_recorder.main:115] - [01:53:28] Redndı: False
2025-06-22 01:53:29,293 - map_video - DEBUG - [mapping_recorder.main:115] - [01:53:29] Redndı: False
2025-06-22 01:53:30,295 - map_video - DEBUG - [mapping_recorder.main:115] - [01:53:30] Redndı: False
2025-06-22 01:53:31,297 - map_video - DEBUG - [mapping_recorder.main:115] - [01:53:31] Redndı: False
2025-06-22 01:53:32,299 - map_video - DEBUG - [mapping_recorder.main:115] - [01:53:32] Redndı: False
2025-06-22 01:53:33,301 - map_video - DEBUG - [mapping_recorder.main:115] - [01:53:33] Redndı: False
2025-06-22 01:53:34,303 - map_video - DEBUG - [mapping_recorder.main:115] - [01:53:34] Redndı: False
2025-06-22 01:53:35,304 - map_video - DEBUG - [mapping_recorder.main:115] - [01:53:35] Redndı: False
2025-06-22 01:53:36,307 - map_video - DEBUG - [mapping_recorder.main:115] - [01:53:36] Redndı: False
2025-06-22 01:53:37,310 - map_video - DEBUG - [mapping_recorder.main:115] - [01:53:37] Redndı: False
2025-06-22 01:53:38,312 - map_video - DEBUG - [mapping_recorder.main:115] - [01:53:38] Redndı: False
2025-06-22 01:53:39,314 - map_video - DEBUG - [mapping_recorder.main:115] - [01:53:39] Redndı: False
2025-06-22 01:53:40,316 - map_video - DEBUG - [mapping_recorder.main:115] - [01:53:40] Redndı: False
2025-06-22 01:53:41,318 - map_video - DEBUG - [mapping_recorder.main:115] - [01:53:41] Redndı: False
2025-06-22 01:53:42,319 - map_video - DEBUG - [mapping_recorder.main:115] - [01:53:42] Redndı: False
2025-06-22 01:53:43,321 - map_video - DEBUG - [mapping_recorder.main:115] - [01:53:43] Redndı: False
2025-06-22 01:53:44,323 - map_video - DEBUG - [mapping_recorder.main:115] - [01:53:44] Redndı: False
2025-06-22 01:53:45,325 - map_video - DEBUG - [mapping_recorder.main:115] - [01:53:45] Redndı: False
2025-06-22 01:53:46,327 - map_video - DEBUG - [mapping_recorder.main:115] - [01:53:46] Redndı: False
2025-06-22 01:53:47,328 - map_video - DEBUG - [mapping_recorder.main:115] - [01:53:47] Redndı: False
2025-06-22 01:53:48,329 - map_video - DEBUG - [mapping_recorder.main:115] - [01:53:48] Redndı: False
2025-06-22 01:53:49,331 - map_video - DEBUG - [mapping_recorder.main:115] - [01:53:49] Redndı: False
2025-06-22 01:53:50,333 - map_video - DEBUG - [mapping_recorder.main:115] - [01:53:50] Redndı: False
2025-06-22 01:53:51,335 - map_video - DEBUG - [mapping_recorder.main:115] - [01:53:51] Redndı: False
2025-06-22 01:53:52,336 - map_video - DEBUG - [mapping_recorder.main:115] - [01:53:52] Redndı: False
2025-06-22 01:53:53,338 - map_video - DEBUG - [mapping_recorder.main:115] - [01:53:53] Redndı: False
2025-06-22 01:53:54,339 - map_video - DEBUG - [mapping_recorder.main:115] - [01:53:54] Redndı: False
2025-06-22 01:53:55,341 - map_video - DEBUG - [mapping_recorder.main:115] - [01:53:55] Redndı: False
2025-06-22 01:53:56,343 - map_video - DEBUG - [mapping_recorder.main:115] - [01:53:56] Redndı: False
2025-06-22 01:53:57,345 - map_video - DEBUG - [mapping_recorder.main:115] - [01:53:57] Redndı: False
2025-06-22 01:53:58,347 - map_video - DEBUG - [mapping_recorder.main:115] - [01:53:58] Redndı: False
2025-06-22 01:53:59,349 - map_video - DEBUG - [mapping_recorder.main:115] - [01:53:59] Redndı: False
2025-06-22 01:54:00,350 - map_video - DEBUG - [mapping_recorder.main:115] - [01:54:00] Redndı: False
2025-06-22 01:54:01,352 - map_video - DEBUG - [mapping_recorder.main:115] - [01:54:01] Redndı: False
2025-06-22 01:54:02,354 - map_video - DEBUG - [mapping_recorder.main:115] - [01:54:02] Redndı: False
2025-06-22 01:54:03,355 - map_video - DEBUG - [mapping_recorder.main:115] - [01:54:03] Redndı: False
2025-06-22 01:54:04,357 - map_video - DEBUG - [mapping_recorder.main:115] - [01:54:04] Redndı: False
2025-06-22 01:54:05,359 - map_video - DEBUG - [mapping_recorder.main:115] - [01:54:05] Redndı: False
2025-06-22 01:54:06,361 - map_video - DEBUG - [mapping_recorder.main:115] - [01:54:06] Redndı: False
2025-06-22 01:54:07,363 - map_video - DEBUG - [mapping_recorder.main:115] - [01:54:07] Redndı: False
2025-06-22 01:54:08,365 - map_video - DEBUG - [mapping_recorder.main:115] - [01:54:08] Redndı: False
2025-06-22 01:54:09,367 - map_video - DEBUG - [mapping_recorder.main:115] - [01:54:09] Redndı: False
2025-06-22 01:54:10,369 - map_video - DEBUG - [mapping_recorder.main:115] - [01:54:10] Redndı: False
2025-06-22 01:54:11,371 - map_video - DEBUG - [mapping_recorder.main:115] - [01:54:11] Redndı: False
2025-06-22 01:54:12,372 - map_video - DEBUG - [mapping_recorder.main:115] - [01:54:12] Redndı: False
2025-06-22 01:54:13,374 - map_video - DEBUG - [mapping_recorder.main:115] - [01:54:13] Redndı: False
2025-06-22 01:54:14,376 - map_video - DEBUG - [mapping_recorder.main:115] - [01:54:14] Redndı: False
2025-06-22 01:54:15,377 - map_video - DEBUG - [mapping_recorder.main:115] - [01:54:15] Redndı: False
2025-06-22 01:54:16,379 - map_video - DEBUG - [mapping_recorder.main:115] - [01:54:16] Redndı: False
2025-06-22 01:54:17,381 - map_video - DEBUG - [mapping_recorder.main:115] - [01:54:17] Redndı: False
2025-06-22 01:54:18,383 - map_video - DEBUG - [mapping_recorder.main:115] - [01:54:18] Redndı: False
2025-06-22 01:54:19,385 - map_video - DEBUG - [mapping_recorder.main:115] - [01:54:19] Redndı: False
2025-06-22 01:54:20,386 - map_video - DEBUG - [mapping_recorder.main:115] - [01:54:20] Redndı: False
2025-06-22 01:54:21,388 - map_video - DEBUG - [mapping_recorder.main:115] - [01:54:21] Redndı: False
2025-06-22 01:54:22,390 - map_video - DEBUG - [mapping_recorder.main:115] - [01:54:22] Redndı: False
2025-06-22 01:54:23,391 - map_video - DEBUG - [mapping_recorder.main:115] - [01:54:23] Redndı: False
2025-06-22 01:54:24,393 - map_video - DEBUG - [mapping_recorder.main:115] - [01:54:24] Redndı: False
2025-06-22 01:54:25,395 - map_video - DEBUG - [mapping_recorder.main:115] - [01:54:25] Redndı: False
2025-06-22 01:54:26,397 - map_video - DEBUG - [mapping_recorder.main:115] - [01:54:26] Redndı: False
2025-06-22 01:54:27,398 - map_video - DEBUG - [mapping_recorder.main:115] - [01:54:27] Redndı: False
2025-06-22 01:54:28,400 - map_video - DEBUG - [mapping_recorder.main:115] - [01:54:28] Redndı: False
2025-06-22 01:54:29,402 - map_video - DEBUG - [mapping_recorder.main:115] - [01:54:29] Redndı: False
2025-06-22 01:54:30,403 - map_video - DEBUG - [mapping_recorder.main:115] - [01:54:30] Redndı: False
2025-06-22 01:54:31,405 - map_video - DEBUG - [mapping_recorder.main:115] - [01:54:31] Redndı: False
2025-06-22 01:54:32,407 - map_video - DEBUG - [mapping_recorder.main:115] - [01:54:32] Redndı: False
2025-06-22 01:54:33,409 - map_video - DEBUG - [mapping_recorder.main:115] - [01:54:33] Redndı: False
2025-06-22 01:54:34,411 - map_video - DEBUG - [mapping_recorder.main:115] - [01:54:34] Redndı: False
2025-06-22 01:54:35,413 - map_video - DEBUG - [mapping_recorder.main:115] - [01:54:35] Redndı: False
2025-06-22 01:54:36,415 - map_video - DEBUG - [mapping_recorder.main:115] - [01:54:36] Redndı: False
2025-06-22 01:54:37,416 - map_video - DEBUG - [mapping_recorder.main:115] - [01:54:37] Redndı: False
2025-06-22 01:54:38,417 - map_video - DEBUG - [mapping_recorder.main:115] - [01:54:38] Redndı: False
2025-06-22 01:54:39,419 - map_video - DEBUG - [mapping_recorder.main:115] - [01:54:39] Redndı: False
2025-06-22 01:54:40,420 - map_video - DEBUG - [mapping_recorder.main:115] - [01:54:40] Redndı: False
2025-06-22 01:54:41,421 - map_video - DEBUG - [mapping_recorder.main:115] - [01:54:41] Redndı: False
2025-06-22 01:54:42,423 - map_video - DEBUG - [mapping_recorder.main:115] - [01:54:42] Redndı: False
2025-06-22 01:54:43,425 - map_video - DEBUG - [mapping_recorder.main:115] - [01:54:43] Redndı: False
2025-06-22 01:54:44,427 - map_video - DEBUG - [mapping_recorder.main:115] - [01:54:44] Redndı: False
2025-06-22 01:54:45,429 - map_video - DEBUG - [mapping_recorder.main:115] - [01:54:45] Redndı: False
2025-06-22 01:54:46,431 - map_video - DEBUG - [mapping_recorder.main:115] - [01:54:46] Redndı: False
2025-06-22 01:54:47,433 - map_video - DEBUG - [mapping_recorder.main:115] - [01:54:47] Redndı: False
2025-06-22 01:54:48,435 - map_video - DEBUG - [mapping_recorder.main:115] - [01:54:48] Redndı: False
2025-06-22 01:54:49,436 - map_video - DEBUG - [mapping_recorder.main:115] - [01:54:49] Redndı: False
2025-06-22 01:54:50,438 - map_video - DEBUG - [mapping_recorder.main:115] - [01:54:50] Redndı: False
2025-06-22 01:54:51,439 - map_video - DEBUG - [mapping_recorder.main:115] - [01:54:51] Redndı: False
2025-06-22 01:54:52,441 - map_video - DEBUG - [mapping_recorder.main:115] - [01:54:52] Redndı: False
2025-06-22 01:54:53,443 - map_video - DEBUG - [mapping_recorder.main:115] - [01:54:53] Redndı: False
2025-06-22 01:54:54,445 - map_video - DEBUG - [mapping_recorder.main:115] - [01:54:54] Redndı: False
2025-06-22 01:54:55,447 - map_video - DEBUG - [mapping_recorder.main:115] - [01:54:55] Redndı: False
2025-06-22 01:54:56,449 - map_video - DEBUG - [mapping_recorder.main:115] - [01:54:56] Redndı: False
2025-06-22 01:54:57,451 - map_video - DEBUG - [mapping_recorder.main:115] - [01:54:57] Redndı: False
2025-06-22 01:54:58,453 - map_video - DEBUG - [mapping_recorder.main:115] - [01:54:58] Redndı: False
2025-06-22 01:54:59,454 - map_video - DEBUG - [mapping_recorder.main:115] - [01:54:59] Redndı: False
2025-06-22 01:55:00,455 - map_video - DEBUG - [mapping_recorder.main:115] - [01:55:00] Redndı: False
2025-06-22 01:55:01,457 - map_video - DEBUG - [mapping_recorder.main:115] - [01:55:01] Redndı: False
2025-06-22 01:55:02,459 - map_video - DEBUG - [mapping_recorder.main:115] - [01:55:02] Redndı: False
2025-06-22 01:55:03,461 - map_video - DEBUG - [mapping_recorder.main:115] - [01:55:03] Redndı: False
2025-06-22 01:55:04,462 - map_video - DEBUG - [mapping_recorder.main:115] - [01:55:04] Redndı: False
2025-06-22 01:55:05,464 - map_video - DEBUG - [mapping_recorder.main:115] - [01:55:05] Redndı: False
2025-06-22 01:55:06,465 - map_video - DEBUG - [mapping_recorder.main:115] - [01:55:06] Redndı: False
2025-06-22 01:55:07,467 - map_video - DEBUG - [mapping_recorder.main:115] - [01:55:07] Redndı: False
2025-06-22 01:55:08,469 - map_video - DEBUG - [mapping_recorder.main:115] - [01:55:08] Redndı: False
2025-06-22 01:55:09,471 - map_video - DEBUG - [mapping_recorder.main:115] - [01:55:09] Redndı: False
2025-06-22 01:55:10,473 - map_video - DEBUG - [mapping_recorder.main:115] - [01:55:10] Redndı: False
2025-06-22 01:55:11,475 - map_video - DEBUG - [mapping_recorder.main:115] - [01:55:11] Redndı: False
2025-06-22 01:55:12,477 - map_video - DEBUG - [mapping_recorder.main:115] - [01:55:12] Redndı: False
2025-06-22 01:55:13,479 - map_video - DEBUG - [mapping_recorder.main:115] - [01:55:13] Redndı: False
2025-06-22 01:55:14,481 - map_video - DEBUG - [mapping_recorder.main:115] - [01:55:14] Redndı: False
2025-06-22 01:55:15,483 - map_video - DEBUG - [mapping_recorder.main:115] - [01:55:15] Redndı: False
2025-06-22 01:55:16,485 - map_video - DEBUG - [mapping_recorder.main:115] - [01:55:16] Redndı: False
2025-06-22 01:55:17,486 - map_video - DEBUG - [mapping_recorder.main:115] - [01:55:17] Redndı: False
2025-06-22 01:55:18,488 - map_video - DEBUG - [mapping_recorder.main:115] - [01:55:18] Redndı: False
2025-06-22 01:55:19,489 - map_video - DEBUG - [mapping_recorder.main:115] - [01:55:19] Redndı: False
2025-06-22 01:55:20,491 - map_video - DEBUG - [mapping_recorder.main:115] - [01:55:20] Redndı: False
2025-06-22 01:55:21,493 - map_video - DEBUG - [mapping_recorder.main:115] - [01:55:21] Redndı: False
2025-06-22 01:55:22,495 - map_video - DEBUG - [mapping_recorder.main:115] - [01:55:22] Redndı: False
2025-06-22 01:55:23,497 - map_video - DEBUG - [mapping_recorder.main:115] - [01:55:23] Redndı: False
2025-06-22 01:55:24,499 - map_video - DEBUG - [mapping_recorder.main:115] - [01:55:24] Redndı: False
2025-06-22 01:55:25,500 - map_video - DEBUG - [mapping_recorder.main:115] - [01:55:25] Redndı: False
2025-06-22 01:55:26,502 - map_video - DEBUG - [mapping_recorder.main:115] - [01:55:26] Redndı: False
2025-06-22 01:55:27,503 - map_video - DEBUG - [mapping_recorder.main:115] - [01:55:27] Redndı: False
2025-06-22 01:55:28,505 - map_video - DEBUG - [mapping_recorder.main:115] - [01:55:28] Redndı: False
2025-06-22 01:55:29,507 - map_video - DEBUG - [mapping_recorder.main:115] - [01:55:29] Redndı: False
2025-06-22 01:55:30,508 - map_video - DEBUG - [mapping_recorder.main:115] - [01:55:30] Redndı: False
2025-06-22 01:55:31,509 - map_video - DEBUG - [mapping_recorder.main:115] - [01:55:31] Redndı: False
2025-06-22 01:55:32,511 - map_video - DEBUG - [mapping_recorder.main:115] - [01:55:32] Redndı: False
2025-06-22 01:55:33,513 - map_video - DEBUG - [mapping_recorder.main:115] - [01:55:33] Redndı: False
2025-06-22 01:55:34,515 - map_video - DEBUG - [mapping_recorder.main:115] - [01:55:34] Redndı: False
2025-06-22 01:55:35,517 - map_video - DEBUG - [mapping_recorder.main:115] - [01:55:35] Redndı: False
2025-06-22 01:55:36,519 - map_video - DEBUG - [mapping_recorder.main:115] - [01:55:36] Redndı: False
2025-06-22 01:55:37,521 - map_video - DEBUG - [mapping_recorder.main:115] - [01:55:37] Redndı: False
2025-06-22 01:55:38,523 - map_video - DEBUG - [mapping_recorder.main:115] - [01:55:38] Redndı: False
2025-06-22 01:55:39,524 - map_video - DEBUG - [mapping_recorder.main:115] - [01:55:39] Redndı: False
2025-06-22 01:55:40,525 - map_video - DEBUG - [mapping_recorder.main:115] - [01:55:40] Redndı: False
2025-06-22 01:55:41,527 - map_video - DEBUG - [mapping_recorder.main:115] - [01:55:41] Redndı: False
2025-06-22 01:55:42,529 - map_video - DEBUG - [mapping_recorder.main:115] - [01:55:42] Redndı: False
2025-06-22 01:55:43,530 - map_video - DEBUG - [mapping_recorder.main:115] - [01:55:43] Redndı: False
2025-06-22 01:55:44,532 - map_video - DEBUG - [mapping_recorder.main:115] - [01:55:44] Redndı: False
2025-06-22 01:55:45,533 - map_video - DEBUG - [mapping_recorder.main:115] - [01:55:45] Redndı: False
2025-06-22 01:55:46,535 - map_video - DEBUG - [mapping_recorder.main:115] - [01:55:46] Redndı: False
2025-06-22 01:55:47,537 - map_video - DEBUG - [mapping_recorder.main:115] - [01:55:47] Redndı: False
2025-06-22 01:55:48,539 - map_video - DEBUG - [mapping_recorder.main:115] - [01:55:48] Redndı: False
2025-06-22 01:55:49,541 - map_video - DEBUG - [mapping_recorder.main:115] - [01:55:49] Redndı: False
2025-06-22 01:55:50,543 - map_video - DEBUG - [mapping_recorder.main:115] - [01:55:50] Redndı: False
2025-06-22 01:55:51,545 - map_video - DEBUG - [mapping_recorder.main:115] - [01:55:51] Redndı: False
2025-06-22 01:55:52,546 - map_video - DEBUG - [mapping_recorder.main:115] - [01:55:52] Redndı: False
2025-06-22 01:55:53,548 - map_video - DEBUG - [mapping_recorder.main:115] - [01:55:53] Redndı: False
2025-06-22 01:55:54,550 - map_video - DEBUG - [mapping_recorder.main:115] - [01:55:54] Redndı: False
2025-06-22 01:55:55,551 - map_video - DEBUG - [mapping_recorder.main:115] - [01:55:55] Redndı: False
2025-06-22 01:55:56,553 - map_video - DEBUG - [mapping_recorder.main:115] - [01:55:56] Redndı: False
2025-06-22 01:55:57,555 - map_video - DEBUG - [mapping_recorder.main:115] - [01:55:57] Redndı: False
2025-06-22 01:55:58,557 - map_video - DEBUG - [mapping_recorder.main:115] - [01:55:58] Redndı: False
2025-06-22 01:55:59,559 - map_video - DEBUG - [mapping_recorder.main:115] - [01:55:59] Redndı: False
2025-06-22 01:56:00,561 - map_video - DEBUG - [mapping_recorder.main:115] - [01:56:00] Redndı: False
2025-06-22 01:56:01,563 - map_video - DEBUG - [mapping_recorder.main:115] - [01:56:01] Redndı: False
2025-06-22 01:56:02,564 - map_video - DEBUG - [mapping_recorder.main:115] - [01:56:02] Redndı: False
2025-06-22 01:56:03,566 - map_video - DEBUG - [mapping_recorder.main:115] - [01:56:03] Redndı: False
2025-06-22 01:56:04,568 - map_video - DEBUG - [mapping_recorder.main:115] - [01:56:04] Redndı: False
2025-06-22 01:56:05,569 - map_video - DEBUG - [mapping_recorder.main:115] - [01:56:05] Redndı: False
2025-06-22 01:56:06,571 - map_video - DEBUG - [mapping_recorder.main:115] - [01:56:06] Redndı: False
2025-06-22 01:56:07,573 - map_video - DEBUG - [mapping_recorder.main:115] - [01:56:07] Redndı: False
2025-06-22 01:56:08,575 - map_video - DEBUG - [mapping_recorder.main:115] - [01:56:08] Redndı: False
2025-06-22 01:56:09,576 - map_video - DEBUG - [mapping_recorder.main:115] - [01:56:09] Redndı: False
2025-06-22 01:56:10,577 - map_video - DEBUG - [mapping_recorder.main:115] - [01:56:10] Redndı: False
2025-06-22 01:56:11,579 - map_video - DEBUG - [mapping_recorder.main:115] - [01:56:11] Redndı: False
2025-06-22 01:56:12,581 - map_video - DEBUG - [mapping_recorder.main:115] - [01:56:12] Redndı: False
2025-06-22 01:56:13,583 - map_video - DEBUG - [mapping_recorder.main:115] - [01:56:13] Redndı: False
2025-06-22 01:56:14,585 - map_video - DEBUG - [mapping_recorder.main:115] - [01:56:14] Redndı: False
2025-06-22 01:56:15,587 - map_video - DEBUG - [mapping_recorder.main:115] - [01:56:15] Redndı: False
2025-06-22 01:56:16,589 - map_video - DEBUG - [mapping_recorder.main:115] - [01:56:16] Redndı: False
2025-06-22 01:56:17,591 - map_video - DEBUG - [mapping_recorder.main:115] - [01:56:17] Redndı: False
2025-06-22 01:56:18,593 - map_video - DEBUG - [mapping_recorder.main:115] - [01:56:18] Redndı: False
2025-06-22 01:56:19,594 - map_video - DEBUG - [mapping_recorder.main:115] - [01:56:19] Redndı: False
2025-06-22 01:56:20,596 - map_video - DEBUG - [mapping_recorder.main:115] - [01:56:20] Redndı: False
2025-06-22 01:56:21,598 - map_video - DEBUG - [mapping_recorder.main:115] - [01:56:21] Redndı: False
2025-06-22 01:56:22,600 - map_video - DEBUG - [mapping_recorder.main:115] - [01:56:22] Redndı: False
2025-06-22 01:56:23,601 - map_video - DEBUG - [mapping_recorder.main:115] - [01:56:23] Redndı: False
2025-06-22 01:56:24,603 - map_video - DEBUG - [mapping_recorder.main:115] - [01:56:24] Redndı: False
2025-06-22 01:56:25,605 - map_video - DEBUG - [mapping_recorder.main:115] - [01:56:25] Redndı: False
2025-06-22 01:56:26,605 - map_video - DEBUG - [mapping_recorder.main:115] - [01:56:26] Redndı: False
2025-06-22 01:56:27,608 - map_video - DEBUG - [mapping_recorder.main:115] - [01:56:27] Redndı: False
2025-06-22 01:56:28,610 - map_video - DEBUG - [mapping_recorder.main:115] - [01:56:28] Redndı: False
2025-06-22 01:56:29,612 - map_video - DEBUG - [mapping_recorder.main:115] - [01:56:29] Redndı: False
2025-06-22 01:56:30,613 - map_video - DEBUG - [mapping_recorder.main:115] - [01:56:30] Redndı: False
2025-06-22 01:56:31,614 - map_video - DEBUG - [mapping_recorder.main:115] - [01:56:31] Redndı: False
2025-06-22 01:56:32,616 - map_video - DEBUG - [mapping_recorder.main:115] - [01:56:32] Redndı: False
2025-06-22 01:56:33,618 - map_video - DEBUG - [mapping_recorder.main:115] - [01:56:33] Redndı: False
2025-06-22 01:56:34,619 - map_video - DEBUG - [mapping_recorder.main:115] - [01:56:34] Redndı: False
2025-06-22 01:56:35,621 - map_video - DEBUG - [mapping_recorder.main:115] - [01:56:35] Redndı: False
2025-06-22 01:56:36,623 - map_video - DEBUG - [mapping_recorder.main:115] - [01:56:36] Redndı: False
2025-06-22 01:56:37,625 - map_video - DEBUG - [mapping_recorder.main:115] - [01:56:37] Redndı: False
2025-06-22 01:56:38,627 - map_video - DEBUG - [mapping_recorder.main:115] - [01:56:38] Redndı: False
2025-06-22 01:56:39,628 - map_video - DEBUG - [mapping_recorder.main:115] - [01:56:39] Redndı: False
2025-06-22 01:56:40,629 - map_video - DEBUG - [mapping_recorder.main:115] - [01:56:40] Redndı: False
2025-06-22 01:56:41,631 - map_video - DEBUG - [mapping_recorder.main:115] - [01:56:41] Redndı: False
2025-06-22 01:56:42,633 - map_video - DEBUG - [mapping_recorder.main:115] - [01:56:42] Redndı: False
2025-06-22 01:56:43,635 - map_video - DEBUG - [mapping_recorder.main:115] - [01:56:43] Redndı: False
2025-06-22 01:56:44,637 - map_video - DEBUG - [mapping_recorder.main:115] - [01:56:44] Redndı: False
2025-06-22 01:56:45,637 - map_video - DEBUG - [mapping_recorder.main:115] - [01:56:45] Redndı: False
2025-06-22 01:56:46,639 - map_video - DEBUG - [mapping_recorder.main:115] - [01:56:46] Redndı: False
2025-06-22 01:56:47,641 - map_video - DEBUG - [mapping_recorder.main:115] - [01:56:47] Redndı: False
2025-06-22 01:56:48,643 - map_video - DEBUG - [mapping_recorder.main:115] - [01:56:48] Redndı: False
2025-06-22 01:56:49,645 - map_video - DEBUG - [mapping_recorder.main:115] - [01:56:49] Redndı: False
2025-06-22 01:56:50,647 - map_video - DEBUG - [mapping_recorder.main:115] - [01:56:50] Redndı: False
2025-06-22 01:56:51,648 - map_video - DEBUG - [mapping_recorder.main:115] - [01:56:51] Redndı: False
2025-06-22 01:56:52,650 - map_video - DEBUG - [mapping_recorder.main:115] - [01:56:52] Redndı: False
2025-06-22 01:56:53,651 - map_video - DEBUG - [mapping_recorder.main:115] - [01:56:53] Redndı: False
2025-06-22 01:56:54,653 - map_video - DEBUG - [mapping_recorder.main:115] - [01:56:54] Redndı: False
2025-06-22 01:56:55,655 - map_video - DEBUG - [mapping_recorder.main:115] - [01:56:55] Redndı: False
2025-06-22 01:56:56,656 - map_video - DEBUG - [mapping_recorder.main:115] - [01:56:56] Redndı: False
2025-06-22 01:56:57,657 - map_video - DEBUG - [mapping_recorder.main:115] - [01:56:57] Redndı: False
2025-06-22 01:56:58,659 - map_video - DEBUG - [mapping_recorder.main:115] - [01:56:58] Redndı: False
2025-06-22 01:56:59,661 - map_video - DEBUG - [mapping_recorder.main:115] - [01:56:59] Redndı: False
2025-06-22 01:57:00,661 - map_video - DEBUG - [mapping_recorder.main:115] - [01:57:00] Redndı: False
2025-06-22 01:57:01,663 - map_video - DEBUG - [mapping_recorder.main:115] - [01:57:01] Redndı: False
2025-06-22 01:57:02,664 - map_video - DEBUG - [mapping_recorder.main:115] - [01:57:02] Redndı: False
2025-06-22 01:57:03,665 - map_video - DEBUG - [mapping_recorder.main:115] - [01:57:03] Redndı: False
2025-06-22 01:57:04,667 - map_video - DEBUG - [mapping_recorder.main:115] - [01:57:04] Redndı: False
2025-06-22 01:57:05,669 - map_video - DEBUG - [mapping_recorder.main:115] - [01:57:05] Redndı: False
2025-06-22 01:57:06,671 - map_video - DEBUG - [mapping_recorder.main:115] - [01:57:06] Redndı: False
2025-06-22 01:57:07,673 - map_video - DEBUG - [mapping_recorder.main:115] - [01:57:07] Redndı: False
2025-06-22 01:57:08,673 - map_video - DEBUG - [mapping_recorder.main:115] - [01:57:08] Redndı: False
2025-06-22 01:57:09,675 - map_video - DEBUG - [mapping_recorder.main:115] - [01:57:09] Redndı: False
2025-06-22 01:57:10,677 - map_video - DEBUG - [mapping_recorder.main:115] - [01:57:10] Redndı: False
2025-06-22 01:57:11,679 - map_video - DEBUG - [mapping_recorder.main:115] - [01:57:11] Redndı: False
2025-06-22 01:57:12,680 - map_video - DEBUG - [mapping_recorder.main:115] - [01:57:12] Redndı: False
2025-06-22 01:57:13,682 - map_video - DEBUG - [mapping_recorder.main:115] - [01:57:13] Redndı: False
2025-06-22 01:57:14,684 - map_video - DEBUG - [mapping_recorder.main:115] - [01:57:14] Redndı: False
2025-06-22 01:57:15,686 - map_video - DEBUG - [mapping_recorder.main:115] - [01:57:15] Redndı: False
2025-06-22 01:57:16,687 - map_video - DEBUG - [mapping_recorder.main:115] - [01:57:16] Redndı: False
2025-06-22 01:57:17,689 - map_video - DEBUG - [mapping_recorder.main:115] - [01:57:17] Redndı: False
2025-06-22 01:57:18,691 - map_video - DEBUG - [mapping_recorder.main:115] - [01:57:18] Redndı: False
2025-06-22 01:57:19,693 - map_video - DEBUG - [mapping_recorder.main:115] - [01:57:19] Redndı: False
2025-06-22 01:57:20,694 - map_video - DEBUG - [mapping_recorder.main:115] - [01:57:20] Redndı: False
2025-06-22 01:57:21,696 - map_video - DEBUG - [mapping_recorder.main:115] - [01:57:21] Redndı: False
2025-06-22 01:57:22,697 - map_video - DEBUG - [mapping_recorder.main:115] - [01:57:22] Redndı: False
2025-06-22 01:57:23,699 - map_video - DEBUG - [mapping_recorder.main:115] - [01:57:23] Redndı: False
2025-06-22 01:57:24,701 - map_video - DEBUG - [mapping_recorder.main:115] - [01:57:24] Redndı: False
2025-06-22 01:57:25,703 - map_video - DEBUG - [mapping_recorder.main:115] - [01:57:25] Redndı: False
2025-06-22 01:57:26,705 - map_video - DEBUG - [mapping_recorder.main:115] - [01:57:26] Redndı: False
2025-06-22 01:57:27,707 - map_video - DEBUG - [mapping_recorder.main:115] - [01:57:27] Redndı: False
2025-06-22 01:57:28,709 - map_video - DEBUG - [mapping_recorder.main:115] - [01:57:28] Redndı: False
2025-06-22 01:57:29,709 - map_video - DEBUG - [mapping_recorder.main:115] - [01:57:29] Redndı: False
2025-06-22 01:57:30,711 - map_video - DEBUG - [mapping_recorder.main:115] - [01:57:30] Redndı: False
2025-06-22 01:57:31,713 - map_video - DEBUG - [mapping_recorder.main:115] - [01:57:31] Redndı: False
2025-06-22 01:57:32,714 - map_video - DEBUG - [mapping_recorder.main:115] - [01:57:32] Redndı: False
2025-06-22 01:57:33,716 - map_video - DEBUG - [mapping_recorder.main:115] - [01:57:33] Redndı: False
2025-06-22 01:57:34,717 - map_video - DEBUG - [mapping_recorder.main:115] - [01:57:34] Redndı: False
2025-06-22 01:57:35,719 - map_video - DEBUG - [mapping_recorder.main:115] - [01:57:35] Redndı: False
2025-06-22 01:57:36,721 - map_video - DEBUG - [mapping_recorder.main:115] - [01:57:36] Redndı: False
2025-06-22 01:57:37,723 - map_video - DEBUG - [mapping_recorder.main:115] - [01:57:37] Redndı: False
2025-06-22 01:57:38,725 - map_video - DEBUG - [mapping_recorder.main:115] - [01:57:38] Redndı: False
2025-06-22 01:57:39,727 - map_video - DEBUG - [mapping_recorder.main:115] - [01:57:39] Redndı: False
2025-06-22 01:57:40,728 - map_video - DEBUG - [mapping_recorder.main:115] - [01:57:40] Redndı: False
2025-06-22 01:57:41,729 - map_video - DEBUG - [mapping_recorder.main:115] - [01:57:41] Redndı: False
2025-06-22 01:57:42,731 - map_video - DEBUG - [mapping_recorder.main:115] - [01:57:42] Redndı: False
2025-06-22 01:57:43,733 - map_video - DEBUG - [mapping_recorder.main:115] - [01:57:43] Redndı: False
2025-06-22 01:57:44,736 - map_video - DEBUG - [mapping_recorder.main:115] - [01:57:44] Redndı: False
2025-06-22 01:57:45,737 - map_video - DEBUG - [mapping_recorder.main:115] - [01:57:45] Redndı: False
2025-06-22 01:57:46,738 - map_video - DEBUG - [mapping_recorder.main:115] - [01:57:46] Redndı: False
2025-06-22 01:57:47,740 - map_video - DEBUG - [mapping_recorder.main:115] - [01:57:47] Redndı: False
2025-06-22 01:57:48,742 - map_video - DEBUG - [mapping_recorder.main:115] - [01:57:48] Redndı: False
2025-06-22 01:57:49,744 - map_video - DEBUG - [mapping_recorder.main:115] - [01:57:49] Redndı: False
2025-06-22 01:57:50,747 - map_video - DEBUG - [mapping_recorder.main:115] - [01:57:50] Redndı: False
2025-06-22 01:57:51,749 - map_video - DEBUG - [mapping_recorder.main:115] - [01:57:51] Redndı: False
2025-06-22 01:57:52,751 - map_video - DEBUG - [mapping_recorder.main:115] - [01:57:52] Redndı: False
2025-06-22 01:57:53,753 - map_video - DEBUG - [mapping_recorder.main:115] - [01:57:53] Redndı: False
2025-06-22 01:57:54,755 - map_video - DEBUG - [mapping_recorder.main:115] - [01:57:54] Redndı: False
2025-06-22 01:57:55,757 - map_video - DEBUG - [mapping_recorder.main:115] - [01:57:55] Redndı: False
2025-06-22 01:57:56,759 - map_video - DEBUG - [mapping_recorder.main:115] - [01:57:56] Redndı: False
2025-06-22 01:57:57,761 - map_video - DEBUG - [mapping_recorder.main:115] - [01:57:57] Redndı: False
2025-06-22 01:57:58,763 - map_video - DEBUG - [mapping_recorder.main:115] - [01:57:58] Redndı: False
2025-06-22 01:57:59,765 - map_video - DEBUG - [mapping_recorder.main:115] - [01:57:59] Redndı: False
2025-06-22 01:58:00,767 - map_video - DEBUG - [mapping_recorder.main:115] - [01:58:00] Redndı: False
2025-06-22 01:58:01,768 - map_video - DEBUG - [mapping_recorder.main:115] - [01:58:01] Redndı: False
2025-06-22 01:58:02,770 - map_video - DEBUG - [mapping_recorder.main:115] - [01:58:02] Redndı: False
2025-06-22 01:58:03,771 - map_video - DEBUG - [mapping_recorder.main:115] - [01:58:03] Redndı: False
2025-06-22 01:58:04,772 - map_video - DEBUG - [mapping_recorder.main:115] - [01:58:04] Redndı: False
2025-06-22 01:58:05,774 - map_video - DEBUG - [mapping_recorder.main:115] - [01:58:05] Redndı: False
2025-06-22 01:58:06,776 - map_video - DEBUG - [mapping_recorder.main:115] - [01:58:06] Redndı: False
2025-06-22 01:58:07,778 - map_video - DEBUG - [mapping_recorder.main:115] - [01:58:07] Redndı: False
2025-06-22 01:58:08,780 - map_video - DEBUG - [mapping_recorder.main:115] - [01:58:08] Redndı: False
2025-06-22 01:58:09,782 - map_video - DEBUG - [mapping_recorder.main:115] - [01:58:09] Redndı: False
2025-06-22 01:58:10,783 - map_video - DEBUG - [mapping_recorder.main:115] - [01:58:10] Redndı: False
2025-06-22 01:58:11,785 - map_video - DEBUG - [mapping_recorder.main:115] - [01:58:11] Redndı: False
2025-06-22 01:58:12,787 - map_video - DEBUG - [mapping_recorder.main:115] - [01:58:12] Redndı: False
2025-06-22 01:58:13,789 - map_video - DEBUG - [mapping_recorder.main:115] - [01:58:13] Redndı: False
2025-06-22 01:58:14,791 - map_video - DEBUG - [mapping_recorder.main:115] - [01:58:14] Redndı: False
2025-06-22 01:58:15,793 - map_video - DEBUG - [mapping_recorder.main:115] - [01:58:15] Redndı: False
2025-06-22 01:58:16,795 - map_video - DEBUG - [mapping_recorder.main:115] - [01:58:16] Redndı: False
2025-06-22 01:58:17,796 - map_video - DEBUG - [mapping_recorder.main:115] - [01:58:17] Redndı: False
2025-06-22 01:58:18,797 - map_video - DEBUG - [mapping_recorder.main:115] - [01:58:18] Redndı: False
2025-06-22 01:58:19,799 - map_video - DEBUG - [mapping_recorder.main:115] - [01:58:19] Redndı: False
2025-06-22 01:58:20,801 - map_video - DEBUG - [mapping_recorder.main:115] - [01:58:20] Redndı: False
2025-06-22 01:58:21,801 - map_video - DEBUG - [mapping_recorder.main:115] - [01:58:21] Redndı: False
2025-06-22 01:58:22,803 - map_video - DEBUG - [mapping_recorder.main:115] - [01:58:22] Redndı: False
2025-06-22 01:58:23,805 - map_video - DEBUG - [mapping_recorder.main:115] - [01:58:23] Redndı: False
2025-06-22 01:58:24,807 - map_video - DEBUG - [mapping_recorder.main:115] - [01:58:24] Redndı: False
2025-06-22 01:58:25,809 - map_video - DEBUG - [mapping_recorder.main:115] - [01:58:25] Redndı: False
2025-06-22 01:58:26,811 - map_video - DEBUG - [mapping_recorder.main:115] - [01:58:26] Redndı: False
2025-06-22 01:58:27,813 - map_video - DEBUG - [mapping_recorder.main:115] - [01:58:27] Redndı: False
2025-06-22 01:58:28,815 - map_video - DEBUG - [mapping_recorder.main:115] - [01:58:28] Redndı: False
2025-06-22 01:58:29,816 - map_video - DEBUG - [mapping_recorder.main:115] - [01:58:29] Redndı: False
2025-06-22 01:58:30,817 - map_video - DEBUG - [mapping_recorder.main:115] - [01:58:30] Redndı: False
2025-06-22 01:58:31,819 - map_video - DEBUG - [mapping_recorder.main:115] - [01:58:31] Redndı: False
2025-06-22 01:58:32,820 - map_video - DEBUG - [mapping_recorder.main:115] - [01:58:32] Redndı: False
2025-06-22 01:58:33,821 - map_video - DEBUG - [mapping_recorder.main:115] - [01:58:33] Redndı: False
2025-06-22 01:58:34,823 - map_video - DEBUG - [mapping_recorder.main:115] - [01:58:34] Redndı: False
2025-06-22 01:58:35,824 - map_video - DEBUG - [mapping_recorder.main:115] - [01:58:35] Redndı: False
2025-06-22 01:58:36,826 - map_video - DEBUG - [mapping_recorder.main:115] - [01:58:36] Redndı: False
2025-06-22 01:58:37,828 - map_video - DEBUG - [mapping_recorder.main:115] - [01:58:37] Redndı: False
2025-06-22 01:58:38,830 - map_video - DEBUG - [mapping_recorder.main:115] - [01:58:38] Redndı: False
2025-06-22 01:58:39,831 - map_video - DEBUG - [mapping_recorder.main:115] - [01:58:39] Redndı: False
2025-06-22 01:58:40,833 - map_video - DEBUG - [mapping_recorder.main:115] - [01:58:40] Redndı: False
2025-06-22 01:58:41,835 - map_video - DEBUG - [mapping_recorder.main:115] - [01:58:41] Redndı: False
2025-06-22 01:58:42,836 - map_video - DEBUG - [mapping_recorder.main:115] - [01:58:42] Redndı: False
2025-06-22 01:58:43,837 - map_video - DEBUG - [mapping_recorder.main:115] - [01:58:43] Redndı: False
2025-06-22 01:58:44,839 - map_video - DEBUG - [mapping_recorder.main:115] - [01:58:44] Redndı: False
2025-06-22 01:58:45,841 - map_video - DEBUG - [mapping_recorder.main:115] - [01:58:45] Redndı: False
2025-06-22 01:58:46,843 - map_video - DEBUG - [mapping_recorder.main:115] - [01:58:46] Redndı: False
2025-06-22 01:58:47,845 - map_video - DEBUG - [mapping_recorder.main:115] - [01:58:47] Redndı: False
2025-06-22 01:58:48,847 - map_video - DEBUG - [mapping_recorder.main:115] - [01:58:48] Redndı: False
2025-06-22 01:58:49,849 - map_video - DEBUG - [mapping_recorder.main:115] - [01:58:49] Redndı: False
2025-06-22 01:58:50,850 - map_video - DEBUG - [mapping_recorder.main:115] - [01:58:50] Redndı: False
2025-06-22 01:58:51,851 - map_video - DEBUG - [mapping_recorder.main:115] - [01:58:51] Redndı: False
2025-06-22 01:58:52,853 - map_video - DEBUG - [mapping_recorder.main:115] - [01:58:52] Redndı: False
2025-06-22 01:58:53,853 - map_video - DEBUG - [mapping_recorder.main:115] - [01:58:53] Redndı: False
2025-06-22 01:58:54,855 - map_video - DEBUG - [mapping_recorder.main:115] - [01:58:54] Redndı: False
2025-06-22 01:58:55,857 - map_video - DEBUG - [mapping_recorder.main:115] - [01:58:55] Redndı: False
2025-06-22 01:58:56,859 - map_video - DEBUG - [mapping_recorder.main:115] - [01:58:56] Redndı: False
2025-06-22 01:58:57,861 - map_video - DEBUG - [mapping_recorder.main:115] - [01:58:57] Redndı: False
2025-06-22 01:58:58,863 - map_video - DEBUG - [mapping_recorder.main:115] - [01:58:58] Redndı: False
2025-06-22 01:58:59,865 - map_video - DEBUG - [mapping_recorder.main:115] - [01:58:59] Redndı: False
2025-06-22 01:59:00,867 - map_video - DEBUG - [mapping_recorder.main:115] - [01:59:00] Redndı: False
2025-06-22 01:59:01,868 - map_video - DEBUG - [mapping_recorder.main:115] - [01:59:01] Redndı: False
2025-06-22 01:59:02,869 - map_video - DEBUG - [mapping_recorder.main:115] - [01:59:02] Redndı: False
2025-06-22 01:59:03,871 - map_video - DEBUG - [mapping_recorder.main:115] - [01:59:03] Redndı: False
2025-06-22 01:59:04,873 - map_video - DEBUG - [mapping_recorder.main:115] - [01:59:04] Redndı: False
2025-06-22 01:59:05,875 - map_video - DEBUG - [mapping_recorder.main:115] - [01:59:05] Redndı: False
2025-06-22 01:59:06,877 - map_video - DEBUG - [mapping_recorder.main:115] - [01:59:06] Redndı: False
2025-06-22 01:59:07,878 - map_video - DEBUG - [mapping_recorder.main:115] - [01:59:07] Redndı: False
2025-06-22 01:59:08,880 - map_video - DEBUG - [mapping_recorder.main:115] - [01:59:08] Redndı: False
2025-06-22 01:59:09,881 - map_video - DEBUG - [mapping_recorder.main:115] - [01:59:09] Redndı: False
2025-06-22 01:59:10,883 - map_video - DEBUG - [mapping_recorder.main:115] - [01:59:10] Redndı: False
2025-06-22 01:59:11,885 - map_video - DEBUG - [mapping_recorder.main:115] - [01:59:11] Redndı: False
2025-06-22 01:59:12,887 - map_video - DEBUG - [mapping_recorder.main:115] - [01:59:12] Redndı: False
2025-06-22 01:59:13,889 - map_video - DEBUG - [mapping_recorder.main:115] - [01:59:13] Redndı: False
2025-06-22 01:59:14,891 - map_video - DEBUG - [mapping_recorder.main:115] - [01:59:14] Redndı: False
2025-06-22 01:59:15,892 - map_video - DEBUG - [mapping_recorder.main:115] - [01:59:15] Redndı: False
2025-06-22 01:59:16,893 - map_video - DEBUG - [mapping_recorder.main:115] - [01:59:16] Redndı: False
2025-06-22 01:59:17,894 - map_video - DEBUG - [mapping_recorder.main:115] - [01:59:17] Redndı: False
2025-06-22 01:59:18,896 - map_video - DEBUG - [mapping_recorder.main:115] - [01:59:18] Redndı: False
2025-06-22 01:59:19,897 - map_video - DEBUG - [mapping_recorder.main:115] - [01:59:19] Redndı: False
2025-06-22 01:59:20,899 - map_video - DEBUG - [mapping_recorder.main:115] - [01:59:20] Redndı: False
2025-06-22 01:59:21,901 - map_video - DEBUG - [mapping_recorder.main:115] - [01:59:21] Redndı: False
2025-06-22 01:59:22,903 - map_video - DEBUG - [mapping_recorder.main:115] - [01:59:22] Redndı: False
2025-06-22 01:59:23,905 - map_video - DEBUG - [mapping_recorder.main:115] - [01:59:23] Redndı: False
2025-06-22 01:59:24,906 - map_video - DEBUG - [mapping_recorder.main:115] - [01:59:24] Redndı: False
2025-06-22 01:59:25,908 - map_video - DEBUG - [mapping_recorder.main:115] - [01:59:25] Redndı: False
2025-06-22 01:59:26,910 - map_video - DEBUG - [mapping_recorder.main:115] - [01:59:26] Redndı: False
2025-06-22 01:59:27,912 - map_video - DEBUG - [mapping_recorder.main:115] - [01:59:27] Redndı: False
2025-06-22 01:59:28,913 - map_video - DEBUG - [mapping_recorder.main:115] - [01:59:28] Redndı: False
2025-06-22 01:59:29,915 - map_video - DEBUG - [mapping_recorder.main:115] - [01:59:29] Redndı: False
2025-06-22 01:59:30,917 - map_video - DEBUG - [mapping_recorder.main:115] - [01:59:30] Redndı: False
2025-06-22 01:59:31,919 - map_video - DEBUG - [mapping_recorder.main:115] - [01:59:31] Redndı: False
2025-06-22 01:59:32,921 - map_video - DEBUG - [mapping_recorder.main:115] - [01:59:32] Redndı: False
2025-06-22 01:59:33,923 - map_video - DEBUG - [mapping_recorder.main:115] - [01:59:33] Redndı: False
2025-06-22 01:59:34,925 - map_video - DEBUG - [mapping_recorder.main:115] - [01:59:34] Redndı: False
2025-06-22 01:59:35,925 - map_video - DEBUG - [mapping_recorder.main:115] - [01:59:35] Redndı: False
2025-06-22 01:59:36,927 - map_video - DEBUG - [mapping_recorder.main:115] - [01:59:36] Redndı: False
2025-06-22 01:59:37,929 - map_video - DEBUG - [mapping_recorder.main:115] - [01:59:37] Redndı: False
2025-06-22 01:59:38,931 - map_video - DEBUG - [mapping_recorder.main:115] - [01:59:38] Redndı: False
2025-06-22 01:59:39,933 - map_video - DEBUG - [mapping_recorder.main:115] - [01:59:39] Redndı: False
2025-06-22 01:59:40,935 - map_video - DEBUG - [mapping_recorder.main:115] - [01:59:40] Redndı: False
2025-06-22 01:59:41,937 - map_video - DEBUG - [mapping_recorder.main:115] - [01:59:41] Redndı: False
2025-06-22 01:59:42,939 - map_video - DEBUG - [mapping_recorder.main:115] - [01:59:42] Redndı: False
2025-06-22 01:59:43,941 - map_video - DEBUG - [mapping_recorder.main:115] - [01:59:43] Redndı: False
2025-06-22 01:59:44,943 - map_video - DEBUG - [mapping_recorder.main:115] - [01:59:44] Redndı: False
2025-06-22 01:59:45,945 - map_video - DEBUG - [mapping_recorder.main:115] - [01:59:45] Redndı: False
2025-06-22 01:59:46,947 - map_video - DEBUG - [mapping_recorder.main:115] - [01:59:46] Redndı: False
2025-06-22 01:59:47,948 - map_video - DEBUG - [mapping_recorder.main:115] - [01:59:47] Redndı: False
2025-06-22 01:59:48,949 - map_video - DEBUG - [mapping_recorder.main:115] - [01:59:48] Redndı: False
2025-06-22 01:59:49,951 - map_video - DEBUG - [mapping_recorder.main:115] - [01:59:49] Redndı: False
2025-06-22 01:59:50,953 - map_video - DEBUG - [mapping_recorder.main:115] - [01:59:50] Redndı: False
2025-06-22 01:59:51,955 - map_video - DEBUG - [mapping_recorder.main:115] - [01:59:51] Redndı: False
2025-06-22 01:59:52,957 - map_video - DEBUG - [mapping_recorder.main:115] - [01:59:52] Redndı: False
2025-06-22 01:59:53,958 - map_video - DEBUG - [mapping_recorder.main:115] - [01:59:53] Redndı: False
2025-06-22 01:59:54,960 - map_video - DEBUG - [mapping_recorder.main:115] - [01:59:54] Redndı: False
2025-06-22 01:59:55,961 - map_video - DEBUG - [mapping_recorder.main:115] - [01:59:55] Redndı: False
2025-06-22 01:59:56,963 - map_video - DEBUG - [mapping_recorder.main:115] - [01:59:56] Redndı: False
2025-06-22 01:59:57,965 - map_video - DEBUG - [mapping_recorder.main:115] - [01:59:57] Redndı: False
2025-06-22 01:59:58,967 - map_video - DEBUG - [mapping_recorder.main:115] - [01:59:58] Redndı: False
2025-06-22 01:59:59,969 - map_video - DEBUG - [mapping_recorder.main:115] - [01:59:59] Redndı: False
2025-06-22 02:00:00,971 - map_video - DEBUG - [mapping_recorder.main:115] - [02:00:00] Redndı: False
2025-06-22 02:00:01,973 - map_video - DEBUG - [mapping_recorder.main:115] - [02:00:01] Redndı: False
2025-06-22 02:00:02,973 - map_video - DEBUG - [mapping_recorder.main:115] - [02:00:02] Redndı: False
2025-06-22 02:00:03,975 - map_video - DEBUG - [mapping_recorder.main:115] - [02:00:03] Redndı: False
2025-06-22 02:00:04,977 - map_video - DEBUG - [mapping_recorder.main:115] - [02:00:04] Redndı: False
2025-06-22 02:00:05,979 - map_video - DEBUG - [mapping_recorder.main:115] - [02:00:05] Redndı: False
2025-06-22 02:00:06,981 - map_video - DEBUG - [mapping_recorder.main:115] - [02:00:06] Redndı: False
2025-06-22 02:00:07,983 - map_video - DEBUG - [mapping_recorder.main:115] - [02:00:07] Redndı: False
2025-06-22 02:00:08,985 - map_video - DEBUG - [mapping_recorder.main:115] - [02:00:08] Redndı: False
2025-06-22 02:00:09,987 - map_video - DEBUG - [mapping_recorder.main:115] - [02:00:09] Redndı: False
2025-06-22 02:00:10,989 - map_video - DEBUG - [mapping_recorder.main:115] - [02:00:10] Redndı: False
2025-06-22 02:00:11,990 - map_video - DEBUG - [mapping_recorder.main:115] - [02:00:11] Redndı: False
2025-06-22 02:00:12,992 - map_video - DEBUG - [mapping_recorder.main:115] - [02:00:12] Redndı: False
2025-06-22 02:00:13,993 - map_video - DEBUG - [mapping_recorder.main:115] - [02:00:13] Redndı: False
2025-06-22 02:00:14,995 - map_video - DEBUG - [mapping_recorder.main:115] - [02:00:14] Redndı: False
2025-06-22 02:00:15,997 - map_video - DEBUG - [mapping_recorder.main:115] - [02:00:15] Redndı: False
2025-06-22 02:00:16,999 - map_video - DEBUG - [mapping_recorder.main:115] - [02:00:16] Redndı: False
2025-06-22 02:00:18,001 - map_video - DEBUG - [mapping_recorder.main:115] - [02:00:18] Redndı: False
2025-06-22 02:00:19,003 - map_video - DEBUG - [mapping_recorder.main:115] - [02:00:19] Redndı: False
2025-06-22 02:00:20,005 - map_video - DEBUG - [mapping_recorder.main:115] - [02:00:20] Redndı: False
2025-06-22 02:00:21,005 - map_video - DEBUG - [mapping_recorder.main:115] - [02:00:21] Redndı: False
2025-06-22 02:00:22,007 - map_video - DEBUG - [mapping_recorder.main:115] - [02:00:22] Redndı: False
2025-06-22 02:00:23,009 - map_video - DEBUG - [mapping_recorder.main:115] - [02:00:23] Redndı: False
2025-06-22 02:00:24,011 - map_video - DEBUG - [mapping_recorder.main:115] - [02:00:24] Redndı: False
2025-06-22 02:00:25,013 - map_video - DEBUG - [mapping_recorder.main:115] - [02:00:25] Redndı: False
2025-06-22 02:00:26,015 - map_video - DEBUG - [mapping_recorder.main:115] - [02:00:26] Redndı: False
2025-06-22 02:00:27,017 - map_video - DEBUG - [mapping_recorder.main:115] - [02:00:27] Redndı: False
2025-06-22 02:00:28,019 - map_video - DEBUG - [mapping_recorder.main:115] - [02:00:28] Redndı: False
2025-06-22 02:00:29,020 - map_video - DEBUG - [mapping_recorder.main:115] - [02:00:29] Redndı: False
2025-06-22 02:00:30,021 - map_video - DEBUG - [mapping_recorder.main:115] - [02:00:30] Redndı: False
2025-06-22 02:00:31,023 - map_video - DEBUG - [mapping_recorder.main:115] - [02:00:31] Redndı: False
2025-06-22 02:00:32,025 - map_video - DEBUG - [mapping_recorder.main:115] - [02:00:32] Redndı: False
2025-06-22 02:00:33,027 - map_video - DEBUG - [mapping_recorder.main:115] - [02:00:33] Redndı: False
2025-06-22 02:00:34,029 - map_video - DEBUG - [mapping_recorder.main:115] - [02:00:34] Redndı: False
2025-06-22 02:00:35,030 - map_video - DEBUG - [mapping_recorder.main:115] - [02:00:35] Redndı: False
2025-06-22 02:00:36,032 - map_video - DEBUG - [mapping_recorder.main:115] - [02:00:36] Redndı: False
2025-06-22 02:00:37,033 - map_video - DEBUG - [mapping_recorder.main:115] - [02:00:37] Redndı: False
2025-06-22 02:00:38,035 - map_video - DEBUG - [mapping_recorder.main:115] - [02:00:38] Redndı: False
2025-06-22 02:00:39,037 - map_video - DEBUG - [mapping_recorder.main:115] - [02:00:39] Redndı: False
2025-06-22 02:00:40,039 - map_video - DEBUG - [mapping_recorder.main:115] - [02:00:40] Redndı: False
2025-06-22 02:00:41,041 - map_video - DEBUG - [mapping_recorder.main:115] - [02:00:41] Redndı: False
2025-06-22 02:00:42,043 - map_video - DEBUG - [mapping_recorder.main:115] - [02:00:42] Redndı: False
2025-06-22 02:00:43,045 - map_video - DEBUG - [mapping_recorder.main:115] - [02:00:43] Redndı: False
2025-06-22 02:00:44,045 - map_video - DEBUG - [mapping_recorder.main:115] - [02:00:44] Redndı: False
2025-06-22 02:00:45,047 - map_video - DEBUG - [mapping_recorder.main:115] - [02:00:45] Redndı: False
2025-06-22 02:00:46,049 - map_video - DEBUG - [mapping_recorder.main:115] - [02:00:46] Redndı: False
2025-06-22 02:00:47,051 - map_video - DEBUG - [mapping_recorder.main:115] - [02:00:47] Redndı: False
2025-06-22 02:00:48,053 - map_video - DEBUG - [mapping_recorder.main:115] - [02:00:48] Redndı: False
2025-06-22 02:00:49,055 - map_video - DEBUG - [mapping_recorder.main:115] - [02:00:49] Redndı: False
2025-06-22 02:00:50,057 - map_video - DEBUG - [mapping_recorder.main:115] - [02:00:50] Redndı: False
2025-06-22 02:00:51,058 - map_video - DEBUG - [mapping_recorder.main:115] - [02:00:51] Redndı: False
2025-06-22 02:00:52,059 - map_video - DEBUG - [mapping_recorder.main:115] - [02:00:52] Redndı: False
2025-06-22 02:00:53,061 - map_video - DEBUG - [mapping_recorder.main:115] - [02:00:53] Redndı: False
2025-06-22 02:00:54,063 - map_video - DEBUG - [mapping_recorder.main:115] - [02:00:54] Redndı: False
2025-06-22 02:00:55,065 - map_video - DEBUG - [mapping_recorder.main:115] - [02:00:55] Redndı: False
2025-06-22 02:00:56,067 - map_video - DEBUG - [mapping_recorder.main:115] - [02:00:56] Redndı: False
2025-06-22 02:00:57,069 - map_video - DEBUG - [mapping_recorder.main:115] - [02:00:57] Redndı: False
2025-06-22 02:00:58,071 - map_video - DEBUG - [mapping_recorder.main:115] - [02:00:58] Redndı: False
2025-06-22 02:00:59,072 - map_video - DEBUG - [mapping_recorder.main:115] - [02:00:59] Redndı: False
2025-06-22 02:01:00,073 - map_video - DEBUG - [mapping_recorder.main:115] - [02:01:00] Redndı: False
2025-06-22 02:01:01,075 - map_video - DEBUG - [mapping_recorder.main:115] - [02:01:01] Redndı: False
2025-06-22 02:01:02,077 - map_video - DEBUG - [mapping_recorder.main:115] - [02:01:02] Redndı: False
2025-06-22 02:01:03,079 - map_video - DEBUG - [mapping_recorder.main:115] - [02:01:03] Redndı: False
2025-06-22 02:01:04,081 - map_video - DEBUG - [mapping_recorder.main:115] - [02:01:04] Redndı: False
2025-06-22 02:01:05,083 - map_video - DEBUG - [mapping_recorder.main:115] - [02:01:05] Redndı: False
2025-06-22 02:01:06,084 - map_video - DEBUG - [mapping_recorder.main:115] - [02:01:06] Redndı: False
2025-06-22 02:01:07,086 - map_video - DEBUG - [mapping_recorder.main:115] - [02:01:07] Redndı: False
2025-06-22 02:01:08,087 - map_video - DEBUG - [mapping_recorder.main:115] - [02:01:08] Redndı: False
2025-06-22 02:01:09,089 - map_video - DEBUG - [mapping_recorder.main:115] - [02:01:09] Redndı: False
2025-06-22 02:01:10,089 - map_video - DEBUG - [mapping_recorder.main:115] - [02:01:10] Redndı: False
2025-06-22 02:01:11,091 - map_video - DEBUG - [mapping_recorder.main:115] - [02:01:11] Redndı: False
2025-06-22 02:01:12,093 - map_video - DEBUG - [mapping_recorder.main:115] - [02:01:12] Redndı: False
2025-06-22 02:01:13,095 - map_video - DEBUG - [mapping_recorder.main:115] - [02:01:13] Redndı: False
2025-06-22 02:01:14,097 - map_video - DEBUG - [mapping_recorder.main:115] - [02:01:14] Redndı: False
2025-06-22 02:01:15,099 - map_video - DEBUG - [mapping_recorder.main:115] - [02:01:15] Redndı: False
2025-06-22 02:01:16,100 - map_video - DEBUG - [mapping_recorder.main:115] - [02:01:16] Redndı: False
2025-06-22 02:01:17,101 - map_video - DEBUG - [mapping_recorder.main:115] - [02:01:17] Redndı: False
2025-06-22 02:01:18,103 - map_video - DEBUG - [mapping_recorder.main:115] - [02:01:18] Redndı: False
2025-06-22 02:01:19,105 - map_video - DEBUG - [mapping_recorder.main:115] - [02:01:19] Redndı: False
2025-06-22 02:01:20,107 - map_video - DEBUG - [mapping_recorder.main:115] - [02:01:20] Redndı: False
2025-06-22 02:01:21,109 - map_video - DEBUG - [mapping_recorder.main:115] - [02:01:21] Redndı: False
2025-06-22 02:01:22,111 - map_video - DEBUG - [mapping_recorder.main:115] - [02:01:22] Redndı: False
2025-06-22 02:01:23,113 - map_video - DEBUG - [mapping_recorder.main:115] - [02:01:23] Redndı: False
2025-06-22 02:01:24,115 - map_video - DEBUG - [mapping_recorder.main:115] - [02:01:24] Redndı: False
2025-06-22 02:01:25,116 - map_video - DEBUG - [mapping_recorder.main:115] - [02:01:25] Redndı: False
2025-06-22 02:01:26,117 - map_video - DEBUG - [mapping_recorder.main:115] - [02:01:26] Redndı: False
2025-06-22 02:01:27,119 - map_video - DEBUG - [mapping_recorder.main:115] - [02:01:27] Redndı: False
2025-06-22 02:01:28,121 - map_video - DEBUG - [mapping_recorder.main:115] - [02:01:28] Redndı: False
2025-06-22 02:01:29,123 - map_video - DEBUG - [mapping_recorder.main:115] - [02:01:29] Redndı: False
2025-06-22 02:01:30,125 - map_video - DEBUG - [mapping_recorder.main:115] - [02:01:30] Redndı: False
2025-06-22 02:01:31,127 - map_video - DEBUG - [mapping_recorder.main:115] - [02:01:31] Redndı: False
2025-06-22 02:01:32,129 - map_video - DEBUG - [mapping_recorder.main:115] - [02:01:32] Redndı: False
2025-06-22 02:01:33,129 - map_video - DEBUG - [mapping_recorder.main:115] - [02:01:33] Redndı: False
2025-06-22 02:01:34,131 - map_video - DEBUG - [mapping_recorder.main:115] - [02:01:34] Redndı: False
2025-06-22 02:01:35,133 - map_video - DEBUG - [mapping_recorder.main:115] - [02:01:35] Redndı: False
2025-06-22 02:01:36,135 - map_video - DEBUG - [mapping_recorder.main:115] - [02:01:36] Redndı: False
2025-06-22 02:01:37,137 - map_video - DEBUG - [mapping_recorder.main:115] - [02:01:37] Redndı: False
2025-06-22 02:01:38,139 - map_video - DEBUG - [mapping_recorder.main:115] - [02:01:38] Redndı: False
2025-06-22 02:01:39,141 - map_video - DEBUG - [mapping_recorder.main:115] - [02:01:39] Redndı: False
2025-06-22 02:01:40,141 - map_video - DEBUG - [mapping_recorder.main:115] - [02:01:40] Redndı: False
2025-06-22 02:01:41,143 - map_video - DEBUG - [mapping_recorder.main:115] - [02:01:41] Redndı: False
2025-06-22 02:01:42,145 - map_video - DEBUG - [mapping_recorder.main:115] - [02:01:42] Redndı: False
2025-06-22 02:01:43,147 - map_video - DEBUG - [mapping_recorder.main:115] - [02:01:43] Redndı: False
2025-06-22 02:01:44,149 - map_video - DEBUG - [mapping_recorder.main:115] - [02:01:44] Redndı: False
2025-06-22 02:01:45,151 - map_video - DEBUG - [mapping_recorder.main:115] - [02:01:45] Redndı: False
2025-06-22 02:01:46,153 - map_video - DEBUG - [mapping_recorder.main:115] - [02:01:46] Redndı: False
2025-06-22 02:01:47,155 - map_video - DEBUG - [mapping_recorder.main:115] - [02:01:47] Redndı: False
2025-06-22 02:01:48,156 - map_video - DEBUG - [mapping_recorder.main:115] - [02:01:48] Redndı: False
2025-06-22 02:01:49,159 - map_video - DEBUG - [mapping_recorder.main:115] - [02:01:49] Redndı: False
2025-06-22 02:01:50,161 - map_video - DEBUG - [mapping_recorder.main:115] - [02:01:50] Redndı: False
2025-06-22 02:01:51,163 - map_video - DEBUG - [mapping_recorder.main:115] - [02:01:51] Redndı: False
2025-06-22 02:01:52,164 - map_video - DEBUG - [mapping_recorder.main:115] - [02:01:52] Redndı: False
2025-06-22 02:01:53,165 - map_video - DEBUG - [mapping_recorder.main:115] - [02:01:53] Redndı: False
2025-06-22 02:01:54,167 - map_video - DEBUG - [mapping_recorder.main:115] - [02:01:54] Redndı: False
2025-06-22 02:01:55,169 - map_video - DEBUG - [mapping_recorder.main:115] - [02:01:55] Redndı: False
2025-06-22 02:01:56,171 - map_video - DEBUG - [mapping_recorder.main:115] - [02:01:56] Redndı: False
2025-06-22 02:01:57,173 - map_video - DEBUG - [mapping_recorder.main:115] - [02:01:57] Redndı: False
2025-06-22 02:01:58,175 - map_video - DEBUG - [mapping_recorder.main:115] - [02:01:58] Redndı: False
2025-06-22 02:01:59,177 - map_video - DEBUG - [mapping_recorder.main:115] - [02:01:59] Redndı: False
2025-06-22 02:02:00,177 - map_video - DEBUG - [mapping_recorder.main:115] - [02:02:00] Redndı: False
2025-06-22 02:02:01,179 - map_video - DEBUG - [mapping_recorder.main:115] - [02:02:01] Redndı: False
2025-06-22 02:02:02,214 - map_video - DEBUG - [mapping_recorder.main:115] - [02:02:02] Redndı: False
2025-06-22 02:02:03,215 - map_video - DEBUG - [mapping_recorder.main:115] - [02:02:03] Redndı: False
2025-06-22 02:02:04,217 - map_video - DEBUG - [mapping_recorder.main:115] - [02:02:04] Redndı: False
2025-06-22 02:02:05,219 - map_video - DEBUG - [mapping_recorder.main:115] - [02:02:05] Redndı: False
2025-06-22 02:02:06,221 - map_video - DEBUG - [mapping_recorder.main:115] - [02:02:06] Redndı: False
2025-06-22 02:02:07,223 - map_video - DEBUG - [mapping_recorder.main:115] - [02:02:07] Redndı: False
2025-06-22 02:02:08,224 - map_video - DEBUG - [mapping_recorder.main:115] - [02:02:08] Redndı: False
2025-06-22 02:02:09,226 - map_video - DEBUG - [mapping_recorder.main:115] - [02:02:09] Redndı: False
2025-06-22 02:02:10,228 - map_video - DEBUG - [mapping_recorder.main:115] - [02:02:10] Redndı: False
2025-06-22 02:02:11,230 - map_video - DEBUG - [mapping_recorder.main:115] - [02:02:11] Redndı: False
2025-06-22 02:02:12,231 - map_video - DEBUG - [mapping_recorder.main:115] - [02:02:12] Redndı: False
2025-06-22 02:02:13,233 - map_video - DEBUG - [mapping_recorder.main:115] - [02:02:13] Redndı: False
2025-06-22 02:02:14,235 - map_video - DEBUG - [mapping_recorder.main:115] - [02:02:14] Redndı: False
2025-06-22 02:02:15,237 - map_video - DEBUG - [mapping_recorder.main:115] - [02:02:15] Redndı: False
2025-06-22 02:02:16,239 - map_video - DEBUG - [mapping_recorder.main:115] - [02:02:16] Redndı: False
2025-06-22 02:02:17,241 - map_video - DEBUG - [mapping_recorder.main:115] - [02:02:17] Redndı: False
2025-06-22 02:02:18,243 - map_video - DEBUG - [mapping_recorder.main:115] - [02:02:18] Redndı: False
2025-06-22 02:02:19,244 - map_video - DEBUG - [mapping_recorder.main:115] - [02:02:19] Redndı: False
2025-06-22 02:02:20,245 - map_video - DEBUG - [mapping_recorder.main:115] - [02:02:20] Redndı: False
2025-06-22 02:02:21,247 - map_video - DEBUG - [mapping_recorder.main:115] - [02:02:21] Redndı: False
2025-06-22 02:02:22,249 - map_video - DEBUG - [mapping_recorder.main:115] - [02:02:22] Redndı: False
2025-06-22 02:02:23,251 - map_video - DEBUG - [mapping_recorder.main:115] - [02:02:23] Redndı: False
2025-06-22 02:02:24,253 - map_video - DEBUG - [mapping_recorder.main:115] - [02:02:24] Redndı: False
2025-06-22 02:02:25,255 - map_video - DEBUG - [mapping_recorder.main:115] - [02:02:25] Redndı: False
2025-06-22 02:02:26,257 - map_video - DEBUG - [mapping_recorder.main:115] - [02:02:26] Redndı: False
2025-06-22 02:02:27,257 - map_video - DEBUG - [mapping_recorder.main:115] - [02:02:27] Redndı: False
2025-06-22 02:02:28,259 - map_video - DEBUG - [mapping_recorder.main:115] - [02:02:28] Redndı: False
2025-06-22 02:02:29,261 - map_video - DEBUG - [mapping_recorder.main:115] - [02:02:29] Redndı: False
2025-06-22 02:02:30,263 - map_video - DEBUG - [mapping_recorder.main:115] - [02:02:30] Redndı: False
2025-06-22 02:02:31,265 - map_video - DEBUG - [mapping_recorder.main:115] - [02:02:31] Redndı: False
2025-06-22 02:02:32,267 - map_video - DEBUG - [mapping_recorder.main:115] - [02:02:32] Redndı: False
2025-06-22 02:02:33,269 - map_video - DEBUG - [mapping_recorder.main:115] - [02:02:33] Redndı: False
2025-06-22 02:02:34,269 - map_video - DEBUG - [mapping_recorder.main:115] - [02:02:34] Redndı: False
2025-06-22 02:02:35,271 - map_video - DEBUG - [mapping_recorder.main:115] - [02:02:35] Redndı: False
2025-06-22 02:02:36,273 - map_video - DEBUG - [mapping_recorder.main:115] - [02:02:36] Redndı: False
2025-06-22 02:02:37,275 - map_video - DEBUG - [mapping_recorder.main:115] - [02:02:37] Redndı: False
2025-06-22 02:02:38,277 - map_video - DEBUG - [mapping_recorder.main:115] - [02:02:38] Redndı: False
2025-06-22 02:02:39,279 - map_video - DEBUG - [mapping_recorder.main:115] - [02:02:39] Redndı: False
2025-06-22 02:02:40,281 - map_video - DEBUG - [mapping_recorder.main:115] - [02:02:40] Redndı: False
2025-06-22 02:02:41,281 - map_video - DEBUG - [mapping_recorder.main:115] - [02:02:41] Redndı: False
2025-06-22 02:02:42,283 - map_video - DEBUG - [mapping_recorder.main:115] - [02:02:42] Redndı: False
2025-06-22 02:02:43,285 - map_video - DEBUG - [mapping_recorder.main:115] - [02:02:43] Redndı: False
2025-06-22 02:02:44,287 - map_video - DEBUG - [mapping_recorder.main:115] - [02:02:44] Redndı: False
2025-06-22 02:02:45,289 - map_video - DEBUG - [mapping_recorder.main:115] - [02:02:45] Redndı: False
2025-06-22 02:02:46,291 - map_video - DEBUG - [mapping_recorder.main:115] - [02:02:46] Redndı: False
2025-06-22 02:02:47,293 - map_video - DEBUG - [mapping_recorder.main:115] - [02:02:47] Redndı: False
2025-06-22 02:02:48,295 - map_video - DEBUG - [mapping_recorder.main:115] - [02:02:48] Redndı: False
2025-06-22 02:02:49,296 - map_video - DEBUG - [mapping_recorder.main:115] - [02:02:49] Redndı: False
2025-06-22 02:02:50,298 - map_video - DEBUG - [mapping_recorder.main:115] - [02:02:50] Redndı: False
2025-06-22 02:02:51,300 - map_video - DEBUG - [mapping_recorder.main:115] - [02:02:51] Redndı: False
2025-06-22 02:02:52,302 - map_video - DEBUG - [mapping_recorder.main:115] - [02:02:52] Redndı: False
2025-06-22 02:02:53,304 - map_video - DEBUG - [mapping_recorder.main:115] - [02:02:53] Redndı: False
2025-06-22 02:02:54,305 - map_video - DEBUG - [mapping_recorder.main:115] - [02:02:54] Redndı: False
2025-06-22 02:02:55,307 - map_video - DEBUG - [mapping_recorder.main:115] - [02:02:55] Redndı: False
2025-06-22 02:02:56,309 - map_video - DEBUG - [mapping_recorder.main:115] - [02:02:56] Redndı: False
2025-06-22 02:02:57,311 - map_video - DEBUG - [mapping_recorder.main:115] - [02:02:57] Redndı: False
2025-06-22 02:02:58,313 - map_video - DEBUG - [mapping_recorder.main:115] - [02:02:58] Redndı: False
2025-06-22 02:02:59,315 - map_video - DEBUG - [mapping_recorder.main:115] - [02:02:59] Redndı: False
2025-06-22 02:03:00,317 - map_video - DEBUG - [mapping_recorder.main:115] - [02:03:00] Redndı: False
2025-06-22 02:03:01,319 - map_video - DEBUG - [mapping_recorder.main:115] - [02:03:01] Redndı: False
2025-06-22 02:03:02,321 - map_video - DEBUG - [mapping_recorder.main:115] - [02:03:02] Redndı: False
2025-06-22 02:03:03,322 - map_video - DEBUG - [mapping_recorder.main:115] - [02:03:03] Redndı: False
2025-06-22 02:03:04,324 - map_video - DEBUG - [mapping_recorder.main:115] - [02:03:04] Redndı: False
2025-06-22 02:03:05,325 - map_video - DEBUG - [mapping_recorder.main:115] - [02:03:05] Redndı: False
2025-06-22 02:03:06,327 - map_video - DEBUG - [mapping_recorder.main:115] - [02:03:06] Redndı: False
2025-06-22 02:03:07,329 - map_video - DEBUG - [mapping_recorder.main:115] - [02:03:07] Redndı: False
2025-06-22 02:03:08,331 - map_video - DEBUG - [mapping_recorder.main:115] - [02:03:08] Redndı: False
2025-06-22 02:03:09,333 - map_video - DEBUG - [mapping_recorder.main:115] - [02:03:09] Redndı: False
2025-06-22 02:03:10,335 - map_video - DEBUG - [mapping_recorder.main:115] - [02:03:10] Redndı: False
2025-06-22 02:03:11,336 - map_video - DEBUG - [mapping_recorder.main:115] - [02:03:11] Redndı: False
2025-06-22 02:03:12,337 - map_video - DEBUG - [mapping_recorder.main:115] - [02:03:12] Redndı: False
2025-06-22 02:03:13,339 - map_video - DEBUG - [mapping_recorder.main:115] - [02:03:13] Redndı: False
2025-06-22 02:03:14,341 - map_video - DEBUG - [mapping_recorder.main:115] - [02:03:14] Redndı: False
2025-06-22 02:03:15,343 - map_video - DEBUG - [mapping_recorder.main:115] - [02:03:15] Redndı: False
2025-06-22 02:03:16,345 - map_video - DEBUG - [mapping_recorder.main:115] - [02:03:16] Redndı: False
2025-06-22 02:03:17,347 - map_video - DEBUG - [mapping_recorder.main:115] - [02:03:17] Redndı: False
2025-06-22 02:03:18,348 - map_video - DEBUG - [mapping_recorder.main:115] - [02:03:18] Redndı: False
2025-06-22 02:03:19,350 - map_video - DEBUG - [mapping_recorder.main:115] - [02:03:19] Redndı: False
2025-06-22 02:03:20,352 - map_video - DEBUG - [mapping_recorder.main:115] - [02:03:20] Redndı: False
2025-06-22 02:03:21,353 - map_video - DEBUG - [mapping_recorder.main:115] - [02:03:21] Redndı: False
2025-06-22 02:03:22,355 - map_video - DEBUG - [mapping_recorder.main:115] - [02:03:22] Redndı: False
2025-06-22 02:03:23,357 - map_video - DEBUG - [mapping_recorder.main:115] - [02:03:23] Redndı: False
2025-06-22 02:03:24,359 - map_video - DEBUG - [mapping_recorder.main:115] - [02:03:24] Redndı: False
2025-06-22 02:03:25,361 - map_video - DEBUG - [mapping_recorder.main:115] - [02:03:25] Redndı: False
2025-06-22 02:03:26,363 - map_video - DEBUG - [mapping_recorder.main:115] - [02:03:26] Redndı: False
2025-06-22 02:03:27,364 - map_video - DEBUG - [mapping_recorder.main:115] - [02:03:27] Redndı: False
2025-06-22 02:03:28,365 - map_video - DEBUG - [mapping_recorder.main:115] - [02:03:28] Redndı: False
2025-06-22 02:03:29,367 - map_video - DEBUG - [mapping_recorder.main:115] - [02:03:29] Redndı: False
2025-06-22 02:03:30,369 - map_video - DEBUG - [mapping_recorder.main:115] - [02:03:30] Redndı: False
2025-06-22 02:03:31,371 - map_video - DEBUG - [mapping_recorder.main:115] - [02:03:31] Redndı: False
2025-06-22 02:03:32,373 - map_video - DEBUG - [mapping_recorder.main:115] - [02:03:32] Redndı: False
2025-06-22 02:03:33,375 - map_video - DEBUG - [mapping_recorder.main:115] - [02:03:33] Redndı: False
2025-06-22 02:03:34,376 - map_video - DEBUG - [mapping_recorder.main:115] - [02:03:34] Redndı: False
2025-06-22 02:03:35,377 - map_video - DEBUG - [mapping_recorder.main:115] - [02:03:35] Redndı: False
2025-06-22 02:03:36,379 - map_video - DEBUG - [mapping_recorder.main:115] - [02:03:36] Redndı: False
2025-06-22 02:03:37,381 - map_video - DEBUG - [mapping_recorder.main:115] - [02:03:37] Redndı: False
2025-06-22 02:03:38,381 - map_video - DEBUG - [mapping_recorder.main:115] - [02:03:38] Redndı: False
2025-06-22 02:03:39,383 - map_video - DEBUG - [mapping_recorder.main:115] - [02:03:39] Redndı: False
2025-06-22 02:03:40,385 - map_video - DEBUG - [mapping_recorder.main:115] - [02:03:40] Redndı: False
2025-06-22 02:03:41,387 - map_video - DEBUG - [mapping_recorder.main:115] - [02:03:41] Redndı: False
2025-06-22 02:03:42,389 - map_video - DEBUG - [mapping_recorder.main:115] - [02:03:42] Redndı: False
2025-06-22 02:03:43,391 - map_video - DEBUG - [mapping_recorder.main:115] - [02:03:43] Redndı: False
2025-06-22 02:03:44,393 - map_video - DEBUG - [mapping_recorder.main:115] - [02:03:44] Redndı: False
2025-06-22 02:03:45,395 - map_video - DEBUG - [mapping_recorder.main:115] - [02:03:45] Redndı: False
2025-06-22 02:03:46,396 - map_video - DEBUG - [mapping_recorder.main:115] - [02:03:46] Redndı: False
2025-06-22 02:03:47,411 - map_video - DEBUG - [mapping_recorder.main:115] - [02:03:47] Redndı: False
2025-06-22 02:03:48,412 - map_video - DEBUG - [mapping_recorder.main:115] - [02:03:48] Redndı: False
2025-06-22 02:03:49,413 - map_video - DEBUG - [mapping_recorder.main:115] - [02:03:49] Redndı: False
2025-06-22 02:03:50,415 - map_video - DEBUG - [mapping_recorder.main:115] - [02:03:50] Redndı: False
2025-06-22 02:03:51,417 - map_video - DEBUG - [mapping_recorder.main:115] - [02:03:51] Redndı: False
2025-06-22 02:03:52,419 - map_video - DEBUG - [mapping_recorder.main:115] - [02:03:52] Redndı: False
2025-06-22 02:03:53,421 - map_video - DEBUG - [mapping_recorder.main:115] - [02:03:53] Redndı: False
2025-06-22 02:03:54,422 - map_video - DEBUG - [mapping_recorder.main:115] - [02:03:54] Redndı: False
2025-06-22 02:03:55,423 - map_video - DEBUG - [mapping_recorder.main:115] - [02:03:55] Redndı: False
2025-06-22 02:03:56,425 - map_video - DEBUG - [mapping_recorder.main:115] - [02:03:56] Redndı: False
2025-06-22 02:03:57,427 - map_video - DEBUG - [mapping_recorder.main:115] - [02:03:57] Redndı: False
2025-06-22 02:03:58,429 - map_video - DEBUG - [mapping_recorder.main:115] - [02:03:58] Redndı: False
2025-06-22 02:03:59,431 - map_video - DEBUG - [mapping_recorder.main:115] - [02:03:59] Redndı: False
2025-06-22 02:04:00,433 - map_video - DEBUG - [mapping_recorder.main:115] - [02:04:00] Redndı: False
2025-06-22 02:04:01,435 - map_video - DEBUG - [mapping_recorder.main:115] - [02:04:01] Redndı: False
2025-06-22 02:04:02,436 - map_video - DEBUG - [mapping_recorder.main:115] - [02:04:02] Redndı: False
2025-06-22 02:04:03,437 - map_video - DEBUG - [mapping_recorder.main:115] - [02:04:03] Redndı: False
2025-06-22 02:04:04,439 - map_video - DEBUG - [mapping_recorder.main:115] - [02:04:04] Redndı: False
2025-06-22 02:04:05,441 - map_video - DEBUG - [mapping_recorder.main:115] - [02:04:05] Redndı: False
2025-06-22 02:04:06,443 - map_video - DEBUG - [mapping_recorder.main:115] - [02:04:06] Redndı: False
2025-06-22 02:04:07,445 - map_video - DEBUG - [mapping_recorder.main:115] - [02:04:07] Redndı: False
2025-06-22 02:04:08,469 - map_video - DEBUG - [mapping_recorder.main:115] - [02:04:08] Redndı: False
2025-06-22 02:04:09,471 - map_video - DEBUG - [mapping_recorder.main:115] - [02:04:09] Redndı: False
2025-06-22 02:04:10,473 - map_video - DEBUG - [mapping_recorder.main:115] - [02:04:10] Redndı: False
2025-06-22 02:04:11,475 - map_video - DEBUG - [mapping_recorder.main:115] - [02:04:11] Redndı: False
2025-06-22 02:04:12,477 - map_video - DEBUG - [mapping_recorder.main:115] - [02:04:12] Redndı: False
2025-06-22 02:04:13,485 - map_video - DEBUG - [mapping_recorder.main:115] - [02:04:13] Redndı: False
2025-06-22 02:04:14,487 - map_video - DEBUG - [mapping_recorder.main:115] - [02:04:14] Redndı: False
2025-06-22 02:04:15,489 - map_video - DEBUG - [mapping_recorder.main:115] - [02:04:15] Redndı: False
2025-06-22 02:04:16,491 - map_video - DEBUG - [mapping_recorder.main:115] - [02:04:16] Redndı: False
2025-06-22 02:04:17,493 - map_video - DEBUG - [mapping_recorder.main:115] - [02:04:17] Redndı: False
2025-06-22 02:04:18,500 - map_video - DEBUG - [mapping_recorder.main:115] - [02:04:18] Redndı: False
2025-06-22 02:04:19,501 - map_video - DEBUG - [mapping_recorder.main:115] - [02:04:19] Redndı: False
2025-06-22 02:04:20,503 - map_video - DEBUG - [mapping_recorder.main:115] - [02:04:20] Redndı: False
2025-06-22 02:04:21,505 - map_video - DEBUG - [mapping_recorder.main:115] - [02:04:21] Redndı: False
2025-06-22 02:04:22,507 - map_video - DEBUG - [mapping_recorder.main:115] - [02:04:22] Redndı: False
2025-06-22 02:04:23,509 - map_video - DEBUG - [mapping_recorder.main:115] - [02:04:23] Redndı: False
2025-06-22 02:04:24,511 - map_video - DEBUG - [mapping_recorder.main:115] - [02:04:24] Redndı: False
2025-06-22 02:04:25,513 - map_video - DEBUG - [mapping_recorder.main:115] - [02:04:25] Redndı: False
2025-06-22 02:04:26,514 - map_video - DEBUG - [mapping_recorder.main:115] - [02:04:26] Redndı: False
2025-06-22 02:04:27,515 - map_video - DEBUG - [mapping_recorder.main:115] - [02:04:27] Redndı: False
2025-06-22 02:04:28,517 - map_video - DEBUG - [mapping_recorder.main:115] - [02:04:28] Redndı: False
2025-06-22 02:04:29,519 - map_video - DEBUG - [mapping_recorder.main:115] - [02:04:29] Redndı: False
2025-06-22 02:04:30,521 - map_video - DEBUG - [mapping_recorder.main:115] - [02:04:30] Redndı: False
2025-06-22 02:04:31,523 - map_video - DEBUG - [mapping_recorder.main:115] - [02:04:31] Redndı: False
2025-06-22 02:04:32,540 - map_video - DEBUG - [mapping_recorder.main:115] - [02:04:32] Redndı: False
2025-06-22 02:04:33,541 - map_video - DEBUG - [mapping_recorder.main:115] - [02:04:33] Redndı: False
2025-06-22 02:04:34,543 - map_video - DEBUG - [mapping_recorder.main:115] - [02:04:34] Redndı: False
2025-06-22 02:04:35,545 - map_video - DEBUG - [mapping_recorder.main:115] - [02:04:35] Redndı: False
2025-06-22 02:04:36,547 - map_video - DEBUG - [mapping_recorder.main:115] - [02:04:36] Redndı: False
2025-06-22 02:04:37,553 - map_video - DEBUG - [mapping_recorder.main:115] - [02:04:37] Redndı: False
2025-06-22 02:04:38,555 - map_video - DEBUG - [mapping_recorder.main:115] - [02:04:38] Redndı: False
2025-06-22 02:04:39,557 - map_video - DEBUG - [mapping_recorder.main:115] - [02:04:39] Redndı: False
2025-06-22 02:04:40,559 - map_video - DEBUG - [mapping_recorder.main:115] - [02:04:40] Redndı: False
2025-06-22 02:04:41,561 - map_video - DEBUG - [mapping_recorder.main:115] - [02:04:41] Redndı: False
2025-06-22 02:04:42,563 - map_video - DEBUG - [mapping_recorder.main:115] - [02:04:42] Redndı: False
2025-06-22 02:04:43,565 - map_video - DEBUG - [mapping_recorder.main:115] - [02:04:43] Redndı: False
2025-06-22 02:04:44,567 - map_video - DEBUG - [mapping_recorder.main:115] - [02:04:44] Redndı: False
2025-06-22 02:04:45,568 - map_video - DEBUG - [mapping_recorder.main:115] - [02:04:45] Redndı: False
2025-06-22 02:04:46,569 - map_video - DEBUG - [mapping_recorder.main:115] - [02:04:46] Redndı: False
2025-06-22 02:04:47,571 - map_video - DEBUG - [mapping_recorder.main:115] - [02:04:47] Redndı: False
2025-06-22 02:04:48,573 - map_video - DEBUG - [mapping_recorder.main:115] - [02:04:48] Redndı: False
2025-06-22 02:04:49,575 - map_video - DEBUG - [mapping_recorder.main:115] - [02:04:49] Redndı: False
2025-06-22 02:04:50,577 - map_video - DEBUG - [mapping_recorder.main:115] - [02:04:50] Redndı: False
2025-06-22 02:04:51,579 - map_video - DEBUG - [mapping_recorder.main:115] - [02:04:51] Redndı: False
2025-06-22 02:04:52,580 - map_video - DEBUG - [mapping_recorder.main:115] - [02:04:52] Redndı: False
2025-06-22 02:04:53,581 - map_video - DEBUG - [mapping_recorder.main:115] - [02:04:53] Redndı: False
2025-06-22 02:04:54,583 - map_video - DEBUG - [mapping_recorder.main:115] - [02:04:54] Redndı: False
2025-06-22 02:04:55,585 - map_video - DEBUG - [mapping_recorder.main:115] - [02:04:55] Redndı: False
2025-06-22 02:04:56,587 - map_video - DEBUG - [mapping_recorder.main:115] - [02:04:56] Redndı: False
2025-06-22 02:04:57,589 - map_video - DEBUG - [mapping_recorder.main:115] - [02:04:57] Redndı: False
2025-06-22 02:04:58,591 - map_video - DEBUG - [mapping_recorder.main:115] - [02:04:58] Redndı: False
2025-06-22 02:04:59,592 - map_video - DEBUG - [mapping_recorder.main:115] - [02:04:59] Redndı: False
2025-06-22 02:05:00,593 - map_video - DEBUG - [mapping_recorder.main:115] - [02:05:00] Redndı: False
2025-06-22 02:05:01,595 - map_video - DEBUG - [mapping_recorder.main:115] - [02:05:01] Redndı: False
2025-06-22 02:05:02,597 - map_video - DEBUG - [mapping_recorder.main:115] - [02:05:02] Redndı: False
2025-06-22 02:05:03,599 - map_video - DEBUG - [mapping_recorder.main:115] - [02:05:03] Redndı: False
2025-06-22 02:05:04,601 - map_video - DEBUG - [mapping_recorder.main:115] - [02:05:04] Redndı: False
2025-06-22 02:05:05,603 - map_video - DEBUG - [mapping_recorder.main:115] - [02:05:05] Redndı: False
2025-06-22 02:05:06,604 - map_video - DEBUG - [mapping_recorder.main:115] - [02:05:06] Redndı: False
2025-06-22 02:05:07,605 - map_video - DEBUG - [mapping_recorder.main:115] - [02:05:07] Redndı: False
2025-06-22 02:05:08,607 - map_video - DEBUG - [mapping_recorder.main:115] - [02:05:08] Redndı: False
2025-06-22 02:05:09,609 - map_video - DEBUG - [mapping_recorder.main:115] - [02:05:09] Redndı: False
2025-06-22 02:05:10,611 - map_video - DEBUG - [mapping_recorder.main:115] - [02:05:10] Redndı: False
2025-06-22 02:05:11,613 - map_video - DEBUG - [mapping_recorder.main:115] - [02:05:11] Redndı: False
2025-06-22 02:05:12,615 - map_video - DEBUG - [mapping_recorder.main:115] - [02:05:12] Redndı: False
2025-06-22 02:05:13,616 - map_video - DEBUG - [mapping_recorder.main:115] - [02:05:13] Redndı: False
2025-06-22 02:05:14,617 - map_video - DEBUG - [mapping_recorder.main:115] - [02:05:14] Redndı: False
2025-06-22 02:05:15,619 - map_video - DEBUG - [mapping_recorder.main:115] - [02:05:15] Redndı: False
2025-06-22 02:05:16,621 - map_video - DEBUG - [mapping_recorder.main:115] - [02:05:16] Redndı: False
2025-06-22 02:05:17,623 - map_video - DEBUG - [mapping_recorder.main:115] - [02:05:17] Redndı: False
2025-06-22 02:05:18,625 - map_video - DEBUG - [mapping_recorder.main:115] - [02:05:18] Redndı: False
2025-06-22 02:05:19,627 - map_video - DEBUG - [mapping_recorder.main:115] - [02:05:19] Redndı: False
2025-06-22 02:05:20,628 - map_video - DEBUG - [mapping_recorder.main:115] - [02:05:20] Redndı: False
2025-06-22 02:05:21,629 - map_video - DEBUG - [mapping_recorder.main:115] - [02:05:21] Redndı: False
2025-06-22 02:05:22,631 - map_video - DEBUG - [mapping_recorder.main:115] - [02:05:22] Redndı: False
2025-06-22 02:05:23,633 - map_video - DEBUG - [mapping_recorder.main:115] - [02:05:23] Redndı: False
2025-06-22 02:05:24,635 - map_video - DEBUG - [mapping_recorder.main:115] - [02:05:24] Redndı: False
2025-06-22 02:05:25,637 - map_video - DEBUG - [mapping_recorder.main:115] - [02:05:25] Redndı: False
2025-06-22 02:05:26,639 - map_video - DEBUG - [mapping_recorder.main:115] - [02:05:26] Redndı: False
2025-06-22 02:05:27,640 - map_video - DEBUG - [mapping_recorder.main:115] - [02:05:27] Redndı: False
2025-06-22 02:05:28,641 - map_video - DEBUG - [mapping_recorder.main:115] - [02:05:28] Redndı: False
2025-06-22 02:05:29,643 - map_video - DEBUG - [mapping_recorder.main:115] - [02:05:29] Redndı: False
2025-06-22 02:05:30,645 - map_video - DEBUG - [mapping_recorder.main:115] - [02:05:30] Redndı: False
2025-06-22 02:05:31,647 - map_video - DEBUG - [mapping_recorder.main:115] - [02:05:31] Redndı: False
2025-06-22 02:05:32,648 - map_video - DEBUG - [mapping_recorder.main:115] - [02:05:32] Redndı: False
2025-06-22 02:05:33,649 - map_video - DEBUG - [mapping_recorder.main:115] - [02:05:33] Redndı: False
2025-06-22 02:05:34,651 - map_video - DEBUG - [mapping_recorder.main:115] - [02:05:34] Redndı: False
2025-06-22 02:05:35,653 - map_video - DEBUG - [mapping_recorder.main:115] - [02:05:35] Redndı: False
2025-06-22 02:05:36,655 - map_video - DEBUG - [mapping_recorder.main:115] - [02:05:36] Redndı: False
2025-06-22 02:05:37,657 - map_video - DEBUG - [mapping_recorder.main:115] - [02:05:37] Redndı: False
2025-06-22 02:05:38,659 - map_video - DEBUG - [mapping_recorder.main:115] - [02:05:38] Redndı: False
2025-06-22 02:05:39,660 - map_video - DEBUG - [mapping_recorder.main:115] - [02:05:39] Redndı: False
2025-06-22 02:05:40,661 - map_video - DEBUG - [mapping_recorder.main:115] - [02:05:40] Redndı: False
2025-06-22 02:05:41,663 - map_video - DEBUG - [mapping_recorder.main:115] - [02:05:41] Redndı: False
2025-06-22 02:05:42,665 - map_video - DEBUG - [mapping_recorder.main:115] - [02:05:42] Redndı: False
2025-06-22 02:05:43,667 - map_video - DEBUG - [mapping_recorder.main:115] - [02:05:43] Redndı: False
2025-06-22 02:05:44,669 - map_video - DEBUG - [mapping_recorder.main:115] - [02:05:44] Redndı: False
2025-06-22 02:05:45,671 - map_video - DEBUG - [mapping_recorder.main:115] - [02:05:45] Redndı: False
2025-06-22 02:05:46,672 - map_video - DEBUG - [mapping_recorder.main:115] - [02:05:46] Redndı: False
2025-06-22 02:05:47,673 - map_video - DEBUG - [mapping_recorder.main:115] - [02:05:47] Redndı: False
2025-06-22 02:05:48,675 - map_video - DEBUG - [mapping_recorder.main:115] - [02:05:48] Redndı: False
2025-06-22 02:05:49,677 - map_video - DEBUG - [mapping_recorder.main:115] - [02:05:49] Redndı: False
2025-06-22 02:05:50,679 - map_video - DEBUG - [mapping_recorder.main:115] - [02:05:50] Redndı: False
2025-06-22 02:05:51,681 - map_video - DEBUG - [mapping_recorder.main:115] - [02:05:51] Redndı: False
2025-06-22 02:05:52,683 - map_video - DEBUG - [mapping_recorder.main:115] - [02:05:52] Redndı: False
2025-06-22 02:05:53,684 - map_video - DEBUG - [mapping_recorder.main:115] - [02:05:53] Redndı: False
2025-06-22 02:05:54,685 - map_video - DEBUG - [mapping_recorder.main:115] - [02:05:54] Redndı: False
2025-06-22 02:05:55,687 - map_video - DEBUG - [mapping_recorder.main:115] - [02:05:55] Redndı: False
2025-06-22 02:05:56,689 - map_video - DEBUG - [mapping_recorder.main:115] - [02:05:56] Redndı: False
2025-06-22 02:05:57,691 - map_video - DEBUG - [mapping_recorder.main:115] - [02:05:57] Redndı: False
2025-06-22 02:05:58,693 - map_video - DEBUG - [mapping_recorder.main:115] - [02:05:58] Redndı: False
2025-06-22 02:05:59,695 - map_video - DEBUG - [mapping_recorder.main:115] - [02:05:59] Redndı: False
2025-06-22 02:06:00,696 - map_video - DEBUG - [mapping_recorder.main:115] - [02:06:00] Redndı: False
2025-06-22 02:06:01,697 - map_video - DEBUG - [mapping_recorder.main:115] - [02:06:01] Redndı: False
2025-06-22 02:06:02,699 - map_video - DEBUG - [mapping_recorder.main:115] - [02:06:02] Redndı: False
2025-06-22 02:06:03,701 - map_video - DEBUG - [mapping_recorder.main:115] - [02:06:03] Redndı: False
2025-06-22 02:06:04,703 - map_video - DEBUG - [mapping_recorder.main:115] - [02:06:04] Redndı: False
2025-06-22 02:06:05,705 - map_video - DEBUG - [mapping_recorder.main:115] - [02:06:05] Redndı: False
2025-06-22 02:06:06,707 - map_video - DEBUG - [mapping_recorder.main:115] - [02:06:06] Redndı: False
2025-06-22 02:06:07,709 - map_video - DEBUG - [mapping_recorder.main:115] - [02:06:07] Redndı: False
2025-06-22 02:06:08,711 - map_video - DEBUG - [mapping_recorder.main:115] - [02:06:08] Redndı: False
2025-06-22 02:06:09,712 - map_video - DEBUG - [mapping_recorder.main:115] - [02:06:09] Redndı: False
2025-06-22 02:06:10,713 - map_video - DEBUG - [mapping_recorder.main:115] - [02:06:10] Redndı: False
2025-06-22 02:06:11,715 - map_video - DEBUG - [mapping_recorder.main:115] - [02:06:11] Redndı: False
2025-06-22 02:06:12,717 - map_video - DEBUG - [mapping_recorder.main:115] - [02:06:12] Redndı: False
2025-06-22 02:06:13,719 - map_video - DEBUG - [mapping_recorder.main:115] - [02:06:13] Redndı: False
2025-06-22 02:06:14,721 - map_video - DEBUG - [mapping_recorder.main:115] - [02:06:14] Redndı: False
2025-06-22 02:06:15,723 - map_video - DEBUG - [mapping_recorder.main:115] - [02:06:15] Redndı: False
2025-06-22 02:06:16,725 - map_video - DEBUG - [mapping_recorder.main:115] - [02:06:16] Redndı: False
2025-06-22 02:06:17,725 - map_video - DEBUG - [mapping_recorder.main:115] - [02:06:17] Redndı: False
2025-06-22 02:06:18,727 - map_video - DEBUG - [mapping_recorder.main:115] - [02:06:18] Redndı: False
2025-06-22 02:06:19,729 - map_video - DEBUG - [mapping_recorder.main:115] - [02:06:19] Redndı: False
2025-06-22 02:06:20,731 - map_video - DEBUG - [mapping_recorder.main:115] - [02:06:20] Redndı: False
2025-06-22 02:06:21,733 - map_video - DEBUG - [mapping_recorder.main:115] - [02:06:21] Redndı: False
2025-06-22 02:06:22,735 - map_video - DEBUG - [mapping_recorder.main:115] - [02:06:22] Redndı: False
2025-06-22 02:06:23,736 - map_video - DEBUG - [mapping_recorder.main:115] - [02:06:23] Redndı: False
2025-06-22 02:06:24,737 - map_video - DEBUG - [mapping_recorder.main:115] - [02:06:24] Redndı: False
2025-06-22 02:06:25,739 - map_video - DEBUG - [mapping_recorder.main:115] - [02:06:25] Redndı: False
2025-06-22 02:06:26,741 - map_video - DEBUG - [mapping_recorder.main:115] - [02:06:26] Redndı: False
2025-06-22 02:06:27,743 - map_video - DEBUG - [mapping_recorder.main:115] - [02:06:27] Redndı: False
2025-06-22 02:06:28,745 - map_video - DEBUG - [mapping_recorder.main:115] - [02:06:28] Redndı: False
2025-06-22 02:06:29,747 - map_video - DEBUG - [mapping_recorder.main:115] - [02:06:29] Redndı: False
2025-06-22 02:06:30,748 - map_video - DEBUG - [mapping_recorder.main:115] - [02:06:30] Redndı: False
2025-06-22 02:06:31,749 - map_video - DEBUG - [mapping_recorder.main:115] - [02:06:31] Redndı: False
2025-06-22 02:06:32,751 - map_video - DEBUG - [mapping_recorder.main:115] - [02:06:32] Redndı: False
2025-06-22 02:06:33,753 - map_video - DEBUG - [mapping_recorder.main:115] - [02:06:33] Redndı: False
2025-06-22 02:06:34,755 - map_video - DEBUG - [mapping_recorder.main:115] - [02:06:34] Redndı: False
2025-06-22 02:06:35,756 - map_video - DEBUG - [mapping_recorder.main:115] - [02:06:35] Redndı: False
2025-06-22 02:06:36,757 - map_video - DEBUG - [mapping_recorder.main:115] - [02:06:36] Redndı: False
2025-06-22 02:06:37,759 - map_video - DEBUG - [mapping_recorder.main:115] - [02:06:37] Redndı: False
2025-06-22 02:06:38,761 - map_video - DEBUG - [mapping_recorder.main:115] - [02:06:38] Redndı: False
2025-06-22 02:06:39,763 - map_video - DEBUG - [mapping_recorder.main:115] - [02:06:39] Redndı: False
2025-06-22 02:06:40,765 - map_video - DEBUG - [mapping_recorder.main:115] - [02:06:40] Redndı: False
2025-06-22 02:06:41,767 - map_video - DEBUG - [mapping_recorder.main:115] - [02:06:41] Redndı: False
2025-06-22 02:06:42,768 - map_video - DEBUG - [mapping_recorder.main:115] - [02:06:42] Redndı: False
2025-06-22 02:06:43,769 - map_video - DEBUG - [mapping_recorder.main:115] - [02:06:43] Redndı: False
2025-06-22 02:06:44,771 - map_video - DEBUG - [mapping_recorder.main:115] - [02:06:44] Redndı: False
2025-06-22 02:06:45,773 - map_video - DEBUG - [mapping_recorder.main:115] - [02:06:45] Redndı: False
2025-06-22 02:06:46,775 - map_video - DEBUG - [mapping_recorder.main:115] - [02:06:46] Redndı: False
2025-06-22 02:06:47,777 - map_video - DEBUG - [mapping_recorder.main:115] - [02:06:47] Redndı: False
2025-06-22 02:06:48,779 - map_video - DEBUG - [mapping_recorder.main:115] - [02:06:48] Redndı: False
2025-06-22 02:06:49,780 - map_video - DEBUG - [mapping_recorder.main:115] - [02:06:49] Redndı: False
2025-06-22 02:06:50,782 - map_video - DEBUG - [mapping_recorder.main:115] - [02:06:50] Redndı: False
2025-06-22 02:06:51,784 - map_video - DEBUG - [mapping_recorder.main:115] - [02:06:51] Redndı: False
2025-06-22 02:06:52,786 - map_video - DEBUG - [mapping_recorder.main:115] - [02:06:52] Redndı: False
2025-06-22 02:06:53,788 - map_video - DEBUG - [mapping_recorder.main:115] - [02:06:53] Redndı: False
2025-06-22 02:06:54,789 - map_video - DEBUG - [mapping_recorder.main:115] - [02:06:54] Redndı: False
2025-06-22 02:06:55,791 - map_video - DEBUG - [mapping_recorder.main:115] - [02:06:55] Redndı: False
2025-06-22 02:06:56,793 - map_video - DEBUG - [mapping_recorder.main:115] - [02:06:56] Redndı: False
2025-06-22 02:06:57,795 - map_video - DEBUG - [mapping_recorder.main:115] - [02:06:57] Redndı: False
2025-06-22 02:06:58,797 - map_video - DEBUG - [mapping_recorder.main:115] - [02:06:58] Redndı: False
2025-06-22 02:06:59,799 - map_video - DEBUG - [mapping_recorder.main:115] - [02:06:59] Redndı: False
2025-06-22 02:07:00,801 - map_video - DEBUG - [mapping_recorder.main:115] - [02:07:00] Redndı: False
2025-06-22 02:07:01,801 - map_video - DEBUG - [mapping_recorder.main:115] - [02:07:01] Redndı: False
2025-06-22 02:07:02,803 - map_video - DEBUG - [mapping_recorder.main:115] - [02:07:02] Redndı: False
2025-06-22 02:07:03,805 - map_video - DEBUG - [mapping_recorder.main:115] - [02:07:03] Redndı: False
2025-06-22 02:07:04,805 - map_video - DEBUG - [mapping_recorder.main:115] - [02:07:04] Redndı: False
2025-06-22 02:07:05,807 - map_video - DEBUG - [mapping_recorder.main:115] - [02:07:05] Redndı: False
2025-06-22 02:07:06,809 - map_video - DEBUG - [mapping_recorder.main:115] - [02:07:06] Redndı: False
2025-06-22 02:07:07,811 - map_video - DEBUG - [mapping_recorder.main:115] - [02:07:07] Redndı: False
2025-06-22 02:07:08,813 - map_video - DEBUG - [mapping_recorder.main:115] - [02:07:08] Redndı: False
2025-06-22 02:07:09,815 - map_video - DEBUG - [mapping_recorder.main:115] - [02:07:09] Redndı: False
2025-06-22 02:07:10,817 - map_video - DEBUG - [mapping_recorder.main:115] - [02:07:10] Redndı: False
2025-06-22 02:07:11,819 - map_video - DEBUG - [mapping_recorder.main:115] - [02:07:11] Redndı: False
2025-06-22 02:07:12,820 - map_video - DEBUG - [mapping_recorder.main:115] - [02:07:12] Redndı: False
2025-06-22 02:07:13,821 - map_video - DEBUG - [mapping_recorder.main:115] - [02:07:13] Redndı: False
2025-06-22 02:07:14,823 - map_video - DEBUG - [mapping_recorder.main:115] - [02:07:14] Redndı: False
2025-06-22 02:07:15,825 - map_video - DEBUG - [mapping_recorder.main:115] - [02:07:15] Redndı: False
2025-06-22 02:07:16,827 - map_video - DEBUG - [mapping_recorder.main:115] - [02:07:16] Redndı: False
2025-06-22 02:07:17,829 - map_video - DEBUG - [mapping_recorder.main:115] - [02:07:17] Redndı: False
2025-06-22 02:07:18,831 - map_video - DEBUG - [mapping_recorder.main:115] - [02:07:18] Redndı: False
2025-06-22 02:07:19,833 - map_video - DEBUG - [mapping_recorder.main:115] - [02:07:19] Redndı: False
2025-06-22 02:07:20,833 - map_video - DEBUG - [mapping_recorder.main:115] - [02:07:20] Redndı: False
2025-06-22 02:07:21,835 - map_video - DEBUG - [mapping_recorder.main:115] - [02:07:21] Redndı: False
2025-06-22 02:07:22,837 - map_video - DEBUG - [mapping_recorder.main:115] - [02:07:22] Redndı: False
2025-06-22 02:07:23,839 - map_video - DEBUG - [mapping_recorder.main:115] - [02:07:23] Redndı: False
2025-06-22 02:07:24,841 - map_video - DEBUG - [mapping_recorder.main:115] - [02:07:24] Redndı: False
2025-06-22 02:07:25,843 - map_video - DEBUG - [mapping_recorder.main:115] - [02:07:25] Redndı: False
2025-06-22 02:07:26,845 - map_video - DEBUG - [mapping_recorder.main:115] - [02:07:26] Redndı: False
2025-06-22 02:07:27,847 - map_video - DEBUG - [mapping_recorder.main:115] - [02:07:27] Redndı: False
2025-06-22 02:07:28,848 - map_video - DEBUG - [mapping_recorder.main:115] - [02:07:28] Redndı: False
2025-06-22 02:07:29,849 - map_video - DEBUG - [mapping_recorder.main:115] - [02:07:29] Redndı: False
2025-06-22 02:07:30,851 - map_video - DEBUG - [mapping_recorder.main:115] - [02:07:30] Redndı: False
2025-06-22 02:07:31,853 - map_video - DEBUG - [mapping_recorder.main:115] - [02:07:31] Redndı: False
2025-06-22 02:07:32,855 - map_video - DEBUG - [mapping_recorder.main:115] - [02:07:32] Redndı: False
2025-06-22 02:07:33,857 - map_video - DEBUG - [mapping_recorder.main:115] - [02:07:33] Redndı: False
2025-06-22 02:07:34,859 - map_video - DEBUG - [mapping_recorder.main:115] - [02:07:34] Redndı: False
2025-06-22 02:07:35,860 - map_video - DEBUG - [mapping_recorder.main:115] - [02:07:35] Redndı: False
2025-06-22 02:07:36,861 - map_video - DEBUG - [mapping_recorder.main:115] - [02:07:36] Redndı: False
2025-06-22 02:07:37,863 - map_video - DEBUG - [mapping_recorder.main:115] - [02:07:37] Redndı: False
2025-06-22 02:07:38,865 - map_video - DEBUG - [mapping_recorder.main:115] - [02:07:38] Redndı: False
2025-06-22 02:07:39,867 - map_video - DEBUG - [mapping_recorder.main:115] - [02:07:39] Redndı: False
2025-06-22 02:07:40,869 - map_video - DEBUG - [mapping_recorder.main:115] - [02:07:40] Redndı: False
2025-06-22 02:07:41,871 - map_video - DEBUG - [mapping_recorder.main:115] - [02:07:41] Redndı: False
2025-06-22 02:07:42,873 - map_video - DEBUG - [mapping_recorder.main:115] - [02:07:42] Redndı: False
2025-06-22 02:07:43,873 - map_video - DEBUG - [mapping_recorder.main:115] - [02:07:43] Redndı: False
2025-06-22 02:07:44,875 - map_video - DEBUG - [mapping_recorder.main:115] - [02:07:44] Redndı: False
2025-06-22 02:07:45,877 - map_video - DEBUG - [mapping_recorder.main:115] - [02:07:45] Redndı: False
2025-06-22 02:07:46,879 - map_video - DEBUG - [mapping_recorder.main:115] - [02:07:46] Redndı: False
2025-06-22 02:07:47,881 - map_video - DEBUG - [mapping_recorder.main:115] - [02:07:47] Redndı: False
2025-06-22 02:07:48,883 - map_video - DEBUG - [mapping_recorder.main:115] - [02:07:48] Redndı: False
2025-06-22 02:07:49,884 - map_video - DEBUG - [mapping_recorder.main:115] - [02:07:49] Redndı: False
2025-06-22 02:07:50,885 - map_video - DEBUG - [mapping_recorder.main:115] - [02:07:50] Redndı: False
2025-06-22 02:07:51,887 - map_video - DEBUG - [mapping_recorder.main:115] - [02:07:51] Redndı: False
2025-06-22 02:07:52,889 - map_video - DEBUG - [mapping_recorder.main:115] - [02:07:52] Redndı: False
2025-06-22 02:07:53,891 - map_video - DEBUG - [mapping_recorder.main:115] - [02:07:53] Redndı: False
2025-06-22 02:07:54,892 - map_video - DEBUG - [mapping_recorder.main:115] - [02:07:54] Redndı: False
2025-06-22 02:07:55,893 - map_video - DEBUG - [mapping_recorder.main:115] - [02:07:55] Redndı: False
2025-06-22 02:07:56,894 - map_video - DEBUG - [mapping_recorder.main:115] - [02:07:56] Redndı: False
2025-06-22 02:07:57,896 - map_video - DEBUG - [mapping_recorder.main:115] - [02:07:57] Redndı: False
2025-06-22 02:07:58,897 - map_video - DEBUG - [mapping_recorder.main:115] - [02:07:58] Redndı: False
2025-06-22 02:07:59,899 - map_video - DEBUG - [mapping_recorder.main:115] - [02:07:59] Redndı: False
2025-06-22 02:08:00,901 - map_video - DEBUG - [mapping_recorder.main:115] - [02:08:00] Redndı: False
2025-06-22 02:08:01,903 - map_video - DEBUG - [mapping_recorder.main:115] - [02:08:01] Redndı: False
2025-06-22 02:08:02,905 - map_video - DEBUG - [mapping_recorder.main:115] - [02:08:02] Redndı: False
2025-06-22 02:08:03,907 - map_video - DEBUG - [mapping_recorder.main:115] - [02:08:03] Redndı: False
2025-06-22 02:08:04,908 - map_video - DEBUG - [mapping_recorder.main:115] - [02:08:04] Redndı: False
2025-06-22 02:08:05,909 - map_video - DEBUG - [mapping_recorder.main:115] - [02:08:05] Redndı: False
2025-06-22 02:08:06,911 - map_video - DEBUG - [mapping_recorder.main:115] - [02:08:06] Redndı: False
2025-06-22 02:08:07,913 - map_video - DEBUG - [mapping_recorder.main:115] - [02:08:07] Redndı: False
2025-06-22 02:08:08,915 - map_video - DEBUG - [mapping_recorder.main:115] - [02:08:08] Redndı: False
2025-06-22 02:08:09,917 - map_video - DEBUG - [mapping_recorder.main:115] - [02:08:09] Redndı: False
2025-06-22 02:08:10,919 - map_video - DEBUG - [mapping_recorder.main:115] - [02:08:10] Redndı: False
2025-06-22 02:08:11,920 - map_video - DEBUG - [mapping_recorder.main:115] - [02:08:11] Redndı: False
2025-06-22 02:08:12,922 - map_video - DEBUG - [mapping_recorder.main:115] - [02:08:12] Redndı: False
2025-06-22 02:08:13,924 - map_video - DEBUG - [mapping_recorder.main:115] - [02:08:13] Redndı: False
2025-06-22 02:08:14,925 - map_video - DEBUG - [mapping_recorder.main:115] - [02:08:14] Redndı: False
2025-06-22 02:08:15,927 - map_video - DEBUG - [mapping_recorder.main:115] - [02:08:15] Redndı: False
2025-06-22 02:08:16,929 - map_video - DEBUG - [mapping_recorder.main:115] - [02:08:16] Redndı: False
2025-06-22 02:08:17,931 - map_video - DEBUG - [mapping_recorder.main:115] - [02:08:17] Redndı: False
2025-06-22 02:08:18,933 - map_video - DEBUG - [mapping_recorder.main:115] - [02:08:18] Redndı: False
2025-06-22 02:08:19,935 - map_video - DEBUG - [mapping_recorder.main:115] - [02:08:19] Redndı: False
2025-06-22 02:08:20,936 - map_video - DEBUG - [mapping_recorder.main:115] - [02:08:20] Redndı: False
2025-06-22 02:08:21,937 - map_video - DEBUG - [mapping_recorder.main:115] - [02:08:21] Redndı: False
2025-06-22 02:08:22,939 - map_video - DEBUG - [mapping_recorder.main:115] - [02:08:22] Redndı: False
2025-06-22 02:08:23,941 - map_video - DEBUG - [mapping_recorder.main:115] - [02:08:23] Redndı: False
2025-06-22 02:08:24,943 - map_video - DEBUG - [mapping_recorder.main:115] - [02:08:24] Redndı: False
2025-06-22 02:08:25,945 - map_video - DEBUG - [mapping_recorder.main:115] - [02:08:25] Redndı: False
2025-06-22 02:08:26,947 - map_video - DEBUG - [mapping_recorder.main:115] - [02:08:26] Redndı: False
2025-06-22 02:08:27,948 - map_video - DEBUG - [mapping_recorder.main:115] - [02:08:27] Redndı: False
2025-06-22 02:08:28,949 - map_video - DEBUG - [mapping_recorder.main:115] - [02:08:28] Redndı: False
2025-06-22 02:08:29,951 - map_video - DEBUG - [mapping_recorder.main:115] - [02:08:29] Redndı: False
2025-06-22 02:08:30,953 - map_video - DEBUG - [mapping_recorder.main:115] - [02:08:30] Redndı: False
2025-06-22 02:08:31,955 - map_video - DEBUG - [mapping_recorder.main:115] - [02:08:31] Redndı: False
2025-06-22 02:08:32,957 - map_video - DEBUG - [mapping_recorder.main:115] - [02:08:32] Redndı: False
2025-06-22 02:08:33,958 - map_video - DEBUG - [mapping_recorder.main:115] - [02:08:33] Redndı: False
2025-06-22 02:08:34,960 - map_video - DEBUG - [mapping_recorder.main:115] - [02:08:34] Redndı: False
2025-06-22 02:08:35,961 - map_video - DEBUG - [mapping_recorder.main:115] - [02:08:35] Redndı: False
2025-06-22 02:08:36,963 - map_video - DEBUG - [mapping_recorder.main:115] - [02:08:36] Redndı: False
2025-06-22 02:08:37,965 - map_video - DEBUG - [mapping_recorder.main:115] - [02:08:37] Redndı: False
2025-06-22 02:08:38,967 - map_video - DEBUG - [mapping_recorder.main:115] - [02:08:38] Redndı: False
2025-06-22 02:08:39,969 - map_video - DEBUG - [mapping_recorder.main:115] - [02:08:39] Redndı: False
2025-06-22 02:08:40,970 - map_video - DEBUG - [mapping_recorder.main:115] - [02:08:40] Redndı: False
2025-06-22 02:08:41,972 - map_video - DEBUG - [mapping_recorder.main:115] - [02:08:41] Redndı: False
2025-06-22 02:08:42,973 - map_video - DEBUG - [mapping_recorder.main:115] - [02:08:42] Redndı: False
2025-06-22 02:08:43,974 - map_video - DEBUG - [mapping_recorder.main:115] - [02:08:43] Redndı: False
2025-06-22 02:08:44,976 - map_video - DEBUG - [mapping_recorder.main:115] - [02:08:44] Redndı: False
2025-06-22 02:08:45,977 - map_video - DEBUG - [mapping_recorder.main:115] - [02:08:45] Redndı: False
2025-06-22 02:08:46,979 - map_video - DEBUG - [mapping_recorder.main:115] - [02:08:46] Redndı: False
2025-06-22 02:08:47,981 - map_video - DEBUG - [mapping_recorder.main:115] - [02:08:47] Redndı: False
2025-06-22 02:08:48,983 - map_video - DEBUG - [mapping_recorder.main:115] - [02:08:48] Redndı: False
2025-06-22 02:08:49,985 - map_video - DEBUG - [mapping_recorder.main:115] - [02:08:49] Redndı: False
2025-06-22 02:08:50,986 - map_video - DEBUG - [mapping_recorder.main:115] - [02:08:50] Redndı: False
2025-06-22 02:08:51,988 - map_video - DEBUG - [mapping_recorder.main:115] - [02:08:51] Redndı: False
2025-06-22 02:08:52,989 - map_video - DEBUG - [mapping_recorder.main:115] - [02:08:52] Redndı: False
2025-06-22 02:08:53,991 - map_video - DEBUG - [mapping_recorder.main:115] - [02:08:53] Redndı: False
2025-06-22 02:08:54,993 - map_video - DEBUG - [mapping_recorder.main:115] - [02:08:54] Redndı: False
2025-06-22 02:08:55,995 - map_video - DEBUG - [mapping_recorder.main:115] - [02:08:55] Redndı: False
2025-06-22 02:08:56,997 - map_video - DEBUG - [mapping_recorder.main:115] - [02:08:56] Redndı: False
2025-06-22 02:08:57,999 - map_video - DEBUG - [mapping_recorder.main:115] - [02:08:57] Redndı: False
2025-06-22 02:08:59,000 - map_video - DEBUG - [mapping_recorder.main:115] - [02:08:59] Redndı: False
2025-06-22 02:09:00,001 - map_video - DEBUG - [mapping_recorder.main:115] - [02:09:00] Redndı: False
2025-06-22 02:09:01,003 - map_video - DEBUG - [mapping_recorder.main:115] - [02:09:01] Redndı: False
2025-06-22 02:09:02,005 - map_video - DEBUG - [mapping_recorder.main:115] - [02:09:02] Redndı: False
2025-06-22 02:09:03,007 - map_video - DEBUG - [mapping_recorder.main:115] - [02:09:03] Redndı: False
2025-06-22 02:09:04,008 - map_video - DEBUG - [mapping_recorder.main:115] - [02:09:04] Redndı: False
2025-06-22 02:09:05,009 - map_video - DEBUG - [mapping_recorder.main:115] - [02:09:05] Redndı: False
2025-06-22 02:09:06,011 - map_video - DEBUG - [mapping_recorder.main:115] - [02:09:06] Redndı: False
2025-06-22 02:09:07,012 - map_video - DEBUG - [mapping_recorder.main:115] - [02:09:07] Redndı: False
2025-06-22 02:09:08,013 - map_video - DEBUG - [mapping_recorder.main:115] - [02:09:08] Redndı: False
2025-06-22 02:09:09,015 - map_video - DEBUG - [mapping_recorder.main:115] - [02:09:09] Redndı: False
2025-06-22 02:09:10,017 - map_video - DEBUG - [mapping_recorder.main:115] - [02:09:10] Redndı: False
2025-06-22 02:09:11,019 - map_video - DEBUG - [mapping_recorder.main:115] - [02:09:11] Redndı: False
2025-06-22 02:09:12,021 - map_video - DEBUG - [mapping_recorder.main:115] - [02:09:12] Redndı: False
2025-06-22 02:09:13,023 - map_video - DEBUG - [mapping_recorder.main:115] - [02:09:13] Redndı: False
2025-06-22 02:09:14,024 - map_video - DEBUG - [mapping_recorder.main:115] - [02:09:14] Redndı: False
2025-06-22 02:09:15,025 - map_video - DEBUG - [mapping_recorder.main:115] - [02:09:15] Redndı: False
2025-06-22 02:09:16,027 - map_video - DEBUG - [mapping_recorder.main:115] - [02:09:16] Redndı: False
2025-06-22 02:09:17,029 - map_video - DEBUG - [mapping_recorder.main:115] - [02:09:17] Redndı: False
2025-06-22 02:09:18,031 - map_video - DEBUG - [mapping_recorder.main:115] - [02:09:18] Redndı: False
2025-06-22 02:09:19,033 - map_video - DEBUG - [mapping_recorder.main:115] - [02:09:19] Redndı: False
2025-06-22 02:09:20,034 - map_video - DEBUG - [mapping_recorder.main:115] - [02:09:20] Redndı: False
2025-06-22 02:09:21,036 - map_video - DEBUG - [mapping_recorder.main:115] - [02:09:21] Redndı: False
2025-06-22 02:09:22,037 - map_video - DEBUG - [mapping_recorder.main:115] - [02:09:22] Redndı: False
2025-06-22 02:09:23,039 - map_video - DEBUG - [mapping_recorder.main:115] - [02:09:23] Redndı: False
2025-06-22 02:09:24,041 - map_video - DEBUG - [mapping_recorder.main:115] - [02:09:24] Redndı: False
2025-06-22 02:09:25,043 - map_video - DEBUG - [mapping_recorder.main:115] - [02:09:25] Redndı: False
2025-06-22 02:09:26,045 - map_video - DEBUG - [mapping_recorder.main:115] - [02:09:26] Redndı: False
2025-06-22 02:09:27,047 - map_video - DEBUG - [mapping_recorder.main:115] - [02:09:27] Redndı: False
2025-06-22 02:09:28,049 - map_video - DEBUG - [mapping_recorder.main:115] - [02:09:28] Redndı: False
2025-06-22 02:09:29,050 - map_video - DEBUG - [mapping_recorder.main:115] - [02:09:29] Redndı: False
2025-06-22 02:09:30,052 - map_video - DEBUG - [mapping_recorder.main:115] - [02:09:30] Redndı: False
2025-06-22 02:09:31,053 - map_video - DEBUG - [mapping_recorder.main:115] - [02:09:31] Redndı: False
2025-06-22 02:09:32,055 - map_video - DEBUG - [mapping_recorder.main:115] - [02:09:32] Redndı: False
2025-06-22 02:09:33,057 - map_video - DEBUG - [mapping_recorder.main:115] - [02:09:33] Redndı: False
2025-06-22 02:09:34,059 - map_video - DEBUG - [mapping_recorder.main:115] - [02:09:34] Redndı: False
2025-06-22 02:09:35,061 - map_video - DEBUG - [mapping_recorder.main:115] - [02:09:35] Redndı: False
2025-06-22 02:09:36,061 - map_video - DEBUG - [mapping_recorder.main:115] - [02:09:36] Redndı: False
2025-06-22 02:09:37,063 - map_video - DEBUG - [mapping_recorder.main:115] - [02:09:37] Redndı: False
2025-06-22 02:09:38,065 - map_video - DEBUG - [mapping_recorder.main:115] - [02:09:38] Redndı: False
2025-06-22 02:09:39,067 - map_video - DEBUG - [mapping_recorder.main:115] - [02:09:39] Redndı: False
2025-06-22 02:09:40,069 - map_video - DEBUG - [mapping_recorder.main:115] - [02:09:40] Redndı: False
2025-06-22 02:09:41,070 - map_video - DEBUG - [mapping_recorder.main:115] - [02:09:41] Redndı: False
2025-06-22 02:09:42,072 - map_video - DEBUG - [mapping_recorder.main:115] - [02:09:42] Redndı: False
2025-06-22 02:09:43,073 - map_video - DEBUG - [mapping_recorder.main:115] - [02:09:43] Redndı: False
2025-06-22 02:09:44,075 - map_video - DEBUG - [mapping_recorder.main:115] - [02:09:44] Redndı: False
2025-06-22 02:09:45,077 - map_video - DEBUG - [mapping_recorder.main:115] - [02:09:45] Redndı: False
2025-06-22 02:09:46,079 - map_video - DEBUG - [mapping_recorder.main:115] - [02:09:46] Redndı: False
2025-06-22 02:09:47,081 - map_video - DEBUG - [mapping_recorder.main:115] - [02:09:47] Redndı: False
2025-06-22 02:09:48,083 - map_video - DEBUG - [mapping_recorder.main:115] - [02:09:48] Redndı: False
2025-06-22 02:09:49,084 - map_video - DEBUG - [mapping_recorder.main:115] - [02:09:49] Redndı: False
2025-06-22 02:09:50,085 - map_video - DEBUG - [mapping_recorder.main:115] - [02:09:50] Redndı: False
2025-06-22 02:09:51,087 - map_video - DEBUG - [mapping_recorder.main:115] - [02:09:51] Redndı: False
2025-06-22 02:09:52,089 - map_video - DEBUG - [mapping_recorder.main:115] - [02:09:52] Redndı: False
2025-06-22 02:09:53,091 - map_video - DEBUG - [mapping_recorder.main:115] - [02:09:53] Redndı: False
2025-06-22 02:09:54,093 - map_video - DEBUG - [mapping_recorder.main:115] - [02:09:54] Redndı: False
2025-06-22 02:09:55,095 - map_video - DEBUG - [mapping_recorder.main:115] - [02:09:55] Redndı: False
2025-06-22 02:09:56,096 - map_video - DEBUG - [mapping_recorder.main:115] - [02:09:56] Redndı: False
2025-06-22 02:09:57,097 - map_video - DEBUG - [mapping_recorder.main:115] - [02:09:57] Redndı: False
2025-06-22 02:09:58,099 - map_video - DEBUG - [mapping_recorder.main:115] - [02:09:58] Redndı: False
2025-06-22 02:09:59,101 - map_video - DEBUG - [mapping_recorder.main:115] - [02:09:59] Redndı: False
2025-06-22 02:10:00,103 - map_video - DEBUG - [mapping_recorder.main:115] - [02:10:00] Redndı: False
2025-06-22 02:10:01,105 - map_video - DEBUG - [mapping_recorder.main:115] - [02:10:01] Redndı: False
2025-06-22 02:10:02,106 - map_video - DEBUG - [mapping_recorder.main:115] - [02:10:02] Redndı: False
2025-06-22 02:10:03,108 - map_video - DEBUG - [mapping_recorder.main:115] - [02:10:03] Redndı: False
2025-06-22 02:10:04,109 - map_video - DEBUG - [mapping_recorder.main:115] - [02:10:04] Redndı: False
2025-06-22 02:10:05,111 - map_video - DEBUG - [mapping_recorder.main:115] - [02:10:05] Redndı: False
2025-06-22 02:10:06,113 - map_video - DEBUG - [mapping_recorder.main:115] - [02:10:06] Redndı: False
2025-06-22 02:10:07,115 - map_video - DEBUG - [mapping_recorder.main:115] - [02:10:07] Redndı: False
2025-06-22 02:10:08,117 - map_video - DEBUG - [mapping_recorder.main:115] - [02:10:08] Redndı: False
2025-06-22 02:10:09,119 - map_video - DEBUG - [mapping_recorder.main:115] - [02:10:09] Redndı: False
2025-06-22 02:10:10,120 - map_video - DEBUG - [mapping_recorder.main:115] - [02:10:10] Redndı: False
2025-06-22 02:10:11,121 - map_video - DEBUG - [mapping_recorder.main:115] - [02:10:11] Redndı: False
2025-06-22 02:10:12,123 - map_video - DEBUG - [mapping_recorder.main:115] - [02:10:12] Redndı: False
2025-06-22 02:10:13,124 - map_video - DEBUG - [mapping_recorder.main:115] - [02:10:13] Redndı: False
2025-06-22 02:10:14,125 - map_video - DEBUG - [mapping_recorder.main:115] - [02:10:14] Redndı: False
2025-06-22 02:10:15,127 - map_video - DEBUG - [mapping_recorder.main:115] - [02:10:15] Redndı: False
2025-06-22 02:10:16,129 - map_video - DEBUG - [mapping_recorder.main:115] - [02:10:16] Redndı: False
2025-06-22 02:10:17,131 - map_video - DEBUG - [mapping_recorder.main:115] - [02:10:17] Redndı: False
2025-06-22 02:10:18,133 - map_video - DEBUG - [mapping_recorder.main:115] - [02:10:18] Redndı: False
2025-06-22 02:10:19,135 - map_video - DEBUG - [mapping_recorder.main:115] - [02:10:19] Redndı: False
2025-06-22 02:10:20,136 - map_video - DEBUG - [mapping_recorder.main:115] - [02:10:20] Redndı: False
2025-06-22 02:10:21,137 - map_video - DEBUG - [mapping_recorder.main:115] - [02:10:21] Redndı: False
2025-06-22 02:10:22,139 - map_video - DEBUG - [mapping_recorder.main:115] - [02:10:22] Redndı: False
2025-06-22 02:10:23,141 - map_video - DEBUG - [mapping_recorder.main:115] - [02:10:23] Redndı: False
2025-06-22 02:10:24,143 - map_video - DEBUG - [mapping_recorder.main:115] - [02:10:24] Redndı: False
2025-06-22 02:10:25,145 - map_video - DEBUG - [mapping_recorder.main:115] - [02:10:25] Redndı: False
2025-06-22 02:10:26,147 - map_video - DEBUG - [mapping_recorder.main:115] - [02:10:26] Redndı: False
2025-06-22 02:10:27,149 - map_video - DEBUG - [mapping_recorder.main:115] - [02:10:27] Redndı: False
2025-06-22 02:10:28,151 - map_video - DEBUG - [mapping_recorder.main:115] - [02:10:28] Redndı: False
2025-06-22 02:10:29,152 - map_video - DEBUG - [mapping_recorder.main:115] - [02:10:29] Redndı: False
2025-06-22 02:10:30,154 - map_video - DEBUG - [mapping_recorder.main:115] - [02:10:30] Redndı: False
2025-06-22 02:10:31,156 - map_video - DEBUG - [mapping_recorder.main:115] - [02:10:31] Redndı: False
2025-06-22 02:10:32,157 - map_video - DEBUG - [mapping_recorder.main:115] - [02:10:32] Redndı: False
2025-06-22 02:10:33,159 - map_video - DEBUG - [mapping_recorder.main:115] - [02:10:33] Redndı: False
2025-06-22 02:10:34,161 - map_video - DEBUG - [mapping_recorder.main:115] - [02:10:34] Redndı: False
2025-06-22 02:10:35,163 - map_video - DEBUG - [mapping_recorder.main:115] - [02:10:35] Redndı: False
2025-06-22 02:10:36,165 - map_video - DEBUG - [mapping_recorder.main:115] - [02:10:36] Redndı: False
2025-06-22 02:10:37,167 - map_video - DEBUG - [mapping_recorder.main:115] - [02:10:37] Redndı: False
2025-06-22 02:10:38,168 - map_video - DEBUG - [mapping_recorder.main:115] - [02:10:38] Redndı: False
2025-06-22 02:10:39,169 - map_video - DEBUG - [mapping_recorder.main:115] - [02:10:39] Redndı: False
2025-06-22 02:10:40,171 - map_video - DEBUG - [mapping_recorder.main:115] - [02:10:40] Redndı: False
2025-06-22 02:10:41,173 - map_video - DEBUG - [mapping_recorder.main:115] - [02:10:41] Redndı: False
2025-06-22 02:10:42,175 - map_video - DEBUG - [mapping_recorder.main:115] - [02:10:42] Redndı: False
2025-06-22 02:10:43,177 - map_video - DEBUG - [mapping_recorder.main:115] - [02:10:43] Redndı: False
2025-06-22 02:10:44,178 - map_video - DEBUG - [mapping_recorder.main:115] - [02:10:44] Redndı: False
2025-06-22 02:10:45,180 - map_video - DEBUG - [mapping_recorder.main:115] - [02:10:45] Redndı: False
2025-06-22 02:10:46,181 - map_video - DEBUG - [mapping_recorder.main:115] - [02:10:46] Redndı: False
2025-06-22 02:10:47,183 - map_video - DEBUG - [mapping_recorder.main:115] - [02:10:47] Redndı: False
2025-06-22 02:10:48,185 - map_video - DEBUG - [mapping_recorder.main:115] - [02:10:48] Redndı: False
2025-06-22 02:10:49,187 - map_video - DEBUG - [mapping_recorder.main:115] - [02:10:49] Redndı: False
2025-06-22 02:10:50,189 - map_video - DEBUG - [mapping_recorder.main:115] - [02:10:50] Redndı: False
2025-06-22 02:10:51,191 - map_video - DEBUG - [mapping_recorder.main:115] - [02:10:51] Redndı: False
2025-06-22 02:10:52,192 - map_video - DEBUG - [mapping_recorder.main:115] - [02:10:52] Redndı: False
2025-06-22 02:10:53,193 - map_video - DEBUG - [mapping_recorder.main:115] - [02:10:53] Redndı: False
2025-06-22 02:10:54,195 - map_video - DEBUG - [mapping_recorder.main:115] - [02:10:54] Redndı: False
2025-06-22 02:10:55,197 - map_video - DEBUG - [mapping_recorder.main:115] - [02:10:55] Redndı: False
2025-06-22 02:10:56,199 - map_video - DEBUG - [mapping_recorder.main:115] - [02:10:56] Redndı: False
2025-06-22 02:10:57,201 - map_video - DEBUG - [mapping_recorder.main:115] - [02:10:57] Redndı: False
2025-06-22 02:10:58,203 - map_video - DEBUG - [mapping_recorder.main:115] - [02:10:58] Redndı: False
2025-06-22 02:10:59,204 - map_video - DEBUG - [mapping_recorder.main:115] - [02:10:59] Redndı: False
2025-06-22 02:11:00,205 - map_video - DEBUG - [mapping_recorder.main:115] - [02:11:00] Redndı: False
2025-06-22 02:11:01,207 - map_video - DEBUG - [mapping_recorder.main:115] - [02:11:01] Redndı: False
2025-06-22 02:11:02,209 - map_video - DEBUG - [mapping_recorder.main:115] - [02:11:02] Redndı: False
2025-06-22 02:11:03,211 - map_video - DEBUG - [mapping_recorder.main:115] - [02:11:03] Redndı: False
2025-06-22 02:11:04,213 - map_video - DEBUG - [mapping_recorder.main:115] - [02:11:04] Redndı: False
2025-06-22 02:11:05,215 - map_video - DEBUG - [mapping_recorder.main:115] - [02:11:05] Redndı: False
2025-06-22 02:11:06,216 - map_video - DEBUG - [mapping_recorder.main:115] - [02:11:06] Redndı: False
2025-06-22 02:11:07,217 - map_video - DEBUG - [mapping_recorder.main:115] - [02:11:07] Redndı: False
2025-06-22 02:11:08,219 - map_video - DEBUG - [mapping_recorder.main:115] - [02:11:08] Redndı: False
2025-06-22 02:11:09,221 - map_video - DEBUG - [mapping_recorder.main:115] - [02:11:09] Redndı: False
2025-06-22 02:11:10,223 - map_video - DEBUG - [mapping_recorder.main:115] - [02:11:10] Redndı: False
2025-06-22 02:11:11,225 - map_video - DEBUG - [mapping_recorder.main:115] - [02:11:11] Redndı: False
2025-06-22 02:11:12,227 - map_video - DEBUG - [mapping_recorder.main:115] - [02:11:12] Redndı: False
2025-06-22 02:11:13,228 - map_video - DEBUG - [mapping_recorder.main:115] - [02:11:13] Redndı: False
2025-06-22 02:11:14,229 - map_video - DEBUG - [mapping_recorder.main:115] - [02:11:14] Redndı: False
2025-06-22 02:11:15,231 - map_video - DEBUG - [mapping_recorder.main:115] - [02:11:15] Redndı: False
2025-06-22 02:11:16,233 - map_video - DEBUG - [mapping_recorder.main:115] - [02:11:16] Redndı: False
2025-06-22 02:11:17,235 - map_video - DEBUG - [mapping_recorder.main:115] - [02:11:17] Redndı: False
2025-06-22 02:11:18,237 - map_video - DEBUG - [mapping_recorder.main:115] - [02:11:18] Redndı: False
2025-06-22 02:11:19,238 - map_video - DEBUG - [mapping_recorder.main:115] - [02:11:19] Redndı: False
2025-06-22 02:11:20,240 - map_video - DEBUG - [mapping_recorder.main:115] - [02:11:20] Redndı: False
2025-06-22 02:11:21,241 - map_video - DEBUG - [mapping_recorder.main:115] - [02:11:21] Redndı: False
2025-06-22 02:11:22,243 - map_video - DEBUG - [mapping_recorder.main:115] - [02:11:22] Redndı: False
2025-06-22 02:11:23,245 - map_video - DEBUG - [mapping_recorder.main:115] - [02:11:23] Redndı: False
2025-06-22 02:11:24,247 - map_video - DEBUG - [mapping_recorder.main:115] - [02:11:24] Redndı: False
2025-06-22 02:11:25,249 - map_video - DEBUG - [mapping_recorder.main:115] - [02:11:25] Redndı: False
2025-06-22 02:11:26,251 - map_video - DEBUG - [mapping_recorder.main:115] - [02:11:26] Redndı: False
2025-06-22 02:11:27,253 - map_video - DEBUG - [mapping_recorder.main:115] - [02:11:27] Redndı: False
2025-06-22 02:11:28,255 - map_video - DEBUG - [mapping_recorder.main:115] - [02:11:28] Redndı: False
2025-06-22 02:11:29,256 - map_video - DEBUG - [mapping_recorder.main:115] - [02:11:29] Redndı: False
2025-06-22 02:11:30,257 - map_video - DEBUG - [mapping_recorder.main:115] - [02:11:30] Redndı: False
2025-06-22 02:11:31,259 - map_video - DEBUG - [mapping_recorder.main:115] - [02:11:31] Redndı: False
2025-06-22 02:11:32,261 - map_video - DEBUG - [mapping_recorder.main:115] - [02:11:32] Redndı: False
2025-06-22 02:11:33,268 - map_video - DEBUG - [mapping_recorder.main:115] - [02:11:33] Redndı: False
2025-06-22 02:11:34,270 - map_video - DEBUG - [mapping_recorder.main:115] - [02:11:34] Redndı: False
2025-06-22 02:11:35,271 - map_video - DEBUG - [mapping_recorder.main:115] - [02:11:35] Redndı: False
2025-06-22 02:11:36,273 - map_video - DEBUG - [mapping_recorder.main:115] - [02:11:36] Redndı: False
2025-06-22 02:11:37,275 - map_video - DEBUG - [mapping_recorder.main:115] - [02:11:37] Redndı: False
2025-06-22 02:11:38,281 - map_video - DEBUG - [mapping_recorder.main:115] - [02:11:38] Redndı: False
2025-06-22 02:11:39,283 - map_video - DEBUG - [mapping_recorder.main:115] - [02:11:39] Redndı: False
2025-06-22 02:11:40,285 - map_video - DEBUG - [mapping_recorder.main:115] - [02:11:40] Redndı: False
2025-06-22 02:11:41,287 - map_video - DEBUG - [mapping_recorder.main:115] - [02:11:41] Redndı: False
2025-06-22 02:11:42,288 - map_video - DEBUG - [mapping_recorder.main:115] - [02:11:42] Redndı: False
2025-06-22 02:11:43,289 - map_video - DEBUG - [mapping_recorder.main:115] - [02:11:43] Redndı: False
2025-06-22 02:11:44,291 - map_video - DEBUG - [mapping_recorder.main:115] - [02:11:44] Redndı: False
2025-06-22 02:11:45,293 - map_video - DEBUG - [mapping_recorder.main:115] - [02:11:45] Redndı: False
2025-06-22 02:11:46,295 - map_video - DEBUG - [mapping_recorder.main:115] - [02:11:46] Redndı: False
2025-06-22 02:11:47,297 - map_video - DEBUG - [mapping_recorder.main:115] - [02:11:47] Redndı: False
2025-06-22 02:11:48,299 - map_video - DEBUG - [mapping_recorder.main:115] - [02:11:48] Redndı: False
2025-06-22 02:11:49,300 - map_video - DEBUG - [mapping_recorder.main:115] - [02:11:49] Redndı: False
2025-06-22 02:11:50,301 - map_video - DEBUG - [mapping_recorder.main:115] - [02:11:50] Redndı: False
2025-06-22 02:11:51,305 - map_video - DEBUG - [mapping_recorder.main:115] - [02:11:51] Redndı: False
2025-06-22 02:11:52,307 - map_video - DEBUG - [mapping_recorder.main:115] - [02:11:52] Redndı: False
2025-06-22 02:11:53,341 - map_video - DEBUG - [mapping_recorder.main:115] - [02:11:53] Redndı: False
2025-06-22 02:11:54,343 - map_video - DEBUG - [mapping_recorder.main:115] - [02:11:54] Redndı: False
2025-06-22 02:11:55,345 - map_video - DEBUG - [mapping_recorder.main:115] - [02:11:55] Redndı: False
2025-06-22 02:11:56,347 - map_video - DEBUG - [mapping_recorder.main:115] - [02:11:56] Redndı: False
2025-06-22 02:11:57,349 - map_video - DEBUG - [mapping_recorder.main:115] - [02:11:57] Redndı: False
2025-06-22 02:11:58,351 - map_video - DEBUG - [mapping_recorder.main:115] - [02:11:58] Redndı: False
2025-06-22 02:11:59,353 - map_video - DEBUG - [mapping_recorder.main:115] - [02:11:59] Redndı: False
2025-06-22 02:12:00,355 - map_video - DEBUG - [mapping_recorder.main:115] - [02:12:00] Redndı: False
2025-06-22 02:12:01,356 - map_video - DEBUG - [mapping_recorder.main:115] - [02:12:01] Redndı: False
2025-06-22 02:12:02,358 - map_video - DEBUG - [mapping_recorder.main:115] - [02:12:02] Redndı: False
2025-06-22 02:12:03,360 - map_video - DEBUG - [mapping_recorder.main:115] - [02:12:03] Redndı: False
2025-06-22 02:12:04,361 - map_video - DEBUG - [mapping_recorder.main:115] - [02:12:04] Redndı: False
2025-06-22 02:12:05,363 - map_video - DEBUG - [mapping_recorder.main:115] - [02:12:05] Redndı: False
2025-06-22 02:12:06,365 - map_video - DEBUG - [mapping_recorder.main:115] - [02:12:06] Redndı: False
2025-06-22 02:12:07,367 - map_video - DEBUG - [mapping_recorder.main:115] - [02:12:07] Redndı: False
2025-06-22 02:12:08,373 - map_video - DEBUG - [mapping_recorder.main:115] - [02:12:08] Redndı: False
2025-06-22 02:12:09,375 - map_video - DEBUG - [mapping_recorder.main:115] - [02:12:09] Redndı: False
2025-06-22 02:12:10,376 - map_video - DEBUG - [mapping_recorder.main:115] - [02:12:10] Redndı: False
2025-06-22 02:12:11,377 - map_video - DEBUG - [mapping_recorder.main:115] - [02:12:11] Redndı: False
2025-06-22 02:12:12,379 - map_video - DEBUG - [mapping_recorder.main:115] - [02:12:12] Redndı: False
2025-06-22 02:12:13,388 - map_video - DEBUG - [mapping_recorder.main:115] - [02:12:13] Redndı: False
2025-06-22 02:12:14,389 - map_video - DEBUG - [mapping_recorder.main:115] - [02:12:14] Redndı: False
2025-06-22 02:12:15,391 - map_video - DEBUG - [mapping_recorder.main:115] - [02:12:15] Redndı: False
2025-06-22 02:12:16,394 - map_video - DEBUG - [mapping_recorder.main:115] - [02:12:16] Redndı: False
2025-06-22 02:12:17,395 - map_video - DEBUG - [mapping_recorder.main:115] - [02:12:17] Redndı: False
2025-06-22 02:12:18,402 - map_video - DEBUG - [mapping_recorder.main:115] - [02:12:18] Redndı: False
2025-06-22 02:12:19,404 - map_video - DEBUG - [mapping_recorder.main:115] - [02:12:19] Redndı: False
2025-06-22 02:12:20,405 - map_video - DEBUG - [mapping_recorder.main:115] - [02:12:20] Redndı: False
2025-06-22 02:12:21,407 - map_video - DEBUG - [mapping_recorder.main:115] - [02:12:21] Redndı: False
2025-06-22 02:12:22,409 - map_video - DEBUG - [mapping_recorder.main:115] - [02:12:22] Redndı: False
2025-06-22 02:12:23,410 - map_video - DEBUG - [mapping_recorder.main:115] - [02:12:23] Redndı: False
2025-06-22 02:12:24,412 - map_video - DEBUG - [mapping_recorder.main:115] - [02:12:24] Redndı: False
2025-06-22 02:12:25,413 - map_video - DEBUG - [mapping_recorder.main:115] - [02:12:25] Redndı: False
2025-06-22 02:12:26,415 - map_video - DEBUG - [mapping_recorder.main:115] - [02:12:26] Redndı: False
2025-06-22 02:12:27,417 - map_video - DEBUG - [mapping_recorder.main:115] - [02:12:27] Redndı: False
2025-06-22 02:12:28,419 - map_video - DEBUG - [mapping_recorder.main:115] - [02:12:28] Redndı: False
2025-06-22 02:12:29,421 - map_video - DEBUG - [mapping_recorder.main:115] - [02:12:29] Redndı: False
2025-06-22 02:12:30,423 - map_video - DEBUG - [mapping_recorder.main:115] - [02:12:30] Redndı: False
2025-06-22 02:12:31,425 - map_video - DEBUG - [mapping_recorder.main:115] - [02:12:31] Redndı: False
2025-06-22 02:12:32,425 - map_video - DEBUG - [mapping_recorder.main:115] - [02:12:32] Redndı: False
2025-06-22 02:12:33,427 - map_video - DEBUG - [mapping_recorder.main:115] - [02:12:33] Redndı: False
2025-06-22 02:12:34,429 - map_video - DEBUG - [mapping_recorder.main:115] - [02:12:34] Redndı: False
2025-06-22 02:12:35,431 - map_video - DEBUG - [mapping_recorder.main:115] - [02:12:35] Redndı: False
2025-06-22 02:12:36,433 - map_video - DEBUG - [mapping_recorder.main:115] - [02:12:36] Redndı: False
2025-06-22 02:12:37,434 - map_video - DEBUG - [mapping_recorder.main:115] - [02:12:37] Redndı: False
2025-06-22 02:12:38,461 - map_video - DEBUG - [mapping_recorder.main:115] - [02:12:38] Redndı: False
2025-06-22 02:12:39,463 - map_video - DEBUG - [mapping_recorder.main:115] - [02:12:39] Redndı: False
2025-06-22 02:12:40,465 - map_video - DEBUG - [mapping_recorder.main:115] - [02:12:40] Redndı: False
2025-06-22 02:12:41,467 - map_video - DEBUG - [mapping_recorder.main:115] - [02:12:41] Redndı: False
2025-06-22 02:12:42,469 - map_video - DEBUG - [mapping_recorder.main:115] - [02:12:42] Redndı: False
2025-06-22 02:12:43,476 - map_video - DEBUG - [mapping_recorder.main:115] - [02:12:43] Redndı: False
2025-06-22 02:12:44,477 - map_video - DEBUG - [mapping_recorder.main:115] - [02:12:44] Redndı: False
2025-06-22 02:12:45,479 - map_video - DEBUG - [mapping_recorder.main:115] - [02:12:45] Redndı: False
2025-06-22 02:12:46,481 - map_video - DEBUG - [mapping_recorder.main:115] - [02:12:46] Redndı: False
2025-06-22 02:12:47,483 - map_video - DEBUG - [mapping_recorder.main:115] - [02:12:47] Redndı: False
2025-06-22 02:12:48,485 - map_video - DEBUG - [mapping_recorder.main:115] - [02:12:48] Redndı: False
2025-06-22 02:12:49,485 - map_video - DEBUG - [mapping_recorder.main:115] - [02:12:49] Redndı: False
2025-06-22 02:12:50,487 - map_video - DEBUG - [mapping_recorder.main:115] - [02:12:50] Redndı: False
2025-06-22 02:12:51,489 - map_video - DEBUG - [mapping_recorder.main:115] - [02:12:51] Redndı: False
2025-06-22 02:12:52,491 - map_video - DEBUG - [mapping_recorder.main:115] - [02:12:52] Redndı: False
2025-06-22 02:12:53,493 - map_video - DEBUG - [mapping_recorder.main:115] - [02:12:53] Redndı: False
2025-06-22 02:12:54,495 - map_video - DEBUG - [mapping_recorder.main:115] - [02:12:54] Redndı: False
2025-06-22 02:12:55,496 - map_video - DEBUG - [mapping_recorder.main:115] - [02:12:55] Redndı: False
2025-06-22 02:12:56,498 - map_video - DEBUG - [mapping_recorder.main:115] - [02:12:56] Redndı: False
2025-06-22 02:12:57,500 - map_video - DEBUG - [mapping_recorder.main:115] - [02:12:57] Redndı: False
2025-06-22 02:12:58,501 - map_video - DEBUG - [mapping_recorder.main:115] - [02:12:58] Redndı: False
2025-06-22 02:12:59,503 - map_video - DEBUG - [mapping_recorder.main:115] - [02:12:59] Redndı: False
2025-06-22 02:13:00,505 - map_video - DEBUG - [mapping_recorder.main:115] - [02:13:00] Redndı: False
2025-06-22 02:13:01,507 - map_video - DEBUG - [mapping_recorder.main:115] - [02:13:01] Redndı: False
2025-06-22 02:13:02,509 - map_video - DEBUG - [mapping_recorder.main:115] - [02:13:02] Redndı: False
2025-06-22 02:13:03,511 - map_video - DEBUG - [mapping_recorder.main:115] - [02:13:03] Redndı: False
2025-06-22 02:13:04,512 - map_video - DEBUG - [mapping_recorder.main:115] - [02:13:04] Redndı: False
2025-06-22 02:13:05,513 - map_video - DEBUG - [mapping_recorder.main:115] - [02:13:05] Redndı: False
2025-06-22 02:13:06,515 - map_video - DEBUG - [mapping_recorder.main:115] - [02:13:06] Redndı: False
2025-06-22 02:13:07,517 - map_video - DEBUG - [mapping_recorder.main:115] - [02:13:07] Redndı: False
2025-06-22 02:13:08,519 - map_video - DEBUG - [mapping_recorder.main:115] - [02:13:08] Redndı: False
2025-06-22 02:13:09,521 - map_video - DEBUG - [mapping_recorder.main:115] - [02:13:09] Redndı: False
2025-06-22 02:13:10,521 - map_video - DEBUG - [mapping_recorder.main:115] - [02:13:10] Redndı: False
2025-06-22 02:13:11,523 - map_video - DEBUG - [mapping_recorder.main:115] - [02:13:11] Redndı: False
2025-06-22 02:13:12,525 - map_video - DEBUG - [mapping_recorder.main:115] - [02:13:12] Redndı: False
2025-06-22 02:13:13,527 - map_video - DEBUG - [mapping_recorder.main:115] - [02:13:13] Redndı: False
2025-06-22 02:13:14,529 - map_video - DEBUG - [mapping_recorder.main:115] - [02:13:14] Redndı: False
2025-06-22 02:13:15,530 - map_video - DEBUG - [mapping_recorder.main:115] - [02:13:15] Redndı: False
2025-06-22 02:13:16,532 - map_video - DEBUG - [mapping_recorder.main:115] - [02:13:16] Redndı: False
2025-06-22 02:13:17,533 - map_video - DEBUG - [mapping_recorder.main:115] - [02:13:17] Redndı: False
2025-06-22 02:13:18,535 - map_video - DEBUG - [mapping_recorder.main:115] - [02:13:18] Redndı: False
2025-06-22 02:13:19,537 - map_video - DEBUG - [mapping_recorder.main:115] - [02:13:19] Redndı: False
2025-06-22 02:13:20,539 - map_video - DEBUG - [mapping_recorder.main:115] - [02:13:20] Redndı: False
2025-06-22 02:13:21,541 - map_video - DEBUG - [mapping_recorder.main:115] - [02:13:21] Redndı: False
2025-06-22 02:13:22,542 - map_video - DEBUG - [mapping_recorder.main:115] - [02:13:22] Redndı: False
2025-06-22 02:13:23,543 - map_video - DEBUG - [mapping_recorder.main:115] - [02:13:23] Redndı: False
2025-06-22 02:13:24,545 - map_video - DEBUG - [mapping_recorder.main:115] - [02:13:24] Redndı: False
2025-06-22 02:13:25,547 - map_video - DEBUG - [mapping_recorder.main:115] - [02:13:25] Redndı: False
2025-06-22 02:13:26,549 - map_video - DEBUG - [mapping_recorder.main:115] - [02:13:26] Redndı: False
2025-06-22 02:13:27,551 - map_video - DEBUG - [mapping_recorder.main:115] - [02:13:27] Redndı: False
2025-06-22 02:13:28,552 - map_video - DEBUG - [mapping_recorder.main:115] - [02:13:28] Redndı: False
2025-06-22 02:13:29,553 - map_video - DEBUG - [mapping_recorder.main:115] - [02:13:29] Redndı: False
2025-06-22 02:13:30,555 - map_video - DEBUG - [mapping_recorder.main:115] - [02:13:30] Redndı: False
2025-06-22 02:13:31,557 - map_video - DEBUG - [mapping_recorder.main:115] - [02:13:31] Redndı: False
2025-06-22 02:13:32,559 - map_video - DEBUG - [mapping_recorder.main:115] - [02:13:32] Redndı: False
2025-06-22 02:13:33,561 - map_video - DEBUG - [mapping_recorder.main:115] - [02:13:33] Redndı: False
2025-06-22 02:13:34,563 - map_video - DEBUG - [mapping_recorder.main:115] - [02:13:34] Redndı: False
2025-06-22 02:13:35,564 - map_video - DEBUG - [mapping_recorder.main:115] - [02:13:35] Redndı: False
2025-06-22 02:13:36,565 - map_video - DEBUG - [mapping_recorder.main:115] - [02:13:36] Redndı: False
2025-06-22 02:13:37,567 - map_video - DEBUG - [mapping_recorder.main:115] - [02:13:37] Redndı: False
2025-06-22 02:13:38,569 - map_video - DEBUG - [mapping_recorder.main:115] - [02:13:38] Redndı: False
2025-06-22 02:13:39,571 - map_video - DEBUG - [mapping_recorder.main:115] - [02:13:39] Redndı: False
2025-06-22 02:13:40,573 - map_video - DEBUG - [mapping_recorder.main:115] - [02:13:40] Redndı: False
2025-06-22 02:13:41,573 - map_video - DEBUG - [mapping_recorder.main:115] - [02:13:41] Redndı: False
2025-06-22 02:13:42,575 - map_video - DEBUG - [mapping_recorder.main:115] - [02:13:42] Redndı: False
2025-06-22 02:13:43,577 - map_video - DEBUG - [mapping_recorder.main:115] - [02:13:43] Redndı: False
2025-06-22 02:13:44,579 - map_video - DEBUG - [mapping_recorder.main:115] - [02:13:44] Redndı: False
2025-06-22 02:13:45,581 - map_video - DEBUG - [mapping_recorder.main:115] - [02:13:45] Redndı: False
2025-06-22 02:13:46,583 - map_video - DEBUG - [mapping_recorder.main:115] - [02:13:46] Redndı: False
2025-06-22 02:13:47,584 - map_video - DEBUG - [mapping_recorder.main:115] - [02:13:47] Redndı: False
2025-06-22 02:13:48,585 - map_video - DEBUG - [mapping_recorder.main:115] - [02:13:48] Redndı: False
2025-06-22 02:13:49,587 - map_video - DEBUG - [mapping_recorder.main:115] - [02:13:49] Redndı: False
2025-06-22 02:13:50,589 - map_video - DEBUG - [mapping_recorder.main:115] - [02:13:50] Redndı: False
2025-06-22 02:13:51,591 - map_video - DEBUG - [mapping_recorder.main:115] - [02:13:51] Redndı: False
2025-06-22 02:13:52,593 - map_video - DEBUG - [mapping_recorder.main:115] - [02:13:52] Redndı: False
2025-06-22 02:13:53,594 - map_video - DEBUG - [mapping_recorder.main:115] - [02:13:53] Redndı: False
2025-06-22 02:13:54,596 - map_video - DEBUG - [mapping_recorder.main:115] - [02:13:54] Redndı: False
2025-06-22 02:13:55,598 - map_video - DEBUG - [mapping_recorder.main:115] - [02:13:55] Redndı: False
2025-06-22 02:13:56,600 - map_video - DEBUG - [mapping_recorder.main:115] - [02:13:56] Redndı: False
2025-06-22 02:13:57,601 - map_video - DEBUG - [mapping_recorder.main:115] - [02:13:57] Redndı: False
2025-06-22 02:13:58,603 - map_video - DEBUG - [mapping_recorder.main:115] - [02:13:58] Redndı: False
2025-06-22 02:13:59,605 - map_video - DEBUG - [mapping_recorder.main:115] - [02:13:59] Redndı: False
2025-06-22 02:14:00,607 - map_video - DEBUG - [mapping_recorder.main:115] - [02:14:00] Redndı: False
2025-06-22 02:14:01,609 - map_video - DEBUG - [mapping_recorder.main:115] - [02:14:01] Redndı: False
2025-06-22 02:14:02,610 - map_video - DEBUG - [mapping_recorder.main:115] - [02:14:02] Redndı: False
2025-06-22 02:14:03,612 - map_video - DEBUG - [mapping_recorder.main:115] - [02:14:03] Redndı: False
2025-06-22 02:14:04,613 - map_video - DEBUG - [mapping_recorder.main:115] - [02:14:04] Redndı: False
2025-06-22 02:14:05,615 - map_video - DEBUG - [mapping_recorder.main:115] - [02:14:05] Redndı: False
2025-06-22 02:14:06,617 - map_video - DEBUG - [mapping_recorder.main:115] - [02:14:06] Redndı: False
2025-06-22 02:14:07,619 - map_video - DEBUG - [mapping_recorder.main:115] - [02:14:07] Redndı: False
2025-06-22 02:14:08,621 - map_video - DEBUG - [mapping_recorder.main:115] - [02:14:08] Redndı: False
2025-06-22 02:14:09,623 - map_video - DEBUG - [mapping_recorder.main:115] - [02:14:09] Redndı: False
2025-06-22 02:14:10,625 - map_video - DEBUG - [mapping_recorder.main:115] - [02:14:10] Redndı: False
2025-06-22 02:14:11,627 - map_video - DEBUG - [mapping_recorder.main:115] - [02:14:11] Redndı: False
2025-06-22 02:14:12,628 - map_video - DEBUG - [mapping_recorder.main:115] - [02:14:12] Redndı: False
2025-06-22 02:14:13,629 - map_video - DEBUG - [mapping_recorder.main:115] - [02:14:13] Redndı: False
2025-06-22 02:14:14,631 - map_video - DEBUG - [mapping_recorder.main:115] - [02:14:14] Redndı: False
2025-06-22 02:14:15,633 - map_video - DEBUG - [mapping_recorder.main:115] - [02:14:15] Redndı: False
2025-06-22 02:14:16,635 - map_video - DEBUG - [mapping_recorder.main:115] - [02:14:16] Redndı: False
2025-06-22 02:14:17,637 - map_video - DEBUG - [mapping_recorder.main:115] - [02:14:17] Redndı: False
2025-06-22 02:14:18,639 - map_video - DEBUG - [mapping_recorder.main:115] - [02:14:18] Redndı: False
2025-06-22 02:14:19,640 - map_video - DEBUG - [mapping_recorder.main:115] - [02:14:19] Redndı: False
2025-06-22 02:14:20,641 - map_video - DEBUG - [mapping_recorder.main:115] - [02:14:20] Redndı: False
2025-06-22 02:14:21,643 - map_video - DEBUG - [mapping_recorder.main:115] - [02:14:21] Redndı: False
2025-06-22 02:14:22,645 - map_video - DEBUG - [mapping_recorder.main:115] - [02:14:22] Redndı: False
2025-06-22 02:14:23,647 - map_video - DEBUG - [mapping_recorder.main:115] - [02:14:23] Redndı: False
2025-06-22 02:14:24,649 - map_video - DEBUG - [mapping_recorder.main:115] - [02:14:24] Redndı: False
2025-06-22 02:14:25,651 - map_video - DEBUG - [mapping_recorder.main:115] - [02:14:25] Redndı: False
2025-06-22 02:14:26,653 - map_video - DEBUG - [mapping_recorder.main:115] - [02:14:26] Redndı: False
2025-06-22 02:14:27,654 - map_video - DEBUG - [mapping_recorder.main:115] - [02:14:27] Redndı: False
2025-06-22 02:14:28,656 - map_video - DEBUG - [mapping_recorder.main:115] - [02:14:28] Redndı: False
2025-06-22 02:14:29,658 - map_video - DEBUG - [mapping_recorder.main:115] - [02:14:29] Redndı: False
2025-06-22 02:14:30,659 - map_video - DEBUG - [mapping_recorder.main:115] - [02:14:30] Redndı: False
2025-06-22 02:14:31,661 - map_video - DEBUG - [mapping_recorder.main:115] - [02:14:31] Redndı: False
2025-06-22 02:14:32,663 - map_video - DEBUG - [mapping_recorder.main:115] - [02:14:32] Redndı: False
2025-06-22 02:14:33,665 - map_video - DEBUG - [mapping_recorder.main:115] - [02:14:33] Redndı: False
2025-06-22 02:14:34,667 - map_video - DEBUG - [mapping_recorder.main:115] - [02:14:34] Redndı: False
2025-06-22 02:14:35,669 - map_video - DEBUG - [mapping_recorder.main:115] - [02:14:35] Redndı: False
2025-06-22 02:14:36,669 - map_video - DEBUG - [mapping_recorder.main:115] - [02:14:36] Redndı: False
2025-06-22 02:14:37,671 - map_video - DEBUG - [mapping_recorder.main:115] - [02:14:37] Redndı: False
2025-06-22 02:14:38,673 - map_video - DEBUG - [mapping_recorder.main:115] - [02:14:38] Redndı: False
2025-06-22 02:14:39,675 - map_video - DEBUG - [mapping_recorder.main:115] - [02:14:39] Redndı: False
2025-06-22 02:14:40,677 - map_video - DEBUG - [mapping_recorder.main:115] - [02:14:40] Redndı: False
2025-06-22 02:14:41,679 - map_video - DEBUG - [mapping_recorder.main:115] - [02:14:41] Redndı: False
2025-06-22 02:14:42,680 - map_video - DEBUG - [mapping_recorder.main:115] - [02:14:42] Redndı: False
2025-06-22 02:14:43,681 - map_video - DEBUG - [mapping_recorder.main:115] - [02:14:43] Redndı: False
2025-06-22 02:14:44,683 - map_video - DEBUG - [mapping_recorder.main:115] - [02:14:44] Redndı: False
2025-06-22 02:14:45,685 - map_video - DEBUG - [mapping_recorder.main:115] - [02:14:45] Redndı: False
2025-06-22 02:14:46,687 - map_video - DEBUG - [mapping_recorder.main:115] - [02:14:46] Redndı: False
2025-06-22 02:14:47,689 - map_video - DEBUG - [mapping_recorder.main:115] - [02:14:47] Redndı: False
2025-06-22 02:14:48,691 - map_video - DEBUG - [mapping_recorder.main:115] - [02:14:48] Redndı: False
2025-06-22 02:14:49,692 - map_video - DEBUG - [mapping_recorder.main:115] - [02:14:49] Redndı: False
2025-06-22 02:14:50,694 - map_video - DEBUG - [mapping_recorder.main:115] - [02:14:50] Redndı: False
2025-06-22 02:14:51,696 - map_video - DEBUG - [mapping_recorder.main:115] - [02:14:51] Redndı: False
2025-06-22 02:14:52,698 - map_video - DEBUG - [mapping_recorder.main:115] - [02:14:52] Redndı: False
2025-06-22 02:14:53,700 - map_video - DEBUG - [mapping_recorder.main:115] - [02:14:53] Redndı: False
2025-06-22 02:14:54,701 - map_video - DEBUG - [mapping_recorder.main:115] - [02:14:54] Redndı: False
2025-06-22 02:14:55,703 - map_video - DEBUG - [mapping_recorder.main:115] - [02:14:55] Redndı: False
2025-06-22 02:14:56,705 - map_video - DEBUG - [mapping_recorder.main:115] - [02:14:56] Redndı: False
2025-06-22 02:14:57,707 - map_video - DEBUG - [mapping_recorder.main:115] - [02:14:57] Redndı: False
2025-06-22 02:14:58,709 - map_video - DEBUG - [mapping_recorder.main:115] - [02:14:58] Redndı: False
2025-06-22 02:14:59,711 - map_video - DEBUG - [mapping_recorder.main:115] - [02:14:59] Redndı: False
2025-06-22 02:15:00,712 - map_video - DEBUG - [mapping_recorder.main:115] - [02:15:00] Redndı: False
2025-06-22 02:15:01,713 - map_video - DEBUG - [mapping_recorder.main:115] - [02:15:01] Redndı: False
2025-06-22 02:15:02,715 - map_video - DEBUG - [mapping_recorder.main:115] - [02:15:02] Redndı: False
2025-06-22 02:15:03,717 - map_video - DEBUG - [mapping_recorder.main:115] - [02:15:03] Redndı: False
2025-06-22 02:15:04,719 - map_video - DEBUG - [mapping_recorder.main:115] - [02:15:04] Redndı: False
2025-06-22 02:15:05,721 - map_video - DEBUG - [mapping_recorder.main:115] - [02:15:05] Redndı: False
2025-06-22 02:15:06,723 - map_video - DEBUG - [mapping_recorder.main:115] - [02:15:06] Redndı: False
2025-06-22 02:15:07,724 - map_video - DEBUG - [mapping_recorder.main:115] - [02:15:07] Redndı: False
2025-06-22 02:15:08,725 - map_video - DEBUG - [mapping_recorder.main:115] - [02:15:08] Redndı: False
2025-06-22 02:15:09,727 - map_video - DEBUG - [mapping_recorder.main:115] - [02:15:09] Redndı: False
2025-06-22 02:15:10,729 - map_video - DEBUG - [mapping_recorder.main:115] - [02:15:10] Redndı: False
2025-06-22 02:15:11,731 - map_video - DEBUG - [mapping_recorder.main:115] - [02:15:11] Redndı: False
2025-06-22 02:15:12,733 - map_video - DEBUG - [mapping_recorder.main:115] - [02:15:12] Redndı: False
2025-06-22 02:15:13,735 - map_video - DEBUG - [mapping_recorder.main:115] - [02:15:13] Redndı: False
2025-06-22 02:15:14,736 - map_video - DEBUG - [mapping_recorder.main:115] - [02:15:14] Redndı: False
2025-06-22 02:15:15,738 - map_video - DEBUG - [mapping_recorder.main:115] - [02:15:15] Redndı: False
2025-06-22 02:15:16,740 - map_video - DEBUG - [mapping_recorder.main:115] - [02:15:16] Redndı: False
2025-06-22 02:15:17,741 - map_video - DEBUG - [mapping_recorder.main:115] - [02:15:17] Redndı: False
2025-06-22 02:15:18,743 - map_video - DEBUG - [mapping_recorder.main:115] - [02:15:18] Redndı: False
2025-06-22 02:15:19,745 - map_video - DEBUG - [mapping_recorder.main:115] - [02:15:19] Redndı: False
2025-06-22 02:15:20,747 - map_video - DEBUG - [mapping_recorder.main:115] - [02:15:20] Redndı: False
2025-06-22 02:15:21,749 - map_video - DEBUG - [mapping_recorder.main:115] - [02:15:21] Redndı: False
2025-06-22 02:15:22,750 - map_video - DEBUG - [mapping_recorder.main:115] - [02:15:22] Redndı: False
2025-06-22 02:15:23,752 - map_video - DEBUG - [mapping_recorder.main:115] - [02:15:23] Redndı: False
2025-06-22 02:15:24,753 - map_video - DEBUG - [mapping_recorder.main:115] - [02:15:24] Redndı: False
2025-06-22 02:15:25,755 - map_video - DEBUG - [mapping_recorder.main:115] - [02:15:25] Redndı: False
2025-06-22 02:15:26,757 - map_video - DEBUG - [mapping_recorder.main:115] - [02:15:26] Redndı: False
2025-06-22 02:15:27,759 - map_video - DEBUG - [mapping_recorder.main:115] - [02:15:27] Redndı: False
2025-06-22 02:15:28,761 - map_video - DEBUG - [mapping_recorder.main:115] - [02:15:28] Redndı: False
2025-06-22 02:15:29,762 - map_video - DEBUG - [mapping_recorder.main:115] - [02:15:29] Redndı: False
2025-06-22 02:15:30,764 - map_video - DEBUG - [mapping_recorder.main:115] - [02:15:30] Redndı: False
2025-06-22 02:15:31,765 - map_video - DEBUG - [mapping_recorder.main:115] - [02:15:31] Redndı: False
2025-06-22 02:15:32,767 - map_video - DEBUG - [mapping_recorder.main:115] - [02:15:32] Redndı: False
2025-06-22 02:15:33,769 - map_video - DEBUG - [mapping_recorder.main:115] - [02:15:33] Redndı: False
2025-06-22 02:15:34,771 - map_video - DEBUG - [mapping_recorder.main:115] - [02:15:34] Redndı: False
2025-06-22 02:15:35,773 - map_video - DEBUG - [mapping_recorder.main:115] - [02:15:35] Redndı: False
2025-06-22 02:15:36,775 - map_video - DEBUG - [mapping_recorder.main:115] - [02:15:36] Redndı: False
2025-06-22 02:15:37,776 - map_video - DEBUG - [mapping_recorder.main:115] - [02:15:37] Redndı: False
2025-06-22 02:15:38,777 - map_video - DEBUG - [mapping_recorder.main:115] - [02:15:38] Redndı: False
2025-06-22 02:15:39,779 - map_video - DEBUG - [mapping_recorder.main:115] - [02:15:39] Redndı: False
2025-06-22 02:15:40,781 - map_video - DEBUG - [mapping_recorder.main:115] - [02:15:40] Redndı: False
2025-06-22 02:15:41,783 - map_video - DEBUG - [mapping_recorder.main:115] - [02:15:41] Redndı: False
2025-06-22 02:15:42,785 - map_video - DEBUG - [mapping_recorder.main:115] - [02:15:42] Redndı: False
2025-06-22 02:15:43,787 - map_video - DEBUG - [mapping_recorder.main:115] - [02:15:43] Redndı: False
2025-06-22 02:15:44,788 - map_video - DEBUG - [mapping_recorder.main:115] - [02:15:44] Redndı: False
2025-06-22 02:15:45,789 - map_video - DEBUG - [mapping_recorder.main:115] - [02:15:45] Redndı: False
2025-06-22 02:15:46,791 - map_video - DEBUG - [mapping_recorder.main:115] - [02:15:46] Redndı: False
2025-06-22 02:15:47,793 - map_video - DEBUG - [mapping_recorder.main:115] - [02:15:47] Redndı: False
2025-06-22 02:15:48,795 - map_video - DEBUG - [mapping_recorder.main:115] - [02:15:48] Redndı: False
2025-06-22 02:15:49,797 - map_video - DEBUG - [mapping_recorder.main:115] - [02:15:49] Redndı: False
2025-06-22 02:15:50,799 - map_video - DEBUG - [mapping_recorder.main:115] - [02:15:50] Redndı: False
2025-06-22 02:15:51,801 - map_video - DEBUG - [mapping_recorder.main:115] - [02:15:51] Redndı: False
2025-06-22 02:15:52,801 - map_video - DEBUG - [mapping_recorder.main:115] - [02:15:52] Redndı: False
2025-06-22 02:15:53,803 - map_video - DEBUG - [mapping_recorder.main:115] - [02:15:53] Redndı: False
2025-06-22 02:15:54,805 - map_video - DEBUG - [mapping_recorder.main:115] - [02:15:54] Redndı: False
2025-06-22 02:15:55,807 - map_video - DEBUG - [mapping_recorder.main:115] - [02:15:55] Redndı: False
2025-06-22 02:15:56,809 - map_video - DEBUG - [mapping_recorder.main:115] - [02:15:56] Redndı: False
2025-06-22 02:15:57,811 - map_video - DEBUG - [mapping_recorder.main:115] - [02:15:57] Redndı: False
2025-06-22 02:15:58,812 - map_video - DEBUG - [mapping_recorder.main:115] - [02:15:58] Redndı: False
2025-06-22 02:15:59,814 - map_video - DEBUG - [mapping_recorder.main:115] - [02:15:59] Redndı: False
2025-06-22 02:16:00,815 - map_video - DEBUG - [mapping_recorder.main:115] - [02:16:00] Redndı: False
2025-06-22 02:16:01,817 - map_video - DEBUG - [mapping_recorder.main:115] - [02:16:01] Redndı: False
2025-06-22 02:16:02,819 - map_video - DEBUG - [mapping_recorder.main:115] - [02:16:02] Redndı: False
2025-06-22 02:16:03,821 - map_video - DEBUG - [mapping_recorder.main:115] - [02:16:03] Redndı: False
2025-06-22 02:16:04,823 - map_video - DEBUG - [mapping_recorder.main:115] - [02:16:04] Redndı: False
2025-06-22 02:16:05,824 - map_video - DEBUG - [mapping_recorder.main:115] - [02:16:05] Redndı: False
2025-06-22 02:16:06,826 - map_video - DEBUG - [mapping_recorder.main:115] - [02:16:06] Redndı: False
2025-06-22 02:16:07,828 - map_video - DEBUG - [mapping_recorder.main:115] - [02:16:07] Redndı: False
2025-06-22 02:16:08,829 - map_video - DEBUG - [mapping_recorder.main:115] - [02:16:08] Redndı: False
2025-06-22 02:16:09,831 - map_video - DEBUG - [mapping_recorder.main:115] - [02:16:09] Redndı: False
2025-06-22 02:16:10,833 - map_video - DEBUG - [mapping_recorder.main:115] - [02:16:10] Redndı: False
2025-06-22 02:16:11,835 - map_video - DEBUG - [mapping_recorder.main:115] - [02:16:11] Redndı: False
2025-06-22 02:16:12,837 - map_video - DEBUG - [mapping_recorder.main:115] - [02:16:12] Redndı: False
2025-06-22 02:16:13,839 - map_video - DEBUG - [mapping_recorder.main:115] - [02:16:13] Redndı: False
2025-06-22 02:16:14,840 - map_video - DEBUG - [mapping_recorder.main:115] - [02:16:14] Redndı: False
2025-06-22 02:16:15,841 - map_video - DEBUG - [mapping_recorder.main:115] - [02:16:15] Redndı: False
2025-06-22 02:16:16,843 - map_video - DEBUG - [mapping_recorder.main:115] - [02:16:16] Redndı: False
2025-06-22 02:16:17,845 - map_video - DEBUG - [mapping_recorder.main:115] - [02:16:17] Redndı: False
2025-06-22 02:16:18,847 - map_video - DEBUG - [mapping_recorder.main:115] - [02:16:18] Redndı: False
2025-06-22 02:16:19,849 - map_video - DEBUG - [mapping_recorder.main:115] - [02:16:19] Redndı: False
2025-06-22 02:16:20,851 - map_video - DEBUG - [mapping_recorder.main:115] - [02:16:20] Redndı: False
2025-06-22 02:16:21,852 - map_video - DEBUG - [mapping_recorder.main:115] - [02:16:21] Redndı: False
2025-06-22 02:16:22,853 - map_video - DEBUG - [mapping_recorder.main:115] - [02:16:22] Redndı: False
2025-06-22 02:16:23,855 - map_video - DEBUG - [mapping_recorder.main:115] - [02:16:23] Redndı: False
2025-06-22 02:16:24,857 - map_video - DEBUG - [mapping_recorder.main:115] - [02:16:24] Redndı: False
2025-06-22 02:16:25,859 - map_video - DEBUG - [mapping_recorder.main:115] - [02:16:25] Redndı: False
2025-06-22 02:16:26,861 - map_video - DEBUG - [mapping_recorder.main:115] - [02:16:26] Redndı: False
2025-06-22 02:16:27,862 - map_video - DEBUG - [mapping_recorder.main:115] - [02:16:27] Redndı: False
2025-06-22 02:16:28,864 - map_video - DEBUG - [mapping_recorder.main:115] - [02:16:28] Redndı: False
2025-06-22 02:16:29,865 - map_video - DEBUG - [mapping_recorder.main:115] - [02:16:29] Redndı: False
2025-06-22 02:16:30,867 - map_video - DEBUG - [mapping_recorder.main:115] - [02:16:30] Redndı: False
2025-06-22 02:16:31,869 - map_video - DEBUG - [mapping_recorder.main:115] - [02:16:31] Redndı: False
2025-06-22 02:16:32,871 - map_video - DEBUG - [mapping_recorder.main:115] - [02:16:32] Redndı: False
2025-06-22 02:16:33,873 - map_video - DEBUG - [mapping_recorder.main:115] - [02:16:33] Redndı: False
2025-06-22 02:16:34,875 - map_video - DEBUG - [mapping_recorder.main:115] - [02:16:34] Redndı: False
2025-06-22 02:16:35,876 - map_video - DEBUG - [mapping_recorder.main:115] - [02:16:35] Redndı: False
2025-06-22 02:16:36,877 - map_video - DEBUG - [mapping_recorder.main:115] - [02:16:36] Redndı: False
2025-06-22 02:16:37,879 - map_video - DEBUG - [mapping_recorder.main:115] - [02:16:37] Redndı: False
2025-06-22 02:16:38,881 - map_video - DEBUG - [mapping_recorder.main:115] - [02:16:38] Redndı: False
2025-06-22 02:16:39,883 - map_video - DEBUG - [mapping_recorder.main:115] - [02:16:39] Redndı: False
2025-06-22 02:16:40,885 - map_video - DEBUG - [mapping_recorder.main:115] - [02:16:40] Redndı: False
2025-06-22 02:16:41,887 - map_video - DEBUG - [mapping_recorder.main:115] - [02:16:41] Redndı: False
2025-06-22 02:16:42,888 - map_video - DEBUG - [mapping_recorder.main:115] - [02:16:42] Redndı: False
2025-06-22 02:16:43,889 - map_video - DEBUG - [mapping_recorder.main:115] - [02:16:43] Redndı: False
2025-06-22 02:16:44,891 - map_video - DEBUG - [mapping_recorder.main:115] - [02:16:44] Redndı: False
2025-06-22 02:16:45,893 - map_video - DEBUG - [mapping_recorder.main:115] - [02:16:45] Redndı: False
2025-06-22 02:16:46,895 - map_video - DEBUG - [mapping_recorder.main:115] - [02:16:46] Redndı: False
2025-06-22 02:16:47,897 - map_video - DEBUG - [mapping_recorder.main:115] - [02:16:47] Redndı: False
2025-06-22 02:16:48,899 - map_video - DEBUG - [mapping_recorder.main:115] - [02:16:48] Redndı: False
2025-06-22 02:16:49,900 - map_video - DEBUG - [mapping_recorder.main:115] - [02:16:49] Redndı: False
2025-06-22 02:16:50,901 - map_video - DEBUG - [mapping_recorder.main:115] - [02:16:50] Redndı: False
2025-06-22 02:16:51,903 - map_video - DEBUG - [mapping_recorder.main:115] - [02:16:51] Redndı: False
2025-06-22 02:16:52,905 - map_video - DEBUG - [mapping_recorder.main:115] - [02:16:52] Redndı: False
2025-06-22 02:16:53,907 - map_video - DEBUG - [mapping_recorder.main:115] - [02:16:53] Redndı: False
2025-06-22 02:16:54,909 - map_video - DEBUG - [mapping_recorder.main:115] - [02:16:54] Redndı: False
2025-06-22 02:16:55,911 - map_video - DEBUG - [mapping_recorder.main:115] - [02:16:55] Redndı: False
2025-06-22 02:16:56,912 - map_video - DEBUG - [mapping_recorder.main:115] - [02:16:56] Redndı: False
2025-06-22 02:16:57,914 - map_video - DEBUG - [mapping_recorder.main:115] - [02:16:57] Redndı: False
2025-06-22 02:16:58,916 - map_video - DEBUG - [mapping_recorder.main:115] - [02:16:58] Redndı: False
2025-06-22 02:16:59,917 - map_video - DEBUG - [mapping_recorder.main:115] - [02:16:59] Redndı: False
2025-06-22 02:17:00,919 - map_video - DEBUG - [mapping_recorder.main:115] - [02:17:00] Redndı: False
2025-06-22 02:17:01,921 - map_video - DEBUG - [mapping_recorder.main:115] - [02:17:01] Redndı: False
2025-06-22 02:17:02,923 - map_video - DEBUG - [mapping_recorder.main:115] - [02:17:02] Redndı: False
2025-06-22 02:17:03,925 - map_video - DEBUG - [mapping_recorder.main:115] - [02:17:03] Redndı: False
2025-06-22 02:17:04,926 - map_video - DEBUG - [mapping_recorder.main:115] - [02:17:04] Redndı: False
2025-06-22 02:17:05,928 - map_video - DEBUG - [mapping_recorder.main:115] - [02:17:05] Redndı: False
2025-06-22 02:17:06,929 - map_video - DEBUG - [mapping_recorder.main:115] - [02:17:06] Redndı: False
2025-06-22 02:17:07,931 - map_video - DEBUG - [mapping_recorder.main:115] - [02:17:07] Redndı: False
2025-06-22 02:17:08,933 - map_video - DEBUG - [mapping_recorder.main:115] - [02:17:08] Redndı: False
2025-06-22 02:17:09,935 - map_video - DEBUG - [mapping_recorder.main:115] - [02:17:09] Redndı: False
2025-06-22 02:17:10,937 - map_video - DEBUG - [mapping_recorder.main:115] - [02:17:10] Redndı: False
2025-06-22 02:17:11,939 - map_video - DEBUG - [mapping_recorder.main:115] - [02:17:11] Redndı: False
2025-06-22 02:17:12,940 - map_video - DEBUG - [mapping_recorder.main:115] - [02:17:12] Redndı: False
2025-06-22 02:17:13,941 - map_video - DEBUG - [mapping_recorder.main:115] - [02:17:13] Redndı: False
2025-06-22 02:17:14,943 - map_video - DEBUG - [mapping_recorder.main:115] - [02:17:14] Redndı: False
2025-06-22 02:17:15,945 - map_video - DEBUG - [mapping_recorder.main:115] - [02:17:15] Redndı: False
2025-06-22 02:17:16,947 - map_video - DEBUG - [mapping_recorder.main:115] - [02:17:16] Redndı: False
2025-06-22 02:17:17,949 - map_video - DEBUG - [mapping_recorder.main:115] - [02:17:17] Redndı: False
2025-06-22 02:17:18,950 - map_video - DEBUG - [mapping_recorder.main:115] - [02:17:18] Redndı: False
2025-06-22 02:17:19,952 - map_video - DEBUG - [mapping_recorder.main:115] - [02:17:19] Redndı: False
2025-06-22 02:17:20,953 - map_video - DEBUG - [mapping_recorder.main:115] - [02:17:20] Redndı: False
2025-06-22 02:17:21,955 - map_video - DEBUG - [mapping_recorder.main:115] - [02:17:21] Redndı: False
2025-06-22 02:17:22,957 - map_video - DEBUG - [mapping_recorder.main:115] - [02:17:22] Redndı: False
2025-06-22 02:17:23,959 - map_video - DEBUG - [mapping_recorder.main:115] - [02:17:23] Redndı: False
2025-06-22 02:17:24,961 - map_video - DEBUG - [mapping_recorder.main:115] - [02:17:24] Redndı: False
2025-06-22 02:17:25,963 - map_video - DEBUG - [mapping_recorder.main:115] - [02:17:25] Redndı: False
2025-06-22 02:17:26,964 - map_video - DEBUG - [mapping_recorder.main:115] - [02:17:26] Redndı: False
2025-06-22 02:17:27,965 - map_video - DEBUG - [mapping_recorder.main:115] - [02:17:27] Redndı: False
2025-06-22 02:17:28,967 - map_video - DEBUG - [mapping_recorder.main:115] - [02:17:28] Redndı: False
2025-06-22 02:17:29,969 - map_video - DEBUG - [mapping_recorder.main:115] - [02:17:29] Redndı: False
2025-06-22 02:17:30,971 - map_video - DEBUG - [mapping_recorder.main:115] - [02:17:30] Redndı: False
2025-06-22 02:17:31,973 - map_video - DEBUG - [mapping_recorder.main:115] - [02:17:31] Redndı: False
2025-06-22 02:17:32,975 - map_video - DEBUG - [mapping_recorder.main:115] - [02:17:32] Redndı: False
2025-06-22 02:17:33,976 - map_video - DEBUG - [mapping_recorder.main:115] - [02:17:33] Redndı: False
2025-06-22 02:17:34,977 - map_video - DEBUG - [mapping_recorder.main:115] - [02:17:34] Redndı: False
2025-06-22 02:17:35,979 - map_video - DEBUG - [mapping_recorder.main:115] - [02:17:35] Redndı: False
2025-06-22 02:17:36,981 - map_video - DEBUG - [mapping_recorder.main:115] - [02:17:36] Redndı: False
2025-06-22 02:17:37,983 - map_video - DEBUG - [mapping_recorder.main:115] - [02:17:37] Redndı: False
2025-06-22 02:17:38,985 - map_video - DEBUG - [mapping_recorder.main:115] - [02:17:38] Redndı: False
2025-06-22 02:17:39,986 - map_video - DEBUG - [mapping_recorder.main:115] - [02:17:39] Redndı: False
2025-06-22 02:17:40,988 - map_video - DEBUG - [mapping_recorder.main:115] - [02:17:40] Redndı: False
2025-06-22 02:17:41,990 - map_video - DEBUG - [mapping_recorder.main:115] - [02:17:41] Redndı: False
2025-06-22 02:17:42,992 - map_video - DEBUG - [mapping_recorder.main:115] - [02:17:42] Redndı: False
2025-06-22 02:17:43,994 - map_video - DEBUG - [mapping_recorder.main:115] - [02:17:43] Redndı: False
2025-06-22 02:17:44,996 - map_video - DEBUG - [mapping_recorder.main:115] - [02:17:44] Redndı: False
2025-06-22 02:17:45,997 - map_video - DEBUG - [mapping_recorder.main:115] - [02:17:45] Redndı: False
2025-06-22 02:17:46,999 - map_video - DEBUG - [mapping_recorder.main:115] - [02:17:46] Redndı: False
2025-06-22 02:17:48,001 - map_video - DEBUG - [mapping_recorder.main:115] - [02:17:48] Redndı: False
2025-06-22 02:17:49,003 - map_video - DEBUG - [mapping_recorder.main:115] - [02:17:49] Redndı: False
2025-06-22 02:17:50,005 - map_video - DEBUG - [mapping_recorder.main:115] - [02:17:50] Redndı: False
2025-06-22 02:17:51,005 - map_video - DEBUG - [mapping_recorder.main:115] - [02:17:51] Redndı: False
2025-06-22 02:17:52,007 - map_video - DEBUG - [mapping_recorder.main:115] - [02:17:52] Redndı: False
2025-06-22 02:17:53,009 - map_video - DEBUG - [mapping_recorder.main:115] - [02:17:53] Redndı: False
2025-06-22 02:17:54,011 - map_video - DEBUG - [mapping_recorder.main:115] - [02:17:54] Redndı: False
2025-06-22 02:17:55,013 - map_video - DEBUG - [mapping_recorder.main:115] - [02:17:55] Redndı: False
2025-06-22 02:17:56,015 - map_video - DEBUG - [mapping_recorder.main:115] - [02:17:56] Redndı: False
2025-06-22 02:17:57,016 - map_video - DEBUG - [mapping_recorder.main:115] - [02:17:57] Redndı: False
2025-06-22 02:17:58,017 - map_video - DEBUG - [mapping_recorder.main:115] - [02:17:58] Redndı: False
2025-06-22 02:17:59,019 - map_video - DEBUG - [mapping_recorder.main:115] - [02:17:59] Redndı: False
2025-06-22 02:18:00,021 - map_video - DEBUG - [mapping_recorder.main:115] - [02:18:00] Redndı: False
2025-06-22 02:18:01,023 - map_video - DEBUG - [mapping_recorder.main:115] - [02:18:01] Redndı: False
2025-06-22 02:18:02,024 - map_video - DEBUG - [mapping_recorder.main:115] - [02:18:02] Redndı: False
2025-06-22 02:18:03,025 - map_video - DEBUG - [mapping_recorder.main:115] - [02:18:03] Redndı: False
2025-06-22 02:18:04,027 - map_video - DEBUG - [mapping_recorder.main:115] - [02:18:04] Redndı: False
2025-06-22 02:18:05,029 - map_video - DEBUG - [mapping_recorder.main:115] - [02:18:05] Redndı: False
2025-06-22 02:18:06,031 - map_video - DEBUG - [mapping_recorder.main:115] - [02:18:06] Redndı: False
2025-06-22 02:18:07,033 - map_video - DEBUG - [mapping_recorder.main:115] - [02:18:07] Redndı: False
2025-06-22 02:18:08,034 - map_video - DEBUG - [mapping_recorder.main:115] - [02:18:08] Redndı: False
2025-06-22 02:18:09,036 - map_video - DEBUG - [mapping_recorder.main:115] - [02:18:09] Redndı: False
2025-06-22 02:18:10,038 - map_video - DEBUG - [mapping_recorder.main:115] - [02:18:10] Redndı: False
2025-06-22 02:18:11,039 - map_video - DEBUG - [mapping_recorder.main:115] - [02:18:11] Redndı: False
2025-06-22 02:18:12,041 - map_video - DEBUG - [mapping_recorder.main:115] - [02:18:12] Redndı: False
2025-06-22 02:18:13,043 - map_video - DEBUG - [mapping_recorder.main:115] - [02:18:13] Redndı: False
2025-06-22 02:18:14,045 - map_video - DEBUG - [mapping_recorder.main:115] - [02:18:14] Redndı: False
2025-06-22 02:18:15,045 - map_video - DEBUG - [mapping_recorder.main:115] - [02:18:15] Redndı: False
2025-06-22 02:18:16,047 - map_video - DEBUG - [mapping_recorder.main:115] - [02:18:16] Redndı: False
2025-06-22 02:18:17,049 - map_video - DEBUG - [mapping_recorder.main:115] - [02:18:17] Redndı: False
2025-06-22 02:18:18,051 - map_video - DEBUG - [mapping_recorder.main:115] - [02:18:18] Redndı: False
2025-06-22 02:18:19,053 - map_video - DEBUG - [mapping_recorder.main:115] - [02:18:19] Redndı: False
2025-06-22 02:18:20,055 - map_video - DEBUG - [mapping_recorder.main:115] - [02:18:20] Redndı: False
2025-06-22 02:18:21,057 - map_video - DEBUG - [mapping_recorder.main:115] - [02:18:21] Redndı: False
2025-06-22 02:18:22,058 - map_video - DEBUG - [mapping_recorder.main:115] - [02:18:22] Redndı: False
2025-06-22 02:18:23,060 - map_video - DEBUG - [mapping_recorder.main:115] - [02:18:23] Redndı: False
2025-06-22 02:18:24,061 - map_video - DEBUG - [mapping_recorder.main:115] - [02:18:24] Redndı: False
2025-06-22 02:18:25,063 - map_video - DEBUG - [mapping_recorder.main:115] - [02:18:25] Redndı: False
2025-06-22 02:18:26,065 - map_video - DEBUG - [mapping_recorder.main:115] - [02:18:26] Redndı: False
2025-06-22 02:18:27,066 - map_video - DEBUG - [mapping_recorder.main:115] - [02:18:27] Redndı: False
2025-06-22 02:18:28,068 - map_video - DEBUG - [mapping_recorder.main:115] - [02:18:28] Redndı: False
2025-06-22 02:18:29,069 - map_video - DEBUG - [mapping_recorder.main:115] - [02:18:29] Redndı: False
2025-06-22 02:18:30,071 - map_video - DEBUG - [mapping_recorder.main:115] - [02:18:30] Redndı: False
2025-06-22 02:18:31,073 - map_video - DEBUG - [mapping_recorder.main:115] - [02:18:31] Redndı: False
2025-06-22 02:18:32,074 - map_video - DEBUG - [mapping_recorder.main:115] - [02:18:32] Redndı: False
2025-06-22 02:18:33,076 - map_video - DEBUG - [mapping_recorder.main:115] - [02:18:33] Redndı: False
2025-06-22 02:18:34,077 - map_video - DEBUG - [mapping_recorder.main:115] - [02:18:34] Redndı: False
2025-06-22 02:18:35,079 - map_video - DEBUG - [mapping_recorder.main:115] - [02:18:35] Redndı: False
2025-06-22 02:18:36,081 - map_video - DEBUG - [mapping_recorder.main:115] - [02:18:36] Redndı: False
2025-06-22 02:18:37,081 - map_video - DEBUG - [mapping_recorder.main:115] - [02:18:37] Redndı: False
2025-06-22 02:18:38,083 - map_video - DEBUG - [mapping_recorder.main:115] - [02:18:38] Redndı: False
2025-06-22 02:18:39,085 - map_video - DEBUG - [mapping_recorder.main:115] - [02:18:39] Redndı: False
2025-06-22 02:18:40,086 - map_video - DEBUG - [mapping_recorder.main:115] - [02:18:40] Redndı: False
2025-06-22 02:18:41,087 - map_video - DEBUG - [mapping_recorder.main:115] - [02:18:41] Redndı: False
2025-06-22 02:18:42,089 - map_video - DEBUG - [mapping_recorder.main:115] - [02:18:42] Redndı: False
2025-06-22 02:18:43,091 - map_video - DEBUG - [mapping_recorder.main:115] - [02:18:43] Redndı: False
2025-06-22 02:18:44,092 - map_video - DEBUG - [mapping_recorder.main:115] - [02:18:44] Redndı: False
2025-06-22 02:18:45,093 - map_video - DEBUG - [mapping_recorder.main:115] - [02:18:45] Redndı: False
2025-06-22 02:18:46,095 - map_video - DEBUG - [mapping_recorder.main:115] - [02:18:46] Redndı: False
2025-06-22 02:18:47,097 - map_video - DEBUG - [mapping_recorder.main:115] - [02:18:47] Redndı: False
2025-06-22 02:18:48,098 - map_video - DEBUG - [mapping_recorder.main:115] - [02:18:48] Redndı: False
2025-06-22 02:18:49,100 - map_video - DEBUG - [mapping_recorder.main:115] - [02:18:49] Redndı: False
2025-06-22 02:18:50,101 - map_video - DEBUG - [mapping_recorder.main:115] - [02:18:50] Redndı: False
2025-06-22 02:18:51,103 - map_video - DEBUG - [mapping_recorder.main:115] - [02:18:51] Redndı: False
2025-06-22 02:18:52,105 - map_video - DEBUG - [mapping_recorder.main:115] - [02:18:52] Redndı: False
2025-06-22 02:18:53,105 - map_video - DEBUG - [mapping_recorder.main:115] - [02:18:53] Redndı: False
2025-06-22 02:18:54,107 - map_video - DEBUG - [mapping_recorder.main:115] - [02:18:54] Redndı: False
2025-06-22 02:18:55,109 - map_video - DEBUG - [mapping_recorder.main:115] - [02:18:55] Redndı: False
2025-06-22 02:18:56,109 - map_video - DEBUG - [mapping_recorder.main:115] - [02:18:56] Redndı: False
2025-06-22 02:18:57,111 - map_video - DEBUG - [mapping_recorder.main:115] - [02:18:57] Redndı: False
2025-06-22 02:18:58,113 - map_video - DEBUG - [mapping_recorder.main:115] - [02:18:58] Redndı: False
2025-06-22 02:18:59,113 - map_video - DEBUG - [mapping_recorder.main:115] - [02:18:59] Redndı: False
2025-06-22 02:19:00,115 - map_video - DEBUG - [mapping_recorder.main:115] - [02:19:00] Redndı: False
2025-06-22 02:19:01,117 - map_video - DEBUG - [mapping_recorder.main:115] - [02:19:01] Redndı: False
2025-06-22 02:19:02,117 - map_video - DEBUG - [mapping_recorder.main:115] - [02:19:02] Redndı: False
2025-06-22 02:19:03,119 - map_video - DEBUG - [mapping_recorder.main:115] - [02:19:03] Redndı: False
2025-06-22 02:19:04,121 - map_video - DEBUG - [mapping_recorder.main:115] - [02:19:04] Redndı: False
2025-06-22 02:19:05,122 - map_video - DEBUG - [mapping_recorder.main:115] - [02:19:05] Redndı: False
2025-06-22 02:19:06,124 - map_video - DEBUG - [mapping_recorder.main:115] - [02:19:06] Redndı: False
2025-06-22 02:19:07,125 - map_video - DEBUG - [mapping_recorder.main:115] - [02:19:07] Redndı: False
2025-06-22 02:19:08,127 - map_video - DEBUG - [mapping_recorder.main:115] - [02:19:08] Redndı: False
2025-06-22 02:19:09,129 - map_video - DEBUG - [mapping_recorder.main:115] - [02:19:09] Redndı: False
2025-06-22 02:19:10,130 - map_video - DEBUG - [mapping_recorder.main:115] - [02:19:10] Redndı: False
2025-06-22 02:19:11,132 - map_video - DEBUG - [mapping_recorder.main:115] - [02:19:11] Redndı: False
2025-06-22 02:19:12,133 - map_video - DEBUG - [mapping_recorder.main:115] - [02:19:12] Redndı: False
2025-06-22 02:19:13,135 - map_video - DEBUG - [mapping_recorder.main:115] - [02:19:13] Redndı: False
2025-06-22 02:19:14,137 - map_video - DEBUG - [mapping_recorder.main:115] - [02:19:14] Redndı: False
2025-06-22 02:19:15,160 - map_video - DEBUG - [mapping_recorder.main:115] - [02:19:15] Redndı: False
2025-06-22 02:19:16,161 - map_video - DEBUG - [mapping_recorder.main:115] - [02:19:16] Redndı: False
2025-06-22 02:19:17,163 - map_video - DEBUG - [mapping_recorder.main:115] - [02:19:17] Redndı: False
2025-06-22 02:19:18,165 - map_video - DEBUG - [mapping_recorder.main:115] - [02:19:18] Redndı: False
2025-06-22 02:19:19,167 - map_video - DEBUG - [mapping_recorder.main:115] - [02:19:19] Redndı: False
2025-06-22 02:19:20,175 - map_video - DEBUG - [mapping_recorder.main:115] - [02:19:20] Redndı: False
2025-06-22 02:19:21,177 - map_video - DEBUG - [mapping_recorder.main:115] - [02:19:21] Redndı: False
2025-06-22 02:19:22,178 - map_video - DEBUG - [mapping_recorder.main:115] - [02:19:22] Redndı: False
2025-06-22 02:19:23,179 - map_video - DEBUG - [mapping_recorder.main:115] - [02:19:23] Redndı: False
2025-06-22 02:19:24,181 - map_video - DEBUG - [mapping_recorder.main:115] - [02:19:24] Redndı: False
2025-06-22 02:19:25,189 - map_video - DEBUG - [mapping_recorder.main:115] - [02:19:25] Redndı: False
2025-06-22 02:19:26,191 - map_video - DEBUG - [mapping_recorder.main:115] - [02:19:26] Redndı: False
2025-06-22 02:19:27,193 - map_video - DEBUG - [mapping_recorder.main:115] - [02:19:27] Redndı: False
2025-06-22 02:19:28,195 - map_video - DEBUG - [mapping_recorder.main:115] - [02:19:28] Redndı: False
2025-06-22 02:19:29,197 - map_video - DEBUG - [mapping_recorder.main:115] - [02:19:29] Redndı: False
2025-06-22 02:19:30,199 - map_video - DEBUG - [mapping_recorder.main:115] - [02:19:30] Redndı: False
2025-06-22 02:19:31,209 - map_video - DEBUG - [mapping_recorder.main:115] - [02:19:31] Redndı: False
2025-06-22 02:19:32,211 - map_video - DEBUG - [mapping_recorder.main:115] - [02:19:32] Redndı: False
2025-06-22 02:19:33,213 - map_video - DEBUG - [mapping_recorder.main:115] - [02:19:33] Redndı: False
2025-06-22 02:19:34,215 - map_video - DEBUG - [mapping_recorder.main:115] - [02:19:34] Redndı: False
2025-06-22 02:19:35,217 - map_video - DEBUG - [mapping_recorder.main:115] - [02:19:35] Redndı: False
2025-06-22 02:19:36,223 - map_video - DEBUG - [mapping_recorder.main:115] - [02:19:36] Redndı: False
2025-06-22 02:19:37,225 - map_video - DEBUG - [mapping_recorder.main:115] - [02:19:37] Redndı: False
2025-06-22 02:19:38,227 - map_video - DEBUG - [mapping_recorder.main:115] - [02:19:38] Redndı: False
2025-06-22 02:19:39,228 - map_video - DEBUG - [mapping_recorder.main:115] - [02:19:39] Redndı: False
2025-06-22 02:19:40,229 - map_video - DEBUG - [mapping_recorder.main:115] - [02:19:40] Redndı: False
2025-06-22 02:19:41,231 - map_video - DEBUG - [mapping_recorder.main:115] - [02:19:41] Redndı: False
2025-06-22 02:19:42,233 - map_video - DEBUG - [mapping_recorder.main:115] - [02:19:42] Redndı: False
2025-06-22 02:19:43,235 - map_video - DEBUG - [mapping_recorder.main:115] - [02:19:43] Redndı: False
2025-06-22 02:19:44,237 - map_video - DEBUG - [mapping_recorder.main:115] - [02:19:44] Redndı: False
2025-06-22 02:19:45,238 - map_video - DEBUG - [mapping_recorder.main:115] - [02:19:45] Redndı: False
2025-06-22 02:19:46,239 - map_video - DEBUG - [mapping_recorder.main:115] - [02:19:46] Redndı: False
2025-06-22 02:19:47,241 - map_video - DEBUG - [mapping_recorder.main:115] - [02:19:47] Redndı: False
2025-06-22 02:19:48,243 - map_video - DEBUG - [mapping_recorder.main:115] - [02:19:48] Redndı: False
2025-06-22 02:19:49,245 - map_video - DEBUG - [mapping_recorder.main:115] - [02:19:49] Redndı: False
2025-06-22 02:19:50,247 - map_video - DEBUG - [mapping_recorder.main:115] - [02:19:50] Redndı: False
2025-06-22 02:19:51,249 - map_video - DEBUG - [mapping_recorder.main:115] - [02:19:51] Redndı: False
2025-06-22 02:19:52,250 - map_video - DEBUG - [mapping_recorder.main:115] - [02:19:52] Redndı: False
2025-06-22 02:19:53,252 - map_video - DEBUG - [mapping_recorder.main:115] - [02:19:53] Redndı: False
2025-06-22 02:19:54,254 - map_video - DEBUG - [mapping_recorder.main:115] - [02:19:54] Redndı: False
2025-06-22 02:19:55,256 - map_video - DEBUG - [mapping_recorder.main:115] - [02:19:55] Redndı: False
2025-06-22 02:19:56,257 - map_video - DEBUG - [mapping_recorder.main:115] - [02:19:56] Redndı: False
2025-06-22 02:19:57,259 - map_video - DEBUG - [mapping_recorder.main:115] - [02:19:57] Redndı: False
2025-06-22 02:19:58,260 - map_video - DEBUG - [mapping_recorder.main:115] - [02:19:58] Redndı: False
2025-06-22 02:19:59,261 - map_video - DEBUG - [mapping_recorder.main:115] - [02:19:59] Redndı: False
2025-06-22 02:20:00,263 - map_video - DEBUG - [mapping_recorder.main:115] - [02:20:00] Redndı: False
2025-06-22 02:20:01,265 - map_video - DEBUG - [mapping_recorder.main:115] - [02:20:01] Redndı: False
2025-06-22 02:20:02,267 - map_video - DEBUG - [mapping_recorder.main:115] - [02:20:02] Redndı: False
2025-06-22 02:20:03,269 - map_video - DEBUG - [mapping_recorder.main:115] - [02:20:03] Redndı: False
2025-06-22 02:20:04,269 - map_video - DEBUG - [mapping_recorder.main:115] - [02:20:04] Redndı: False
2025-06-22 02:20:05,271 - map_video - DEBUG - [mapping_recorder.main:115] - [02:20:05] Redndı: False
2025-06-22 02:20:06,273 - map_video - DEBUG - [mapping_recorder.main:115] - [02:20:06] Redndı: False
2025-06-22 02:20:07,274 - map_video - DEBUG - [mapping_recorder.main:115] - [02:20:07] Redndı: False
2025-06-22 02:20:08,276 - map_video - DEBUG - [mapping_recorder.main:115] - [02:20:08] Redndı: False
2025-06-22 02:20:09,277 - map_video - DEBUG - [mapping_recorder.main:115] - [02:20:09] Redndı: False
2025-06-22 02:20:10,279 - map_video - DEBUG - [mapping_recorder.main:115] - [02:20:10] Redndı: False
2025-06-22 02:20:11,281 - map_video - DEBUG - [mapping_recorder.main:115] - [02:20:11] Redndı: False
2025-06-22 02:20:12,283 - map_video - DEBUG - [mapping_recorder.main:115] - [02:20:12] Redndı: False
2025-06-22 02:20:13,284 - map_video - DEBUG - [mapping_recorder.main:115] - [02:20:13] Redndı: False
2025-06-22 02:20:14,285 - map_video - DEBUG - [mapping_recorder.main:115] - [02:20:14] Redndı: False
2025-06-22 02:20:15,287 - map_video - DEBUG - [mapping_recorder.main:115] - [02:20:15] Redndı: False
2025-06-22 02:20:16,289 - map_video - DEBUG - [mapping_recorder.main:115] - [02:20:16] Redndı: False
2025-06-22 02:20:17,291 - map_video - DEBUG - [mapping_recorder.main:115] - [02:20:17] Redndı: False
2025-06-22 02:20:18,292 - map_video - DEBUG - [mapping_recorder.main:115] - [02:20:18] Redndı: False
2025-06-22 02:20:19,294 - map_video - DEBUG - [mapping_recorder.main:115] - [02:20:19] Redndı: False
2025-06-22 02:20:20,296 - map_video - DEBUG - [mapping_recorder.main:115] - [02:20:20] Redndı: False
2025-06-22 02:20:21,297 - map_video - DEBUG - [mapping_recorder.main:115] - [02:20:21] Redndı: False
2025-06-22 02:20:22,299 - map_video - DEBUG - [mapping_recorder.main:115] - [02:20:22] Redndı: False
2025-06-22 02:20:23,301 - map_video - DEBUG - [mapping_recorder.main:115] - [02:20:23] Redndı: False
2025-06-22 02:20:24,303 - map_video - DEBUG - [mapping_recorder.main:115] - [02:20:24] Redndı: False
2025-06-22 02:20:25,305 - map_video - DEBUG - [mapping_recorder.main:115] - [02:20:25] Redndı: False
2025-06-22 02:20:26,305 - map_video - DEBUG - [mapping_recorder.main:115] - [02:20:26] Redndı: False
2025-06-22 02:20:27,307 - map_video - DEBUG - [mapping_recorder.main:115] - [02:20:27] Redndı: False
2025-06-22 02:20:28,309 - map_video - DEBUG - [mapping_recorder.main:115] - [02:20:28] Redndı: False
2025-06-22 02:20:29,311 - map_video - DEBUG - [mapping_recorder.main:115] - [02:20:29] Redndı: False
2025-06-22 02:20:30,313 - map_video - DEBUG - [mapping_recorder.main:115] - [02:20:30] Redndı: False
2025-06-22 02:20:31,313 - map_video - DEBUG - [mapping_recorder.main:115] - [02:20:31] Redndı: False
2025-06-22 02:20:32,315 - map_video - DEBUG - [mapping_recorder.main:115] - [02:20:32] Redndı: False
2025-06-22 02:20:33,317 - map_video - DEBUG - [mapping_recorder.main:115] - [02:20:33] Redndı: False
2025-06-22 02:20:34,319 - map_video - DEBUG - [mapping_recorder.main:115] - [02:20:34] Redndı: False
2025-06-22 02:20:35,320 - map_video - DEBUG - [mapping_recorder.main:115] - [02:20:35] Redndı: False
2025-06-22 02:20:36,321 - map_video - DEBUG - [mapping_recorder.main:115] - [02:20:36] Redndı: False
2025-06-22 02:20:37,323 - map_video - DEBUG - [mapping_recorder.main:115] - [02:20:37] Redndı: False
2025-06-22 02:20:38,325 - map_video - DEBUG - [mapping_recorder.main:115] - [02:20:38] Redndı: False
2025-06-22 02:20:39,327 - map_video - DEBUG - [mapping_recorder.main:115] - [02:20:39] Redndı: False
2025-06-22 02:20:40,329 - map_video - DEBUG - [mapping_recorder.main:115] - [02:20:40] Redndı: False
2025-06-22 02:20:41,330 - map_video - DEBUG - [mapping_recorder.main:115] - [02:20:41] Redndı: False
2025-06-22 02:20:42,332 - map_video - DEBUG - [mapping_recorder.main:115] - [02:20:42] Redndı: False
2025-06-22 02:20:43,333 - map_video - DEBUG - [mapping_recorder.main:115] - [02:20:43] Redndı: False
2025-06-22 02:20:44,335 - map_video - DEBUG - [mapping_recorder.main:115] - [02:20:44] Redndı: False
2025-06-22 02:20:45,337 - map_video - DEBUG - [mapping_recorder.main:115] - [02:20:45] Redndı: False
2025-06-22 02:20:46,339 - map_video - DEBUG - [mapping_recorder.main:115] - [02:20:46] Redndı: False
2025-06-22 02:20:47,341 - map_video - DEBUG - [mapping_recorder.main:115] - [02:20:47] Redndı: False
2025-06-22 02:20:48,341 - map_video - DEBUG - [mapping_recorder.main:115] - [02:20:48] Redndı: False
2025-06-22 02:20:49,343 - map_video - DEBUG - [mapping_recorder.main:115] - [02:20:49] Redndı: False
2025-06-22 02:20:50,345 - map_video - DEBUG - [mapping_recorder.main:115] - [02:20:50] Redndı: False
2025-06-22 02:20:51,347 - map_video - DEBUG - [mapping_recorder.main:115] - [02:20:51] Redndı: False
2025-06-22 02:20:52,349 - map_video - DEBUG - [mapping_recorder.main:115] - [02:20:52] Redndı: False
2025-06-22 02:20:53,349 - map_video - DEBUG - [mapping_recorder.main:115] - [02:20:53] Redndı: False
2025-06-22 02:20:54,351 - map_video - DEBUG - [mapping_recorder.main:115] - [02:20:54] Redndı: False
2025-06-22 02:20:55,353 - map_video - DEBUG - [mapping_recorder.main:115] - [02:20:55] Redndı: False
2025-06-22 02:20:56,355 - map_video - DEBUG - [mapping_recorder.main:115] - [02:20:56] Redndı: False
2025-06-22 02:20:57,357 - map_video - DEBUG - [mapping_recorder.main:115] - [02:20:57] Redndı: False
2025-06-22 02:20:58,357 - map_video - DEBUG - [mapping_recorder.main:115] - [02:20:58] Redndı: False
2025-06-22 02:20:59,359 - map_video - DEBUG - [mapping_recorder.main:115] - [02:20:59] Redndı: False
2025-06-22 02:21:00,361 - map_video - DEBUG - [mapping_recorder.main:115] - [02:21:00] Redndı: False
2025-06-22 02:21:01,363 - map_video - DEBUG - [mapping_recorder.main:115] - [02:21:01] Redndı: False
2025-06-22 02:21:02,364 - map_video - DEBUG - [mapping_recorder.main:115] - [02:21:02] Redndı: False
2025-06-22 02:21:03,365 - map_video - DEBUG - [mapping_recorder.main:115] - [02:21:03] Redndı: False
2025-06-22 02:21:04,367 - map_video - DEBUG - [mapping_recorder.main:115] - [02:21:04] Redndı: False
2025-06-22 02:21:05,369 - map_video - DEBUG - [mapping_recorder.main:115] - [02:21:05] Redndı: False
2025-06-22 02:21:06,371 - map_video - DEBUG - [mapping_recorder.main:115] - [02:21:06] Redndı: False
2025-06-22 02:21:07,373 - map_video - DEBUG - [mapping_recorder.main:115] - [02:21:07] Redndı: False
2025-06-22 02:21:08,373 - map_video - DEBUG - [mapping_recorder.main:115] - [02:21:08] Redndı: False
2025-06-22 02:21:09,375 - map_video - DEBUG - [mapping_recorder.main:115] - [02:21:09] Redndı: False
2025-06-22 02:21:10,377 - map_video - DEBUG - [mapping_recorder.main:115] - [02:21:10] Redndı: False
2025-06-22 02:21:11,379 - map_video - DEBUG - [mapping_recorder.main:115] - [02:21:11] Redndı: False
2025-06-22 02:21:12,381 - map_video - DEBUG - [mapping_recorder.main:115] - [02:21:12] Redndı: False
2025-06-22 02:21:13,383 - map_video - DEBUG - [mapping_recorder.main:115] - [02:21:13] Redndı: False
2025-06-22 02:21:14,384 - map_video - DEBUG - [mapping_recorder.main:115] - [02:21:14] Redndı: False
2025-06-22 02:21:15,385 - map_video - DEBUG - [mapping_recorder.main:115] - [02:21:15] Redndı: False
2025-06-22 02:21:16,387 - map_video - DEBUG - [mapping_recorder.main:115] - [02:21:16] Redndı: False
2025-06-22 02:21:17,389 - map_video - DEBUG - [mapping_recorder.main:115] - [02:21:17] Redndı: False
2025-06-22 02:21:18,391 - map_video - DEBUG - [mapping_recorder.main:115] - [02:21:18] Redndı: False
2025-06-22 02:21:19,392 - map_video - DEBUG - [mapping_recorder.main:115] - [02:21:19] Redndı: False
2025-06-22 02:21:20,393 - map_video - DEBUG - [mapping_recorder.main:115] - [02:21:20] Redndı: False
2025-06-22 02:21:21,395 - map_video - DEBUG - [mapping_recorder.main:115] - [02:21:21] Redndı: False
2025-06-22 02:21:22,397 - map_video - DEBUG - [mapping_recorder.main:115] - [02:21:22] Redndı: False
2025-06-22 02:21:23,399 - map_video - DEBUG - [mapping_recorder.main:115] - [02:21:23] Redndı: False
2025-06-22 02:21:24,401 - map_video - DEBUG - [mapping_recorder.main:115] - [02:21:24] Redndı: False
2025-06-22 02:21:25,401 - map_video - DEBUG - [mapping_recorder.main:115] - [02:21:25] Redndı: False
2025-06-22 02:21:26,403 - map_video - DEBUG - [mapping_recorder.main:115] - [02:21:26] Redndı: False
2025-06-22 02:21:27,405 - map_video - DEBUG - [mapping_recorder.main:115] - [02:21:27] Redndı: False
2025-06-22 02:21:28,407 - map_video - DEBUG - [mapping_recorder.main:115] - [02:21:28] Redndı: False
2025-06-22 02:21:29,409 - map_video - DEBUG - [mapping_recorder.main:115] - [02:21:29] Redndı: False
2025-06-22 02:21:30,411 - map_video - DEBUG - [mapping_recorder.main:115] - [02:21:30] Redndı: False
2025-06-22 02:21:31,412 - map_video - DEBUG - [mapping_recorder.main:115] - [02:21:31] Redndı: False
2025-06-22 02:21:32,413 - map_video - DEBUG - [mapping_recorder.main:115] - [02:21:32] Redndı: False
2025-06-22 02:21:33,415 - map_video - DEBUG - [mapping_recorder.main:115] - [02:21:33] Redndı: False
2025-06-22 02:21:34,417 - map_video - DEBUG - [mapping_recorder.main:115] - [02:21:34] Redndı: False
2025-06-22 02:21:35,419 - map_video - DEBUG - [mapping_recorder.main:115] - [02:21:35] Redndı: False
2025-06-22 02:21:36,420 - map_video - DEBUG - [mapping_recorder.main:115] - [02:21:36] Redndı: False
2025-06-22 02:21:37,421 - map_video - DEBUG - [mapping_recorder.main:115] - [02:21:37] Redndı: False
2025-06-22 02:21:38,423 - map_video - DEBUG - [mapping_recorder.main:115] - [02:21:38] Redndı: False
2025-06-22 02:21:39,425 - map_video - DEBUG - [mapping_recorder.main:115] - [02:21:39] Redndı: False
2025-06-22 02:21:40,427 - map_video - DEBUG - [mapping_recorder.main:115] - [02:21:40] Redndı: False
2025-06-22 02:21:41,429 - map_video - DEBUG - [mapping_recorder.main:115] - [02:21:41] Redndı: False
2025-06-22 02:21:42,430 - map_video - DEBUG - [mapping_recorder.main:115] - [02:21:42] Redndı: False
2025-06-22 02:21:43,432 - map_video - DEBUG - [mapping_recorder.main:115] - [02:21:43] Redndı: False
2025-06-22 02:21:44,433 - map_video - DEBUG - [mapping_recorder.main:115] - [02:21:44] Redndı: False
2025-06-22 02:21:45,435 - map_video - DEBUG - [mapping_recorder.main:115] - [02:21:45] Redndı: False
2025-06-22 02:21:46,436 - map_video - DEBUG - [mapping_recorder.main:115] - [02:21:46] Redndı: False
2025-06-22 02:21:47,438 - map_video - DEBUG - [mapping_recorder.main:115] - [02:21:47] Redndı: False
2025-06-22 02:21:48,440 - map_video - DEBUG - [mapping_recorder.main:115] - [02:21:48] Redndı: False
2025-06-22 02:21:49,441 - map_video - DEBUG - [mapping_recorder.main:115] - [02:21:49] Redndı: False
2025-06-22 02:21:50,443 - map_video - DEBUG - [mapping_recorder.main:115] - [02:21:50] Redndı: False
2025-06-22 02:21:51,445 - map_video - DEBUG - [mapping_recorder.main:115] - [02:21:51] Redndı: False
2025-06-22 02:21:52,447 - map_video - DEBUG - [mapping_recorder.main:115] - [02:21:52] Redndı: False
2025-06-22 02:21:53,448 - map_video - DEBUG - [mapping_recorder.main:115] - [02:21:53] Redndı: False
2025-06-22 02:21:54,449 - map_video - DEBUG - [mapping_recorder.main:115] - [02:21:54] Redndı: False
2025-06-22 02:21:55,451 - map_video - DEBUG - [mapping_recorder.main:115] - [02:21:55] Redndı: False
2025-06-22 02:21:56,453 - map_video - DEBUG - [mapping_recorder.main:115] - [02:21:56] Redndı: False
2025-06-22 02:21:57,455 - map_video - DEBUG - [mapping_recorder.main:115] - [02:21:57] Redndı: False
2025-06-22 02:21:58,456 - map_video - DEBUG - [mapping_recorder.main:115] - [02:21:58] Redndı: False
2025-06-22 02:21:59,457 - map_video - DEBUG - [mapping_recorder.main:115] - [02:21:59] Redndı: False
2025-06-22 02:22:00,459 - map_video - DEBUG - [mapping_recorder.main:115] - [02:22:00] Redndı: False
2025-06-22 02:22:01,461 - map_video - DEBUG - [mapping_recorder.main:115] - [02:22:01] Redndı: False
2025-06-22 02:22:02,462 - map_video - DEBUG - [mapping_recorder.main:115] - [02:22:02] Redndı: False
2025-06-22 02:22:03,464 - map_video - DEBUG - [mapping_recorder.main:115] - [02:22:03] Redndı: False
2025-06-22 02:22:04,465 - map_video - DEBUG - [mapping_recorder.main:115] - [02:22:04] Redndı: False
2025-06-22 02:22:05,467 - map_video - DEBUG - [mapping_recorder.main:115] - [02:22:05] Redndı: False
2025-06-22 02:22:06,469 - map_video - DEBUG - [mapping_recorder.main:115] - [02:22:06] Redndı: False
2025-06-22 02:22:07,471 - map_video - DEBUG - [mapping_recorder.main:115] - [02:22:07] Redndı: False
2025-06-22 02:22:08,472 - map_video - DEBUG - [mapping_recorder.main:115] - [02:22:08] Redndı: False
2025-06-22 02:22:09,473 - map_video - DEBUG - [mapping_recorder.main:115] - [02:22:09] Redndı: False
2025-06-22 02:22:10,475 - map_video - DEBUG - [mapping_recorder.main:115] - [02:22:10] Redndı: False
2025-06-22 02:22:11,477 - map_video - DEBUG - [mapping_recorder.main:115] - [02:22:11] Redndı: False
2025-06-22 02:22:12,479 - map_video - DEBUG - [mapping_recorder.main:115] - [02:22:12] Redndı: False
2025-06-22 02:22:13,481 - map_video - DEBUG - [mapping_recorder.main:115] - [02:22:13] Redndı: False
2025-06-22 02:22:14,482 - map_video - DEBUG - [mapping_recorder.main:115] - [02:22:14] Redndı: False
2025-06-22 02:22:15,484 - map_video - DEBUG - [mapping_recorder.main:115] - [02:22:15] Redndı: False
2025-06-22 02:22:16,485 - map_video - DEBUG - [mapping_recorder.main:115] - [02:22:16] Redndı: False
2025-06-22 02:22:17,487 - map_video - DEBUG - [mapping_recorder.main:115] - [02:22:17] Redndı: False
2025-06-22 02:22:18,489 - map_video - DEBUG - [mapping_recorder.main:115] - [02:22:18] Redndı: False
2025-06-22 02:22:19,491 - map_video - DEBUG - [mapping_recorder.main:115] - [02:22:19] Redndı: False
2025-06-22 02:22:20,493 - map_video - DEBUG - [mapping_recorder.main:115] - [02:22:20] Redndı: False
2025-06-22 02:22:21,493 - map_video - DEBUG - [mapping_recorder.main:115] - [02:22:21] Redndı: False
2025-06-22 02:22:22,495 - map_video - DEBUG - [mapping_recorder.main:115] - [02:22:22] Redndı: False
2025-06-22 02:22:23,497 - map_video - DEBUG - [mapping_recorder.main:115] - [02:22:23] Redndı: False
2025-06-22 02:22:24,499 - map_video - DEBUG - [mapping_recorder.main:115] - [02:22:24] Redndı: False
2025-06-22 02:22:25,501 - map_video - DEBUG - [mapping_recorder.main:115] - [02:22:25] Redndı: False
2025-06-22 02:22:26,501 - map_video - DEBUG - [mapping_recorder.main:115] - [02:22:26] Redndı: False
2025-06-22 02:22:27,503 - map_video - DEBUG - [mapping_recorder.main:115] - [02:22:27] Redndı: False
2025-06-22 02:22:28,505 - map_video - DEBUG - [mapping_recorder.main:115] - [02:22:28] Redndı: False
2025-06-22 02:22:29,507 - map_video - DEBUG - [mapping_recorder.main:115] - [02:22:29] Redndı: False
2025-06-22 02:22:30,509 - map_video - DEBUG - [mapping_recorder.main:115] - [02:22:30] Redndı: False
2025-06-22 02:22:31,509 - map_video - DEBUG - [mapping_recorder.main:115] - [02:22:31] Redndı: False
2025-06-22 02:22:32,511 - map_video - DEBUG - [mapping_recorder.main:115] - [02:22:32] Redndı: False
2025-06-22 02:22:33,513 - map_video - DEBUG - [mapping_recorder.main:115] - [02:22:33] Redndı: False
2025-06-22 02:22:34,515 - map_video - DEBUG - [mapping_recorder.main:115] - [02:22:34] Redndı: False
2025-06-22 02:22:35,516 - map_video - DEBUG - [mapping_recorder.main:115] - [02:22:35] Redndı: False
2025-06-22 02:22:36,517 - map_video - DEBUG - [mapping_recorder.main:115] - [02:22:36] Redndı: False
2025-06-22 02:22:37,519 - map_video - DEBUG - [mapping_recorder.main:115] - [02:22:37] Redndı: False
2025-06-22 02:22:38,521 - map_video - DEBUG - [mapping_recorder.main:115] - [02:22:38] Redndı: False
2025-06-22 02:22:39,523 - map_video - DEBUG - [mapping_recorder.main:115] - [02:22:39] Redndı: False
2025-06-22 02:22:40,525 - map_video - DEBUG - [mapping_recorder.main:115] - [02:22:40] Redndı: False
2025-06-22 02:22:41,527 - map_video - DEBUG - [mapping_recorder.main:115] - [02:22:41] Redndı: False
2025-06-22 02:22:42,528 - map_video - DEBUG - [mapping_recorder.main:115] - [02:22:42] Redndı: False
2025-06-22 02:22:43,529 - map_video - DEBUG - [mapping_recorder.main:115] - [02:22:43] Redndı: False
2025-06-22 02:22:44,531 - map_video - DEBUG - [mapping_recorder.main:115] - [02:22:44] Redndı: False
2025-06-22 02:22:45,533 - map_video - DEBUG - [mapping_recorder.main:115] - [02:22:45] Redndı: False
2025-06-22 02:22:46,534 - map_video - DEBUG - [mapping_recorder.main:115] - [02:22:46] Redndı: False
2025-06-22 02:22:47,536 - map_video - DEBUG - [mapping_recorder.main:115] - [02:22:47] Redndı: False
2025-06-22 02:22:48,537 - map_video - DEBUG - [mapping_recorder.main:115] - [02:22:48] Redndı: False
2025-06-22 02:22:49,539 - map_video - DEBUG - [mapping_recorder.main:115] - [02:22:49] Redndı: False
2025-06-22 02:22:50,541 - map_video - DEBUG - [mapping_recorder.main:115] - [02:22:50] Redndı: False
2025-06-22 02:22:51,542 - map_video - DEBUG - [mapping_recorder.main:115] - [02:22:51] Redndı: False
2025-06-22 02:22:52,544 - map_video - DEBUG - [mapping_recorder.main:115] - [02:22:52] Redndı: False
2025-06-22 02:22:53,546 - map_video - DEBUG - [mapping_recorder.main:115] - [02:22:53] Redndı: False
2025-06-22 02:22:54,547 - map_video - DEBUG - [mapping_recorder.main:115] - [02:22:54] Redndı: False
2025-06-22 02:22:55,549 - map_video - DEBUG - [mapping_recorder.main:115] - [02:22:55] Redndı: False
2025-06-22 02:22:56,551 - map_video - DEBUG - [mapping_recorder.main:115] - [02:22:56] Redndı: False
2025-06-22 02:22:57,553 - map_video - DEBUG - [mapping_recorder.main:115] - [02:22:57] Redndı: False
2025-06-22 02:22:58,553 - map_video - DEBUG - [mapping_recorder.main:115] - [02:22:58] Redndı: False
2025-06-22 02:22:59,555 - map_video - DEBUG - [mapping_recorder.main:115] - [02:22:59] Redndı: False
2025-06-22 02:23:00,557 - map_video - DEBUG - [mapping_recorder.main:115] - [02:23:00] Redndı: False
2025-06-22 02:23:01,559 - map_video - DEBUG - [mapping_recorder.main:115] - [02:23:01] Redndı: False
2025-06-22 02:23:02,560 - map_video - DEBUG - [mapping_recorder.main:115] - [02:23:02] Redndı: False
2025-06-22 02:23:03,561 - map_video - DEBUG - [mapping_recorder.main:115] - [02:23:03] Redndı: False
2025-06-22 02:23:04,563 - map_video - DEBUG - [mapping_recorder.main:115] - [02:23:04] Redndı: False
2025-06-22 02:23:05,565 - map_video - DEBUG - [mapping_recorder.main:115] - [02:23:05] Redndı: False
2025-06-22 02:23:06,567 - map_video - DEBUG - [mapping_recorder.main:115] - [02:23:06] Redndı: False
2025-06-22 02:23:07,568 - map_video - DEBUG - [mapping_recorder.main:115] - [02:23:07] Redndı: False
2025-06-22 02:23:08,569 - map_video - DEBUG - [mapping_recorder.main:115] - [02:23:08] Redndı: False
2025-06-22 02:23:09,571 - map_video - DEBUG - [mapping_recorder.main:115] - [02:23:09] Redndı: False
2025-06-22 02:23:10,573 - map_video - DEBUG - [mapping_recorder.main:115] - [02:23:10] Redndı: False
2025-06-22 02:23:11,575 - map_video - DEBUG - [mapping_recorder.main:115] - [02:23:11] Redndı: False
2025-06-22 02:23:12,576 - map_video - DEBUG - [mapping_recorder.main:115] - [02:23:12] Redndı: False
2025-06-22 02:23:13,577 - map_video - DEBUG - [mapping_recorder.main:115] - [02:23:13] Redndı: False
2025-06-22 02:23:14,579 - map_video - DEBUG - [mapping_recorder.main:115] - [02:23:14] Redndı: False
2025-06-22 02:23:15,581 - map_video - DEBUG - [mapping_recorder.main:115] - [02:23:15] Redndı: False
2025-06-22 02:23:16,582 - map_video - DEBUG - [mapping_recorder.main:115] - [02:23:16] Redndı: False
2025-06-22 02:23:17,584 - map_video - DEBUG - [mapping_recorder.main:115] - [02:23:17] Redndı: False
2025-06-22 02:23:18,585 - map_video - DEBUG - [mapping_recorder.main:115] - [02:23:18] Redndı: False
2025-06-22 02:23:19,587 - map_video - DEBUG - [mapping_recorder.main:115] - [02:23:19] Redndı: False
2025-06-22 02:23:20,589 - map_video - DEBUG - [mapping_recorder.main:115] - [02:23:20] Redndı: False
2025-06-22 02:23:21,590 - map_video - DEBUG - [mapping_recorder.main:115] - [02:23:21] Redndı: False
2025-06-22 02:23:22,592 - map_video - DEBUG - [mapping_recorder.main:115] - [02:23:22] Redndı: False
2025-06-22 02:23:23,594 - map_video - DEBUG - [mapping_recorder.main:115] - [02:23:23] Redndı: False
2025-06-22 02:23:24,596 - map_video - DEBUG - [mapping_recorder.main:115] - [02:23:24] Redndı: False
2025-06-22 02:23:25,597 - map_video - DEBUG - [mapping_recorder.main:115] - [02:23:25] Redndı: False
2025-06-22 02:23:26,599 - map_video - DEBUG - [mapping_recorder.main:115] - [02:23:26] Redndı: False
2025-06-22 02:23:27,600 - map_video - DEBUG - [mapping_recorder.main:115] - [02:23:27] Redndı: False
2025-06-22 02:23:28,601 - map_video - DEBUG - [mapping_recorder.main:115] - [02:23:28] Redndı: False
2025-06-22 02:23:29,603 - map_video - DEBUG - [mapping_recorder.main:115] - [02:23:29] Redndı: False
2025-06-22 02:23:30,605 - map_video - DEBUG - [mapping_recorder.main:115] - [02:23:30] Redndı: False
2025-06-22 02:23:31,607 - map_video - DEBUG - [mapping_recorder.main:115] - [02:23:31] Redndı: False
2025-06-22 02:23:32,608 - map_video - DEBUG - [mapping_recorder.main:115] - [02:23:32] Redndı: False
2025-06-22 02:23:33,609 - map_video - DEBUG - [mapping_recorder.main:115] - [02:23:33] Redndı: False
2025-06-22 02:23:34,611 - map_video - DEBUG - [mapping_recorder.main:115] - [02:23:34] Redndı: False
2025-06-22 02:23:35,613 - map_video - DEBUG - [mapping_recorder.main:115] - [02:23:35] Redndı: False
2025-06-22 02:23:36,615 - map_video - DEBUG - [mapping_recorder.main:115] - [02:23:36] Redndı: False
2025-06-22 02:23:37,616 - map_video - DEBUG - [mapping_recorder.main:115] - [02:23:37] Redndı: False
2025-06-22 02:23:38,617 - map_video - DEBUG - [mapping_recorder.main:115] - [02:23:38] Redndı: False
2025-06-22 02:23:39,619 - map_video - DEBUG - [mapping_recorder.main:115] - [02:23:39] Redndı: False
2025-06-22 02:23:40,621 - map_video - DEBUG - [mapping_recorder.main:115] - [02:23:40] Redndı: False
2025-06-22 02:23:41,622 - map_video - DEBUG - [mapping_recorder.main:115] - [02:23:41] Redndı: False
2025-06-22 02:23:42,624 - map_video - DEBUG - [mapping_recorder.main:115] - [02:23:42] Redndı: False
2025-06-22 02:23:43,625 - map_video - DEBUG - [mapping_recorder.main:115] - [02:23:43] Redndı: False
2025-06-22 02:23:44,627 - map_video - DEBUG - [mapping_recorder.main:115] - [02:23:44] Redndı: False
2025-06-22 02:23:45,629 - map_video - DEBUG - [mapping_recorder.main:115] - [02:23:45] Redndı: False
2025-06-22 02:23:46,631 - map_video - DEBUG - [mapping_recorder.main:115] - [02:23:46] Redndı: False
2025-06-22 02:23:47,632 - map_video - DEBUG - [mapping_recorder.main:115] - [02:23:47] Redndı: False
2025-06-22 02:23:48,633 - map_video - DEBUG - [mapping_recorder.main:115] - [02:23:48] Redndı: False
2025-06-22 02:23:49,635 - map_video - DEBUG - [mapping_recorder.main:115] - [02:23:49] Redndı: False
2025-06-22 02:23:50,637 - map_video - DEBUG - [mapping_recorder.main:115] - [02:23:50] Redndı: False
2025-06-22 02:23:51,639 - map_video - DEBUG - [mapping_recorder.main:115] - [02:23:51] Redndı: False
2025-06-22 02:23:52,641 - map_video - DEBUG - [mapping_recorder.main:115] - [02:23:52] Redndı: False
2025-06-22 02:23:53,641 - map_video - DEBUG - [mapping_recorder.main:115] - [02:23:53] Redndı: False
2025-06-22 02:23:54,643 - map_video - DEBUG - [mapping_recorder.main:115] - [02:23:54] Redndı: False
2025-06-22 02:23:55,645 - map_video - DEBUG - [mapping_recorder.main:115] - [02:23:55] Redndı: False
2025-06-22 02:23:56,647 - map_video - DEBUG - [mapping_recorder.main:115] - [02:23:56] Redndı: False
2025-06-22 02:23:57,648 - map_video - DEBUG - [mapping_recorder.main:115] - [02:23:57] Redndı: False
2025-06-22 02:23:58,649 - map_video - DEBUG - [mapping_recorder.main:115] - [02:23:58] Redndı: False
2025-06-22 02:23:59,651 - map_video - DEBUG - [mapping_recorder.main:115] - [02:23:59] Redndı: False
2025-06-22 02:24:00,653 - map_video - DEBUG - [mapping_recorder.main:115] - [02:24:00] Redndı: False
2025-06-22 02:24:01,655 - map_video - DEBUG - [mapping_recorder.main:115] - [02:24:01] Redndı: False
2025-06-22 02:24:02,657 - map_video - DEBUG - [mapping_recorder.main:115] - [02:24:02] Redndı: False
2025-06-22 02:24:03,657 - map_video - DEBUG - [mapping_recorder.main:115] - [02:24:03] Redndı: False
2025-06-22 02:24:04,659 - map_video - DEBUG - [mapping_recorder.main:115] - [02:24:04] Redndı: False
2025-06-22 02:24:05,661 - map_video - DEBUG - [mapping_recorder.main:115] - [02:24:05] Redndı: False
2025-06-22 02:24:06,663 - map_video - DEBUG - [mapping_recorder.main:115] - [02:24:06] Redndı: False
2025-06-22 02:24:07,665 - map_video - DEBUG - [mapping_recorder.main:115] - [02:24:07] Redndı: False
2025-06-22 02:24:08,665 - map_video - DEBUG - [mapping_recorder.main:115] - [02:24:08] Redndı: False
2025-06-22 02:24:09,667 - map_video - DEBUG - [mapping_recorder.main:115] - [02:24:09] Redndı: False
2025-06-22 02:24:10,669 - map_video - DEBUG - [mapping_recorder.main:115] - [02:24:10] Redndı: False
2025-06-22 02:24:11,672 - map_video - DEBUG - [mapping_recorder.main:115] - [02:24:11] Redndı: False
2025-06-22 02:24:12,673 - map_video - DEBUG - [mapping_recorder.main:115] - [02:24:12] Redndı: False
2025-06-22 02:24:13,675 - map_video - DEBUG - [mapping_recorder.main:115] - [02:24:13] Redndı: False
2025-06-22 02:24:14,677 - map_video - DEBUG - [mapping_recorder.main:115] - [02:24:14] Redndı: False
2025-06-22 02:24:15,679 - map_video - DEBUG - [mapping_recorder.main:115] - [02:24:15] Redndı: False
2025-06-22 02:24:16,681 - map_video - DEBUG - [mapping_recorder.main:115] - [02:24:16] Redndı: False
2025-06-22 02:24:17,681 - map_video - DEBUG - [mapping_recorder.main:115] - [02:24:17] Redndı: False
2025-06-22 02:24:18,683 - map_video - DEBUG - [mapping_recorder.main:115] - [02:24:18] Redndı: False
2025-06-22 02:24:19,685 - map_video - DEBUG - [mapping_recorder.main:115] - [02:24:19] Redndı: False
2025-06-22 02:24:20,687 - map_video - DEBUG - [mapping_recorder.main:115] - [02:24:20] Redndı: False
2025-06-22 02:24:21,688 - map_video - DEBUG - [mapping_recorder.main:115] - [02:24:21] Redndı: False
2025-06-22 02:24:22,689 - map_video - DEBUG - [mapping_recorder.main:115] - [02:24:22] Redndı: False
2025-06-22 02:24:23,691 - map_video - DEBUG - [mapping_recorder.main:115] - [02:24:23] Redndı: False
2025-06-22 02:24:24,693 - map_video - DEBUG - [mapping_recorder.main:115] - [02:24:24] Redndı: False
2025-06-22 02:24:25,695 - map_video - DEBUG - [mapping_recorder.main:115] - [02:24:25] Redndı: False
2025-06-22 02:24:26,696 - map_video - DEBUG - [mapping_recorder.main:115] - [02:24:26] Redndı: False
2025-06-22 02:24:27,697 - map_video - DEBUG - [mapping_recorder.main:115] - [02:24:27] Redndı: False
2025-06-22 02:24:28,699 - map_video - DEBUG - [mapping_recorder.main:115] - [02:24:28] Redndı: False
2025-06-22 02:24:29,701 - map_video - DEBUG - [mapping_recorder.main:115] - [02:24:29] Redndı: False
2025-06-22 02:24:30,703 - map_video - DEBUG - [mapping_recorder.main:115] - [02:24:30] Redndı: False
2025-06-22 02:24:31,705 - map_video - DEBUG - [mapping_recorder.main:115] - [02:24:31] Redndı: False
2025-06-22 02:24:32,705 - map_video - DEBUG - [mapping_recorder.main:115] - [02:24:32] Redndı: False
2025-06-22 02:24:33,707 - map_video - DEBUG - [mapping_recorder.main:115] - [02:24:33] Redndı: False
2025-06-22 02:24:34,709 - map_video - DEBUG - [mapping_recorder.main:115] - [02:24:34] Redndı: False
2025-06-22 02:24:35,711 - map_video - DEBUG - [mapping_recorder.main:115] - [02:24:35] Redndı: False
2025-06-22 02:24:36,712 - map_video - DEBUG - [mapping_recorder.main:115] - [02:24:36] Redndı: False
2025-06-22 02:24:37,713 - map_video - DEBUG - [mapping_recorder.main:115] - [02:24:37] Redndı: False
2025-06-22 02:24:38,715 - map_video - DEBUG - [mapping_recorder.main:115] - [02:24:38] Redndı: False
2025-06-22 02:24:39,717 - map_video - DEBUG - [mapping_recorder.main:115] - [02:24:39] Redndı: False
2025-06-22 02:24:40,719 - map_video - DEBUG - [mapping_recorder.main:115] - [02:24:40] Redndı: False
2025-06-22 02:24:41,720 - map_video - DEBUG - [mapping_recorder.main:115] - [02:24:41] Redndı: False
2025-06-22 02:24:42,721 - map_video - DEBUG - [mapping_recorder.main:115] - [02:24:42] Redndı: False
2025-06-22 02:24:43,723 - map_video - DEBUG - [mapping_recorder.main:115] - [02:24:43] Redndı: False
2025-06-22 02:24:44,725 - map_video - DEBUG - [mapping_recorder.main:115] - [02:24:44] Redndı: False
2025-06-22 02:24:45,727 - map_video - DEBUG - [mapping_recorder.main:115] - [02:24:45] Redndı: False
2025-06-22 02:24:46,729 - map_video - DEBUG - [mapping_recorder.main:115] - [02:24:46] Redndı: False
2025-06-22 02:24:47,731 - map_video - DEBUG - [mapping_recorder.main:115] - [02:24:47] Redndı: False
2025-06-22 02:24:48,732 - map_video - DEBUG - [mapping_recorder.main:115] - [02:24:48] Redndı: False
2025-06-22 02:24:49,733 - map_video - DEBUG - [mapping_recorder.main:115] - [02:24:49] Redndı: False
2025-06-22 02:24:50,735 - map_video - DEBUG - [mapping_recorder.main:115] - [02:24:50] Redndı: False
2025-06-22 02:24:51,737 - map_video - DEBUG - [mapping_recorder.main:115] - [02:24:51] Redndı: False
2025-06-22 02:24:52,738 - map_video - DEBUG - [mapping_recorder.main:115] - [02:24:52] Redndı: False
2025-06-22 02:24:53,740 - map_video - DEBUG - [mapping_recorder.main:115] - [02:24:53] Redndı: False
2025-06-22 02:24:54,741 - map_video - DEBUG - [mapping_recorder.main:115] - [02:24:54] Redndı: False
2025-06-22 02:24:55,743 - map_video - DEBUG - [mapping_recorder.main:115] - [02:24:55] Redndı: False
2025-06-22 02:24:56,745 - map_video - DEBUG - [mapping_recorder.main:115] - [02:24:56] Redndı: False
2025-06-22 02:24:57,747 - map_video - DEBUG - [mapping_recorder.main:115] - [02:24:57] Redndı: False
2025-06-22 02:24:58,749 - map_video - DEBUG - [mapping_recorder.main:115] - [02:24:58] Redndı: False
2025-06-22 02:24:59,751 - map_video - DEBUG - [mapping_recorder.main:115] - [02:24:59] Redndı: False
2025-06-22 02:25:00,752 - map_video - DEBUG - [mapping_recorder.main:115] - [02:25:00] Redndı: False
2025-06-22 02:25:01,753 - map_video - DEBUG - [mapping_recorder.main:115] - [02:25:01] Redndı: False
2025-06-22 02:25:02,755 - map_video - DEBUG - [mapping_recorder.main:115] - [02:25:02] Redndı: False
2025-06-22 02:25:03,757 - map_video - DEBUG - [mapping_recorder.main:115] - [02:25:03] Redndı: False
2025-06-22 02:25:04,759 - map_video - DEBUG - [mapping_recorder.main:115] - [02:25:04] Redndı: False
2025-06-22 02:25:05,761 - map_video - DEBUG - [mapping_recorder.main:115] - [02:25:05] Redndı: False
2025-06-22 02:25:06,763 - map_video - DEBUG - [mapping_recorder.main:115] - [02:25:06] Redndı: False
2025-06-22 02:25:07,764 - map_video - DEBUG - [mapping_recorder.main:115] - [02:25:07] Redndı: False
2025-06-22 02:25:08,766 - map_video - DEBUG - [mapping_recorder.main:115] - [02:25:08] Redndı: False
2025-06-22 02:25:09,768 - map_video - DEBUG - [mapping_recorder.main:115] - [02:25:09] Redndı: False
2025-06-22 02:25:10,769 - map_video - DEBUG - [mapping_recorder.main:115] - [02:25:10] Redndı: False
2025-06-22 02:25:11,771 - map_video - DEBUG - [mapping_recorder.main:115] - [02:25:11] Redndı: False
2025-06-22 02:25:12,773 - map_video - DEBUG - [mapping_recorder.main:115] - [02:25:12] Redndı: False
2025-06-22 02:25:13,775 - map_video - DEBUG - [mapping_recorder.main:115] - [02:25:13] Redndı: False
2025-06-22 02:25:14,777 - map_video - DEBUG - [mapping_recorder.main:115] - [02:25:14] Redndı: False
2025-06-22 02:25:15,779 - map_video - DEBUG - [mapping_recorder.main:115] - [02:25:15] Redndı: False
2025-06-22 02:25:16,781 - map_video - DEBUG - [mapping_recorder.main:115] - [02:25:16] Redndı: False
2025-06-22 02:25:17,782 - map_video - DEBUG - [mapping_recorder.main:115] - [02:25:17] Redndı: False
2025-06-22 02:25:18,784 - map_video - DEBUG - [mapping_recorder.main:115] - [02:25:18] Redndı: False
2025-06-22 02:25:19,785 - map_video - DEBUG - [mapping_recorder.main:115] - [02:25:19] Redndı: False
2025-06-22 02:25:20,787 - map_video - DEBUG - [mapping_recorder.main:115] - [02:25:20] Redndı: False
2025-06-22 02:25:21,789 - map_video - DEBUG - [mapping_recorder.main:115] - [02:25:21] Redndı: False
2025-06-22 02:25:22,791 - map_video - DEBUG - [mapping_recorder.main:115] - [02:25:22] Redndı: False
2025-06-22 02:25:23,793 - map_video - DEBUG - [mapping_recorder.main:115] - [02:25:23] Redndı: False
2025-06-22 02:25:24,795 - map_video - DEBUG - [mapping_recorder.main:115] - [02:25:24] Redndı: False
2025-06-22 02:25:25,796 - map_video - DEBUG - [mapping_recorder.main:115] - [02:25:25] Redndı: False
2025-06-22 02:25:26,797 - map_video - DEBUG - [mapping_recorder.main:115] - [02:25:26] Redndı: False
2025-06-22 02:25:27,799 - map_video - DEBUG - [mapping_recorder.main:115] - [02:25:27] Redndı: False
2025-06-22 02:25:28,801 - map_video - DEBUG - [mapping_recorder.main:115] - [02:25:28] Redndı: False
2025-06-22 02:25:29,802 - map_video - DEBUG - [mapping_recorder.main:115] - [02:25:29] Redndı: False
2025-06-22 02:25:30,804 - map_video - DEBUG - [mapping_recorder.main:115] - [02:25:30] Redndı: False
2025-06-22 02:25:31,805 - map_video - DEBUG - [mapping_recorder.main:115] - [02:25:31] Redndı: False
2025-06-22 02:25:32,807 - map_video - DEBUG - [mapping_recorder.main:115] - [02:25:32] Redndı: False
2025-06-22 02:25:33,809 - map_video - DEBUG - [mapping_recorder.main:115] - [02:25:33] Redndı: False
2025-06-22 02:25:34,811 - map_video - DEBUG - [mapping_recorder.main:115] - [02:25:34] Redndı: False
2025-06-22 02:25:35,812 - map_video - DEBUG - [mapping_recorder.main:115] - [02:25:35] Redndı: False
2025-06-22 02:25:36,814 - map_video - DEBUG - [mapping_recorder.main:115] - [02:25:36] Redndı: False
2025-06-22 02:25:37,815 - map_video - DEBUG - [mapping_recorder.main:115] - [02:25:37] Redndı: False
2025-06-22 02:25:38,817 - map_video - DEBUG - [mapping_recorder.main:115] - [02:25:38] Redndı: False
2025-06-22 02:25:39,819 - map_video - DEBUG - [mapping_recorder.main:115] - [02:25:39] Redndı: False
2025-06-22 02:25:40,820 - map_video - DEBUG - [mapping_recorder.main:115] - [02:25:40] Redndı: False
2025-06-22 02:25:41,822 - map_video - DEBUG - [mapping_recorder.main:115] - [02:25:41] Redndı: False
2025-06-22 02:25:42,823 - map_video - DEBUG - [mapping_recorder.main:115] - [02:25:42] Redndı: False
2025-06-22 02:25:43,825 - map_video - DEBUG - [mapping_recorder.main:115] - [02:25:43] Redndı: False
2025-06-22 02:25:44,827 - map_video - DEBUG - [mapping_recorder.main:115] - [02:25:44] Redndı: False
2025-06-22 02:25:45,829 - map_video - DEBUG - [mapping_recorder.main:115] - [02:25:45] Redndı: False
2025-06-22 02:25:46,831 - map_video - DEBUG - [mapping_recorder.main:115] - [02:25:46] Redndı: False
2025-06-22 02:25:47,833 - map_video - DEBUG - [mapping_recorder.main:115] - [02:25:47] Redndı: False
2025-06-22 02:25:48,835 - map_video - DEBUG - [mapping_recorder.main:115] - [02:25:48] Redndı: False
2025-06-22 02:25:49,863 - map_video - DEBUG - [mapping_recorder.main:115] - [02:25:49] Redndı: False
2025-06-22 02:25:50,865 - map_video - DEBUG - [mapping_recorder.main:115] - [02:25:50] Redndı: False
2025-06-22 02:25:51,865 - map_video - DEBUG - [mapping_recorder.main:115] - [02:25:51] Redndı: False
2025-06-22 02:25:52,867 - map_video - DEBUG - [mapping_recorder.main:115] - [02:25:52] Redndı: False
2025-06-22 02:25:53,869 - map_video - DEBUG - [mapping_recorder.main:115] - [02:25:53] Redndı: False
2025-06-22 02:25:54,871 - map_video - DEBUG - [mapping_recorder.main:115] - [02:25:54] Redndı: False
2025-06-22 02:25:55,873 - map_video - DEBUG - [mapping_recorder.main:115] - [02:25:55] Redndı: False
2025-06-22 02:25:56,875 - map_video - DEBUG - [mapping_recorder.main:115] - [02:25:56] Redndı: False
2025-06-22 02:25:57,876 - map_video - DEBUG - [mapping_recorder.main:115] - [02:25:57] Redndı: False
2025-06-22 02:25:58,877 - map_video - DEBUG - [mapping_recorder.main:115] - [02:25:58] Redndı: False
2025-06-22 02:25:59,879 - map_video - DEBUG - [mapping_recorder.main:115] - [02:25:59] Redndı: False
2025-06-22 02:26:00,881 - map_video - DEBUG - [mapping_recorder.main:115] - [02:26:00] Redndı: False
2025-06-22 02:26:01,883 - map_video - DEBUG - [mapping_recorder.main:115] - [02:26:01] Redndı: False
2025-06-22 02:26:02,885 - map_video - DEBUG - [mapping_recorder.main:115] - [02:26:02] Redndı: False
2025-06-22 02:26:03,887 - map_video - DEBUG - [mapping_recorder.main:115] - [02:26:03] Redndı: False
2025-06-22 02:26:04,889 - map_video - DEBUG - [mapping_recorder.main:115] - [02:26:04] Redndı: False
2025-06-22 02:26:05,890 - map_video - DEBUG - [mapping_recorder.main:115] - [02:26:05] Redndı: False
2025-06-22 02:26:06,893 - map_video - DEBUG - [mapping_recorder.main:115] - [02:26:06] Redndı: False
2025-06-22 02:26:07,893 - map_video - DEBUG - [mapping_recorder.main:115] - [02:26:07] Redndı: False
2025-06-22 02:26:08,895 - map_video - DEBUG - [mapping_recorder.main:115] - [02:26:08] Redndı: False
2025-06-22 02:26:09,921 - map_video - DEBUG - [mapping_recorder.main:115] - [02:26:09] Redndı: False
2025-06-22 02:26:10,923 - map_video - DEBUG - [mapping_recorder.main:115] - [02:26:10] Redndı: False
2025-06-22 02:26:11,925 - map_video - DEBUG - [mapping_recorder.main:115] - [02:26:11] Redndı: False
2025-06-22 02:26:12,926 - map_video - DEBUG - [mapping_recorder.main:115] - [02:26:12] Redndı: False
2025-06-22 02:26:13,928 - map_video - DEBUG - [mapping_recorder.main:115] - [02:26:13] Redndı: False
2025-06-22 02:26:14,929 - map_video - DEBUG - [mapping_recorder.main:115] - [02:26:14] Redndı: False
2025-06-22 02:26:15,931 - map_video - DEBUG - [mapping_recorder.main:115] - [02:26:15] Redndı: False
2025-06-22 02:26:16,933 - map_video - DEBUG - [mapping_recorder.main:115] - [02:26:16] Redndı: False
2025-06-22 02:26:17,935 - map_video - DEBUG - [mapping_recorder.main:115] - [02:26:17] Redndı: False
2025-06-22 02:26:18,937 - map_video - DEBUG - [mapping_recorder.main:115] - [02:26:18] Redndı: False
2025-06-22 02:26:19,939 - map_video - DEBUG - [mapping_recorder.main:115] - [02:26:19] Redndı: False
2025-06-22 02:26:20,940 - map_video - DEBUG - [mapping_recorder.main:115] - [02:26:20] Redndı: False
2025-06-22 02:26:21,942 - map_video - DEBUG - [mapping_recorder.main:115] - [02:26:21] Redndı: False
2025-06-22 02:26:22,944 - map_video - DEBUG - [mapping_recorder.main:115] - [02:26:22] Redndı: False
2025-06-22 02:26:23,945 - map_video - DEBUG - [mapping_recorder.main:115] - [02:26:23] Redndı: False
2025-06-22 02:26:24,947 - map_video - DEBUG - [mapping_recorder.main:115] - [02:26:24] Redndı: False
2025-06-22 02:26:25,949 - map_video - DEBUG - [mapping_recorder.main:115] - [02:26:25] Redndı: False
2025-06-22 02:26:26,951 - map_video - DEBUG - [mapping_recorder.main:115] - [02:26:26] Redndı: False
2025-06-22 02:26:27,953 - map_video - DEBUG - [mapping_recorder.main:115] - [02:26:27] Redndı: False
2025-06-22 02:26:28,955 - map_video - DEBUG - [mapping_recorder.main:115] - [02:26:28] Redndı: False
2025-06-22 02:26:29,957 - map_video - DEBUG - [mapping_recorder.main:115] - [02:26:29] Redndı: False
2025-06-22 02:26:30,981 - map_video - DEBUG - [mapping_recorder.main:115] - [02:26:30] Redndı: False
2025-06-22 02:26:31,983 - map_video - DEBUG - [mapping_recorder.main:115] - [02:26:31] Redndı: False
2025-06-22 02:26:32,985 - map_video - DEBUG - [mapping_recorder.main:115] - [02:26:32] Redndı: False
2025-06-22 02:26:33,987 - map_video - DEBUG - [mapping_recorder.main:115] - [02:26:33] Redndı: False
2025-06-22 02:26:34,989 - map_video - DEBUG - [mapping_recorder.main:115] - [02:26:34] Redndı: False
2025-06-22 02:26:35,995 - map_video - DEBUG - [mapping_recorder.main:115] - [02:26:35] Redndı: False
2025-06-22 02:26:36,997 - map_video - DEBUG - [mapping_recorder.main:115] - [02:26:36] Redndı: False
2025-06-22 02:26:37,999 - map_video - DEBUG - [mapping_recorder.main:115] - [02:26:37] Redndı: False
2025-06-22 02:26:39,000 - map_video - DEBUG - [mapping_recorder.main:115] - [02:26:39] Redndı: False
2025-06-22 02:26:40,002 - map_video - DEBUG - [mapping_recorder.main:115] - [02:26:40] Redndı: False
2025-06-22 02:26:41,009 - map_video - DEBUG - [mapping_recorder.main:115] - [02:26:41] Redndı: False
2025-06-22 02:26:42,011 - map_video - DEBUG - [mapping_recorder.main:115] - [02:26:42] Redndı: False
2025-06-22 02:26:43,013 - map_video - DEBUG - [mapping_recorder.main:115] - [02:26:43] Redndı: False
2025-06-22 02:26:44,015 - map_video - DEBUG - [mapping_recorder.main:115] - [02:26:44] Redndı: False
2025-06-22 02:26:45,017 - map_video - DEBUG - [mapping_recorder.main:115] - [02:26:45] Redndı: False
2025-06-22 02:26:46,019 - map_video - DEBUG - [mapping_recorder.main:115] - [02:26:46] Redndı: False
2025-06-22 02:26:47,020 - map_video - DEBUG - [mapping_recorder.main:115] - [02:26:47] Redndı: False
2025-06-22 02:26:48,021 - map_video - DEBUG - [mapping_recorder.main:115] - [02:26:48] Redndı: False
2025-06-22 02:26:49,023 - map_video - DEBUG - [mapping_recorder.main:115] - [02:26:49] Redndı: False
2025-06-22 02:26:50,025 - map_video - DEBUG - [mapping_recorder.main:115] - [02:26:50] Redndı: False
2025-06-22 02:26:51,027 - map_video - DEBUG - [mapping_recorder.main:115] - [02:26:51] Redndı: False
2025-06-22 02:26:52,029 - map_video - DEBUG - [mapping_recorder.main:115] - [02:26:52] Redndı: False
2025-06-22 02:26:53,030 - map_video - DEBUG - [mapping_recorder.main:115] - [02:26:53] Redndı: False
2025-06-22 02:26:54,032 - map_video - DEBUG - [mapping_recorder.main:115] - [02:26:54] Redndı: False
2025-06-22 02:26:55,033 - map_video - DEBUG - [mapping_recorder.main:115] - [02:26:55] Redndı: False
2025-06-22 02:26:56,034 - map_video - DEBUG - [mapping_recorder.main:115] - [02:26:56] Redndı: False
2025-06-22 02:26:57,036 - map_video - DEBUG - [mapping_recorder.main:115] - [02:26:57] Redndı: False
2025-06-22 02:26:58,037 - map_video - DEBUG - [mapping_recorder.main:115] - [02:26:58] Redndı: False
2025-06-22 02:26:59,039 - map_video - DEBUG - [mapping_recorder.main:115] - [02:26:59] Redndı: False
2025-06-22 02:27:00,041 - map_video - DEBUG - [mapping_recorder.main:115] - [02:27:00] Redndı: False
2025-06-22 02:27:01,043 - map_video - DEBUG - [mapping_recorder.main:115] - [02:27:01] Redndı: False
2025-06-22 02:27:02,045 - map_video - DEBUG - [mapping_recorder.main:115] - [02:27:02] Redndı: False
2025-06-22 02:27:03,046 - map_video - DEBUG - [mapping_recorder.main:115] - [02:27:03] Redndı: False
2025-06-22 02:27:04,048 - map_video - DEBUG - [mapping_recorder.main:115] - [02:27:04] Redndı: False
2025-06-22 02:27:05,049 - map_video - DEBUG - [mapping_recorder.main:115] - [02:27:05] Redndı: False
2025-06-22 02:27:06,051 - map_video - DEBUG - [mapping_recorder.main:115] - [02:27:06] Redndı: False
2025-06-22 02:27:07,053 - map_video - DEBUG - [mapping_recorder.main:115] - [02:27:07] Redndı: False
2025-06-22 02:27:08,055 - map_video - DEBUG - [mapping_recorder.main:115] - [02:27:08] Redndı: False
2025-06-22 02:27:09,057 - map_video - DEBUG - [mapping_recorder.main:115] - [02:27:09] Redndı: False
2025-06-22 02:27:10,057 - map_video - DEBUG - [mapping_recorder.main:115] - [02:27:10] Redndı: False
2025-06-22 02:27:11,059 - map_video - DEBUG - [mapping_recorder.main:115] - [02:27:11] Redndı: False
2025-06-22 02:27:12,061 - map_video - DEBUG - [mapping_recorder.main:115] - [02:27:12] Redndı: False
2025-06-22 02:27:13,063 - map_video - DEBUG - [mapping_recorder.main:115] - [02:27:13] Redndı: False
2025-06-22 02:27:14,065 - map_video - DEBUG - [mapping_recorder.main:115] - [02:27:14] Redndı: False
2025-06-22 02:27:15,066 - map_video - DEBUG - [mapping_recorder.main:115] - [02:27:15] Redndı: False
2025-06-22 02:27:16,068 - map_video - DEBUG - [mapping_recorder.main:115] - [02:27:16] Redndı: False
2025-06-22 02:27:17,069 - map_video - DEBUG - [mapping_recorder.main:115] - [02:27:17] Redndı: False
2025-06-22 02:27:18,071 - map_video - DEBUG - [mapping_recorder.main:115] - [02:27:18] Redndı: False
2025-06-22 02:27:19,073 - map_video - DEBUG - [mapping_recorder.main:115] - [02:27:19] Redndı: False
2025-06-22 02:27:20,075 - map_video - DEBUG - [mapping_recorder.main:115] - [02:27:20] Redndı: False
2025-06-22 02:27:21,077 - map_video - DEBUG - [mapping_recorder.main:115] - [02:27:21] Redndı: False
2025-06-22 02:27:22,079 - map_video - DEBUG - [mapping_recorder.main:115] - [02:27:22] Redndı: False
2025-06-22 02:27:23,080 - map_video - DEBUG - [mapping_recorder.main:115] - [02:27:23] Redndı: False
2025-06-22 02:27:24,082 - map_video - DEBUG - [mapping_recorder.main:115] - [02:27:24] Redndı: False
2025-06-22 02:27:25,084 - map_video - DEBUG - [mapping_recorder.main:115] - [02:27:25] Redndı: False
2025-06-22 02:27:26,086 - map_video - DEBUG - [mapping_recorder.main:115] - [02:27:26] Redndı: False
2025-06-22 02:27:27,088 - map_video - DEBUG - [mapping_recorder.main:115] - [02:27:27] Redndı: False
2025-06-22 02:27:28,090 - map_video - DEBUG - [mapping_recorder.main:115] - [02:27:28] Redndı: False
2025-06-22 02:27:29,092 - map_video - DEBUG - [mapping_recorder.main:115] - [02:27:29] Redndı: False
2025-06-22 02:27:30,093 - map_video - DEBUG - [mapping_recorder.main:115] - [02:27:30] Redndı: False
2025-06-22 02:27:31,095 - map_video - DEBUG - [mapping_recorder.main:115] - [02:27:31] Redndı: False
2025-06-22 02:27:32,097 - map_video - DEBUG - [mapping_recorder.main:115] - [02:27:32] Redndı: False
2025-06-22 02:27:33,099 - map_video - DEBUG - [mapping_recorder.main:115] - [02:27:33] Redndı: False
2025-06-22 02:27:34,101 - map_video - DEBUG - [mapping_recorder.main:115] - [02:27:34] Redndı: False
2025-06-22 02:27:35,102 - map_video - DEBUG - [mapping_recorder.main:115] - [02:27:35] Redndı: False
2025-06-22 02:27:36,104 - map_video - DEBUG - [mapping_recorder.main:115] - [02:27:36] Redndı: False
2025-06-22 02:27:37,105 - map_video - DEBUG - [mapping_recorder.main:115] - [02:27:37] Redndı: False
2025-06-22 02:27:38,107 - map_video - DEBUG - [mapping_recorder.main:115] - [02:27:38] Redndı: False
2025-06-22 02:27:39,109 - map_video - DEBUG - [mapping_recorder.main:115] - [02:27:39] Redndı: False
2025-06-22 02:27:40,111 - map_video - DEBUG - [mapping_recorder.main:115] - [02:27:40] Redndı: False
2025-06-22 02:27:41,113 - map_video - DEBUG - [mapping_recorder.main:115] - [02:27:41] Redndı: False
2025-06-22 02:27:42,114 - map_video - DEBUG - [mapping_recorder.main:115] - [02:27:42] Redndı: False
2025-06-22 02:27:43,116 - map_video - DEBUG - [mapping_recorder.main:115] - [02:27:43] Redndı: False
2025-06-22 02:27:44,117 - map_video - DEBUG - [mapping_recorder.main:115] - [02:27:44] Redndı: False
2025-06-22 02:27:45,119 - map_video - DEBUG - [mapping_recorder.main:115] - [02:27:45] Redndı: False
2025-06-22 02:27:46,121 - map_video - DEBUG - [mapping_recorder.main:115] - [02:27:46] Redndı: False
2025-06-22 02:27:47,123 - map_video - DEBUG - [mapping_recorder.main:115] - [02:27:47] Redndı: False
2025-06-22 02:27:48,125 - map_video - DEBUG - [mapping_recorder.main:115] - [02:27:48] Redndı: False
2025-06-22 02:27:49,125 - map_video - DEBUG - [mapping_recorder.main:115] - [02:27:49] Redndı: False
2025-06-22 02:27:50,127 - map_video - DEBUG - [mapping_recorder.main:115] - [02:27:50] Redndı: False
2025-06-22 02:27:51,129 - map_video - DEBUG - [mapping_recorder.main:115] - [02:27:51] Redndı: False
2025-06-22 02:27:52,131 - map_video - DEBUG - [mapping_recorder.main:115] - [02:27:52] Redndı: False
2025-06-22 02:27:53,133 - map_video - DEBUG - [mapping_recorder.main:115] - [02:27:53] Redndı: False
2025-06-22 02:27:54,134 - map_video - DEBUG - [mapping_recorder.main:115] - [02:27:54] Redndı: False
2025-06-22 02:27:55,136 - map_video - DEBUG - [mapping_recorder.main:115] - [02:27:55] Redndı: False
2025-06-22 02:27:56,137 - map_video - DEBUG - [mapping_recorder.main:115] - [02:27:56] Redndı: False
2025-06-22 02:27:57,139 - map_video - DEBUG - [mapping_recorder.main:115] - [02:27:57] Redndı: False
2025-06-22 02:27:58,141 - map_video - DEBUG - [mapping_recorder.main:115] - [02:27:58] Redndı: False
2025-06-22 02:27:59,144 - map_video - DEBUG - [mapping_recorder.main:115] - [02:27:59] Redndı: False
2025-06-22 02:28:00,145 - map_video - DEBUG - [mapping_recorder.main:115] - [02:28:00] Redndı: False
2025-06-22 02:28:01,147 - map_video - DEBUG - [mapping_recorder.main:115] - [02:28:01] Redndı: False
2025-06-22 02:28:02,149 - map_video - DEBUG - [mapping_recorder.main:115] - [02:28:02] Redndı: False
2025-06-22 02:28:03,151 - map_video - DEBUG - [mapping_recorder.main:115] - [02:28:03] Redndı: False
2025-06-22 02:28:04,153 - map_video - DEBUG - [mapping_recorder.main:115] - [02:28:04] Redndı: False
2025-06-22 02:28:05,155 - map_video - DEBUG - [mapping_recorder.main:115] - [02:28:05] Redndı: False
2025-06-22 02:28:06,157 - map_video - DEBUG - [mapping_recorder.main:115] - [02:28:06] Redndı: False
2025-06-22 02:28:07,159 - map_video - DEBUG - [mapping_recorder.main:115] - [02:28:07] Redndı: False
2025-06-22 02:28:08,161 - map_video - DEBUG - [mapping_recorder.main:115] - [02:28:08] Redndı: False
2025-06-22 02:28:09,163 - map_video - DEBUG - [mapping_recorder.main:115] - [02:28:09] Redndı: False
2025-06-22 02:28:10,164 - map_video - DEBUG - [mapping_recorder.main:115] - [02:28:10] Redndı: False
2025-06-22 02:28:11,165 - map_video - DEBUG - [mapping_recorder.main:115] - [02:28:11] Redndı: False
2025-06-22 02:28:12,167 - map_video - DEBUG - [mapping_recorder.main:115] - [02:28:12] Redndı: False
2025-06-22 02:28:13,169 - map_video - DEBUG - [mapping_recorder.main:115] - [02:28:13] Redndı: False
2025-06-22 02:28:14,171 - map_video - DEBUG - [mapping_recorder.main:115] - [02:28:14] Redndı: False
2025-06-22 02:28:15,173 - map_video - DEBUG - [mapping_recorder.main:115] - [02:28:15] Redndı: False
2025-06-22 02:28:16,173 - map_video - DEBUG - [mapping_recorder.main:115] - [02:28:16] Redndı: False
2025-06-22 02:28:17,175 - map_video - DEBUG - [mapping_recorder.main:115] - [02:28:17] Redndı: False
2025-06-22 02:28:18,177 - map_video - DEBUG - [mapping_recorder.main:115] - [02:28:18] Redndı: False
2025-06-22 02:28:19,179 - map_video - DEBUG - [mapping_recorder.main:115] - [02:28:19] Redndı: False
2025-06-22 02:28:20,181 - map_video - DEBUG - [mapping_recorder.main:115] - [02:28:20] Redndı: False
2025-06-22 02:28:21,182 - map_video - DEBUG - [mapping_recorder.main:115] - [02:28:21] Redndı: False
2025-06-22 02:28:22,184 - map_video - DEBUG - [mapping_recorder.main:115] - [02:28:22] Redndı: False
2025-06-22 02:28:23,186 - map_video - DEBUG - [mapping_recorder.main:115] - [02:28:23] Redndı: False
2025-06-22 02:28:24,188 - map_video - DEBUG - [mapping_recorder.main:115] - [02:28:24] Redndı: False
2025-06-22 02:28:25,189 - map_video - DEBUG - [mapping_recorder.main:115] - [02:28:25] Redndı: False
2025-06-22 02:28:26,191 - map_video - DEBUG - [mapping_recorder.main:115] - [02:28:26] Redndı: False
2025-06-22 02:28:27,193 - map_video - DEBUG - [mapping_recorder.main:115] - [02:28:27] Redndı: False
2025-06-22 02:28:28,195 - map_video - DEBUG - [mapping_recorder.main:115] - [02:28:28] Redndı: False
2025-06-22 02:28:29,196 - map_video - DEBUG - [mapping_recorder.main:115] - [02:28:29] Redndı: False
2025-06-22 02:28:30,197 - map_video - DEBUG - [mapping_recorder.main:115] - [02:28:30] Redndı: False
2025-06-22 02:28:31,199 - map_video - DEBUG - [mapping_recorder.main:115] - [02:28:31] Redndı: False
2025-06-22 02:28:32,201 - map_video - DEBUG - [mapping_recorder.main:115] - [02:28:32] Redndı: False
2025-06-22 02:28:33,203 - map_video - DEBUG - [mapping_recorder.main:115] - [02:28:33] Redndı: False
2025-06-22 02:28:34,205 - map_video - DEBUG - [mapping_recorder.main:115] - [02:28:34] Redndı: False
2025-06-22 02:28:35,207 - map_video - DEBUG - [mapping_recorder.main:115] - [02:28:35] Redndı: False
2025-06-22 02:28:36,209 - map_video - DEBUG - [mapping_recorder.main:115] - [02:28:36] Redndı: False
2025-06-22 02:28:37,209 - map_video - DEBUG - [mapping_recorder.main:115] - [02:28:37] Redndı: False
2025-06-22 02:28:38,211 - map_video - DEBUG - [mapping_recorder.main:115] - [02:28:38] Redndı: False
2025-06-22 02:28:39,213 - map_video - DEBUG - [mapping_recorder.main:115] - [02:28:39] Redndı: False
2025-06-22 02:28:40,215 - map_video - DEBUG - [mapping_recorder.main:115] - [02:28:40] Redndı: False
2025-06-22 02:28:41,217 - map_video - DEBUG - [mapping_recorder.main:115] - [02:28:41] Redndı: False
2025-06-22 02:28:42,219 - map_video - DEBUG - [mapping_recorder.main:115] - [02:28:42] Redndı: False
2025-06-22 02:28:43,220 - map_video - DEBUG - [mapping_recorder.main:115] - [02:28:43] Redndı: False
2025-06-22 02:28:44,221 - map_video - DEBUG - [mapping_recorder.main:115] - [02:28:44] Redndı: False
2025-06-22 02:28:45,223 - map_video - DEBUG - [mapping_recorder.main:115] - [02:28:45] Redndı: False
2025-06-22 02:28:46,225 - map_video - DEBUG - [mapping_recorder.main:115] - [02:28:46] Redndı: False
2025-06-22 02:28:47,227 - map_video - DEBUG - [mapping_recorder.main:115] - [02:28:47] Redndı: False
2025-06-22 02:28:48,229 - map_video - DEBUG - [mapping_recorder.main:115] - [02:28:48] Redndı: False
2025-06-22 02:28:49,231 - map_video - DEBUG - [mapping_recorder.main:115] - [02:28:49] Redndı: False
2025-06-22 02:28:50,233 - map_video - DEBUG - [mapping_recorder.main:115] - [02:28:50] Redndı: False
2025-06-22 02:28:51,234 - map_video - DEBUG - [mapping_recorder.main:115] - [02:28:51] Redndı: False
2025-06-22 02:28:52,236 - map_video - DEBUG - [mapping_recorder.main:115] - [02:28:52] Redndı: False
2025-06-22 02:28:53,238 - map_video - DEBUG - [mapping_recorder.main:115] - [02:28:53] Redndı: False
2025-06-22 02:28:54,239 - map_video - DEBUG - [mapping_recorder.main:115] - [02:28:54] Redndı: False
2025-06-22 02:28:55,241 - map_video - DEBUG - [mapping_recorder.main:115] - [02:28:55] Redndı: False
2025-06-22 02:28:56,243 - map_video - DEBUG - [mapping_recorder.main:115] - [02:28:56] Redndı: False
2025-06-22 02:28:57,245 - map_video - DEBUG - [mapping_recorder.main:115] - [02:28:57] Redndı: False
2025-06-22 02:28:58,247 - map_video - DEBUG - [mapping_recorder.main:115] - [02:28:58] Redndı: False
2025-06-22 02:28:59,248 - map_video - DEBUG - [mapping_recorder.main:115] - [02:28:59] Redndı: False
2025-06-22 02:29:00,249 - map_video - DEBUG - [mapping_recorder.main:115] - [02:29:00] Redndı: False
2025-06-22 02:29:01,251 - map_video - DEBUG - [mapping_recorder.main:115] - [02:29:01] Redndı: False
2025-06-22 02:29:02,253 - map_video - DEBUG - [mapping_recorder.main:115] - [02:29:02] Redndı: False
2025-06-22 02:29:03,255 - map_video - DEBUG - [mapping_recorder.main:115] - [02:29:03] Redndı: False
2025-06-22 02:29:04,256 - map_video - DEBUG - [mapping_recorder.main:115] - [02:29:04] Redndı: False
2025-06-22 02:29:05,257 - map_video - DEBUG - [mapping_recorder.main:115] - [02:29:05] Redndı: False
2025-06-22 02:29:06,259 - map_video - DEBUG - [mapping_recorder.main:115] - [02:29:06] Redndı: False
2025-06-22 02:29:07,261 - map_video - DEBUG - [mapping_recorder.main:115] - [02:29:07] Redndı: False
2025-06-22 02:29:08,263 - map_video - DEBUG - [mapping_recorder.main:115] - [02:29:08] Redndı: False
2025-06-22 02:29:09,265 - map_video - DEBUG - [mapping_recorder.main:115] - [02:29:09] Redndı: False
2025-06-22 02:29:10,267 - map_video - DEBUG - [mapping_recorder.main:115] - [02:29:10] Redndı: False
2025-06-22 02:29:11,268 - map_video - DEBUG - [mapping_recorder.main:115] - [02:29:11] Redndı: False
2025-06-22 02:29:12,270 - map_video - DEBUG - [mapping_recorder.main:115] - [02:29:12] Redndı: False
2025-06-22 02:29:13,272 - map_video - DEBUG - [mapping_recorder.main:115] - [02:29:13] Redndı: False
2025-06-22 02:29:14,273 - map_video - DEBUG - [mapping_recorder.main:115] - [02:29:14] Redndı: False
2025-06-22 02:29:15,275 - map_video - DEBUG - [mapping_recorder.main:115] - [02:29:15] Redndı: False
2025-06-22 02:29:16,277 - map_video - DEBUG - [mapping_recorder.main:115] - [02:29:16] Redndı: False
2025-06-22 02:29:17,279 - map_video - DEBUG - [mapping_recorder.main:115] - [02:29:17] Redndı: False
2025-06-22 02:29:18,281 - map_video - DEBUG - [mapping_recorder.main:115] - [02:29:18] Redndı: False
2025-06-22 02:29:19,283 - map_video - DEBUG - [mapping_recorder.main:115] - [02:29:19] Redndı: False
2025-06-22 02:29:20,284 - map_video - DEBUG - [mapping_recorder.main:115] - [02:29:20] Redndı: False
2025-06-22 02:29:21,285 - map_video - DEBUG - [mapping_recorder.main:115] - [02:29:21] Redndı: False
2025-06-22 02:29:22,287 - map_video - DEBUG - [mapping_recorder.main:115] - [02:29:22] Redndı: False
2025-06-22 02:29:23,289 - map_video - DEBUG - [mapping_recorder.main:115] - [02:29:23] Redndı: False
2025-06-22 02:29:24,291 - map_video - DEBUG - [mapping_recorder.main:115] - [02:29:24] Redndı: False
2025-06-22 02:29:25,293 - map_video - DEBUG - [mapping_recorder.main:115] - [02:29:25] Redndı: False
2025-06-22 02:29:26,294 - map_video - DEBUG - [mapping_recorder.main:115] - [02:29:26] Redndı: False
2025-06-22 02:29:27,296 - map_video - DEBUG - [mapping_recorder.main:115] - [02:29:27] Redndı: False
2025-06-22 02:29:28,297 - map_video - DEBUG - [mapping_recorder.main:115] - [02:29:28] Redndı: False
2025-06-22 02:29:29,299 - map_video - DEBUG - [mapping_recorder.main:115] - [02:29:29] Redndı: False
2025-06-22 02:29:30,301 - map_video - DEBUG - [mapping_recorder.main:115] - [02:29:30] Redndı: False
2025-06-22 02:29:31,303 - map_video - DEBUG - [mapping_recorder.main:115] - [02:29:31] Redndı: False
2025-06-22 02:29:32,305 - map_video - DEBUG - [mapping_recorder.main:115] - [02:29:32] Redndı: False
2025-06-22 02:29:33,306 - map_video - DEBUG - [mapping_recorder.main:115] - [02:29:33] Redndı: False
2025-06-22 02:29:34,308 - map_video - DEBUG - [mapping_recorder.main:115] - [02:29:34] Redndı: False
2025-06-22 02:29:35,310 - map_video - DEBUG - [mapping_recorder.main:115] - [02:29:35] Redndı: False
2025-06-22 02:29:36,312 - map_video - DEBUG - [mapping_recorder.main:115] - [02:29:36] Redndı: False
2025-06-22 02:29:37,313 - map_video - DEBUG - [mapping_recorder.main:115] - [02:29:37] Redndı: False
2025-06-22 02:29:38,315 - map_video - DEBUG - [mapping_recorder.main:115] - [02:29:38] Redndı: False
2025-06-22 02:29:39,317 - map_video - DEBUG - [mapping_recorder.main:115] - [02:29:39] Redndı: False
2025-06-22 02:29:40,319 - map_video - DEBUG - [mapping_recorder.main:115] - [02:29:40] Redndı: False
2025-06-22 02:29:41,321 - map_video - DEBUG - [mapping_recorder.main:115] - [02:29:41] Redndı: False
2025-06-22 02:29:42,322 - map_video - DEBUG - [mapping_recorder.main:115] - [02:29:42] Redndı: False
2025-06-22 02:29:43,324 - map_video - DEBUG - [mapping_recorder.main:115] - [02:29:43] Redndı: False
2025-06-22 02:29:44,325 - map_video - DEBUG - [mapping_recorder.main:115] - [02:29:44] Redndı: False
2025-06-22 02:29:45,327 - map_video - DEBUG - [mapping_recorder.main:115] - [02:29:45] Redndı: False
2025-06-22 02:29:46,329 - map_video - DEBUG - [mapping_recorder.main:115] - [02:29:46] Redndı: False
2025-06-22 02:29:47,331 - map_video - DEBUG - [mapping_recorder.main:115] - [02:29:47] Redndı: False
2025-06-22 02:29:48,333 - map_video - DEBUG - [mapping_recorder.main:115] - [02:29:48] Redndı: False
2025-06-22 02:29:49,335 - map_video - DEBUG - [mapping_recorder.main:115] - [02:29:49] Redndı: False
2025-06-22 02:29:50,336 - map_video - DEBUG - [mapping_recorder.main:115] - [02:29:50] Redndı: False
2025-06-22 02:29:51,337 - map_video - DEBUG - [mapping_recorder.main:115] - [02:29:51] Redndı: False
2025-06-22 02:29:52,339 - map_video - DEBUG - [mapping_recorder.main:115] - [02:29:52] Redndı: False
2025-06-22 02:29:53,341 - map_video - DEBUG - [mapping_recorder.main:115] - [02:29:53] Redndı: False
2025-06-22 02:29:54,343 - map_video - DEBUG - [mapping_recorder.main:115] - [02:29:54] Redndı: False
2025-06-22 02:29:55,345 - map_video - DEBUG - [mapping_recorder.main:115] - [02:29:55] Redndı: False
2025-06-22 02:29:56,346 - map_video - DEBUG - [mapping_recorder.main:115] - [02:29:56] Redndı: False
2025-06-22 02:29:57,348 - map_video - DEBUG - [mapping_recorder.main:115] - [02:29:57] Redndı: False
2025-06-22 02:29:58,349 - map_video - DEBUG - [mapping_recorder.main:115] - [02:29:58] Redndı: False
2025-06-22 02:29:59,351 - map_video - DEBUG - [mapping_recorder.main:115] - [02:29:59] Redndı: False
2025-06-22 02:30:00,353 - map_video - DEBUG - [mapping_recorder.main:115] - [02:30:00] Redndı: False
2025-06-22 02:30:01,355 - map_video - DEBUG - [mapping_recorder.main:115] - [02:30:01] Redndı: False
2025-06-22 02:30:02,357 - map_video - DEBUG - [mapping_recorder.main:115] - [02:30:02] Redndı: False
2025-06-22 02:30:03,358 - map_video - DEBUG - [mapping_recorder.main:115] - [02:30:03] Redndı: False
2025-06-22 02:30:04,360 - map_video - DEBUG - [mapping_recorder.main:115] - [02:30:04] Redndı: False
2025-06-22 02:30:05,361 - map_video - DEBUG - [mapping_recorder.main:115] - [02:30:05] Redndı: False
2025-06-22 02:30:06,363 - map_video - DEBUG - [mapping_recorder.main:115] - [02:30:06] Redndı: False
2025-06-22 02:30:07,365 - map_video - DEBUG - [mapping_recorder.main:115] - [02:30:07] Redndı: False
2025-06-22 02:30:08,367 - map_video - DEBUG - [mapping_recorder.main:115] - [02:30:08] Redndı: False
2025-06-22 02:30:09,369 - map_video - DEBUG - [mapping_recorder.main:115] - [02:30:09] Redndı: False
2025-06-22 02:30:10,369 - map_video - DEBUG - [mapping_recorder.main:115] - [02:30:10] Redndı: False
2025-06-22 02:30:11,371 - map_video - DEBUG - [mapping_recorder.main:115] - [02:30:11] Redndı: False
2025-06-22 02:30:12,373 - map_video - DEBUG - [mapping_recorder.main:115] - [02:30:12] Redndı: False
2025-06-22 02:30:13,375 - map_video - DEBUG - [mapping_recorder.main:115] - [02:30:13] Redndı: False
2025-06-22 02:30:14,376 - map_video - DEBUG - [mapping_recorder.main:115] - [02:30:14] Redndı: False
2025-06-22 02:30:15,377 - map_video - DEBUG - [mapping_recorder.main:115] - [02:30:15] Redndı: False
2025-06-22 02:30:16,378 - map_video - DEBUG - [mapping_recorder.main:115] - [02:30:16] Redndı: False
2025-06-22 02:30:17,380 - map_video - DEBUG - [mapping_recorder.main:115] - [02:30:17] Redndı: False
2025-06-22 02:30:18,381 - map_video - DEBUG - [mapping_recorder.main:115] - [02:30:18] Redndı: False
2025-06-22 02:30:19,383 - map_video - DEBUG - [mapping_recorder.main:115] - [02:30:19] Redndı: False
2025-06-22 02:30:20,385 - map_video - DEBUG - [mapping_recorder.main:115] - [02:30:20] Redndı: False
2025-06-22 02:30:21,387 - map_video - DEBUG - [mapping_recorder.main:115] - [02:30:21] Redndı: False
2025-06-22 02:30:22,389 - map_video - DEBUG - [mapping_recorder.main:115] - [02:30:22] Redndı: False
2025-06-22 02:30:23,390 - map_video - DEBUG - [mapping_recorder.main:115] - [02:30:23] Redndı: False
2025-06-22 02:30:24,392 - map_video - DEBUG - [mapping_recorder.main:115] - [02:30:24] Redndı: False
2025-06-22 02:30:25,393 - map_video - DEBUG - [mapping_recorder.main:115] - [02:30:25] Redndı: False
2025-06-22 02:30:26,395 - map_video - DEBUG - [mapping_recorder.main:115] - [02:30:26] Redndı: False
2025-06-22 02:30:27,397 - map_video - DEBUG - [mapping_recorder.main:115] - [02:30:27] Redndı: False
2025-06-22 02:30:28,399 - map_video - DEBUG - [mapping_recorder.main:115] - [02:30:28] Redndı: False
2025-06-22 02:30:29,401 - map_video - DEBUG - [mapping_recorder.main:115] - [02:30:29] Redndı: False
2025-06-22 02:30:30,401 - map_video - DEBUG - [mapping_recorder.main:115] - [02:30:30] Redndı: False
2025-06-22 02:30:31,403 - map_video - DEBUG - [mapping_recorder.main:115] - [02:30:31] Redndı: False
2025-06-22 02:30:32,405 - map_video - DEBUG - [mapping_recorder.main:115] - [02:30:32] Redndı: False
2025-06-22 02:30:33,407 - map_video - DEBUG - [mapping_recorder.main:115] - [02:30:33] Redndı: False
2025-06-22 02:30:34,409 - map_video - DEBUG - [mapping_recorder.main:115] - [02:30:34] Redndı: False
2025-06-22 02:30:35,410 - map_video - DEBUG - [mapping_recorder.main:115] - [02:30:35] Redndı: False
2025-06-22 02:30:36,412 - map_video - DEBUG - [mapping_recorder.main:115] - [02:30:36] Redndı: False
2025-06-22 02:30:37,413 - map_video - DEBUG - [mapping_recorder.main:115] - [02:30:37] Redndı: False
2025-06-22 02:30:38,415 - map_video - DEBUG - [mapping_recorder.main:115] - [02:30:38] Redndı: False
2025-06-22 02:30:39,417 - map_video - DEBUG - [mapping_recorder.main:115] - [02:30:39] Redndı: False
2025-06-22 02:30:40,419 - map_video - DEBUG - [mapping_recorder.main:115] - [02:30:40] Redndı: False
2025-06-22 02:30:41,421 - map_video - DEBUG - [mapping_recorder.main:115] - [02:30:41] Redndı: False
2025-06-22 02:30:42,421 - map_video - DEBUG - [mapping_recorder.main:115] - [02:30:42] Redndı: False
2025-06-22 02:30:43,423 - map_video - DEBUG - [mapping_recorder.main:115] - [02:30:43] Redndı: False
2025-06-22 02:30:44,425 - map_video - DEBUG - [mapping_recorder.main:115] - [02:30:44] Redndı: False
2025-06-22 02:30:45,427 - map_video - DEBUG - [mapping_recorder.main:115] - [02:30:45] Redndı: False
2025-06-22 02:30:46,429 - map_video - DEBUG - [mapping_recorder.main:115] - [02:30:46] Redndı: False
2025-06-22 02:30:47,431 - map_video - DEBUG - [mapping_recorder.main:115] - [02:30:47] Redndı: False
2025-06-22 02:30:48,432 - map_video - DEBUG - [mapping_recorder.main:115] - [02:30:48] Redndı: False
2025-06-22 02:30:49,433 - map_video - DEBUG - [mapping_recorder.main:115] - [02:30:49] Redndı: False
2025-06-22 02:30:50,435 - map_video - DEBUG - [mapping_recorder.main:115] - [02:30:50] Redndı: False
2025-06-22 02:30:51,437 - map_video - DEBUG - [mapping_recorder.main:115] - [02:30:51] Redndı: False
2025-06-22 02:30:52,439 - map_video - DEBUG - [mapping_recorder.main:115] - [02:30:52] Redndı: False
2025-06-22 02:30:53,441 - map_video - DEBUG - [mapping_recorder.main:115] - [02:30:53] Redndı: False
2025-06-22 02:30:54,443 - map_video - DEBUG - [mapping_recorder.main:115] - [02:30:54] Redndı: False
2025-06-22 02:30:55,444 - map_video - DEBUG - [mapping_recorder.main:115] - [02:30:55] Redndı: False
2025-06-22 02:30:56,445 - map_video - DEBUG - [mapping_recorder.main:115] - [02:30:56] Redndı: False
2025-06-22 02:30:57,447 - map_video - DEBUG - [mapping_recorder.main:115] - [02:30:57] Redndı: False
2025-06-22 02:30:58,449 - map_video - DEBUG - [mapping_recorder.main:115] - [02:30:58] Redndı: False
2025-06-22 02:30:59,451 - map_video - DEBUG - [mapping_recorder.main:115] - [02:30:59] Redndı: False
2025-06-22 02:31:00,453 - map_video - DEBUG - [mapping_recorder.main:115] - [02:31:00] Redndı: False
2025-06-22 02:31:01,455 - map_video - DEBUG - [mapping_recorder.main:115] - [02:31:01] Redndı: False
2025-06-22 02:31:02,456 - map_video - DEBUG - [mapping_recorder.main:115] - [02:31:02] Redndı: False
2025-06-22 02:31:03,457 - map_video - DEBUG - [mapping_recorder.main:115] - [02:31:03] Redndı: False
2025-06-22 02:31:04,459 - map_video - DEBUG - [mapping_recorder.main:115] - [02:31:04] Redndı: False
2025-06-22 02:31:05,461 - map_video - DEBUG - [mapping_recorder.main:115] - [02:31:05] Redndı: False
2025-06-22 02:31:06,463 - map_video - DEBUG - [mapping_recorder.main:115] - [02:31:06] Redndı: False
2025-06-22 02:31:07,465 - map_video - DEBUG - [mapping_recorder.main:115] - [02:31:07] Redndı: False
2025-06-22 02:31:08,466 - map_video - DEBUG - [mapping_recorder.main:115] - [02:31:08] Redndı: False
2025-06-22 02:31:09,468 - map_video - DEBUG - [mapping_recorder.main:115] - [02:31:09] Redndı: False
2025-06-22 02:31:10,470 - map_video - DEBUG - [mapping_recorder.main:115] - [02:31:10] Redndı: False
2025-06-22 02:31:11,472 - map_video - DEBUG - [mapping_recorder.main:115] - [02:31:11] Redndı: False
2025-06-22 02:31:12,473 - map_video - DEBUG - [mapping_recorder.main:115] - [02:31:12] Redndı: False
2025-06-22 02:31:13,475 - map_video - DEBUG - [mapping_recorder.main:115] - [02:31:13] Redndı: False
2025-06-22 02:31:14,477 - map_video - DEBUG - [mapping_recorder.main:115] - [02:31:14] Redndı: False
2025-06-22 02:31:15,479 - map_video - DEBUG - [mapping_recorder.main:115] - [02:31:15] Redndı: False
2025-06-22 02:31:16,481 - map_video - DEBUG - [mapping_recorder.main:115] - [02:31:16] Redndı: False
2025-06-22 02:31:17,482 - map_video - DEBUG - [mapping_recorder.main:115] - [02:31:17] Redndı: False
2025-06-22 02:31:18,484 - map_video - DEBUG - [mapping_recorder.main:115] - [02:31:18] Redndı: False
2025-06-22 02:31:19,485 - map_video - DEBUG - [mapping_recorder.main:115] - [02:31:19] Redndı: False
2025-06-22 02:31:20,487 - map_video - DEBUG - [mapping_recorder.main:115] - [02:31:20] Redndı: False
2025-06-22 02:31:21,489 - map_video - DEBUG - [mapping_recorder.main:115] - [02:31:21] Redndı: False
2025-06-22 02:31:22,491 - map_video - DEBUG - [mapping_recorder.main:115] - [02:31:22] Redndı: False
2025-06-22 02:31:23,493 - map_video - DEBUG - [mapping_recorder.main:115] - [02:31:23] Redndı: False
2025-06-22 02:31:24,493 - map_video - DEBUG - [mapping_recorder.main:115] - [02:31:24] Redndı: False
2025-06-22 02:31:25,495 - map_video - DEBUG - [mapping_recorder.main:115] - [02:31:25] Redndı: False
2025-06-22 02:31:26,497 - map_video - DEBUG - [mapping_recorder.main:115] - [02:31:26] Redndı: False
2025-06-22 02:31:27,499 - map_video - DEBUG - [mapping_recorder.main:115] - [02:31:27] Redndı: False
2025-06-22 02:31:28,501 - map_video - DEBUG - [mapping_recorder.main:115] - [02:31:28] Redndı: False
2025-06-22 02:31:29,501 - map_video - DEBUG - [mapping_recorder.main:115] - [02:31:29] Redndı: False
2025-06-22 02:31:30,503 - map_video - DEBUG - [mapping_recorder.main:115] - [02:31:30] Redndı: False
2025-06-22 02:31:31,505 - map_video - DEBUG - [mapping_recorder.main:115] - [02:31:31] Redndı: False
2025-06-22 02:31:32,507 - map_video - DEBUG - [mapping_recorder.main:115] - [02:31:32] Redndı: False
2025-06-22 02:31:33,509 - map_video - DEBUG - [mapping_recorder.main:115] - [02:31:33] Redndı: False
2025-06-22 02:31:34,510 - map_video - DEBUG - [mapping_recorder.main:115] - [02:31:34] Redndı: False
2025-06-22 02:31:35,512 - map_video - DEBUG - [mapping_recorder.main:115] - [02:31:35] Redndı: False
2025-06-22 02:31:36,513 - map_video - DEBUG - [mapping_recorder.main:115] - [02:31:36] Redndı: False
2025-06-22 02:31:37,515 - map_video - DEBUG - [mapping_recorder.main:115] - [02:31:37] Redndı: False
2025-06-22 02:31:38,517 - map_video - DEBUG - [mapping_recorder.main:115] - [02:31:38] Redndı: False
2025-06-22 02:31:39,519 - map_video - DEBUG - [mapping_recorder.main:115] - [02:31:39] Redndı: False
2025-06-22 02:31:40,520 - map_video - DEBUG - [mapping_recorder.main:115] - [02:31:40] Redndı: False
2025-06-22 02:31:41,521 - map_video - DEBUG - [mapping_recorder.main:115] - [02:31:41] Redndı: False
2025-06-22 02:31:42,523 - map_video - DEBUG - [mapping_recorder.main:115] - [02:31:42] Redndı: False
2025-06-22 02:31:43,525 - map_video - DEBUG - [mapping_recorder.main:115] - [02:31:43] Redndı: False
2025-06-22 02:31:44,525 - map_video - DEBUG - [mapping_recorder.main:115] - [02:31:44] Redndı: False
2025-06-22 02:31:45,527 - map_video - DEBUG - [mapping_recorder.main:115] - [02:31:45] Redndı: False
2025-06-22 02:31:46,529 - map_video - DEBUG - [mapping_recorder.main:115] - [02:31:46] Redndı: False
2025-06-22 02:31:47,531 - map_video - DEBUG - [mapping_recorder.main:115] - [02:31:47] Redndı: False
2025-06-22 02:31:48,533 - map_video - DEBUG - [mapping_recorder.main:115] - [02:31:48] Redndı: False
2025-06-22 02:31:49,535 - map_video - DEBUG - [mapping_recorder.main:115] - [02:31:49] Redndı: False
2025-06-22 02:31:50,536 - map_video - DEBUG - [mapping_recorder.main:115] - [02:31:50] Redndı: False
2025-06-22 02:31:51,537 - map_video - DEBUG - [mapping_recorder.main:115] - [02:31:51] Redndı: False
2025-06-22 02:31:52,539 - map_video - DEBUG - [mapping_recorder.main:115] - [02:31:52] Redndı: False
2025-06-22 02:31:53,541 - map_video - DEBUG - [mapping_recorder.main:115] - [02:31:53] Redndı: False
2025-06-22 02:31:54,542 - map_video - DEBUG - [mapping_recorder.main:115] - [02:31:54] Redndı: False
2025-06-22 02:31:55,544 - map_video - DEBUG - [mapping_recorder.main:115] - [02:31:55] Redndı: False
2025-06-22 02:31:56,545 - map_video - DEBUG - [mapping_recorder.main:115] - [02:31:56] Redndı: False
2025-06-22 02:31:57,547 - map_video - DEBUG - [mapping_recorder.main:115] - [02:31:57] Redndı: False
2025-06-22 02:31:58,549 - map_video - DEBUG - [mapping_recorder.main:115] - [02:31:58] Redndı: False
2025-06-22 02:31:59,551 - map_video - DEBUG - [mapping_recorder.main:115] - [02:31:59] Redndı: False
2025-06-22 02:32:00,552 - map_video - DEBUG - [mapping_recorder.main:115] - [02:32:00] Redndı: False
2025-06-22 02:32:01,553 - map_video - DEBUG - [mapping_recorder.main:115] - [02:32:01] Redndı: False
2025-06-22 02:32:02,555 - map_video - DEBUG - [mapping_recorder.main:115] - [02:32:02] Redndı: False
2025-06-22 02:32:03,557 - map_video - DEBUG - [mapping_recorder.main:115] - [02:32:03] Redndı: False
2025-06-22 02:32:04,559 - map_video - DEBUG - [mapping_recorder.main:115] - [02:32:04] Redndı: False
2025-06-22 02:32:05,561 - map_video - DEBUG - [mapping_recorder.main:115] - [02:32:05] Redndı: False
2025-06-22 02:32:06,563 - map_video - DEBUG - [mapping_recorder.main:115] - [02:32:06] Redndı: False
2025-06-22 02:32:07,564 - map_video - DEBUG - [mapping_recorder.main:115] - [02:32:07] Redndı: False
2025-06-22 02:32:08,566 - map_video - DEBUG - [mapping_recorder.main:115] - [02:32:08] Redndı: False
2025-06-22 02:32:09,568 - map_video - DEBUG - [mapping_recorder.main:115] - [02:32:09] Redndı: False
2025-06-22 02:32:10,569 - map_video - DEBUG - [mapping_recorder.main:115] - [02:32:10] Redndı: False
2025-06-22 02:32:11,571 - map_video - DEBUG - [mapping_recorder.main:115] - [02:32:11] Redndı: False
2025-06-22 02:32:12,573 - map_video - DEBUG - [mapping_recorder.main:115] - [02:32:12] Redndı: False
2025-06-22 02:32:13,575 - map_video - DEBUG - [mapping_recorder.main:115] - [02:32:13] Redndı: False
2025-06-22 02:32:14,577 - map_video - DEBUG - [mapping_recorder.main:115] - [02:32:14] Redndı: False
2025-06-22 02:32:15,577 - map_video - DEBUG - [mapping_recorder.main:115] - [02:32:15] Redndı: False
2025-06-22 02:32:16,579 - map_video - DEBUG - [mapping_recorder.main:115] - [02:32:16] Redndı: False
2025-06-22 02:32:17,581 - map_video - DEBUG - [mapping_recorder.main:115] - [02:32:17] Redndı: False
2025-06-22 02:32:18,583 - map_video - DEBUG - [mapping_recorder.main:115] - [02:32:18] Redndı: False
2025-06-22 02:32:19,585 - map_video - DEBUG - [mapping_recorder.main:115] - [02:32:19] Redndı: False
2025-06-22 02:32:20,586 - map_video - DEBUG - [mapping_recorder.main:115] - [02:32:20] Redndı: False
2025-06-22 02:32:21,588 - map_video - DEBUG - [mapping_recorder.main:115] - [02:32:21] Redndı: False
2025-06-22 02:32:22,589 - map_video - DEBUG - [mapping_recorder.main:115] - [02:32:22] Redndı: False
2025-06-22 02:32:23,591 - map_video - DEBUG - [mapping_recorder.main:115] - [02:32:23] Redndı: False
2025-06-22 02:32:24,593 - map_video - DEBUG - [mapping_recorder.main:115] - [02:32:24] Redndı: False
2025-06-22 02:32:25,595 - map_video - DEBUG - [mapping_recorder.main:115] - [02:32:25] Redndı: False
2025-06-22 02:32:26,597 - map_video - DEBUG - [mapping_recorder.main:115] - [02:32:26] Redndı: False
2025-06-22 02:32:27,597 - map_video - DEBUG - [mapping_recorder.main:115] - [02:32:27] Redndı: False
2025-06-22 02:32:28,599 - map_video - DEBUG - [mapping_recorder.main:115] - [02:32:28] Redndı: False
2025-06-22 02:32:29,601 - map_video - DEBUG - [mapping_recorder.main:115] - [02:32:29] Redndı: False
2025-06-22 02:32:30,603 - map_video - DEBUG - [mapping_recorder.main:115] - [02:32:30] Redndı: False
2025-06-22 02:32:31,605 - map_video - DEBUG - [mapping_recorder.main:115] - [02:32:31] Redndı: False
2025-06-22 02:32:32,607 - map_video - DEBUG - [mapping_recorder.main:115] - [02:32:32] Redndı: False
2025-06-22 02:32:33,608 - map_video - DEBUG - [mapping_recorder.main:115] - [02:32:33] Redndı: False
2025-06-22 02:32:34,609 - map_video - DEBUG - [mapping_recorder.main:115] - [02:32:34] Redndı: False
2025-06-22 02:32:35,611 - map_video - DEBUG - [mapping_recorder.main:115] - [02:32:35] Redndı: False
2025-06-22 02:32:36,613 - map_video - DEBUG - [mapping_recorder.main:115] - [02:32:36] Redndı: False
2025-06-22 02:32:37,615 - map_video - DEBUG - [mapping_recorder.main:115] - [02:32:37] Redndı: False
2025-06-22 02:32:38,617 - map_video - DEBUG - [mapping_recorder.main:115] - [02:32:38] Redndı: False
2025-06-22 02:32:39,617 - map_video - DEBUG - [mapping_recorder.main:115] - [02:32:39] Redndı: False
2025-06-22 02:32:40,619 - map_video - DEBUG - [mapping_recorder.main:115] - [02:32:40] Redndı: False
2025-06-22 02:32:41,621 - map_video - DEBUG - [mapping_recorder.main:115] - [02:32:41] Redndı: False
2025-06-22 02:32:42,623 - map_video - DEBUG - [mapping_recorder.main:115] - [02:32:42] Redndı: False
2025-06-22 02:32:43,625 - map_video - DEBUG - [mapping_recorder.main:115] - [02:32:43] Redndı: False
2025-06-22 02:32:44,625 - map_video - DEBUG - [mapping_recorder.main:115] - [02:32:44] Redndı: False
2025-06-22 02:32:45,627 - map_video - DEBUG - [mapping_recorder.main:115] - [02:32:45] Redndı: False
2025-06-22 02:32:46,629 - map_video - DEBUG - [mapping_recorder.main:115] - [02:32:46] Redndı: False
2025-06-22 02:32:47,631 - map_video - DEBUG - [mapping_recorder.main:115] - [02:32:47] Redndı: False
2025-06-22 02:32:48,633 - map_video - DEBUG - [mapping_recorder.main:115] - [02:32:48] Redndı: False
2025-06-22 02:32:49,634 - map_video - DEBUG - [mapping_recorder.main:115] - [02:32:49] Redndı: False
2025-06-22 02:32:50,636 - map_video - DEBUG - [mapping_recorder.main:115] - [02:32:50] Redndı: False
2025-06-22 02:32:51,638 - map_video - DEBUG - [mapping_recorder.main:115] - [02:32:51] Redndı: False
2025-06-22 02:32:52,640 - map_video - DEBUG - [mapping_recorder.main:115] - [02:32:52] Redndı: False
2025-06-22 02:32:53,641 - map_video - DEBUG - [mapping_recorder.main:115] - [02:32:53] Redndı: False
2025-06-22 02:32:54,643 - map_video - DEBUG - [mapping_recorder.main:115] - [02:32:54] Redndı: False
2025-06-22 02:32:55,645 - map_video - DEBUG - [mapping_recorder.main:115] - [02:32:55] Redndı: False
2025-06-22 02:32:56,647 - map_video - DEBUG - [mapping_recorder.main:115] - [02:32:56] Redndı: False
2025-06-22 02:32:57,648 - map_video - DEBUG - [mapping_recorder.main:115] - [02:32:57] Redndı: False
2025-06-22 02:32:58,649 - map_video - DEBUG - [mapping_recorder.main:115] - [02:32:58] Redndı: False
2025-06-22 02:32:59,651 - map_video - DEBUG - [mapping_recorder.main:115] - [02:32:59] Redndı: False
2025-06-22 02:33:00,653 - map_video - DEBUG - [mapping_recorder.main:115] - [02:33:00] Redndı: False
2025-06-22 02:33:01,655 - map_video - DEBUG - [mapping_recorder.main:115] - [02:33:01] Redndı: False
2025-06-22 02:33:02,657 - map_video - DEBUG - [mapping_recorder.main:115] - [02:33:02] Redndı: False
2025-06-22 02:33:03,659 - map_video - DEBUG - [mapping_recorder.main:115] - [02:33:03] Redndı: False
2025-06-22 02:33:04,660 - map_video - DEBUG - [mapping_recorder.main:115] - [02:33:04] Redndı: False
2025-06-22 02:33:05,662 - map_video - DEBUG - [mapping_recorder.main:115] - [02:33:05] Redndı: False
2025-06-22 02:33:06,664 - map_video - DEBUG - [mapping_recorder.main:115] - [02:33:06] Redndı: False
2025-06-22 02:33:07,665 - map_video - DEBUG - [mapping_recorder.main:115] - [02:33:07] Redndı: False
2025-06-22 02:33:08,667 - map_video - DEBUG - [mapping_recorder.main:115] - [02:33:08] Redndı: False
2025-06-22 02:33:09,669 - map_video - DEBUG - [mapping_recorder.main:115] - [02:33:09] Redndı: False
2025-06-22 02:33:10,671 - map_video - DEBUG - [mapping_recorder.main:115] - [02:33:10] Redndı: False
2025-06-22 02:33:11,673 - map_video - DEBUG - [mapping_recorder.main:115] - [02:33:11] Redndı: False
2025-06-22 02:33:12,675 - map_video - DEBUG - [mapping_recorder.main:115] - [02:33:12] Redndı: False
2025-06-22 02:33:13,677 - map_video - DEBUG - [mapping_recorder.main:115] - [02:33:13] Redndı: False
2025-06-22 02:33:14,677 - map_video - DEBUG - [mapping_recorder.main:115] - [02:33:14] Redndı: False
2025-06-22 02:33:15,679 - map_video - DEBUG - [mapping_recorder.main:115] - [02:33:15] Redndı: False
2025-06-22 02:33:16,681 - map_video - DEBUG - [mapping_recorder.main:115] - [02:33:16] Redndı: False
2025-06-22 02:33:17,683 - map_video - DEBUG - [mapping_recorder.main:115] - [02:33:17] Redndı: False
2025-06-22 02:33:18,685 - map_video - DEBUG - [mapping_recorder.main:115] - [02:33:18] Redndı: False
2025-06-22 02:33:19,687 - map_video - DEBUG - [mapping_recorder.main:115] - [02:33:19] Redndı: False
2025-06-22 02:33:20,688 - map_video - DEBUG - [mapping_recorder.main:115] - [02:33:20] Redndı: False
2025-06-22 02:33:21,689 - map_video - DEBUG - [mapping_recorder.main:115] - [02:33:21] Redndı: False
2025-06-22 02:33:22,691 - map_video - DEBUG - [mapping_recorder.main:115] - [02:33:22] Redndı: False
2025-06-22 02:33:23,693 - map_video - DEBUG - [mapping_recorder.main:115] - [02:33:23] Redndı: False
2025-06-22 02:33:24,695 - map_video - DEBUG - [mapping_recorder.main:115] - [02:33:24] Redndı: False
2025-06-22 02:33:25,697 - map_video - DEBUG - [mapping_recorder.main:115] - [02:33:25] Redndı: False
2025-06-22 02:33:26,698 - map_video - DEBUG - [mapping_recorder.main:115] - [02:33:26] Redndı: False
2025-06-22 02:33:27,700 - map_video - DEBUG - [mapping_recorder.main:115] - [02:33:27] Redndı: False
2025-06-22 02:33:28,701 - map_video - DEBUG - [mapping_recorder.main:115] - [02:33:28] Redndı: False
2025-06-22 02:33:29,703 - map_video - DEBUG - [mapping_recorder.main:115] - [02:33:29] Redndı: False
2025-06-22 02:33:30,705 - map_video - DEBUG - [mapping_recorder.main:115] - [02:33:30] Redndı: False
2025-06-22 02:33:31,707 - map_video - DEBUG - [mapping_recorder.main:115] - [02:33:31] Redndı: False
2025-06-22 02:33:32,709 - map_video - DEBUG - [mapping_recorder.main:115] - [02:33:32] Redndı: False
2025-06-22 02:33:33,711 - map_video - DEBUG - [mapping_recorder.main:115] - [02:33:33] Redndı: False
2025-06-22 02:33:34,712 - map_video - DEBUG - [mapping_recorder.main:115] - [02:33:34] Redndı: False
2025-06-22 02:33:35,714 - map_video - DEBUG - [mapping_recorder.main:115] - [02:33:35] Redndı: False
2025-06-22 02:33:36,716 - map_video - DEBUG - [mapping_recorder.main:115] - [02:33:36] Redndı: False
2025-06-22 02:33:37,717 - map_video - DEBUG - [mapping_recorder.main:115] - [02:33:37] Redndı: False
2025-06-22 02:33:38,719 - map_video - DEBUG - [mapping_recorder.main:115] - [02:33:38] Redndı: False
2025-06-22 02:33:39,721 - map_video - DEBUG - [mapping_recorder.main:115] - [02:33:39] Redndı: False
2025-06-22 02:33:40,723 - map_video - DEBUG - [mapping_recorder.main:115] - [02:33:40] Redndı: False
2025-06-22 02:33:41,725 - map_video - DEBUG - [mapping_recorder.main:115] - [02:33:41] Redndı: False
2025-06-22 02:33:42,727 - map_video - DEBUG - [mapping_recorder.main:115] - [02:33:42] Redndı: False
2025-06-22 02:33:43,728 - map_video - DEBUG - [mapping_recorder.main:115] - [02:33:43] Redndı: False
2025-06-22 02:33:44,729 - map_video - DEBUG - [mapping_recorder.main:115] - [02:33:44] Redndı: False
2025-06-22 02:33:45,731 - map_video - DEBUG - [mapping_recorder.main:115] - [02:33:45] Redndı: False
2025-06-22 02:33:46,733 - map_video - DEBUG - [mapping_recorder.main:115] - [02:33:46] Redndı: False
2025-06-22 02:33:47,735 - map_video - DEBUG - [mapping_recorder.main:115] - [02:33:47] Redndı: False
2025-06-22 02:33:48,737 - map_video - DEBUG - [mapping_recorder.main:115] - [02:33:48] Redndı: False
2025-06-22 02:33:49,738 - map_video - DEBUG - [mapping_recorder.main:115] - [02:33:49] Redndı: False
2025-06-22 02:33:50,740 - map_video - DEBUG - [mapping_recorder.main:115] - [02:33:50] Redndı: False
2025-06-22 02:33:51,742 - map_video - DEBUG - [mapping_recorder.main:115] - [02:33:51] Redndı: False
2025-06-22 02:33:52,744 - map_video - DEBUG - [mapping_recorder.main:115] - [02:33:52] Redndı: False
2025-06-22 02:33:53,745 - map_video - DEBUG - [mapping_recorder.main:115] - [02:33:53] Redndı: False
2025-06-22 02:33:54,747 - map_video - DEBUG - [mapping_recorder.main:115] - [02:33:54] Redndı: False
2025-06-22 02:33:55,749 - map_video - DEBUG - [mapping_recorder.main:115] - [02:33:55] Redndı: False
2025-06-22 02:33:56,751 - map_video - DEBUG - [mapping_recorder.main:115] - [02:33:56] Redndı: False
2025-06-22 02:33:57,753 - map_video - DEBUG - [mapping_recorder.main:115] - [02:33:57] Redndı: False
2025-06-22 02:33:58,754 - map_video - DEBUG - [mapping_recorder.main:115] - [02:33:58] Redndı: False
2025-06-22 02:33:59,756 - map_video - DEBUG - [mapping_recorder.main:115] - [02:33:59] Redndı: False
2025-06-22 02:34:00,757 - map_video - DEBUG - [mapping_recorder.main:115] - [02:34:00] Redndı: False
2025-06-22 02:34:01,759 - map_video - DEBUG - [mapping_recorder.main:115] - [02:34:01] Redndı: False
2025-06-22 02:34:02,761 - map_video - DEBUG - [mapping_recorder.main:115] - [02:34:02] Redndı: False
2025-06-22 02:34:03,763 - map_video - DEBUG - [mapping_recorder.main:115] - [02:34:03] Redndı: False
2025-06-22 02:34:04,765 - map_video - DEBUG - [mapping_recorder.main:115] - [02:34:04] Redndı: False
2025-06-22 02:34:05,766 - map_video - DEBUG - [mapping_recorder.main:115] - [02:34:05] Redndı: False
2025-06-22 02:34:06,768 - map_video - DEBUG - [mapping_recorder.main:115] - [02:34:06] Redndı: False
2025-06-22 02:34:07,770 - map_video - DEBUG - [mapping_recorder.main:115] - [02:34:07] Redndı: False
2025-06-22 02:34:08,772 - map_video - DEBUG - [mapping_recorder.main:115] - [02:34:08] Redndı: False
2025-06-22 02:34:09,773 - map_video - DEBUG - [mapping_recorder.main:115] - [02:34:09] Redndı: False
2025-06-22 02:34:10,775 - map_video - DEBUG - [mapping_recorder.main:115] - [02:34:10] Redndı: False
2025-06-22 02:34:11,777 - map_video - DEBUG - [mapping_recorder.main:115] - [02:34:11] Redndı: False
2025-06-22 02:34:12,779 - map_video - DEBUG - [mapping_recorder.main:115] - [02:34:12] Redndı: False
2025-06-22 02:34:13,781 - map_video - DEBUG - [mapping_recorder.main:115] - [02:34:13] Redndı: False
2025-06-22 02:34:14,782 - map_video - DEBUG - [mapping_recorder.main:115] - [02:34:14] Redndı: False
2025-06-22 02:34:15,784 - map_video - DEBUG - [mapping_recorder.main:115] - [02:34:15] Redndı: False
2025-06-22 02:34:16,785 - map_video - DEBUG - [mapping_recorder.main:115] - [02:34:16] Redndı: False
2025-06-22 02:34:17,787 - map_video - DEBUG - [mapping_recorder.main:115] - [02:34:17] Redndı: False
2025-06-22 02:34:18,789 - map_video - DEBUG - [mapping_recorder.main:115] - [02:34:18] Redndı: False
2025-06-22 02:34:19,791 - map_video - DEBUG - [mapping_recorder.main:115] - [02:34:19] Redndı: False
2025-06-22 02:34:20,793 - map_video - DEBUG - [mapping_recorder.main:115] - [02:34:20] Redndı: False
2025-06-22 02:34:21,794 - map_video - DEBUG - [mapping_recorder.main:115] - [02:34:21] Redndı: False
2025-06-22 02:34:22,796 - map_video - DEBUG - [mapping_recorder.main:115] - [02:34:22] Redndı: False
2025-06-22 02:34:23,797 - map_video - DEBUG - [mapping_recorder.main:115] - [02:34:23] Redndı: False
2025-06-22 02:34:24,799 - map_video - DEBUG - [mapping_recorder.main:115] - [02:34:24] Redndı: False
2025-06-22 02:34:25,801 - map_video - DEBUG - [mapping_recorder.main:115] - [02:34:25] Redndı: False
2025-06-22 02:34:26,803 - map_video - DEBUG - [mapping_recorder.main:115] - [02:34:26] Redndı: False
2025-06-22 02:34:27,805 - map_video - DEBUG - [mapping_recorder.main:115] - [02:34:27] Redndı: False
2025-06-22 02:34:28,805 - map_video - DEBUG - [mapping_recorder.main:115] - [02:34:28] Redndı: False
2025-06-22 02:34:29,807 - map_video - DEBUG - [mapping_recorder.main:115] - [02:34:29] Redndı: False
2025-06-22 02:34:30,809 - map_video - DEBUG - [mapping_recorder.main:115] - [02:34:30] Redndı: False
2025-06-22 02:34:31,811 - map_video - DEBUG - [mapping_recorder.main:115] - [02:34:31] Redndı: False
2025-06-22 02:34:32,813 - map_video - DEBUG - [mapping_recorder.main:115] - [02:34:32] Redndı: False
2025-06-22 02:34:33,814 - map_video - DEBUG - [mapping_recorder.main:115] - [02:34:33] Redndı: False
2025-06-22 02:34:34,816 - map_video - DEBUG - [mapping_recorder.main:115] - [02:34:34] Redndı: False
2025-06-22 02:34:35,817 - map_video - DEBUG - [mapping_recorder.main:115] - [02:34:35] Redndı: False
2025-06-22 02:34:36,819 - map_video - DEBUG - [mapping_recorder.main:115] - [02:34:36] Redndı: False
2025-06-22 02:34:37,821 - map_video - DEBUG - [mapping_recorder.main:115] - [02:34:37] Redndı: False
2025-06-22 02:34:38,823 - map_video - DEBUG - [mapping_recorder.main:115] - [02:34:38] Redndı: False
2025-06-22 02:34:39,825 - map_video - DEBUG - [mapping_recorder.main:115] - [02:34:39] Redndı: False
2025-06-22 02:34:40,827 - map_video - DEBUG - [mapping_recorder.main:115] - [02:34:40] Redndı: False
2025-06-22 02:34:41,828 - map_video - DEBUG - [mapping_recorder.main:115] - [02:34:41] Redndı: False
2025-06-22 02:34:42,829 - map_video - DEBUG - [mapping_recorder.main:115] - [02:34:42] Redndı: False
2025-06-22 02:34:43,831 - map_video - DEBUG - [mapping_recorder.main:115] - [02:34:43] Redndı: False
2025-06-22 02:34:44,834 - map_video - DEBUG - [mapping_recorder.main:115] - [02:34:44] Redndı: False
2025-06-22 02:34:45,835 - map_video - DEBUG - [mapping_recorder.main:115] - [02:34:45] Redndı: False
2025-06-22 02:34:46,837 - map_video - DEBUG - [mapping_recorder.main:115] - [02:34:46] Redndı: False
2025-06-22 02:34:47,839 - map_video - DEBUG - [mapping_recorder.main:115] - [02:34:47] Redndı: False
2025-06-22 02:34:48,841 - map_video - DEBUG - [mapping_recorder.main:115] - [02:34:48] Redndı: False
2025-06-22 02:34:49,843 - map_video - DEBUG - [mapping_recorder.main:115] - [02:34:49] Redndı: False
2025-06-22 02:34:50,845 - map_video - DEBUG - [mapping_recorder.main:115] - [02:34:50] Redndı: False
2025-06-22 02:34:51,845 - map_video - DEBUG - [mapping_recorder.main:115] - [02:34:51] Redndı: False
2025-06-22 02:34:52,847 - map_video - DEBUG - [mapping_recorder.main:115] - [02:34:52] Redndı: False
2025-06-22 02:34:53,849 - map_video - DEBUG - [mapping_recorder.main:115] - [02:34:53] Redndı: False
2025-06-22 02:34:54,850 - map_video - DEBUG - [mapping_recorder.main:115] - [02:34:54] Redndı: False
2025-06-22 02:34:55,852 - map_video - DEBUG - [mapping_recorder.main:115] - [02:34:55] Redndı: False
2025-06-22 02:34:56,853 - map_video - DEBUG - [mapping_recorder.main:115] - [02:34:56] Redndı: False
2025-06-22 02:34:57,855 - map_video - DEBUG - [mapping_recorder.main:115] - [02:34:57] Redndı: False
2025-06-22 02:34:58,857 - map_video - DEBUG - [mapping_recorder.main:115] - [02:34:58] Redndı: False
2025-06-22 02:34:59,858 - map_video - DEBUG - [mapping_recorder.main:115] - [02:34:59] Redndı: False
2025-06-22 02:35:00,860 - map_video - DEBUG - [mapping_recorder.main:115] - [02:35:00] Redndı: False
2025-06-22 02:35:01,861 - map_video - DEBUG - [mapping_recorder.main:115] - [02:35:01] Redndı: False
2025-06-22 02:35:02,863 - map_video - DEBUG - [mapping_recorder.main:115] - [02:35:02] Redndı: False
2025-06-22 02:35:03,865 - map_video - DEBUG - [mapping_recorder.main:115] - [02:35:03] Redndı: False
2025-06-22 02:35:04,867 - map_video - DEBUG - [mapping_recorder.main:115] - [02:35:04] Redndı: False
2025-06-22 02:35:05,869 - map_video - DEBUG - [mapping_recorder.main:115] - [02:35:05] Redndı: False
2025-06-22 02:35:06,871 - map_video - DEBUG - [mapping_recorder.main:115] - [02:35:06] Redndı: False
2025-06-22 02:35:07,872 - map_video - DEBUG - [mapping_recorder.main:115] - [02:35:07] Redndı: False
2025-06-22 02:35:08,873 - map_video - DEBUG - [mapping_recorder.main:115] - [02:35:08] Redndı: False
2025-06-22 02:35:09,875 - map_video - DEBUG - [mapping_recorder.main:115] - [02:35:09] Redndı: False
2025-06-22 02:35:10,877 - map_video - DEBUG - [mapping_recorder.main:115] - [02:35:10] Redndı: False
2025-06-22 02:35:11,879 - map_video - DEBUG - [mapping_recorder.main:115] - [02:35:11] Redndı: False
2025-06-22 02:35:12,881 - map_video - DEBUG - [mapping_recorder.main:115] - [02:35:12] Redndı: False
2025-06-22 02:35:13,883 - map_video - DEBUG - [mapping_recorder.main:115] - [02:35:13] Redndı: False
2025-06-22 02:35:14,884 - map_video - DEBUG - [mapping_recorder.main:115] - [02:35:14] Redndı: False
2025-06-22 02:35:15,885 - map_video - DEBUG - [mapping_recorder.main:115] - [02:35:15] Redndı: False
2025-06-22 02:35:16,887 - map_video - DEBUG - [mapping_recorder.main:115] - [02:35:16] Redndı: False
2025-06-22 02:35:17,889 - map_video - DEBUG - [mapping_recorder.main:115] - [02:35:17] Redndı: False
2025-06-22 02:35:18,891 - map_video - DEBUG - [mapping_recorder.main:115] - [02:35:18] Redndı: False
2025-06-22 02:35:19,893 - map_video - DEBUG - [mapping_recorder.main:115] - [02:35:19] Redndı: False
2025-06-22 02:35:20,895 - map_video - DEBUG - [mapping_recorder.main:115] - [02:35:20] Redndı: False
2025-06-22 02:35:21,896 - map_video - DEBUG - [mapping_recorder.main:115] - [02:35:21] Redndı: False
2025-06-22 02:35:22,897 - map_video - DEBUG - [mapping_recorder.main:115] - [02:35:22] Redndı: False
2025-06-22 02:35:23,899 - map_video - DEBUG - [mapping_recorder.main:115] - [02:35:23] Redndı: False
2025-06-22 02:35:24,901 - map_video - DEBUG - [mapping_recorder.main:115] - [02:35:24] Redndı: False
2025-06-22 02:35:25,903 - map_video - DEBUG - [mapping_recorder.main:115] - [02:35:25] Redndı: False
2025-06-22 02:35:26,905 - map_video - DEBUG - [mapping_recorder.main:115] - [02:35:26] Redndı: False
2025-06-22 02:35:27,907 - map_video - DEBUG - [mapping_recorder.main:115] - [02:35:27] Redndı: False
2025-06-22 02:35:28,909 - map_video - DEBUG - [mapping_recorder.main:115] - [02:35:28] Redndı: False
2025-06-22 02:35:29,911 - map_video - DEBUG - [mapping_recorder.main:115] - [02:35:29] Redndı: False
2025-06-22 02:35:30,912 - map_video - DEBUG - [mapping_recorder.main:115] - [02:35:30] Redndı: False
2025-06-22 02:35:31,914 - map_video - DEBUG - [mapping_recorder.main:115] - [02:35:31] Redndı: False
2025-06-22 02:35:32,915 - map_video - DEBUG - [mapping_recorder.main:115] - [02:35:32] Redndı: False
2025-06-22 02:35:33,917 - map_video - DEBUG - [mapping_recorder.main:115] - [02:35:33] Redndı: False
2025-06-22 02:35:34,920 - map_video - DEBUG - [mapping_recorder.main:115] - [02:35:34] Redndı: False
2025-06-22 02:35:35,922 - map_video - DEBUG - [mapping_recorder.main:115] - [02:35:35] Redndı: False
2025-06-22 02:35:36,924 - map_video - DEBUG - [mapping_recorder.main:115] - [02:35:36] Redndı: False
2025-06-22 02:35:37,926 - map_video - DEBUG - [mapping_recorder.main:115] - [02:35:37] Redndı: False
2025-06-22 02:35:38,928 - map_video - DEBUG - [mapping_recorder.main:115] - [02:35:38] Redndı: False
2025-06-22 02:35:39,931 - map_video - DEBUG - [mapping_recorder.main:115] - [02:35:39] Redndı: False
2025-06-22 02:35:40,932 - map_video - DEBUG - [mapping_recorder.main:115] - [02:35:40] Redndı: False
2025-06-22 02:35:41,934 - map_video - DEBUG - [mapping_recorder.main:115] - [02:35:41] Redndı: False
2025-06-22 02:35:42,935 - map_video - DEBUG - [mapping_recorder.main:115] - [02:35:42] Redndı: False
2025-06-22 02:35:43,937 - map_video - DEBUG - [mapping_recorder.main:115] - [02:35:43] Redndı: False
2025-06-22 02:35:44,940 - map_video - DEBUG - [mapping_recorder.main:115] - [02:35:44] Redndı: False
2025-06-22 02:35:45,941 - map_video - DEBUG - [mapping_recorder.main:115] - [02:35:45] Redndı: False
2025-06-22 02:35:46,943 - map_video - DEBUG - [mapping_recorder.main:115] - [02:35:46] Redndı: False
2025-06-22 02:35:47,945 - map_video - DEBUG - [mapping_recorder.main:115] - [02:35:47] Redndı: False
2025-06-22 02:35:48,947 - map_video - DEBUG - [mapping_recorder.main:115] - [02:35:48] Redndı: False
2025-06-22 02:35:49,982 - map_video - DEBUG - [mapping_recorder.main:115] - [02:35:49] Redndı: False
2025-06-22 02:35:50,984 - map_video - DEBUG - [mapping_recorder.main:115] - [02:35:50] Redndı: False
2025-06-22 02:35:51,985 - map_video - DEBUG - [mapping_recorder.main:115] - [02:35:51] Redndı: False
2025-06-22 02:35:52,987 - map_video - DEBUG - [mapping_recorder.main:115] - [02:35:52] Redndı: False
2025-06-22 02:35:53,989 - map_video - DEBUG - [mapping_recorder.main:115] - [02:35:53] Redndı: False
2025-06-22 02:35:54,991 - map_video - DEBUG - [mapping_recorder.main:115] - [02:35:54] Redndı: False
2025-06-22 02:35:55,993 - map_video - DEBUG - [mapping_recorder.main:115] - [02:35:55] Redndı: False
2025-06-22 02:35:56,995 - map_video - DEBUG - [mapping_recorder.main:115] - [02:35:56] Redndı: False
2025-06-22 02:35:57,997 - map_video - DEBUG - [mapping_recorder.main:115] - [02:35:57] Redndı: False
2025-06-22 02:35:58,998 - map_video - DEBUG - [mapping_recorder.main:115] - [02:35:58] Redndı: False
2025-06-22 02:36:00,001 - map_video - DEBUG - [mapping_recorder.main:115] - [02:36:00] Redndı: False
2025-06-22 02:36:01,003 - map_video - DEBUG - [mapping_recorder.main:115] - [02:36:01] Redndı: False
2025-06-22 02:36:02,005 - map_video - DEBUG - [mapping_recorder.main:115] - [02:36:02] Redndı: False
2025-06-22 02:36:03,007 - map_video - DEBUG - [mapping_recorder.main:115] - [02:36:03] Redndı: False
2025-06-22 02:36:04,009 - map_video - DEBUG - [mapping_recorder.main:115] - [02:36:04] Redndı: False
2025-06-22 02:36:05,011 - map_video - DEBUG - [mapping_recorder.main:115] - [02:36:05] Redndı: False
2025-06-22 02:36:06,012 - map_video - DEBUG - [mapping_recorder.main:115] - [02:36:06] Redndı: False
2025-06-22 02:36:07,013 - map_video - DEBUG - [mapping_recorder.main:115] - [02:36:07] Redndı: False
2025-06-22 02:36:08,015 - map_video - DEBUG - [mapping_recorder.main:115] - [02:36:08] Redndı: False
2025-06-22 02:36:09,017 - map_video - DEBUG - [mapping_recorder.main:115] - [02:36:09] Redndı: False
2025-06-22 02:36:10,051 - map_video - DEBUG - [mapping_recorder.main:115] - [02:36:10] Redndı: False
2025-06-22 02:36:11,053 - map_video - DEBUG - [mapping_recorder.main:115] - [02:36:11] Redndı: False
2025-06-22 02:36:12,055 - map_video - DEBUG - [mapping_recorder.main:115] - [02:36:12] Redndı: False
2025-06-22 02:36:13,056 - map_video - DEBUG - [mapping_recorder.main:115] - [02:36:13] Redndı: False
2025-06-22 02:36:14,057 - map_video - DEBUG - [mapping_recorder.main:115] - [02:36:14] Redndı: False
2025-06-22 02:36:15,059 - map_video - DEBUG - [mapping_recorder.main:115] - [02:36:15] Redndı: False
2025-06-22 02:36:16,061 - map_video - DEBUG - [mapping_recorder.main:115] - [02:36:16] Redndı: False
2025-06-22 02:36:17,063 - map_video - DEBUG - [mapping_recorder.main:115] - [02:36:17] Redndı: False
2025-06-22 02:36:18,065 - map_video - DEBUG - [mapping_recorder.main:115] - [02:36:18] Redndı: False
2025-06-22 02:36:19,067 - map_video - DEBUG - [mapping_recorder.main:115] - [02:36:19] Redndı: False
2025-06-22 02:36:20,069 - map_video - DEBUG - [mapping_recorder.main:115] - [02:36:20] Redndı: False
2025-06-22 02:36:21,071 - map_video - DEBUG - [mapping_recorder.main:115] - [02:36:21] Redndı: False
2025-06-22 02:36:22,073 - map_video - DEBUG - [mapping_recorder.main:115] - [02:36:22] Redndı: False
2025-06-22 02:36:23,075 - map_video - DEBUG - [mapping_recorder.main:115] - [02:36:23] Redndı: False
2025-06-22 02:36:24,076 - map_video - DEBUG - [mapping_recorder.main:115] - [02:36:24] Redndı: False
2025-06-22 02:36:25,077 - map_video - DEBUG - [mapping_recorder.main:115] - [02:36:25] Redndı: False
2025-06-22 02:36:26,079 - map_video - DEBUG - [mapping_recorder.main:115] - [02:36:26] Redndı: False
2025-06-22 02:36:27,081 - map_video - DEBUG - [mapping_recorder.main:115] - [02:36:27] Redndı: False
2025-06-22 02:36:28,083 - map_video - DEBUG - [mapping_recorder.main:115] - [02:36:28] Redndı: False
2025-06-22 02:36:29,085 - map_video - DEBUG - [mapping_recorder.main:115] - [02:36:29] Redndı: False
2025-06-22 02:36:30,087 - map_video - DEBUG - [mapping_recorder.main:115] - [02:36:30] Redndı: False
2025-06-22 02:36:31,088 - map_video - DEBUG - [mapping_recorder.main:115] - [02:36:31] Redndı: False
2025-06-22 02:36:32,089 - map_video - DEBUG - [mapping_recorder.main:115] - [02:36:32] Redndı: False
2025-06-22 02:36:33,091 - map_video - DEBUG - [mapping_recorder.main:115] - [02:36:33] Redndı: False
2025-06-22 02:36:34,093 - map_video - DEBUG - [mapping_recorder.main:115] - [02:36:34] Redndı: False
2025-06-22 02:36:35,095 - map_video - DEBUG - [mapping_recorder.main:115] - [02:36:35] Redndı: False
2025-06-22 02:36:36,096 - map_video - DEBUG - [mapping_recorder.main:115] - [02:36:36] Redndı: False
2025-06-22 02:36:37,098 - map_video - DEBUG - [mapping_recorder.main:115] - [02:36:37] Redndı: False
2025-06-22 02:36:38,100 - map_video - DEBUG - [mapping_recorder.main:115] - [02:36:38] Redndı: False
2025-06-22 02:36:39,101 - map_video - DEBUG - [mapping_recorder.main:115] - [02:36:39] Redndı: False
2025-06-22 02:36:40,103 - map_video - DEBUG - [mapping_recorder.main:115] - [02:36:40] Redndı: False
2025-06-22 02:36:41,105 - map_video - DEBUG - [mapping_recorder.main:115] - [02:36:41] Redndı: False
2025-06-22 02:36:42,107 - map_video - DEBUG - [mapping_recorder.main:115] - [02:36:42] Redndı: False
2025-06-22 02:36:43,109 - map_video - DEBUG - [mapping_recorder.main:115] - [02:36:43] Redndı: False
2025-06-22 02:36:44,109 - map_video - DEBUG - [mapping_recorder.main:115] - [02:36:44] Redndı: False
2025-06-22 02:36:45,111 - map_video - DEBUG - [mapping_recorder.main:115] - [02:36:45] Redndı: False
2025-06-22 02:36:46,113 - map_video - DEBUG - [mapping_recorder.main:115] - [02:36:46] Redndı: False
2025-06-22 02:36:47,115 - map_video - DEBUG - [mapping_recorder.main:115] - [02:36:47] Redndı: False
2025-06-22 02:36:48,117 - map_video - DEBUG - [mapping_recorder.main:115] - [02:36:48] Redndı: False
2025-06-22 02:36:49,118 - map_video - DEBUG - [mapping_recorder.main:115] - [02:36:49] Redndı: False
2025-06-22 02:36:50,120 - map_video - DEBUG - [mapping_recorder.main:115] - [02:36:50] Redndı: False
2025-06-22 02:36:51,122 - map_video - DEBUG - [mapping_recorder.main:115] - [02:36:51] Redndı: False
2025-06-22 02:36:52,124 - map_video - DEBUG - [mapping_recorder.main:115] - [02:36:52] Redndı: False
2025-06-22 02:36:53,125 - map_video - DEBUG - [mapping_recorder.main:115] - [02:36:53] Redndı: False
2025-06-22 02:36:54,127 - map_video - DEBUG - [mapping_recorder.main:115] - [02:36:54] Redndı: False
2025-06-22 02:36:55,129 - map_video - DEBUG - [mapping_recorder.main:115] - [02:36:55] Redndı: False
2025-06-22 02:36:56,131 - map_video - DEBUG - [mapping_recorder.main:115] - [02:36:56] Redndı: False
2025-06-22 02:36:57,133 - map_video - DEBUG - [mapping_recorder.main:115] - [02:36:57] Redndı: False
2025-06-22 02:36:58,134 - map_video - DEBUG - [mapping_recorder.main:115] - [02:36:58] Redndı: False
2025-06-22 02:36:59,136 - map_video - DEBUG - [mapping_recorder.main:115] - [02:36:59] Redndı: False
2025-06-22 02:37:00,167 - map_video - DEBUG - [mapping_recorder.main:115] - [02:37:00] Redndı: False
2025-06-22 02:37:01,169 - map_video - DEBUG - [mapping_recorder.main:115] - [02:37:01] Redndı: False
2025-06-22 02:37:02,169 - map_video - DEBUG - [mapping_recorder.main:115] - [02:37:02] Redndı: False
2025-06-22 02:37:03,171 - map_video - DEBUG - [mapping_recorder.main:115] - [02:37:03] Redndı: False
2025-06-22 02:37:04,173 - map_video - DEBUG - [mapping_recorder.main:115] - [02:37:04] Redndı: False
2025-06-22 02:37:05,175 - map_video - DEBUG - [mapping_recorder.main:115] - [02:37:05] Redndı: False
2025-06-22 02:37:06,177 - map_video - DEBUG - [mapping_recorder.main:115] - [02:37:06] Redndı: False
2025-06-22 02:37:07,177 - map_video - DEBUG - [mapping_recorder.main:115] - [02:37:07] Redndı: False
2025-06-22 02:37:08,179 - map_video - DEBUG - [mapping_recorder.main:115] - [02:37:08] Redndı: False
2025-06-22 02:37:09,181 - map_video - DEBUG - [mapping_recorder.main:115] - [02:37:09] Redndı: False
2025-06-22 02:37:10,183 - map_video - DEBUG - [mapping_recorder.main:115] - [02:37:10] Redndı: False
2025-06-22 02:37:11,185 - map_video - DEBUG - [mapping_recorder.main:115] - [02:37:11] Redndı: False
2025-06-22 02:37:12,186 - map_video - DEBUG - [mapping_recorder.main:115] - [02:37:12] Redndı: False
2025-06-22 02:37:13,188 - map_video - DEBUG - [mapping_recorder.main:115] - [02:37:13] Redndı: False
2025-06-22 02:37:14,190 - map_video - DEBUG - [mapping_recorder.main:115] - [02:37:14] Redndı: False
2025-06-22 02:37:15,192 - map_video - DEBUG - [mapping_recorder.main:115] - [02:37:15] Redndı: False
2025-06-22 02:37:16,193 - map_video - DEBUG - [mapping_recorder.main:115] - [02:37:16] Redndı: False
2025-06-22 02:37:17,195 - map_video - DEBUG - [mapping_recorder.main:115] - [02:37:17] Redndı: False
2025-06-22 02:37:18,197 - map_video - DEBUG - [mapping_recorder.main:115] - [02:37:18] Redndı: False
2025-06-22 02:37:19,199 - map_video - DEBUG - [mapping_recorder.main:115] - [02:37:19] Redndı: False
2025-06-22 02:37:20,201 - map_video - DEBUG - [mapping_recorder.main:115] - [02:37:20] Redndı: False
2025-06-22 02:37:21,202 - map_video - DEBUG - [mapping_recorder.main:115] - [02:37:21] Redndı: False
2025-06-22 02:37:22,204 - map_video - DEBUG - [mapping_recorder.main:115] - [02:37:22] Redndı: False
2025-06-22 02:37:23,206 - map_video - DEBUG - [mapping_recorder.main:115] - [02:37:23] Redndı: False
2025-06-22 02:37:24,208 - map_video - DEBUG - [mapping_recorder.main:115] - [02:37:24] Redndı: False
2025-06-22 02:37:25,209 - map_video - DEBUG - [mapping_recorder.main:115] - [02:37:25] Redndı: False
2025-06-22 02:37:26,211 - map_video - DEBUG - [mapping_recorder.main:115] - [02:37:26] Redndı: True
2025-06-22 02:37:27,213 - map_video - DEBUG - [mapping_recorder.main:126] - [02:37:27] Kayıt başlatılıyor.
2025-06-22 02:37:28,032 - map_video - DEBUG - [mapping_recorder.main:141] - [20250622_023728] Kayıt başladı → video_20250622_023728.mp4
2025-06-22 02:37:52,539 - map_video - DEBUG - [mapping_recorder.main:145] - [02:37:52] Kayıt durduruluyor ve çıkılıyor.
