2025-06-22 01:53:34,402 - SUAS - DEBUG - [SUAS_main.__init__:204] - (38.8510282, -76.7003103, 2.422)
2025-06-22 01:53:34,402 - SUAS - DEBUG - [SUAS_main.__init__:210] - Opening camera with pipeline:
nvarguscamerasrc sensor-id=0 aelock=false awblock=True wbmode=6 exposurecompensation=-1.7 ! video/x-raw(memory:NVMM), width=(int)4032, height=(int)3040, framerate=(fraction)19/1 ! nvvidconv flip-method=0 ! video/x-raw, format=(string)BGRx ! videoconvert ! video/x-raw, format=(string)BGR ! appsink
2025-06-22 01:53:37,567 - SUAS - DEBUG - [SUAS_main.take_photo_opencv:423] - Saved photo to init_test_photo/image_1.jpg
2025-06-22 01:53:38,572 - SUAS - DEBUG - [SUAS_main.__init__:102] - Initial flight mode: ALT_HOLD
2025-06-22 01:53:39,303 - SUAS - DEBUG - [SUAS_main.main:687] - Download Waypoints - Completed
2025-06-22 01:53:39,305 - SUAS - DEBUG - [SUAS_main.main:690] - WP SET TO 2
2025-06-22 01:53:39,573 - SUAS - DEBUG - [SUAS_main._rc_listener_thread:313] - WPNAV_SPEED changed: None → 600
2025-06-22 01:53:40,312 - SUAS - DEBUG - [SUAS_main.main:702] - ------------------------------5---------------------------
2025-06-22 01:53:40,313 - SUAS - DEBUG - [SUAS_main.main:711] - ------------------------------------------------------------------------
2025-06-22 01:53:40,314 - SUAS - DEBUG - [SUAS_main.main:712] - No DOJUMP
2025-06-22 01:53:40,315 - SUAS - DEBUG - [SUAS_main.main:713] - ------------------------------------------------------------------------
2025-06-22 01:53:40,520 - SUAS - DEBUG - [SUAS_main.main:722] - Download Changed Waypoints - Completed
2025-06-22 01:53:40,521 - SUAS - DEBUG - [SUAS_main.main:729] - ------------------------------6 - updated---------------------------
2025-06-22 01:53:40,522 - SUAS - DEBUG - [SUAS_main.main:736] - Waiting for mode change to: AUTO
2025-06-22 01:53:41,023 - SUAS - DEBUG - [SUAS_main.main:736] - Waiting for mode change to: AUTO
2025-06-22 01:53:41,525 - SUAS - DEBUG - [SUAS_main.main:736] - Waiting for mode change to: AUTO
2025-06-22 01:53:42,026 - SUAS - DEBUG - [SUAS_main.main:736] - Waiting for mode change to: AUTO
2025-06-22 01:53:42,528 - SUAS - DEBUG - [SUAS_main.main:736] - Waiting for mode change to: AUTO
2025-06-22 01:53:43,029 - SUAS - DEBUG - [SUAS_main.main:736] - Waiting for mode change to: AUTO
2025-06-22 01:53:43,531 - SUAS - DEBUG - [SUAS_main.main:736] - Waiting for mode change to: AUTO
2025-06-22 01:53:44,032 - SUAS - DEBUG - [SUAS_main.main:736] - Waiting for mode change to: AUTO
2025-06-22 01:53:44,534 - SUAS - DEBUG - [SUAS_main.main:736] - Waiting for mode change to: AUTO
2025-06-22 01:53:45,035 - SUAS - DEBUG - [SUAS_main.main:736] - Waiting for mode change to: AUTO
2025-06-22 01:53:45,537 - SUAS - DEBUG - [SUAS_main.main:736] - Waiting for mode change to: AUTO
2025-06-22 01:53:46,040 - SUAS - DEBUG - [SUAS_main.main:736] - Waiting for mode change to: AUTO
2025-06-22 01:53:46,541 - SUAS - DEBUG - [SUAS_main.main:736] - Waiting for mode change to: AUTO
2025-06-22 01:53:47,043 - SUAS - DEBUG - [SUAS_main.main:736] - Waiting for mode change to: AUTO
2025-06-22 01:53:47,545 - SUAS - DEBUG - [SUAS_main.main:736] - Waiting for mode change to: AUTO
2025-06-22 01:53:48,046 - SUAS - DEBUG - [SUAS_main.main:736] - Waiting for mode change to: AUTO
2025-06-22 01:53:48,548 - SUAS - DEBUG - [SUAS_main.main:736] - Waiting for mode change to: AUTO
2025-06-22 01:53:49,049 - SUAS - DEBUG - [SUAS_main.main:736] - Waiting for mode change to: AUTO
2025-06-22 01:53:49,551 - SUAS - DEBUG - [SUAS_main.main:736] - Waiting for mode change to: AUTO
2025-06-22 01:53:50,052 - SUAS - DEBUG - [SUAS_main.main:736] - Waiting for mode change to: AUTO
2025-06-22 01:53:50,554 - SUAS - DEBUG - [SUAS_main.main:736] - Waiting for mode change to: AUTO
2025-06-22 01:53:51,056 - SUAS - DEBUG - [SUAS_main.main:736] - Waiting for mode change to: AUTO
2025-06-22 01:53:51,558 - SUAS - DEBUG - [SUAS_main.main:736] - Waiting for mode change to: AUTO
2025-06-22 01:53:52,059 - SUAS - DEBUG - [SUAS_main.main:736] - Waiting for mode change to: AUTO
2025-06-22 01:53:52,561 - SUAS - DEBUG - [SUAS_main.main:736] - Waiting for mode change to: AUTO
2025-06-22 01:53:53,063 - SUAS - DEBUG - [SUAS_main.main:736] - Waiting for mode change to: AUTO
2025-06-22 01:53:53,564 - SUAS - DEBUG - [SUAS_main.main:736] - Waiting for mode change to: AUTO
2025-06-22 01:53:54,066 - SUAS - DEBUG - [SUAS_main.main:736] - Waiting for mode change to: AUTO
2025-06-22 01:53:54,567 - SUAS - DEBUG - [SUAS_main.main:736] - Waiting for mode change to: AUTO
2025-06-22 01:53:55,069 - SUAS - DEBUG - [SUAS_main.main:736] - Waiting for mode change to: AUTO
2025-06-22 01:53:55,570 - SUAS - DEBUG - [SUAS_main.main:736] - Waiting for mode change to: AUTO
2025-06-22 01:53:56,072 - SUAS - DEBUG - [SUAS_main.main:736] - Waiting for mode change to: AUTO
2025-06-22 01:53:56,573 - SUAS - DEBUG - [SUAS_main.main:736] - Waiting for mode change to: AUTO
2025-06-22 01:53:57,075 - SUAS - DEBUG - [SUAS_main.main:736] - Waiting for mode change to: AUTO
2025-06-22 01:53:57,577 - SUAS - DEBUG - [SUAS_main.main:736] - Waiting for mode change to: AUTO
2025-06-22 01:53:58,079 - SUAS - DEBUG - [SUAS_main.main:736] - Waiting for mode change to: AUTO
2025-06-22 01:53:58,580 - SUAS - DEBUG - [SUAS_main.main:736] - Waiting for mode change to: AUTO
2025-06-22 01:53:59,082 - SUAS - DEBUG - [SUAS_main.main:736] - Waiting for mode change to: AUTO
2025-06-22 01:53:59,584 - SUAS - DEBUG - [SUAS_main.main:736] - Waiting for mode change to: AUTO
2025-06-22 01:54:00,085 - SUAS - DEBUG - [SUAS_main.main:736] - Waiting for mode change to: AUTO
2025-06-22 01:54:00,587 - SUAS - DEBUG - [SUAS_main.main:736] - Waiting for mode change to: AUTO
2025-06-22 01:54:01,088 - SUAS - DEBUG - [SUAS_main.main:736] - Waiting for mode change to: AUTO
2025-06-22 01:54:01,590 - SUAS - DEBUG - [SUAS_main.main:736] - Waiting for mode change to: AUTO
2025-06-22 01:54:02,091 - SUAS - DEBUG - [SUAS_main.main:736] - Waiting for mode change to: AUTO
2025-06-22 01:54:02,593 - SUAS - DEBUG - [SUAS_main.main:736] - Waiting for mode change to: AUTO
2025-06-22 01:54:03,094 - SUAS - DEBUG - [SUAS_main.main:736] - Waiting for mode change to: AUTO
2025-06-22 01:54:03,596 - SUAS - DEBUG - [SUAS_main.main:736] - Waiting for mode change to: AUTO
2025-06-22 01:54:04,098 - SUAS - DEBUG - [SUAS_main.main:736] - Waiting for mode change to: AUTO
2025-06-22 01:54:04,600 - SUAS - DEBUG - [SUAS_main.main:736] - Waiting for mode change to: AUTO
2025-06-22 01:54:05,101 - SUAS - DEBUG - [SUAS_main.main:736] - Waiting for mode change to: AUTO
2025-06-22 01:54:05,603 - SUAS - DEBUG - [SUAS_main.main:736] - Waiting for mode change to: AUTO
2025-06-22 01:54:06,104 - SUAS - DEBUG - [SUAS_main.main:736] - Waiting for mode change to: AUTO
2025-06-22 01:54:06,606 - SUAS - DEBUG - [SUAS_main.main:736] - Waiting for mode change to: AUTO
2025-06-22 01:54:07,107 - SUAS - DEBUG - [SUAS_main.main:736] - Waiting for mode change to: AUTO
2025-06-22 01:54:07,609 - SUAS - DEBUG - [SUAS_main.main:736] - Waiting for mode change to: AUTO
2025-06-22 01:54:08,110 - SUAS - DEBUG - [SUAS_main.main:736] - Waiting for mode change to: AUTO
2025-06-22 01:54:08,612 - SUAS - DEBUG - [SUAS_main.main:736] - Waiting for mode change to: AUTO
2025-06-22 01:54:09,113 - SUAS - DEBUG - [SUAS_main.main:736] - Waiting for mode change to: AUTO
2025-06-22 01:54:09,615 - SUAS - DEBUG - [SUAS_main.main:736] - Waiting for mode change to: AUTO
2025-06-22 01:54:10,116 - SUAS - DEBUG - [SUAS_main.main:736] - Waiting for mode change to: AUTO
2025-06-22 01:54:10,618 - SUAS - DEBUG - [SUAS_main.main:736] - Waiting for mode change to: AUTO
2025-06-22 01:54:11,120 - SUAS - DEBUG - [SUAS_main.main:736] - Waiting for mode change to: AUTO
2025-06-22 01:54:11,622 - SUAS - DEBUG - [SUAS_main.main:736] - Waiting for mode change to: AUTO
2025-06-22 01:54:12,123 - SUAS - DEBUG - [SUAS_main.main:736] - Waiting for mode change to: AUTO
2025-06-22 01:54:12,625 - SUAS - DEBUG - [SUAS_main.main:736] - Waiting for mode change to: AUTO
2025-06-22 01:54:13,127 - SUAS - DEBUG - [SUAS_main.main:736] - Waiting for mode change to: AUTO
2025-06-22 01:54:13,628 - SUAS - DEBUG - [SUAS_main.main:736] - Waiting for mode change to: AUTO
2025-06-22 01:54:14,129 - SUAS - DEBUG - [SUAS_main.main:736] - Waiting for mode change to: AUTO
2025-06-22 01:54:14,631 - SUAS - DEBUG - [SUAS_main.main:736] - Waiting for mode change to: AUTO
2025-06-22 01:54:15,132 - SUAS - DEBUG - [SUAS_main.main:736] - Waiting for mode change to: AUTO
2025-06-22 01:54:15,633 - SUAS - DEBUG - [SUAS_main.main:736] - Waiting for mode change to: AUTO
2025-06-22 01:54:16,135 - SUAS - DEBUG - [SUAS_main.main:736] - Waiting for mode change to: AUTO
2025-06-22 01:54:16,636 - SUAS - DEBUG - [SUAS_main.main:736] - Waiting for mode change to: AUTO
2025-06-22 01:54:17,138 - SUAS - DEBUG - [SUAS_main.main:736] - Waiting for mode change to: AUTO
2025-06-22 01:54:17,640 - SUAS - DEBUG - [SUAS_main.main:736] - Waiting for mode change to: AUTO
2025-06-22 01:54:18,142 - SUAS - DEBUG - [SUAS_main.main:736] - Waiting for mode change to: AUTO
2025-06-22 01:54:18,643 - SUAS - DEBUG - [SUAS_main.main:736] - Waiting for mode change to: AUTO
2025-06-22 01:54:19,145 - SUAS - DEBUG - [SUAS_main.main:736] - Waiting for mode change to: AUTO
2025-06-22 01:54:19,646 - SUAS - DEBUG - [SUAS_main.main:736] - Waiting for mode change to: AUTO
2025-06-22 01:54:20,148 - SUAS - DEBUG - [SUAS_main.main:736] - Waiting for mode change to: AUTO
2025-06-22 01:54:20,649 - SUAS - DEBUG - [SUAS_main.main:736] - Waiting for mode change to: AUTO
2025-06-22 01:54:21,151 - SUAS - DEBUG - [SUAS_main.main:736] - Waiting for mode change to: AUTO
2025-06-22 01:54:21,652 - SUAS - DEBUG - [SUAS_main.main:736] - Waiting for mode change to: AUTO
2025-06-22 01:54:22,154 - SUAS - DEBUG - [SUAS_main.main:736] - Waiting for mode change to: AUTO
2025-06-22 01:54:22,655 - SUAS - DEBUG - [SUAS_main.main:736] - Waiting for mode change to: AUTO
2025-06-22 01:54:23,157 - SUAS - DEBUG - [SUAS_main.main:736] - Waiting for mode change to: AUTO
2025-06-22 01:54:23,659 - SUAS - DEBUG - [SUAS_main.main:736] - Waiting for mode change to: AUTO
2025-06-22 01:54:24,160 - SUAS - DEBUG - [SUAS_main.main:736] - Waiting for mode change to: AUTO
2025-06-22 01:54:24,662 - SUAS - DEBUG - [SUAS_main.main:736] - Waiting for mode change to: AUTO
2025-06-22 01:54:25,164 - SUAS - DEBUG - [SUAS_main.main:736] - Waiting for mode change to: AUTO
2025-06-22 01:54:25,665 - SUAS - DEBUG - [SUAS_main.main:736] - Waiting for mode change to: AUTO
2025-06-22 01:54:26,167 - SUAS - DEBUG - [SUAS_main.main:736] - Waiting for mode change to: AUTO
2025-06-22 01:54:26,668 - SUAS - DEBUG - [SUAS_main.main:736] - Waiting for mode change to: AUTO
2025-06-22 01:54:27,169 - SUAS - DEBUG - [SUAS_main.main:736] - Waiting for mode change to: AUTO
2025-06-22 01:54:27,671 - SUAS - DEBUG - [SUAS_main.main:736] - Waiting for mode change to: AUTO
2025-06-22 01:54:28,172 - SUAS - DEBUG - [SUAS_main.main:736] - Waiting for mode change to: AUTO
2025-06-22 01:54:28,674 - SUAS - DEBUG - [SUAS_main.main:736] - Waiting for mode change to: AUTO
2025-06-22 01:54:29,175 - SUAS - DEBUG - [SUAS_main.main:736] - Waiting for mode change to: AUTO
2025-06-22 01:54:29,677 - SUAS - DEBUG - [SUAS_main.main:736] - Waiting for mode change to: AUTO
2025-06-22 01:54:30,179 - SUAS - DEBUG - [SUAS_main.main:736] - Waiting for mode change to: AUTO
2025-06-22 01:54:30,680 - SUAS - DEBUG - [SUAS_main.main:736] - Waiting for mode change to: AUTO
2025-06-22 01:54:31,182 - SUAS - DEBUG - [SUAS_main.main:736] - Waiting for mode change to: AUTO
2025-06-22 01:54:31,684 - SUAS - DEBUG - [SUAS_main.main:736] - Waiting for mode change to: AUTO
2025-06-22 01:54:32,185 - SUAS - DEBUG - [SUAS_main.main:736] - Waiting for mode change to: AUTO
2025-06-22 01:54:32,687 - SUAS - DEBUG - [SUAS_main.main:736] - Waiting for mode change to: AUTO
2025-06-22 01:54:33,188 - SUAS - DEBUG - [SUAS_main.main:736] - Waiting for mode change to: AUTO
2025-06-22 01:54:33,690 - SUAS - DEBUG - [SUAS_main.main:736] - Waiting for mode change to: AUTO
2025-06-22 01:54:34,191 - SUAS - DEBUG - [SUAS_main.main:736] - Waiting for mode change to: AUTO
2025-06-22 01:54:34,693 - SUAS - DEBUG - [SUAS_main.main:736] - Waiting for mode change to: AUTO
2025-06-22 01:54:35,194 - SUAS - DEBUG - [SUAS_main.main:736] - Waiting for mode change to: AUTO
2025-06-22 01:54:35,696 - SUAS - DEBUG - [SUAS_main.main:736] - Waiting for mode change to: AUTO
2025-06-22 01:54:36,197 - SUAS - DEBUG - [SUAS_main.main:736] - Waiting for mode change to: AUTO
2025-06-22 01:54:36,699 - SUAS - DEBUG - [SUAS_main.main:736] - Waiting for mode change to: AUTO
2025-06-22 01:54:37,200 - SUAS - DEBUG - [SUAS_main.main:736] - Waiting for mode change to: AUTO
2025-06-22 01:54:37,702 - SUAS - DEBUG - [SUAS_main.main:736] - Waiting for mode change to: AUTO
2025-06-22 01:54:38,204 - SUAS - DEBUG - [SUAS_main.main:736] - Waiting for mode change to: AUTO
2025-06-22 01:54:38,705 - SUAS - DEBUG - [SUAS_main.main:736] - Waiting for mode change to: AUTO
2025-06-22 01:54:39,207 - SUAS - DEBUG - [SUAS_main.main:736] - Waiting for mode change to: AUTO
2025-06-22 01:54:39,708 - SUAS - DEBUG - [SUAS_main.main:736] - Waiting for mode change to: AUTO
2025-06-22 01:54:40,209 - SUAS - DEBUG - [SUAS_main.main:736] - Waiting for mode change to: AUTO
2025-06-22 01:54:40,711 - SUAS - DEBUG - [SUAS_main.main:736] - Waiting for mode change to: AUTO
2025-06-22 01:54:41,212 - SUAS - DEBUG - [SUAS_main.main:736] - Waiting for mode change to: AUTO
2025-06-22 01:54:41,714 - SUAS - DEBUG - [SUAS_main.main:736] - Waiting for mode change to: AUTO
2025-06-22 01:54:42,216 - SUAS - DEBUG - [SUAS_main.main:736] - Waiting for mode change to: AUTO
2025-06-22 01:54:42,717 - SUAS - DEBUG - [SUAS_main.main:736] - Waiting for mode change to: AUTO
2025-06-22 01:54:43,219 - SUAS - DEBUG - [SUAS_main.main:736] - Waiting for mode change to: AUTO
2025-06-22 01:54:43,720 - SUAS - DEBUG - [SUAS_main.main:736] - Waiting for mode change to: AUTO
2025-06-22 01:54:44,222 - SUAS - DEBUG - [SUAS_main.main:736] - Waiting for mode change to: AUTO
2025-06-22 01:54:44,724 - SUAS - DEBUG - [SUAS_main.main:736] - Waiting for mode change to: AUTO
2025-06-22 01:54:45,225 - SUAS - DEBUG - [SUAS_main.main:736] - Waiting for mode change to: AUTO
2025-06-22 01:54:45,727 - SUAS - DEBUG - [SUAS_main.main:736] - Waiting for mode change to: AUTO
2025-06-22 01:54:46,228 - SUAS - DEBUG - [SUAS_main.main:736] - Waiting for mode change to: AUTO
2025-06-22 01:54:46,730 - SUAS - DEBUG - [SUAS_main.main:736] - Waiting for mode change to: AUTO
2025-06-22 01:54:47,231 - SUAS - DEBUG - [SUAS_main.main:736] - Waiting for mode change to: AUTO
2025-06-22 01:54:47,732 - SUAS - DEBUG - [SUAS_main.main:736] - Waiting for mode change to: AUTO
2025-06-22 01:54:48,234 - SUAS - DEBUG - [SUAS_main.main:736] - Waiting for mode change to: AUTO
2025-06-22 01:54:48,735 - SUAS - DEBUG - [SUAS_main.main:736] - Waiting for mode change to: AUTO
2025-06-22 01:54:49,237 - SUAS - DEBUG - [SUAS_main.main:736] - Waiting for mode change to: AUTO
2025-06-22 01:54:49,739 - SUAS - DEBUG - [SUAS_main.main:736] - Waiting for mode change to: AUTO
2025-06-22 01:54:50,241 - SUAS - DEBUG - [SUAS_main.main:736] - Waiting for mode change to: AUTO
2025-06-22 01:54:50,742 - SUAS - DEBUG - [SUAS_main.main:736] - Waiting for mode change to: AUTO
2025-06-22 01:54:51,244 - SUAS - DEBUG - [SUAS_main.main:736] - Waiting for mode change to: AUTO
2025-06-22 01:54:51,745 - SUAS - DEBUG - [SUAS_main.main:736] - Waiting for mode change to: AUTO
2025-06-22 01:54:52,247 - SUAS - DEBUG - [SUAS_main.main:736] - Waiting for mode change to: AUTO
2025-06-22 01:54:52,748 - SUAS - DEBUG - [SUAS_main.main:736] - Waiting for mode change to: AUTO
2025-06-22 01:54:53,249 - SUAS - DEBUG - [SUAS_main.main:736] - Waiting for mode change to: AUTO
2025-06-22 01:54:53,751 - SUAS - DEBUG - [SUAS_main.main:736] - Waiting for mode change to: AUTO
2025-06-22 01:54:54,252 - SUAS - DEBUG - [SUAS_main.main:736] - Waiting for mode change to: AUTO
2025-06-22 01:54:54,754 - SUAS - DEBUG - [SUAS_main.main:736] - Waiting for mode change to: AUTO
2025-06-22 01:54:55,257 - SUAS - DEBUG - [SUAS_main.main:736] - Waiting for mode change to: AUTO
2025-06-22 01:54:55,759 - SUAS - DEBUG - [SUAS_main.main:736] - Waiting for mode change to: AUTO
2025-06-22 01:54:56,260 - SUAS - DEBUG - [SUAS_main.main:736] - Waiting for mode change to: AUTO
2025-06-22 01:54:56,762 - SUAS - DEBUG - [SUAS_main.main:736] - Waiting for mode change to: AUTO
2025-06-22 01:54:57,264 - SUAS - DEBUG - [SUAS_main.main:736] - Waiting for mode change to: AUTO
2025-06-22 01:54:57,765 - SUAS - DEBUG - [SUAS_main.main:736] - Waiting for mode change to: AUTO
2025-06-22 01:54:58,266 - SUAS - DEBUG - [SUAS_main.main:736] - Waiting for mode change to: AUTO
2025-06-22 01:54:58,768 - SUAS - DEBUG - [SUAS_main.main:736] - Waiting for mode change to: AUTO
2025-06-22 01:54:59,269 - SUAS - DEBUG - [SUAS_main.main:736] - Waiting for mode change to: AUTO
2025-06-22 01:54:59,771 - SUAS - DEBUG - [SUAS_main.main:736] - Waiting for mode change to: AUTO
2025-06-22 01:55:00,272 - SUAS - DEBUG - [SUAS_main.main:736] - Waiting for mode change to: AUTO
2025-06-22 01:55:00,774 - SUAS - DEBUG - [SUAS_main.main:736] - Waiting for mode change to: AUTO
2025-06-22 01:55:01,276 - SUAS - DEBUG - [SUAS_main.main:736] - Waiting for mode change to: AUTO
2025-06-22 01:55:01,778 - SUAS - DEBUG - [SUAS_main.main:736] - Waiting for mode change to: AUTO
2025-06-22 01:55:02,280 - SUAS - DEBUG - [SUAS_main.main:736] - Waiting for mode change to: AUTO
2025-06-22 01:55:02,781 - SUAS - DEBUG - [SUAS_main.main:736] - Waiting for mode change to: AUTO
2025-06-22 01:55:03,283 - SUAS - DEBUG - [SUAS_main.main:736] - Waiting for mode change to: AUTO
2025-06-22 01:55:03,784 - SUAS - DEBUG - [SUAS_main.main:736] - Waiting for mode change to: AUTO
2025-06-22 01:55:04,285 - SUAS - DEBUG - [SUAS_main.main:736] - Waiting for mode change to: AUTO
2025-06-22 01:55:04,788 - SUAS - DEBUG - [SUAS_main.main:736] - Waiting for mode change to: AUTO
2025-06-22 01:55:05,289 - SUAS - DEBUG - [SUAS_main.main:736] - Waiting for mode change to: AUTO
2025-06-22 01:55:05,791 - SUAS - DEBUG - [SUAS_main.main:736] - Waiting for mode change to: AUTO
2025-06-22 01:55:06,292 - SUAS - DEBUG - [SUAS_main.main:736] - Waiting for mode change to: AUTO
2025-06-22 01:55:06,793 - SUAS - DEBUG - [SUAS_main.main:736] - Waiting for mode change to: AUTO
2025-06-22 01:55:07,295 - SUAS - DEBUG - [SUAS_main.main:736] - Waiting for mode change to: AUTO
2025-06-22 01:55:07,797 - SUAS - DEBUG - [SUAS_main.main:736] - Waiting for mode change to: AUTO
2025-06-22 01:55:08,298 - SUAS - DEBUG - [SUAS_main.main:736] - Waiting for mode change to: AUTO
2025-06-22 01:55:08,799 - SUAS - DEBUG - [SUAS_main.main:736] - Waiting for mode change to: AUTO
2025-06-22 01:55:09,301 - SUAS - DEBUG - [SUAS_main.main:736] - Waiting for mode change to: AUTO
2025-06-22 01:55:09,802 - SUAS - DEBUG - [SUAS_main.main:736] - Waiting for mode change to: AUTO
2025-06-22 01:55:10,304 - SUAS - DEBUG - [SUAS_main.main:736] - Waiting for mode change to: AUTO
2025-06-22 01:55:10,805 - SUAS - DEBUG - [SUAS_main.main:736] - Waiting for mode change to: AUTO
2025-06-22 01:55:11,307 - SUAS - DEBUG - [SUAS_main.main:736] - Waiting for mode change to: AUTO
2025-06-22 01:55:11,808 - SUAS - DEBUG - [SUAS_main.main:736] - Waiting for mode change to: AUTO
2025-06-22 01:55:12,309 - SUAS - DEBUG - [SUAS_main.main:736] - Waiting for mode change to: AUTO
2025-06-22 01:55:12,811 - SUAS - DEBUG - [SUAS_main.main:736] - Waiting for mode change to: AUTO
2025-06-22 01:55:13,312 - SUAS - DEBUG - [SUAS_main.main:736] - Waiting for mode change to: AUTO
2025-06-22 01:55:13,814 - SUAS - DEBUG - [SUAS_main.main:736] - Waiting for mode change to: AUTO
2025-06-22 01:55:14,315 - SUAS - DEBUG - [SUAS_main.main:736] - Waiting for mode change to: AUTO
2025-06-22 01:55:14,817 - SUAS - DEBUG - [SUAS_main.main:736] - Waiting for mode change to: AUTO
2025-06-22 01:55:15,319 - SUAS - DEBUG - [SUAS_main.main:736] - Waiting for mode change to: AUTO
2025-06-22 01:55:15,820 - SUAS - DEBUG - [SUAS_main.main:736] - Waiting for mode change to: AUTO
2025-06-22 01:55:16,322 - SUAS - DEBUG - [SUAS_main.main:736] - Waiting for mode change to: AUTO
2025-06-22 01:55:16,824 - SUAS - DEBUG - [SUAS_main.main:736] - Waiting for mode change to: AUTO
2025-06-22 01:55:17,325 - SUAS - DEBUG - [SUAS_main.main:736] - Waiting for mode change to: AUTO
2025-06-22 01:55:17,827 - SUAS - DEBUG - [SUAS_main.main:736] - Waiting for mode change to: AUTO
2025-06-22 01:55:18,328 - SUAS - DEBUG - [SUAS_main.main:736] - Waiting for mode change to: AUTO
2025-06-22 01:55:18,830 - SUAS - DEBUG - [SUAS_main.main:736] - Waiting for mode change to: AUTO
2025-06-22 01:55:19,331 - SUAS - DEBUG - [SUAS_main.main:736] - Waiting for mode change to: AUTO
2025-06-22 01:55:19,833 - SUAS - DEBUG - [SUAS_main.main:736] - Waiting for mode change to: AUTO
2025-06-22 01:55:20,334 - SUAS - DEBUG - [SUAS_main.main:736] - Waiting for mode change to: AUTO
2025-06-22 01:55:20,836 - SUAS - DEBUG - [SUAS_main.main:736] - Waiting for mode change to: AUTO
2025-06-22 01:55:21,337 - SUAS - DEBUG - [SUAS_main.main:736] - Waiting for mode change to: AUTO
2025-06-22 01:55:21,839 - SUAS - DEBUG - [SUAS_main.main:736] - Waiting for mode change to: AUTO
2025-06-22 01:55:22,340 - SUAS - DEBUG - [SUAS_main.main:736] - Waiting for mode change to: AUTO
2025-06-22 01:55:22,842 - SUAS - DEBUG - [SUAS_main.main:736] - Waiting for mode change to: AUTO
2025-06-22 01:55:23,343 - SUAS - DEBUG - [SUAS_main.main:736] - Waiting for mode change to: AUTO
2025-06-22 01:55:23,845 - SUAS - DEBUG - [SUAS_main.main:736] - Waiting for mode change to: AUTO
2025-06-22 01:55:24,346 - SUAS - DEBUG - [SUAS_main.main:736] - Waiting for mode change to: AUTO
2025-06-22 01:55:24,848 - SUAS - DEBUG - [SUAS_main.main:736] - Waiting for mode change to: AUTO
2025-06-22 01:55:25,349 - SUAS - DEBUG - [SUAS_main.main:736] - Waiting for mode change to: AUTO
2025-06-22 01:55:25,851 - SUAS - DEBUG - [SUAS_main.main:736] - Waiting for mode change to: AUTO
2025-06-22 01:55:26,352 - SUAS - DEBUG - [SUAS_main.main:736] - Waiting for mode change to: AUTO
2025-06-22 01:55:26,854 - SUAS - DEBUG - [SUAS_main.main:736] - Waiting for mode change to: AUTO
2025-06-22 01:55:27,355 - SUAS - DEBUG - [SUAS_main.main:736] - Waiting for mode change to: AUTO
2025-06-22 01:55:27,857 - SUAS - DEBUG - [SUAS_main.main:736] - Waiting for mode change to: AUTO
2025-06-22 01:55:28,358 - SUAS - DEBUG - [SUAS_main.main:736] - Waiting for mode change to: AUTO
2025-06-22 01:55:28,860 - SUAS - DEBUG - [SUAS_main.main:736] - Waiting for mode change to: AUTO
2025-06-22 01:55:29,362 - SUAS - DEBUG - [SUAS_main.main:736] - Waiting for mode change to: AUTO
2025-06-22 01:55:29,863 - SUAS - DEBUG - [SUAS_main.main:736] - Waiting for mode change to: AUTO
2025-06-22 01:55:30,365 - SUAS - DEBUG - [SUAS_main.main:736] - Waiting for mode change to: AUTO
2025-06-22 01:55:30,866 - SUAS - DEBUG - [SUAS_main.main:736] - Waiting for mode change to: AUTO
2025-06-22 01:55:31,367 - SUAS - DEBUG - [SUAS_main.main:736] - Waiting for mode change to: AUTO
2025-06-22 01:55:31,869 - SUAS - DEBUG - [SUAS_main.main:736] - Waiting for mode change to: AUTO
2025-06-22 01:55:32,370 - SUAS - DEBUG - [SUAS_main.main:736] - Waiting for mode change to: AUTO
2025-06-22 01:55:32,872 - SUAS - DEBUG - [SUAS_main.main:736] - Waiting for mode change to: AUTO
2025-06-22 01:55:33,373 - SUAS - DEBUG - [SUAS_main.main:736] - Waiting for mode change to: AUTO
2025-06-22 01:55:33,875 - SUAS - DEBUG - [SUAS_main.main:736] - Waiting for mode change to: AUTO
2025-06-22 01:55:34,377 - SUAS - DEBUG - [SUAS_main.main:736] - Waiting for mode change to: AUTO
2025-06-22 01:55:34,878 - SUAS - DEBUG - [SUAS_main.main:736] - Waiting for mode change to: AUTO
2025-06-22 01:55:35,380 - SUAS - DEBUG - [SUAS_main.main:736] - Waiting for mode change to: AUTO
2025-06-22 01:55:35,881 - SUAS - DEBUG - [SUAS_main.main:736] - Waiting for mode change to: AUTO
2025-06-22 01:55:36,383 - SUAS - DEBUG - [SUAS_main.main:736] - Waiting for mode change to: AUTO
2025-06-22 01:55:36,884 - SUAS - DEBUG - [SUAS_main.main:736] - Waiting for mode change to: AUTO
2025-06-22 01:55:37,385 - SUAS - DEBUG - [SUAS_main.main:736] - Waiting for mode change to: AUTO
2025-06-22 01:55:37,887 - SUAS - DEBUG - [SUAS_main.main:736] - Waiting for mode change to: AUTO
2025-06-22 01:55:38,388 - SUAS - DEBUG - [SUAS_main.main:736] - Waiting for mode change to: AUTO
2025-06-22 01:55:38,890 - SUAS - DEBUG - [SUAS_main.main:736] - Waiting for mode change to: AUTO
2025-06-22 01:55:39,391 - SUAS - DEBUG - [SUAS_main.main:736] - Waiting for mode change to: AUTO
2025-06-22 01:55:39,893 - SUAS - DEBUG - [SUAS_main.main:736] - Waiting for mode change to: AUTO
2025-06-22 01:55:40,394 - SUAS - DEBUG - [SUAS_main.main:736] - Waiting for mode change to: AUTO
2025-06-22 01:55:40,896 - SUAS - DEBUG - [SUAS_main.main:736] - Waiting for mode change to: AUTO
2025-06-22 01:55:41,398 - SUAS - DEBUG - [SUAS_main.main:736] - Waiting for mode change to: AUTO
2025-06-22 01:55:41,899 - SUAS - DEBUG - [SUAS_main.main:736] - Waiting for mode change to: AUTO
2025-06-22 01:55:42,401 - SUAS - DEBUG - [SUAS_main.main:736] - Waiting for mode change to: AUTO
2025-06-22 01:55:42,902 - SUAS - DEBUG - [SUAS_main.main:736] - Waiting for mode change to: AUTO
2025-06-22 01:55:43,404 - SUAS - DEBUG - [SUAS_main.main:736] - Waiting for mode change to: AUTO
2025-06-22 01:55:43,905 - SUAS - DEBUG - [SUAS_main.main:736] - Waiting for mode change to: AUTO
2025-06-22 01:55:44,407 - SUAS - DEBUG - [SUAS_main.main:736] - Waiting for mode change to: AUTO
2025-06-22 01:55:44,908 - SUAS - DEBUG - [SUAS_main.main:736] - Waiting for mode change to: AUTO
2025-06-22 01:55:45,410 - SUAS - DEBUG - [SUAS_main.main:736] - Waiting for mode change to: AUTO
2025-06-22 01:55:45,911 - SUAS - DEBUG - [SUAS_main.main:736] - Waiting for mode change to: AUTO
2025-06-22 01:55:46,413 - SUAS - DEBUG - [SUAS_main.main:736] - Waiting for mode change to: AUTO
2025-06-22 01:55:46,915 - SUAS - DEBUG - [SUAS_main.main:736] - Waiting for mode change to: AUTO
2025-06-22 01:55:47,416 - SUAS - DEBUG - [SUAS_main.main:736] - Waiting for mode change to: AUTO
2025-06-22 01:55:47,918 - SUAS - DEBUG - [SUAS_main.main:736] - Waiting for mode change to: AUTO
2025-06-22 01:55:48,419 - SUAS - DEBUG - [SUAS_main.main:736] - Waiting for mode change to: AUTO
2025-06-22 01:55:48,921 - SUAS - DEBUG - [SUAS_main.main:736] - Waiting for mode change to: AUTO
2025-06-22 01:55:49,422 - SUAS - DEBUG - [SUAS_main.main:736] - Waiting for mode change to: AUTO
2025-06-22 01:55:49,924 - SUAS - DEBUG - [SUAS_main.main:736] - Waiting for mode change to: AUTO
2025-06-22 01:55:50,425 - SUAS - DEBUG - [SUAS_main.main:736] - Waiting for mode change to: AUTO
2025-06-22 01:55:50,926 - SUAS - DEBUG - [SUAS_main.main:736] - Waiting for mode change to: AUTO
2025-06-22 01:55:51,428 - SUAS - DEBUG - [SUAS_main.main:736] - Waiting for mode change to: AUTO
2025-06-22 01:55:51,929 - SUAS - DEBUG - [SUAS_main.main:736] - Waiting for mode change to: AUTO
2025-06-22 01:55:52,431 - SUAS - DEBUG - [SUAS_main.main:736] - Waiting for mode change to: AUTO
2025-06-22 01:55:52,932 - SUAS - DEBUG - [SUAS_main.main:736] - Waiting for mode change to: AUTO
2025-06-22 01:55:53,434 - SUAS - DEBUG - [SUAS_main.main:736] - Waiting for mode change to: AUTO
2025-06-22 01:55:53,936 - SUAS - DEBUG - [SUAS_main.main:736] - Waiting for mode change to: AUTO
2025-06-22 01:55:54,439 - SUAS - DEBUG - [SUAS_main.main:736] - Waiting for mode change to: AUTO
2025-06-22 01:55:54,940 - SUAS - DEBUG - [SUAS_main.main:736] - Waiting for mode change to: AUTO
2025-06-22 01:55:55,442 - SUAS - DEBUG - [SUAS_main.main:736] - Waiting for mode change to: AUTO
2025-06-22 01:55:55,943 - SUAS - DEBUG - [SUAS_main.main:736] - Waiting for mode change to: AUTO
2025-06-22 01:55:56,445 - SUAS - DEBUG - [SUAS_main.main:736] - Waiting for mode change to: AUTO
2025-06-22 01:55:56,946 - SUAS - DEBUG - [SUAS_main.main:736] - Waiting for mode change to: AUTO
2025-06-22 01:55:57,448 - SUAS - DEBUG - [SUAS_main.main:736] - Waiting for mode change to: AUTO
2025-06-22 01:55:57,949 - SUAS - DEBUG - [SUAS_main.main:736] - Waiting for mode change to: AUTO
2025-06-22 01:55:58,451 - SUAS - DEBUG - [SUAS_main.main:736] - Waiting for mode change to: AUTO
2025-06-22 01:55:58,952 - SUAS - DEBUG - [SUAS_main.main:736] - Waiting for mode change to: AUTO
2025-06-22 01:55:59,455 - SUAS - DEBUG - [SUAS_main.main:736] - Waiting for mode change to: AUTO
2025-06-22 01:55:59,957 - SUAS - DEBUG - [SUAS_main.main:736] - Waiting for mode change to: AUTO
2025-06-22 01:56:00,458 - SUAS - DEBUG - [SUAS_main.main:736] - Waiting for mode change to: AUTO
2025-06-22 01:56:00,960 - SUAS - DEBUG - [SUAS_main.main:736] - Waiting for mode change to: AUTO
2025-06-22 01:56:01,461 - SUAS - DEBUG - [SUAS_main.main:736] - Waiting for mode change to: AUTO
2025-06-22 01:56:01,962 - SUAS - DEBUG - [SUAS_main.main:736] - Waiting for mode change to: AUTO
2025-06-22 01:56:02,464 - SUAS - DEBUG - [SUAS_main.main:736] - Waiting for mode change to: AUTO
2025-06-22 01:56:02,965 - SUAS - DEBUG - [SUAS_main.main:736] - Waiting for mode change to: AUTO
2025-06-22 01:56:03,467 - SUAS - DEBUG - [SUAS_main.main:736] - Waiting for mode change to: AUTO
2025-06-22 01:56:03,968 - SUAS - DEBUG - [SUAS_main.main:736] - Waiting for mode change to: AUTO
2025-06-22 01:56:04,470 - SUAS - DEBUG - [SUAS_main.main:736] - Waiting for mode change to: AUTO
2025-06-22 01:56:04,972 - SUAS - DEBUG - [SUAS_main.main:736] - Waiting for mode change to: AUTO
2025-06-22 01:56:05,473 - SUAS - DEBUG - [SUAS_main.main:736] - Waiting for mode change to: AUTO
2025-06-22 01:56:05,975 - SUAS - DEBUG - [SUAS_main.main:736] - Waiting for mode change to: AUTO
2025-06-22 01:56:06,477 - SUAS - DEBUG - [SUAS_main.main:736] - Waiting for mode change to: AUTO
2025-06-22 01:56:06,979 - SUAS - DEBUG - [SUAS_main.main:736] - Waiting for mode change to: AUTO
2025-06-22 01:56:07,480 - SUAS - DEBUG - [SUAS_main.main:736] - Waiting for mode change to: AUTO
2025-06-22 01:56:07,982 - SUAS - DEBUG - [SUAS_main.main:736] - Waiting for mode change to: AUTO
2025-06-22 01:56:08,483 - SUAS - DEBUG - [SUAS_main.main:736] - Waiting for mode change to: AUTO
2025-06-22 01:56:08,985 - SUAS - DEBUG - [SUAS_main.main:736] - Waiting for mode change to: AUTO
2025-06-22 01:56:09,486 - SUAS - DEBUG - [SUAS_main.main:736] - Waiting for mode change to: AUTO
2025-06-22 01:56:09,988 - SUAS - DEBUG - [SUAS_main.main:736] - Waiting for mode change to: AUTO
2025-06-22 01:56:10,489 - SUAS - DEBUG - [SUAS_main.main:736] - Waiting for mode change to: AUTO
2025-06-22 01:56:10,991 - SUAS - DEBUG - [SUAS_main.main:736] - Waiting for mode change to: AUTO
2025-06-22 01:56:11,492 - SUAS - DEBUG - [SUAS_main.main:736] - Waiting for mode change to: AUTO
2025-06-22 01:56:11,994 - SUAS - DEBUG - [SUAS_main.main:736] - Waiting for mode change to: AUTO
2025-06-22 01:56:12,495 - SUAS - DEBUG - [SUAS_main.main:736] - Waiting for mode change to: AUTO
2025-06-22 01:56:12,997 - SUAS - DEBUG - [SUAS_main.main:736] - Waiting for mode change to: AUTO
2025-06-22 01:56:13,499 - SUAS - DEBUG - [SUAS_main.main:736] - Waiting for mode change to: AUTO
2025-06-22 01:56:14,000 - SUAS - DEBUG - [SUAS_main.main:736] - Waiting for mode change to: AUTO
2025-06-22 01:56:14,502 - SUAS - DEBUG - [SUAS_main.main:736] - Waiting for mode change to: AUTO
2025-06-22 01:56:15,003 - SUAS - DEBUG - [SUAS_main.main:736] - Waiting for mode change to: AUTO
2025-06-22 01:56:15,505 - SUAS - DEBUG - [SUAS_main.main:736] - Waiting for mode change to: AUTO
2025-06-22 01:56:16,006 - SUAS - DEBUG - [SUAS_main.main:736] - Waiting for mode change to: AUTO
2025-06-22 01:56:16,509 - SUAS - DEBUG - [SUAS_main.main:736] - Waiting for mode change to: AUTO
2025-06-22 01:56:17,010 - SUAS - DEBUG - [SUAS_main.main:736] - Waiting for mode change to: AUTO
2025-06-22 01:56:17,512 - SUAS - DEBUG - [SUAS_main.main:736] - Waiting for mode change to: AUTO
2025-06-22 01:56:18,013 - SUAS - DEBUG - [SUAS_main.main:736] - Waiting for mode change to: AUTO
2025-06-22 01:56:18,515 - SUAS - DEBUG - [SUAS_main.main:736] - Waiting for mode change to: AUTO
2025-06-22 01:56:19,016 - SUAS - DEBUG - [SUAS_main.main:736] - Waiting for mode change to: AUTO
2025-06-22 01:56:19,518 - SUAS - DEBUG - [SUAS_main.main:736] - Waiting for mode change to: AUTO
2025-06-22 01:56:20,020 - SUAS - DEBUG - [SUAS_main.main:736] - Waiting for mode change to: AUTO
2025-06-22 01:56:20,521 - SUAS - DEBUG - [SUAS_main.main:736] - Waiting for mode change to: AUTO
2025-06-22 01:56:21,022 - SUAS - DEBUG - [SUAS_main.main:736] - Waiting for mode change to: AUTO
2025-06-22 01:56:21,524 - SUAS - DEBUG - [SUAS_main.main:736] - Waiting for mode change to: AUTO
2025-06-22 01:56:22,025 - SUAS - DEBUG - [SUAS_main.main:736] - Waiting for mode change to: AUTO
2025-06-22 01:56:22,527 - SUAS - DEBUG - [SUAS_main.main:736] - Waiting for mode change to: AUTO
2025-06-22 01:56:23,028 - SUAS - DEBUG - [SUAS_main.main:736] - Waiting for mode change to: AUTO
2025-06-22 01:56:23,529 - SUAS - DEBUG - [SUAS_main.main:736] - Waiting for mode change to: AUTO
2025-06-22 01:56:24,031 - SUAS - DEBUG - [SUAS_main.main:736] - Waiting for mode change to: AUTO
2025-06-22 01:56:24,532 - SUAS - DEBUG - [SUAS_main.main:736] - Waiting for mode change to: AUTO
2025-06-22 01:56:25,035 - SUAS - DEBUG - [SUAS_main.main:736] - Waiting for mode change to: AUTO
2025-06-22 01:56:25,536 - SUAS - DEBUG - [SUAS_main.main:736] - Waiting for mode change to: AUTO
2025-06-22 01:56:26,038 - SUAS - DEBUG - [SUAS_main.main:736] - Waiting for mode change to: AUTO
2025-06-22 01:56:26,540 - SUAS - DEBUG - [SUAS_main.main:736] - Waiting for mode change to: AUTO
2025-06-22 01:56:27,041 - SUAS - DEBUG - [SUAS_main.main:736] - Waiting for mode change to: AUTO
2025-06-22 01:56:27,543 - SUAS - DEBUG - [SUAS_main.main:736] - Waiting for mode change to: AUTO
2025-06-22 01:56:28,044 - SUAS - DEBUG - [SUAS_main.main:736] - Waiting for mode change to: AUTO
2025-06-22 01:56:28,545 - SUAS - DEBUG - [SUAS_main.main:736] - Waiting for mode change to: AUTO
2025-06-22 01:56:29,047 - SUAS - DEBUG - [SUAS_main.main:736] - Waiting for mode change to: AUTO
2025-06-22 01:56:29,548 - SUAS - DEBUG - [SUAS_main.main:736] - Waiting for mode change to: AUTO
2025-06-22 01:56:30,050 - SUAS - DEBUG - [SUAS_main.main:736] - Waiting for mode change to: AUTO
2025-06-22 01:56:30,551 - SUAS - DEBUG - [SUAS_main.main:736] - Waiting for mode change to: AUTO
2025-06-22 01:56:31,053 - SUAS - DEBUG - [SUAS_main.main:736] - Waiting for mode change to: AUTO
2025-06-22 01:56:31,555 - SUAS - DEBUG - [SUAS_main.main:736] - Waiting for mode change to: AUTO
2025-06-22 01:56:32,056 - SUAS - DEBUG - [SUAS_main.main:736] - Waiting for mode change to: AUTO
2025-06-22 01:56:32,559 - SUAS - DEBUG - [SUAS_main.main:736] - Waiting for mode change to: AUTO
2025-06-22 01:56:33,060 - SUAS - DEBUG - [SUAS_main.main:736] - Waiting for mode change to: AUTO
2025-06-22 01:56:33,561 - SUAS - DEBUG - [SUAS_main.main:736] - Waiting for mode change to: AUTO
2025-06-22 01:56:34,063 - SUAS - DEBUG - [SUAS_main.main:736] - Waiting for mode change to: AUTO
2025-06-22 01:56:34,564 - SUAS - DEBUG - [SUAS_main.main:736] - Waiting for mode change to: AUTO
2025-06-22 01:56:35,065 - SUAS - DEBUG - [SUAS_main.main:736] - Waiting for mode change to: AUTO
2025-06-22 01:56:35,567 - SUAS - DEBUG - [SUAS_main.main:736] - Waiting for mode change to: AUTO
2025-06-22 01:56:36,068 - SUAS - DEBUG - [SUAS_main.main:736] - Waiting for mode change to: AUTO
2025-06-22 01:56:36,570 - SUAS - DEBUG - [SUAS_main.main:736] - Waiting for mode change to: AUTO
2025-06-22 01:56:37,071 - SUAS - DEBUG - [SUAS_main.main:736] - Waiting for mode change to: AUTO
2025-06-22 01:56:37,572 - SUAS - DEBUG - [SUAS_main.main:736] - Waiting for mode change to: AUTO
2025-06-22 01:56:38,074 - SUAS - DEBUG - [SUAS_main.main:736] - Waiting for mode change to: AUTO
2025-06-22 01:56:38,576 - SUAS - DEBUG - [SUAS_main.main:736] - Waiting for mode change to: AUTO
2025-06-22 01:56:39,077 - SUAS - DEBUG - [SUAS_main.main:736] - Waiting for mode change to: AUTO
2025-06-22 01:56:39,579 - SUAS - DEBUG - [SUAS_main.main:736] - Waiting for mode change to: AUTO
2025-06-22 01:56:40,080 - SUAS - DEBUG - [SUAS_main.main:736] - Waiting for mode change to: AUTO
2025-06-22 01:56:40,581 - SUAS - DEBUG - [SUAS_main.main:736] - Waiting for mode change to: AUTO
2025-06-22 01:56:41,083 - SUAS - DEBUG - [SUAS_main.main:736] - Waiting for mode change to: AUTO
2025-06-22 01:56:41,584 - SUAS - DEBUG - [SUAS_main.main:736] - Waiting for mode change to: AUTO
2025-06-22 01:56:42,086 - SUAS - DEBUG - [SUAS_main.main:736] - Waiting for mode change to: AUTO
2025-06-22 01:56:42,587 - SUAS - DEBUG - [SUAS_main.main:736] - Waiting for mode change to: AUTO
2025-06-22 01:56:43,089 - SUAS - DEBUG - [SUAS_main.main:736] - Waiting for mode change to: AUTO
2025-06-22 01:56:43,591 - SUAS - DEBUG - [SUAS_main.main:736] - Waiting for mode change to: AUTO
2025-06-22 01:56:44,125 - SUAS - DEBUG - [SUAS_main.main:736] - Waiting for mode change to: AUTO
2025-06-22 01:56:44,626 - SUAS - DEBUG - [SUAS_main.main:736] - Waiting for mode change to: AUTO
2025-06-22 01:56:45,128 - SUAS - DEBUG - [SUAS_main.main:736] - Waiting for mode change to: AUTO
2025-06-22 01:56:45,629 - SUAS - DEBUG - [SUAS_main.main:736] - Waiting for mode change to: AUTO
2025-06-22 01:56:46,131 - SUAS - DEBUG - [SUAS_main.main:736] - Waiting for mode change to: AUTO
2025-06-22 01:56:46,633 - SUAS - DEBUG - [SUAS_main.main:736] - Waiting for mode change to: AUTO
2025-06-22 01:56:47,134 - SUAS - DEBUG - [SUAS_main.main:736] - Waiting for mode change to: AUTO
2025-06-22 01:56:47,636 - SUAS - DEBUG - [SUAS_main.main:736] - Waiting for mode change to: AUTO
2025-06-22 01:56:48,138 - SUAS - DEBUG - [SUAS_main.main:736] - Waiting for mode change to: AUTO
2025-06-22 01:56:48,639 - SUAS - DEBUG - [SUAS_main.main:736] - Waiting for mode change to: AUTO
2025-06-22 01:56:49,141 - SUAS - DEBUG - [SUAS_main.main:736] - Waiting for mode change to: AUTO
2025-06-22 01:56:49,642 - SUAS - DEBUG - [SUAS_main.main:736] - Waiting for mode change to: AUTO
2025-06-22 01:56:50,144 - SUAS - DEBUG - [SUAS_main.main:736] - Waiting for mode change to: AUTO
2025-06-22 01:56:50,645 - SUAS - DEBUG - [SUAS_main.main:736] - Waiting for mode change to: AUTO
2025-06-22 01:56:51,147 - SUAS - DEBUG - [SUAS_main.main:736] - Waiting for mode change to: AUTO
2025-06-22 01:56:51,648 - SUAS - DEBUG - [SUAS_main.main:736] - Waiting for mode change to: AUTO
2025-06-22 01:56:52,149 - SUAS - DEBUG - [SUAS_main.main:736] - Waiting for mode change to: AUTO
2025-06-22 01:56:52,651 - SUAS - DEBUG - [SUAS_main.main:736] - Waiting for mode change to: AUTO
2025-06-22 01:56:53,152 - SUAS - DEBUG - [SUAS_main.main:736] - Waiting for mode change to: AUTO
2025-06-22 01:56:53,654 - SUAS - DEBUG - [SUAS_main.main:736] - Waiting for mode change to: AUTO
2025-06-22 01:56:54,155 - SUAS - DEBUG - [SUAS_main.main:736] - Waiting for mode change to: AUTO
2025-06-22 01:56:54,656 - SUAS - DEBUG - [SUAS_main.main:736] - Waiting for mode change to: AUTO
2025-06-22 01:56:55,158 - SUAS - DEBUG - [SUAS_main.main:736] - Waiting for mode change to: AUTO
2025-06-22 01:56:55,659 - SUAS - DEBUG - [SUAS_main.main:736] - Waiting for mode change to: AUTO
2025-06-22 01:56:56,161 - SUAS - DEBUG - [SUAS_main.main:736] - Waiting for mode change to: AUTO
2025-06-22 01:56:56,662 - SUAS - DEBUG - [SUAS_main.main:736] - Waiting for mode change to: AUTO
2025-06-22 01:56:57,164 - SUAS - DEBUG - [SUAS_main.main:736] - Waiting for mode change to: AUTO
2025-06-22 01:56:57,665 - SUAS - DEBUG - [SUAS_main.main:736] - Waiting for mode change to: AUTO
2025-06-22 01:56:58,167 - SUAS - DEBUG - [SUAS_main.main:736] - Waiting for mode change to: AUTO
2025-06-22 01:56:58,668 - SUAS - DEBUG - [SUAS_main.main:736] - Waiting for mode change to: AUTO
2025-06-22 01:56:59,169 - SUAS - DEBUG - [SUAS_main.main:736] - Waiting for mode change to: AUTO
2025-06-22 01:56:59,671 - SUAS - DEBUG - [SUAS_main.main:736] - Waiting for mode change to: AUTO
2025-06-22 01:57:00,172 - SUAS - DEBUG - [SUAS_main.main:736] - Waiting for mode change to: AUTO
2025-06-22 01:57:00,674 - SUAS - DEBUG - [SUAS_main.main:736] - Waiting for mode change to: AUTO
2025-06-22 01:57:01,175 - SUAS - DEBUG - [SUAS_main.main:736] - Waiting for mode change to: AUTO
2025-06-22 01:57:01,677 - SUAS - DEBUG - [SUAS_main.main:736] - Waiting for mode change to: AUTO
2025-06-22 01:57:02,179 - SUAS - DEBUG - [SUAS_main.main:736] - Waiting for mode change to: AUTO
2025-06-22 01:57:02,681 - SUAS - DEBUG - [SUAS_main.main:736] - Waiting for mode change to: AUTO
2025-06-22 01:57:03,182 - SUAS - DEBUG - [SUAS_main.main:736] - Waiting for mode change to: AUTO
2025-06-22 01:57:03,684 - SUAS - DEBUG - [SUAS_main.main:736] - Waiting for mode change to: AUTO
2025-06-22 01:57:04,185 - SUAS - DEBUG - [SUAS_main.main:736] - Waiting for mode change to: AUTO
2025-06-22 01:57:04,687 - SUAS - DEBUG - [SUAS_main.main:736] - Waiting for mode change to: AUTO
2025-06-22 01:57:05,188 - SUAS - DEBUG - [SUAS_main.main:736] - Waiting for mode change to: AUTO
2025-06-22 01:57:05,690 - SUAS - DEBUG - [SUAS_main.main:736] - Waiting for mode change to: AUTO
2025-06-22 01:57:06,192 - SUAS - DEBUG - [SUAS_main.main:736] - Waiting for mode change to: AUTO
2025-06-22 01:57:06,693 - SUAS - DEBUG - [SUAS_main.main:736] - Waiting for mode change to: AUTO
2025-06-22 01:57:07,195 - SUAS - DEBUG - [SUAS_main.main:736] - Waiting for mode change to: AUTO
2025-06-22 01:57:07,696 - SUAS - DEBUG - [SUAS_main.main:736] - Waiting for mode change to: AUTO
2025-06-22 01:57:08,198 - SUAS - DEBUG - [SUAS_main.main:736] - Waiting for mode change to: AUTO
2025-06-22 01:57:08,699 - SUAS - DEBUG - [SUAS_main.main:736] - Waiting for mode change to: AUTO
2025-06-22 01:57:09,201 - SUAS - DEBUG - [SUAS_main.main:736] - Waiting for mode change to: AUTO
2025-06-22 01:57:09,702 - SUAS - DEBUG - [SUAS_main.main:736] - Waiting for mode change to: AUTO
2025-06-22 01:57:10,204 - SUAS - DEBUG - [SUAS_main.main:736] - Waiting for mode change to: AUTO
2025-06-22 01:57:10,705 - SUAS - DEBUG - [SUAS_main.main:736] - Waiting for mode change to: AUTO
2025-06-22 01:57:11,207 - SUAS - DEBUG - [SUAS_main.main:736] - Waiting for mode change to: AUTO
2025-06-22 01:57:11,708 - SUAS - DEBUG - [SUAS_main.main:736] - Waiting for mode change to: AUTO
2025-06-22 01:57:12,210 - SUAS - DEBUG - [SUAS_main.main:736] - Waiting for mode change to: AUTO
2025-06-22 01:57:12,711 - SUAS - DEBUG - [SUAS_main.main:736] - Waiting for mode change to: AUTO
2025-06-22 01:57:13,213 - SUAS - DEBUG - [SUAS_main.main:736] - Waiting for mode change to: AUTO
2025-06-22 01:57:13,715 - SUAS - DEBUG - [SUAS_main.main:736] - Waiting for mode change to: AUTO
2025-06-22 01:57:14,217 - SUAS - DEBUG - [SUAS_main.main:736] - Waiting for mode change to: AUTO
2025-06-22 01:57:14,718 - SUAS - DEBUG - [SUAS_main.main:736] - Waiting for mode change to: AUTO
2025-06-22 01:57:15,219 - SUAS - DEBUG - [SUAS_main.main:736] - Waiting for mode change to: AUTO
2025-06-22 01:57:15,721 - SUAS - DEBUG - [SUAS_main.main:736] - Waiting for mode change to: AUTO
2025-06-22 01:57:16,222 - SUAS - DEBUG - [SUAS_main.main:736] - Waiting for mode change to: AUTO
2025-06-22 01:57:16,724 - SUAS - DEBUG - [SUAS_main.main:736] - Waiting for mode change to: AUTO
2025-06-22 01:57:17,225 - SUAS - DEBUG - [SUAS_main.main:736] - Waiting for mode change to: AUTO
2025-06-22 01:57:17,727 - SUAS - DEBUG - [SUAS_main.main:736] - Waiting for mode change to: AUTO
2025-06-22 01:57:18,228 - SUAS - DEBUG - [SUAS_main.main:736] - Waiting for mode change to: AUTO
2025-06-22 01:57:18,729 - SUAS - DEBUG - [SUAS_main.main:736] - Waiting for mode change to: AUTO
2025-06-22 01:57:19,231 - SUAS - DEBUG - [SUAS_main.main:736] - Waiting for mode change to: AUTO
2025-06-22 01:57:19,732 - SUAS - DEBUG - [SUAS_main.main:736] - Waiting for mode change to: AUTO
2025-06-22 01:57:20,235 - SUAS - DEBUG - [SUAS_main.main:736] - Waiting for mode change to: AUTO
2025-06-22 01:57:20,736 - SUAS - DEBUG - [SUAS_main.main:736] - Waiting for mode change to: AUTO
2025-06-22 01:57:21,238 - SUAS - DEBUG - [SUAS_main.main:736] - Waiting for mode change to: AUTO
2025-06-22 01:57:21,739 - SUAS - DEBUG - [SUAS_main.main:736] - Waiting for mode change to: AUTO
2025-06-22 01:57:22,241 - SUAS - DEBUG - [SUAS_main.main:736] - Waiting for mode change to: AUTO
2025-06-22 01:57:22,742 - SUAS - DEBUG - [SUAS_main.main:736] - Waiting for mode change to: AUTO
2025-06-22 01:57:23,244 - SUAS - DEBUG - [SUAS_main.main:736] - Waiting for mode change to: AUTO
2025-06-22 01:57:23,745 - SUAS - DEBUG - [SUAS_main.main:736] - Waiting for mode change to: AUTO
2025-06-22 01:57:24,247 - SUAS - DEBUG - [SUAS_main.main:736] - Waiting for mode change to: AUTO
2025-06-22 01:57:24,748 - SUAS - DEBUG - [SUAS_main.main:736] - Waiting for mode change to: AUTO
2025-06-22 01:57:25,250 - SUAS - DEBUG - [SUAS_main.main:736] - Waiting for mode change to: AUTO
2025-06-22 01:57:25,751 - SUAS - DEBUG - [SUAS_main.main:736] - Waiting for mode change to: AUTO
2025-06-22 01:57:26,253 - SUAS - DEBUG - [SUAS_main.main:736] - Waiting for mode change to: AUTO
2025-06-22 01:57:26,754 - SUAS - DEBUG - [SUAS_main.main:736] - Waiting for mode change to: AUTO
2025-06-22 01:57:27,256 - SUAS - DEBUG - [SUAS_main.main:736] - Waiting for mode change to: AUTO
2025-06-22 01:57:27,757 - SUAS - DEBUG - [SUAS_main.main:736] - Waiting for mode change to: AUTO
2025-06-22 01:57:28,259 - SUAS - DEBUG - [SUAS_main.main:736] - Waiting for mode change to: AUTO
2025-06-22 01:57:28,760 - SUAS - DEBUG - [SUAS_main.main:736] - Waiting for mode change to: AUTO
2025-06-22 01:57:29,261 - SUAS - DEBUG - [SUAS_main.main:736] - Waiting for mode change to: AUTO
2025-06-22 01:57:29,763 - SUAS - DEBUG - [SUAS_main.main:736] - Waiting for mode change to: AUTO
2025-06-22 01:57:30,264 - SUAS - DEBUG - [SUAS_main.main:736] - Waiting for mode change to: AUTO
2025-06-22 01:57:30,765 - SUAS - DEBUG - [SUAS_main.main:736] - Waiting for mode change to: AUTO
2025-06-22 01:57:31,266 - SUAS - DEBUG - [SUAS_main.main:736] - Waiting for mode change to: AUTO
2025-06-22 01:57:31,768 - SUAS - DEBUG - [SUAS_main.main:736] - Waiting for mode change to: AUTO
2025-06-22 01:57:32,269 - SUAS - DEBUG - [SUAS_main.main:736] - Waiting for mode change to: AUTO
2025-06-22 01:57:32,771 - SUAS - DEBUG - [SUAS_main.main:736] - Waiting for mode change to: AUTO
2025-06-22 01:57:33,272 - SUAS - DEBUG - [SUAS_main.main:736] - Waiting for mode change to: AUTO
2025-06-22 01:57:33,774 - SUAS - DEBUG - [SUAS_main.main:736] - Waiting for mode change to: AUTO
2025-06-22 01:57:34,275 - SUAS - DEBUG - [SUAS_main.main:736] - Waiting for mode change to: AUTO
2025-06-22 01:57:34,777 - SUAS - DEBUG - [SUAS_main.main:736] - Waiting for mode change to: AUTO
2025-06-22 01:57:35,278 - SUAS - DEBUG - [SUAS_main.main:736] - Waiting for mode change to: AUTO
2025-06-22 01:57:35,780 - SUAS - DEBUG - [SUAS_main.main:736] - Waiting for mode change to: AUTO
2025-06-22 01:57:36,281 - SUAS - DEBUG - [SUAS_main.main:736] - Waiting for mode change to: AUTO
2025-06-22 01:57:36,783 - SUAS - DEBUG - [SUAS_main.main:736] - Waiting for mode change to: AUTO
2025-06-22 01:57:37,284 - SUAS - DEBUG - [SUAS_main.main:736] - Waiting for mode change to: AUTO
2025-06-22 01:57:37,785 - SUAS - DEBUG - [SUAS_main.main:736] - Waiting for mode change to: AUTO
2025-06-22 01:57:38,287 - SUAS - DEBUG - [SUAS_main.main:736] - Waiting for mode change to: AUTO
2025-06-22 01:57:38,788 - SUAS - DEBUG - [SUAS_main.main:736] - Waiting for mode change to: AUTO
2025-06-22 01:57:39,289 - SUAS - DEBUG - [SUAS_main.main:736] - Waiting for mode change to: AUTO
2025-06-22 01:57:39,791 - SUAS - DEBUG - [SUAS_main.main:736] - Waiting for mode change to: AUTO
2025-06-22 01:57:40,292 - SUAS - DEBUG - [SUAS_main.main:736] - Waiting for mode change to: AUTO
2025-06-22 01:57:40,794 - SUAS - DEBUG - [SUAS_main.main:736] - Waiting for mode change to: AUTO
2025-06-22 01:57:41,296 - SUAS - DEBUG - [SUAS_main.main:736] - Waiting for mode change to: AUTO
2025-06-22 01:57:41,797 - SUAS - DEBUG - [SUAS_main.main:736] - Waiting for mode change to: AUTO
2025-06-22 01:57:42,299 - SUAS - DEBUG - [SUAS_main.main:736] - Waiting for mode change to: AUTO
2025-06-22 01:57:42,800 - SUAS - DEBUG - [SUAS_main.main:736] - Waiting for mode change to: AUTO
2025-06-22 01:57:43,301 - SUAS - DEBUG - [SUAS_main.main:736] - Waiting for mode change to: AUTO
2025-06-22 01:57:43,802 - SUAS - DEBUG - [SUAS_main.main:736] - Waiting for mode change to: AUTO
2025-06-22 01:57:44,304 - SUAS - DEBUG - [SUAS_main.main:736] - Waiting for mode change to: AUTO
2025-06-22 01:57:44,805 - SUAS - DEBUG - [SUAS_main.main:736] - Waiting for mode change to: AUTO
2025-06-22 01:57:45,307 - SUAS - DEBUG - [SUAS_main.main:736] - Waiting for mode change to: AUTO
2025-06-22 01:57:45,808 - SUAS - DEBUG - [SUAS_main.main:736] - Waiting for mode change to: AUTO
2025-06-22 01:57:46,311 - SUAS - DEBUG - [SUAS_main.main:736] - Waiting for mode change to: AUTO
2025-06-22 01:57:46,813 - SUAS - DEBUG - [SUAS_main.main:736] - Waiting for mode change to: AUTO
2025-06-22 01:57:47,314 - SUAS - DEBUG - [SUAS_main.main:736] - Waiting for mode change to: AUTO
2025-06-22 01:57:47,816 - SUAS - DEBUG - [SUAS_main.main:736] - Waiting for mode change to: AUTO
2025-06-22 01:57:48,318 - SUAS - DEBUG - [SUAS_main.main:736] - Waiting for mode change to: AUTO
2025-06-22 01:57:48,819 - SUAS - DEBUG - [SUAS_main.main:736] - Waiting for mode change to: AUTO
2025-06-22 01:57:49,321 - SUAS - DEBUG - [SUAS_main.main:736] - Waiting for mode change to: AUTO
2025-06-22 01:57:49,822 - SUAS - DEBUG - [SUAS_main.main:736] - Waiting for mode change to: AUTO
2025-06-22 01:57:50,324 - SUAS - DEBUG - [SUAS_main.main:736] - Waiting for mode change to: AUTO
2025-06-22 01:57:50,825 - SUAS - DEBUG - [SUAS_main.main:736] - Waiting for mode change to: AUTO
2025-06-22 01:57:51,327 - SUAS - DEBUG - [SUAS_main.main:736] - Waiting for mode change to: AUTO
2025-06-22 01:57:51,828 - SUAS - DEBUG - [SUAS_main.main:736] - Waiting for mode change to: AUTO
2025-06-22 01:57:52,330 - SUAS - DEBUG - [SUAS_main.main:736] - Waiting for mode change to: AUTO
2025-06-22 01:57:52,831 - SUAS - DEBUG - [SUAS_main.main:736] - Waiting for mode change to: AUTO
2025-06-22 01:57:53,333 - SUAS - DEBUG - [SUAS_main.main:736] - Waiting for mode change to: AUTO
2025-06-22 01:57:53,835 - SUAS - DEBUG - [SUAS_main.main:736] - Waiting for mode change to: AUTO
2025-06-22 01:57:54,337 - SUAS - DEBUG - [SUAS_main.main:736] - Waiting for mode change to: AUTO
2025-06-22 01:57:54,839 - SUAS - DEBUG - [SUAS_main.main:736] - Waiting for mode change to: AUTO
2025-06-22 01:57:55,341 - SUAS - DEBUG - [SUAS_main.main:736] - Waiting for mode change to: AUTO
2025-06-22 01:57:55,842 - SUAS - DEBUG - [SUAS_main.main:736] - Waiting for mode change to: AUTO
2025-06-22 01:57:56,344 - SUAS - DEBUG - [SUAS_main.main:736] - Waiting for mode change to: AUTO
2025-06-22 01:57:56,845 - SUAS - DEBUG - [SUAS_main.main:736] - Waiting for mode change to: AUTO
2025-06-22 01:57:57,347 - SUAS - DEBUG - [SUAS_main.main:736] - Waiting for mode change to: AUTO
2025-06-22 01:57:57,848 - SUAS - DEBUG - [SUAS_main.main:736] - Waiting for mode change to: AUTO
2025-06-22 01:57:58,351 - SUAS - DEBUG - [SUAS_main.main:736] - Waiting for mode change to: AUTO
2025-06-22 01:57:58,852 - SUAS - DEBUG - [SUAS_main.main:736] - Waiting for mode change to: AUTO
2025-06-22 01:57:59,354 - SUAS - DEBUG - [SUAS_main.main:736] - Waiting for mode change to: AUTO
2025-06-22 01:57:59,855 - SUAS - DEBUG - [SUAS_main.main:736] - Waiting for mode change to: AUTO
2025-06-22 01:58:00,357 - SUAS - DEBUG - [SUAS_main.main:736] - Waiting for mode change to: AUTO
2025-06-22 01:58:00,859 - SUAS - DEBUG - [SUAS_main.main:736] - Waiting for mode change to: AUTO
2025-06-22 01:58:01,360 - SUAS - DEBUG - [SUAS_main.main:736] - Waiting for mode change to: AUTO
2025-06-22 01:58:01,862 - SUAS - DEBUG - [SUAS_main.main:736] - Waiting for mode change to: AUTO
2025-06-22 01:58:02,363 - SUAS - DEBUG - [SUAS_main.main:736] - Waiting for mode change to: AUTO
2025-06-22 01:58:02,865 - SUAS - DEBUG - [SUAS_main.main:736] - Waiting for mode change to: AUTO
2025-06-22 01:58:03,366 - SUAS - DEBUG - [SUAS_main.main:736] - Waiting for mode change to: AUTO
2025-06-22 01:58:03,868 - SUAS - DEBUG - [SUAS_main.main:736] - Waiting for mode change to: AUTO
2025-06-22 01:58:04,369 - SUAS - DEBUG - [SUAS_main.main:736] - Waiting for mode change to: AUTO
2025-06-22 01:58:04,871 - SUAS - DEBUG - [SUAS_main.main:736] - Waiting for mode change to: AUTO
2025-06-22 01:58:05,372 - SUAS - DEBUG - [SUAS_main.main:736] - Waiting for mode change to: AUTO
2025-06-22 01:58:05,874 - SUAS - DEBUG - [SUAS_main.main:736] - Waiting for mode change to: AUTO
2025-06-22 01:58:06,376 - SUAS - DEBUG - [SUAS_main.main:736] - Waiting for mode change to: AUTO
2025-06-22 01:58:06,878 - SUAS - DEBUG - [SUAS_main.main:736] - Waiting for mode change to: AUTO
2025-06-22 01:58:07,380 - SUAS - DEBUG - [SUAS_main.main:736] - Waiting for mode change to: AUTO
2025-06-22 01:58:07,881 - SUAS - DEBUG - [SUAS_main.main:736] - Waiting for mode change to: AUTO
2025-06-22 01:58:08,383 - SUAS - DEBUG - [SUAS_main.main:736] - Waiting for mode change to: AUTO
2025-06-22 01:58:08,884 - SUAS - DEBUG - [SUAS_main.main:736] - Waiting for mode change to: AUTO
2025-06-22 01:58:09,385 - SUAS - DEBUG - [SUAS_main.main:736] - Waiting for mode change to: AUTO
2025-06-22 01:58:09,887 - SUAS - DEBUG - [SUAS_main.main:736] - Waiting for mode change to: AUTO
2025-06-22 01:58:10,388 - SUAS - DEBUG - [SUAS_main.main:736] - Waiting for mode change to: AUTO
2025-06-22 01:58:10,890 - SUAS - DEBUG - [SUAS_main.main:736] - Waiting for mode change to: AUTO
2025-06-22 01:58:11,391 - SUAS - DEBUG - [SUAS_main.main:736] - Waiting for mode change to: AUTO
2025-06-22 01:58:11,893 - SUAS - DEBUG - [SUAS_main.main:736] - Waiting for mode change to: AUTO
2025-06-22 01:58:12,395 - SUAS - DEBUG - [SUAS_main.main:736] - Waiting for mode change to: AUTO
2025-06-22 01:58:12,896 - SUAS - DEBUG - [SUAS_main.main:736] - Waiting for mode change to: AUTO
2025-06-22 01:58:13,398 - SUAS - DEBUG - [SUAS_main.main:736] - Waiting for mode change to: AUTO
2025-06-22 01:58:13,899 - SUAS - DEBUG - [SUAS_main.main:736] - Waiting for mode change to: AUTO
2025-06-22 01:58:14,401 - SUAS - DEBUG - [SUAS_main.main:736] - Waiting for mode change to: AUTO
2025-06-22 01:58:14,902 - SUAS - DEBUG - [SUAS_main.main:736] - Waiting for mode change to: AUTO
2025-06-22 01:58:15,404 - SUAS - DEBUG - [SUAS_main.main:736] - Waiting for mode change to: AUTO
2025-06-22 01:58:15,905 - SUAS - DEBUG - [SUAS_main.main:736] - Waiting for mode change to: AUTO
2025-06-22 01:58:16,406 - SUAS - DEBUG - [SUAS_main.main:736] - Waiting for mode change to: AUTO
2025-06-22 01:58:16,908 - SUAS - DEBUG - [SUAS_main.main:736] - Waiting for mode change to: AUTO
2025-06-22 01:58:17,409 - SUAS - DEBUG - [SUAS_main.main:736] - Waiting for mode change to: AUTO
2025-06-22 01:58:17,911 - SUAS - DEBUG - [SUAS_main.main:736] - Waiting for mode change to: AUTO
2025-06-22 01:58:18,413 - SUAS - DEBUG - [SUAS_main.main:736] - Waiting for mode change to: AUTO
2025-06-22 01:58:18,914 - SUAS - DEBUG - [SUAS_main.main:736] - Waiting for mode change to: AUTO
2025-06-22 01:58:19,416 - SUAS - DEBUG - [SUAS_main.main:736] - Waiting for mode change to: AUTO
2025-06-22 01:58:19,917 - SUAS - DEBUG - [SUAS_main.main:736] - Waiting for mode change to: AUTO
2025-06-22 01:58:20,419 - SUAS - DEBUG - [SUAS_main.main:736] - Waiting for mode change to: AUTO
2025-06-22 01:58:20,920 - SUAS - DEBUG - [SUAS_main.main:736] - Waiting for mode change to: AUTO
2025-06-22 01:58:21,421 - SUAS - DEBUG - [SUAS_main.main:736] - Waiting for mode change to: AUTO
2025-06-22 01:58:21,922 - SUAS - DEBUG - [SUAS_main.main:736] - Waiting for mode change to: AUTO
2025-06-22 01:58:22,424 - SUAS - DEBUG - [SUAS_main.main:736] - Waiting for mode change to: AUTO
2025-06-22 01:58:22,925 - SUAS - DEBUG - [SUAS_main.main:736] - Waiting for mode change to: AUTO
2025-06-22 01:58:23,427 - SUAS - DEBUG - [SUAS_main.main:736] - Waiting for mode change to: AUTO
2025-06-22 01:58:23,928 - SUAS - DEBUG - [SUAS_main.main:736] - Waiting for mode change to: AUTO
2025-06-22 01:58:24,430 - SUAS - DEBUG - [SUAS_main.main:736] - Waiting for mode change to: AUTO
2025-06-22 01:58:24,931 - SUAS - DEBUG - [SUAS_main.main:736] - Waiting for mode change to: AUTO
2025-06-22 01:58:25,433 - SUAS - DEBUG - [SUAS_main.main:736] - Waiting for mode change to: AUTO
2025-06-22 01:58:25,935 - SUAS - DEBUG - [SUAS_main.main:736] - Waiting for mode change to: AUTO
2025-06-22 01:58:26,436 - SUAS - DEBUG - [SUAS_main.main:736] - Waiting for mode change to: AUTO
2025-06-22 01:58:26,937 - SUAS - DEBUG - [SUAS_main.main:736] - Waiting for mode change to: AUTO
2025-06-22 01:58:27,439 - SUAS - DEBUG - [SUAS_main.main:736] - Waiting for mode change to: AUTO
2025-06-22 01:58:27,940 - SUAS - DEBUG - [SUAS_main.main:736] - Waiting for mode change to: AUTO
2025-06-22 01:58:28,441 - SUAS - DEBUG - [SUAS_main.main:736] - Waiting for mode change to: AUTO
2025-06-22 01:58:28,943 - SUAS - DEBUG - [SUAS_main.main:736] - Waiting for mode change to: AUTO
2025-06-22 01:58:29,444 - SUAS - DEBUG - [SUAS_main.main:736] - Waiting for mode change to: AUTO
2025-06-22 01:58:29,946 - SUAS - DEBUG - [SUAS_main.main:736] - Waiting for mode change to: AUTO
2025-06-22 01:58:30,447 - SUAS - DEBUG - [SUAS_main.main:736] - Waiting for mode change to: AUTO
2025-06-22 01:58:30,949 - SUAS - DEBUG - [SUAS_main.main:736] - Waiting for mode change to: AUTO
2025-06-22 01:58:31,451 - SUAS - DEBUG - [SUAS_main.main:736] - Waiting for mode change to: AUTO
2025-06-22 01:58:31,952 - SUAS - DEBUG - [SUAS_main.main:736] - Waiting for mode change to: AUTO
2025-06-22 01:58:32,454 - SUAS - DEBUG - [SUAS_main.main:736] - Waiting for mode change to: AUTO
2025-06-22 01:58:32,955 - SUAS - DEBUG - [SUAS_main.main:736] - Waiting for mode change to: AUTO
2025-06-22 01:58:33,456 - SUAS - DEBUG - [SUAS_main.main:736] - Waiting for mode change to: AUTO
2025-06-22 01:58:33,958 - SUAS - DEBUG - [SUAS_main.main:736] - Waiting for mode change to: AUTO
2025-06-22 01:58:34,459 - SUAS - DEBUG - [SUAS_main.main:736] - Waiting for mode change to: AUTO
2025-06-22 01:58:34,961 - SUAS - DEBUG - [SUAS_main.main:736] - Waiting for mode change to: AUTO
2025-06-22 01:58:35,462 - SUAS - DEBUG - [SUAS_main.main:736] - Waiting for mode change to: AUTO
2025-06-22 01:58:35,963 - SUAS - DEBUG - [SUAS_main.main:736] - Waiting for mode change to: AUTO
2025-06-22 01:58:36,465 - SUAS - DEBUG - [SUAS_main.main:736] - Waiting for mode change to: AUTO
2025-06-22 01:58:36,966 - SUAS - DEBUG - [SUAS_main.main:736] - Waiting for mode change to: AUTO
2025-06-22 01:58:37,468 - SUAS - DEBUG - [SUAS_main.main:736] - Waiting for mode change to: AUTO
2025-06-22 01:58:37,970 - SUAS - DEBUG - [SUAS_main.main:736] - Waiting for mode change to: AUTO
2025-06-22 01:58:38,472 - SUAS - DEBUG - [SUAS_main.main:736] - Waiting for mode change to: AUTO
2025-06-22 01:58:38,973 - SUAS - DEBUG - [SUAS_main.main:736] - Waiting for mode change to: AUTO
2025-06-22 01:58:39,474 - SUAS - DEBUG - [SUAS_main.main:736] - Waiting for mode change to: AUTO
2025-06-22 01:58:39,976 - SUAS - DEBUG - [SUAS_main.main:736] - Waiting for mode change to: AUTO
2025-06-22 01:58:40,477 - SUAS - DEBUG - [SUAS_main.main:736] - Waiting for mode change to: AUTO
2025-06-22 01:58:40,978 - SUAS - DEBUG - [SUAS_main.main:736] - Waiting for mode change to: AUTO
2025-06-22 01:58:41,480 - SUAS - DEBUG - [SUAS_main.main:736] - Waiting for mode change to: AUTO
2025-06-22 01:58:41,981 - SUAS - DEBUG - [SUAS_main.main:736] - Waiting for mode change to: AUTO
2025-06-22 01:58:42,482 - SUAS - DEBUG - [SUAS_main.main:736] - Waiting for mode change to: AUTO
2025-06-22 01:58:42,984 - SUAS - DEBUG - [SUAS_main.main:736] - Waiting for mode change to: AUTO
2025-06-22 01:58:43,485 - SUAS - DEBUG - [SUAS_main.main:736] - Waiting for mode change to: AUTO
2025-06-22 01:58:43,987 - SUAS - DEBUG - [SUAS_main.main:736] - Waiting for mode change to: AUTO
2025-06-22 01:58:44,488 - SUAS - DEBUG - [SUAS_main.main:736] - Waiting for mode change to: AUTO
2025-06-22 01:58:44,990 - SUAS - DEBUG - [SUAS_main.main:736] - Waiting for mode change to: AUTO
2025-06-22 01:58:45,491 - SUAS - DEBUG - [SUAS_main.main:736] - Waiting for mode change to: AUTO
2025-06-22 01:58:45,993 - SUAS - DEBUG - [SUAS_main.main:736] - Waiting for mode change to: AUTO
2025-06-22 01:58:46,494 - SUAS - DEBUG - [SUAS_main.main:736] - Waiting for mode change to: AUTO
2025-06-22 01:58:46,996 - SUAS - DEBUG - [SUAS_main.main:736] - Waiting for mode change to: AUTO
2025-06-22 01:58:47,497 - SUAS - DEBUG - [SUAS_main.main:736] - Waiting for mode change to: AUTO
2025-06-22 01:58:47,998 - SUAS - DEBUG - [SUAS_main.main:736] - Waiting for mode change to: AUTO
2025-06-22 01:58:48,500 - SUAS - DEBUG - [SUAS_main.main:736] - Waiting for mode change to: AUTO
2025-06-22 01:58:49,001 - SUAS - DEBUG - [SUAS_main.main:736] - Waiting for mode change to: AUTO
2025-06-22 01:58:49,503 - SUAS - DEBUG - [SUAS_main.main:736] - Waiting for mode change to: AUTO
2025-06-22 01:58:50,004 - SUAS - DEBUG - [SUAS_main.main:736] - Waiting for mode change to: AUTO
2025-06-22 01:58:50,505 - SUAS - DEBUG - [SUAS_main.main:736] - Waiting for mode change to: AUTO
2025-06-22 01:58:51,007 - SUAS - DEBUG - [SUAS_main.main:736] - Waiting for mode change to: AUTO
2025-06-22 01:58:51,508 - SUAS - DEBUG - [SUAS_main.main:736] - Waiting for mode change to: AUTO
2025-06-22 01:58:52,010 - SUAS - DEBUG - [SUAS_main.main:736] - Waiting for mode change to: AUTO
2025-06-22 01:58:52,512 - SUAS - DEBUG - [SUAS_main.main:736] - Waiting for mode change to: AUTO
2025-06-22 01:58:53,013 - SUAS - DEBUG - [SUAS_main.main:736] - Waiting for mode change to: AUTO
2025-06-22 01:58:53,515 - SUAS - DEBUG - [SUAS_main.main:736] - Waiting for mode change to: AUTO
2025-06-22 01:58:54,016 - SUAS - DEBUG - [SUAS_main.main:736] - Waiting for mode change to: AUTO
2025-06-22 01:58:54,518 - SUAS - DEBUG - [SUAS_main.main:736] - Waiting for mode change to: AUTO
2025-06-22 01:58:55,019 - SUAS - DEBUG - [SUAS_main.main:736] - Waiting for mode change to: AUTO
2025-06-22 01:58:55,521 - SUAS - DEBUG - [SUAS_main.main:736] - Waiting for mode change to: AUTO
2025-06-22 01:58:56,022 - SUAS - DEBUG - [SUAS_main.main:736] - Waiting for mode change to: AUTO
2025-06-22 01:58:56,524 - SUAS - DEBUG - [SUAS_main.main:736] - Waiting for mode change to: AUTO
2025-06-22 01:58:57,025 - SUAS - DEBUG - [SUAS_main.main:736] - Waiting for mode change to: AUTO
2025-06-22 01:58:57,526 - SUAS - DEBUG - [SUAS_main.main:736] - Waiting for mode change to: AUTO
2025-06-22 01:58:58,028 - SUAS - DEBUG - [SUAS_main.main:736] - Waiting for mode change to: AUTO
2025-06-22 01:58:58,529 - SUAS - DEBUG - [SUAS_main.main:736] - Waiting for mode change to: AUTO
2025-06-22 01:58:59,032 - SUAS - DEBUG - [SUAS_main.main:736] - Waiting for mode change to: AUTO
2025-06-22 01:58:59,533 - SUAS - DEBUG - [SUAS_main.main:736] - Waiting for mode change to: AUTO
2025-06-22 01:59:00,035 - SUAS - DEBUG - [SUAS_main.main:736] - Waiting for mode change to: AUTO
2025-06-22 01:59:00,536 - SUAS - DEBUG - [SUAS_main.main:736] - Waiting for mode change to: AUTO
2025-06-22 01:59:01,038 - SUAS - DEBUG - [SUAS_main.main:736] - Waiting for mode change to: AUTO
2025-06-22 01:59:01,539 - SUAS - DEBUG - [SUAS_main.main:736] - Waiting for mode change to: AUTO
2025-06-22 01:59:02,041 - SUAS - DEBUG - [SUAS_main.main:736] - Waiting for mode change to: AUTO
2025-06-22 01:59:02,542 - SUAS - DEBUG - [SUAS_main.main:736] - Waiting for mode change to: AUTO
2025-06-22 01:59:03,044 - SUAS - DEBUG - [SUAS_main.main:736] - Waiting for mode change to: AUTO
2025-06-22 01:59:03,545 - SUAS - DEBUG - [SUAS_main.main:736] - Waiting for mode change to: AUTO
2025-06-22 01:59:04,047 - SUAS - DEBUG - [SUAS_main.main:736] - Waiting for mode change to: AUTO
2025-06-22 01:59:04,549 - SUAS - DEBUG - [SUAS_main.main:736] - Waiting for mode change to: AUTO
2025-06-22 01:59:05,050 - SUAS - DEBUG - [SUAS_main.main:736] - Waiting for mode change to: AUTO
2025-06-22 01:59:05,552 - SUAS - DEBUG - [SUAS_main.main:736] - Waiting for mode change to: AUTO
2025-06-22 01:59:06,053 - SUAS - DEBUG - [SUAS_main.main:736] - Waiting for mode change to: AUTO
2025-06-22 01:59:06,555 - SUAS - DEBUG - [SUAS_main.main:736] - Waiting for mode change to: AUTO
2025-06-22 01:59:07,056 - SUAS - DEBUG - [SUAS_main.main:736] - Waiting for mode change to: AUTO
2025-06-22 01:59:07,557 - SUAS - DEBUG - [SUAS_main.main:736] - Waiting for mode change to: AUTO
2025-06-22 01:59:08,059 - SUAS - DEBUG - [SUAS_main.main:736] - Waiting for mode change to: AUTO
2025-06-22 01:59:08,560 - SUAS - DEBUG - [SUAS_main.main:736] - Waiting for mode change to: AUTO
2025-06-22 01:59:09,062 - SUAS - DEBUG - [SUAS_main.main:736] - Waiting for mode change to: AUTO
2025-06-22 01:59:09,563 - SUAS - DEBUG - [SUAS_main.main:736] - Waiting for mode change to: AUTO
2025-06-22 01:59:10,065 - SUAS - DEBUG - [SUAS_main.main:736] - Waiting for mode change to: AUTO
2025-06-22 01:59:10,566 - SUAS - DEBUG - [SUAS_main.main:736] - Waiting for mode change to: AUTO
2025-06-22 01:59:11,068 - SUAS - DEBUG - [SUAS_main.main:736] - Waiting for mode change to: AUTO
2025-06-22 01:59:11,570 - SUAS - DEBUG - [SUAS_main.main:736] - Waiting for mode change to: AUTO
2025-06-22 01:59:12,072 - SUAS - DEBUG - [SUAS_main.main:736] - Waiting for mode change to: AUTO
2025-06-22 01:59:12,573 - SUAS - DEBUG - [SUAS_main.main:736] - Waiting for mode change to: AUTO
2025-06-22 01:59:13,074 - SUAS - DEBUG - [SUAS_main.main:736] - Waiting for mode change to: AUTO
2025-06-22 01:59:13,576 - SUAS - DEBUG - [SUAS_main.main:736] - Waiting for mode change to: AUTO
2025-06-22 01:59:14,077 - SUAS - DEBUG - [SUAS_main.main:736] - Waiting for mode change to: AUTO
2025-06-22 01:59:14,578 - SUAS - DEBUG - [SUAS_main.main:736] - Waiting for mode change to: AUTO
2025-06-22 01:59:15,080 - SUAS - DEBUG - [SUAS_main.main:736] - Waiting for mode change to: AUTO
2025-06-22 01:59:15,581 - SUAS - DEBUG - [SUAS_main.main:736] - Waiting for mode change to: AUTO
2025-06-22 01:59:16,083 - SUAS - DEBUG - [SUAS_main.main:736] - Waiting for mode change to: AUTO
2025-06-22 01:59:16,584 - SUAS - DEBUG - [SUAS_main.main:736] - Waiting for mode change to: AUTO
2025-06-22 01:59:17,086 - SUAS - DEBUG - [SUAS_main.main:736] - Waiting for mode change to: AUTO
2025-06-22 01:59:17,587 - SUAS - DEBUG - [SUAS_main.main:736] - Waiting for mode change to: AUTO
2025-06-22 01:59:18,089 - SUAS - DEBUG - [SUAS_main.main:736] - Waiting for mode change to: AUTO
2025-06-22 01:59:18,591 - SUAS - DEBUG - [SUAS_main.main:736] - Waiting for mode change to: AUTO
2025-06-22 01:59:19,092 - SUAS - DEBUG - [SUAS_main.main:736] - Waiting for mode change to: AUTO
2025-06-22 01:59:19,594 - SUAS - DEBUG - [SUAS_main.main:736] - Waiting for mode change to: AUTO
2025-06-22 01:59:20,095 - SUAS - DEBUG - [SUAS_main.main:736] - Waiting for mode change to: AUTO
2025-06-22 01:59:20,597 - SUAS - DEBUG - [SUAS_main.main:736] - Waiting for mode change to: AUTO
2025-06-22 01:59:21,098 - SUAS - DEBUG - [SUAS_main.main:736] - Waiting for mode change to: AUTO
2025-06-22 01:59:21,600 - SUAS - DEBUG - [SUAS_main.main:736] - Waiting for mode change to: AUTO
2025-06-22 01:59:22,101 - SUAS - DEBUG - [SUAS_main.main:736] - Waiting for mode change to: AUTO
2025-06-22 01:59:22,603 - SUAS - DEBUG - [SUAS_main.main:736] - Waiting for mode change to: AUTO
2025-06-22 01:59:23,104 - SUAS - DEBUG - [SUAS_main.main:736] - Waiting for mode change to: AUTO
2025-06-22 01:59:23,605 - SUAS - DEBUG - [SUAS_main.main:736] - Waiting for mode change to: AUTO
2025-06-22 01:59:24,107 - SUAS - DEBUG - [SUAS_main.main:736] - Waiting for mode change to: AUTO
2025-06-22 01:59:24,609 - SUAS - DEBUG - [SUAS_main.main:736] - Waiting for mode change to: AUTO
2025-06-22 01:59:25,111 - SUAS - DEBUG - [SUAS_main.main:736] - Waiting for mode change to: AUTO
2025-06-22 01:59:25,612 - SUAS - DEBUG - [SUAS_main.main:736] - Waiting for mode change to: AUTO
2025-06-22 01:59:26,114 - SUAS - DEBUG - [SUAS_main.main:736] - Waiting for mode change to: AUTO
2025-06-22 01:59:26,615 - SUAS - DEBUG - [SUAS_main.main:736] - Waiting for mode change to: AUTO
2025-06-22 01:59:27,117 - SUAS - DEBUG - [SUAS_main.main:736] - Waiting for mode change to: AUTO
2025-06-22 01:59:27,618 - SUAS - DEBUG - [SUAS_main.main:736] - Waiting for mode change to: AUTO
2025-06-22 01:59:28,120 - SUAS - DEBUG - [SUAS_main.main:736] - Waiting for mode change to: AUTO
2025-06-22 01:59:28,621 - SUAS - DEBUG - [SUAS_main.main:736] - Waiting for mode change to: AUTO
2025-06-22 01:59:29,123 - SUAS - DEBUG - [SUAS_main.main:736] - Waiting for mode change to: AUTO
2025-06-22 01:59:29,624 - SUAS - DEBUG - [SUAS_main.main:736] - Waiting for mode change to: AUTO
2025-06-22 01:59:30,125 - SUAS - DEBUG - [SUAS_main.main:736] - Waiting for mode change to: AUTO
2025-06-22 01:59:30,627 - SUAS - DEBUG - [SUAS_main.main:736] - Waiting for mode change to: AUTO
2025-06-22 01:59:31,128 - SUAS - DEBUG - [SUAS_main.main:736] - Waiting for mode change to: AUTO
2025-06-22 01:59:31,629 - SUAS - DEBUG - [SUAS_main.main:736] - Waiting for mode change to: AUTO
2025-06-22 01:59:32,131 - SUAS - DEBUG - [SUAS_main.main:736] - Waiting for mode change to: AUTO
2025-06-22 01:59:32,632 - SUAS - DEBUG - [SUAS_main.main:736] - Waiting for mode change to: AUTO
2025-06-22 01:59:33,133 - SUAS - DEBUG - [SUAS_main.main:736] - Waiting for mode change to: AUTO
2025-06-22 01:59:33,634 - SUAS - DEBUG - [SUAS_main.main:736] - Waiting for mode change to: AUTO
2025-06-22 01:59:34,136 - SUAS - DEBUG - [SUAS_main.main:736] - Waiting for mode change to: AUTO
2025-06-22 01:59:34,637 - SUAS - DEBUG - [SUAS_main.main:736] - Waiting for mode change to: AUTO
2025-06-22 01:59:35,139 - SUAS - DEBUG - [SUAS_main.main:736] - Waiting for mode change to: AUTO
2025-06-22 01:59:35,640 - SUAS - DEBUG - [SUAS_main.main:736] - Waiting for mode change to: AUTO
2025-06-22 01:59:36,142 - SUAS - DEBUG - [SUAS_main.main:736] - Waiting for mode change to: AUTO
2025-06-22 01:59:36,643 - SUAS - DEBUG - [SUAS_main.main:736] - Waiting for mode change to: AUTO
2025-06-22 01:59:37,145 - SUAS - DEBUG - [SUAS_main.main:736] - Waiting for mode change to: AUTO
2025-06-22 01:59:37,646 - SUAS - DEBUG - [SUAS_main.main:736] - Waiting for mode change to: AUTO
2025-06-22 01:59:38,148 - SUAS - DEBUG - [SUAS_main.main:736] - Waiting for mode change to: AUTO
2025-06-22 01:59:38,649 - SUAS - DEBUG - [SUAS_main.main:736] - Waiting for mode change to: AUTO
2025-06-22 01:59:39,151 - SUAS - DEBUG - [SUAS_main.main:736] - Waiting for mode change to: AUTO
2025-06-22 01:59:39,652 - SUAS - DEBUG - [SUAS_main.main:736] - Waiting for mode change to: AUTO
2025-06-22 01:59:40,153 - SUAS - DEBUG - [SUAS_main.main:736] - Waiting for mode change to: AUTO
2025-06-22 01:59:40,654 - SUAS - DEBUG - [SUAS_main.main:736] - Waiting for mode change to: AUTO
2025-06-22 01:59:41,156 - SUAS - DEBUG - [SUAS_main.main:736] - Waiting for mode change to: AUTO
2025-06-22 01:59:41,657 - SUAS - DEBUG - [SUAS_main.main:736] - Waiting for mode change to: AUTO
2025-06-22 01:59:42,158 - SUAS - DEBUG - [SUAS_main.main:736] - Waiting for mode change to: AUTO
2025-06-22 01:59:42,660 - SUAS - DEBUG - [SUAS_main.main:736] - Waiting for mode change to: AUTO
2025-06-22 01:59:43,161 - SUAS - DEBUG - [SUAS_main.main:736] - Waiting for mode change to: AUTO
2025-06-22 01:59:43,663 - SUAS - DEBUG - [SUAS_main.main:736] - Waiting for mode change to: AUTO
2025-06-22 01:59:44,164 - SUAS - DEBUG - [SUAS_main.main:736] - Waiting for mode change to: AUTO
2025-06-22 01:59:44,665 - SUAS - DEBUG - [SUAS_main.main:736] - Waiting for mode change to: AUTO
2025-06-22 01:59:45,167 - SUAS - DEBUG - [SUAS_main.main:736] - Waiting for mode change to: AUTO
2025-06-22 01:59:45,669 - SUAS - DEBUG - [SUAS_main.main:736] - Waiting for mode change to: AUTO
2025-06-22 01:59:46,170 - SUAS - DEBUG - [SUAS_main.main:736] - Waiting for mode change to: AUTO
2025-06-22 01:59:46,672 - SUAS - DEBUG - [SUAS_main.main:736] - Waiting for mode change to: AUTO
2025-06-22 01:59:47,173 - SUAS - DEBUG - [SUAS_main.main:736] - Waiting for mode change to: AUTO
2025-06-22 01:59:47,675 - SUAS - DEBUG - [SUAS_main.main:736] - Waiting for mode change to: AUTO
2025-06-22 01:59:48,176 - SUAS - DEBUG - [SUAS_main.main:736] - Waiting for mode change to: AUTO
2025-06-22 01:59:48,677 - SUAS - DEBUG - [SUAS_main.main:736] - Waiting for mode change to: AUTO
2025-06-22 01:59:49,179 - SUAS - DEBUG - [SUAS_main.main:736] - Waiting for mode change to: AUTO
2025-06-22 01:59:49,680 - SUAS - DEBUG - [SUAS_main.main:736] - Waiting for mode change to: AUTO
2025-06-22 01:59:50,181 - SUAS - DEBUG - [SUAS_main.main:736] - Waiting for mode change to: AUTO
2025-06-22 01:59:50,683 - SUAS - DEBUG - [SUAS_main.main:736] - Waiting for mode change to: AUTO
2025-06-22 01:59:51,184 - SUAS - DEBUG - [SUAS_main.main:736] - Waiting for mode change to: AUTO
2025-06-22 01:59:51,686 - SUAS - DEBUG - [SUAS_main.main:736] - Waiting for mode change to: AUTO
2025-06-22 01:59:52,188 - SUAS - DEBUG - [SUAS_main.main:736] - Waiting for mode change to: AUTO
2025-06-22 01:59:52,689 - SUAS - DEBUG - [SUAS_main.main:736] - Waiting for mode change to: AUTO
2025-06-22 01:59:53,191 - SUAS - DEBUG - [SUAS_main.main:736] - Waiting for mode change to: AUTO
2025-06-22 01:59:53,692 - SUAS - DEBUG - [SUAS_main.main:736] - Waiting for mode change to: AUTO
2025-06-22 01:59:54,193 - SUAS - DEBUG - [SUAS_main.main:736] - Waiting for mode change to: AUTO
2025-06-22 01:59:54,695 - SUAS - DEBUG - [SUAS_main.main:736] - Waiting for mode change to: AUTO
2025-06-22 01:59:55,196 - SUAS - DEBUG - [SUAS_main.main:736] - Waiting for mode change to: AUTO
2025-06-22 01:59:55,697 - SUAS - DEBUG - [SUAS_main.main:736] - Waiting for mode change to: AUTO
2025-06-22 01:59:56,199 - SUAS - DEBUG - [SUAS_main.main:736] - Waiting for mode change to: AUTO
2025-06-22 01:59:56,700 - SUAS - DEBUG - [SUAS_main.main:736] - Waiting for mode change to: AUTO
2025-06-22 01:59:57,201 - SUAS - DEBUG - [SUAS_main.main:736] - Waiting for mode change to: AUTO
2025-06-22 01:59:57,703 - SUAS - DEBUG - [SUAS_main.main:736] - Waiting for mode change to: AUTO
2025-06-22 01:59:58,204 - SUAS - DEBUG - [SUAS_main.main:736] - Waiting for mode change to: AUTO
2025-06-22 01:59:58,706 - SUAS - DEBUG - [SUAS_main.main:736] - Waiting for mode change to: AUTO
2025-06-22 01:59:59,207 - SUAS - DEBUG - [SUAS_main.main:736] - Waiting for mode change to: AUTO
2025-06-22 01:59:59,709 - SUAS - DEBUG - [SUAS_main.main:736] - Waiting for mode change to: AUTO
2025-06-22 02:00:00,210 - SUAS - DEBUG - [SUAS_main.main:736] - Waiting for mode change to: AUTO
2025-06-22 02:00:00,712 - SUAS - DEBUG - [SUAS_main.main:736] - Waiting for mode change to: AUTO
2025-06-22 02:00:01,213 - SUAS - DEBUG - [SUAS_main.main:736] - Waiting for mode change to: AUTO
2025-06-22 02:00:01,715 - SUAS - DEBUG - [SUAS_main.main:736] - Waiting for mode change to: AUTO
2025-06-22 02:00:02,216 - SUAS - DEBUG - [SUAS_main.main:736] - Waiting for mode change to: AUTO
2025-06-22 02:00:02,717 - SUAS - DEBUG - [SUAS_main.main:736] - Waiting for mode change to: AUTO
2025-06-22 02:00:03,218 - SUAS - DEBUG - [SUAS_main.main:736] - Waiting for mode change to: AUTO
2025-06-22 02:00:03,720 - SUAS - DEBUG - [SUAS_main.main:736] - Waiting for mode change to: AUTO
2025-06-22 02:00:04,221 - SUAS - DEBUG - [SUAS_main.main:736] - Waiting for mode change to: AUTO
2025-06-22 02:00:04,723 - SUAS - DEBUG - [SUAS_main.main:736] - Waiting for mode change to: AUTO
2025-06-22 02:00:05,224 - SUAS - DEBUG - [SUAS_main.main:736] - Waiting for mode change to: AUTO
2025-06-22 02:00:05,726 - SUAS - DEBUG - [SUAS_main.main:736] - Waiting for mode change to: AUTO
2025-06-22 02:00:06,227 - SUAS - DEBUG - [SUAS_main.main:736] - Waiting for mode change to: AUTO
2025-06-22 02:00:06,729 - SUAS - DEBUG - [SUAS_main.main:736] - Waiting for mode change to: AUTO
2025-06-22 02:00:07,231 - SUAS - DEBUG - [SUAS_main.main:736] - Waiting for mode change to: AUTO
2025-06-22 02:00:07,732 - SUAS - DEBUG - [SUAS_main.main:736] - Waiting for mode change to: AUTO
2025-06-22 02:00:08,234 - SUAS - DEBUG - [SUAS_main.main:736] - Waiting for mode change to: AUTO
2025-06-22 02:00:08,735 - SUAS - DEBUG - [SUAS_main.main:736] - Waiting for mode change to: AUTO
2025-06-22 02:00:09,237 - SUAS - DEBUG - [SUAS_main.main:736] - Waiting for mode change to: AUTO
2025-06-22 02:00:09,738 - SUAS - DEBUG - [SUAS_main.main:736] - Waiting for mode change to: AUTO
2025-06-22 02:00:10,240 - SUAS - DEBUG - [SUAS_main.main:736] - Waiting for mode change to: AUTO
2025-06-22 02:00:10,741 - SUAS - DEBUG - [SUAS_main.main:736] - Waiting for mode change to: AUTO
2025-06-22 02:00:11,242 - SUAS - DEBUG - [SUAS_main.main:736] - Waiting for mode change to: AUTO
2025-06-22 02:00:11,744 - SUAS - DEBUG - [SUAS_main.main:736] - Waiting for mode change to: AUTO
2025-06-22 02:00:12,245 - SUAS - DEBUG - [SUAS_main.main:736] - Waiting for mode change to: AUTO
2025-06-22 02:00:12,747 - SUAS - DEBUG - [SUAS_main.main:736] - Waiting for mode change to: AUTO
2025-06-22 02:00:13,249 - SUAS - DEBUG - [SUAS_main.main:736] - Waiting for mode change to: AUTO
2025-06-22 02:00:13,751 - SUAS - DEBUG - [SUAS_main.main:736] - Waiting for mode change to: AUTO
2025-06-22 02:00:14,253 - SUAS - DEBUG - [SUAS_main.main:736] - Waiting for mode change to: AUTO
2025-06-22 02:00:14,754 - SUAS - DEBUG - [SUAS_main.main:736] - Waiting for mode change to: AUTO
2025-06-22 02:00:15,255 - SUAS - DEBUG - [SUAS_main.main:736] - Waiting for mode change to: AUTO
2025-06-22 02:00:15,757 - SUAS - DEBUG - [SUAS_main.main:736] - Waiting for mode change to: AUTO
2025-06-22 02:00:16,258 - SUAS - DEBUG - [SUAS_main.main:736] - Waiting for mode change to: AUTO
2025-06-22 02:00:16,760 - SUAS - DEBUG - [SUAS_main.main:736] - Waiting for mode change to: AUTO
2025-06-22 02:00:17,261 - SUAS - DEBUG - [SUAS_main.main:736] - Waiting for mode change to: AUTO
2025-06-22 02:00:17,763 - SUAS - DEBUG - [SUAS_main.main:736] - Waiting for mode change to: AUTO
2025-06-22 02:00:18,264 - SUAS - DEBUG - [SUAS_main.main:736] - Waiting for mode change to: AUTO
2025-06-22 02:00:18,766 - SUAS - DEBUG - [SUAS_main.main:736] - Waiting for mode change to: AUTO
2025-06-22 02:00:19,268 - SUAS - DEBUG - [SUAS_main.main:736] - Waiting for mode change to: AUTO
2025-06-22 02:00:19,769 - SUAS - DEBUG - [SUAS_main.main:736] - Waiting for mode change to: AUTO
2025-06-22 02:00:20,271 - SUAS - DEBUG - [SUAS_main.main:736] - Waiting for mode change to: AUTO
2025-06-22 02:00:20,772 - SUAS - DEBUG - [SUAS_main.main:736] - Waiting for mode change to: AUTO
2025-06-22 02:00:21,273 - SUAS - DEBUG - [SUAS_main.main:736] - Waiting for mode change to: AUTO
2025-06-22 02:00:21,775 - SUAS - DEBUG - [SUAS_main.main:736] - Waiting for mode change to: AUTO
2025-06-22 02:00:22,276 - SUAS - DEBUG - [SUAS_main.main:736] - Waiting for mode change to: AUTO
2025-06-22 02:00:22,777 - SUAS - DEBUG - [SUAS_main.main:736] - Waiting for mode change to: AUTO
2025-06-22 02:00:23,279 - SUAS - DEBUG - [SUAS_main.main:736] - Waiting for mode change to: AUTO
2025-06-22 02:00:23,780 - SUAS - DEBUG - [SUAS_main.main:736] - Waiting for mode change to: AUTO
2025-06-22 02:00:24,281 - SUAS - DEBUG - [SUAS_main.main:736] - Waiting for mode change to: AUTO
2025-06-22 02:00:24,783 - SUAS - DEBUG - [SUAS_main.main:736] - Waiting for mode change to: AUTO
2025-06-22 02:00:25,285 - SUAS - DEBUG - [SUAS_main.main:736] - Waiting for mode change to: AUTO
2025-06-22 02:00:25,786 - SUAS - DEBUG - [SUAS_main.main:736] - Waiting for mode change to: AUTO
2025-06-22 02:00:26,288 - SUAS - DEBUG - [SUAS_main.main:736] - Waiting for mode change to: AUTO
2025-06-22 02:00:26,789 - SUAS - DEBUG - [SUAS_main.main:736] - Waiting for mode change to: AUTO
2025-06-22 02:00:27,291 - SUAS - DEBUG - [SUAS_main.main:736] - Waiting for mode change to: AUTO
2025-06-22 02:00:27,792 - SUAS - DEBUG - [SUAS_main.main:736] - Waiting for mode change to: AUTO
2025-06-22 02:00:28,294 - SUAS - DEBUG - [SUAS_main.main:736] - Waiting for mode change to: AUTO
2025-06-22 02:00:28,795 - SUAS - DEBUG - [SUAS_main.main:736] - Waiting for mode change to: AUTO
2025-06-22 02:00:29,297 - SUAS - DEBUG - [SUAS_main.main:736] - Waiting for mode change to: AUTO
2025-06-22 02:00:29,798 - SUAS - DEBUG - [SUAS_main.main:736] - Waiting for mode change to: AUTO
2025-06-22 02:00:30,300 - SUAS - DEBUG - [SUAS_main.main:736] - Waiting for mode change to: AUTO
2025-06-22 02:00:30,801 - SUAS - DEBUG - [SUAS_main.main:736] - Waiting for mode change to: AUTO
2025-06-22 02:00:31,302 - SUAS - DEBUG - [SUAS_main.main:736] - Waiting for mode change to: AUTO
2025-06-22 02:00:31,804 - SUAS - DEBUG - [SUAS_main.main:736] - Waiting for mode change to: AUTO
2025-06-22 02:00:32,306 - SUAS - DEBUG - [SUAS_main.main:736] - Waiting for mode change to: AUTO
2025-06-22 02:00:32,807 - SUAS - DEBUG - [SUAS_main.main:736] - Waiting for mode change to: AUTO
2025-06-22 02:00:33,309 - SUAS - DEBUG - [SUAS_main.main:736] - Waiting for mode change to: AUTO
2025-06-22 02:00:33,810 - SUAS - DEBUG - [SUAS_main.main:736] - Waiting for mode change to: AUTO
2025-06-22 02:00:34,312 - SUAS - DEBUG - [SUAS_main.main:736] - Waiting for mode change to: AUTO
2025-06-22 02:00:34,813 - SUAS - DEBUG - [SUAS_main.main:736] - Waiting for mode change to: AUTO
2025-06-22 02:00:35,315 - SUAS - DEBUG - [SUAS_main.main:736] - Waiting for mode change to: AUTO
2025-06-22 02:00:35,816 - SUAS - DEBUG - [SUAS_main.main:736] - Waiting for mode change to: AUTO
2025-06-22 02:00:36,318 - SUAS - DEBUG - [SUAS_main.main:736] - Waiting for mode change to: AUTO
2025-06-22 02:00:36,819 - SUAS - DEBUG - [SUAS_main.main:736] - Waiting for mode change to: AUTO
2025-06-22 02:00:37,321 - SUAS - DEBUG - [SUAS_main.main:736] - Waiting for mode change to: AUTO
2025-06-22 02:00:37,822 - SUAS - DEBUG - [SUAS_main.main:736] - Waiting for mode change to: AUTO
2025-06-22 02:00:38,324 - SUAS - DEBUG - [SUAS_main.main:736] - Waiting for mode change to: AUTO
2025-06-22 02:00:38,825 - SUAS - DEBUG - [SUAS_main.main:736] - Waiting for mode change to: AUTO
2025-06-22 02:00:39,327 - SUAS - DEBUG - [SUAS_main.main:736] - Waiting for mode change to: AUTO
2025-06-22 02:00:39,828 - SUAS - DEBUG - [SUAS_main.main:736] - Waiting for mode change to: AUTO
2025-06-22 02:00:40,330 - SUAS - DEBUG - [SUAS_main.main:736] - Waiting for mode change to: AUTO
2025-06-22 02:00:40,831 - SUAS - DEBUG - [SUAS_main.main:736] - Waiting for mode change to: AUTO
2025-06-22 02:00:41,333 - SUAS - DEBUG - [SUAS_main.main:736] - Waiting for mode change to: AUTO
2025-06-22 02:00:41,834 - SUAS - DEBUG - [SUAS_main.main:736] - Waiting for mode change to: AUTO
2025-06-22 02:00:42,336 - SUAS - DEBUG - [SUAS_main.main:736] - Waiting for mode change to: AUTO
2025-06-22 02:00:42,837 - SUAS - DEBUG - [SUAS_main.main:736] - Waiting for mode change to: AUTO
2025-06-22 02:00:43,338 - SUAS - DEBUG - [SUAS_main.main:736] - Waiting for mode change to: AUTO
2025-06-22 02:00:43,840 - SUAS - DEBUG - [SUAS_main.main:736] - Waiting for mode change to: AUTO
2025-06-22 02:00:44,341 - SUAS - DEBUG - [SUAS_main.main:736] - Waiting for mode change to: AUTO
2025-06-22 02:00:44,843 - SUAS - DEBUG - [SUAS_main.main:736] - Waiting for mode change to: AUTO
2025-06-22 02:00:45,344 - SUAS - DEBUG - [SUAS_main.main:736] - Waiting for mode change to: AUTO
2025-06-22 02:00:45,846 - SUAS - DEBUG - [SUAS_main.main:736] - Waiting for mode change to: AUTO
2025-06-22 02:00:46,347 - SUAS - DEBUG - [SUAS_main.main:736] - Waiting for mode change to: AUTO
2025-06-22 02:00:46,849 - SUAS - DEBUG - [SUAS_main.main:736] - Waiting for mode change to: AUTO
2025-06-22 02:00:47,350 - SUAS - DEBUG - [SUAS_main.main:736] - Waiting for mode change to: AUTO
2025-06-22 02:00:47,852 - SUAS - DEBUG - [SUAS_main.main:736] - Waiting for mode change to: AUTO
2025-06-22 02:00:48,353 - SUAS - DEBUG - [SUAS_main.main:736] - Waiting for mode change to: AUTO
2025-06-22 02:00:48,855 - SUAS - DEBUG - [SUAS_main.main:736] - Waiting for mode change to: AUTO
2025-06-22 02:00:49,356 - SUAS - DEBUG - [SUAS_main.main:736] - Waiting for mode change to: AUTO
2025-06-22 02:00:49,857 - SUAS - DEBUG - [SUAS_main.main:736] - Waiting for mode change to: AUTO
2025-06-22 02:00:50,359 - SUAS - DEBUG - [SUAS_main.main:736] - Waiting for mode change to: AUTO
2025-06-22 02:00:50,860 - SUAS - DEBUG - [SUAS_main.main:736] - Waiting for mode change to: AUTO
2025-06-22 02:00:51,361 - SUAS - DEBUG - [SUAS_main.main:736] - Waiting for mode change to: AUTO
2025-06-22 02:00:51,863 - SUAS - DEBUG - [SUAS_main.main:736] - Waiting for mode change to: AUTO
2025-06-22 02:00:52,365 - SUAS - DEBUG - [SUAS_main.main:736] - Waiting for mode change to: AUTO
2025-06-22 02:00:52,866 - SUAS - DEBUG - [SUAS_main.main:736] - Waiting for mode change to: AUTO
2025-06-22 02:00:53,368 - SUAS - DEBUG - [SUAS_main.main:736] - Waiting for mode change to: AUTO
2025-06-22 02:00:53,869 - SUAS - DEBUG - [SUAS_main.main:736] - Waiting for mode change to: AUTO
2025-06-22 02:00:54,371 - SUAS - DEBUG - [SUAS_main.main:736] - Waiting for mode change to: AUTO
2025-06-22 02:00:54,872 - SUAS - DEBUG - [SUAS_main.main:736] - Waiting for mode change to: AUTO
2025-06-22 02:00:55,374 - SUAS - DEBUG - [SUAS_main.main:736] - Waiting for mode change to: AUTO
2025-06-22 02:00:55,875 - SUAS - DEBUG - [SUAS_main.main:736] - Waiting for mode change to: AUTO
2025-06-22 02:00:56,377 - SUAS - DEBUG - [SUAS_main.main:736] - Waiting for mode change to: AUTO
2025-06-22 02:00:56,878 - SUAS - DEBUG - [SUAS_main.main:736] - Waiting for mode change to: AUTO
2025-06-22 02:00:57,380 - SUAS - DEBUG - [SUAS_main.main:736] - Waiting for mode change to: AUTO
2025-06-22 02:00:57,881 - SUAS - DEBUG - [SUAS_main.main:736] - Waiting for mode change to: AUTO
2025-06-22 02:00:58,383 - SUAS - DEBUG - [SUAS_main.main:736] - Waiting for mode change to: AUTO
2025-06-22 02:00:58,884 - SUAS - DEBUG - [SUAS_main.main:736] - Waiting for mode change to: AUTO
2025-06-22 02:00:59,385 - SUAS - DEBUG - [SUAS_main.main:736] - Waiting for mode change to: AUTO
2025-06-22 02:00:59,887 - SUAS - DEBUG - [SUAS_main.main:736] - Waiting for mode change to: AUTO
2025-06-22 02:01:00,388 - SUAS - DEBUG - [SUAS_main.main:736] - Waiting for mode change to: AUTO
2025-06-22 02:01:00,890 - SUAS - DEBUG - [SUAS_main.main:736] - Waiting for mode change to: AUTO
2025-06-22 02:01:01,392 - SUAS - DEBUG - [SUAS_main.main:736] - Waiting for mode change to: AUTO
2025-06-22 02:01:01,893 - SUAS - DEBUG - [SUAS_main.main:736] - Waiting for mode change to: AUTO
2025-06-22 02:01:02,395 - SUAS - DEBUG - [SUAS_main.main:736] - Waiting for mode change to: AUTO
2025-06-22 02:01:02,896 - SUAS - DEBUG - [SUAS_main.main:736] - Waiting for mode change to: AUTO
2025-06-22 02:01:03,397 - SUAS - DEBUG - [SUAS_main.main:736] - Waiting for mode change to: AUTO
2025-06-22 02:01:03,899 - SUAS - DEBUG - [SUAS_main.main:736] - Waiting for mode change to: AUTO
2025-06-22 02:01:04,400 - SUAS - DEBUG - [SUAS_main.main:736] - Waiting for mode change to: AUTO
2025-06-22 02:01:04,902 - SUAS - DEBUG - [SUAS_main.main:736] - Waiting for mode change to: AUTO
2025-06-22 02:01:05,403 - SUAS - DEBUG - [SUAS_main.main:736] - Waiting for mode change to: AUTO
2025-06-22 02:01:05,905 - SUAS - DEBUG - [SUAS_main.main:736] - Waiting for mode change to: AUTO
2025-06-22 02:01:06,407 - SUAS - DEBUG - [SUAS_main.main:736] - Waiting for mode change to: AUTO
2025-06-22 02:01:06,908 - SUAS - DEBUG - [SUAS_main.main:736] - Waiting for mode change to: AUTO
2025-06-22 02:01:07,410 - SUAS - DEBUG - [SUAS_main.main:736] - Waiting for mode change to: AUTO
2025-06-22 02:01:07,911 - SUAS - DEBUG - [SUAS_main.main:736] - Waiting for mode change to: AUTO
2025-06-22 02:01:08,413 - SUAS - DEBUG - [SUAS_main.main:736] - Waiting for mode change to: AUTO
2025-06-22 02:01:08,914 - SUAS - DEBUG - [SUAS_main.main:736] - Waiting for mode change to: AUTO
2025-06-22 02:01:09,415 - SUAS - DEBUG - [SUAS_main.main:736] - Waiting for mode change to: AUTO
2025-06-22 02:01:09,917 - SUAS - DEBUG - [SUAS_main.main:736] - Waiting for mode change to: AUTO
2025-06-22 02:01:10,418 - SUAS - DEBUG - [SUAS_main.main:736] - Waiting for mode change to: AUTO
2025-06-22 02:01:10,920 - SUAS - DEBUG - [SUAS_main.main:736] - Waiting for mode change to: AUTO
2025-06-22 02:01:11,421 - SUAS - DEBUG - [SUAS_main.main:736] - Waiting for mode change to: AUTO
2025-06-22 02:01:11,923 - SUAS - DEBUG - [SUAS_main.main:736] - Waiting for mode change to: AUTO
2025-06-22 02:01:12,424 - SUAS - DEBUG - [SUAS_main.main:736] - Waiting for mode change to: AUTO
2025-06-22 02:01:12,926 - SUAS - DEBUG - [SUAS_main.main:736] - Waiting for mode change to: AUTO
2025-06-22 02:01:13,427 - SUAS - DEBUG - [SUAS_main.main:736] - Waiting for mode change to: AUTO
2025-06-22 02:01:13,929 - SUAS - DEBUG - [SUAS_main.main:736] - Waiting for mode change to: AUTO
2025-06-22 02:01:14,430 - SUAS - DEBUG - [SUAS_main.main:736] - Waiting for mode change to: AUTO
2025-06-22 02:01:14,931 - SUAS - DEBUG - [SUAS_main.main:736] - Waiting for mode change to: AUTO
2025-06-22 02:01:15,433 - SUAS - DEBUG - [SUAS_main.main:736] - Waiting for mode change to: AUTO
2025-06-22 02:01:15,934 - SUAS - DEBUG - [SUAS_main.main:736] - Waiting for mode change to: AUTO
2025-06-22 02:01:16,436 - SUAS - DEBUG - [SUAS_main.main:736] - Waiting for mode change to: AUTO
2025-06-22 02:01:16,937 - SUAS - DEBUG - [SUAS_main.main:736] - Waiting for mode change to: AUTO
2025-06-22 02:01:17,439 - SUAS - DEBUG - [SUAS_main.main:736] - Waiting for mode change to: AUTO
2025-06-22 02:01:17,940 - SUAS - DEBUG - [SUAS_main.main:736] - Waiting for mode change to: AUTO
2025-06-22 02:01:18,442 - SUAS - DEBUG - [SUAS_main.main:736] - Waiting for mode change to: AUTO
2025-06-22 02:01:18,943 - SUAS - DEBUG - [SUAS_main.main:736] - Waiting for mode change to: AUTO
2025-06-22 02:01:19,445 - SUAS - DEBUG - [SUAS_main.main:736] - Waiting for mode change to: AUTO
2025-06-22 02:01:19,947 - SUAS - DEBUG - [SUAS_main.main:736] - Waiting for mode change to: AUTO
2025-06-22 02:01:20,448 - SUAS - DEBUG - [SUAS_main.main:736] - Waiting for mode change to: AUTO
2025-06-22 02:01:20,950 - SUAS - DEBUG - [SUAS_main.main:736] - Waiting for mode change to: AUTO
2025-06-22 02:01:21,451 - SUAS - DEBUG - [SUAS_main.main:736] - Waiting for mode change to: AUTO
2025-06-22 02:01:21,953 - SUAS - DEBUG - [SUAS_main.main:736] - Waiting for mode change to: AUTO
2025-06-22 02:01:22,454 - SUAS - DEBUG - [SUAS_main.main:736] - Waiting for mode change to: AUTO
2025-06-22 02:01:22,955 - SUAS - DEBUG - [SUAS_main.main:736] - Waiting for mode change to: AUTO
2025-06-22 02:01:23,457 - SUAS - DEBUG - [SUAS_main.main:736] - Waiting for mode change to: AUTO
2025-06-22 02:01:23,958 - SUAS - DEBUG - [SUAS_main.main:736] - Waiting for mode change to: AUTO
2025-06-22 02:01:24,460 - SUAS - DEBUG - [SUAS_main.main:736] - Waiting for mode change to: AUTO
2025-06-22 02:01:24,961 - SUAS - DEBUG - [SUAS_main.main:736] - Waiting for mode change to: AUTO
2025-06-22 02:01:25,463 - SUAS - DEBUG - [SUAS_main.main:736] - Waiting for mode change to: AUTO
2025-06-22 02:01:25,964 - SUAS - DEBUG - [SUAS_main.main:736] - Waiting for mode change to: AUTO
2025-06-22 02:01:26,466 - SUAS - DEBUG - [SUAS_main.main:736] - Waiting for mode change to: AUTO
2025-06-22 02:01:26,967 - SUAS - DEBUG - [SUAS_main.main:736] - Waiting for mode change to: AUTO
2025-06-22 02:01:27,469 - SUAS - DEBUG - [SUAS_main.main:736] - Waiting for mode change to: AUTO
2025-06-22 02:01:27,970 - SUAS - DEBUG - [SUAS_main.main:736] - Waiting for mode change to: AUTO
2025-06-22 02:01:28,472 - SUAS - DEBUG - [SUAS_main.main:736] - Waiting for mode change to: AUTO
2025-06-22 02:01:28,973 - SUAS - DEBUG - [SUAS_main.main:736] - Waiting for mode change to: AUTO
2025-06-22 02:01:29,474 - SUAS - DEBUG - [SUAS_main.main:736] - Waiting for mode change to: AUTO
2025-06-22 02:01:29,976 - SUAS - DEBUG - [SUAS_main.main:736] - Waiting for mode change to: AUTO
2025-06-22 02:01:30,478 - SUAS - DEBUG - [SUAS_main.main:736] - Waiting for mode change to: AUTO
2025-06-22 02:01:30,979 - SUAS - DEBUG - [SUAS_main.main:736] - Waiting for mode change to: AUTO
2025-06-22 02:01:31,481 - SUAS - DEBUG - [SUAS_main.main:736] - Waiting for mode change to: AUTO
2025-06-22 02:01:31,982 - SUAS - DEBUG - [SUAS_main.main:736] - Waiting for mode change to: AUTO
2025-06-22 02:01:32,484 - SUAS - DEBUG - [SUAS_main.main:736] - Waiting for mode change to: AUTO
2025-06-22 02:01:32,985 - SUAS - DEBUG - [SUAS_main.main:736] - Waiting for mode change to: AUTO
2025-06-22 02:01:33,487 - SUAS - DEBUG - [SUAS_main.main:736] - Waiting for mode change to: AUTO
2025-06-22 02:01:33,989 - SUAS - DEBUG - [SUAS_main.main:736] - Waiting for mode change to: AUTO
2025-06-22 02:01:34,490 - SUAS - DEBUG - [SUAS_main.main:736] - Waiting for mode change to: AUTO
2025-06-22 02:01:34,991 - SUAS - DEBUG - [SUAS_main.main:736] - Waiting for mode change to: AUTO
2025-06-22 02:01:35,493 - SUAS - DEBUG - [SUAS_main.main:736] - Waiting for mode change to: AUTO
2025-06-22 02:01:35,994 - SUAS - DEBUG - [SUAS_main.main:736] - Waiting for mode change to: AUTO
2025-06-22 02:01:36,496 - SUAS - DEBUG - [SUAS_main.main:736] - Waiting for mode change to: AUTO
2025-06-22 02:01:36,998 - SUAS - DEBUG - [SUAS_main.main:736] - Waiting for mode change to: AUTO
2025-06-22 02:01:37,499 - SUAS - DEBUG - [SUAS_main.main:736] - Waiting for mode change to: AUTO
2025-06-22 02:01:38,001 - SUAS - DEBUG - [SUAS_main.main:736] - Waiting for mode change to: AUTO
2025-06-22 02:01:38,502 - SUAS - DEBUG - [SUAS_main.main:736] - Waiting for mode change to: AUTO
2025-06-22 02:01:39,004 - SUAS - DEBUG - [SUAS_main.main:736] - Waiting for mode change to: AUTO
2025-06-22 02:01:39,505 - SUAS - DEBUG - [SUAS_main.main:736] - Waiting for mode change to: AUTO
2025-06-22 02:01:40,007 - SUAS - DEBUG - [SUAS_main.main:736] - Waiting for mode change to: AUTO
2025-06-22 02:01:40,508 - SUAS - DEBUG - [SUAS_main.main:736] - Waiting for mode change to: AUTO
2025-06-22 02:01:41,010 - SUAS - DEBUG - [SUAS_main.main:736] - Waiting for mode change to: AUTO
2025-06-22 02:01:41,511 - SUAS - DEBUG - [SUAS_main.main:736] - Waiting for mode change to: AUTO
2025-06-22 02:01:42,013 - SUAS - DEBUG - [SUAS_main.main:736] - Waiting for mode change to: AUTO
2025-06-22 02:01:42,514 - SUAS - DEBUG - [SUAS_main.main:736] - Waiting for mode change to: AUTO
2025-06-22 02:01:43,016 - SUAS - DEBUG - [SUAS_main.main:736] - Waiting for mode change to: AUTO
2025-06-22 02:01:43,517 - SUAS - DEBUG - [SUAS_main.main:736] - Waiting for mode change to: AUTO
2025-06-22 02:01:44,018 - SUAS - DEBUG - [SUAS_main.main:736] - Waiting for mode change to: AUTO
2025-06-22 02:01:44,520 - SUAS - DEBUG - [SUAS_main.main:736] - Waiting for mode change to: AUTO
2025-06-22 02:01:45,021 - SUAS - DEBUG - [SUAS_main.main:736] - Waiting for mode change to: AUTO
2025-06-22 02:01:45,523 - SUAS - DEBUG - [SUAS_main.main:736] - Waiting for mode change to: AUTO
2025-06-22 02:01:46,025 - SUAS - DEBUG - [SUAS_main.main:736] - Waiting for mode change to: AUTO
2025-06-22 02:01:46,526 - SUAS - DEBUG - [SUAS_main.main:736] - Waiting for mode change to: AUTO
2025-06-22 02:01:47,028 - SUAS - DEBUG - [SUAS_main.main:736] - Waiting for mode change to: AUTO
2025-06-22 02:01:47,529 - SUAS - DEBUG - [SUAS_main.main:736] - Waiting for mode change to: AUTO
2025-06-22 02:01:48,031 - SUAS - DEBUG - [SUAS_main.main:736] - Waiting for mode change to: AUTO
2025-06-22 02:01:48,532 - SUAS - DEBUG - [SUAS_main.main:736] - Waiting for mode change to: AUTO
2025-06-22 02:01:49,034 - SUAS - DEBUG - [SUAS_main.main:736] - Waiting for mode change to: AUTO
2025-06-22 02:01:49,535 - SUAS - DEBUG - [SUAS_main.main:736] - Waiting for mode change to: AUTO
2025-06-22 02:01:50,037 - SUAS - DEBUG - [SUAS_main.main:736] - Waiting for mode change to: AUTO
2025-06-22 02:01:50,538 - SUAS - DEBUG - [SUAS_main.main:736] - Waiting for mode change to: AUTO
2025-06-22 02:01:51,039 - SUAS - DEBUG - [SUAS_main.main:736] - Waiting for mode change to: AUTO
2025-06-22 02:01:51,541 - SUAS - DEBUG - [SUAS_main.main:736] - Waiting for mode change to: AUTO
2025-06-22 02:01:52,042 - SUAS - DEBUG - [SUAS_main.main:736] - Waiting for mode change to: AUTO
2025-06-22 02:01:52,544 - SUAS - DEBUG - [SUAS_main.main:736] - Waiting for mode change to: AUTO
2025-06-22 02:01:53,046 - SUAS - DEBUG - [SUAS_main.main:736] - Waiting for mode change to: AUTO
2025-06-22 02:01:53,547 - SUAS - DEBUG - [SUAS_main.main:736] - Waiting for mode change to: AUTO
2025-06-22 02:01:54,049 - SUAS - DEBUG - [SUAS_main.main:736] - Waiting for mode change to: AUTO
2025-06-22 02:01:54,550 - SUAS - DEBUG - [SUAS_main.main:736] - Waiting for mode change to: AUTO
2025-06-22 02:01:55,052 - SUAS - DEBUG - [SUAS_main.main:736] - Waiting for mode change to: AUTO
2025-06-22 02:01:55,553 - SUAS - DEBUG - [SUAS_main.main:736] - Waiting for mode change to: AUTO
2025-06-22 02:01:56,054 - SUAS - DEBUG - [SUAS_main.main:736] - Waiting for mode change to: AUTO
2025-06-22 02:01:56,556 - SUAS - DEBUG - [SUAS_main.main:736] - Waiting for mode change to: AUTO
2025-06-22 02:01:57,057 - SUAS - DEBUG - [SUAS_main.main:736] - Waiting for mode change to: AUTO
2025-06-22 02:01:57,559 - SUAS - DEBUG - [SUAS_main.main:736] - Waiting for mode change to: AUTO
2025-06-22 02:01:58,060 - SUAS - DEBUG - [SUAS_main.main:736] - Waiting for mode change to: AUTO
2025-06-22 02:01:58,561 - SUAS - DEBUG - [SUAS_main.main:736] - Waiting for mode change to: AUTO
2025-06-22 02:01:59,063 - SUAS - DEBUG - [SUAS_main.main:736] - Waiting for mode change to: AUTO
2025-06-22 02:01:59,564 - SUAS - DEBUG - [SUAS_main.main:736] - Waiting for mode change to: AUTO
2025-06-22 02:02:00,066 - SUAS - DEBUG - [SUAS_main.main:736] - Waiting for mode change to: AUTO
2025-06-22 02:02:00,568 - SUAS - DEBUG - [SUAS_main.main:736] - Waiting for mode change to: AUTO
2025-06-22 02:02:01,069 - SUAS - DEBUG - [SUAS_main.main:736] - Waiting for mode change to: AUTO
2025-06-22 02:02:01,571 - SUAS - DEBUG - [SUAS_main.main:736] - Waiting for mode change to: AUTO
2025-06-22 02:02:02,072 - SUAS - DEBUG - [SUAS_main.main:736] - Waiting for mode change to: AUTO
2025-06-22 02:02:02,574 - SUAS - DEBUG - [SUAS_main.main:736] - Waiting for mode change to: AUTO
2025-06-22 02:02:03,075 - SUAS - DEBUG - [SUAS_main.main:736] - Waiting for mode change to: AUTO
2025-06-22 02:02:03,577 - SUAS - DEBUG - [SUAS_main.main:736] - Waiting for mode change to: AUTO
2025-06-22 02:02:04,079 - SUAS - DEBUG - [SUAS_main.main:736] - Waiting for mode change to: AUTO
2025-06-22 02:02:04,581 - SUAS - DEBUG - [SUAS_main.main:736] - Waiting for mode change to: AUTO
2025-06-22 02:02:05,082 - SUAS - DEBUG - [SUAS_main.main:736] - Waiting for mode change to: AUTO
2025-06-22 02:02:05,584 - SUAS - DEBUG - [SUAS_main.main:736] - Waiting for mode change to: AUTO
2025-06-22 02:02:06,086 - SUAS - DEBUG - [SUAS_main.main:736] - Waiting for mode change to: AUTO
2025-06-22 02:02:06,587 - SUAS - DEBUG - [SUAS_main.main:736] - Waiting for mode change to: AUTO
2025-06-22 02:02:07,089 - SUAS - DEBUG - [SUAS_main.main:736] - Waiting for mode change to: AUTO
2025-06-22 02:02:07,590 - SUAS - DEBUG - [SUAS_main.main:736] - Waiting for mode change to: AUTO
2025-06-22 02:02:08,092 - SUAS - DEBUG - [SUAS_main.main:736] - Waiting for mode change to: AUTO
2025-06-22 02:02:08,594 - SUAS - DEBUG - [SUAS_main.main:736] - Waiting for mode change to: AUTO
2025-06-22 02:02:09,095 - SUAS - DEBUG - [SUAS_main.main:736] - Waiting for mode change to: AUTO
2025-06-22 02:02:09,597 - SUAS - DEBUG - [SUAS_main.main:736] - Waiting for mode change to: AUTO
2025-06-22 02:02:10,098 - SUAS - DEBUG - [SUAS_main.main:736] - Waiting for mode change to: AUTO
2025-06-22 02:02:10,599 - SUAS - DEBUG - [SUAS_main.main:736] - Waiting for mode change to: AUTO
2025-06-22 02:02:11,101 - SUAS - DEBUG - [SUAS_main.main:736] - Waiting for mode change to: AUTO
2025-06-22 02:02:11,602 - SUAS - DEBUG - [SUAS_main.main:736] - Waiting for mode change to: AUTO
2025-06-22 02:02:12,104 - SUAS - DEBUG - [SUAS_main.main:736] - Waiting for mode change to: AUTO
2025-06-22 02:02:12,605 - SUAS - DEBUG - [SUAS_main.main:736] - Waiting for mode change to: AUTO
2025-06-22 02:02:13,107 - SUAS - DEBUG - [SUAS_main.main:736] - Waiting for mode change to: AUTO
2025-06-22 02:02:13,608 - SUAS - DEBUG - [SUAS_main.main:736] - Waiting for mode change to: AUTO
2025-06-22 02:02:14,110 - SUAS - DEBUG - [SUAS_main.main:736] - Waiting for mode change to: AUTO
2025-06-22 02:02:14,611 - SUAS - DEBUG - [SUAS_main.main:736] - Waiting for mode change to: AUTO
2025-06-22 02:02:15,113 - SUAS - DEBUG - [SUAS_main.main:736] - Waiting for mode change to: AUTO
2025-06-22 02:02:15,614 - SUAS - DEBUG - [SUAS_main.main:736] - Waiting for mode change to: AUTO
2025-06-22 02:02:16,116 - SUAS - DEBUG - [SUAS_main.main:736] - Waiting for mode change to: AUTO
2025-06-22 02:02:16,617 - SUAS - DEBUG - [SUAS_main.main:736] - Waiting for mode change to: AUTO
2025-06-22 02:02:17,118 - SUAS - DEBUG - [SUAS_main.main:736] - Waiting for mode change to: AUTO
2025-06-22 02:02:17,620 - SUAS - DEBUG - [SUAS_main.main:736] - Waiting for mode change to: AUTO
2025-06-22 02:02:18,121 - SUAS - DEBUG - [SUAS_main.main:736] - Waiting for mode change to: AUTO
2025-06-22 02:02:18,623 - SUAS - DEBUG - [SUAS_main.main:736] - Waiting for mode change to: AUTO
2025-06-22 02:02:19,124 - SUAS - DEBUG - [SUAS_main.main:736] - Waiting for mode change to: AUTO
2025-06-22 02:02:19,626 - SUAS - DEBUG - [SUAS_main.main:736] - Waiting for mode change to: AUTO
2025-06-22 02:02:20,128 - SUAS - DEBUG - [SUAS_main.main:736] - Waiting for mode change to: AUTO
2025-06-22 02:02:20,629 - SUAS - DEBUG - [SUAS_main.main:736] - Waiting for mode change to: AUTO
2025-06-22 02:02:21,130 - SUAS - DEBUG - [SUAS_main.main:736] - Waiting for mode change to: AUTO
2025-06-22 02:02:21,632 - SUAS - DEBUG - [SUAS_main.main:736] - Waiting for mode change to: AUTO
2025-06-22 02:02:22,133 - SUAS - DEBUG - [SUAS_main.main:736] - Waiting for mode change to: AUTO
2025-06-22 02:02:22,635 - SUAS - DEBUG - [SUAS_main.main:736] - Waiting for mode change to: AUTO
2025-06-22 02:02:23,136 - SUAS - DEBUG - [SUAS_main.main:736] - Waiting for mode change to: AUTO
2025-06-22 02:02:23,638 - SUAS - DEBUG - [SUAS_main.main:736] - Waiting for mode change to: AUTO
2025-06-22 02:02:24,139 - SUAS - DEBUG - [SUAS_main.main:736] - Waiting for mode change to: AUTO
2025-06-22 02:02:24,640 - SUAS - DEBUG - [SUAS_main.main:736] - Waiting for mode change to: AUTO
2025-06-22 02:02:25,142 - SUAS - DEBUG - [SUAS_main.main:736] - Waiting for mode change to: AUTO
2025-06-22 02:02:25,644 - SUAS - DEBUG - [SUAS_main.main:736] - Waiting for mode change to: AUTO
2025-06-22 02:02:26,145 - SUAS - DEBUG - [SUAS_main.main:736] - Waiting for mode change to: AUTO
2025-06-22 02:02:26,646 - SUAS - DEBUG - [SUAS_main.main:736] - Waiting for mode change to: AUTO
2025-06-22 02:02:27,148 - SUAS - DEBUG - [SUAS_main.main:736] - Waiting for mode change to: AUTO
2025-06-22 02:02:27,649 - SUAS - DEBUG - [SUAS_main.main:736] - Waiting for mode change to: AUTO
2025-06-22 02:02:28,151 - SUAS - DEBUG - [SUAS_main.main:736] - Waiting for mode change to: AUTO
2025-06-22 02:02:28,652 - SUAS - DEBUG - [SUAS_main.main:736] - Waiting for mode change to: AUTO
2025-06-22 02:02:29,153 - SUAS - DEBUG - [SUAS_main.main:736] - Waiting for mode change to: AUTO
2025-06-22 02:02:29,654 - SUAS - DEBUG - [SUAS_main.main:736] - Waiting for mode change to: AUTO
2025-06-22 02:02:30,155 - SUAS - DEBUG - [SUAS_main.main:736] - Waiting for mode change to: AUTO
2025-06-22 02:02:30,657 - SUAS - DEBUG - [SUAS_main.main:736] - Waiting for mode change to: AUTO
2025-06-22 02:02:31,158 - SUAS - DEBUG - [SUAS_main.main:736] - Waiting for mode change to: AUTO
2025-06-22 02:02:31,660 - SUAS - DEBUG - [SUAS_main.main:736] - Waiting for mode change to: AUTO
2025-06-22 02:02:32,162 - SUAS - DEBUG - [SUAS_main.main:736] - Waiting for mode change to: AUTO
2025-06-22 02:02:32,664 - SUAS - DEBUG - [SUAS_main.main:736] - Waiting for mode change to: AUTO
2025-06-22 02:02:33,165 - SUAS - DEBUG - [SUAS_main.main:736] - Waiting for mode change to: AUTO
2025-06-22 02:02:33,667 - SUAS - DEBUG - [SUAS_main.main:736] - Waiting for mode change to: AUTO
2025-06-22 02:02:34,168 - SUAS - DEBUG - [SUAS_main.main:736] - Waiting for mode change to: AUTO
2025-06-22 02:02:34,669 - SUAS - DEBUG - [SUAS_main.main:736] - Waiting for mode change to: AUTO
2025-06-22 02:02:35,171 - SUAS - DEBUG - [SUAS_main.main:736] - Waiting for mode change to: AUTO
2025-06-22 02:02:35,672 - SUAS - DEBUG - [SUAS_main.main:736] - Waiting for mode change to: AUTO
2025-06-22 02:02:36,173 - SUAS - DEBUG - [SUAS_main.main:736] - Waiting for mode change to: AUTO
2025-06-22 02:02:36,675 - SUAS - DEBUG - [SUAS_main.main:736] - Waiting for mode change to: AUTO
2025-06-22 02:02:37,176 - SUAS - DEBUG - [SUAS_main.main:736] - Waiting for mode change to: AUTO
2025-06-22 02:02:37,677 - SUAS - DEBUG - [SUAS_main.main:736] - Waiting for mode change to: AUTO
2025-06-22 02:02:38,179 - SUAS - DEBUG - [SUAS_main.main:736] - Waiting for mode change to: AUTO
2025-06-22 02:02:38,680 - SUAS - DEBUG - [SUAS_main.main:736] - Waiting for mode change to: AUTO
2025-06-22 02:02:39,181 - SUAS - DEBUG - [SUAS_main.main:736] - Waiting for mode change to: AUTO
2025-06-22 02:02:39,683 - SUAS - DEBUG - [SUAS_main.main:736] - Waiting for mode change to: AUTO
2025-06-22 02:02:40,185 - SUAS - DEBUG - [SUAS_main.main:736] - Waiting for mode change to: AUTO
2025-06-22 02:02:40,686 - SUAS - DEBUG - [SUAS_main.main:736] - Waiting for mode change to: AUTO
2025-06-22 02:02:41,188 - SUAS - DEBUG - [SUAS_main.main:736] - Waiting for mode change to: AUTO
2025-06-22 02:02:41,689 - SUAS - DEBUG - [SUAS_main.main:736] - Waiting for mode change to: AUTO
2025-06-22 02:02:42,191 - SUAS - DEBUG - [SUAS_main.main:736] - Waiting for mode change to: AUTO
2025-06-22 02:02:42,692 - SUAS - DEBUG - [SUAS_main.main:736] - Waiting for mode change to: AUTO
2025-06-22 02:02:43,193 - SUAS - DEBUG - [SUAS_main.main:736] - Waiting for mode change to: AUTO
2025-06-22 02:02:43,695 - SUAS - DEBUG - [SUAS_main.main:736] - Waiting for mode change to: AUTO
2025-06-22 02:02:44,196 - SUAS - DEBUG - [SUAS_main.main:736] - Waiting for mode change to: AUTO
2025-06-22 02:02:44,697 - SUAS - DEBUG - [SUAS_main.main:736] - Waiting for mode change to: AUTO
2025-06-22 02:02:45,198 - SUAS - DEBUG - [SUAS_main.main:736] - Waiting for mode change to: AUTO
2025-06-22 02:02:45,699 - SUAS - DEBUG - [SUAS_main.main:736] - Waiting for mode change to: AUTO
2025-06-22 02:02:46,201 - SUAS - DEBUG - [SUAS_main.main:736] - Waiting for mode change to: AUTO
2025-06-22 02:02:46,702 - SUAS - DEBUG - [SUAS_main.main:736] - Waiting for mode change to: AUTO
2025-06-22 02:02:47,204 - SUAS - DEBUG - [SUAS_main.main:736] - Waiting for mode change to: AUTO
2025-06-22 02:02:47,706 - SUAS - DEBUG - [SUAS_main.main:736] - Waiting for mode change to: AUTO
2025-06-22 02:02:48,207 - SUAS - DEBUG - [SUAS_main.main:736] - Waiting for mode change to: AUTO
2025-06-22 02:02:48,709 - SUAS - DEBUG - [SUAS_main.main:736] - Waiting for mode change to: AUTO
2025-06-22 02:02:49,210 - SUAS - DEBUG - [SUAS_main.main:736] - Waiting for mode change to: AUTO
2025-06-22 02:02:49,711 - SUAS - DEBUG - [SUAS_main.main:736] - Waiting for mode change to: AUTO
2025-06-22 02:02:50,213 - SUAS - DEBUG - [SUAS_main.main:736] - Waiting for mode change to: AUTO
2025-06-22 02:02:50,714 - SUAS - DEBUG - [SUAS_main.main:736] - Waiting for mode change to: AUTO
2025-06-22 02:02:51,216 - SUAS - DEBUG - [SUAS_main.main:736] - Waiting for mode change to: AUTO
2025-06-22 02:02:51,717 - SUAS - DEBUG - [SUAS_main.main:736] - Waiting for mode change to: AUTO
2025-06-22 02:02:52,219 - SUAS - DEBUG - [SUAS_main.main:736] - Waiting for mode change to: AUTO
2025-06-22 02:02:52,720 - SUAS - DEBUG - [SUAS_main.main:736] - Waiting for mode change to: AUTO
2025-06-22 02:02:53,222 - SUAS - DEBUG - [SUAS_main.main:736] - Waiting for mode change to: AUTO
2025-06-22 02:02:53,723 - SUAS - DEBUG - [SUAS_main.main:736] - Waiting for mode change to: AUTO
2025-06-22 02:02:54,225 - SUAS - DEBUG - [SUAS_main.main:736] - Waiting for mode change to: AUTO
2025-06-22 02:02:54,726 - SUAS - DEBUG - [SUAS_main.main:736] - Waiting for mode change to: AUTO
2025-06-22 02:02:55,228 - SUAS - DEBUG - [SUAS_main.main:736] - Waiting for mode change to: AUTO
2025-06-22 02:02:55,729 - SUAS - DEBUG - [SUAS_main.main:736] - Waiting for mode change to: AUTO
2025-06-22 02:02:56,230 - SUAS - DEBUG - [SUAS_main.main:736] - Waiting for mode change to: AUTO
2025-06-22 02:02:56,732 - SUAS - DEBUG - [SUAS_main.main:736] - Waiting for mode change to: AUTO
2025-06-22 02:02:57,233 - SUAS - DEBUG - [SUAS_main.main:736] - Waiting for mode change to: AUTO
2025-06-22 02:02:57,734 - SUAS - DEBUG - [SUAS_main.main:736] - Waiting for mode change to: AUTO
2025-06-22 02:02:58,236 - SUAS - DEBUG - [SUAS_main.main:736] - Waiting for mode change to: AUTO
2025-06-22 02:02:58,737 - SUAS - DEBUG - [SUAS_main.main:736] - Waiting for mode change to: AUTO
2025-06-22 02:02:59,238 - SUAS - DEBUG - [SUAS_main.main:736] - Waiting for mode change to: AUTO
2025-06-22 02:02:59,740 - SUAS - DEBUG - [SUAS_main.main:736] - Waiting for mode change to: AUTO
2025-06-22 02:03:00,242 - SUAS - DEBUG - [SUAS_main.main:736] - Waiting for mode change to: AUTO
2025-06-22 02:03:00,743 - SUAS - DEBUG - [SUAS_main.main:736] - Waiting for mode change to: AUTO
2025-06-22 02:03:01,245 - SUAS - DEBUG - [SUAS_main.main:736] - Waiting for mode change to: AUTO
2025-06-22 02:03:01,746 - SUAS - DEBUG - [SUAS_main.main:736] - Waiting for mode change to: AUTO
2025-06-22 02:03:02,248 - SUAS - DEBUG - [SUAS_main.main:736] - Waiting for mode change to: AUTO
2025-06-22 02:03:02,749 - SUAS - DEBUG - [SUAS_main.main:736] - Waiting for mode change to: AUTO
2025-06-22 02:03:03,251 - SUAS - DEBUG - [SUAS_main.main:736] - Waiting for mode change to: AUTO
2025-06-22 02:03:03,752 - SUAS - DEBUG - [SUAS_main.main:736] - Waiting for mode change to: AUTO
2025-06-22 02:03:04,253 - SUAS - DEBUG - [SUAS_main.main:736] - Waiting for mode change to: AUTO
2025-06-22 02:03:04,754 - SUAS - DEBUG - [SUAS_main.main:736] - Waiting for mode change to: AUTO
2025-06-22 02:03:05,256 - SUAS - DEBUG - [SUAS_main.main:736] - Waiting for mode change to: AUTO
2025-06-22 02:03:05,757 - SUAS - DEBUG - [SUAS_main.main:736] - Waiting for mode change to: AUTO
2025-06-22 02:03:06,258 - SUAS - DEBUG - [SUAS_main.main:736] - Waiting for mode change to: AUTO
2025-06-22 02:03:06,760 - SUAS - DEBUG - [SUAS_main.main:736] - Waiting for mode change to: AUTO
2025-06-22 02:03:07,262 - SUAS - DEBUG - [SUAS_main.main:736] - Waiting for mode change to: AUTO
2025-06-22 02:03:07,763 - SUAS - DEBUG - [SUAS_main.main:736] - Waiting for mode change to: AUTO
2025-06-22 02:03:08,265 - SUAS - DEBUG - [SUAS_main.main:736] - Waiting for mode change to: AUTO
2025-06-22 02:03:08,767 - SUAS - DEBUG - [SUAS_main.main:736] - Waiting for mode change to: AUTO
2025-06-22 02:03:09,268 - SUAS - DEBUG - [SUAS_main.main:736] - Waiting for mode change to: AUTO
2025-06-22 02:03:09,769 - SUAS - DEBUG - [SUAS_main.main:736] - Waiting for mode change to: AUTO
2025-06-22 02:03:10,271 - SUAS - DEBUG - [SUAS_main.main:736] - Waiting for mode change to: AUTO
2025-06-22 02:03:10,772 - SUAS - DEBUG - [SUAS_main.main:736] - Waiting for mode change to: AUTO
2025-06-22 02:03:11,273 - SUAS - DEBUG - [SUAS_main.main:736] - Waiting for mode change to: AUTO
2025-06-22 02:03:11,775 - SUAS - DEBUG - [SUAS_main.main:736] - Waiting for mode change to: AUTO
2025-06-22 02:03:12,276 - SUAS - DEBUG - [SUAS_main.main:736] - Waiting for mode change to: AUTO
2025-06-22 02:03:12,777 - SUAS - DEBUG - [SUAS_main.main:736] - Waiting for mode change to: AUTO
2025-06-22 02:03:13,279 - SUAS - DEBUG - [SUAS_main.main:736] - Waiting for mode change to: AUTO
2025-06-22 02:03:13,781 - SUAS - DEBUG - [SUAS_main.main:736] - Waiting for mode change to: AUTO
2025-06-22 02:03:14,283 - SUAS - DEBUG - [SUAS_main.main:736] - Waiting for mode change to: AUTO
2025-06-22 02:03:14,785 - SUAS - DEBUG - [SUAS_main.main:736] - Waiting for mode change to: AUTO
2025-06-22 02:03:15,286 - SUAS - DEBUG - [SUAS_main.main:736] - Waiting for mode change to: AUTO
2025-06-22 02:03:15,788 - SUAS - DEBUG - [SUAS_main.main:736] - Waiting for mode change to: AUTO
2025-06-22 02:03:16,289 - SUAS - DEBUG - [SUAS_main.main:736] - Waiting for mode change to: AUTO
2025-06-22 02:03:16,791 - SUAS - DEBUG - [SUAS_main.main:736] - Waiting for mode change to: AUTO
2025-06-22 02:03:17,292 - SUAS - DEBUG - [SUAS_main.main:736] - Waiting for mode change to: AUTO
2025-06-22 02:03:17,793 - SUAS - DEBUG - [SUAS_main.main:736] - Waiting for mode change to: AUTO
2025-06-22 02:03:18,294 - SUAS - DEBUG - [SUAS_main.main:736] - Waiting for mode change to: AUTO
2025-06-22 02:03:18,796 - SUAS - DEBUG - [SUAS_main.main:736] - Waiting for mode change to: AUTO
2025-06-22 02:03:19,297 - SUAS - DEBUG - [SUAS_main.main:736] - Waiting for mode change to: AUTO
2025-06-22 02:03:19,799 - SUAS - DEBUG - [SUAS_main.main:736] - Waiting for mode change to: AUTO
2025-06-22 02:03:20,300 - SUAS - DEBUG - [SUAS_main.main:736] - Waiting for mode change to: AUTO
2025-06-22 02:03:20,802 - SUAS - DEBUG - [SUAS_main.main:736] - Waiting for mode change to: AUTO
2025-06-22 02:03:21,303 - SUAS - DEBUG - [SUAS_main.main:736] - Waiting for mode change to: AUTO
2025-06-22 02:03:21,805 - SUAS - DEBUG - [SUAS_main.main:736] - Waiting for mode change to: AUTO
2025-06-22 02:03:22,306 - SUAS - DEBUG - [SUAS_main.main:736] - Waiting for mode change to: AUTO
2025-06-22 02:03:22,808 - SUAS - DEBUG - [SUAS_main.main:736] - Waiting for mode change to: AUTO
2025-06-22 02:03:23,309 - SUAS - DEBUG - [SUAS_main.main:736] - Waiting for mode change to: AUTO
2025-06-22 02:03:23,810 - SUAS - DEBUG - [SUAS_main.main:736] - Waiting for mode change to: AUTO
2025-06-22 02:03:24,312 - SUAS - DEBUG - [SUAS_main.main:736] - Waiting for mode change to: AUTO
2025-06-22 02:03:24,813 - SUAS - DEBUG - [SUAS_main.main:736] - Waiting for mode change to: AUTO
2025-06-22 02:03:25,315 - SUAS - DEBUG - [SUAS_main.main:736] - Waiting for mode change to: AUTO
2025-06-22 02:03:25,816 - SUAS - DEBUG - [SUAS_main.main:736] - Waiting for mode change to: AUTO
2025-06-22 02:03:26,317 - SUAS - DEBUG - [SUAS_main.main:736] - Waiting for mode change to: AUTO
2025-06-22 02:03:26,819 - SUAS - DEBUG - [SUAS_main.main:736] - Waiting for mode change to: AUTO
2025-06-22 02:03:27,320 - SUAS - DEBUG - [SUAS_main.main:736] - Waiting for mode change to: AUTO
2025-06-22 02:03:27,822 - SUAS - DEBUG - [SUAS_main.main:736] - Waiting for mode change to: AUTO
2025-06-22 02:03:28,324 - SUAS - DEBUG - [SUAS_main.main:736] - Waiting for mode change to: AUTO
2025-06-22 02:03:28,825 - SUAS - DEBUG - [SUAS_main.main:736] - Waiting for mode change to: AUTO
2025-06-22 02:03:29,326 - SUAS - DEBUG - [SUAS_main.main:736] - Waiting for mode change to: AUTO
2025-06-22 02:03:29,828 - SUAS - DEBUG - [SUAS_main.main:736] - Waiting for mode change to: AUTO
2025-06-22 02:03:30,329 - SUAS - DEBUG - [SUAS_main.main:736] - Waiting for mode change to: AUTO
2025-06-22 02:03:30,831 - SUAS - DEBUG - [SUAS_main.main:736] - Waiting for mode change to: AUTO
2025-06-22 02:03:31,332 - SUAS - DEBUG - [SUAS_main.main:736] - Waiting for mode change to: AUTO
2025-06-22 02:03:31,833 - SUAS - DEBUG - [SUAS_main.main:736] - Waiting for mode change to: AUTO
2025-06-22 02:03:32,335 - SUAS - DEBUG - [SUAS_main.main:736] - Waiting for mode change to: AUTO
2025-06-22 02:03:32,836 - SUAS - DEBUG - [SUAS_main.main:736] - Waiting for mode change to: AUTO
2025-06-22 02:03:33,337 - SUAS - DEBUG - [SUAS_main.main:736] - Waiting for mode change to: AUTO
2025-06-22 02:03:33,839 - SUAS - DEBUG - [SUAS_main.main:736] - Waiting for mode change to: AUTO
2025-06-22 02:03:34,340 - SUAS - DEBUG - [SUAS_main.main:736] - Waiting for mode change to: AUTO
2025-06-22 02:03:34,842 - SUAS - DEBUG - [SUAS_main.main:736] - Waiting for mode change to: AUTO
2025-06-22 02:03:35,343 - SUAS - DEBUG - [SUAS_main.main:736] - Waiting for mode change to: AUTO
2025-06-22 02:03:35,845 - SUAS - DEBUG - [SUAS_main.main:736] - Waiting for mode change to: AUTO
2025-06-22 02:03:36,346 - SUAS - DEBUG - [SUAS_main.main:736] - Waiting for mode change to: AUTO
2025-06-22 02:03:36,848 - SUAS - DEBUG - [SUAS_main.main:736] - Waiting for mode change to: AUTO
2025-06-22 02:03:37,349 - SUAS - DEBUG - [SUAS_main.main:736] - Waiting for mode change to: AUTO
2025-06-22 02:03:37,851 - SUAS - DEBUG - [SUAS_main.main:736] - Waiting for mode change to: AUTO
2025-06-22 02:03:38,352 - SUAS - DEBUG - [SUAS_main.main:736] - Waiting for mode change to: AUTO
2025-06-22 02:03:38,854 - SUAS - DEBUG - [SUAS_main.main:736] - Waiting for mode change to: AUTO
2025-06-22 02:03:39,355 - SUAS - DEBUG - [SUAS_main.main:736] - Waiting for mode change to: AUTO
2025-06-22 02:03:39,857 - SUAS - DEBUG - [SUAS_main.main:736] - Waiting for mode change to: AUTO
2025-06-22 02:03:40,358 - SUAS - DEBUG - [SUAS_main.main:736] - Waiting for mode change to: AUTO
2025-06-22 02:03:40,860 - SUAS - DEBUG - [SUAS_main.main:736] - Waiting for mode change to: AUTO
2025-06-22 02:03:41,362 - SUAS - DEBUG - [SUAS_main.main:736] - Waiting for mode change to: AUTO
2025-06-22 02:03:41,863 - SUAS - DEBUG - [SUAS_main.main:736] - Waiting for mode change to: AUTO
2025-06-22 02:03:42,365 - SUAS - DEBUG - [SUAS_main.main:736] - Waiting for mode change to: AUTO
2025-06-22 02:03:42,866 - SUAS - DEBUG - [SUAS_main.main:736] - Waiting for mode change to: AUTO
2025-06-22 02:03:43,368 - SUAS - DEBUG - [SUAS_main.main:736] - Waiting for mode change to: AUTO
2025-06-22 02:03:43,869 - SUAS - DEBUG - [SUAS_main.main:736] - Waiting for mode change to: AUTO
2025-06-22 02:03:44,371 - SUAS - DEBUG - [SUAS_main.main:736] - Waiting for mode change to: AUTO
2025-06-22 02:03:44,872 - SUAS - DEBUG - [SUAS_main.main:736] - Waiting for mode change to: AUTO
2025-06-22 02:03:45,373 - SUAS - DEBUG - [SUAS_main.main:736] - Waiting for mode change to: AUTO
2025-06-22 02:03:45,875 - SUAS - DEBUG - [SUAS_main.main:736] - Waiting for mode change to: AUTO
2025-06-22 02:03:46,376 - SUAS - DEBUG - [SUAS_main.main:736] - Waiting for mode change to: AUTO
2025-06-22 02:03:46,877 - SUAS - DEBUG - [SUAS_main.main:736] - Waiting for mode change to: AUTO
2025-06-22 02:03:47,379 - SUAS - DEBUG - [SUAS_main.main:736] - Waiting for mode change to: AUTO
2025-06-22 02:03:47,880 - SUAS - DEBUG - [SUAS_main.main:736] - Waiting for mode change to: AUTO
2025-06-22 02:03:48,382 - SUAS - DEBUG - [SUAS_main.main:736] - Waiting for mode change to: AUTO
2025-06-22 02:03:48,884 - SUAS - DEBUG - [SUAS_main.main:736] - Waiting for mode change to: AUTO
2025-06-22 02:03:49,385 - SUAS - DEBUG - [SUAS_main.main:736] - Waiting for mode change to: AUTO
2025-06-22 02:03:49,886 - SUAS - DEBUG - [SUAS_main.main:736] - Waiting for mode change to: AUTO
2025-06-22 02:03:50,388 - SUAS - DEBUG - [SUAS_main.main:736] - Waiting for mode change to: AUTO
2025-06-22 02:03:50,889 - SUAS - DEBUG - [SUAS_main.main:736] - Waiting for mode change to: AUTO
2025-06-22 02:03:51,391 - SUAS - DEBUG - [SUAS_main.main:736] - Waiting for mode change to: AUTO
2025-06-22 02:03:51,892 - SUAS - DEBUG - [SUAS_main.main:736] - Waiting for mode change to: AUTO
2025-06-22 02:03:52,393 - SUAS - DEBUG - [SUAS_main.main:736] - Waiting for mode change to: AUTO
2025-06-22 02:03:52,894 - SUAS - DEBUG - [SUAS_main.main:736] - Waiting for mode change to: AUTO
2025-06-22 02:03:53,396 - SUAS - DEBUG - [SUAS_main.main:736] - Waiting for mode change to: AUTO
2025-06-22 02:03:53,897 - SUAS - DEBUG - [SUAS_main.main:736] - Waiting for mode change to: AUTO
2025-06-22 02:03:54,399 - SUAS - DEBUG - [SUAS_main.main:736] - Waiting for mode change to: AUTO
2025-06-22 02:03:54,900 - SUAS - DEBUG - [SUAS_main.main:736] - Waiting for mode change to: AUTO
2025-06-22 02:03:55,402 - SUAS - DEBUG - [SUAS_main.main:736] - Waiting for mode change to: AUTO
2025-06-22 02:03:55,904 - SUAS - DEBUG - [SUAS_main.main:736] - Waiting for mode change to: AUTO
2025-06-22 02:03:56,405 - SUAS - DEBUG - [SUAS_main.main:736] - Waiting for mode change to: AUTO
2025-06-22 02:03:56,906 - SUAS - DEBUG - [SUAS_main.main:736] - Waiting for mode change to: AUTO
2025-06-22 02:03:57,408 - SUAS - DEBUG - [SUAS_main.main:736] - Waiting for mode change to: AUTO
2025-06-22 02:03:57,909 - SUAS - DEBUG - [SUAS_main.main:736] - Waiting for mode change to: AUTO
2025-06-22 02:03:58,411 - SUAS - DEBUG - [SUAS_main.main:736] - Waiting for mode change to: AUTO
2025-06-22 02:03:58,912 - SUAS - DEBUG - [SUAS_main.main:736] - Waiting for mode change to: AUTO
2025-06-22 02:03:59,413 - SUAS - DEBUG - [SUAS_main.main:736] - Waiting for mode change to: AUTO
2025-06-22 02:03:59,915 - SUAS - DEBUG - [SUAS_main.main:736] - Waiting for mode change to: AUTO
2025-06-22 02:04:00,416 - SUAS - DEBUG - [SUAS_main.main:736] - Waiting for mode change to: AUTO
2025-06-22 02:04:00,917 - SUAS - DEBUG - [SUAS_main.main:736] - Waiting for mode change to: AUTO
2025-06-22 02:04:01,419 - SUAS - DEBUG - [SUAS_main.main:736] - Waiting for mode change to: AUTO
2025-06-22 02:04:01,920 - SUAS - DEBUG - [SUAS_main.main:736] - Waiting for mode change to: AUTO
2025-06-22 02:04:02,422 - SUAS - DEBUG - [SUAS_main.main:736] - Waiting for mode change to: AUTO
2025-06-22 02:04:02,924 - SUAS - DEBUG - [SUAS_main.main:736] - Waiting for mode change to: AUTO
2025-06-22 02:04:03,425 - SUAS - DEBUG - [SUAS_main.main:736] - Waiting for mode change to: AUTO
2025-06-22 02:04:03,926 - SUAS - DEBUG - [SUAS_main.main:736] - Waiting for mode change to: AUTO
2025-06-22 02:04:04,428 - SUAS - DEBUG - [SUAS_main.main:736] - Waiting for mode change to: AUTO
2025-06-22 02:04:04,929 - SUAS - DEBUG - [SUAS_main.main:736] - Waiting for mode change to: AUTO
2025-06-22 02:04:05,430 - SUAS - DEBUG - [SUAS_main.main:736] - Waiting for mode change to: AUTO
2025-06-22 02:04:05,932 - SUAS - DEBUG - [SUAS_main.main:736] - Waiting for mode change to: AUTO
2025-06-22 02:04:06,433 - SUAS - DEBUG - [SUAS_main.main:736] - Waiting for mode change to: AUTO
2025-06-22 02:04:06,934 - SUAS - DEBUG - [SUAS_main.main:736] - Waiting for mode change to: AUTO
2025-06-22 02:04:07,436 - SUAS - DEBUG - [SUAS_main.main:736] - Waiting for mode change to: AUTO
2025-06-22 02:04:07,937 - SUAS - DEBUG - [SUAS_main.main:736] - Waiting for mode change to: AUTO
2025-06-22 02:04:08,439 - SUAS - DEBUG - [SUAS_main.main:736] - Waiting for mode change to: AUTO
2025-06-22 02:04:08,941 - SUAS - DEBUG - [SUAS_main.main:736] - Waiting for mode change to: AUTO
2025-06-22 02:04:09,442 - SUAS - DEBUG - [SUAS_main.main:736] - Waiting for mode change to: AUTO
2025-06-22 02:04:09,944 - SUAS - DEBUG - [SUAS_main.main:736] - Waiting for mode change to: AUTO
2025-06-22 02:04:10,445 - SUAS - DEBUG - [SUAS_main.main:736] - Waiting for mode change to: AUTO
2025-06-22 02:04:10,947 - SUAS - DEBUG - [SUAS_main.main:736] - Waiting for mode change to: AUTO
2025-06-22 02:04:11,448 - SUAS - DEBUG - [SUAS_main.main:736] - Waiting for mode change to: AUTO
2025-06-22 02:04:11,949 - SUAS - DEBUG - [SUAS_main.main:736] - Waiting for mode change to: AUTO
2025-06-22 02:04:12,450 - SUAS - DEBUG - [SUAS_main.main:736] - Waiting for mode change to: AUTO
2025-06-22 02:04:12,952 - SUAS - DEBUG - [SUAS_main.main:736] - Waiting for mode change to: AUTO
2025-06-22 02:04:13,453 - SUAS - DEBUG - [SUAS_main.main:736] - Waiting for mode change to: AUTO
2025-06-22 02:04:13,955 - SUAS - DEBUG - [SUAS_main.main:736] - Waiting for mode change to: AUTO
2025-06-22 02:04:14,456 - SUAS - DEBUG - [SUAS_main.main:736] - Waiting for mode change to: AUTO
2025-06-22 02:04:14,957 - SUAS - DEBUG - [SUAS_main.main:736] - Waiting for mode change to: AUTO
2025-06-22 02:04:15,459 - SUAS - DEBUG - [SUAS_main.main:736] - Waiting for mode change to: AUTO
2025-06-22 02:04:15,961 - SUAS - DEBUG - [SUAS_main.main:736] - Waiting for mode change to: AUTO
2025-06-22 02:04:16,462 - SUAS - DEBUG - [SUAS_main.main:736] - Waiting for mode change to: AUTO
2025-06-22 02:04:16,964 - SUAS - DEBUG - [SUAS_main.main:736] - Waiting for mode change to: AUTO
2025-06-22 02:04:17,465 - SUAS - DEBUG - [SUAS_main.main:736] - Waiting for mode change to: AUTO
2025-06-22 02:04:17,967 - SUAS - DEBUG - [SUAS_main.main:736] - Waiting for mode change to: AUTO
2025-06-22 02:04:18,468 - SUAS - DEBUG - [SUAS_main.main:736] - Waiting for mode change to: AUTO
2025-06-22 02:04:18,969 - SUAS - DEBUG - [SUAS_main.main:736] - Waiting for mode change to: AUTO
2025-06-22 02:04:19,470 - SUAS - DEBUG - [SUAS_main.main:736] - Waiting for mode change to: AUTO
2025-06-22 02:04:19,972 - SUAS - DEBUG - [SUAS_main.main:736] - Waiting for mode change to: AUTO
2025-06-22 02:04:20,473 - SUAS - DEBUG - [SUAS_main.main:736] - Waiting for mode change to: AUTO
2025-06-22 02:04:20,974 - SUAS - DEBUG - [SUAS_main.main:736] - Waiting for mode change to: AUTO
2025-06-22 02:04:21,476 - SUAS - DEBUG - [SUAS_main.main:736] - Waiting for mode change to: AUTO
2025-06-22 02:04:21,978 - SUAS - DEBUG - [SUAS_main.main:736] - Waiting for mode change to: AUTO
2025-06-22 02:04:22,479 - SUAS - DEBUG - [SUAS_main.main:736] - Waiting for mode change to: AUTO
2025-06-22 02:04:22,981 - SUAS - DEBUG - [SUAS_main.main:736] - Waiting for mode change to: AUTO
2025-06-22 02:04:23,482 - SUAS - DEBUG - [SUAS_main.main:736] - Waiting for mode change to: AUTO
2025-06-22 02:04:23,984 - SUAS - DEBUG - [SUAS_main.main:736] - Waiting for mode change to: AUTO
2025-06-22 02:04:24,485 - SUAS - DEBUG - [SUAS_main.main:736] - Waiting for mode change to: AUTO
2025-06-22 02:04:24,986 - SUAS - DEBUG - [SUAS_main.main:736] - Waiting for mode change to: AUTO
2025-06-22 02:04:25,488 - SUAS - DEBUG - [SUAS_main.main:736] - Waiting for mode change to: AUTO
2025-06-22 02:04:25,989 - SUAS - DEBUG - [SUAS_main.main:736] - Waiting for mode change to: AUTO
2025-06-22 02:04:26,491 - SUAS - DEBUG - [SUAS_main.main:736] - Waiting for mode change to: AUTO
2025-06-22 02:04:26,992 - SUAS - DEBUG - [SUAS_main.main:736] - Waiting for mode change to: AUTO
2025-06-22 02:04:27,493 - SUAS - DEBUG - [SUAS_main.main:736] - Waiting for mode change to: AUTO
2025-06-22 02:04:27,995 - SUAS - DEBUG - [SUAS_main.main:736] - Waiting for mode change to: AUTO
2025-06-22 02:04:28,496 - SUAS - DEBUG - [SUAS_main.main:736] - Waiting for mode change to: AUTO
2025-06-22 02:04:28,998 - SUAS - DEBUG - [SUAS_main.main:736] - Waiting for mode change to: AUTO
2025-06-22 02:04:29,499 - SUAS - DEBUG - [SUAS_main.main:736] - Waiting for mode change to: AUTO
2025-06-22 02:04:30,001 - SUAS - DEBUG - [SUAS_main.main:736] - Waiting for mode change to: AUTO
2025-06-22 02:04:30,502 - SUAS - DEBUG - [SUAS_main.main:736] - Waiting for mode change to: AUTO
2025-06-22 02:04:31,004 - SUAS - DEBUG - [SUAS_main.main:736] - Waiting for mode change to: AUTO
2025-06-22 02:04:31,505 - SUAS - DEBUG - [SUAS_main.main:736] - Waiting for mode change to: AUTO
2025-06-22 02:04:32,007 - SUAS - DEBUG - [SUAS_main.main:736] - Waiting for mode change to: AUTO
2025-06-22 02:04:32,508 - SUAS - DEBUG - [SUAS_main.main:736] - Waiting for mode change to: AUTO
2025-06-22 02:04:33,009 - SUAS - DEBUG - [SUAS_main.main:736] - Waiting for mode change to: AUTO
2025-06-22 02:04:33,510 - SUAS - DEBUG - [SUAS_main.main:736] - Waiting for mode change to: AUTO
2025-06-22 02:04:34,012 - SUAS - DEBUG - [SUAS_main.main:736] - Waiting for mode change to: AUTO
2025-06-22 02:04:34,513 - SUAS - DEBUG - [SUAS_main.main:736] - Waiting for mode change to: AUTO
2025-06-22 02:04:35,014 - SUAS - DEBUG - [SUAS_main.main:736] - Waiting for mode change to: AUTO
2025-06-22 02:04:35,516 - SUAS - DEBUG - [SUAS_main.main:736] - Waiting for mode change to: AUTO
2025-06-22 02:04:36,018 - SUAS - DEBUG - [SUAS_main.main:736] - Waiting for mode change to: AUTO
2025-06-22 02:04:36,519 - SUAS - DEBUG - [SUAS_main.main:736] - Waiting for mode change to: AUTO
2025-06-22 02:04:37,021 - SUAS - DEBUG - [SUAS_main.main:736] - Waiting for mode change to: AUTO
2025-06-22 02:04:37,522 - SUAS - DEBUG - [SUAS_main.main:736] - Waiting for mode change to: AUTO
2025-06-22 02:04:38,024 - SUAS - DEBUG - [SUAS_main.main:736] - Waiting for mode change to: AUTO
2025-06-22 02:04:38,525 - SUAS - DEBUG - [SUAS_main.main:736] - Waiting for mode change to: AUTO
2025-06-22 02:04:39,026 - SUAS - DEBUG - [SUAS_main.main:736] - Waiting for mode change to: AUTO
2025-06-22 02:04:39,528 - SUAS - DEBUG - [SUAS_main.main:736] - Waiting for mode change to: AUTO
2025-06-22 02:04:40,029 - SUAS - DEBUG - [SUAS_main.main:736] - Waiting for mode change to: AUTO
2025-06-22 02:04:40,531 - SUAS - DEBUG - [SUAS_main.main:736] - Waiting for mode change to: AUTO
2025-06-22 02:04:41,032 - SUAS - DEBUG - [SUAS_main.main:736] - Waiting for mode change to: AUTO
2025-06-22 02:04:41,533 - SUAS - DEBUG - [SUAS_main.main:736] - Waiting for mode change to: AUTO
2025-06-22 02:04:42,034 - SUAS - DEBUG - [SUAS_main.main:736] - Waiting for mode change to: AUTO
2025-06-22 02:04:42,536 - SUAS - DEBUG - [SUAS_main.main:736] - Waiting for mode change to: AUTO
2025-06-22 02:04:43,037 - SUAS - DEBUG - [SUAS_main.main:736] - Waiting for mode change to: AUTO
2025-06-22 02:04:43,539 - SUAS - DEBUG - [SUAS_main.main:736] - Waiting for mode change to: AUTO
2025-06-22 02:04:44,040 - SUAS - DEBUG - [SUAS_main.main:736] - Waiting for mode change to: AUTO
2025-06-22 02:04:44,542 - SUAS - DEBUG - [SUAS_main.main:736] - Waiting for mode change to: AUTO
2025-06-22 02:04:45,043 - SUAS - DEBUG - [SUAS_main.main:736] - Waiting for mode change to: AUTO
2025-06-22 02:04:45,545 - SUAS - DEBUG - [SUAS_main.main:736] - Waiting for mode change to: AUTO
2025-06-22 02:04:46,046 - SUAS - DEBUG - [SUAS_main.main:736] - Waiting for mode change to: AUTO
2025-06-22 02:04:46,548 - SUAS - DEBUG - [SUAS_main.main:736] - Waiting for mode change to: AUTO
2025-06-22 02:04:47,049 - SUAS - DEBUG - [SUAS_main.main:736] - Waiting for mode change to: AUTO
2025-06-22 02:04:47,551 - SUAS - DEBUG - [SUAS_main.main:736] - Waiting for mode change to: AUTO
2025-06-22 02:04:48,052 - SUAS - DEBUG - [SUAS_main.main:736] - Waiting for mode change to: AUTO
2025-06-22 02:04:48,553 - SUAS - DEBUG - [SUAS_main.main:736] - Waiting for mode change to: AUTO
2025-06-22 02:04:49,054 - SUAS - DEBUG - [SUAS_main.main:736] - Waiting for mode change to: AUTO
2025-06-22 02:04:49,556 - SUAS - DEBUG - [SUAS_main.main:736] - Waiting for mode change to: AUTO
2025-06-22 02:04:50,057 - SUAS - DEBUG - [SUAS_main.main:736] - Waiting for mode change to: AUTO
2025-06-22 02:04:50,559 - SUAS - DEBUG - [SUAS_main.main:736] - Waiting for mode change to: AUTO
2025-06-22 02:04:51,060 - SUAS - DEBUG - [SUAS_main.main:736] - Waiting for mode change to: AUTO
2025-06-22 02:04:51,562 - SUAS - DEBUG - [SUAS_main.main:736] - Waiting for mode change to: AUTO
2025-06-22 02:04:52,063 - SUAS - DEBUG - [SUAS_main.main:736] - Waiting for mode change to: AUTO
2025-06-22 02:04:52,565 - SUAS - DEBUG - [SUAS_main.main:736] - Waiting for mode change to: AUTO
2025-06-22 02:04:53,066 - SUAS - DEBUG - [SUAS_main.main:736] - Waiting for mode change to: AUTO
2025-06-22 02:04:53,568 - SUAS - DEBUG - [SUAS_main.main:736] - Waiting for mode change to: AUTO
2025-06-22 02:04:54,069 - SUAS - DEBUG - [SUAS_main.main:736] - Waiting for mode change to: AUTO
2025-06-22 02:04:54,571 - SUAS - DEBUG - [SUAS_main.main:736] - Waiting for mode change to: AUTO
2025-06-22 02:04:55,072 - SUAS - DEBUG - [SUAS_main.main:736] - Waiting for mode change to: AUTO
2025-06-22 02:04:55,573 - SUAS - DEBUG - [SUAS_main.main:736] - Waiting for mode change to: AUTO
2025-06-22 02:04:56,074 - SUAS - DEBUG - [SUAS_main.main:736] - Waiting for mode change to: AUTO
2025-06-22 02:04:56,576 - SUAS - DEBUG - [SUAS_main.main:736] - Waiting for mode change to: AUTO
2025-06-22 02:04:57,078 - SUAS - DEBUG - [SUAS_main.main:736] - Waiting for mode change to: AUTO
2025-06-22 02:04:57,579 - SUAS - DEBUG - [SUAS_main.main:736] - Waiting for mode change to: AUTO
2025-06-22 02:04:58,081 - SUAS - DEBUG - [SUAS_main.main:736] - Waiting for mode change to: AUTO
2025-06-22 02:04:58,582 - SUAS - DEBUG - [SUAS_main.main:736] - Waiting for mode change to: AUTO
2025-06-22 02:04:59,083 - SUAS - DEBUG - [SUAS_main.main:736] - Waiting for mode change to: AUTO
2025-06-22 02:04:59,585 - SUAS - DEBUG - [SUAS_main.main:736] - Waiting for mode change to: AUTO
2025-06-22 02:05:00,086 - SUAS - DEBUG - [SUAS_main.main:736] - Waiting for mode change to: AUTO
2025-06-22 02:05:00,588 - SUAS - DEBUG - [SUAS_main.main:736] - Waiting for mode change to: AUTO
2025-06-22 02:05:01,089 - SUAS - DEBUG - [SUAS_main.main:736] - Waiting for mode change to: AUTO
2025-06-22 02:05:01,590 - SUAS - DEBUG - [SUAS_main.main:736] - Waiting for mode change to: AUTO
2025-06-22 02:05:02,092 - SUAS - DEBUG - [SUAS_main.main:736] - Waiting for mode change to: AUTO
2025-06-22 02:05:02,593 - SUAS - DEBUG - [SUAS_main.main:736] - Waiting for mode change to: AUTO
2025-06-22 02:05:03,094 - SUAS - DEBUG - [SUAS_main.main:736] - Waiting for mode change to: AUTO
2025-06-22 02:05:03,596 - SUAS - DEBUG - [SUAS_main.main:736] - Waiting for mode change to: AUTO
2025-06-22 02:05:04,098 - SUAS - DEBUG - [SUAS_main.main:736] - Waiting for mode change to: AUTO
2025-06-22 02:05:04,599 - SUAS - DEBUG - [SUAS_main.main:736] - Waiting for mode change to: AUTO
2025-06-22 02:05:05,101 - SUAS - DEBUG - [SUAS_main.main:736] - Waiting for mode change to: AUTO
2025-06-22 02:05:05,602 - SUAS - DEBUG - [SUAS_main.main:736] - Waiting for mode change to: AUTO
2025-06-22 02:05:06,104 - SUAS - DEBUG - [SUAS_main.main:736] - Waiting for mode change to: AUTO
2025-06-22 02:05:06,605 - SUAS - DEBUG - [SUAS_main.main:736] - Waiting for mode change to: AUTO
2025-06-22 02:05:07,106 - SUAS - DEBUG - [SUAS_main.main:736] - Waiting for mode change to: AUTO
2025-06-22 02:05:07,608 - SUAS - DEBUG - [SUAS_main.main:736] - Waiting for mode change to: AUTO
2025-06-22 02:05:08,109 - SUAS - DEBUG - [SUAS_main.main:736] - Waiting for mode change to: AUTO
2025-06-22 02:05:08,610 - SUAS - DEBUG - [SUAS_main.main:736] - Waiting for mode change to: AUTO
2025-06-22 02:05:09,112 - SUAS - DEBUG - [SUAS_main.main:736] - Waiting for mode change to: AUTO
2025-06-22 02:05:09,613 - SUAS - DEBUG - [SUAS_main.main:736] - Waiting for mode change to: AUTO
2025-06-22 02:05:10,115 - SUAS - DEBUG - [SUAS_main.main:736] - Waiting for mode change to: AUTO
2025-06-22 02:05:10,617 - SUAS - DEBUG - [SUAS_main.main:736] - Waiting for mode change to: AUTO
2025-06-22 02:05:11,118 - SUAS - DEBUG - [SUAS_main.main:736] - Waiting for mode change to: AUTO
2025-06-22 02:05:11,620 - SUAS - DEBUG - [SUAS_main.main:736] - Waiting for mode change to: AUTO
2025-06-22 02:05:12,121 - SUAS - DEBUG - [SUAS_main.main:736] - Waiting for mode change to: AUTO
2025-06-22 02:05:12,623 - SUAS - DEBUG - [SUAS_main.main:736] - Waiting for mode change to: AUTO
2025-06-22 02:05:13,124 - SUAS - DEBUG - [SUAS_main.main:736] - Waiting for mode change to: AUTO
2025-06-22 02:05:13,625 - SUAS - DEBUG - [SUAS_main.main:736] - Waiting for mode change to: AUTO
2025-06-22 02:05:14,127 - SUAS - DEBUG - [SUAS_main.main:736] - Waiting for mode change to: AUTO
2025-06-22 02:05:14,628 - SUAS - DEBUG - [SUAS_main.main:736] - Waiting for mode change to: AUTO
2025-06-22 02:05:15,129 - SUAS - DEBUG - [SUAS_main.main:736] - Waiting for mode change to: AUTO
2025-06-22 02:05:15,630 - SUAS - DEBUG - [SUAS_main.main:736] - Waiting for mode change to: AUTO
2025-06-22 02:05:16,132 - SUAS - DEBUG - [SUAS_main.main:736] - Waiting for mode change to: AUTO
2025-06-22 02:05:16,633 - SUAS - DEBUG - [SUAS_main.main:736] - Waiting for mode change to: AUTO
2025-06-22 02:05:17,135 - SUAS - DEBUG - [SUAS_main.main:736] - Waiting for mode change to: AUTO
2025-06-22 02:05:17,636 - SUAS - DEBUG - [SUAS_main.main:736] - Waiting for mode change to: AUTO
2025-06-22 02:05:18,138 - SUAS - DEBUG - [SUAS_main.main:736] - Waiting for mode change to: AUTO
2025-06-22 02:05:18,639 - SUAS - DEBUG - [SUAS_main.main:736] - Waiting for mode change to: AUTO
2025-06-22 02:05:19,141 - SUAS - DEBUG - [SUAS_main.main:736] - Waiting for mode change to: AUTO
2025-06-22 02:05:19,642 - SUAS - DEBUG - [SUAS_main.main:736] - Waiting for mode change to: AUTO
2025-06-22 02:05:20,144 - SUAS - DEBUG - [SUAS_main.main:736] - Waiting for mode change to: AUTO
2025-06-22 02:05:20,645 - SUAS - DEBUG - [SUAS_main.main:736] - Waiting for mode change to: AUTO
2025-06-22 02:05:21,147 - SUAS - DEBUG - [SUAS_main.main:736] - Waiting for mode change to: AUTO
2025-06-22 02:05:21,648 - SUAS - DEBUG - [SUAS_main.main:736] - Waiting for mode change to: AUTO
2025-06-22 02:05:22,149 - SUAS - DEBUG - [SUAS_main.main:736] - Waiting for mode change to: AUTO
2025-06-22 02:05:22,651 - SUAS - DEBUG - [SUAS_main.main:736] - Waiting for mode change to: AUTO
2025-06-22 02:05:23,152 - SUAS - DEBUG - [SUAS_main.main:736] - Waiting for mode change to: AUTO
2025-06-22 02:05:23,653 - SUAS - DEBUG - [SUAS_main.main:736] - Waiting for mode change to: AUTO
2025-06-22 02:05:24,155 - SUAS - DEBUG - [SUAS_main.main:736] - Waiting for mode change to: AUTO
2025-06-22 02:05:24,656 - SUAS - DEBUG - [SUAS_main.main:736] - Waiting for mode change to: AUTO
2025-06-22 02:05:25,158 - SUAS - DEBUG - [SUAS_main.main:736] - Waiting for mode change to: AUTO
2025-06-22 02:05:25,659 - SUAS - DEBUG - [SUAS_main.main:736] - Waiting for mode change to: AUTO
2025-06-22 02:05:26,161 - SUAS - DEBUG - [SUAS_main.main:736] - Waiting for mode change to: AUTO
2025-06-22 02:05:26,663 - SUAS - DEBUG - [SUAS_main.main:736] - Waiting for mode change to: AUTO
2025-06-22 02:05:27,164 - SUAS - DEBUG - [SUAS_main.main:736] - Waiting for mode change to: AUTO
2025-06-22 02:05:27,665 - SUAS - DEBUG - [SUAS_main.main:736] - Waiting for mode change to: AUTO
2025-06-22 02:05:28,167 - SUAS - DEBUG - [SUAS_main.main:736] - Waiting for mode change to: AUTO
2025-06-22 02:05:28,668 - SUAS - DEBUG - [SUAS_main.main:736] - Waiting for mode change to: AUTO
2025-06-22 02:05:29,169 - SUAS - DEBUG - [SUAS_main.main:736] - Waiting for mode change to: AUTO
2025-06-22 02:05:29,670 - SUAS - DEBUG - [SUAS_main.main:736] - Waiting for mode change to: AUTO
2025-06-22 02:05:30,172 - SUAS - DEBUG - [SUAS_main.main:736] - Waiting for mode change to: AUTO
2025-06-22 02:05:30,673 - SUAS - DEBUG - [SUAS_main.main:736] - Waiting for mode change to: AUTO
2025-06-22 02:05:31,174 - SUAS - DEBUG - [SUAS_main.main:736] - Waiting for mode change to: AUTO
2025-06-22 02:05:31,676 - SUAS - DEBUG - [SUAS_main.main:736] - Waiting for mode change to: AUTO
2025-06-22 02:05:32,180 - SUAS - DEBUG - [SUAS_main.main:736] - Waiting for mode change to: AUTO
2025-06-22 02:05:32,682 - SUAS - DEBUG - [SUAS_main.main:736] - Waiting for mode change to: AUTO
2025-06-22 02:05:33,183 - SUAS - DEBUG - [SUAS_main.main:736] - Waiting for mode change to: AUTO
2025-06-22 02:05:33,684 - SUAS - DEBUG - [SUAS_main.main:736] - Waiting for mode change to: AUTO
2025-06-22 02:05:34,186 - SUAS - DEBUG - [SUAS_main.main:736] - Waiting for mode change to: AUTO
2025-06-22 02:05:34,687 - SUAS - DEBUG - [SUAS_main.main:736] - Waiting for mode change to: AUTO
2025-06-22 02:05:35,189 - SUAS - DEBUG - [SUAS_main.main:736] - Waiting for mode change to: AUTO
2025-06-22 02:05:35,690 - SUAS - DEBUG - [SUAS_main.main:736] - Waiting for mode change to: AUTO
2025-06-22 02:05:36,192 - SUAS - DEBUG - [SUAS_main.main:736] - Waiting for mode change to: AUTO
2025-06-22 02:05:36,693 - SUAS - DEBUG - [SUAS_main.main:736] - Waiting for mode change to: AUTO
2025-06-22 02:05:37,195 - SUAS - DEBUG - [SUAS_main.main:736] - Waiting for mode change to: AUTO
2025-06-22 02:05:37,696 - SUAS - DEBUG - [SUAS_main.main:736] - Waiting for mode change to: AUTO
2025-06-22 02:05:38,198 - SUAS - DEBUG - [SUAS_main.main:736] - Waiting for mode change to: AUTO
2025-06-22 02:05:38,699 - SUAS - DEBUG - [SUAS_main.main:736] - Waiting for mode change to: AUTO
2025-06-22 02:05:39,201 - SUAS - DEBUG - [SUAS_main.main:736] - Waiting for mode change to: AUTO
2025-06-22 02:05:39,702 - SUAS - DEBUG - [SUAS_main.main:736] - Waiting for mode change to: AUTO
2025-06-22 02:05:40,204 - SUAS - DEBUG - [SUAS_main.main:736] - Waiting for mode change to: AUTO
2025-06-22 02:05:40,705 - SUAS - DEBUG - [SUAS_main.main:736] - Waiting for mode change to: AUTO
2025-06-22 02:05:41,206 - SUAS - DEBUG - [SUAS_main.main:736] - Waiting for mode change to: AUTO
2025-06-22 02:05:41,708 - SUAS - DEBUG - [SUAS_main.main:736] - Waiting for mode change to: AUTO
2025-06-22 02:05:42,209 - SUAS - DEBUG - [SUAS_main.main:736] - Waiting for mode change to: AUTO
2025-06-22 02:05:42,710 - SUAS - DEBUG - [SUAS_main.main:736] - Waiting for mode change to: AUTO
2025-06-22 02:05:43,212 - SUAS - DEBUG - [SUAS_main.main:736] - Waiting for mode change to: AUTO
2025-06-22 02:05:43,713 - SUAS - DEBUG - [SUAS_main.main:736] - Waiting for mode change to: AUTO
2025-06-22 02:05:44,214 - SUAS - DEBUG - [SUAS_main.main:736] - Waiting for mode change to: AUTO
2025-06-22 02:05:44,716 - SUAS - DEBUG - [SUAS_main.main:736] - Waiting for mode change to: AUTO
2025-06-22 02:05:45,218 - SUAS - DEBUG - [SUAS_main.main:736] - Waiting for mode change to: AUTO
2025-06-22 02:05:45,719 - SUAS - DEBUG - [SUAS_main.main:736] - Waiting for mode change to: AUTO
2025-06-22 02:05:46,221 - SUAS - DEBUG - [SUAS_main.main:736] - Waiting for mode change to: AUTO
2025-06-22 02:05:46,722 - SUAS - DEBUG - [SUAS_main.main:736] - Waiting for mode change to: AUTO
2025-06-22 02:05:47,224 - SUAS - DEBUG - [SUAS_main.main:736] - Waiting for mode change to: AUTO
2025-06-22 02:05:47,725 - SUAS - DEBUG - [SUAS_main.main:736] - Waiting for mode change to: AUTO
2025-06-22 02:05:48,226 - SUAS - DEBUG - [SUAS_main.main:736] - Waiting for mode change to: AUTO
2025-06-22 02:05:48,728 - SUAS - DEBUG - [SUAS_main.main:736] - Waiting for mode change to: AUTO
2025-06-22 02:05:49,229 - SUAS - DEBUG - [SUAS_main.main:736] - Waiting for mode change to: AUTO
2025-06-22 02:05:49,731 - SUAS - DEBUG - [SUAS_main.main:736] - Waiting for mode change to: AUTO
2025-06-22 02:05:50,232 - SUAS - DEBUG - [SUAS_main.main:736] - Waiting for mode change to: AUTO
2025-06-22 02:05:50,733 - SUAS - DEBUG - [SUAS_main.main:736] - Waiting for mode change to: AUTO
2025-06-22 02:05:51,235 - SUAS - DEBUG - [SUAS_main.main:736] - Waiting for mode change to: AUTO
2025-06-22 02:05:51,736 - SUAS - DEBUG - [SUAS_main.main:736] - Waiting for mode change to: AUTO
2025-06-22 02:05:52,238 - SUAS - DEBUG - [SUAS_main.main:736] - Waiting for mode change to: AUTO
2025-06-22 02:05:52,740 - SUAS - DEBUG - [SUAS_main.main:736] - Waiting for mode change to: AUTO
2025-06-22 02:05:53,241 - SUAS - DEBUG - [SUAS_main.main:736] - Waiting for mode change to: AUTO
2025-06-22 02:05:53,743 - SUAS - DEBUG - [SUAS_main.main:736] - Waiting for mode change to: AUTO
2025-06-22 02:05:54,244 - SUAS - DEBUG - [SUAS_main.main:736] - Waiting for mode change to: AUTO
2025-06-22 02:05:54,745 - SUAS - DEBUG - [SUAS_main.main:736] - Waiting for mode change to: AUTO
2025-06-22 02:05:55,247 - SUAS - DEBUG - [SUAS_main.main:736] - Waiting for mode change to: AUTO
2025-06-22 02:05:55,748 - SUAS - DEBUG - [SUAS_main.main:736] - Waiting for mode change to: AUTO
2025-06-22 02:05:56,249 - SUAS - DEBUG - [SUAS_main.main:736] - Waiting for mode change to: AUTO
2025-06-22 02:05:56,751 - SUAS - DEBUG - [SUAS_main.main:736] - Waiting for mode change to: AUTO
2025-06-22 02:05:57,252 - SUAS - DEBUG - [SUAS_main.main:736] - Waiting for mode change to: AUTO
2025-06-22 02:05:57,753 - SUAS - DEBUG - [SUAS_main.main:736] - Waiting for mode change to: AUTO
2025-06-22 02:05:58,255 - SUAS - DEBUG - [SUAS_main.main:736] - Waiting for mode change to: AUTO
2025-06-22 02:05:58,757 - SUAS - DEBUG - [SUAS_main.main:736] - Waiting for mode change to: AUTO
2025-06-22 02:05:59,258 - SUAS - DEBUG - [SUAS_main.main:736] - Waiting for mode change to: AUTO
2025-06-22 02:05:59,760 - SUAS - DEBUG - [SUAS_main.main:736] - Waiting for mode change to: AUTO
2025-06-22 02:06:00,261 - SUAS - DEBUG - [SUAS_main.main:736] - Waiting for mode change to: AUTO
2025-06-22 02:06:00,763 - SUAS - DEBUG - [SUAS_main.main:736] - Waiting for mode change to: AUTO
2025-06-22 02:06:01,264 - SUAS - DEBUG - [SUAS_main.main:736] - Waiting for mode change to: AUTO
2025-06-22 02:06:01,765 - SUAS - DEBUG - [SUAS_main.main:736] - Waiting for mode change to: AUTO
2025-06-22 02:06:02,267 - SUAS - DEBUG - [SUAS_main.main:736] - Waiting for mode change to: AUTO
2025-06-22 02:06:02,768 - SUAS - DEBUG - [SUAS_main.main:736] - Waiting for mode change to: AUTO
2025-06-22 02:06:03,269 - SUAS - DEBUG - [SUAS_main.main:736] - Waiting for mode change to: AUTO
2025-06-22 02:06:03,771 - SUAS - DEBUG - [SUAS_main.main:736] - Waiting for mode change to: AUTO
2025-06-22 02:06:04,272 - SUAS - DEBUG - [SUAS_main.main:736] - Waiting for mode change to: AUTO
2025-06-22 02:06:04,774 - SUAS - DEBUG - [SUAS_main.main:736] - Waiting for mode change to: AUTO
2025-06-22 02:06:05,275 - SUAS - DEBUG - [SUAS_main.main:736] - Waiting for mode change to: AUTO
2025-06-22 02:06:05,777 - SUAS - DEBUG - [SUAS_main.main:736] - Waiting for mode change to: AUTO
2025-06-22 02:06:06,278 - SUAS - DEBUG - [SUAS_main.main:736] - Waiting for mode change to: AUTO
2025-06-22 02:06:06,780 - SUAS - DEBUG - [SUAS_main.main:736] - Waiting for mode change to: AUTO
2025-06-22 02:06:07,281 - SUAS - DEBUG - [SUAS_main.main:736] - Waiting for mode change to: AUTO
2025-06-22 02:06:07,783 - SUAS - DEBUG - [SUAS_main.main:736] - Waiting for mode change to: AUTO
2025-06-22 02:06:08,284 - SUAS - DEBUG - [SUAS_main.main:736] - Waiting for mode change to: AUTO
2025-06-22 02:06:08,785 - SUAS - DEBUG - [SUAS_main.main:736] - Waiting for mode change to: AUTO
2025-06-22 02:06:09,287 - SUAS - DEBUG - [SUAS_main.main:736] - Waiting for mode change to: AUTO
2025-06-22 02:06:09,788 - SUAS - DEBUG - [SUAS_main.main:736] - Waiting for mode change to: AUTO
2025-06-22 02:06:10,289 - SUAS - DEBUG - [SUAS_main.main:736] - Waiting for mode change to: AUTO
2025-06-22 02:06:10,791 - SUAS - DEBUG - [SUAS_main.main:736] - Waiting for mode change to: AUTO
2025-06-22 02:06:11,292 - SUAS - DEBUG - [SUAS_main.main:736] - Waiting for mode change to: AUTO
2025-06-22 02:06:11,794 - SUAS - DEBUG - [SUAS_main.main:736] - Waiting for mode change to: AUTO
2025-06-22 02:06:12,295 - SUAS - DEBUG - [SUAS_main.main:736] - Waiting for mode change to: AUTO
2025-06-22 02:06:12,797 - SUAS - DEBUG - [SUAS_main.main:736] - Waiting for mode change to: AUTO
2025-06-22 02:06:13,298 - SUAS - DEBUG - [SUAS_main.main:736] - Waiting for mode change to: AUTO
2025-06-22 02:06:13,800 - SUAS - DEBUG - [SUAS_main.main:736] - Waiting for mode change to: AUTO
2025-06-22 02:06:14,302 - SUAS - DEBUG - [SUAS_main.main:736] - Waiting for mode change to: AUTO
2025-06-22 02:06:14,803 - SUAS - DEBUG - [SUAS_main.main:736] - Waiting for mode change to: AUTO
2025-06-22 02:06:15,305 - SUAS - DEBUG - [SUAS_main.main:736] - Waiting for mode change to: AUTO
2025-06-22 02:06:15,806 - SUAS - DEBUG - [SUAS_main.main:736] - Waiting for mode change to: AUTO
2025-06-22 02:06:16,308 - SUAS - DEBUG - [SUAS_main.main:736] - Waiting for mode change to: AUTO
2025-06-22 02:06:16,809 - SUAS - DEBUG - [SUAS_main.main:736] - Waiting for mode change to: AUTO
2025-06-22 02:06:17,311 - SUAS - DEBUG - [SUAS_main.main:736] - Waiting for mode change to: AUTO
2025-06-22 02:06:17,812 - SUAS - DEBUG - [SUAS_main.main:736] - Waiting for mode change to: AUTO
2025-06-22 02:06:18,313 - SUAS - DEBUG - [SUAS_main.main:736] - Waiting for mode change to: AUTO
2025-06-22 02:06:18,815 - SUAS - DEBUG - [SUAS_main.main:736] - Waiting for mode change to: AUTO
2025-06-22 02:06:19,317 - SUAS - DEBUG - [SUAS_main.main:736] - Waiting for mode change to: AUTO
2025-06-22 02:06:19,818 - SUAS - DEBUG - [SUAS_main.main:736] - Waiting for mode change to: AUTO
2025-06-22 02:06:20,320 - SUAS - DEBUG - [SUAS_main.main:736] - Waiting for mode change to: AUTO
2025-06-22 02:06:20,821 - SUAS - DEBUG - [SUAS_main.main:736] - Waiting for mode change to: AUTO
2025-06-22 02:06:21,323 - SUAS - DEBUG - [SUAS_main.main:736] - Waiting for mode change to: AUTO
2025-06-22 02:06:21,824 - SUAS - DEBUG - [SUAS_main.main:736] - Waiting for mode change to: AUTO
2025-06-22 02:06:22,325 - SUAS - DEBUG - [SUAS_main.main:736] - Waiting for mode change to: AUTO
2025-06-22 02:06:22,827 - SUAS - DEBUG - [SUAS_main.main:736] - Waiting for mode change to: AUTO
2025-06-22 02:06:23,328 - SUAS - DEBUG - [SUAS_main.main:736] - Waiting for mode change to: AUTO
2025-06-22 02:06:23,829 - SUAS - DEBUG - [SUAS_main.main:736] - Waiting for mode change to: AUTO
2025-06-22 02:06:24,331 - SUAS - DEBUG - [SUAS_main.main:736] - Waiting for mode change to: AUTO
2025-06-22 02:06:24,832 - SUAS - DEBUG - [SUAS_main.main:736] - Waiting for mode change to: AUTO
2025-06-22 02:06:25,334 - SUAS - DEBUG - [SUAS_main.main:736] - Waiting for mode change to: AUTO
2025-06-22 02:06:25,835 - SUAS - DEBUG - [SUAS_main.main:736] - Waiting for mode change to: AUTO
2025-06-22 02:06:26,337 - SUAS - DEBUG - [SUAS_main.main:736] - Waiting for mode change to: AUTO
2025-06-22 02:06:26,838 - SUAS - DEBUG - [SUAS_main.main:736] - Waiting for mode change to: AUTO
2025-06-22 02:06:27,340 - SUAS - DEBUG - [SUAS_main.main:736] - Waiting for mode change to: AUTO
2025-06-22 02:06:27,841 - SUAS - DEBUG - [SUAS_main.main:736] - Waiting for mode change to: AUTO
2025-06-22 02:06:28,342 - SUAS - DEBUG - [SUAS_main.main:736] - Waiting for mode change to: AUTO
2025-06-22 02:06:28,844 - SUAS - DEBUG - [SUAS_main.main:736] - Waiting for mode change to: AUTO
2025-06-22 02:06:29,345 - SUAS - DEBUG - [SUAS_main.main:736] - Waiting for mode change to: AUTO
2025-06-22 02:06:29,847 - SUAS - DEBUG - [SUAS_main.main:736] - Waiting for mode change to: AUTO
2025-06-22 02:06:30,348 - SUAS - DEBUG - [SUAS_main.main:736] - Waiting for mode change to: AUTO
2025-06-22 02:06:30,849 - SUAS - DEBUG - [SUAS_main.main:736] - Waiting for mode change to: AUTO
2025-06-22 02:06:31,350 - SUAS - DEBUG - [SUAS_main.main:736] - Waiting for mode change to: AUTO
2025-06-22 02:06:31,852 - SUAS - DEBUG - [SUAS_main.main:736] - Waiting for mode change to: AUTO
2025-06-22 02:06:32,354 - SUAS - DEBUG - [SUAS_main.main:736] - Waiting for mode change to: AUTO
2025-06-22 02:06:32,855 - SUAS - DEBUG - [SUAS_main.main:736] - Waiting for mode change to: AUTO
2025-06-22 02:06:33,357 - SUAS - DEBUG - [SUAS_main.main:736] - Waiting for mode change to: AUTO
2025-06-22 02:06:33,858 - SUAS - DEBUG - [SUAS_main.main:736] - Waiting for mode change to: AUTO
2025-06-22 02:06:34,360 - SUAS - DEBUG - [SUAS_main.main:736] - Waiting for mode change to: AUTO
2025-06-22 02:06:34,861 - SUAS - DEBUG - [SUAS_main.main:736] - Waiting for mode change to: AUTO
2025-06-22 02:06:35,363 - SUAS - DEBUG - [SUAS_main.main:736] - Waiting for mode change to: AUTO
2025-06-22 02:06:35,864 - SUAS - DEBUG - [SUAS_main.main:736] - Waiting for mode change to: AUTO
2025-06-22 02:06:36,365 - SUAS - DEBUG - [SUAS_main.main:736] - Waiting for mode change to: AUTO
2025-06-22 02:06:36,867 - SUAS - DEBUG - [SUAS_main.main:736] - Waiting for mode change to: AUTO
2025-06-22 02:06:37,368 - SUAS - DEBUG - [SUAS_main.main:736] - Waiting for mode change to: AUTO
2025-06-22 02:06:37,869 - SUAS - DEBUG - [SUAS_main.main:736] - Waiting for mode change to: AUTO
2025-06-22 02:06:38,371 - SUAS - DEBUG - [SUAS_main.main:736] - Waiting for mode change to: AUTO
2025-06-22 02:06:38,872 - SUAS - DEBUG - [SUAS_main.main:736] - Waiting for mode change to: AUTO
2025-06-22 02:06:39,374 - SUAS - DEBUG - [SUAS_main.main:736] - Waiting for mode change to: AUTO
2025-06-22 02:06:39,875 - SUAS - DEBUG - [SUAS_main.main:736] - Waiting for mode change to: AUTO
2025-06-22 02:06:40,377 - SUAS - DEBUG - [SUAS_main.main:736] - Waiting for mode change to: AUTO
2025-06-22 02:06:40,878 - SUAS - DEBUG - [SUAS_main.main:736] - Waiting for mode change to: AUTO
2025-06-22 02:06:41,380 - SUAS - DEBUG - [SUAS_main.main:736] - Waiting for mode change to: AUTO
2025-06-22 02:06:41,881 - SUAS - DEBUG - [SUAS_main.main:736] - Waiting for mode change to: AUTO
2025-06-22 02:06:42,382 - SUAS - DEBUG - [SUAS_main.main:736] - Waiting for mode change to: AUTO
2025-06-22 02:06:42,884 - SUAS - DEBUG - [SUAS_main.main:736] - Waiting for mode change to: AUTO
2025-06-22 02:06:43,385 - SUAS - DEBUG - [SUAS_main.main:736] - Waiting for mode change to: AUTO
2025-06-22 02:06:43,887 - SUAS - DEBUG - [SUAS_main.main:736] - Waiting for mode change to: AUTO
2025-06-22 02:06:44,388 - SUAS - DEBUG - [SUAS_main.main:736] - Waiting for mode change to: AUTO
2025-06-22 02:06:44,889 - SUAS - DEBUG - [SUAS_main.main:736] - Waiting for mode change to: AUTO
2025-06-22 02:06:45,391 - SUAS - DEBUG - [SUAS_main.main:736] - Waiting for mode change to: AUTO
2025-06-22 02:06:45,892 - SUAS - DEBUG - [SUAS_main.main:736] - Waiting for mode change to: AUTO
2025-06-22 02:06:46,394 - SUAS - DEBUG - [SUAS_main.main:736] - Waiting for mode change to: AUTO
2025-06-22 02:06:46,896 - SUAS - DEBUG - [SUAS_main.main:736] - Waiting for mode change to: AUTO
2025-06-22 02:06:47,398 - SUAS - DEBUG - [SUAS_main.main:736] - Waiting for mode change to: AUTO
2025-06-22 02:06:47,899 - SUAS - DEBUG - [SUAS_main.main:736] - Waiting for mode change to: AUTO
2025-06-22 02:06:48,401 - SUAS - DEBUG - [SUAS_main.main:736] - Waiting for mode change to: AUTO
2025-06-22 02:06:48,902 - SUAS - DEBUG - [SUAS_main.main:736] - Waiting for mode change to: AUTO
2025-06-22 02:06:49,404 - SUAS - DEBUG - [SUAS_main.main:736] - Waiting for mode change to: AUTO
2025-06-22 02:06:49,905 - SUAS - DEBUG - [SUAS_main.main:736] - Waiting for mode change to: AUTO
2025-06-22 02:06:50,407 - SUAS - DEBUG - [SUAS_main.main:736] - Waiting for mode change to: AUTO
2025-06-22 02:06:50,908 - SUAS - DEBUG - [SUAS_main.main:736] - Waiting for mode change to: AUTO
2025-06-22 02:06:51,409 - SUAS - DEBUG - [SUAS_main.main:736] - Waiting for mode change to: AUTO
2025-06-22 02:06:51,911 - SUAS - DEBUG - [SUAS_main.main:736] - Waiting for mode change to: AUTO
2025-06-22 02:06:52,412 - SUAS - DEBUG - [SUAS_main.main:736] - Waiting for mode change to: AUTO
2025-06-22 02:06:52,914 - SUAS - DEBUG - [SUAS_main.main:736] - Waiting for mode change to: AUTO
2025-06-22 02:06:53,415 - SUAS - DEBUG - [SUAS_main.main:736] - Waiting for mode change to: AUTO
2025-06-22 02:06:53,917 - SUAS - DEBUG - [SUAS_main.main:736] - Waiting for mode change to: AUTO
2025-06-22 02:06:54,418 - SUAS - DEBUG - [SUAS_main.main:736] - Waiting for mode change to: AUTO
2025-06-22 02:06:54,920 - SUAS - DEBUG - [SUAS_main.main:736] - Waiting for mode change to: AUTO
2025-06-22 02:06:55,421 - SUAS - DEBUG - [SUAS_main.main:736] - Waiting for mode change to: AUTO
2025-06-22 02:06:55,922 - SUAS - DEBUG - [SUAS_main.main:736] - Waiting for mode change to: AUTO
2025-06-22 02:06:56,424 - SUAS - DEBUG - [SUAS_main.main:736] - Waiting for mode change to: AUTO
2025-06-22 02:06:56,925 - SUAS - DEBUG - [SUAS_main.main:736] - Waiting for mode change to: AUTO
2025-06-22 02:06:57,427 - SUAS - DEBUG - [SUAS_main.main:736] - Waiting for mode change to: AUTO
2025-06-22 02:06:57,928 - SUAS - DEBUG - [SUAS_main.main:736] - Waiting for mode change to: AUTO
2025-06-22 02:06:58,430 - SUAS - DEBUG - [SUAS_main.main:736] - Waiting for mode change to: AUTO
2025-06-22 02:06:58,931 - SUAS - DEBUG - [SUAS_main.main:736] - Waiting for mode change to: AUTO
2025-06-22 02:06:59,433 - SUAS - DEBUG - [SUAS_main.main:736] - Waiting for mode change to: AUTO
2025-06-22 02:06:59,934 - SUAS - DEBUG - [SUAS_main.main:736] - Waiting for mode change to: AUTO
2025-06-22 02:07:00,436 - SUAS - DEBUG - [SUAS_main.main:736] - Waiting for mode change to: AUTO
2025-06-22 02:07:00,937 - SUAS - DEBUG - [SUAS_main.main:736] - Waiting for mode change to: AUTO
2025-06-22 02:07:01,439 - SUAS - DEBUG - [SUAS_main.main:736] - Waiting for mode change to: AUTO
2025-06-22 02:07:01,940 - SUAS - DEBUG - [SUAS_main.main:736] - Waiting for mode change to: AUTO
2025-06-22 02:07:02,441 - SUAS - DEBUG - [SUAS_main.main:736] - Waiting for mode change to: AUTO
2025-06-22 02:07:02,943 - SUAS - DEBUG - [SUAS_main.main:736] - Waiting for mode change to: AUTO
2025-06-22 02:07:03,444 - SUAS - DEBUG - [SUAS_main.main:736] - Waiting for mode change to: AUTO
2025-06-22 02:07:03,946 - SUAS - DEBUG - [SUAS_main.main:736] - Waiting for mode change to: AUTO
2025-06-22 02:07:04,447 - SUAS - DEBUG - [SUAS_main.main:736] - Waiting for mode change to: AUTO
2025-06-22 02:07:04,949 - SUAS - DEBUG - [SUAS_main.main:736] - Waiting for mode change to: AUTO
2025-06-22 02:07:05,450 - SUAS - DEBUG - [SUAS_main.main:736] - Waiting for mode change to: AUTO
2025-06-22 02:07:05,952 - SUAS - DEBUG - [SUAS_main.main:736] - Waiting for mode change to: AUTO
2025-06-22 02:07:06,453 - SUAS - DEBUG - [SUAS_main.main:736] - Waiting for mode change to: AUTO
2025-06-22 02:07:06,955 - SUAS - DEBUG - [SUAS_main.main:736] - Waiting for mode change to: AUTO
2025-06-22 02:07:07,456 - SUAS - DEBUG - [SUAS_main.main:736] - Waiting for mode change to: AUTO
2025-06-22 02:07:07,958 - SUAS - DEBUG - [SUAS_main.main:736] - Waiting for mode change to: AUTO
2025-06-22 02:07:08,460 - SUAS - DEBUG - [SUAS_main.main:736] - Waiting for mode change to: AUTO
2025-06-22 02:07:08,961 - SUAS - DEBUG - [SUAS_main.main:736] - Waiting for mode change to: AUTO
2025-06-22 02:07:09,463 - SUAS - DEBUG - [SUAS_main.main:736] - Waiting for mode change to: AUTO
2025-06-22 02:07:09,964 - SUAS - DEBUG - [SUAS_main.main:736] - Waiting for mode change to: AUTO
2025-06-22 02:07:10,465 - SUAS - DEBUG - [SUAS_main.main:736] - Waiting for mode change to: AUTO
2025-06-22 02:07:10,967 - SUAS - DEBUG - [SUAS_main.main:736] - Waiting for mode change to: AUTO
2025-06-22 02:07:11,468 - SUAS - DEBUG - [SUAS_main.main:736] - Waiting for mode change to: AUTO
2025-06-22 02:07:11,970 - SUAS - DEBUG - [SUAS_main.main:736] - Waiting for mode change to: AUTO
2025-06-22 02:07:12,471 - SUAS - DEBUG - [SUAS_main.main:736] - Waiting for mode change to: AUTO
2025-06-22 02:07:12,973 - SUAS - DEBUG - [SUAS_main.main:736] - Waiting for mode change to: AUTO
2025-06-22 02:07:13,475 - SUAS - DEBUG - [SUAS_main.main:736] - Waiting for mode change to: AUTO
2025-06-22 02:07:13,976 - SUAS - DEBUG - [SUAS_main.main:736] - Waiting for mode change to: AUTO
2025-06-22 02:07:14,478 - SUAS - DEBUG - [SUAS_main.main:736] - Waiting for mode change to: AUTO
2025-06-22 02:07:14,979 - SUAS - DEBUG - [SUAS_main.main:736] - Waiting for mode change to: AUTO
2025-06-22 02:07:15,481 - SUAS - DEBUG - [SUAS_main.main:736] - Waiting for mode change to: AUTO
2025-06-22 02:07:15,982 - SUAS - DEBUG - [SUAS_main.main:736] - Waiting for mode change to: AUTO
2025-06-22 02:07:16,484 - SUAS - DEBUG - [SUAS_main.main:736] - Waiting for mode change to: AUTO
2025-06-22 02:07:16,985 - SUAS - DEBUG - [SUAS_main.main:736] - Waiting for mode change to: AUTO
2025-06-22 02:07:17,486 - SUAS - DEBUG - [SUAS_main.main:736] - Waiting for mode change to: AUTO
2025-06-22 02:07:17,988 - SUAS - DEBUG - [SUAS_main.main:736] - Waiting for mode change to: AUTO
2025-06-22 02:07:18,489 - SUAS - DEBUG - [SUAS_main.main:736] - Waiting for mode change to: AUTO
2025-06-22 02:07:18,991 - SUAS - DEBUG - [SUAS_main.main:736] - Waiting for mode change to: AUTO
2025-06-22 02:07:19,493 - SUAS - DEBUG - [SUAS_main.main:736] - Waiting for mode change to: AUTO
2025-06-22 02:07:19,995 - SUAS - DEBUG - [SUAS_main.main:736] - Waiting for mode change to: AUTO
2025-06-22 02:07:20,496 - SUAS - DEBUG - [SUAS_main.main:736] - Waiting for mode change to: AUTO
2025-06-22 02:07:20,998 - SUAS - DEBUG - [SUAS_main.main:736] - Waiting for mode change to: AUTO
2025-06-22 02:07:21,499 - SUAS - DEBUG - [SUAS_main.main:736] - Waiting for mode change to: AUTO
2025-06-22 02:07:22,001 - SUAS - DEBUG - [SUAS_main.main:736] - Waiting for mode change to: AUTO
2025-06-22 02:07:22,502 - SUAS - DEBUG - [SUAS_main.main:736] - Waiting for mode change to: AUTO
2025-06-22 02:07:23,004 - SUAS - DEBUG - [SUAS_main.main:736] - Waiting for mode change to: AUTO
2025-06-22 02:07:23,505 - SUAS - DEBUG - [SUAS_main.main:736] - Waiting for mode change to: AUTO
2025-06-22 02:07:24,006 - SUAS - DEBUG - [SUAS_main.main:736] - Waiting for mode change to: AUTO
2025-06-22 02:07:24,508 - SUAS - DEBUG - [SUAS_main.main:736] - Waiting for mode change to: AUTO
2025-06-22 02:07:25,009 - SUAS - DEBUG - [SUAS_main.main:736] - Waiting for mode change to: AUTO
2025-06-22 02:07:25,511 - SUAS - DEBUG - [SUAS_main.main:736] - Waiting for mode change to: AUTO
2025-06-22 02:07:26,012 - SUAS - DEBUG - [SUAS_main.main:736] - Waiting for mode change to: AUTO
2025-06-22 02:07:26,514 - SUAS - DEBUG - [SUAS_main.main:736] - Waiting for mode change to: AUTO
2025-06-22 02:07:27,016 - SUAS - DEBUG - [SUAS_main.main:736] - Waiting for mode change to: AUTO
2025-06-22 02:07:27,517 - SUAS - DEBUG - [SUAS_main.main:736] - Waiting for mode change to: AUTO
2025-06-22 02:07:28,018 - SUAS - DEBUG - [SUAS_main.main:736] - Waiting for mode change to: AUTO
2025-06-22 02:07:28,520 - SUAS - DEBUG - [SUAS_main.main:736] - Waiting for mode change to: AUTO
2025-06-22 02:07:29,021 - SUAS - DEBUG - [SUAS_main.main:736] - Waiting for mode change to: AUTO
2025-06-22 02:07:29,523 - SUAS - DEBUG - [SUAS_main.main:736] - Waiting for mode change to: AUTO
2025-06-22 02:07:30,024 - SUAS - DEBUG - [SUAS_main.main:736] - Waiting for mode change to: AUTO
2025-06-22 02:07:30,525 - SUAS - DEBUG - [SUAS_main.main:736] - Waiting for mode change to: AUTO
2025-06-22 02:07:31,027 - SUAS - DEBUG - [SUAS_main.main:736] - Waiting for mode change to: AUTO
2025-06-22 02:07:31,528 - SUAS - DEBUG - [SUAS_main.main:736] - Waiting for mode change to: AUTO
2025-06-22 02:07:32,029 - SUAS - DEBUG - [SUAS_main.main:736] - Waiting for mode change to: AUTO
2025-06-22 02:07:32,531 - SUAS - DEBUG - [SUAS_main.main:736] - Waiting for mode change to: AUTO
2025-06-22 02:07:33,032 - SUAS - DEBUG - [SUAS_main.main:736] - Waiting for mode change to: AUTO
2025-06-22 02:07:33,534 - SUAS - DEBUG - [SUAS_main.main:736] - Waiting for mode change to: AUTO
2025-06-22 02:07:34,036 - SUAS - DEBUG - [SUAS_main.main:736] - Waiting for mode change to: AUTO
2025-06-22 02:07:34,537 - SUAS - DEBUG - [SUAS_main.main:736] - Waiting for mode change to: AUTO
2025-06-22 02:07:35,038 - SUAS - DEBUG - [SUAS_main.main:736] - Waiting for mode change to: AUTO
2025-06-22 02:07:35,540 - SUAS - DEBUG - [SUAS_main.main:736] - Waiting for mode change to: AUTO
2025-06-22 02:07:36,041 - SUAS - DEBUG - [SUAS_main.main:736] - Waiting for mode change to: AUTO
2025-06-22 02:07:36,542 - SUAS - DEBUG - [SUAS_main.main:736] - Waiting for mode change to: AUTO
2025-06-22 02:07:37,044 - SUAS - DEBUG - [SUAS_main.main:736] - Waiting for mode change to: AUTO
2025-06-22 02:07:37,546 - SUAS - DEBUG - [SUAS_main.main:736] - Waiting for mode change to: AUTO
2025-06-22 02:07:38,047 - SUAS - DEBUG - [SUAS_main.main:736] - Waiting for mode change to: AUTO
2025-06-22 02:07:38,549 - SUAS - DEBUG - [SUAS_main.main:736] - Waiting for mode change to: AUTO
2025-06-22 02:07:39,050 - SUAS - DEBUG - [SUAS_main.main:736] - Waiting for mode change to: AUTO
2025-06-22 02:07:39,552 - SUAS - DEBUG - [SUAS_main.main:736] - Waiting for mode change to: AUTO
2025-06-22 02:07:40,054 - SUAS - DEBUG - [SUAS_main.main:736] - Waiting for mode change to: AUTO
2025-06-22 02:07:40,555 - SUAS - DEBUG - [SUAS_main.main:736] - Waiting for mode change to: AUTO
2025-06-22 02:07:41,057 - SUAS - DEBUG - [SUAS_main.main:736] - Waiting for mode change to: AUTO
2025-06-22 02:07:41,558 - SUAS - DEBUG - [SUAS_main.main:736] - Waiting for mode change to: AUTO
2025-06-22 02:07:42,060 - SUAS - DEBUG - [SUAS_main.main:736] - Waiting for mode change to: AUTO
2025-06-22 02:07:42,561 - SUAS - DEBUG - [SUAS_main.main:736] - Waiting for mode change to: AUTO
2025-06-22 02:07:43,063 - SUAS - DEBUG - [SUAS_main.main:736] - Waiting for mode change to: AUTO
2025-06-22 02:07:43,564 - SUAS - DEBUG - [SUAS_main.main:736] - Waiting for mode change to: AUTO
2025-06-22 02:07:44,065 - SUAS - DEBUG - [SUAS_main.main:736] - Waiting for mode change to: AUTO
2025-06-22 02:07:44,567 - SUAS - DEBUG - [SUAS_main.main:736] - Waiting for mode change to: AUTO
2025-06-22 02:07:45,068 - SUAS - DEBUG - [SUAS_main.main:736] - Waiting for mode change to: AUTO
2025-06-22 02:07:45,569 - SUAS - DEBUG - [SUAS_main.main:736] - Waiting for mode change to: AUTO
2025-06-22 02:07:46,071 - SUAS - DEBUG - [SUAS_main.main:736] - Waiting for mode change to: AUTO
2025-06-22 02:07:46,572 - SUAS - DEBUG - [SUAS_main.main:736] - Waiting for mode change to: AUTO
2025-06-22 02:07:47,074 - SUAS - DEBUG - [SUAS_main.main:736] - Waiting for mode change to: AUTO
2025-06-22 02:07:47,576 - SUAS - DEBUG - [SUAS_main.main:736] - Waiting for mode change to: AUTO
2025-06-22 02:07:48,077 - SUAS - DEBUG - [SUAS_main.main:736] - Waiting for mode change to: AUTO
2025-06-22 02:07:48,579 - SUAS - DEBUG - [SUAS_main.main:736] - Waiting for mode change to: AUTO
2025-06-22 02:07:49,080 - SUAS - DEBUG - [SUAS_main.main:736] - Waiting for mode change to: AUTO
2025-06-22 02:07:49,581 - SUAS - DEBUG - [SUAS_main.main:736] - Waiting for mode change to: AUTO
2025-06-22 02:07:50,083 - SUAS - DEBUG - [SUAS_main.main:736] - Waiting for mode change to: AUTO
2025-06-22 02:07:50,584 - SUAS - DEBUG - [SUAS_main.main:736] - Waiting for mode change to: AUTO
2025-06-22 02:07:51,085 - SUAS - DEBUG - [SUAS_main.main:736] - Waiting for mode change to: AUTO
2025-06-22 02:07:51,587 - SUAS - DEBUG - [SUAS_main.main:736] - Waiting for mode change to: AUTO
2025-06-22 02:07:52,088 - SUAS - DEBUG - [SUAS_main.main:736] - Waiting for mode change to: AUTO
2025-06-22 02:07:52,589 - SUAS - DEBUG - [SUAS_main.main:736] - Waiting for mode change to: AUTO
2025-06-22 02:07:53,091 - SUAS - DEBUG - [SUAS_main.main:736] - Waiting for mode change to: AUTO
2025-06-22 02:07:53,592 - SUAS - DEBUG - [SUAS_main.main:736] - Waiting for mode change to: AUTO
2025-06-22 02:07:54,094 - SUAS - DEBUG - [SUAS_main.main:736] - Waiting for mode change to: AUTO
2025-06-22 02:07:54,595 - SUAS - DEBUG - [SUAS_main.main:736] - Waiting for mode change to: AUTO
2025-06-22 02:07:55,097 - SUAS - DEBUG - [SUAS_main.main:736] - Waiting for mode change to: AUTO
2025-06-22 02:07:55,598 - SUAS - DEBUG - [SUAS_main.main:736] - Waiting for mode change to: AUTO
2025-06-22 02:07:56,100 - SUAS - DEBUG - [SUAS_main.main:736] - Waiting for mode change to: AUTO
2025-06-22 02:07:56,601 - SUAS - DEBUG - [SUAS_main.main:736] - Waiting for mode change to: AUTO
2025-06-22 02:07:57,103 - SUAS - DEBUG - [SUAS_main.main:736] - Waiting for mode change to: AUTO
2025-06-22 02:07:57,604 - SUAS - DEBUG - [SUAS_main.main:736] - Waiting for mode change to: AUTO
2025-06-22 02:07:58,106 - SUAS - DEBUG - [SUAS_main.main:736] - Waiting for mode change to: AUTO
2025-06-22 02:07:58,607 - SUAS - DEBUG - [SUAS_main.main:736] - Waiting for mode change to: AUTO
2025-06-22 02:07:59,109 - SUAS - DEBUG - [SUAS_main.main:736] - Waiting for mode change to: AUTO
2025-06-22 02:07:59,610 - SUAS - DEBUG - [SUAS_main.main:736] - Waiting for mode change to: AUTO
2025-06-22 02:08:00,112 - SUAS - DEBUG - [SUAS_main.main:736] - Waiting for mode change to: AUTO
2025-06-22 02:08:00,614 - SUAS - DEBUG - [SUAS_main.main:736] - Waiting for mode change to: AUTO
2025-06-22 02:08:01,115 - SUAS - DEBUG - [SUAS_main.main:736] - Waiting for mode change to: AUTO
2025-06-22 02:08:01,617 - SUAS - DEBUG - [SUAS_main.main:736] - Waiting for mode change to: AUTO
2025-06-22 02:08:02,118 - SUAS - DEBUG - [SUAS_main.main:736] - Waiting for mode change to: AUTO
2025-06-22 02:08:02,620 - SUAS - DEBUG - [SUAS_main.main:736] - Waiting for mode change to: AUTO
2025-06-22 02:08:03,121 - SUAS - DEBUG - [SUAS_main.main:736] - Waiting for mode change to: AUTO
2025-06-22 02:08:03,622 - SUAS - DEBUG - [SUAS_main.main:736] - Waiting for mode change to: AUTO
2025-06-22 02:08:04,124 - SUAS - DEBUG - [SUAS_main.main:736] - Waiting for mode change to: AUTO
2025-06-22 02:08:04,625 - SUAS - DEBUG - [SUAS_main.main:736] - Waiting for mode change to: AUTO
2025-06-22 02:08:05,127 - SUAS - DEBUG - [SUAS_main.main:736] - Waiting for mode change to: AUTO
2025-06-22 02:08:05,628 - SUAS - DEBUG - [SUAS_main.main:736] - Waiting for mode change to: AUTO
2025-06-22 02:08:06,129 - SUAS - DEBUG - [SUAS_main.main:736] - Waiting for mode change to: AUTO
2025-06-22 02:08:06,631 - SUAS - DEBUG - [SUAS_main.main:736] - Waiting for mode change to: AUTO
2025-06-22 02:08:07,133 - SUAS - DEBUG - [SUAS_main.main:736] - Waiting for mode change to: AUTO
2025-06-22 02:08:07,634 - SUAS - DEBUG - [SUAS_main.main:736] - Waiting for mode change to: AUTO
2025-06-22 02:08:08,136 - SUAS - DEBUG - [SUAS_main.main:736] - Waiting for mode change to: AUTO
2025-06-22 02:08:08,637 - SUAS - DEBUG - [SUAS_main.main:736] - Waiting for mode change to: AUTO
2025-06-22 02:08:09,139 - SUAS - DEBUG - [SUAS_main.main:736] - Waiting for mode change to: AUTO
2025-06-22 02:08:09,640 - SUAS - DEBUG - [SUAS_main.main:736] - Waiting for mode change to: AUTO
2025-06-22 02:08:10,141 - SUAS - DEBUG - [SUAS_main.main:736] - Waiting for mode change to: AUTO
2025-06-22 02:08:10,643 - SUAS - DEBUG - [SUAS_main.main:736] - Waiting for mode change to: AUTO
2025-06-22 02:08:11,144 - SUAS - DEBUG - [SUAS_main.main:736] - Waiting for mode change to: AUTO
2025-06-22 02:08:11,645 - SUAS - DEBUG - [SUAS_main.main:736] - Waiting for mode change to: AUTO
2025-06-22 02:08:12,147 - SUAS - DEBUG - [SUAS_main.main:736] - Waiting for mode change to: AUTO
2025-06-22 02:08:12,648 - SUAS - DEBUG - [SUAS_main.main:736] - Waiting for mode change to: AUTO
2025-06-22 02:08:13,149 - SUAS - DEBUG - [SUAS_main.main:736] - Waiting for mode change to: AUTO
2025-06-22 02:08:13,650 - SUAS - DEBUG - [SUAS_main.main:736] - Waiting for mode change to: AUTO
2025-06-22 02:08:14,152 - SUAS - DEBUG - [SUAS_main.main:736] - Waiting for mode change to: AUTO
2025-06-22 02:08:14,654 - SUAS - DEBUG - [SUAS_main.main:736] - Waiting for mode change to: AUTO
2025-06-22 02:08:15,155 - SUAS - DEBUG - [SUAS_main.main:736] - Waiting for mode change to: AUTO
2025-06-22 02:08:15,657 - SUAS - DEBUG - [SUAS_main.main:736] - Waiting for mode change to: AUTO
2025-06-22 02:08:16,158 - SUAS - DEBUG - [SUAS_main.main:736] - Waiting for mode change to: AUTO
2025-06-22 02:08:16,659 - SUAS - DEBUG - [SUAS_main.main:736] - Waiting for mode change to: AUTO
2025-06-22 02:08:17,161 - SUAS - DEBUG - [SUAS_main.main:736] - Waiting for mode change to: AUTO
2025-06-22 02:08:17,662 - SUAS - DEBUG - [SUAS_main.main:736] - Waiting for mode change to: AUTO
2025-06-22 02:08:18,164 - SUAS - DEBUG - [SUAS_main.main:736] - Waiting for mode change to: AUTO
2025-06-22 02:08:18,665 - SUAS - DEBUG - [SUAS_main.main:736] - Waiting for mode change to: AUTO
2025-06-22 02:08:19,167 - SUAS - DEBUG - [SUAS_main.main:736] - Waiting for mode change to: AUTO
2025-06-22 02:08:19,668 - SUAS - DEBUG - [SUAS_main.main:736] - Waiting for mode change to: AUTO
2025-06-22 02:08:20,170 - SUAS - DEBUG - [SUAS_main.main:736] - Waiting for mode change to: AUTO
2025-06-22 02:08:20,671 - SUAS - DEBUG - [SUAS_main.main:736] - Waiting for mode change to: AUTO
2025-06-22 02:08:21,173 - SUAS - DEBUG - [SUAS_main.main:736] - Waiting for mode change to: AUTO
2025-06-22 02:08:21,674 - SUAS - DEBUG - [SUAS_main.main:736] - Waiting for mode change to: AUTO
2025-06-22 02:08:22,176 - SUAS - DEBUG - [SUAS_main.main:736] - Waiting for mode change to: AUTO
2025-06-22 02:08:22,677 - SUAS - DEBUG - [SUAS_main.main:736] - Waiting for mode change to: AUTO
2025-06-22 02:08:23,178 - SUAS - DEBUG - [SUAS_main.main:736] - Waiting for mode change to: AUTO
2025-06-22 02:08:23,680 - SUAS - DEBUG - [SUAS_main.main:736] - Waiting for mode change to: AUTO
2025-06-22 02:08:24,181 - SUAS - DEBUG - [SUAS_main.main:736] - Waiting for mode change to: AUTO
2025-06-22 02:08:24,682 - SUAS - DEBUG - [SUAS_main.main:736] - Waiting for mode change to: AUTO
2025-06-22 02:08:25,184 - SUAS - DEBUG - [SUAS_main.main:736] - Waiting for mode change to: AUTO
2025-06-22 02:08:25,685 - SUAS - DEBUG - [SUAS_main.main:736] - Waiting for mode change to: AUTO
2025-06-22 02:08:26,186 - SUAS - DEBUG - [SUAS_main.main:736] - Waiting for mode change to: AUTO
2025-06-22 02:08:26,688 - SUAS - DEBUG - [SUAS_main.main:736] - Waiting for mode change to: AUTO
2025-06-22 02:08:27,189 - SUAS - DEBUG - [SUAS_main.main:736] - Waiting for mode change to: AUTO
2025-06-22 02:08:27,691 - SUAS - DEBUG - [SUAS_main.main:736] - Waiting for mode change to: AUTO
2025-06-22 02:08:28,192 - SUAS - DEBUG - [SUAS_main.main:736] - Waiting for mode change to: AUTO
2025-06-22 02:08:28,694 - SUAS - DEBUG - [SUAS_main.main:736] - Waiting for mode change to: AUTO
2025-06-22 02:08:29,195 - SUAS - DEBUG - [SUAS_main.main:736] - Waiting for mode change to: AUTO
2025-06-22 02:08:29,697 - SUAS - DEBUG - [SUAS_main.main:736] - Waiting for mode change to: AUTO
2025-06-22 02:08:30,198 - SUAS - DEBUG - [SUAS_main.main:736] - Waiting for mode change to: AUTO
2025-06-22 02:08:30,699 - SUAS - DEBUG - [SUAS_main.main:736] - Waiting for mode change to: AUTO
2025-06-22 02:08:31,201 - SUAS - DEBUG - [SUAS_main.main:736] - Waiting for mode change to: AUTO
2025-06-22 02:08:31,702 - SUAS - DEBUG - [SUAS_main.main:736] - Waiting for mode change to: AUTO
2025-06-22 02:08:32,204 - SUAS - DEBUG - [SUAS_main.main:736] - Waiting for mode change to: AUTO
2025-06-22 02:08:32,705 - SUAS - DEBUG - [SUAS_main.main:736] - Waiting for mode change to: AUTO
2025-06-22 02:08:33,207 - SUAS - DEBUG - [SUAS_main.main:736] - Waiting for mode change to: AUTO
2025-06-22 02:08:33,708 - SUAS - DEBUG - [SUAS_main.main:736] - Waiting for mode change to: AUTO
2025-06-22 02:08:34,209 - SUAS - DEBUG - [SUAS_main.main:736] - Waiting for mode change to: AUTO
2025-06-22 02:08:34,710 - SUAS - DEBUG - [SUAS_main.main:736] - Waiting for mode change to: AUTO
2025-06-22 02:08:35,212 - SUAS - DEBUG - [SUAS_main.main:736] - Waiting for mode change to: AUTO
2025-06-22 02:08:35,714 - SUAS - DEBUG - [SUAS_main.main:736] - Waiting for mode change to: AUTO
2025-06-22 02:08:36,215 - SUAS - DEBUG - [SUAS_main.main:736] - Waiting for mode change to: AUTO
2025-06-22 02:08:36,716 - SUAS - DEBUG - [SUAS_main.main:736] - Waiting for mode change to: AUTO
2025-06-22 02:08:37,218 - SUAS - DEBUG - [SUAS_main.main:736] - Waiting for mode change to: AUTO
2025-06-22 02:08:37,719 - SUAS - DEBUG - [SUAS_main.main:736] - Waiting for mode change to: AUTO
2025-06-22 02:08:38,221 - SUAS - DEBUG - [SUAS_main.main:736] - Waiting for mode change to: AUTO
2025-06-22 02:08:38,722 - SUAS - DEBUG - [SUAS_main.main:736] - Waiting for mode change to: AUTO
2025-06-22 02:08:39,224 - SUAS - DEBUG - [SUAS_main.main:736] - Waiting for mode change to: AUTO
2025-06-22 02:08:39,725 - SUAS - DEBUG - [SUAS_main.main:736] - Waiting for mode change to: AUTO
2025-06-22 02:08:40,227 - SUAS - DEBUG - [SUAS_main.main:736] - Waiting for mode change to: AUTO
2025-06-22 02:08:40,728 - SUAS - DEBUG - [SUAS_main.main:736] - Waiting for mode change to: AUTO
2025-06-22 02:08:41,230 - SUAS - DEBUG - [SUAS_main.main:736] - Waiting for mode change to: AUTO
2025-06-22 02:08:41,732 - SUAS - DEBUG - [SUAS_main.main:736] - Waiting for mode change to: AUTO
2025-06-22 02:08:42,233 - SUAS - DEBUG - [SUAS_main.main:736] - Waiting for mode change to: AUTO
2025-06-22 02:08:42,734 - SUAS - DEBUG - [SUAS_main.main:736] - Waiting for mode change to: AUTO
2025-06-22 02:08:43,236 - SUAS - DEBUG - [SUAS_main.main:736] - Waiting for mode change to: AUTO
2025-06-22 02:08:43,737 - SUAS - DEBUG - [SUAS_main.main:736] - Waiting for mode change to: AUTO
2025-06-22 02:08:44,239 - SUAS - DEBUG - [SUAS_main.main:736] - Waiting for mode change to: AUTO
2025-06-22 02:08:44,740 - SUAS - DEBUG - [SUAS_main.main:736] - Waiting for mode change to: AUTO
2025-06-22 02:08:45,242 - SUAS - DEBUG - [SUAS_main.main:736] - Waiting for mode change to: AUTO
2025-06-22 02:08:45,743 - SUAS - DEBUG - [SUAS_main.main:736] - Waiting for mode change to: AUTO
2025-06-22 02:08:46,244 - SUAS - DEBUG - [SUAS_main.main:736] - Waiting for mode change to: AUTO
2025-06-22 02:08:46,746 - SUAS - DEBUG - [SUAS_main.main:736] - Waiting for mode change to: AUTO
2025-06-22 02:08:47,247 - SUAS - DEBUG - [SUAS_main.main:736] - Waiting for mode change to: AUTO
2025-06-22 02:08:47,749 - SUAS - DEBUG - [SUAS_main.main:736] - Waiting for mode change to: AUTO
2025-06-22 02:08:48,250 - SUAS - DEBUG - [SUAS_main.main:736] - Waiting for mode change to: AUTO
2025-06-22 02:08:48,752 - SUAS - DEBUG - [SUAS_main.main:736] - Waiting for mode change to: AUTO
2025-06-22 02:08:49,253 - SUAS - DEBUG - [SUAS_main.main:736] - Waiting for mode change to: AUTO
2025-06-22 02:08:49,755 - SUAS - DEBUG - [SUAS_main.main:736] - Waiting for mode change to: AUTO
2025-06-22 02:08:50,256 - SUAS - DEBUG - [SUAS_main.main:736] - Waiting for mode change to: AUTO
2025-06-22 02:08:50,758 - SUAS - DEBUG - [SUAS_main.main:736] - Waiting for mode change to: AUTO
2025-06-22 02:08:51,259 - SUAS - DEBUG - [SUAS_main.main:736] - Waiting for mode change to: AUTO
2025-06-22 02:08:51,761 - SUAS - DEBUG - [SUAS_main.main:736] - Waiting for mode change to: AUTO
2025-06-22 02:08:52,262 - SUAS - DEBUG - [SUAS_main.main:736] - Waiting for mode change to: AUTO
2025-06-22 02:08:52,764 - SUAS - DEBUG - [SUAS_main.main:736] - Waiting for mode change to: AUTO
2025-06-22 02:08:53,265 - SUAS - DEBUG - [SUAS_main.main:736] - Waiting for mode change to: AUTO
2025-06-22 02:08:53,767 - SUAS - DEBUG - [SUAS_main.main:736] - Waiting for mode change to: AUTO
2025-06-22 02:08:54,268 - SUAS - DEBUG - [SUAS_main.main:736] - Waiting for mode change to: AUTO
2025-06-22 02:08:54,770 - SUAS - DEBUG - [SUAS_main.main:736] - Waiting for mode change to: AUTO
2025-06-22 02:08:55,271 - SUAS - DEBUG - [SUAS_main.main:736] - Waiting for mode change to: AUTO
2025-06-22 02:08:55,773 - SUAS - DEBUG - [SUAS_main.main:736] - Waiting for mode change to: AUTO
2025-06-22 02:08:56,274 - SUAS - DEBUG - [SUAS_main.main:736] - Waiting for mode change to: AUTO
2025-06-22 02:08:56,776 - SUAS - DEBUG - [SUAS_main.main:736] - Waiting for mode change to: AUTO
2025-06-22 02:08:57,277 - SUAS - DEBUG - [SUAS_main.main:736] - Waiting for mode change to: AUTO
2025-06-22 02:08:57,778 - SUAS - DEBUG - [SUAS_main.main:736] - Waiting for mode change to: AUTO
2025-06-22 02:08:58,280 - SUAS - DEBUG - [SUAS_main.main:736] - Waiting for mode change to: AUTO
2025-06-22 02:08:58,781 - SUAS - DEBUG - [SUAS_main.main:736] - Waiting for mode change to: AUTO
2025-06-22 02:08:59,283 - SUAS - DEBUG - [SUAS_main.main:736] - Waiting for mode change to: AUTO
2025-06-22 02:08:59,784 - SUAS - DEBUG - [SUAS_main.main:736] - Waiting for mode change to: AUTO
2025-06-22 02:09:00,285 - SUAS - DEBUG - [SUAS_main.main:736] - Waiting for mode change to: AUTO
2025-06-22 02:09:00,787 - SUAS - DEBUG - [SUAS_main.main:736] - Waiting for mode change to: AUTO
2025-06-22 02:09:01,288 - SUAS - DEBUG - [SUAS_main.main:736] - Waiting for mode change to: AUTO
2025-06-22 02:09:01,790 - SUAS - DEBUG - [SUAS_main.main:736] - Waiting for mode change to: AUTO
2025-06-22 02:09:02,291 - SUAS - DEBUG - [SUAS_main.main:736] - Waiting for mode change to: AUTO
2025-06-22 02:09:02,792 - SUAS - DEBUG - [SUAS_main.main:736] - Waiting for mode change to: AUTO
2025-06-22 02:09:03,294 - SUAS - DEBUG - [SUAS_main.main:736] - Waiting for mode change to: AUTO
2025-06-22 02:09:03,795 - SUAS - DEBUG - [SUAS_main.main:736] - Waiting for mode change to: AUTO
2025-06-22 02:09:04,297 - SUAS - DEBUG - [SUAS_main.main:736] - Waiting for mode change to: AUTO
2025-06-22 02:09:04,798 - SUAS - DEBUG - [SUAS_main.main:736] - Waiting for mode change to: AUTO
2025-06-22 02:09:05,300 - SUAS - DEBUG - [SUAS_main.main:736] - Waiting for mode change to: AUTO
2025-06-22 02:09:05,801 - SUAS - DEBUG - [SUAS_main.main:736] - Waiting for mode change to: AUTO
2025-06-22 02:09:06,302 - SUAS - DEBUG - [SUAS_main.main:736] - Waiting for mode change to: AUTO
2025-06-22 02:09:06,804 - SUAS - DEBUG - [SUAS_main.main:736] - Waiting for mode change to: AUTO
2025-06-22 02:09:07,305 - SUAS - DEBUG - [SUAS_main.main:736] - Waiting for mode change to: AUTO
2025-06-22 02:09:07,807 - SUAS - DEBUG - [SUAS_main.main:736] - Waiting for mode change to: AUTO
2025-06-22 02:09:08,308 - SUAS - DEBUG - [SUAS_main.main:736] - Waiting for mode change to: AUTO
2025-06-22 02:09:08,810 - SUAS - DEBUG - [SUAS_main.main:736] - Waiting for mode change to: AUTO
2025-06-22 02:09:09,311 - SUAS - DEBUG - [SUAS_main.main:736] - Waiting for mode change to: AUTO
2025-06-22 02:09:09,813 - SUAS - DEBUG - [SUAS_main.main:736] - Waiting for mode change to: AUTO
2025-06-22 02:09:10,314 - SUAS - DEBUG - [SUAS_main.main:736] - Waiting for mode change to: AUTO
2025-06-22 02:09:10,816 - SUAS - DEBUG - [SUAS_main.main:736] - Waiting for mode change to: AUTO
2025-06-22 02:09:11,317 - SUAS - DEBUG - [SUAS_main.main:736] - Waiting for mode change to: AUTO
2025-06-22 02:09:11,819 - SUAS - DEBUG - [SUAS_main.main:736] - Waiting for mode change to: AUTO
2025-06-22 02:09:12,320 - SUAS - DEBUG - [SUAS_main.main:736] - Waiting for mode change to: AUTO
2025-06-22 02:09:12,821 - SUAS - DEBUG - [SUAS_main.main:736] - Waiting for mode change to: AUTO
2025-06-22 02:09:13,323 - SUAS - DEBUG - [SUAS_main.main:736] - Waiting for mode change to: AUTO
2025-06-22 02:09:13,824 - SUAS - DEBUG - [SUAS_main.main:736] - Waiting for mode change to: AUTO
2025-06-22 02:09:14,325 - SUAS - DEBUG - [SUAS_main.main:736] - Waiting for mode change to: AUTO
2025-06-22 02:09:14,827 - SUAS - DEBUG - [SUAS_main.main:736] - Waiting for mode change to: AUTO
2025-06-22 02:09:15,328 - SUAS - DEBUG - [SUAS_main.main:736] - Waiting for mode change to: AUTO
2025-06-22 02:09:15,830 - SUAS - DEBUG - [SUAS_main.main:736] - Waiting for mode change to: AUTO
2025-06-22 02:09:16,332 - SUAS - DEBUG - [SUAS_main.main:736] - Waiting for mode change to: AUTO
2025-06-22 02:09:16,833 - SUAS - DEBUG - [SUAS_main.main:736] - Waiting for mode change to: AUTO
2025-06-22 02:09:17,335 - SUAS - DEBUG - [SUAS_main.main:736] - Waiting for mode change to: AUTO
2025-06-22 02:09:17,836 - SUAS - DEBUG - [SUAS_main.main:736] - Waiting for mode change to: AUTO
2025-06-22 02:09:18,338 - SUAS - DEBUG - [SUAS_main.main:736] - Waiting for mode change to: AUTO
2025-06-22 02:09:18,839 - SUAS - DEBUG - [SUAS_main.main:736] - Waiting for mode change to: AUTO
2025-06-22 02:09:19,341 - SUAS - DEBUG - [SUAS_main.main:736] - Waiting for mode change to: AUTO
2025-06-22 02:09:19,842 - SUAS - DEBUG - [SUAS_main.main:736] - Waiting for mode change to: AUTO
2025-06-22 02:09:20,344 - SUAS - DEBUG - [SUAS_main.main:736] - Waiting for mode change to: AUTO
2025-06-22 02:09:20,845 - SUAS - DEBUG - [SUAS_main.main:736] - Waiting for mode change to: AUTO
2025-06-22 02:09:21,347 - SUAS - DEBUG - [SUAS_main.main:736] - Waiting for mode change to: AUTO
2025-06-22 02:09:21,848 - SUAS - DEBUG - [SUAS_main.main:736] - Waiting for mode change to: AUTO
2025-06-22 02:09:22,350 - SUAS - DEBUG - [SUAS_main.main:736] - Waiting for mode change to: AUTO
2025-06-22 02:09:22,851 - SUAS - DEBUG - [SUAS_main.main:736] - Waiting for mode change to: AUTO
2025-06-22 02:09:23,353 - SUAS - DEBUG - [SUAS_main.main:736] - Waiting for mode change to: AUTO
2025-06-22 02:09:23,854 - SUAS - DEBUG - [SUAS_main.main:736] - Waiting for mode change to: AUTO
2025-06-22 02:09:24,356 - SUAS - DEBUG - [SUAS_main.main:736] - Waiting for mode change to: AUTO
2025-06-22 02:09:24,857 - SUAS - DEBUG - [SUAS_main.main:736] - Waiting for mode change to: AUTO
2025-06-22 02:09:25,359 - SUAS - DEBUG - [SUAS_main.main:736] - Waiting for mode change to: AUTO
2025-06-22 02:09:25,860 - SUAS - DEBUG - [SUAS_main.main:736] - Waiting for mode change to: AUTO
2025-06-22 02:09:26,362 - SUAS - DEBUG - [SUAS_main.main:736] - Waiting for mode change to: AUTO
2025-06-22 02:09:26,863 - SUAS - DEBUG - [SUAS_main.main:736] - Waiting for mode change to: AUTO
2025-06-22 02:09:27,365 - SUAS - DEBUG - [SUAS_main.main:736] - Waiting for mode change to: AUTO
2025-06-22 02:09:27,866 - SUAS - DEBUG - [SUAS_main.main:736] - Waiting for mode change to: AUTO
2025-06-22 02:09:28,368 - SUAS - DEBUG - [SUAS_main.main:736] - Waiting for mode change to: AUTO
2025-06-22 02:09:28,869 - SUAS - DEBUG - [SUAS_main.main:736] - Waiting for mode change to: AUTO
2025-06-22 02:09:29,371 - SUAS - DEBUG - [SUAS_main.main:736] - Waiting for mode change to: AUTO
2025-06-22 02:09:29,872 - SUAS - DEBUG - [SUAS_main.main:736] - Waiting for mode change to: AUTO
2025-06-22 02:09:30,374 - SUAS - DEBUG - [SUAS_main.main:736] - Waiting for mode change to: AUTO
2025-06-22 02:09:30,875 - SUAS - DEBUG - [SUAS_main.main:736] - Waiting for mode change to: AUTO
2025-06-22 02:09:31,377 - SUAS - DEBUG - [SUAS_main.main:736] - Waiting for mode change to: AUTO
2025-06-22 02:09:31,878 - SUAS - DEBUG - [SUAS_main.main:736] - Waiting for mode change to: AUTO
2025-06-22 02:09:32,380 - SUAS - DEBUG - [SUAS_main.main:736] - Waiting for mode change to: AUTO
2025-06-22 02:09:32,881 - SUAS - DEBUG - [SUAS_main.main:736] - Waiting for mode change to: AUTO
2025-06-22 02:09:33,383 - SUAS - DEBUG - [SUAS_main.main:736] - Waiting for mode change to: AUTO
2025-06-22 02:09:33,884 - SUAS - DEBUG - [SUAS_main.main:736] - Waiting for mode change to: AUTO
2025-06-22 02:09:34,386 - SUAS - DEBUG - [SUAS_main.main:736] - Waiting for mode change to: AUTO
2025-06-22 02:09:34,887 - SUAS - DEBUG - [SUAS_main.main:736] - Waiting for mode change to: AUTO
2025-06-22 02:09:35,389 - SUAS - DEBUG - [SUAS_main.main:736] - Waiting for mode change to: AUTO
2025-06-22 02:09:35,891 - SUAS - DEBUG - [SUAS_main.main:736] - Waiting for mode change to: AUTO
2025-06-22 02:09:36,392 - SUAS - DEBUG - [SUAS_main.main:736] - Waiting for mode change to: AUTO
2025-06-22 02:09:36,894 - SUAS - DEBUG - [SUAS_main.main:736] - Waiting for mode change to: AUTO
2025-06-22 02:09:37,395 - SUAS - DEBUG - [SUAS_main.main:736] - Waiting for mode change to: AUTO
2025-06-22 02:09:37,897 - SUAS - DEBUG - [SUAS_main.main:736] - Waiting for mode change to: AUTO
2025-06-22 02:09:38,398 - SUAS - DEBUG - [SUAS_main.main:736] - Waiting for mode change to: AUTO
2025-06-22 02:09:38,900 - SUAS - DEBUG - [SUAS_main.main:736] - Waiting for mode change to: AUTO
2025-06-22 02:09:39,401 - SUAS - DEBUG - [SUAS_main.main:736] - Waiting for mode change to: AUTO
2025-06-22 02:09:39,902 - SUAS - DEBUG - [SUAS_main.main:736] - Waiting for mode change to: AUTO
2025-06-22 02:09:40,404 - SUAS - DEBUG - [SUAS_main.main:736] - Waiting for mode change to: AUTO
2025-06-22 02:09:40,905 - SUAS - DEBUG - [SUAS_main.main:736] - Waiting for mode change to: AUTO
2025-06-22 02:09:41,407 - SUAS - DEBUG - [SUAS_main.main:736] - Waiting for mode change to: AUTO
2025-06-22 02:09:41,909 - SUAS - DEBUG - [SUAS_main.main:736] - Waiting for mode change to: AUTO
2025-06-22 02:09:42,410 - SUAS - DEBUG - [SUAS_main.main:736] - Waiting for mode change to: AUTO
2025-06-22 02:09:42,912 - SUAS - DEBUG - [SUAS_main.main:736] - Waiting for mode change to: AUTO
2025-06-22 02:09:43,413 - SUAS - DEBUG - [SUAS_main.main:736] - Waiting for mode change to: AUTO
2025-06-22 02:09:43,915 - SUAS - DEBUG - [SUAS_main.main:736] - Waiting for mode change to: AUTO
2025-06-22 02:09:44,416 - SUAS - DEBUG - [SUAS_main.main:736] - Waiting for mode change to: AUTO
2025-06-22 02:09:44,918 - SUAS - DEBUG - [SUAS_main.main:736] - Waiting for mode change to: AUTO
2025-06-22 02:09:45,419 - SUAS - DEBUG - [SUAS_main.main:736] - Waiting for mode change to: AUTO
2025-06-22 02:09:45,921 - SUAS - DEBUG - [SUAS_main.main:736] - Waiting for mode change to: AUTO
2025-06-22 02:09:46,422 - SUAS - DEBUG - [SUAS_main.main:736] - Waiting for mode change to: AUTO
2025-06-22 02:09:46,923 - SUAS - DEBUG - [SUAS_main.main:736] - Waiting for mode change to: AUTO
2025-06-22 02:09:47,425 - SUAS - DEBUG - [SUAS_main.main:736] - Waiting for mode change to: AUTO
2025-06-22 02:09:47,926 - SUAS - DEBUG - [SUAS_main.main:736] - Waiting for mode change to: AUTO
2025-06-22 02:09:48,428 - SUAS - DEBUG - [SUAS_main.main:736] - Waiting for mode change to: AUTO
2025-06-22 02:09:48,930 - SUAS - DEBUG - [SUAS_main.main:736] - Waiting for mode change to: AUTO
2025-06-22 02:09:49,431 - SUAS - DEBUG - [SUAS_main.main:736] - Waiting for mode change to: AUTO
2025-06-22 02:09:49,933 - SUAS - DEBUG - [SUAS_main.main:736] - Waiting for mode change to: AUTO
2025-06-22 02:09:50,434 - SUAS - DEBUG - [SUAS_main.main:736] - Waiting for mode change to: AUTO
2025-06-22 02:09:50,935 - SUAS - DEBUG - [SUAS_main.main:736] - Waiting for mode change to: AUTO
2025-06-22 02:09:51,437 - SUAS - DEBUG - [SUAS_main.main:736] - Waiting for mode change to: AUTO
2025-06-22 02:09:51,938 - SUAS - DEBUG - [SUAS_main.main:736] - Waiting for mode change to: AUTO
2025-06-22 02:09:52,440 - SUAS - DEBUG - [SUAS_main.main:736] - Waiting for mode change to: AUTO
2025-06-22 02:09:52,941 - SUAS - DEBUG - [SUAS_main.main:736] - Waiting for mode change to: AUTO
2025-06-22 02:09:53,442 - SUAS - DEBUG - [SUAS_main.main:736] - Waiting for mode change to: AUTO
2025-06-22 02:09:53,944 - SUAS - DEBUG - [SUAS_main.main:736] - Waiting for mode change to: AUTO
2025-06-22 02:09:54,445 - SUAS - DEBUG - [SUAS_main.main:736] - Waiting for mode change to: AUTO
2025-06-22 02:09:54,947 - SUAS - DEBUG - [SUAS_main.main:736] - Waiting for mode change to: AUTO
2025-06-22 02:09:55,448 - SUAS - DEBUG - [SUAS_main.main:736] - Waiting for mode change to: AUTO
2025-06-22 02:09:55,950 - SUAS - DEBUG - [SUAS_main.main:736] - Waiting for mode change to: AUTO
2025-06-22 02:09:56,451 - SUAS - DEBUG - [SUAS_main.main:736] - Waiting for mode change to: AUTO
2025-06-22 02:09:56,952 - SUAS - DEBUG - [SUAS_main.main:736] - Waiting for mode change to: AUTO
2025-06-22 02:09:57,454 - SUAS - DEBUG - [SUAS_main.main:736] - Waiting for mode change to: AUTO
2025-06-22 02:09:57,955 - SUAS - DEBUG - [SUAS_main.main:736] - Waiting for mode change to: AUTO
2025-06-22 02:09:58,457 - SUAS - DEBUG - [SUAS_main.main:736] - Waiting for mode change to: AUTO
2025-06-22 02:09:58,958 - SUAS - DEBUG - [SUAS_main.main:736] - Waiting for mode change to: AUTO
2025-06-22 02:09:59,460 - SUAS - DEBUG - [SUAS_main.main:736] - Waiting for mode change to: AUTO
2025-06-22 02:09:59,961 - SUAS - DEBUG - [SUAS_main.main:736] - Waiting for mode change to: AUTO
2025-06-22 02:10:00,463 - SUAS - DEBUG - [SUAS_main.main:736] - Waiting for mode change to: AUTO
2025-06-22 02:10:00,964 - SUAS - DEBUG - [SUAS_main.main:736] - Waiting for mode change to: AUTO
2025-06-22 02:10:01,465 - SUAS - DEBUG - [SUAS_main.main:736] - Waiting for mode change to: AUTO
2025-06-22 02:10:01,967 - SUAS - DEBUG - [SUAS_main.main:736] - Waiting for mode change to: AUTO
2025-06-22 02:10:02,468 - SUAS - DEBUG - [SUAS_main.main:736] - Waiting for mode change to: AUTO
2025-06-22 02:10:02,970 - SUAS - DEBUG - [SUAS_main.main:736] - Waiting for mode change to: AUTO
2025-06-22 02:10:03,471 - SUAS - DEBUG - [SUAS_main.main:736] - Waiting for mode change to: AUTO
2025-06-22 02:10:03,973 - SUAS - DEBUG - [SUAS_main.main:736] - Waiting for mode change to: AUTO
2025-06-22 02:10:04,474 - SUAS - DEBUG - [SUAS_main.main:736] - Waiting for mode change to: AUTO
2025-06-22 02:10:04,976 - SUAS - DEBUG - [SUAS_main.main:736] - Waiting for mode change to: AUTO
2025-06-22 02:10:05,477 - SUAS - DEBUG - [SUAS_main.main:736] - Waiting for mode change to: AUTO
2025-06-22 02:10:05,978 - SUAS - DEBUG - [SUAS_main.main:736] - Waiting for mode change to: AUTO
2025-06-22 02:10:06,480 - SUAS - DEBUG - [SUAS_main.main:736] - Waiting for mode change to: AUTO
2025-06-22 02:10:06,981 - SUAS - DEBUG - [SUAS_main.main:736] - Waiting for mode change to: AUTO
2025-06-22 02:10:07,483 - SUAS - DEBUG - [SUAS_main.main:736] - Waiting for mode change to: AUTO
2025-06-22 02:10:07,984 - SUAS - DEBUG - [SUAS_main.main:736] - Waiting for mode change to: AUTO
2025-06-22 02:10:08,485 - SUAS - DEBUG - [SUAS_main.main:736] - Waiting for mode change to: AUTO
2025-06-22 02:10:08,987 - SUAS - DEBUG - [SUAS_main.main:736] - Waiting for mode change to: AUTO
2025-06-22 02:10:09,488 - SUAS - DEBUG - [SUAS_main.main:736] - Waiting for mode change to: AUTO
2025-06-22 02:10:09,990 - SUAS - DEBUG - [SUAS_main.main:736] - Waiting for mode change to: AUTO
2025-06-22 02:10:10,491 - SUAS - DEBUG - [SUAS_main.main:736] - Waiting for mode change to: AUTO
2025-06-22 02:10:10,993 - SUAS - DEBUG - [SUAS_main.main:736] - Waiting for mode change to: AUTO
2025-06-22 02:10:11,494 - SUAS - DEBUG - [SUAS_main.main:736] - Waiting for mode change to: AUTO
2025-06-22 02:10:11,996 - SUAS - DEBUG - [SUAS_main.main:736] - Waiting for mode change to: AUTO
2025-06-22 02:10:12,497 - SUAS - DEBUG - [SUAS_main.main:736] - Waiting for mode change to: AUTO
2025-06-22 02:10:12,999 - SUAS - DEBUG - [SUAS_main.main:736] - Waiting for mode change to: AUTO
2025-06-22 02:10:13,500 - SUAS - DEBUG - [SUAS_main.main:736] - Waiting for mode change to: AUTO
2025-06-22 02:10:14,001 - SUAS - DEBUG - [SUAS_main.main:736] - Waiting for mode change to: AUTO
2025-06-22 02:10:14,503 - SUAS - DEBUG - [SUAS_main.main:736] - Waiting for mode change to: AUTO
2025-06-22 02:10:15,004 - SUAS - DEBUG - [SUAS_main.main:736] - Waiting for mode change to: AUTO
2025-06-22 02:10:15,505 - SUAS - DEBUG - [SUAS_main.main:736] - Waiting for mode change to: AUTO
2025-06-22 02:10:16,007 - SUAS - DEBUG - [SUAS_main.main:736] - Waiting for mode change to: AUTO
2025-06-22 02:10:16,508 - SUAS - DEBUG - [SUAS_main.main:736] - Waiting for mode change to: AUTO
2025-06-22 02:10:17,010 - SUAS - DEBUG - [SUAS_main.main:736] - Waiting for mode change to: AUTO
2025-06-22 02:10:17,512 - SUAS - DEBUG - [SUAS_main.main:736] - Waiting for mode change to: AUTO
2025-06-22 02:10:18,013 - SUAS - DEBUG - [SUAS_main.main:736] - Waiting for mode change to: AUTO
2025-06-22 02:10:18,515 - SUAS - DEBUG - [SUAS_main.main:736] - Waiting for mode change to: AUTO
2025-06-22 02:10:19,016 - SUAS - DEBUG - [SUAS_main.main:736] - Waiting for mode change to: AUTO
2025-06-22 02:10:19,517 - SUAS - DEBUG - [SUAS_main.main:736] - Waiting for mode change to: AUTO
2025-06-22 02:10:20,019 - SUAS - DEBUG - [SUAS_main.main:736] - Waiting for mode change to: AUTO
2025-06-22 02:10:20,520 - SUAS - DEBUG - [SUAS_main.main:736] - Waiting for mode change to: AUTO
2025-06-22 02:10:21,021 - SUAS - DEBUG - [SUAS_main.main:736] - Waiting for mode change to: AUTO
2025-06-22 02:10:21,523 - SUAS - DEBUG - [SUAS_main.main:736] - Waiting for mode change to: AUTO
2025-06-22 02:10:22,024 - SUAS - DEBUG - [SUAS_main.main:736] - Waiting for mode change to: AUTO
2025-06-22 02:10:22,526 - SUAS - DEBUG - [SUAS_main.main:736] - Waiting for mode change to: AUTO
2025-06-22 02:10:23,028 - SUAS - DEBUG - [SUAS_main.main:736] - Waiting for mode change to: AUTO
2025-06-22 02:10:23,529 - SUAS - DEBUG - [SUAS_main.main:736] - Waiting for mode change to: AUTO
2025-06-22 02:10:24,030 - SUAS - DEBUG - [SUAS_main.main:736] - Waiting for mode change to: AUTO
2025-06-22 02:10:24,532 - SUAS - DEBUG - [SUAS_main.main:736] - Waiting for mode change to: AUTO
2025-06-22 02:10:25,033 - SUAS - DEBUG - [SUAS_main.main:736] - Waiting for mode change to: AUTO
2025-06-22 02:10:25,535 - SUAS - DEBUG - [SUAS_main.main:736] - Waiting for mode change to: AUTO
2025-06-22 02:10:26,036 - SUAS - DEBUG - [SUAS_main.main:736] - Waiting for mode change to: AUTO
2025-06-22 02:10:26,538 - SUAS - DEBUG - [SUAS_main.main:736] - Waiting for mode change to: AUTO
2025-06-22 02:10:27,039 - SUAS - DEBUG - [SUAS_main.main:736] - Waiting for mode change to: AUTO
2025-06-22 02:10:27,541 - SUAS - DEBUG - [SUAS_main.main:736] - Waiting for mode change to: AUTO
2025-06-22 02:10:28,042 - SUAS - DEBUG - [SUAS_main.main:736] - Waiting for mode change to: AUTO
2025-06-22 02:10:28,544 - SUAS - DEBUG - [SUAS_main.main:736] - Waiting for mode change to: AUTO
2025-06-22 02:10:29,045 - SUAS - DEBUG - [SUAS_main.main:736] - Waiting for mode change to: AUTO
2025-06-22 02:10:29,547 - SUAS - DEBUG - [SUAS_main.main:736] - Waiting for mode change to: AUTO
2025-06-22 02:10:30,049 - SUAS - DEBUG - [SUAS_main.main:736] - Waiting for mode change to: AUTO
2025-06-22 02:10:30,550 - SUAS - DEBUG - [SUAS_main.main:736] - Waiting for mode change to: AUTO
2025-06-22 02:10:31,052 - SUAS - DEBUG - [SUAS_main.main:736] - Waiting for mode change to: AUTO
2025-06-22 02:10:31,553 - SUAS - DEBUG - [SUAS_main.main:736] - Waiting for mode change to: AUTO
2025-06-22 02:10:32,055 - SUAS - DEBUG - [SUAS_main.main:736] - Waiting for mode change to: AUTO
2025-06-22 02:10:32,556 - SUAS - DEBUG - [SUAS_main.main:736] - Waiting for mode change to: AUTO
2025-06-22 02:10:33,057 - SUAS - DEBUG - [SUAS_main.main:736] - Waiting for mode change to: AUTO
2025-06-22 02:10:33,559 - SUAS - DEBUG - [SUAS_main.main:736] - Waiting for mode change to: AUTO
2025-06-22 02:10:34,060 - SUAS - DEBUG - [SUAS_main.main:736] - Waiting for mode change to: AUTO
2025-06-22 02:10:34,562 - SUAS - DEBUG - [SUAS_main.main:736] - Waiting for mode change to: AUTO
2025-06-22 02:10:35,063 - SUAS - DEBUG - [SUAS_main.main:736] - Waiting for mode change to: AUTO
2025-06-22 02:10:35,565 - SUAS - DEBUG - [SUAS_main.main:736] - Waiting for mode change to: AUTO
2025-06-22 02:10:36,067 - SUAS - DEBUG - [SUAS_main.main:736] - Waiting for mode change to: AUTO
2025-06-22 02:10:36,568 - SUAS - DEBUG - [SUAS_main.main:736] - Waiting for mode change to: AUTO
2025-06-22 02:10:37,070 - SUAS - DEBUG - [SUAS_main.main:736] - Waiting for mode change to: AUTO
2025-06-22 02:10:37,571 - SUAS - DEBUG - [SUAS_main.main:736] - Waiting for mode change to: AUTO
2025-06-22 02:10:38,073 - SUAS - DEBUG - [SUAS_main.main:736] - Waiting for mode change to: AUTO
2025-06-22 02:10:38,574 - SUAS - DEBUG - [SUAS_main.main:736] - Waiting for mode change to: AUTO
2025-06-22 02:10:39,075 - SUAS - DEBUG - [SUAS_main.main:736] - Waiting for mode change to: AUTO
2025-06-22 02:10:39,577 - SUAS - DEBUG - [SUAS_main.main:736] - Waiting for mode change to: AUTO
2025-06-22 02:10:40,078 - SUAS - DEBUG - [SUAS_main.main:736] - Waiting for mode change to: AUTO
2025-06-22 02:10:40,580 - SUAS - DEBUG - [SUAS_main.main:736] - Waiting for mode change to: AUTO
2025-06-22 02:10:41,081 - SUAS - DEBUG - [SUAS_main.main:736] - Waiting for mode change to: AUTO
2025-06-22 02:10:41,583 - SUAS - DEBUG - [SUAS_main.main:736] - Waiting for mode change to: AUTO
2025-06-22 02:10:42,084 - SUAS - DEBUG - [SUAS_main.main:736] - Waiting for mode change to: AUTO
2025-06-22 02:10:42,586 - SUAS - DEBUG - [SUAS_main.main:736] - Waiting for mode change to: AUTO
2025-06-22 02:10:43,087 - SUAS - DEBUG - [SUAS_main.main:736] - Waiting for mode change to: AUTO
2025-06-22 02:10:43,589 - SUAS - DEBUG - [SUAS_main.main:736] - Waiting for mode change to: AUTO
2025-06-22 02:10:44,090 - SUAS - DEBUG - [SUAS_main.main:736] - Waiting for mode change to: AUTO
2025-06-22 02:10:44,592 - SUAS - DEBUG - [SUAS_main.main:736] - Waiting for mode change to: AUTO
2025-06-22 02:10:45,093 - SUAS - DEBUG - [SUAS_main.main:736] - Waiting for mode change to: AUTO
2025-06-22 02:10:45,595 - SUAS - DEBUG - [SUAS_main.main:736] - Waiting for mode change to: AUTO
2025-06-22 02:10:46,096 - SUAS - DEBUG - [SUAS_main.main:736] - Waiting for mode change to: AUTO
2025-06-22 02:10:46,597 - SUAS - DEBUG - [SUAS_main.main:736] - Waiting for mode change to: AUTO
2025-06-22 02:10:47,099 - SUAS - DEBUG - [SUAS_main.main:736] - Waiting for mode change to: AUTO
2025-06-22 02:10:47,600 - SUAS - DEBUG - [SUAS_main.main:736] - Waiting for mode change to: AUTO
2025-06-22 02:10:48,102 - SUAS - DEBUG - [SUAS_main.main:736] - Waiting for mode change to: AUTO
2025-06-22 02:10:48,603 - SUAS - DEBUG - [SUAS_main.main:736] - Waiting for mode change to: AUTO
2025-06-22 02:10:49,105 - SUAS - DEBUG - [SUAS_main.main:736] - Waiting for mode change to: AUTO
2025-06-22 02:10:49,607 - SUAS - DEBUG - [SUAS_main.main:736] - Waiting for mode change to: AUTO
2025-06-22 02:10:50,108 - SUAS - DEBUG - [SUAS_main.main:736] - Waiting for mode change to: AUTO
2025-06-22 02:10:50,610 - SUAS - DEBUG - [SUAS_main.main:736] - Waiting for mode change to: AUTO
2025-06-22 02:10:51,112 - SUAS - DEBUG - [SUAS_main.main:736] - Waiting for mode change to: AUTO
2025-06-22 02:10:51,613 - SUAS - DEBUG - [SUAS_main.main:736] - Waiting for mode change to: AUTO
2025-06-22 02:10:52,115 - SUAS - DEBUG - [SUAS_main.main:736] - Waiting for mode change to: AUTO
2025-06-22 02:10:52,616 - SUAS - DEBUG - [SUAS_main.main:736] - Waiting for mode change to: AUTO
2025-06-22 02:10:53,117 - SUAS - DEBUG - [SUAS_main.main:736] - Waiting for mode change to: AUTO
2025-06-22 02:10:53,619 - SUAS - DEBUG - [SUAS_main.main:736] - Waiting for mode change to: AUTO
2025-06-22 02:10:54,120 - SUAS - DEBUG - [SUAS_main.main:736] - Waiting for mode change to: AUTO
2025-06-22 02:10:54,621 - SUAS - DEBUG - [SUAS_main.main:736] - Waiting for mode change to: AUTO
2025-06-22 02:10:55,123 - SUAS - DEBUG - [SUAS_main.main:736] - Waiting for mode change to: AUTO
2025-06-22 02:10:55,624 - SUAS - DEBUG - [SUAS_main.main:736] - Waiting for mode change to: AUTO
2025-06-22 02:10:56,126 - SUAS - DEBUG - [SUAS_main.main:736] - Waiting for mode change to: AUTO
2025-06-22 02:10:56,627 - SUAS - DEBUG - [SUAS_main.main:736] - Waiting for mode change to: AUTO
2025-06-22 02:10:57,129 - SUAS - DEBUG - [SUAS_main.main:736] - Waiting for mode change to: AUTO
2025-06-22 02:10:57,630 - SUAS - DEBUG - [SUAS_main.main:736] - Waiting for mode change to: AUTO
2025-06-22 02:10:58,132 - SUAS - DEBUG - [SUAS_main.main:736] - Waiting for mode change to: AUTO
2025-06-22 02:10:58,633 - SUAS - DEBUG - [SUAS_main.main:736] - Waiting for mode change to: AUTO
2025-06-22 02:10:59,134 - SUAS - DEBUG - [SUAS_main.main:736] - Waiting for mode change to: AUTO
2025-06-22 02:10:59,636 - SUAS - DEBUG - [SUAS_main.main:736] - Waiting for mode change to: AUTO
2025-06-22 02:11:00,137 - SUAS - DEBUG - [SUAS_main.main:736] - Waiting for mode change to: AUTO
2025-06-22 02:11:00,638 - SUAS - DEBUG - [SUAS_main.main:736] - Waiting for mode change to: AUTO
2025-06-22 02:11:01,140 - SUAS - DEBUG - [SUAS_main.main:736] - Waiting for mode change to: AUTO
2025-06-22 02:11:01,641 - SUAS - DEBUG - [SUAS_main.main:736] - Waiting for mode change to: AUTO
2025-06-22 02:11:02,143 - SUAS - DEBUG - [SUAS_main.main:736] - Waiting for mode change to: AUTO
2025-06-22 02:11:02,644 - SUAS - DEBUG - [SUAS_main.main:736] - Waiting for mode change to: AUTO
2025-06-22 02:11:03,146 - SUAS - DEBUG - [SUAS_main.main:736] - Waiting for mode change to: AUTO
2025-06-22 02:11:03,648 - SUAS - DEBUG - [SUAS_main.main:736] - Waiting for mode change to: AUTO
2025-06-22 02:11:04,149 - SUAS - DEBUG - [SUAS_main.main:736] - Waiting for mode change to: AUTO
2025-06-22 02:11:04,651 - SUAS - DEBUG - [SUAS_main.main:736] - Waiting for mode change to: AUTO
2025-06-22 02:11:05,152 - SUAS - DEBUG - [SUAS_main.main:736] - Waiting for mode change to: AUTO
2025-06-22 02:11:05,654 - SUAS - DEBUG - [SUAS_main.main:736] - Waiting for mode change to: AUTO
2025-06-22 02:11:06,155 - SUAS - DEBUG - [SUAS_main.main:736] - Waiting for mode change to: AUTO
2025-06-22 02:11:06,657 - SUAS - DEBUG - [SUAS_main.main:736] - Waiting for mode change to: AUTO
2025-06-22 02:11:07,158 - SUAS - DEBUG - [SUAS_main.main:736] - Waiting for mode change to: AUTO
2025-06-22 02:11:07,660 - SUAS - DEBUG - [SUAS_main.main:736] - Waiting for mode change to: AUTO
2025-06-22 02:11:08,161 - SUAS - DEBUG - [SUAS_main.main:736] - Waiting for mode change to: AUTO
2025-06-22 02:11:08,662 - SUAS - DEBUG - [SUAS_main.main:736] - Waiting for mode change to: AUTO
2025-06-22 02:11:09,164 - SUAS - DEBUG - [SUAS_main.main:736] - Waiting for mode change to: AUTO
2025-06-22 02:11:09,666 - SUAS - DEBUG - [SUAS_main.main:736] - Waiting for mode change to: AUTO
2025-06-22 02:11:10,167 - SUAS - DEBUG - [SUAS_main.main:736] - Waiting for mode change to: AUTO
2025-06-22 02:11:10,669 - SUAS - DEBUG - [SUAS_main.main:736] - Waiting for mode change to: AUTO
2025-06-22 02:11:11,171 - SUAS - DEBUG - [SUAS_main.main:736] - Waiting for mode change to: AUTO
2025-06-22 02:11:11,672 - SUAS - DEBUG - [SUAS_main.main:736] - Waiting for mode change to: AUTO
2025-06-22 02:11:12,174 - SUAS - DEBUG - [SUAS_main.main:736] - Waiting for mode change to: AUTO
2025-06-22 02:11:12,675 - SUAS - DEBUG - [SUAS_main.main:736] - Waiting for mode change to: AUTO
2025-06-22 02:11:13,177 - SUAS - DEBUG - [SUAS_main.main:736] - Waiting for mode change to: AUTO
2025-06-22 02:11:13,678 - SUAS - DEBUG - [SUAS_main.main:736] - Waiting for mode change to: AUTO
2025-06-22 02:11:14,180 - SUAS - DEBUG - [SUAS_main.main:736] - Waiting for mode change to: AUTO
2025-06-22 02:11:14,681 - SUAS - DEBUG - [SUAS_main.main:736] - Waiting for mode change to: AUTO
2025-06-22 02:11:15,182 - SUAS - DEBUG - [SUAS_main.main:736] - Waiting for mode change to: AUTO
2025-06-22 02:11:15,684 - SUAS - DEBUG - [SUAS_main.main:736] - Waiting for mode change to: AUTO
2025-06-22 02:11:16,186 - SUAS - DEBUG - [SUAS_main.main:736] - Waiting for mode change to: AUTO
2025-06-22 02:11:16,688 - SUAS - DEBUG - [SUAS_main.main:736] - Waiting for mode change to: AUTO
2025-06-22 02:11:17,189 - SUAS - DEBUG - [SUAS_main.main:736] - Waiting for mode change to: AUTO
2025-06-22 02:11:17,691 - SUAS - DEBUG - [SUAS_main.main:736] - Waiting for mode change to: AUTO
2025-06-22 02:11:18,193 - SUAS - DEBUG - [SUAS_main.main:736] - Waiting for mode change to: AUTO
2025-06-22 02:11:18,694 - SUAS - DEBUG - [SUAS_main.main:736] - Waiting for mode change to: AUTO
2025-06-22 02:11:19,196 - SUAS - DEBUG - [SUAS_main.main:736] - Waiting for mode change to: AUTO
2025-06-22 02:11:19,697 - SUAS - DEBUG - [SUAS_main.main:736] - Waiting for mode change to: AUTO
2025-06-22 02:11:20,199 - SUAS - DEBUG - [SUAS_main.main:736] - Waiting for mode change to: AUTO
2025-06-22 02:11:20,700 - SUAS - DEBUG - [SUAS_main.main:736] - Waiting for mode change to: AUTO
2025-06-22 02:11:21,201 - SUAS - DEBUG - [SUAS_main.main:736] - Waiting for mode change to: AUTO
2025-06-22 02:11:21,703 - SUAS - DEBUG - [SUAS_main.main:736] - Waiting for mode change to: AUTO
2025-06-22 02:11:22,204 - SUAS - DEBUG - [SUAS_main.main:736] - Waiting for mode change to: AUTO
2025-06-22 02:11:22,706 - SUAS - DEBUG - [SUAS_main.main:736] - Waiting for mode change to: AUTO
2025-06-22 02:11:23,208 - SUAS - DEBUG - [SUAS_main.main:736] - Waiting for mode change to: AUTO
2025-06-22 02:11:23,709 - SUAS - DEBUG - [SUAS_main.main:736] - Waiting for mode change to: AUTO
2025-06-22 02:11:24,210 - SUAS - DEBUG - [SUAS_main.main:736] - Waiting for mode change to: AUTO
2025-06-22 02:11:24,712 - SUAS - DEBUG - [SUAS_main.main:736] - Waiting for mode change to: AUTO
2025-06-22 02:11:25,213 - SUAS - DEBUG - [SUAS_main.main:736] - Waiting for mode change to: AUTO
2025-06-22 02:11:25,715 - SUAS - DEBUG - [SUAS_main.main:736] - Waiting for mode change to: AUTO
2025-06-22 02:11:26,216 - SUAS - DEBUG - [SUAS_main.main:736] - Waiting for mode change to: AUTO
2025-06-22 02:11:26,717 - SUAS - DEBUG - [SUAS_main.main:736] - Waiting for mode change to: AUTO
2025-06-22 02:11:27,218 - SUAS - DEBUG - [SUAS_main.main:736] - Waiting for mode change to: AUTO
2025-06-22 02:11:27,720 - SUAS - DEBUG - [SUAS_main.main:736] - Waiting for mode change to: AUTO
2025-06-22 02:11:28,221 - SUAS - DEBUG - [SUAS_main.main:736] - Waiting for mode change to: AUTO
2025-06-22 02:11:28,722 - SUAS - DEBUG - [SUAS_main.main:736] - Waiting for mode change to: AUTO
2025-06-22 02:11:29,224 - SUAS - DEBUG - [SUAS_main.main:736] - Waiting for mode change to: AUTO
2025-06-22 02:11:29,726 - SUAS - DEBUG - [SUAS_main.main:736] - Waiting for mode change to: AUTO
2025-06-22 02:11:30,227 - SUAS - DEBUG - [SUAS_main.main:736] - Waiting for mode change to: AUTO
2025-06-22 02:11:30,729 - SUAS - DEBUG - [SUAS_main.main:736] - Waiting for mode change to: AUTO
2025-06-22 02:11:31,230 - SUAS - DEBUG - [SUAS_main.main:736] - Waiting for mode change to: AUTO
2025-06-22 02:11:31,732 - SUAS - DEBUG - [SUAS_main.main:736] - Waiting for mode change to: AUTO
2025-06-22 02:11:32,233 - SUAS - DEBUG - [SUAS_main.main:736] - Waiting for mode change to: AUTO
2025-06-22 02:11:32,735 - SUAS - DEBUG - [SUAS_main.main:736] - Waiting for mode change to: AUTO
2025-06-22 02:11:33,236 - SUAS - DEBUG - [SUAS_main.main:736] - Waiting for mode change to: AUTO
2025-06-22 02:11:33,737 - SUAS - DEBUG - [SUAS_main.main:736] - Waiting for mode change to: AUTO
2025-06-22 02:11:34,239 - SUAS - DEBUG - [SUAS_main.main:736] - Waiting for mode change to: AUTO
2025-06-22 02:11:34,740 - SUAS - DEBUG - [SUAS_main.main:736] - Waiting for mode change to: AUTO
2025-06-22 02:11:35,241 - SUAS - DEBUG - [SUAS_main.main:736] - Waiting for mode change to: AUTO
2025-06-22 02:11:35,743 - SUAS - DEBUG - [SUAS_main.main:736] - Waiting for mode change to: AUTO
2025-06-22 02:11:36,244 - SUAS - DEBUG - [SUAS_main.main:736] - Waiting for mode change to: AUTO
2025-06-22 02:11:36,746 - SUAS - DEBUG - [SUAS_main.main:736] - Waiting for mode change to: AUTO
2025-06-22 02:11:37,247 - SUAS - DEBUG - [SUAS_main.main:736] - Waiting for mode change to: AUTO
2025-06-22 02:11:37,749 - SUAS - DEBUG - [SUAS_main.main:736] - Waiting for mode change to: AUTO
2025-06-22 02:11:38,250 - SUAS - DEBUG - [SUAS_main.main:736] - Waiting for mode change to: AUTO
2025-06-22 02:11:38,752 - SUAS - DEBUG - [SUAS_main.main:736] - Waiting for mode change to: AUTO
2025-06-22 02:11:39,253 - SUAS - DEBUG - [SUAS_main.main:736] - Waiting for mode change to: AUTO
2025-06-22 02:11:39,755 - SUAS - DEBUG - [SUAS_main.main:736] - Waiting for mode change to: AUTO
2025-06-22 02:11:40,256 - SUAS - DEBUG - [SUAS_main.main:736] - Waiting for mode change to: AUTO
2025-06-22 02:11:40,757 - SUAS - DEBUG - [SUAS_main.main:736] - Waiting for mode change to: AUTO
2025-06-22 02:11:41,259 - SUAS - DEBUG - [SUAS_main.main:736] - Waiting for mode change to: AUTO
2025-06-22 02:11:41,760 - SUAS - DEBUG - [SUAS_main.main:736] - Waiting for mode change to: AUTO
2025-06-22 02:11:42,261 - SUAS - DEBUG - [SUAS_main.main:736] - Waiting for mode change to: AUTO
2025-06-22 02:11:42,763 - SUAS - DEBUG - [SUAS_main.main:736] - Waiting for mode change to: AUTO
2025-06-22 02:11:43,264 - SUAS - DEBUG - [SUAS_main.main:736] - Waiting for mode change to: AUTO
2025-06-22 02:11:43,766 - SUAS - DEBUG - [SUAS_main.main:736] - Waiting for mode change to: AUTO
2025-06-22 02:11:44,268 - SUAS - DEBUG - [SUAS_main.main:736] - Waiting for mode change to: AUTO
2025-06-22 02:11:44,769 - SUAS - DEBUG - [SUAS_main.main:736] - Waiting for mode change to: AUTO
2025-06-22 02:11:45,271 - SUAS - DEBUG - [SUAS_main.main:736] - Waiting for mode change to: AUTO
2025-06-22 02:11:45,772 - SUAS - DEBUG - [SUAS_main.main:736] - Waiting for mode change to: AUTO
2025-06-22 02:11:46,274 - SUAS - DEBUG - [SUAS_main.main:736] - Waiting for mode change to: AUTO
2025-06-22 02:11:46,775 - SUAS - DEBUG - [SUAS_main.main:736] - Waiting for mode change to: AUTO
2025-06-22 02:11:47,276 - SUAS - DEBUG - [SUAS_main.main:736] - Waiting for mode change to: AUTO
2025-06-22 02:11:47,778 - SUAS - DEBUG - [SUAS_main.main:736] - Waiting for mode change to: AUTO
2025-06-22 02:11:48,279 - SUAS - DEBUG - [SUAS_main.main:736] - Waiting for mode change to: AUTO
2025-06-22 02:11:48,780 - SUAS - DEBUG - [SUAS_main.main:736] - Waiting for mode change to: AUTO
2025-06-22 02:11:49,282 - SUAS - DEBUG - [SUAS_main.main:736] - Waiting for mode change to: AUTO
2025-06-22 02:11:49,784 - SUAS - DEBUG - [SUAS_main.main:736] - Waiting for mode change to: AUTO
2025-06-22 02:11:50,285 - SUAS - DEBUG - [SUAS_main.main:736] - Waiting for mode change to: AUTO
2025-06-22 02:11:50,787 - SUAS - DEBUG - [SUAS_main.main:736] - Waiting for mode change to: AUTO
2025-06-22 02:11:51,288 - SUAS - DEBUG - [SUAS_main.main:736] - Waiting for mode change to: AUTO
2025-06-22 02:11:51,790 - SUAS - DEBUG - [SUAS_main.main:736] - Waiting for mode change to: AUTO
2025-06-22 02:11:52,292 - SUAS - DEBUG - [SUAS_main.main:736] - Waiting for mode change to: AUTO
2025-06-22 02:11:52,793 - SUAS - DEBUG - [SUAS_main.main:736] - Waiting for mode change to: AUTO
2025-06-22 02:11:53,295 - SUAS - DEBUG - [SUAS_main.main:736] - Waiting for mode change to: AUTO
2025-06-22 02:11:53,796 - SUAS - DEBUG - [SUAS_main.main:736] - Waiting for mode change to: AUTO
2025-06-22 02:11:54,297 - SUAS - DEBUG - [SUAS_main.main:736] - Waiting for mode change to: AUTO
2025-06-22 02:11:54,799 - SUAS - DEBUG - [SUAS_main.main:736] - Waiting for mode change to: AUTO
2025-06-22 02:11:55,300 - SUAS - DEBUG - [SUAS_main.main:736] - Waiting for mode change to: AUTO
2025-06-22 02:11:55,802 - SUAS - DEBUG - [SUAS_main.main:736] - Waiting for mode change to: AUTO
2025-06-22 02:11:56,303 - SUAS - DEBUG - [SUAS_main.main:736] - Waiting for mode change to: AUTO
2025-06-22 02:11:56,805 - SUAS - DEBUG - [SUAS_main.main:736] - Waiting for mode change to: AUTO
2025-06-22 02:11:57,306 - SUAS - DEBUG - [SUAS_main.main:736] - Waiting for mode change to: AUTO
2025-06-22 02:11:57,808 - SUAS - DEBUG - [SUAS_main.main:736] - Waiting for mode change to: AUTO
2025-06-22 02:11:58,310 - SUAS - DEBUG - [SUAS_main.main:736] - Waiting for mode change to: AUTO
2025-06-22 02:11:58,811 - SUAS - DEBUG - [SUAS_main.main:736] - Waiting for mode change to: AUTO
2025-06-22 02:11:59,313 - SUAS - DEBUG - [SUAS_main.main:736] - Waiting for mode change to: AUTO
2025-06-22 02:11:59,814 - SUAS - DEBUG - [SUAS_main.main:736] - Waiting for mode change to: AUTO
2025-06-22 02:12:00,316 - SUAS - DEBUG - [SUAS_main.main:736] - Waiting for mode change to: AUTO
2025-06-22 02:12:00,817 - SUAS - DEBUG - [SUAS_main.main:736] - Waiting for mode change to: AUTO
2025-06-22 02:12:01,320 - SUAS - DEBUG - [SUAS_main.main:736] - Waiting for mode change to: AUTO
2025-06-22 02:12:01,821 - SUAS - DEBUG - [SUAS_main.main:736] - Waiting for mode change to: AUTO
2025-06-22 02:12:02,323 - SUAS - DEBUG - [SUAS_main.main:736] - Waiting for mode change to: AUTO
2025-06-22 02:12:02,826 - SUAS - DEBUG - [SUAS_main.main:736] - Waiting for mode change to: AUTO
2025-06-22 02:12:03,327 - SUAS - DEBUG - [SUAS_main.main:736] - Waiting for mode change to: AUTO
2025-06-22 02:12:03,829 - SUAS - DEBUG - [SUAS_main.main:736] - Waiting for mode change to: AUTO
2025-06-22 02:12:04,331 - SUAS - DEBUG - [SUAS_main.main:736] - Waiting for mode change to: AUTO
2025-06-22 02:12:04,832 - SUAS - DEBUG - [SUAS_main.main:736] - Waiting for mode change to: AUTO
2025-06-22 02:12:05,333 - SUAS - DEBUG - [SUAS_main.main:736] - Waiting for mode change to: AUTO
2025-06-22 02:12:05,835 - SUAS - DEBUG - [SUAS_main.main:736] - Waiting for mode change to: AUTO
2025-06-22 02:12:06,336 - SUAS - DEBUG - [SUAS_main.main:736] - Waiting for mode change to: AUTO
2025-06-22 02:12:06,837 - SUAS - DEBUG - [SUAS_main.main:736] - Waiting for mode change to: AUTO
2025-06-22 02:12:07,339 - SUAS - DEBUG - [SUAS_main.main:736] - Waiting for mode change to: AUTO
2025-06-22 02:12:07,840 - SUAS - DEBUG - [SUAS_main.main:736] - Waiting for mode change to: AUTO
2025-06-22 02:12:08,341 - SUAS - DEBUG - [SUAS_main.main:736] - Waiting for mode change to: AUTO
2025-06-22 02:12:08,843 - SUAS - DEBUG - [SUAS_main.main:736] - Waiting for mode change to: AUTO
2025-06-22 02:12:09,344 - SUAS - DEBUG - [SUAS_main.main:736] - Waiting for mode change to: AUTO
2025-06-22 02:12:09,846 - SUAS - DEBUG - [SUAS_main.main:736] - Waiting for mode change to: AUTO
2025-06-22 02:12:10,347 - SUAS - DEBUG - [SUAS_main.main:736] - Waiting for mode change to: AUTO
2025-06-22 02:12:10,849 - SUAS - DEBUG - [SUAS_main.main:736] - Waiting for mode change to: AUTO
2025-06-22 02:12:11,350 - SUAS - DEBUG - [SUAS_main.main:736] - Waiting for mode change to: AUTO
2025-06-22 02:12:11,852 - SUAS - DEBUG - [SUAS_main.main:736] - Waiting for mode change to: AUTO
2025-06-22 02:12:12,353 - SUAS - DEBUG - [SUAS_main.main:736] - Waiting for mode change to: AUTO
2025-06-22 02:12:12,855 - SUAS - DEBUG - [SUAS_main.main:736] - Waiting for mode change to: AUTO
2025-06-22 02:12:13,356 - SUAS - DEBUG - [SUAS_main.main:736] - Waiting for mode change to: AUTO
2025-06-22 02:12:13,857 - SUAS - DEBUG - [SUAS_main.main:736] - Waiting for mode change to: AUTO
2025-06-22 02:12:14,359 - SUAS - DEBUG - [SUAS_main.main:736] - Waiting for mode change to: AUTO
2025-06-22 02:12:14,860 - SUAS - DEBUG - [SUAS_main.main:736] - Waiting for mode change to: AUTO
2025-06-22 02:12:15,361 - SUAS - DEBUG - [SUAS_main.main:736] - Waiting for mode change to: AUTO
2025-06-22 02:12:15,863 - SUAS - DEBUG - [SUAS_main.main:736] - Waiting for mode change to: AUTO
2025-06-22 02:12:16,364 - SUAS - DEBUG - [SUAS_main.main:736] - Waiting for mode change to: AUTO
2025-06-22 02:12:16,866 - SUAS - DEBUG - [SUAS_main.main:736] - Waiting for mode change to: AUTO
2025-06-22 02:12:17,367 - SUAS - DEBUG - [SUAS_main.main:736] - Waiting for mode change to: AUTO
2025-06-22 02:12:17,869 - SUAS - DEBUG - [SUAS_main.main:736] - Waiting for mode change to: AUTO
2025-06-22 02:12:18,371 - SUAS - DEBUG - [SUAS_main.main:736] - Waiting for mode change to: AUTO
2025-06-22 02:12:18,872 - SUAS - DEBUG - [SUAS_main.main:736] - Waiting for mode change to: AUTO
2025-06-22 02:12:19,373 - SUAS - DEBUG - [SUAS_main.main:736] - Waiting for mode change to: AUTO
2025-06-22 02:12:19,875 - SUAS - DEBUG - [SUAS_main.main:736] - Waiting for mode change to: AUTO
2025-06-22 02:12:20,376 - SUAS - DEBUG - [SUAS_main.main:736] - Waiting for mode change to: AUTO
2025-06-22 02:12:20,877 - SUAS - DEBUG - [SUAS_main.main:736] - Waiting for mode change to: AUTO
2025-06-22 02:12:21,378 - SUAS - DEBUG - [SUAS_main.main:736] - Waiting for mode change to: AUTO
2025-06-22 02:12:21,880 - SUAS - DEBUG - [SUAS_main.main:736] - Waiting for mode change to: AUTO
2025-06-22 02:12:22,381 - SUAS - DEBUG - [SUAS_main.main:736] - Waiting for mode change to: AUTO
2025-06-22 02:12:22,884 - SUAS - DEBUG - [SUAS_main.main:736] - Waiting for mode change to: AUTO
2025-06-22 02:12:23,385 - SUAS - DEBUG - [SUAS_main.main:736] - Waiting for mode change to: AUTO
2025-06-22 02:12:23,887 - SUAS - DEBUG - [SUAS_main.main:736] - Waiting for mode change to: AUTO
2025-06-22 02:12:24,388 - SUAS - DEBUG - [SUAS_main.main:736] - Waiting for mode change to: AUTO
2025-06-22 02:12:24,890 - SUAS - DEBUG - [SUAS_main.main:736] - Waiting for mode change to: AUTO
2025-06-22 02:12:25,391 - SUAS - DEBUG - [SUAS_main.main:736] - Waiting for mode change to: AUTO
2025-06-22 02:12:25,893 - SUAS - DEBUG - [SUAS_main.main:736] - Waiting for mode change to: AUTO
2025-06-22 02:12:26,394 - SUAS - DEBUG - [SUAS_main.main:736] - Waiting for mode change to: AUTO
2025-06-22 02:12:26,896 - SUAS - DEBUG - [SUAS_main.main:736] - Waiting for mode change to: AUTO
2025-06-22 02:12:27,397 - SUAS - DEBUG - [SUAS_main.main:736] - Waiting for mode change to: AUTO
2025-06-22 02:12:27,899 - SUAS - DEBUG - [SUAS_main.main:736] - Waiting for mode change to: AUTO
2025-06-22 02:12:28,400 - SUAS - DEBUG - [SUAS_main.main:736] - Waiting for mode change to: AUTO
2025-06-22 02:12:28,901 - SUAS - DEBUG - [SUAS_main.main:736] - Waiting for mode change to: AUTO
2025-06-22 02:12:29,403 - SUAS - DEBUG - [SUAS_main.main:736] - Waiting for mode change to: AUTO
2025-06-22 02:12:29,904 - SUAS - DEBUG - [SUAS_main.main:736] - Waiting for mode change to: AUTO
2025-06-22 02:12:30,406 - SUAS - DEBUG - [SUAS_main.main:736] - Waiting for mode change to: AUTO
2025-06-22 02:12:30,907 - SUAS - DEBUG - [SUAS_main.main:736] - Waiting for mode change to: AUTO
2025-06-22 02:12:31,409 - SUAS - DEBUG - [SUAS_main.main:736] - Waiting for mode change to: AUTO
2025-06-22 02:12:31,910 - SUAS - DEBUG - [SUAS_main.main:736] - Waiting for mode change to: AUTO
2025-06-22 02:12:32,412 - SUAS - DEBUG - [SUAS_main.main:736] - Waiting for mode change to: AUTO
2025-06-22 02:12:32,913 - SUAS - DEBUG - [SUAS_main.main:736] - Waiting for mode change to: AUTO
2025-06-22 02:12:33,415 - SUAS - DEBUG - [SUAS_main.main:736] - Waiting for mode change to: AUTO
2025-06-22 02:12:33,916 - SUAS - DEBUG - [SUAS_main.main:736] - Waiting for mode change to: AUTO
2025-06-22 02:12:34,417 - SUAS - DEBUG - [SUAS_main.main:736] - Waiting for mode change to: AUTO
2025-06-22 02:12:34,919 - SUAS - DEBUG - [SUAS_main.main:736] - Waiting for mode change to: AUTO
2025-06-22 02:12:35,420 - SUAS - DEBUG - [SUAS_main.main:736] - Waiting for mode change to: AUTO
2025-06-22 02:12:35,921 - SUAS - DEBUG - [SUAS_main.main:736] - Waiting for mode change to: AUTO
2025-06-22 02:12:36,423 - SUAS - DEBUG - [SUAS_main.main:736] - Waiting for mode change to: AUTO
2025-06-22 02:12:36,925 - SUAS - DEBUG - [SUAS_main.main:736] - Waiting for mode change to: AUTO
2025-06-22 02:12:37,426 - SUAS - DEBUG - [SUAS_main.main:736] - Waiting for mode change to: AUTO
2025-06-22 02:12:37,928 - SUAS - DEBUG - [SUAS_main.main:736] - Waiting for mode change to: AUTO
2025-06-22 02:12:38,429 - SUAS - DEBUG - [SUAS_main.main:736] - Waiting for mode change to: AUTO
2025-06-22 02:12:38,931 - SUAS - DEBUG - [SUAS_main.main:736] - Waiting for mode change to: AUTO
2025-06-22 02:12:39,432 - SUAS - DEBUG - [SUAS_main.main:736] - Waiting for mode change to: AUTO
2025-06-22 02:12:39,934 - SUAS - DEBUG - [SUAS_main.main:736] - Waiting for mode change to: AUTO
2025-06-22 02:12:40,435 - SUAS - DEBUG - [SUAS_main.main:736] - Waiting for mode change to: AUTO
2025-06-22 02:12:40,936 - SUAS - DEBUG - [SUAS_main.main:736] - Waiting for mode change to: AUTO
2025-06-22 02:12:41,438 - SUAS - DEBUG - [SUAS_main.main:736] - Waiting for mode change to: AUTO
2025-06-22 02:12:41,939 - SUAS - DEBUG - [SUAS_main.main:736] - Waiting for mode change to: AUTO
2025-06-22 02:12:42,441 - SUAS - DEBUG - [SUAS_main.main:736] - Waiting for mode change to: AUTO
2025-06-22 02:12:42,943 - SUAS - DEBUG - [SUAS_main.main:736] - Waiting for mode change to: AUTO
2025-06-22 02:12:43,445 - SUAS - DEBUG - [SUAS_main.main:736] - Waiting for mode change to: AUTO
2025-06-22 02:12:43,946 - SUAS - DEBUG - [SUAS_main.main:736] - Waiting for mode change to: AUTO
2025-06-22 02:12:44,448 - SUAS - DEBUG - [SUAS_main.main:736] - Waiting for mode change to: AUTO
2025-06-22 02:12:44,949 - SUAS - DEBUG - [SUAS_main.main:736] - Waiting for mode change to: AUTO
2025-06-22 02:12:45,451 - SUAS - DEBUG - [SUAS_main.main:736] - Waiting for mode change to: AUTO
2025-06-22 02:12:45,952 - SUAS - DEBUG - [SUAS_main.main:736] - Waiting for mode change to: AUTO
2025-06-22 02:12:46,454 - SUAS - DEBUG - [SUAS_main.main:736] - Waiting for mode change to: AUTO
2025-06-22 02:12:46,955 - SUAS - DEBUG - [SUAS_main.main:736] - Waiting for mode change to: AUTO
2025-06-22 02:12:47,456 - SUAS - DEBUG - [SUAS_main.main:736] - Waiting for mode change to: AUTO
2025-06-22 02:12:47,958 - SUAS - DEBUG - [SUAS_main.main:736] - Waiting for mode change to: AUTO
2025-06-22 02:12:48,459 - SUAS - DEBUG - [SUAS_main.main:736] - Waiting for mode change to: AUTO
2025-06-22 02:12:48,961 - SUAS - DEBUG - [SUAS_main.main:736] - Waiting for mode change to: AUTO
2025-06-22 02:12:49,462 - SUAS - DEBUG - [SUAS_main.main:736] - Waiting for mode change to: AUTO
2025-06-22 02:12:49,964 - SUAS - DEBUG - [SUAS_main.main:736] - Waiting for mode change to: AUTO
2025-06-22 02:12:50,466 - SUAS - DEBUG - [SUAS_main.main:736] - Waiting for mode change to: AUTO
2025-06-22 02:12:50,967 - SUAS - DEBUG - [SUAS_main.main:736] - Waiting for mode change to: AUTO
2025-06-22 02:12:51,469 - SUAS - DEBUG - [SUAS_main.main:736] - Waiting for mode change to: AUTO
2025-06-22 02:12:51,970 - SUAS - DEBUG - [SUAS_main.main:736] - Waiting for mode change to: AUTO
2025-06-22 02:12:52,472 - SUAS - DEBUG - [SUAS_main.main:736] - Waiting for mode change to: AUTO
2025-06-22 02:12:52,973 - SUAS - DEBUG - [SUAS_main.main:736] - Waiting for mode change to: AUTO
2025-06-22 02:12:53,475 - SUAS - DEBUG - [SUAS_main.main:736] - Waiting for mode change to: AUTO
2025-06-22 02:12:53,976 - SUAS - DEBUG - [SUAS_main.main:736] - Waiting for mode change to: AUTO
2025-06-22 02:12:54,478 - SUAS - DEBUG - [SUAS_main.main:736] - Waiting for mode change to: AUTO
2025-06-22 02:12:54,979 - SUAS - DEBUG - [SUAS_main.main:736] - Waiting for mode change to: AUTO
2025-06-22 02:12:55,481 - SUAS - DEBUG - [SUAS_main.main:736] - Waiting for mode change to: AUTO
2025-06-22 02:12:55,983 - SUAS - DEBUG - [SUAS_main.main:736] - Waiting for mode change to: AUTO
2025-06-22 02:12:56,484 - SUAS - DEBUG - [SUAS_main.main:736] - Waiting for mode change to: AUTO
2025-06-22 02:12:56,986 - SUAS - DEBUG - [SUAS_main.main:736] - Waiting for mode change to: AUTO
2025-06-22 02:12:57,487 - SUAS - DEBUG - [SUAS_main.main:736] - Waiting for mode change to: AUTO
2025-06-22 02:12:57,989 - SUAS - DEBUG - [SUAS_main.main:736] - Waiting for mode change to: AUTO
2025-06-22 02:12:58,490 - SUAS - DEBUG - [SUAS_main.main:736] - Waiting for mode change to: AUTO
2025-06-22 02:12:58,992 - SUAS - DEBUG - [SUAS_main.main:736] - Waiting for mode change to: AUTO
2025-06-22 02:12:59,493 - SUAS - DEBUG - [SUAS_main.main:736] - Waiting for mode change to: AUTO
2025-06-22 02:12:59,995 - SUAS - DEBUG - [SUAS_main.main:736] - Waiting for mode change to: AUTO
2025-06-22 02:13:00,496 - SUAS - DEBUG - [SUAS_main.main:736] - Waiting for mode change to: AUTO
2025-06-22 02:13:00,997 - SUAS - DEBUG - [SUAS_main.main:736] - Waiting for mode change to: AUTO
2025-06-22 02:13:01,499 - SUAS - DEBUG - [SUAS_main.main:736] - Waiting for mode change to: AUTO
2025-06-22 02:13:02,000 - SUAS - DEBUG - [SUAS_main.main:736] - Waiting for mode change to: AUTO
2025-06-22 02:13:02,502 - SUAS - DEBUG - [SUAS_main.main:736] - Waiting for mode change to: AUTO
2025-06-22 02:13:03,003 - SUAS - DEBUG - [SUAS_main.main:736] - Waiting for mode change to: AUTO
2025-06-22 02:13:03,505 - SUAS - DEBUG - [SUAS_main.main:736] - Waiting for mode change to: AUTO
2025-06-22 02:13:04,006 - SUAS - DEBUG - [SUAS_main.main:736] - Waiting for mode change to: AUTO
2025-06-22 02:13:04,508 - SUAS - DEBUG - [SUAS_main.main:736] - Waiting for mode change to: AUTO
2025-06-22 02:13:05,009 - SUAS - DEBUG - [SUAS_main.main:736] - Waiting for mode change to: AUTO
2025-06-22 02:13:05,510 - SUAS - DEBUG - [SUAS_main.main:736] - Waiting for mode change to: AUTO
2025-06-22 02:13:06,012 - SUAS - DEBUG - [SUAS_main.main:736] - Waiting for mode change to: AUTO
2025-06-22 02:13:06,513 - SUAS - DEBUG - [SUAS_main.main:736] - Waiting for mode change to: AUTO
2025-06-22 02:13:07,014 - SUAS - DEBUG - [SUAS_main.main:736] - Waiting for mode change to: AUTO
2025-06-22 02:13:07,516 - SUAS - DEBUG - [SUAS_main.main:736] - Waiting for mode change to: AUTO
2025-06-22 02:13:08,017 - SUAS - DEBUG - [SUAS_main.main:736] - Waiting for mode change to: AUTO
2025-06-22 02:13:08,519 - SUAS - DEBUG - [SUAS_main.main:736] - Waiting for mode change to: AUTO
2025-06-22 02:13:09,020 - SUAS - DEBUG - [SUAS_main.main:736] - Waiting for mode change to: AUTO
2025-06-22 02:13:09,522 - SUAS - DEBUG - [SUAS_main.main:736] - Waiting for mode change to: AUTO
2025-06-22 02:13:10,024 - SUAS - DEBUG - [SUAS_main.main:736] - Waiting for mode change to: AUTO
2025-06-22 02:13:10,525 - SUAS - DEBUG - [SUAS_main.main:736] - Waiting for mode change to: AUTO
2025-06-22 02:13:11,027 - SUAS - DEBUG - [SUAS_main.main:736] - Waiting for mode change to: AUTO
2025-06-22 02:13:11,528 - SUAS - DEBUG - [SUAS_main.main:736] - Waiting for mode change to: AUTO
2025-06-22 02:13:12,029 - SUAS - DEBUG - [SUAS_main.main:736] - Waiting for mode change to: AUTO
2025-06-22 02:13:12,531 - SUAS - DEBUG - [SUAS_main.main:736] - Waiting for mode change to: AUTO
2025-06-22 02:13:13,032 - SUAS - DEBUG - [SUAS_main.main:736] - Waiting for mode change to: AUTO
2025-06-22 02:13:13,533 - SUAS - DEBUG - [SUAS_main.main:736] - Waiting for mode change to: AUTO
2025-06-22 02:13:14,034 - SUAS - DEBUG - [SUAS_main.main:736] - Waiting for mode change to: AUTO
2025-06-22 02:13:14,536 - SUAS - DEBUG - [SUAS_main.main:736] - Waiting for mode change to: AUTO
2025-06-22 02:13:15,037 - SUAS - DEBUG - [SUAS_main.main:736] - Waiting for mode change to: AUTO
2025-06-22 02:13:15,539 - SUAS - DEBUG - [SUAS_main.main:736] - Waiting for mode change to: AUTO
2025-06-22 02:13:16,040 - SUAS - DEBUG - [SUAS_main.main:736] - Waiting for mode change to: AUTO
2025-06-22 02:13:16,542 - SUAS - DEBUG - [SUAS_main.main:736] - Waiting for mode change to: AUTO
2025-06-22 02:13:17,044 - SUAS - DEBUG - [SUAS_main.main:736] - Waiting for mode change to: AUTO
2025-06-22 02:13:17,546 - SUAS - DEBUG - [SUAS_main.main:736] - Waiting for mode change to: AUTO
2025-06-22 02:13:18,047 - SUAS - DEBUG - [SUAS_main.main:736] - Waiting for mode change to: AUTO
2025-06-22 02:13:18,548 - SUAS - DEBUG - [SUAS_main.main:736] - Waiting for mode change to: AUTO
2025-06-22 02:13:19,069 - SUAS - DEBUG - [SUAS_main.main:736] - Waiting for mode change to: AUTO
2025-06-22 02:13:19,571 - SUAS - DEBUG - [SUAS_main.main:736] - Waiting for mode change to: AUTO
2025-06-22 02:13:20,072 - SUAS - DEBUG - [SUAS_main.main:736] - Waiting for mode change to: AUTO
2025-06-22 02:13:20,574 - SUAS - DEBUG - [SUAS_main.main:736] - Waiting for mode change to: AUTO
2025-06-22 02:13:21,075 - SUAS - DEBUG - [SUAS_main.main:736] - Waiting for mode change to: AUTO
2025-06-22 02:13:21,577 - SUAS - DEBUG - [SUAS_main.main:736] - Waiting for mode change to: AUTO
2025-06-22 02:13:22,078 - SUAS - DEBUG - [SUAS_main.main:736] - Waiting for mode change to: AUTO
2025-06-22 02:13:22,580 - SUAS - DEBUG - [SUAS_main.main:736] - Waiting for mode change to: AUTO
2025-06-22 02:13:23,082 - SUAS - DEBUG - [SUAS_main.main:736] - Waiting for mode change to: AUTO
2025-06-22 02:13:23,583 - SUAS - DEBUG - [SUAS_main.main:736] - Waiting for mode change to: AUTO
2025-06-22 02:13:24,085 - SUAS - DEBUG - [SUAS_main.main:736] - Waiting for mode change to: AUTO
2025-06-22 02:13:24,586 - SUAS - DEBUG - [SUAS_main.main:736] - Waiting for mode change to: AUTO
2025-06-22 02:13:25,088 - SUAS - DEBUG - [SUAS_main.main:736] - Waiting for mode change to: AUTO
2025-06-22 02:13:25,589 - SUAS - DEBUG - [SUAS_main.main:736] - Waiting for mode change to: AUTO
2025-06-22 02:13:26,091 - SUAS - DEBUG - [SUAS_main.main:736] - Waiting for mode change to: AUTO
2025-06-22 02:13:26,592 - SUAS - DEBUG - [SUAS_main.main:736] - Waiting for mode change to: AUTO
2025-06-22 02:13:27,093 - SUAS - DEBUG - [SUAS_main.main:736] - Waiting for mode change to: AUTO
2025-06-22 02:13:27,595 - SUAS - DEBUG - [SUAS_main.main:736] - Waiting for mode change to: AUTO
2025-06-22 02:13:28,096 - SUAS - DEBUG - [SUAS_main.main:736] - Waiting for mode change to: AUTO
2025-06-22 02:13:28,598 - SUAS - DEBUG - [SUAS_main.main:736] - Waiting for mode change to: AUTO
2025-06-22 02:13:29,099 - SUAS - DEBUG - [SUAS_main.main:736] - Waiting for mode change to: AUTO
2025-06-22 02:13:29,601 - SUAS - DEBUG - [SUAS_main.main:736] - Waiting for mode change to: AUTO
2025-06-22 02:13:30,102 - SUAS - DEBUG - [SUAS_main.main:736] - Waiting for mode change to: AUTO
2025-06-22 02:13:30,604 - SUAS - DEBUG - [SUAS_main.main:736] - Waiting for mode change to: AUTO
2025-06-22 02:13:31,105 - SUAS - DEBUG - [SUAS_main.main:736] - Waiting for mode change to: AUTO
2025-06-22 02:13:31,607 - SUAS - DEBUG - [SUAS_main.main:736] - Waiting for mode change to: AUTO
2025-06-22 02:13:32,108 - SUAS - DEBUG - [SUAS_main.main:736] - Waiting for mode change to: AUTO
2025-06-22 02:13:32,610 - SUAS - DEBUG - [SUAS_main.main:736] - Waiting for mode change to: AUTO
2025-06-22 02:13:33,111 - SUAS - DEBUG - [SUAS_main.main:736] - Waiting for mode change to: AUTO
2025-06-22 02:13:33,613 - SUAS - DEBUG - [SUAS_main.main:736] - Waiting for mode change to: AUTO
2025-06-22 02:13:34,114 - SUAS - DEBUG - [SUAS_main.main:736] - Waiting for mode change to: AUTO
2025-06-22 02:13:34,615 - SUAS - DEBUG - [SUAS_main.main:736] - Waiting for mode change to: AUTO
2025-06-22 02:13:35,117 - SUAS - DEBUG - [SUAS_main.main:736] - Waiting for mode change to: AUTO
2025-06-22 02:13:35,618 - SUAS - DEBUG - [SUAS_main.main:736] - Waiting for mode change to: AUTO
2025-06-22 02:13:36,120 - SUAS - DEBUG - [SUAS_main.main:736] - Waiting for mode change to: AUTO
2025-06-22 02:13:36,622 - SUAS - DEBUG - [SUAS_main.main:736] - Waiting for mode change to: AUTO
2025-06-22 02:13:37,123 - SUAS - DEBUG - [SUAS_main.main:736] - Waiting for mode change to: AUTO
2025-06-22 02:13:37,625 - SUAS - DEBUG - [SUAS_main.main:736] - Waiting for mode change to: AUTO
2025-06-22 02:13:38,126 - SUAS - DEBUG - [SUAS_main.main:736] - Waiting for mode change to: AUTO
2025-06-22 02:13:38,628 - SUAS - DEBUG - [SUAS_main.main:736] - Waiting for mode change to: AUTO
2025-06-22 02:13:39,129 - SUAS - DEBUG - [SUAS_main.main:736] - Waiting for mode change to: AUTO
2025-06-22 02:13:39,631 - SUAS - DEBUG - [SUAS_main.main:736] - Waiting for mode change to: AUTO
2025-06-22 02:13:40,132 - SUAS - DEBUG - [SUAS_main.main:736] - Waiting for mode change to: AUTO
2025-06-22 02:13:40,633 - SUAS - DEBUG - [SUAS_main.main:736] - Waiting for mode change to: AUTO
2025-06-22 02:13:41,135 - SUAS - DEBUG - [SUAS_main.main:736] - Waiting for mode change to: AUTO
2025-06-22 02:13:41,636 - SUAS - DEBUG - [SUAS_main.main:736] - Waiting for mode change to: AUTO
2025-06-22 02:13:42,137 - SUAS - DEBUG - [SUAS_main.main:736] - Waiting for mode change to: AUTO
2025-06-22 02:13:42,639 - SUAS - DEBUG - [SUAS_main.main:736] - Waiting for mode change to: AUTO
2025-06-22 02:13:43,140 - SUAS - DEBUG - [SUAS_main.main:736] - Waiting for mode change to: AUTO
2025-06-22 02:13:43,642 - SUAS - DEBUG - [SUAS_main.main:736] - Waiting for mode change to: AUTO
2025-06-22 02:13:44,144 - SUAS - DEBUG - [SUAS_main.main:736] - Waiting for mode change to: AUTO
2025-06-22 02:13:44,645 - SUAS - DEBUG - [SUAS_main.main:736] - Waiting for mode change to: AUTO
2025-06-22 02:13:45,146 - SUAS - DEBUG - [SUAS_main.main:736] - Waiting for mode change to: AUTO
2025-06-22 02:13:45,648 - SUAS - DEBUG - [SUAS_main.main:736] - Waiting for mode change to: AUTO
2025-06-22 02:13:46,149 - SUAS - DEBUG - [SUAS_main.main:736] - Waiting for mode change to: AUTO
2025-06-22 02:13:46,650 - SUAS - DEBUG - [SUAS_main.main:736] - Waiting for mode change to: AUTO
2025-06-22 02:13:47,151 - SUAS - DEBUG - [SUAS_main.main:736] - Waiting for mode change to: AUTO
2025-06-22 02:13:47,653 - SUAS - DEBUG - [SUAS_main.main:736] - Waiting for mode change to: AUTO
2025-06-22 02:13:48,154 - SUAS - DEBUG - [SUAS_main.main:736] - Waiting for mode change to: AUTO
2025-06-22 02:13:48,656 - SUAS - DEBUG - [SUAS_main.main:736] - Waiting for mode change to: AUTO
2025-06-22 02:13:49,157 - SUAS - DEBUG - [SUAS_main.main:736] - Waiting for mode change to: AUTO
2025-06-22 02:13:49,658 - SUAS - DEBUG - [SUAS_main.main:736] - Waiting for mode change to: AUTO
2025-06-22 02:13:50,160 - SUAS - DEBUG - [SUAS_main.main:736] - Waiting for mode change to: AUTO
2025-06-22 02:13:50,662 - SUAS - DEBUG - [SUAS_main.main:736] - Waiting for mode change to: AUTO
2025-06-22 02:13:51,164 - SUAS - DEBUG - [SUAS_main.main:736] - Waiting for mode change to: AUTO
2025-06-22 02:13:51,665 - SUAS - DEBUG - [SUAS_main.main:736] - Waiting for mode change to: AUTO
2025-06-22 02:13:52,167 - SUAS - DEBUG - [SUAS_main.main:736] - Waiting for mode change to: AUTO
2025-06-22 02:13:52,668 - SUAS - DEBUG - [SUAS_main.main:736] - Waiting for mode change to: AUTO
2025-06-22 02:13:53,169 - SUAS - DEBUG - [SUAS_main.main:736] - Waiting for mode change to: AUTO
2025-06-22 02:13:53,671 - SUAS - DEBUG - [SUAS_main.main:736] - Waiting for mode change to: AUTO
2025-06-22 02:13:54,172 - SUAS - DEBUG - [SUAS_main.main:736] - Waiting for mode change to: AUTO
2025-06-22 02:13:54,673 - SUAS - DEBUG - [SUAS_main.main:736] - Waiting for mode change to: AUTO
2025-06-22 02:13:55,175 - SUAS - DEBUG - [SUAS_main.main:736] - Waiting for mode change to: AUTO
2025-06-22 02:13:55,676 - SUAS - DEBUG - [SUAS_main.main:736] - Waiting for mode change to: AUTO
2025-06-22 02:13:56,177 - SUAS - DEBUG - [SUAS_main.main:736] - Waiting for mode change to: AUTO
2025-06-22 02:13:56,679 - SUAS - DEBUG - [SUAS_main.main:736] - Waiting for mode change to: AUTO
2025-06-22 02:13:57,180 - SUAS - DEBUG - [SUAS_main.main:736] - Waiting for mode change to: AUTO
2025-06-22 02:13:57,682 - SUAS - DEBUG - [SUAS_main.main:736] - Waiting for mode change to: AUTO
2025-06-22 02:13:58,183 - SUAS - DEBUG - [SUAS_main.main:736] - Waiting for mode change to: AUTO
2025-06-22 02:13:58,685 - SUAS - DEBUG - [SUAS_main.main:736] - Waiting for mode change to: AUTO
2025-06-22 02:13:59,186 - SUAS - DEBUG - [SUAS_main.main:736] - Waiting for mode change to: AUTO
2025-06-22 02:13:59,688 - SUAS - DEBUG - [SUAS_main.main:736] - Waiting for mode change to: AUTO
2025-06-22 02:14:00,189 - SUAS - DEBUG - [SUAS_main.main:736] - Waiting for mode change to: AUTO
2025-06-22 02:14:00,690 - SUAS - DEBUG - [SUAS_main.main:736] - Waiting for mode change to: AUTO
2025-06-22 02:14:01,192 - SUAS - DEBUG - [SUAS_main.main:736] - Waiting for mode change to: AUTO
2025-06-22 02:14:01,693 - SUAS - DEBUG - [SUAS_main.main:736] - Waiting for mode change to: AUTO
2025-06-22 02:14:02,195 - SUAS - DEBUG - [SUAS_main.main:736] - Waiting for mode change to: AUTO
2025-06-22 02:14:02,696 - SUAS - DEBUG - [SUAS_main.main:736] - Waiting for mode change to: AUTO
2025-06-22 02:14:03,197 - SUAS - DEBUG - [SUAS_main.main:736] - Waiting for mode change to: AUTO
2025-06-22 02:14:03,699 - SUAS - DEBUG - [SUAS_main.main:736] - Waiting for mode change to: AUTO
2025-06-22 02:14:04,200 - SUAS - DEBUG - [SUAS_main.main:736] - Waiting for mode change to: AUTO
2025-06-22 02:14:04,702 - SUAS - DEBUG - [SUAS_main.main:736] - Waiting for mode change to: AUTO
2025-06-22 02:14:05,204 - SUAS - DEBUG - [SUAS_main.main:736] - Waiting for mode change to: AUTO
2025-06-22 02:14:05,705 - SUAS - DEBUG - [SUAS_main.main:736] - Waiting for mode change to: AUTO
2025-06-22 02:14:06,206 - SUAS - DEBUG - [SUAS_main.main:736] - Waiting for mode change to: AUTO
2025-06-22 02:14:06,708 - SUAS - DEBUG - [SUAS_main.main:736] - Waiting for mode change to: AUTO
2025-06-22 02:14:07,209 - SUAS - DEBUG - [SUAS_main.main:736] - Waiting for mode change to: AUTO
2025-06-22 02:14:07,711 - SUAS - DEBUG - [SUAS_main.main:736] - Waiting for mode change to: AUTO
2025-06-22 02:14:08,212 - SUAS - DEBUG - [SUAS_main.main:736] - Waiting for mode change to: AUTO
2025-06-22 02:14:08,713 - SUAS - DEBUG - [SUAS_main.main:736] - Waiting for mode change to: AUTO
2025-06-22 02:14:09,215 - SUAS - DEBUG - [SUAS_main.main:736] - Waiting for mode change to: AUTO
2025-06-22 02:14:09,716 - SUAS - DEBUG - [SUAS_main.main:736] - Waiting for mode change to: AUTO
2025-06-22 02:14:10,217 - SUAS - DEBUG - [SUAS_main.main:736] - Waiting for mode change to: AUTO
2025-06-22 02:14:10,719 - SUAS - DEBUG - [SUAS_main.main:736] - Waiting for mode change to: AUTO
2025-06-22 02:14:11,220 - SUAS - DEBUG - [SUAS_main.main:736] - Waiting for mode change to: AUTO
2025-06-22 02:14:11,722 - SUAS - DEBUG - [SUAS_main.main:736] - Waiting for mode change to: AUTO
2025-06-22 02:14:12,224 - SUAS - DEBUG - [SUAS_main.main:736] - Waiting for mode change to: AUTO
2025-06-22 02:14:12,725 - SUAS - DEBUG - [SUAS_main.main:736] - Waiting for mode change to: AUTO
2025-06-22 02:14:13,227 - SUAS - DEBUG - [SUAS_main.main:736] - Waiting for mode change to: AUTO
2025-06-22 02:14:13,728 - SUAS - DEBUG - [SUAS_main.main:736] - Waiting for mode change to: AUTO
2025-06-22 02:14:14,229 - SUAS - DEBUG - [SUAS_main.main:736] - Waiting for mode change to: AUTO
2025-06-22 02:14:14,730 - SUAS - DEBUG - [SUAS_main.main:736] - Waiting for mode change to: AUTO
2025-06-22 02:14:15,232 - SUAS - DEBUG - [SUAS_main.main:736] - Waiting for mode change to: AUTO
2025-06-22 02:14:15,733 - SUAS - DEBUG - [SUAS_main.main:736] - Waiting for mode change to: AUTO
2025-06-22 02:14:16,235 - SUAS - DEBUG - [SUAS_main.main:736] - Waiting for mode change to: AUTO
2025-06-22 02:14:16,736 - SUAS - DEBUG - [SUAS_main.main:736] - Waiting for mode change to: AUTO
2025-06-22 02:14:17,237 - SUAS - DEBUG - [SUAS_main.main:736] - Waiting for mode change to: AUTO
2025-06-22 02:14:17,739 - SUAS - DEBUG - [SUAS_main.main:736] - Waiting for mode change to: AUTO
2025-06-22 02:14:18,240 - SUAS - DEBUG - [SUAS_main.main:736] - Waiting for mode change to: AUTO
2025-06-22 02:14:18,742 - SUAS - DEBUG - [SUAS_main.main:736] - Waiting for mode change to: AUTO
2025-06-22 02:14:19,243 - SUAS - DEBUG - [SUAS_main.main:736] - Waiting for mode change to: AUTO
2025-06-22 02:14:19,778 - SUAS - DEBUG - [SUAS_main.main:736] - Waiting for mode change to: AUTO
2025-06-22 02:14:20,279 - SUAS - DEBUG - [SUAS_main.main:736] - Waiting for mode change to: AUTO
2025-06-22 02:14:20,781 - SUAS - DEBUG - [SUAS_main.main:736] - Waiting for mode change to: AUTO
2025-06-22 02:14:21,283 - SUAS - DEBUG - [SUAS_main.main:736] - Waiting for mode change to: AUTO
2025-06-22 02:14:21,784 - SUAS - DEBUG - [SUAS_main.main:736] - Waiting for mode change to: AUTO
2025-06-22 02:14:22,286 - SUAS - DEBUG - [SUAS_main.main:736] - Waiting for mode change to: AUTO
2025-06-22 02:14:22,787 - SUAS - DEBUG - [SUAS_main.main:736] - Waiting for mode change to: AUTO
2025-06-22 02:14:23,289 - SUAS - DEBUG - [SUAS_main.main:736] - Waiting for mode change to: AUTO
2025-06-22 02:14:23,790 - SUAS - DEBUG - [SUAS_main.main:736] - Waiting for mode change to: AUTO
2025-06-22 02:14:24,292 - SUAS - DEBUG - [SUAS_main.main:736] - Waiting for mode change to: AUTO
2025-06-22 02:14:24,793 - SUAS - DEBUG - [SUAS_main.main:736] - Waiting for mode change to: AUTO
2025-06-22 02:14:25,295 - SUAS - DEBUG - [SUAS_main.main:736] - Waiting for mode change to: AUTO
2025-06-22 02:14:25,796 - SUAS - DEBUG - [SUAS_main.main:736] - Waiting for mode change to: AUTO
2025-06-22 02:14:26,298 - SUAS - DEBUG - [SUAS_main.main:736] - Waiting for mode change to: AUTO
2025-06-22 02:14:26,799 - SUAS - DEBUG - [SUAS_main.main:736] - Waiting for mode change to: AUTO
2025-06-22 02:14:27,301 - SUAS - DEBUG - [SUAS_main.main:736] - Waiting for mode change to: AUTO
2025-06-22 02:14:27,802 - SUAS - DEBUG - [SUAS_main.main:736] - Waiting for mode change to: AUTO
2025-06-22 02:14:28,304 - SUAS - DEBUG - [SUAS_main.main:736] - Waiting for mode change to: AUTO
2025-06-22 02:14:28,806 - SUAS - DEBUG - [SUAS_main.main:736] - Waiting for mode change to: AUTO
2025-06-22 02:14:29,307 - SUAS - DEBUG - [SUAS_main.main:736] - Waiting for mode change to: AUTO
2025-06-22 02:14:29,809 - SUAS - DEBUG - [SUAS_main.main:736] - Waiting for mode change to: AUTO
2025-06-22 02:14:30,310 - SUAS - DEBUG - [SUAS_main.main:736] - Waiting for mode change to: AUTO
2025-06-22 02:14:30,812 - SUAS - DEBUG - [SUAS_main.main:736] - Waiting for mode change to: AUTO
2025-06-22 02:14:31,313 - SUAS - DEBUG - [SUAS_main.main:736] - Waiting for mode change to: AUTO
2025-06-22 02:14:31,815 - SUAS - DEBUG - [SUAS_main.main:736] - Waiting for mode change to: AUTO
2025-06-22 02:14:32,316 - SUAS - DEBUG - [SUAS_main.main:736] - Waiting for mode change to: AUTO
2025-06-22 02:14:32,817 - SUAS - DEBUG - [SUAS_main.main:736] - Waiting for mode change to: AUTO
2025-06-22 02:14:33,319 - SUAS - DEBUG - [SUAS_main.main:736] - Waiting for mode change to: AUTO
2025-06-22 02:14:33,820 - SUAS - DEBUG - [SUAS_main.main:736] - Waiting for mode change to: AUTO
2025-06-22 02:14:34,322 - SUAS - DEBUG - [SUAS_main.main:736] - Waiting for mode change to: AUTO
2025-06-22 02:14:34,823 - SUAS - DEBUG - [SUAS_main.main:736] - Waiting for mode change to: AUTO
2025-06-22 02:14:35,325 - SUAS - DEBUG - [SUAS_main.main:736] - Waiting for mode change to: AUTO
2025-06-22 02:14:35,826 - SUAS - DEBUG - [SUAS_main.main:736] - Waiting for mode change to: AUTO
2025-06-22 02:14:36,328 - SUAS - DEBUG - [SUAS_main.main:736] - Waiting for mode change to: AUTO
2025-06-22 02:14:36,829 - SUAS - DEBUG - [SUAS_main.main:736] - Waiting for mode change to: AUTO
2025-06-22 02:14:37,331 - SUAS - DEBUG - [SUAS_main.main:736] - Waiting for mode change to: AUTO
2025-06-22 02:14:37,832 - SUAS - DEBUG - [SUAS_main.main:736] - Waiting for mode change to: AUTO
2025-06-22 02:14:38,334 - SUAS - DEBUG - [SUAS_main.main:736] - Waiting for mode change to: AUTO
2025-06-22 02:14:38,835 - SUAS - DEBUG - [SUAS_main.main:736] - Waiting for mode change to: AUTO
2025-06-22 02:14:39,337 - SUAS - DEBUG - [SUAS_main.main:736] - Waiting for mode change to: AUTO
2025-06-22 02:14:39,838 - SUAS - DEBUG - [SUAS_main.main:736] - Waiting for mode change to: AUTO
2025-06-22 02:14:40,340 - SUAS - DEBUG - [SUAS_main.main:736] - Waiting for mode change to: AUTO
2025-06-22 02:14:40,841 - SUAS - DEBUG - [SUAS_main.main:736] - Waiting for mode change to: AUTO
2025-06-22 02:14:41,343 - SUAS - DEBUG - [SUAS_main.main:736] - Waiting for mode change to: AUTO
2025-06-22 02:14:41,844 - SUAS - DEBUG - [SUAS_main.main:736] - Waiting for mode change to: AUTO
2025-06-22 02:14:42,345 - SUAS - DEBUG - [SUAS_main.main:736] - Waiting for mode change to: AUTO
2025-06-22 02:14:42,847 - SUAS - DEBUG - [SUAS_main.main:736] - Waiting for mode change to: AUTO
2025-06-22 02:14:43,348 - SUAS - DEBUG - [SUAS_main.main:736] - Waiting for mode change to: AUTO
2025-06-22 02:14:43,849 - SUAS - DEBUG - [SUAS_main.main:736] - Waiting for mode change to: AUTO
2025-06-22 02:14:44,351 - SUAS - DEBUG - [SUAS_main.main:736] - Waiting for mode change to: AUTO
2025-06-22 02:14:44,852 - SUAS - DEBUG - [SUAS_main.main:736] - Waiting for mode change to: AUTO
2025-06-22 02:14:45,353 - SUAS - DEBUG - [SUAS_main.main:736] - Waiting for mode change to: AUTO
2025-06-22 02:14:45,855 - SUAS - DEBUG - [SUAS_main.main:736] - Waiting for mode change to: AUTO
2025-06-22 02:14:46,356 - SUAS - DEBUG - [SUAS_main.main:736] - Waiting for mode change to: AUTO
2025-06-22 02:14:46,858 - SUAS - DEBUG - [SUAS_main.main:736] - Waiting for mode change to: AUTO
2025-06-22 02:14:47,359 - SUAS - DEBUG - [SUAS_main.main:736] - Waiting for mode change to: AUTO
2025-06-22 02:14:47,861 - SUAS - DEBUG - [SUAS_main.main:736] - Waiting for mode change to: AUTO
2025-06-22 02:14:48,363 - SUAS - DEBUG - [SUAS_main.main:736] - Waiting for mode change to: AUTO
2025-06-22 02:14:48,864 - SUAS - DEBUG - [SUAS_main.main:736] - Waiting for mode change to: AUTO
2025-06-22 02:14:49,366 - SUAS - DEBUG - [SUAS_main.main:736] - Waiting for mode change to: AUTO
2025-06-22 02:14:49,867 - SUAS - DEBUG - [SUAS_main.main:736] - Waiting for mode change to: AUTO
2025-06-22 02:14:50,369 - SUAS - DEBUG - [SUAS_main.main:736] - Waiting for mode change to: AUTO
2025-06-22 02:14:50,870 - SUAS - DEBUG - [SUAS_main.main:736] - Waiting for mode change to: AUTO
2025-06-22 02:14:51,372 - SUAS - DEBUG - [SUAS_main.main:736] - Waiting for mode change to: AUTO
2025-06-22 02:14:51,873 - SUAS - DEBUG - [SUAS_main.main:736] - Waiting for mode change to: AUTO
2025-06-22 02:14:52,375 - SUAS - DEBUG - [SUAS_main.main:736] - Waiting for mode change to: AUTO
2025-06-22 02:14:52,876 - SUAS - DEBUG - [SUAS_main.main:736] - Waiting for mode change to: AUTO
2025-06-22 02:14:53,378 - SUAS - DEBUG - [SUAS_main.main:736] - Waiting for mode change to: AUTO
2025-06-22 02:14:53,879 - SUAS - DEBUG - [SUAS_main.main:736] - Waiting for mode change to: AUTO
2025-06-22 02:14:54,381 - SUAS - DEBUG - [SUAS_main.main:736] - Waiting for mode change to: AUTO
2025-06-22 02:14:54,882 - SUAS - DEBUG - [SUAS_main.main:736] - Waiting for mode change to: AUTO
2025-06-22 02:14:55,384 - SUAS - DEBUG - [SUAS_main.main:736] - Waiting for mode change to: AUTO
2025-06-22 02:14:55,885 - SUAS - DEBUG - [SUAS_main.main:736] - Waiting for mode change to: AUTO
2025-06-22 02:14:56,387 - SUAS - DEBUG - [SUAS_main.main:736] - Waiting for mode change to: AUTO
2025-06-22 02:14:56,888 - SUAS - DEBUG - [SUAS_main.main:736] - Waiting for mode change to: AUTO
2025-06-22 02:14:57,390 - SUAS - DEBUG - [SUAS_main.main:736] - Waiting for mode change to: AUTO
2025-06-22 02:14:57,891 - SUAS - DEBUG - [SUAS_main.main:736] - Waiting for mode change to: AUTO
2025-06-22 02:14:58,393 - SUAS - DEBUG - [SUAS_main.main:736] - Waiting for mode change to: AUTO
2025-06-22 02:14:58,894 - SUAS - DEBUG - [SUAS_main.main:736] - Waiting for mode change to: AUTO
2025-06-22 02:14:59,395 - SUAS - DEBUG - [SUAS_main.main:736] - Waiting for mode change to: AUTO
2025-06-22 02:14:59,897 - SUAS - DEBUG - [SUAS_main.main:736] - Waiting for mode change to: AUTO
2025-06-22 02:15:00,399 - SUAS - DEBUG - [SUAS_main.main:736] - Waiting for mode change to: AUTO
2025-06-22 02:15:00,900 - SUAS - DEBUG - [SUAS_main.main:736] - Waiting for mode change to: AUTO
2025-06-22 02:15:01,402 - SUAS - DEBUG - [SUAS_main.main:736] - Waiting for mode change to: AUTO
2025-06-22 02:15:01,903 - SUAS - DEBUG - [SUAS_main.main:736] - Waiting for mode change to: AUTO
2025-06-22 02:15:02,405 - SUAS - DEBUG - [SUAS_main.main:736] - Waiting for mode change to: AUTO
2025-06-22 02:15:02,906 - SUAS - DEBUG - [SUAS_main.main:736] - Waiting for mode change to: AUTO
2025-06-22 02:15:03,408 - SUAS - DEBUG - [SUAS_main.main:736] - Waiting for mode change to: AUTO
2025-06-22 02:15:03,909 - SUAS - DEBUG - [SUAS_main.main:736] - Waiting for mode change to: AUTO
2025-06-22 02:15:04,411 - SUAS - DEBUG - [SUAS_main.main:736] - Waiting for mode change to: AUTO
2025-06-22 02:15:04,912 - SUAS - DEBUG - [SUAS_main.main:736] - Waiting for mode change to: AUTO
2025-06-22 02:15:05,413 - SUAS - DEBUG - [SUAS_main.main:736] - Waiting for mode change to: AUTO
2025-06-22 02:15:05,914 - SUAS - DEBUG - [SUAS_main.main:736] - Waiting for mode change to: AUTO
2025-06-22 02:15:06,416 - SUAS - DEBUG - [SUAS_main.main:736] - Waiting for mode change to: AUTO
2025-06-22 02:15:06,917 - SUAS - DEBUG - [SUAS_main.main:736] - Waiting for mode change to: AUTO
2025-06-22 02:15:07,418 - SUAS - DEBUG - [SUAS_main.main:736] - Waiting for mode change to: AUTO
2025-06-22 02:15:07,920 - SUAS - DEBUG - [SUAS_main.main:736] - Waiting for mode change to: AUTO
2025-06-22 02:15:08,422 - SUAS - DEBUG - [SUAS_main.main:736] - Waiting for mode change to: AUTO
2025-06-22 02:15:08,923 - SUAS - DEBUG - [SUAS_main.main:736] - Waiting for mode change to: AUTO
2025-06-22 02:15:09,425 - SUAS - DEBUG - [SUAS_main.main:736] - Waiting for mode change to: AUTO
2025-06-22 02:15:09,927 - SUAS - DEBUG - [SUAS_main.main:736] - Waiting for mode change to: AUTO
2025-06-22 02:15:10,428 - SUAS - DEBUG - [SUAS_main.main:736] - Waiting for mode change to: AUTO
2025-06-22 02:15:10,929 - SUAS - DEBUG - [SUAS_main.main:736] - Waiting for mode change to: AUTO
2025-06-22 02:15:11,431 - SUAS - DEBUG - [SUAS_main.main:736] - Waiting for mode change to: AUTO
2025-06-22 02:15:11,932 - SUAS - DEBUG - [SUAS_main.main:736] - Waiting for mode change to: AUTO
2025-06-22 02:15:12,433 - SUAS - DEBUG - [SUAS_main.main:736] - Waiting for mode change to: AUTO
2025-06-22 02:15:12,935 - SUAS - DEBUG - [SUAS_main.main:736] - Waiting for mode change to: AUTO
2025-06-22 02:15:13,436 - SUAS - DEBUG - [SUAS_main.main:736] - Waiting for mode change to: AUTO
2025-06-22 02:15:13,938 - SUAS - DEBUG - [SUAS_main.main:736] - Waiting for mode change to: AUTO
2025-06-22 02:15:14,440 - SUAS - DEBUG - [SUAS_main.main:736] - Waiting for mode change to: AUTO
2025-06-22 02:15:14,941 - SUAS - DEBUG - [SUAS_main.main:736] - Waiting for mode change to: AUTO
2025-06-22 02:15:15,442 - SUAS - DEBUG - [SUAS_main.main:736] - Waiting for mode change to: AUTO
2025-06-22 02:15:15,944 - SUAS - DEBUG - [SUAS_main.main:736] - Waiting for mode change to: AUTO
2025-06-22 02:15:16,445 - SUAS - DEBUG - [SUAS_main.main:736] - Waiting for mode change to: AUTO
2025-06-22 02:15:16,947 - SUAS - DEBUG - [SUAS_main.main:736] - Waiting for mode change to: AUTO
2025-06-22 02:15:17,448 - SUAS - DEBUG - [SUAS_main.main:736] - Waiting for mode change to: AUTO
2025-06-22 02:15:17,949 - SUAS - DEBUG - [SUAS_main.main:736] - Waiting for mode change to: AUTO
2025-06-22 02:15:18,450 - SUAS - DEBUG - [SUAS_main.main:736] - Waiting for mode change to: AUTO
2025-06-22 02:15:18,952 - SUAS - DEBUG - [SUAS_main.main:736] - Waiting for mode change to: AUTO
2025-06-22 02:15:19,454 - SUAS - DEBUG - [SUAS_main.main:736] - Waiting for mode change to: AUTO
2025-06-22 02:15:19,955 - SUAS - DEBUG - [SUAS_main.main:736] - Waiting for mode change to: AUTO
2025-06-22 02:15:20,457 - SUAS - DEBUG - [SUAS_main.main:736] - Waiting for mode change to: AUTO
2025-06-22 02:15:20,959 - SUAS - DEBUG - [SUAS_main.main:736] - Waiting for mode change to: AUTO
2025-06-22 02:15:21,460 - SUAS - DEBUG - [SUAS_main.main:736] - Waiting for mode change to: AUTO
2025-06-22 02:15:21,961 - SUAS - DEBUG - [SUAS_main.main:736] - Waiting for mode change to: AUTO
2025-06-22 02:15:22,463 - SUAS - DEBUG - [SUAS_main.main:736] - Waiting for mode change to: AUTO
2025-06-22 02:15:22,964 - SUAS - DEBUG - [SUAS_main.main:736] - Waiting for mode change to: AUTO
2025-06-22 02:15:23,465 - SUAS - DEBUG - [SUAS_main.main:736] - Waiting for mode change to: AUTO
2025-06-22 02:15:23,967 - SUAS - DEBUG - [SUAS_main.main:736] - Waiting for mode change to: AUTO
2025-06-22 02:15:24,468 - SUAS - DEBUG - [SUAS_main.main:736] - Waiting for mode change to: AUTO
2025-06-22 02:15:24,970 - SUAS - DEBUG - [SUAS_main.main:736] - Waiting for mode change to: AUTO
2025-06-22 02:15:25,471 - SUAS - DEBUG - [SUAS_main.main:736] - Waiting for mode change to: AUTO
2025-06-22 02:15:25,972 - SUAS - DEBUG - [SUAS_main.main:736] - Waiting for mode change to: AUTO
2025-06-22 02:15:26,474 - SUAS - DEBUG - [SUAS_main.main:736] - Waiting for mode change to: AUTO
2025-06-22 02:15:26,975 - SUAS - DEBUG - [SUAS_main.main:736] - Waiting for mode change to: AUTO
2025-06-22 02:15:27,477 - SUAS - DEBUG - [SUAS_main.main:736] - Waiting for mode change to: AUTO
2025-06-22 02:15:27,978 - SUAS - DEBUG - [SUAS_main.main:736] - Waiting for mode change to: AUTO
2025-06-22 02:15:28,480 - SUAS - DEBUG - [SUAS_main.main:736] - Waiting for mode change to: AUTO
2025-06-22 02:15:28,981 - SUAS - DEBUG - [SUAS_main.main:736] - Waiting for mode change to: AUTO
2025-06-22 02:15:29,483 - SUAS - DEBUG - [SUAS_main.main:736] - Waiting for mode change to: AUTO
2025-06-22 02:15:29,984 - SUAS - DEBUG - [SUAS_main.main:736] - Waiting for mode change to: AUTO
2025-06-22 02:15:30,485 - SUAS - DEBUG - [SUAS_main.main:736] - Waiting for mode change to: AUTO
2025-06-22 02:15:30,987 - SUAS - DEBUG - [SUAS_main.main:736] - Waiting for mode change to: AUTO
2025-06-22 02:15:31,488 - SUAS - DEBUG - [SUAS_main.main:736] - Waiting for mode change to: AUTO
2025-06-22 02:15:31,989 - SUAS - DEBUG - [SUAS_main.main:736] - Waiting for mode change to: AUTO
2025-06-22 02:15:32,491 - SUAS - DEBUG - [SUAS_main.main:736] - Waiting for mode change to: AUTO
2025-06-22 02:15:32,992 - SUAS - DEBUG - [SUAS_main.main:736] - Waiting for mode change to: AUTO
2025-06-22 02:15:33,493 - SUAS - DEBUG - [SUAS_main.main:736] - Waiting for mode change to: AUTO
2025-06-22 02:15:33,994 - SUAS - DEBUG - [SUAS_main.main:736] - Waiting for mode change to: AUTO
2025-06-22 02:15:34,496 - SUAS - DEBUG - [SUAS_main.main:736] - Waiting for mode change to: AUTO
2025-06-22 02:15:34,998 - SUAS - DEBUG - [SUAS_main.main:736] - Waiting for mode change to: AUTO
2025-06-22 02:15:35,499 - SUAS - DEBUG - [SUAS_main.main:736] - Waiting for mode change to: AUTO
2025-06-22 02:15:36,001 - SUAS - DEBUG - [SUAS_main.main:736] - Waiting for mode change to: AUTO
2025-06-22 02:15:36,502 - SUAS - DEBUG - [SUAS_main.main:736] - Waiting for mode change to: AUTO
2025-06-22 02:15:37,004 - SUAS - DEBUG - [SUAS_main.main:736] - Waiting for mode change to: AUTO
2025-06-22 02:15:37,505 - SUAS - DEBUG - [SUAS_main.main:736] - Waiting for mode change to: AUTO
2025-06-22 02:15:38,006 - SUAS - DEBUG - [SUAS_main.main:736] - Waiting for mode change to: AUTO
2025-06-22 02:15:38,508 - SUAS - DEBUG - [SUAS_main.main:736] - Waiting for mode change to: AUTO
2025-06-22 02:15:39,009 - SUAS - DEBUG - [SUAS_main.main:736] - Waiting for mode change to: AUTO
2025-06-22 02:15:39,511 - SUAS - DEBUG - [SUAS_main.main:736] - Waiting for mode change to: AUTO
2025-06-22 02:15:40,012 - SUAS - DEBUG - [SUAS_main.main:736] - Waiting for mode change to: AUTO
2025-06-22 02:15:40,513 - SUAS - DEBUG - [SUAS_main.main:736] - Waiting for mode change to: AUTO
2025-06-22 02:15:41,015 - SUAS - DEBUG - [SUAS_main.main:736] - Waiting for mode change to: AUTO
2025-06-22 02:15:41,516 - SUAS - DEBUG - [SUAS_main.main:736] - Waiting for mode change to: AUTO
2025-06-22 02:15:42,018 - SUAS - DEBUG - [SUAS_main.main:736] - Waiting for mode change to: AUTO
2025-06-22 02:15:42,519 - SUAS - DEBUG - [SUAS_main.main:736] - Waiting for mode change to: AUTO
2025-06-22 02:15:43,021 - SUAS - DEBUG - [SUAS_main.main:736] - Waiting for mode change to: AUTO
2025-06-22 02:15:43,522 - SUAS - DEBUG - [SUAS_main.main:736] - Waiting for mode change to: AUTO
2025-06-22 02:15:44,024 - SUAS - DEBUG - [SUAS_main.main:736] - Waiting for mode change to: AUTO
2025-06-22 02:15:44,525 - SUAS - DEBUG - [SUAS_main.main:736] - Waiting for mode change to: AUTO
2025-06-22 02:15:45,026 - SUAS - DEBUG - [SUAS_main.main:736] - Waiting for mode change to: AUTO
2025-06-22 02:15:45,528 - SUAS - DEBUG - [SUAS_main.main:736] - Waiting for mode change to: AUTO
2025-06-22 02:15:46,029 - SUAS - DEBUG - [SUAS_main.main:736] - Waiting for mode change to: AUTO
2025-06-22 02:15:46,530 - SUAS - DEBUG - [SUAS_main.main:736] - Waiting for mode change to: AUTO
2025-06-22 02:15:47,032 - SUAS - DEBUG - [SUAS_main.main:736] - Waiting for mode change to: AUTO
2025-06-22 02:15:47,533 - SUAS - DEBUG - [SUAS_main.main:736] - Waiting for mode change to: AUTO
2025-06-22 02:15:48,034 - SUAS - DEBUG - [SUAS_main.main:736] - Waiting for mode change to: AUTO
2025-06-22 02:15:48,536 - SUAS - DEBUG - [SUAS_main.main:736] - Waiting for mode change to: AUTO
2025-06-22 02:15:49,037 - SUAS - DEBUG - [SUAS_main.main:736] - Waiting for mode change to: AUTO
2025-06-22 02:15:49,539 - SUAS - DEBUG - [SUAS_main.main:736] - Waiting for mode change to: AUTO
2025-06-22 02:15:50,040 - SUAS - DEBUG - [SUAS_main.main:736] - Waiting for mode change to: AUTO
2025-06-22 02:15:50,542 - SUAS - DEBUG - [SUAS_main.main:736] - Waiting for mode change to: AUTO
2025-06-22 02:15:51,043 - SUAS - DEBUG - [SUAS_main.main:736] - Waiting for mode change to: AUTO
2025-06-22 02:15:51,544 - SUAS - DEBUG - [SUAS_main.main:736] - Waiting for mode change to: AUTO
2025-06-22 02:15:52,046 - SUAS - DEBUG - [SUAS_main.main:736] - Waiting for mode change to: AUTO
2025-06-22 02:15:52,547 - SUAS - DEBUG - [SUAS_main.main:736] - Waiting for mode change to: AUTO
2025-06-22 02:15:53,049 - SUAS - DEBUG - [SUAS_main.main:736] - Waiting for mode change to: AUTO
2025-06-22 02:15:53,550 - SUAS - DEBUG - [SUAS_main.main:736] - Waiting for mode change to: AUTO
2025-06-22 02:15:54,051 - SUAS - DEBUG - [SUAS_main.main:736] - Waiting for mode change to: AUTO
2025-06-22 02:15:54,553 - SUAS - DEBUG - [SUAS_main.main:736] - Waiting for mode change to: AUTO
2025-06-22 02:15:55,054 - SUAS - DEBUG - [SUAS_main.main:736] - Waiting for mode change to: AUTO
2025-06-22 02:15:55,556 - SUAS - DEBUG - [SUAS_main.main:736] - Waiting for mode change to: AUTO
2025-06-22 02:15:56,057 - SUAS - DEBUG - [SUAS_main.main:736] - Waiting for mode change to: AUTO
2025-06-22 02:15:56,559 - SUAS - DEBUG - [SUAS_main.main:736] - Waiting for mode change to: AUTO
2025-06-22 02:15:57,060 - SUAS - DEBUG - [SUAS_main.main:736] - Waiting for mode change to: AUTO
2025-06-22 02:15:57,562 - SUAS - DEBUG - [SUAS_main.main:736] - Waiting for mode change to: AUTO
2025-06-22 02:15:58,063 - SUAS - DEBUG - [SUAS_main.main:736] - Waiting for mode change to: AUTO
2025-06-22 02:15:58,565 - SUAS - DEBUG - [SUAS_main.main:736] - Waiting for mode change to: AUTO
2025-06-22 02:15:59,066 - SUAS - DEBUG - [SUAS_main.main:736] - Waiting for mode change to: AUTO
2025-06-22 02:15:59,568 - SUAS - DEBUG - [SUAS_main.main:736] - Waiting for mode change to: AUTO
2025-06-22 02:16:00,069 - SUAS - DEBUG - [SUAS_main.main:736] - Waiting for mode change to: AUTO
2025-06-22 02:16:00,570 - SUAS - DEBUG - [SUAS_main.main:736] - Waiting for mode change to: AUTO
2025-06-22 02:16:01,072 - SUAS - DEBUG - [SUAS_main.main:736] - Waiting for mode change to: AUTO
2025-06-22 02:16:01,573 - SUAS - DEBUG - [SUAS_main.main:736] - Waiting for mode change to: AUTO
2025-06-22 02:16:02,074 - SUAS - DEBUG - [SUAS_main.main:736] - Waiting for mode change to: AUTO
2025-06-22 02:16:02,576 - SUAS - DEBUG - [SUAS_main.main:736] - Waiting for mode change to: AUTO
2025-06-22 02:16:03,078 - SUAS - DEBUG - [SUAS_main.main:736] - Waiting for mode change to: AUTO
2025-06-22 02:16:03,579 - SUAS - DEBUG - [SUAS_main.main:736] - Waiting for mode change to: AUTO
2025-06-22 02:16:04,081 - SUAS - DEBUG - [SUAS_main.main:736] - Waiting for mode change to: AUTO
2025-06-22 02:16:04,582 - SUAS - DEBUG - [SUAS_main.main:736] - Waiting for mode change to: AUTO
2025-06-22 02:16:05,083 - SUAS - DEBUG - [SUAS_main.main:736] - Waiting for mode change to: AUTO
2025-06-22 02:16:05,585 - SUAS - DEBUG - [SUAS_main.main:736] - Waiting for mode change to: AUTO
2025-06-22 02:16:06,086 - SUAS - DEBUG - [SUAS_main.main:736] - Waiting for mode change to: AUTO
2025-06-22 02:16:06,588 - SUAS - DEBUG - [SUAS_main.main:736] - Waiting for mode change to: AUTO
2025-06-22 02:16:07,089 - SUAS - DEBUG - [SUAS_main.main:736] - Waiting for mode change to: AUTO
2025-06-22 02:16:07,591 - SUAS - DEBUG - [SUAS_main.main:736] - Waiting for mode change to: AUTO
2025-06-22 02:16:08,092 - SUAS - DEBUG - [SUAS_main.main:736] - Waiting for mode change to: AUTO
2025-06-22 02:16:08,593 - SUAS - DEBUG - [SUAS_main.main:736] - Waiting for mode change to: AUTO
2025-06-22 02:16:09,095 - SUAS - DEBUG - [SUAS_main.main:736] - Waiting for mode change to: AUTO
2025-06-22 02:16:09,596 - SUAS - DEBUG - [SUAS_main.main:736] - Waiting for mode change to: AUTO
2025-06-22 02:16:10,098 - SUAS - DEBUG - [SUAS_main.main:736] - Waiting for mode change to: AUTO
2025-06-22 02:16:10,600 - SUAS - DEBUG - [SUAS_main.main:736] - Waiting for mode change to: AUTO
2025-06-22 02:16:11,101 - SUAS - DEBUG - [SUAS_main.main:736] - Waiting for mode change to: AUTO
2025-06-22 02:16:11,603 - SUAS - DEBUG - [SUAS_main.main:736] - Waiting for mode change to: AUTO
2025-06-22 02:16:12,104 - SUAS - DEBUG - [SUAS_main.main:736] - Waiting for mode change to: AUTO
2025-06-22 02:16:12,605 - SUAS - DEBUG - [SUAS_main.main:736] - Waiting for mode change to: AUTO
2025-06-22 02:16:13,106 - SUAS - DEBUG - [SUAS_main.main:736] - Waiting for mode change to: AUTO
2025-06-22 02:16:13,608 - SUAS - DEBUG - [SUAS_main.main:736] - Waiting for mode change to: AUTO
2025-06-22 02:16:14,109 - SUAS - DEBUG - [SUAS_main.main:736] - Waiting for mode change to: AUTO
2025-06-22 02:16:14,610 - SUAS - DEBUG - [SUAS_main.main:736] - Waiting for mode change to: AUTO
2025-06-22 02:16:15,112 - SUAS - DEBUG - [SUAS_main.main:736] - Waiting for mode change to: AUTO
2025-06-22 02:16:15,613 - SUAS - DEBUG - [SUAS_main.main:736] - Waiting for mode change to: AUTO
2025-06-22 02:16:16,115 - SUAS - DEBUG - [SUAS_main.main:736] - Waiting for mode change to: AUTO
2025-06-22 02:16:16,617 - SUAS - DEBUG - [SUAS_main.main:736] - Waiting for mode change to: AUTO
2025-06-22 02:16:17,118 - SUAS - DEBUG - [SUAS_main.main:736] - Waiting for mode change to: AUTO
2025-06-22 02:16:17,620 - SUAS - DEBUG - [SUAS_main.main:736] - Waiting for mode change to: AUTO
2025-06-22 02:16:18,121 - SUAS - DEBUG - [SUAS_main.main:736] - Waiting for mode change to: AUTO
2025-06-22 02:16:18,622 - SUAS - DEBUG - [SUAS_main.main:736] - Waiting for mode change to: AUTO
2025-06-22 02:16:19,124 - SUAS - DEBUG - [SUAS_main.main:736] - Waiting for mode change to: AUTO
2025-06-22 02:16:19,625 - SUAS - DEBUG - [SUAS_main.main:736] - Waiting for mode change to: AUTO
2025-06-22 02:16:20,127 - SUAS - DEBUG - [SUAS_main.main:736] - Waiting for mode change to: AUTO
2025-06-22 02:16:20,628 - SUAS - DEBUG - [SUAS_main.main:736] - Waiting for mode change to: AUTO
2025-06-22 02:16:21,129 - SUAS - DEBUG - [SUAS_main.main:736] - Waiting for mode change to: AUTO
2025-06-22 02:16:21,631 - SUAS - DEBUG - [SUAS_main.main:736] - Waiting for mode change to: AUTO
2025-06-22 02:16:22,132 - SUAS - DEBUG - [SUAS_main.main:736] - Waiting for mode change to: AUTO
2025-06-22 02:16:22,633 - SUAS - DEBUG - [SUAS_main.main:736] - Waiting for mode change to: AUTO
2025-06-22 02:16:23,135 - SUAS - DEBUG - [SUAS_main.main:736] - Waiting for mode change to: AUTO
2025-06-22 02:16:23,636 - SUAS - DEBUG - [SUAS_main.main:736] - Waiting for mode change to: AUTO
2025-06-22 02:16:24,138 - SUAS - DEBUG - [SUAS_main.main:736] - Waiting for mode change to: AUTO
2025-06-22 02:16:24,639 - SUAS - DEBUG - [SUAS_main.main:736] - Waiting for mode change to: AUTO
2025-06-22 02:16:25,141 - SUAS - DEBUG - [SUAS_main.main:736] - Waiting for mode change to: AUTO
2025-06-22 02:16:25,642 - SUAS - DEBUG - [SUAS_main.main:736] - Waiting for mode change to: AUTO
2025-06-22 02:16:26,144 - SUAS - DEBUG - [SUAS_main.main:736] - Waiting for mode change to: AUTO
2025-06-22 02:16:26,645 - SUAS - DEBUG - [SUAS_main.main:736] - Waiting for mode change to: AUTO
2025-06-22 02:16:27,147 - SUAS - DEBUG - [SUAS_main.main:736] - Waiting for mode change to: AUTO
2025-06-22 02:16:27,648 - SUAS - DEBUG - [SUAS_main.main:736] - Waiting for mode change to: AUTO
2025-06-22 02:16:28,149 - SUAS - DEBUG - [SUAS_main.main:736] - Waiting for mode change to: AUTO
2025-06-22 02:16:28,651 - SUAS - DEBUG - [SUAS_main.main:736] - Waiting for mode change to: AUTO
2025-06-22 02:16:29,152 - SUAS - DEBUG - [SUAS_main.main:736] - Waiting for mode change to: AUTO
2025-06-22 02:16:29,653 - SUAS - DEBUG - [SUAS_main.main:736] - Waiting for mode change to: AUTO
2025-06-22 02:16:30,155 - SUAS - DEBUG - [SUAS_main.main:736] - Waiting for mode change to: AUTO
2025-06-22 02:16:30,656 - SUAS - DEBUG - [SUAS_main.main:736] - Waiting for mode change to: AUTO
2025-06-22 02:16:31,158 - SUAS - DEBUG - [SUAS_main.main:736] - Waiting for mode change to: AUTO
2025-06-22 02:16:31,660 - SUAS - DEBUG - [SUAS_main.main:736] - Waiting for mode change to: AUTO
2025-06-22 02:16:32,161 - SUAS - DEBUG - [SUAS_main.main:736] - Waiting for mode change to: AUTO
2025-06-22 02:16:32,663 - SUAS - DEBUG - [SUAS_main.main:736] - Waiting for mode change to: AUTO
2025-06-22 02:16:33,164 - SUAS - DEBUG - [SUAS_main.main:736] - Waiting for mode change to: AUTO
2025-06-22 02:16:33,665 - SUAS - DEBUG - [SUAS_main.main:736] - Waiting for mode change to: AUTO
2025-06-22 02:16:34,167 - SUAS - DEBUG - [SUAS_main.main:736] - Waiting for mode change to: AUTO
2025-06-22 02:16:34,668 - SUAS - DEBUG - [SUAS_main.main:736] - Waiting for mode change to: AUTO
2025-06-22 02:16:35,169 - SUAS - DEBUG - [SUAS_main.main:736] - Waiting for mode change to: AUTO
2025-06-22 02:16:35,670 - SUAS - DEBUG - [SUAS_main.main:736] - Waiting for mode change to: AUTO
2025-06-22 02:16:36,172 - SUAS - DEBUG - [SUAS_main.main:736] - Waiting for mode change to: AUTO
2025-06-22 02:16:36,673 - SUAS - DEBUG - [SUAS_main.main:736] - Waiting for mode change to: AUTO
2025-06-22 02:16:37,175 - SUAS - DEBUG - [SUAS_main.main:736] - Waiting for mode change to: AUTO
2025-06-22 02:16:37,676 - SUAS - DEBUG - [SUAS_main.main:736] - Waiting for mode change to: AUTO
2025-06-22 02:16:38,178 - SUAS - DEBUG - [SUAS_main.main:736] - Waiting for mode change to: AUTO
2025-06-22 02:16:38,679 - SUAS - DEBUG - [SUAS_main.main:736] - Waiting for mode change to: AUTO
2025-06-22 02:16:39,181 - SUAS - DEBUG - [SUAS_main.main:736] - Waiting for mode change to: AUTO
2025-06-22 02:16:39,682 - SUAS - DEBUG - [SUAS_main.main:736] - Waiting for mode change to: AUTO
2025-06-22 02:16:40,184 - SUAS - DEBUG - [SUAS_main.main:736] - Waiting for mode change to: AUTO
2025-06-22 02:16:40,685 - SUAS - DEBUG - [SUAS_main.main:736] - Waiting for mode change to: AUTO
2025-06-22 02:16:41,186 - SUAS - DEBUG - [SUAS_main.main:736] - Waiting for mode change to: AUTO
2025-06-22 02:16:41,688 - SUAS - DEBUG - [SUAS_main.main:736] - Waiting for mode change to: AUTO
2025-06-22 02:16:42,189 - SUAS - DEBUG - [SUAS_main.main:736] - Waiting for mode change to: AUTO
2025-06-22 02:16:42,691 - SUAS - DEBUG - [SUAS_main.main:736] - Waiting for mode change to: AUTO
2025-06-22 02:16:43,192 - SUAS - DEBUG - [SUAS_main.main:736] - Waiting for mode change to: AUTO
2025-06-22 02:16:43,693 - SUAS - DEBUG - [SUAS_main.main:736] - Waiting for mode change to: AUTO
2025-06-22 02:16:44,195 - SUAS - DEBUG - [SUAS_main.main:736] - Waiting for mode change to: AUTO
2025-06-22 02:16:44,696 - SUAS - DEBUG - [SUAS_main.main:736] - Waiting for mode change to: AUTO
2025-06-22 02:16:45,198 - SUAS - DEBUG - [SUAS_main.main:736] - Waiting for mode change to: AUTO
2025-06-22 02:16:45,700 - SUAS - DEBUG - [SUAS_main.main:736] - Waiting for mode change to: AUTO
2025-06-22 02:16:46,201 - SUAS - DEBUG - [SUAS_main.main:736] - Waiting for mode change to: AUTO
2025-06-22 02:16:46,702 - SUAS - DEBUG - [SUAS_main.main:736] - Waiting for mode change to: AUTO
2025-06-22 02:16:47,204 - SUAS - DEBUG - [SUAS_main.main:736] - Waiting for mode change to: AUTO
2025-06-22 02:16:47,705 - SUAS - DEBUG - [SUAS_main.main:736] - Waiting for mode change to: AUTO
2025-06-22 02:16:48,206 - SUAS - DEBUG - [SUAS_main.main:736] - Waiting for mode change to: AUTO
2025-06-22 02:16:48,708 - SUAS - DEBUG - [SUAS_main.main:736] - Waiting for mode change to: AUTO
2025-06-22 02:16:49,209 - SUAS - DEBUG - [SUAS_main.main:736] - Waiting for mode change to: AUTO
2025-06-22 02:16:49,711 - SUAS - DEBUG - [SUAS_main.main:736] - Waiting for mode change to: AUTO
2025-06-22 02:16:50,212 - SUAS - DEBUG - [SUAS_main.main:736] - Waiting for mode change to: AUTO
2025-06-22 02:16:50,713 - SUAS - DEBUG - [SUAS_main.main:736] - Waiting for mode change to: AUTO
2025-06-22 02:16:51,215 - SUAS - DEBUG - [SUAS_main.main:736] - Waiting for mode change to: AUTO
2025-06-22 02:16:51,716 - SUAS - DEBUG - [SUAS_main.main:736] - Waiting for mode change to: AUTO
2025-06-22 02:16:52,218 - SUAS - DEBUG - [SUAS_main.main:736] - Waiting for mode change to: AUTO
2025-06-22 02:16:52,720 - SUAS - DEBUG - [SUAS_main.main:736] - Waiting for mode change to: AUTO
2025-06-22 02:16:53,221 - SUAS - DEBUG - [SUAS_main.main:736] - Waiting for mode change to: AUTO
2025-06-22 02:16:53,723 - SUAS - DEBUG - [SUAS_main.main:736] - Waiting for mode change to: AUTO
2025-06-22 02:16:54,224 - SUAS - DEBUG - [SUAS_main.main:736] - Waiting for mode change to: AUTO
2025-06-22 02:16:54,725 - SUAS - DEBUG - [SUAS_main.main:736] - Waiting for mode change to: AUTO
2025-06-22 02:16:55,227 - SUAS - DEBUG - [SUAS_main.main:736] - Waiting for mode change to: AUTO
2025-06-22 02:16:55,728 - SUAS - DEBUG - [SUAS_main.main:736] - Waiting for mode change to: AUTO
2025-06-22 02:16:56,229 - SUAS - DEBUG - [SUAS_main.main:736] - Waiting for mode change to: AUTO
2025-06-22 02:16:56,731 - SUAS - DEBUG - [SUAS_main.main:736] - Waiting for mode change to: AUTO
2025-06-22 02:16:57,232 - SUAS - DEBUG - [SUAS_main.main:736] - Waiting for mode change to: AUTO
2025-06-22 02:16:57,733 - SUAS - DEBUG - [SUAS_main.main:736] - Waiting for mode change to: AUTO
2025-06-22 02:16:58,235 - SUAS - DEBUG - [SUAS_main.main:736] - Waiting for mode change to: AUTO
2025-06-22 02:16:58,737 - SUAS - DEBUG - [SUAS_main.main:736] - Waiting for mode change to: AUTO
2025-06-22 02:16:59,238 - SUAS - DEBUG - [SUAS_main.main:736] - Waiting for mode change to: AUTO
2025-06-22 02:16:59,740 - SUAS - DEBUG - [SUAS_main.main:736] - Waiting for mode change to: AUTO
2025-06-22 02:17:00,241 - SUAS - DEBUG - [SUAS_main.main:736] - Waiting for mode change to: AUTO
2025-06-22 02:17:00,743 - SUAS - DEBUG - [SUAS_main.main:736] - Waiting for mode change to: AUTO
2025-06-22 02:17:01,244 - SUAS - DEBUG - [SUAS_main.main:736] - Waiting for mode change to: AUTO
2025-06-22 02:17:01,745 - SUAS - DEBUG - [SUAS_main.main:736] - Waiting for mode change to: AUTO
2025-06-22 02:17:02,247 - SUAS - DEBUG - [SUAS_main.main:736] - Waiting for mode change to: AUTO
2025-06-22 02:17:02,748 - SUAS - DEBUG - [SUAS_main.main:736] - Waiting for mode change to: AUTO
2025-06-22 02:17:03,250 - SUAS - DEBUG - [SUAS_main.main:736] - Waiting for mode change to: AUTO
2025-06-22 02:17:03,751 - SUAS - DEBUG - [SUAS_main.main:736] - Waiting for mode change to: AUTO
2025-06-22 02:17:04,253 - SUAS - DEBUG - [SUAS_main.main:736] - Waiting for mode change to: AUTO
2025-06-22 02:17:04,754 - SUAS - DEBUG - [SUAS_main.main:736] - Waiting for mode change to: AUTO
2025-06-22 02:17:05,256 - SUAS - DEBUG - [SUAS_main.main:736] - Waiting for mode change to: AUTO
2025-06-22 02:17:05,758 - SUAS - DEBUG - [SUAS_main.main:736] - Waiting for mode change to: AUTO
2025-06-22 02:17:06,259 - SUAS - DEBUG - [SUAS_main.main:736] - Waiting for mode change to: AUTO
2025-06-22 02:17:06,761 - SUAS - DEBUG - [SUAS_main.main:736] - Waiting for mode change to: AUTO
2025-06-22 02:17:07,262 - SUAS - DEBUG - [SUAS_main.main:736] - Waiting for mode change to: AUTO
2025-06-22 02:17:07,764 - SUAS - DEBUG - [SUAS_main.main:736] - Waiting for mode change to: AUTO
2025-06-22 02:17:08,265 - SUAS - DEBUG - [SUAS_main.main:736] - Waiting for mode change to: AUTO
2025-06-22 02:17:08,767 - SUAS - DEBUG - [SUAS_main.main:736] - Waiting for mode change to: AUTO
2025-06-22 02:17:09,268 - SUAS - DEBUG - [SUAS_main.main:736] - Waiting for mode change to: AUTO
2025-06-22 02:17:09,769 - SUAS - DEBUG - [SUAS_main.main:736] - Waiting for mode change to: AUTO
2025-06-22 02:17:10,271 - SUAS - DEBUG - [SUAS_main.main:736] - Waiting for mode change to: AUTO
2025-06-22 02:17:10,772 - SUAS - DEBUG - [SUAS_main.main:736] - Waiting for mode change to: AUTO
2025-06-22 02:17:11,274 - SUAS - DEBUG - [SUAS_main.main:736] - Waiting for mode change to: AUTO
2025-06-22 02:17:11,775 - SUAS - DEBUG - [SUAS_main.main:736] - Waiting for mode change to: AUTO
2025-06-22 02:17:12,277 - SUAS - DEBUG - [SUAS_main.main:736] - Waiting for mode change to: AUTO
2025-06-22 02:17:12,778 - SUAS - DEBUG - [SUAS_main.main:736] - Waiting for mode change to: AUTO
2025-06-22 02:17:13,280 - SUAS - DEBUG - [SUAS_main.main:736] - Waiting for mode change to: AUTO
2025-06-22 02:17:13,781 - SUAS - DEBUG - [SUAS_main.main:736] - Waiting for mode change to: AUTO
2025-06-22 02:17:14,283 - SUAS - DEBUG - [SUAS_main.main:736] - Waiting for mode change to: AUTO
2025-06-22 02:17:14,784 - SUAS - DEBUG - [SUAS_main.main:736] - Waiting for mode change to: AUTO
2025-06-22 02:17:15,285 - SUAS - DEBUG - [SUAS_main.main:736] - Waiting for mode change to: AUTO
2025-06-22 02:17:15,787 - SUAS - DEBUG - [SUAS_main.main:736] - Waiting for mode change to: AUTO
2025-06-22 02:17:16,288 - SUAS - DEBUG - [SUAS_main.main:736] - Waiting for mode change to: AUTO
2025-06-22 02:17:16,789 - SUAS - DEBUG - [SUAS_main.main:736] - Waiting for mode change to: AUTO
2025-06-22 02:17:17,291 - SUAS - DEBUG - [SUAS_main.main:736] - Waiting for mode change to: AUTO
2025-06-22 02:17:17,792 - SUAS - DEBUG - [SUAS_main.main:736] - Waiting for mode change to: AUTO
2025-06-22 02:17:18,294 - SUAS - DEBUG - [SUAS_main.main:736] - Waiting for mode change to: AUTO
2025-06-22 02:17:18,795 - SUAS - DEBUG - [SUAS_main.main:736] - Waiting for mode change to: AUTO
2025-06-22 02:17:19,297 - SUAS - DEBUG - [SUAS_main.main:736] - Waiting for mode change to: AUTO
2025-06-22 02:17:19,799 - SUAS - DEBUG - [SUAS_main.main:736] - Waiting for mode change to: AUTO
2025-06-22 02:17:20,300 - SUAS - DEBUG - [SUAS_main.main:736] - Waiting for mode change to: AUTO
2025-06-22 02:17:20,802 - SUAS - DEBUG - [SUAS_main.main:736] - Waiting for mode change to: AUTO
2025-06-22 02:17:21,303 - SUAS - DEBUG - [SUAS_main.main:736] - Waiting for mode change to: AUTO
2025-06-22 02:17:21,804 - SUAS - DEBUG - [SUAS_main.main:736] - Waiting for mode change to: AUTO
2025-06-22 02:17:22,306 - SUAS - DEBUG - [SUAS_main.main:736] - Waiting for mode change to: AUTO
2025-06-22 02:17:22,807 - SUAS - DEBUG - [SUAS_main.main:736] - Waiting for mode change to: AUTO
2025-06-22 02:17:23,309 - SUAS - DEBUG - [SUAS_main.main:736] - Waiting for mode change to: AUTO
2025-06-22 02:17:23,810 - SUAS - DEBUG - [SUAS_main.main:736] - Waiting for mode change to: AUTO
2025-06-22 02:17:24,312 - SUAS - DEBUG - [SUAS_main.main:736] - Waiting for mode change to: AUTO
2025-06-22 02:17:24,813 - SUAS - DEBUG - [SUAS_main.main:736] - Waiting for mode change to: AUTO
2025-06-22 02:17:25,315 - SUAS - DEBUG - [SUAS_main.main:736] - Waiting for mode change to: AUTO
2025-06-22 02:17:25,816 - SUAS - DEBUG - [SUAS_main.main:736] - Waiting for mode change to: AUTO
2025-06-22 02:17:26,318 - SUAS - DEBUG - [SUAS_main.main:736] - Waiting for mode change to: AUTO
2025-06-22 02:17:26,819 - SUAS - DEBUG - [SUAS_main.main:736] - Waiting for mode change to: AUTO
2025-06-22 02:17:27,321 - SUAS - DEBUG - [SUAS_main.main:736] - Waiting for mode change to: AUTO
2025-06-22 02:17:27,822 - SUAS - DEBUG - [SUAS_main.main:736] - Waiting for mode change to: AUTO
2025-06-22 02:17:28,323 - SUAS - DEBUG - [SUAS_main.main:736] - Waiting for mode change to: AUTO
2025-06-22 02:17:28,825 - SUAS - DEBUG - [SUAS_main.main:736] - Waiting for mode change to: AUTO
2025-06-22 02:17:29,326 - SUAS - DEBUG - [SUAS_main.main:736] - Waiting for mode change to: AUTO
2025-06-22 02:17:29,828 - SUAS - DEBUG - [SUAS_main.main:736] - Waiting for mode change to: AUTO
2025-06-22 02:17:30,329 - SUAS - DEBUG - [SUAS_main.main:736] - Waiting for mode change to: AUTO
2025-06-22 02:17:30,831 - SUAS - DEBUG - [SUAS_main.main:736] - Waiting for mode change to: AUTO
2025-06-22 02:17:31,332 - SUAS - DEBUG - [SUAS_main.main:736] - Waiting for mode change to: AUTO
2025-06-22 02:17:31,834 - SUAS - DEBUG - [SUAS_main.main:736] - Waiting for mode change to: AUTO
2025-06-22 02:17:32,335 - SUAS - DEBUG - [SUAS_main.main:736] - Waiting for mode change to: AUTO
2025-06-22 02:17:32,837 - SUAS - DEBUG - [SUAS_main.main:736] - Waiting for mode change to: AUTO
2025-06-22 02:17:33,338 - SUAS - DEBUG - [SUAS_main.main:736] - Waiting for mode change to: AUTO
2025-06-22 02:17:33,840 - SUAS - DEBUG - [SUAS_main.main:736] - Waiting for mode change to: AUTO
2025-06-22 02:17:34,341 - SUAS - DEBUG - [SUAS_main.main:736] - Waiting for mode change to: AUTO
2025-06-22 02:17:34,843 - SUAS - DEBUG - [SUAS_main.main:736] - Waiting for mode change to: AUTO
2025-06-22 02:17:35,344 - SUAS - DEBUG - [SUAS_main.main:736] - Waiting for mode change to: AUTO
2025-06-22 02:17:35,845 - SUAS - DEBUG - [SUAS_main.main:736] - Waiting for mode change to: AUTO
2025-06-22 02:17:36,347 - SUAS - DEBUG - [SUAS_main.main:736] - Waiting for mode change to: AUTO
2025-06-22 02:17:36,848 - SUAS - DEBUG - [SUAS_main.main:736] - Waiting for mode change to: AUTO
2025-06-22 02:17:37,349 - SUAS - DEBUG - [SUAS_main.main:736] - Waiting for mode change to: AUTO
2025-06-22 02:17:37,851 - SUAS - DEBUG - [SUAS_main.main:736] - Waiting for mode change to: AUTO
2025-06-22 02:17:38,352 - SUAS - DEBUG - [SUAS_main.main:736] - Waiting for mode change to: AUTO
2025-06-22 02:17:38,854 - SUAS - DEBUG - [SUAS_main.main:736] - Waiting for mode change to: AUTO
2025-06-22 02:17:39,355 - SUAS - DEBUG - [SUAS_main.main:736] - Waiting for mode change to: AUTO
2025-06-22 02:17:39,857 - SUAS - DEBUG - [SUAS_main.main:736] - Waiting for mode change to: AUTO
2025-06-22 02:17:40,358 - SUAS - DEBUG - [SUAS_main.main:736] - Waiting for mode change to: AUTO
2025-06-22 02:17:40,860 - SUAS - DEBUG - [SUAS_main.main:736] - Waiting for mode change to: AUTO
2025-06-22 02:17:41,361 - SUAS - DEBUG - [SUAS_main.main:736] - Waiting for mode change to: AUTO
2025-06-22 02:17:41,862 - SUAS - DEBUG - [SUAS_main.main:736] - Waiting for mode change to: AUTO
2025-06-22 02:17:42,364 - SUAS - DEBUG - [SUAS_main.main:736] - Waiting for mode change to: AUTO
2025-06-22 02:17:42,865 - SUAS - DEBUG - [SUAS_main.main:736] - Waiting for mode change to: AUTO
2025-06-22 02:17:43,367 - SUAS - DEBUG - [SUAS_main.main:736] - Waiting for mode change to: AUTO
2025-06-22 02:17:43,868 - SUAS - DEBUG - [SUAS_main.main:736] - Waiting for mode change to: AUTO
2025-06-22 02:17:44,370 - SUAS - DEBUG - [SUAS_main.main:736] - Waiting for mode change to: AUTO
2025-06-22 02:17:44,871 - SUAS - DEBUG - [SUAS_main.main:736] - Waiting for mode change to: AUTO
2025-06-22 02:17:45,373 - SUAS - DEBUG - [SUAS_main.main:736] - Waiting for mode change to: AUTO
2025-06-22 02:17:45,874 - SUAS - DEBUG - [SUAS_main.main:736] - Waiting for mode change to: AUTO
2025-06-22 02:17:46,376 - SUAS - DEBUG - [SUAS_main.main:736] - Waiting for mode change to: AUTO
2025-06-22 02:17:46,877 - SUAS - DEBUG - [SUAS_main.main:736] - Waiting for mode change to: AUTO
2025-06-22 02:17:47,378 - SUAS - DEBUG - [SUAS_main.main:736] - Waiting for mode change to: AUTO
2025-06-22 02:17:47,880 - SUAS - DEBUG - [SUAS_main.main:736] - Waiting for mode change to: AUTO
2025-06-22 02:17:48,381 - SUAS - DEBUG - [SUAS_main.main:736] - Waiting for mode change to: AUTO
2025-06-22 02:17:48,882 - SUAS - DEBUG - [SUAS_main.main:736] - Waiting for mode change to: AUTO
2025-06-22 02:17:49,384 - SUAS - DEBUG - [SUAS_main.main:736] - Waiting for mode change to: AUTO
2025-06-22 02:17:49,885 - SUAS - DEBUG - [SUAS_main.main:736] - Waiting for mode change to: AUTO
2025-06-22 02:17:50,387 - SUAS - DEBUG - [SUAS_main.main:736] - Waiting for mode change to: AUTO
2025-06-22 02:17:50,888 - SUAS - DEBUG - [SUAS_main.main:736] - Waiting for mode change to: AUTO
2025-06-22 02:17:51,390 - SUAS - DEBUG - [SUAS_main.main:736] - Waiting for mode change to: AUTO
2025-06-22 02:17:51,891 - SUAS - DEBUG - [SUAS_main.main:736] - Waiting for mode change to: AUTO
2025-06-22 02:17:52,393 - SUAS - DEBUG - [SUAS_main.main:736] - Waiting for mode change to: AUTO
2025-06-22 02:17:52,894 - SUAS - DEBUG - [SUAS_main.main:736] - Waiting for mode change to: AUTO
2025-06-22 02:17:53,396 - SUAS - DEBUG - [SUAS_main.main:736] - Waiting for mode change to: AUTO
2025-06-22 02:17:53,898 - SUAS - DEBUG - [SUAS_main.main:736] - Waiting for mode change to: AUTO
2025-06-22 02:17:54,399 - SUAS - DEBUG - [SUAS_main.main:736] - Waiting for mode change to: AUTO
2025-06-22 02:17:54,901 - SUAS - DEBUG - [SUAS_main.main:736] - Waiting for mode change to: AUTO
2025-06-22 02:17:55,402 - SUAS - DEBUG - [SUAS_main.main:736] - Waiting for mode change to: AUTO
2025-06-22 02:17:55,904 - SUAS - DEBUG - [SUAS_main.main:736] - Waiting for mode change to: AUTO
2025-06-22 02:17:56,405 - SUAS - DEBUG - [SUAS_main.main:736] - Waiting for mode change to: AUTO
2025-06-22 02:17:56,907 - SUAS - DEBUG - [SUAS_main.main:736] - Waiting for mode change to: AUTO
2025-06-22 02:17:57,408 - SUAS - DEBUG - [SUAS_main.main:736] - Waiting for mode change to: AUTO
2025-06-22 02:17:57,909 - SUAS - DEBUG - [SUAS_main.main:736] - Waiting for mode change to: AUTO
2025-06-22 02:17:58,411 - SUAS - DEBUG - [SUAS_main.main:736] - Waiting for mode change to: AUTO
2025-06-22 02:17:58,912 - SUAS - DEBUG - [SUAS_main.main:736] - Waiting for mode change to: AUTO
2025-06-22 02:17:59,414 - SUAS - DEBUG - [SUAS_main.main:736] - Waiting for mode change to: AUTO
2025-06-22 02:17:59,915 - SUAS - DEBUG - [SUAS_main.main:736] - Waiting for mode change to: AUTO
2025-06-22 02:18:00,417 - SUAS - DEBUG - [SUAS_main.main:736] - Waiting for mode change to: AUTO
2025-06-22 02:18:00,918 - SUAS - DEBUG - [SUAS_main.main:736] - Waiting for mode change to: AUTO
2025-06-22 02:18:01,420 - SUAS - DEBUG - [SUAS_main.main:736] - Waiting for mode change to: AUTO
2025-06-22 02:18:01,921 - SUAS - DEBUG - [SUAS_main.main:736] - Waiting for mode change to: AUTO
2025-06-22 02:18:02,423 - SUAS - DEBUG - [SUAS_main.main:736] - Waiting for mode change to: AUTO
2025-06-22 02:18:02,924 - SUAS - DEBUG - [SUAS_main.main:736] - Waiting for mode change to: AUTO
2025-06-22 02:18:03,425 - SUAS - DEBUG - [SUAS_main.main:736] - Waiting for mode change to: AUTO
2025-06-22 02:18:03,927 - SUAS - DEBUG - [SUAS_main.main:736] - Waiting for mode change to: AUTO
2025-06-22 02:18:04,428 - SUAS - DEBUG - [SUAS_main.main:736] - Waiting for mode change to: AUTO
2025-06-22 02:18:04,929 - SUAS - DEBUG - [SUAS_main.main:736] - Waiting for mode change to: AUTO
2025-06-22 02:18:05,431 - SUAS - DEBUG - [SUAS_main.main:736] - Waiting for mode change to: AUTO
2025-06-22 02:18:05,932 - SUAS - DEBUG - [SUAS_main.main:736] - Waiting for mode change to: AUTO
2025-06-22 02:18:06,434 - SUAS - DEBUG - [SUAS_main.main:736] - Waiting for mode change to: AUTO
2025-06-22 02:18:06,936 - SUAS - DEBUG - [SUAS_main.main:736] - Waiting for mode change to: AUTO
2025-06-22 02:18:07,437 - SUAS - DEBUG - [SUAS_main.main:736] - Waiting for mode change to: AUTO
2025-06-22 02:18:07,938 - SUAS - DEBUG - [SUAS_main.main:736] - Waiting for mode change to: AUTO
2025-06-22 02:18:08,440 - SUAS - DEBUG - [SUAS_main.main:736] - Waiting for mode change to: AUTO
2025-06-22 02:18:08,941 - SUAS - DEBUG - [SUAS_main.main:736] - Waiting for mode change to: AUTO
2025-06-22 02:18:09,443 - SUAS - DEBUG - [SUAS_main.main:736] - Waiting for mode change to: AUTO
2025-06-22 02:18:09,944 - SUAS - DEBUG - [SUAS_main.main:736] - Waiting for mode change to: AUTO
2025-06-22 02:18:10,445 - SUAS - DEBUG - [SUAS_main.main:736] - Waiting for mode change to: AUTO
2025-06-22 02:18:10,946 - SUAS - DEBUG - [SUAS_main.main:736] - Waiting for mode change to: AUTO
2025-06-22 02:18:11,448 - SUAS - DEBUG - [SUAS_main.main:736] - Waiting for mode change to: AUTO
2025-06-22 02:18:11,949 - SUAS - DEBUG - [SUAS_main.main:736] - Waiting for mode change to: AUTO
2025-06-22 02:18:12,450 - SUAS - DEBUG - [SUAS_main.main:736] - Waiting for mode change to: AUTO
2025-06-22 02:18:12,952 - SUAS - DEBUG - [SUAS_main.main:736] - Waiting for mode change to: AUTO
2025-06-22 02:18:13,453 - SUAS - DEBUG - [SUAS_main.main:736] - Waiting for mode change to: AUTO
2025-06-22 02:18:13,955 - SUAS - DEBUG - [SUAS_main.main:736] - Waiting for mode change to: AUTO
2025-06-22 02:18:14,456 - SUAS - DEBUG - [SUAS_main.main:736] - Waiting for mode change to: AUTO
2025-06-22 02:18:14,958 - SUAS - DEBUG - [SUAS_main.main:736] - Waiting for mode change to: AUTO
2025-06-22 02:18:15,459 - SUAS - DEBUG - [SUAS_main.main:736] - Waiting for mode change to: AUTO
2025-06-22 02:18:15,961 - SUAS - DEBUG - [SUAS_main.main:736] - Waiting for mode change to: AUTO
2025-06-22 02:18:16,462 - SUAS - DEBUG - [SUAS_main.main:736] - Waiting for mode change to: AUTO
2025-06-22 02:18:16,964 - SUAS - DEBUG - [SUAS_main.main:736] - Waiting for mode change to: AUTO
2025-06-22 02:18:17,465 - SUAS - DEBUG - [SUAS_main.main:736] - Waiting for mode change to: AUTO
2025-06-22 02:18:17,966 - SUAS - DEBUG - [SUAS_main.main:736] - Waiting for mode change to: AUTO
2025-06-22 02:18:18,468 - SUAS - DEBUG - [SUAS_main.main:736] - Waiting for mode change to: AUTO
2025-06-22 02:18:18,969 - SUAS - DEBUG - [SUAS_main.main:736] - Waiting for mode change to: AUTO
2025-06-22 02:18:19,471 - SUAS - DEBUG - [SUAS_main.main:736] - Waiting for mode change to: AUTO
2025-06-22 02:18:19,972 - SUAS - DEBUG - [SUAS_main.main:736] - Waiting for mode change to: AUTO
2025-06-22 02:18:20,474 - SUAS - DEBUG - [SUAS_main.main:736] - Waiting for mode change to: AUTO
2025-06-22 02:18:20,975 - SUAS - DEBUG - [SUAS_main.main:736] - Waiting for mode change to: AUTO
2025-06-22 02:18:21,477 - SUAS - DEBUG - [SUAS_main.main:736] - Waiting for mode change to: AUTO
2025-06-22 02:18:21,978 - SUAS - DEBUG - [SUAS_main.main:736] - Waiting for mode change to: AUTO
2025-06-22 02:18:22,480 - SUAS - DEBUG - [SUAS_main.main:736] - Waiting for mode change to: AUTO
2025-06-22 02:18:22,981 - SUAS - DEBUG - [SUAS_main.main:736] - Waiting for mode change to: AUTO
2025-06-22 02:18:23,482 - SUAS - DEBUG - [SUAS_main.main:736] - Waiting for mode change to: AUTO
2025-06-22 02:18:23,984 - SUAS - DEBUG - [SUAS_main.main:736] - Waiting for mode change to: AUTO
2025-06-22 02:18:24,485 - SUAS - DEBUG - [SUAS_main.main:736] - Waiting for mode change to: AUTO
2025-06-22 02:18:24,986 - SUAS - DEBUG - [SUAS_main.main:736] - Waiting for mode change to: AUTO
2025-06-22 02:18:25,488 - SUAS - DEBUG - [SUAS_main.main:736] - Waiting for mode change to: AUTO
2025-06-22 02:18:25,989 - SUAS - DEBUG - [SUAS_main.main:736] - Waiting for mode change to: AUTO
2025-06-22 02:18:26,491 - SUAS - DEBUG - [SUAS_main.main:736] - Waiting for mode change to: AUTO
2025-06-22 02:18:26,992 - SUAS - DEBUG - [SUAS_main.main:736] - Waiting for mode change to: AUTO
2025-06-22 02:18:27,494 - SUAS - DEBUG - [SUAS_main.main:736] - Waiting for mode change to: AUTO
2025-06-22 02:18:27,995 - SUAS - DEBUG - [SUAS_main.main:736] - Waiting for mode change to: AUTO
2025-06-22 02:18:28,497 - SUAS - DEBUG - [SUAS_main.main:736] - Waiting for mode change to: AUTO
2025-06-22 02:18:28,998 - SUAS - DEBUG - [SUAS_main.main:736] - Waiting for mode change to: AUTO
2025-06-22 02:18:29,500 - SUAS - DEBUG - [SUAS_main.main:736] - Waiting for mode change to: AUTO
2025-06-22 02:18:30,001 - SUAS - DEBUG - [SUAS_main.main:736] - Waiting for mode change to: AUTO
2025-06-22 02:18:30,502 - SUAS - DEBUG - [SUAS_main.main:736] - Waiting for mode change to: AUTO
2025-06-22 02:18:31,004 - SUAS - DEBUG - [SUAS_main.main:736] - Waiting for mode change to: AUTO
2025-06-22 02:18:31,505 - SUAS - DEBUG - [SUAS_main.main:736] - Waiting for mode change to: AUTO
2025-06-22 02:18:32,007 - SUAS - DEBUG - [SUAS_main.main:736] - Waiting for mode change to: AUTO
2025-06-22 02:18:32,508 - SUAS - DEBUG - [SUAS_main.main:736] - Waiting for mode change to: AUTO
2025-06-22 02:18:33,010 - SUAS - DEBUG - [SUAS_main.main:736] - Waiting for mode change to: AUTO
2025-06-22 02:18:33,511 - SUAS - DEBUG - [SUAS_main.main:736] - Waiting for mode change to: AUTO
2025-06-22 02:18:34,013 - SUAS - DEBUG - [SUAS_main.main:736] - Waiting for mode change to: AUTO
2025-06-22 02:18:34,514 - SUAS - DEBUG - [SUAS_main.main:736] - Waiting for mode change to: AUTO
2025-06-22 02:18:35,016 - SUAS - DEBUG - [SUAS_main.main:736] - Waiting for mode change to: AUTO
2025-06-22 02:18:35,517 - SUAS - DEBUG - [SUAS_main.main:736] - Waiting for mode change to: AUTO
2025-06-22 02:18:36,018 - SUAS - DEBUG - [SUAS_main.main:736] - Waiting for mode change to: AUTO
2025-06-22 02:18:36,520 - SUAS - DEBUG - [SUAS_main.main:736] - Waiting for mode change to: AUTO
2025-06-22 02:18:37,021 - SUAS - DEBUG - [SUAS_main.main:736] - Waiting for mode change to: AUTO
2025-06-22 02:18:37,522 - SUAS - DEBUG - [SUAS_main.main:736] - Waiting for mode change to: AUTO
2025-06-22 02:18:38,024 - SUAS - DEBUG - [SUAS_main.main:736] - Waiting for mode change to: AUTO
2025-06-22 02:18:38,525 - SUAS - DEBUG - [SUAS_main.main:736] - Waiting for mode change to: AUTO
2025-06-22 02:18:39,026 - SUAS - DEBUG - [SUAS_main.main:736] - Waiting for mode change to: AUTO
2025-06-22 02:18:39,528 - SUAS - DEBUG - [SUAS_main.main:736] - Waiting for mode change to: AUTO
2025-06-22 02:18:40,029 - SUAS - DEBUG - [SUAS_main.main:736] - Waiting for mode change to: AUTO
2025-06-22 02:18:40,531 - SUAS - DEBUG - [SUAS_main.main:736] - Waiting for mode change to: AUTO
2025-06-22 02:18:41,032 - SUAS - DEBUG - [SUAS_main.main:736] - Waiting for mode change to: AUTO
2025-06-22 02:18:41,533 - SUAS - DEBUG - [SUAS_main.main:736] - Waiting for mode change to: AUTO
2025-06-22 02:18:42,034 - SUAS - DEBUG - [SUAS_main.main:736] - Waiting for mode change to: AUTO
2025-06-22 02:18:42,536 - SUAS - DEBUG - [SUAS_main.main:736] - Waiting for mode change to: AUTO
2025-06-22 02:18:43,037 - SUAS - DEBUG - [SUAS_main.main:736] - Waiting for mode change to: AUTO
2025-06-22 02:18:43,538 - SUAS - DEBUG - [SUAS_main.main:736] - Waiting for mode change to: AUTO
2025-06-22 02:18:44,040 - SUAS - DEBUG - [SUAS_main.main:736] - Waiting for mode change to: AUTO
2025-06-22 02:18:44,541 - SUAS - DEBUG - [SUAS_main.main:736] - Waiting for mode change to: AUTO
2025-06-22 02:18:45,044 - SUAS - DEBUG - [SUAS_main.main:736] - Waiting for mode change to: AUTO
2025-06-22 02:18:45,545 - SUAS - DEBUG - [SUAS_main.main:736] - Waiting for mode change to: AUTO
2025-06-22 02:18:46,046 - SUAS - DEBUG - [SUAS_main.main:736] - Waiting for mode change to: AUTO
2025-06-22 02:18:46,548 - SUAS - DEBUG - [SUAS_main.main:736] - Waiting for mode change to: AUTO
2025-06-22 02:18:47,049 - SUAS - DEBUG - [SUAS_main.main:736] - Waiting for mode change to: AUTO
2025-06-22 02:18:47,551 - SUAS - DEBUG - [SUAS_main.main:736] - Waiting for mode change to: AUTO
2025-06-22 02:18:48,052 - SUAS - DEBUG - [SUAS_main.main:736] - Waiting for mode change to: AUTO
2025-06-22 02:18:48,554 - SUAS - DEBUG - [SUAS_main.main:736] - Waiting for mode change to: AUTO
2025-06-22 02:18:49,055 - SUAS - DEBUG - [SUAS_main.main:736] - Waiting for mode change to: AUTO
2025-06-22 02:18:49,557 - SUAS - DEBUG - [SUAS_main.main:736] - Waiting for mode change to: AUTO
2025-06-22 02:18:50,058 - SUAS - DEBUG - [SUAS_main.main:736] - Waiting for mode change to: AUTO
2025-06-22 02:18:50,560 - SUAS - DEBUG - [SUAS_main.main:736] - Waiting for mode change to: AUTO
2025-06-22 02:18:51,061 - SUAS - DEBUG - [SUAS_main.main:736] - Waiting for mode change to: AUTO
2025-06-22 02:18:51,562 - SUAS - DEBUG - [SUAS_main.main:736] - Waiting for mode change to: AUTO
2025-06-22 02:18:52,064 - SUAS - DEBUG - [SUAS_main.main:736] - Waiting for mode change to: AUTO
2025-06-22 02:18:52,565 - SUAS - DEBUG - [SUAS_main.main:736] - Waiting for mode change to: AUTO
2025-06-22 02:18:53,067 - SUAS - DEBUG - [SUAS_main.main:736] - Waiting for mode change to: AUTO
2025-06-22 02:18:53,568 - SUAS - DEBUG - [SUAS_main.main:736] - Waiting for mode change to: AUTO
2025-06-22 02:18:54,069 - SUAS - DEBUG - [SUAS_main.main:736] - Waiting for mode change to: AUTO
2025-06-22 02:18:54,571 - SUAS - DEBUG - [SUAS_main.main:736] - Waiting for mode change to: AUTO
2025-06-22 02:18:55,073 - SUAS - DEBUG - [SUAS_main.main:736] - Waiting for mode change to: AUTO
2025-06-22 02:18:55,574 - SUAS - DEBUG - [SUAS_main.main:736] - Waiting for mode change to: AUTO
2025-06-22 02:18:56,076 - SUAS - DEBUG - [SUAS_main.main:736] - Waiting for mode change to: AUTO
2025-06-22 02:18:56,577 - SUAS - DEBUG - [SUAS_main.main:736] - Waiting for mode change to: AUTO
2025-06-22 02:18:57,078 - SUAS - DEBUG - [SUAS_main.main:736] - Waiting for mode change to: AUTO
2025-06-22 02:18:57,580 - SUAS - DEBUG - [SUAS_main.main:736] - Waiting for mode change to: AUTO
2025-06-22 02:18:58,081 - SUAS - DEBUG - [SUAS_main.main:736] - Waiting for mode change to: AUTO
2025-06-22 02:18:58,582 - SUAS - DEBUG - [SUAS_main.main:736] - Waiting for mode change to: AUTO
2025-06-22 02:18:59,084 - SUAS - DEBUG - [SUAS_main.main:736] - Waiting for mode change to: AUTO
2025-06-22 02:18:59,585 - SUAS - DEBUG - [SUAS_main.main:736] - Waiting for mode change to: AUTO
2025-06-22 02:19:00,086 - SUAS - DEBUG - [SUAS_main.main:736] - Waiting for mode change to: AUTO
2025-06-22 02:19:00,587 - SUAS - DEBUG - [SUAS_main.main:736] - Waiting for mode change to: AUTO
2025-06-22 02:19:01,089 - SUAS - DEBUG - [SUAS_main.main:736] - Waiting for mode change to: AUTO
2025-06-22 02:19:01,590 - SUAS - DEBUG - [SUAS_main.main:736] - Waiting for mode change to: AUTO
2025-06-22 02:19:02,092 - SUAS - DEBUG - [SUAS_main.main:736] - Waiting for mode change to: AUTO
2025-06-22 02:19:02,593 - SUAS - DEBUG - [SUAS_main.main:736] - Waiting for mode change to: AUTO
2025-06-22 02:19:03,095 - SUAS - DEBUG - [SUAS_main.main:736] - Waiting for mode change to: AUTO
2025-06-22 02:19:03,596 - SUAS - DEBUG - [SUAS_main.main:736] - Waiting for mode change to: AUTO
2025-06-22 02:19:04,097 - SUAS - DEBUG - [SUAS_main.main:736] - Waiting for mode change to: AUTO
2025-06-22 02:19:04,599 - SUAS - DEBUG - [SUAS_main.main:736] - Waiting for mode change to: AUTO
2025-06-22 02:19:05,100 - SUAS - DEBUG - [SUAS_main.main:736] - Waiting for mode change to: AUTO
2025-06-22 02:19:05,601 - SUAS - DEBUG - [SUAS_main.main:736] - Waiting for mode change to: AUTO
2025-06-22 02:19:06,103 - SUAS - DEBUG - [SUAS_main.main:736] - Waiting for mode change to: AUTO
2025-06-22 02:19:06,604 - SUAS - DEBUG - [SUAS_main.main:736] - Waiting for mode change to: AUTO
2025-06-22 02:19:07,105 - SUAS - DEBUG - [SUAS_main.main:736] - Waiting for mode change to: AUTO
2025-06-22 02:19:07,607 - SUAS - DEBUG - [SUAS_main.main:736] - Waiting for mode change to: AUTO
2025-06-22 02:19:08,108 - SUAS - DEBUG - [SUAS_main.main:736] - Waiting for mode change to: AUTO
2025-06-22 02:19:08,609 - SUAS - DEBUG - [SUAS_main.main:736] - Waiting for mode change to: AUTO
2025-06-22 02:19:09,111 - SUAS - DEBUG - [SUAS_main.main:736] - Waiting for mode change to: AUTO
2025-06-22 02:19:09,613 - SUAS - DEBUG - [SUAS_main.main:736] - Waiting for mode change to: AUTO
2025-06-22 02:19:10,114 - SUAS - DEBUG - [SUAS_main.main:736] - Waiting for mode change to: AUTO
2025-06-22 02:19:10,616 - SUAS - DEBUG - [SUAS_main.main:736] - Waiting for mode change to: AUTO
2025-06-22 02:19:11,117 - SUAS - DEBUG - [SUAS_main.main:736] - Waiting for mode change to: AUTO
2025-06-22 02:19:11,618 - SUAS - DEBUG - [SUAS_main.main:736] - Waiting for mode change to: AUTO
2025-06-22 02:19:12,120 - SUAS - DEBUG - [SUAS_main.main:736] - Waiting for mode change to: AUTO
2025-06-22 02:19:12,621 - SUAS - DEBUG - [SUAS_main.main:736] - Waiting for mode change to: AUTO
2025-06-22 02:19:13,122 - SUAS - DEBUG - [SUAS_main.main:736] - Waiting for mode change to: AUTO
2025-06-22 02:19:13,624 - SUAS - DEBUG - [SUAS_main.main:736] - Waiting for mode change to: AUTO
2025-06-22 02:19:14,125 - SUAS - DEBUG - [SUAS_main.main:736] - Waiting for mode change to: AUTO
2025-06-22 02:19:14,627 - SUAS - DEBUG - [SUAS_main.main:736] - Waiting for mode change to: AUTO
2025-06-22 02:19:15,128 - SUAS - DEBUG - [SUAS_main.main:736] - Waiting for mode change to: AUTO
2025-06-22 02:19:15,630 - SUAS - DEBUG - [SUAS_main.main:736] - Waiting for mode change to: AUTO
2025-06-22 02:19:16,131 - SUAS - DEBUG - [SUAS_main.main:736] - Waiting for mode change to: AUTO
2025-06-22 02:19:16,633 - SUAS - DEBUG - [SUAS_main.main:736] - Waiting for mode change to: AUTO
2025-06-22 02:19:17,134 - SUAS - DEBUG - [SUAS_main.main:736] - Waiting for mode change to: AUTO
2025-06-22 02:19:17,636 - SUAS - DEBUG - [SUAS_main.main:736] - Waiting for mode change to: AUTO
2025-06-22 02:19:18,137 - SUAS - DEBUG - [SUAS_main.main:736] - Waiting for mode change to: AUTO
2025-06-22 02:19:18,638 - SUAS - DEBUG - [SUAS_main.main:736] - Waiting for mode change to: AUTO
2025-06-22 02:19:19,140 - SUAS - DEBUG - [SUAS_main.main:736] - Waiting for mode change to: AUTO
2025-06-22 02:19:19,641 - SUAS - DEBUG - [SUAS_main.main:736] - Waiting for mode change to: AUTO
2025-06-22 02:19:20,143 - SUAS - DEBUG - [SUAS_main.main:736] - Waiting for mode change to: AUTO
2025-06-22 02:19:20,644 - SUAS - DEBUG - [SUAS_main.main:736] - Waiting for mode change to: AUTO
2025-06-22 02:19:21,145 - SUAS - DEBUG - [SUAS_main.main:736] - Waiting for mode change to: AUTO
2025-06-22 02:19:21,647 - SUAS - DEBUG - [SUAS_main.main:736] - Waiting for mode change to: AUTO
2025-06-22 02:19:22,148 - SUAS - DEBUG - [SUAS_main.main:736] - Waiting for mode change to: AUTO
2025-06-22 02:19:22,650 - SUAS - DEBUG - [SUAS_main.main:736] - Waiting for mode change to: AUTO
2025-06-22 02:19:23,152 - SUAS - DEBUG - [SUAS_main.main:736] - Waiting for mode change to: AUTO
2025-06-22 02:19:23,654 - SUAS - DEBUG - [SUAS_main.main:736] - Waiting for mode change to: AUTO
2025-06-22 02:19:24,155 - SUAS - DEBUG - [SUAS_main.main:736] - Waiting for mode change to: AUTO
2025-06-22 02:19:24,657 - SUAS - DEBUG - [SUAS_main.main:736] - Waiting for mode change to: AUTO
2025-06-22 02:19:25,158 - SUAS - DEBUG - [SUAS_main.main:736] - Waiting for mode change to: AUTO
2025-06-22 02:19:25,660 - SUAS - DEBUG - [SUAS_main.main:736] - Waiting for mode change to: AUTO
2025-06-22 02:19:26,161 - SUAS - DEBUG - [SUAS_main.main:736] - Waiting for mode change to: AUTO
2025-06-22 02:19:26,663 - SUAS - DEBUG - [SUAS_main.main:736] - Waiting for mode change to: AUTO
2025-06-22 02:19:27,164 - SUAS - DEBUG - [SUAS_main.main:736] - Waiting for mode change to: AUTO
2025-06-22 02:19:27,666 - SUAS - DEBUG - [SUAS_main.main:736] - Waiting for mode change to: AUTO
2025-06-22 02:19:28,167 - SUAS - DEBUG - [SUAS_main.main:736] - Waiting for mode change to: AUTO
2025-06-22 02:19:28,669 - SUAS - DEBUG - [SUAS_main.main:736] - Waiting for mode change to: AUTO
2025-06-22 02:19:29,171 - SUAS - DEBUG - [SUAS_main.main:736] - Waiting for mode change to: AUTO
2025-06-22 02:19:29,673 - SUAS - DEBUG - [SUAS_main.main:736] - Waiting for mode change to: AUTO
2025-06-22 02:19:30,174 - SUAS - DEBUG - [SUAS_main.main:736] - Waiting for mode change to: AUTO
2025-06-22 02:19:30,676 - SUAS - DEBUG - [SUAS_main.main:736] - Waiting for mode change to: AUTO
2025-06-22 02:19:31,177 - SUAS - DEBUG - [SUAS_main.main:736] - Waiting for mode change to: AUTO
2025-06-22 02:19:31,679 - SUAS - DEBUG - [SUAS_main.main:736] - Waiting for mode change to: AUTO
2025-06-22 02:19:32,180 - SUAS - DEBUG - [SUAS_main.main:736] - Waiting for mode change to: AUTO
2025-06-22 02:19:32,681 - SUAS - DEBUG - [SUAS_main.main:736] - Waiting for mode change to: AUTO
2025-06-22 02:19:33,183 - SUAS - DEBUG - [SUAS_main.main:736] - Waiting for mode change to: AUTO
2025-06-22 02:19:33,684 - SUAS - DEBUG - [SUAS_main.main:736] - Waiting for mode change to: AUTO
2025-06-22 02:19:34,185 - SUAS - DEBUG - [SUAS_main.main:736] - Waiting for mode change to: AUTO
2025-06-22 02:19:34,687 - SUAS - DEBUG - [SUAS_main.main:736] - Waiting for mode change to: AUTO
2025-06-22 02:19:35,188 - SUAS - DEBUG - [SUAS_main.main:736] - Waiting for mode change to: AUTO
2025-06-22 02:19:35,690 - SUAS - DEBUG - [SUAS_main.main:736] - Waiting for mode change to: AUTO
2025-06-22 02:19:36,192 - SUAS - DEBUG - [SUAS_main.main:736] - Waiting for mode change to: AUTO
2025-06-22 02:19:36,693 - SUAS - DEBUG - [SUAS_main.main:736] - Waiting for mode change to: AUTO
2025-06-22 02:19:37,195 - SUAS - DEBUG - [SUAS_main.main:736] - Waiting for mode change to: AUTO
2025-06-22 02:19:37,696 - SUAS - DEBUG - [SUAS_main.main:736] - Waiting for mode change to: AUTO
2025-06-22 02:19:38,197 - SUAS - DEBUG - [SUAS_main.main:736] - Waiting for mode change to: AUTO
2025-06-22 02:19:38,699 - SUAS - DEBUG - [SUAS_main.main:736] - Waiting for mode change to: AUTO
2025-06-22 02:19:39,200 - SUAS - DEBUG - [SUAS_main.main:736] - Waiting for mode change to: AUTO
2025-06-22 02:19:39,702 - SUAS - DEBUG - [SUAS_main.main:736] - Waiting for mode change to: AUTO
2025-06-22 02:19:40,203 - SUAS - DEBUG - [SUAS_main.main:736] - Waiting for mode change to: AUTO
2025-06-22 02:19:40,705 - SUAS - DEBUG - [SUAS_main.main:736] - Waiting for mode change to: AUTO
2025-06-22 02:19:41,206 - SUAS - DEBUG - [SUAS_main.main:736] - Waiting for mode change to: AUTO
2025-06-22 02:19:41,708 - SUAS - DEBUG - [SUAS_main.main:736] - Waiting for mode change to: AUTO
2025-06-22 02:19:42,210 - SUAS - DEBUG - [SUAS_main.main:736] - Waiting for mode change to: AUTO
2025-06-22 02:19:42,712 - SUAS - DEBUG - [SUAS_main.main:736] - Waiting for mode change to: AUTO
2025-06-22 02:19:43,213 - SUAS - DEBUG - [SUAS_main.main:736] - Waiting for mode change to: AUTO
2025-06-22 02:19:43,714 - SUAS - DEBUG - [SUAS_main.main:736] - Waiting for mode change to: AUTO
2025-06-22 02:19:44,216 - SUAS - DEBUG - [SUAS_main.main:736] - Waiting for mode change to: AUTO
2025-06-22 02:19:44,717 - SUAS - DEBUG - [SUAS_main.main:736] - Waiting for mode change to: AUTO
2025-06-22 02:19:45,218 - SUAS - DEBUG - [SUAS_main.main:736] - Waiting for mode change to: AUTO
2025-06-22 02:19:45,720 - SUAS - DEBUG - [SUAS_main.main:736] - Waiting for mode change to: AUTO
2025-06-22 02:19:46,221 - SUAS - DEBUG - [SUAS_main.main:736] - Waiting for mode change to: AUTO
2025-06-22 02:19:46,723 - SUAS - DEBUG - [SUAS_main.main:736] - Waiting for mode change to: AUTO
2025-06-22 02:19:47,224 - SUAS - DEBUG - [SUAS_main.main:736] - Waiting for mode change to: AUTO
2025-06-22 02:19:47,725 - SUAS - DEBUG - [SUAS_main.main:736] - Waiting for mode change to: AUTO
2025-06-22 02:19:48,227 - SUAS - DEBUG - [SUAS_main.main:736] - Waiting for mode change to: AUTO
2025-06-22 02:19:48,728 - SUAS - DEBUG - [SUAS_main.main:736] - Waiting for mode change to: AUTO
2025-06-22 02:19:49,230 - SUAS - DEBUG - [SUAS_main.main:736] - Waiting for mode change to: AUTO
2025-06-22 02:19:49,732 - SUAS - DEBUG - [SUAS_main.main:736] - Waiting for mode change to: AUTO
2025-06-22 02:19:50,233 - SUAS - DEBUG - [SUAS_main.main:736] - Waiting for mode change to: AUTO
2025-06-22 02:19:50,734 - SUAS - DEBUG - [SUAS_main.main:736] - Waiting for mode change to: AUTO
2025-06-22 02:19:51,236 - SUAS - DEBUG - [SUAS_main.main:736] - Waiting for mode change to: AUTO
2025-06-22 02:19:51,737 - SUAS - DEBUG - [SUAS_main.main:736] - Waiting for mode change to: AUTO
2025-06-22 02:19:52,238 - SUAS - DEBUG - [SUAS_main.main:736] - Waiting for mode change to: AUTO
2025-06-22 02:19:52,740 - SUAS - DEBUG - [SUAS_main.main:736] - Waiting for mode change to: AUTO
2025-06-22 02:19:53,241 - SUAS - DEBUG - [SUAS_main.main:736] - Waiting for mode change to: AUTO
2025-06-22 02:19:53,742 - SUAS - DEBUG - [SUAS_main.main:736] - Waiting for mode change to: AUTO
2025-06-22 02:19:54,244 - SUAS - DEBUG - [SUAS_main.main:736] - Waiting for mode change to: AUTO
2025-06-22 02:19:54,745 - SUAS - DEBUG - [SUAS_main.main:736] - Waiting for mode change to: AUTO
2025-06-22 02:19:55,246 - SUAS - DEBUG - [SUAS_main.main:736] - Waiting for mode change to: AUTO
2025-06-22 02:19:55,748 - SUAS - DEBUG - [SUAS_main.main:736] - Waiting for mode change to: AUTO
2025-06-22 02:19:56,249 - SUAS - DEBUG - [SUAS_main.main:736] - Waiting for mode change to: AUTO
2025-06-22 02:19:56,751 - SUAS - DEBUG - [SUAS_main.main:736] - Waiting for mode change to: AUTO
2025-06-22 02:19:57,253 - SUAS - DEBUG - [SUAS_main.main:736] - Waiting for mode change to: AUTO
2025-06-22 02:19:57,754 - SUAS - DEBUG - [SUAS_main.main:736] - Waiting for mode change to: AUTO
2025-06-22 02:19:58,256 - SUAS - DEBUG - [SUAS_main.main:736] - Waiting for mode change to: AUTO
2025-06-22 02:19:58,757 - SUAS - DEBUG - [SUAS_main.main:736] - Waiting for mode change to: AUTO
2025-06-22 02:19:59,259 - SUAS - DEBUG - [SUAS_main.main:736] - Waiting for mode change to: AUTO
2025-06-22 02:19:59,760 - SUAS - DEBUG - [SUAS_main.main:736] - Waiting for mode change to: AUTO
2025-06-22 02:20:00,261 - SUAS - DEBUG - [SUAS_main.main:736] - Waiting for mode change to: AUTO
2025-06-22 02:20:00,762 - SUAS - DEBUG - [SUAS_main.main:736] - Waiting for mode change to: AUTO
2025-06-22 02:20:01,294 - SUAS - DEBUG - [SUAS_main.main:736] - Waiting for mode change to: AUTO
2025-06-22 02:20:01,795 - SUAS - DEBUG - [SUAS_main.main:736] - Waiting for mode change to: AUTO
2025-06-22 02:20:02,297 - SUAS - DEBUG - [SUAS_main.main:736] - Waiting for mode change to: AUTO
2025-06-22 02:20:02,798 - SUAS - DEBUG - [SUAS_main.main:736] - Waiting for mode change to: AUTO
2025-06-22 02:20:03,300 - SUAS - DEBUG - [SUAS_main.main:736] - Waiting for mode change to: AUTO
2025-06-22 02:20:03,801 - SUAS - DEBUG - [SUAS_main.main:736] - Waiting for mode change to: AUTO
2025-06-22 02:20:04,302 - SUAS - DEBUG - [SUAS_main.main:736] - Waiting for mode change to: AUTO
2025-06-22 02:20:04,804 - SUAS - DEBUG - [SUAS_main.main:736] - Waiting for mode change to: AUTO
2025-06-22 02:20:05,305 - SUAS - DEBUG - [SUAS_main.main:736] - Waiting for mode change to: AUTO
2025-06-22 02:20:05,807 - SUAS - DEBUG - [SUAS_main.main:736] - Waiting for mode change to: AUTO
2025-06-22 02:20:06,308 - SUAS - DEBUG - [SUAS_main.main:736] - Waiting for mode change to: AUTO
2025-06-22 02:20:06,810 - SUAS - DEBUG - [SUAS_main.main:736] - Waiting for mode change to: AUTO
2025-06-22 02:20:07,311 - SUAS - DEBUG - [SUAS_main.main:736] - Waiting for mode change to: AUTO
2025-06-22 02:20:07,813 - SUAS - DEBUG - [SUAS_main.main:736] - Waiting for mode change to: AUTO
2025-06-22 02:20:08,314 - SUAS - DEBUG - [SUAS_main.main:736] - Waiting for mode change to: AUTO
2025-06-22 02:20:08,816 - SUAS - DEBUG - [SUAS_main.main:736] - Waiting for mode change to: AUTO
2025-06-22 02:20:09,317 - SUAS - DEBUG - [SUAS_main.main:736] - Waiting for mode change to: AUTO
2025-06-22 02:20:09,818 - SUAS - DEBUG - [SUAS_main.main:736] - Waiting for mode change to: AUTO
2025-06-22 02:20:10,320 - SUAS - DEBUG - [SUAS_main.main:736] - Waiting for mode change to: AUTO
2025-06-22 02:20:10,821 - SUAS - DEBUG - [SUAS_main.main:736] - Waiting for mode change to: AUTO
2025-06-22 02:20:11,323 - SUAS - DEBUG - [SUAS_main.main:736] - Waiting for mode change to: AUTO
2025-06-22 02:20:11,824 - SUAS - DEBUG - [SUAS_main.main:736] - Waiting for mode change to: AUTO
2025-06-22 02:20:12,325 - SUAS - DEBUG - [SUAS_main.main:736] - Waiting for mode change to: AUTO
2025-06-22 02:20:12,827 - SUAS - DEBUG - [SUAS_main.main:736] - Waiting for mode change to: AUTO
2025-06-22 02:20:13,328 - SUAS - DEBUG - [SUAS_main.main:736] - Waiting for mode change to: AUTO
2025-06-22 02:20:13,830 - SUAS - DEBUG - [SUAS_main.main:736] - Waiting for mode change to: AUTO
2025-06-22 02:20:14,332 - SUAS - DEBUG - [SUAS_main.main:736] - Waiting for mode change to: AUTO
2025-06-22 02:20:14,833 - SUAS - DEBUG - [SUAS_main.main:736] - Waiting for mode change to: AUTO
2025-06-22 02:20:15,335 - SUAS - DEBUG - [SUAS_main.main:736] - Waiting for mode change to: AUTO
2025-06-22 02:20:15,836 - SUAS - DEBUG - [SUAS_main.main:736] - Waiting for mode change to: AUTO
2025-06-22 02:20:16,337 - SUAS - DEBUG - [SUAS_main.main:736] - Waiting for mode change to: AUTO
2025-06-22 02:20:16,839 - SUAS - DEBUG - [SUAS_main.main:736] - Waiting for mode change to: AUTO
2025-06-22 02:20:17,340 - SUAS - DEBUG - [SUAS_main.main:736] - Waiting for mode change to: AUTO
2025-06-22 02:20:17,842 - SUAS - DEBUG - [SUAS_main.main:736] - Waiting for mode change to: AUTO
2025-06-22 02:20:18,343 - SUAS - DEBUG - [SUAS_main.main:736] - Waiting for mode change to: AUTO
2025-06-22 02:20:18,845 - SUAS - DEBUG - [SUAS_main.main:736] - Waiting for mode change to: AUTO
2025-06-22 02:20:19,346 - SUAS - DEBUG - [SUAS_main.main:736] - Waiting for mode change to: AUTO
2025-06-22 02:20:19,848 - SUAS - DEBUG - [SUAS_main.main:736] - Waiting for mode change to: AUTO
2025-06-22 02:20:20,349 - SUAS - DEBUG - [SUAS_main.main:736] - Waiting for mode change to: AUTO
2025-06-22 02:20:20,851 - SUAS - DEBUG - [SUAS_main.main:736] - Waiting for mode change to: AUTO
2025-06-22 02:20:21,352 - SUAS - DEBUG - [SUAS_main.main:736] - Waiting for mode change to: AUTO
2025-06-22 02:20:21,854 - SUAS - DEBUG - [SUAS_main.main:736] - Waiting for mode change to: AUTO
2025-06-22 02:20:22,355 - SUAS - DEBUG - [SUAS_main.main:736] - Waiting for mode change to: AUTO
2025-06-22 02:20:22,857 - SUAS - DEBUG - [SUAS_main.main:736] - Waiting for mode change to: AUTO
2025-06-22 02:20:23,358 - SUAS - DEBUG - [SUAS_main.main:736] - Waiting for mode change to: AUTO
2025-06-22 02:20:23,860 - SUAS - DEBUG - [SUAS_main.main:736] - Waiting for mode change to: AUTO
2025-06-22 02:20:24,361 - SUAS - DEBUG - [SUAS_main.main:736] - Waiting for mode change to: AUTO
2025-06-22 02:20:24,863 - SUAS - DEBUG - [SUAS_main.main:736] - Waiting for mode change to: AUTO
2025-06-22 02:20:25,364 - SUAS - DEBUG - [SUAS_main.main:736] - Waiting for mode change to: AUTO
2025-06-22 02:20:25,865 - SUAS - DEBUG - [SUAS_main.main:736] - Waiting for mode change to: AUTO
2025-06-22 02:20:26,367 - SUAS - DEBUG - [SUAS_main.main:736] - Waiting for mode change to: AUTO
2025-06-22 02:20:26,868 - SUAS - DEBUG - [SUAS_main.main:736] - Waiting for mode change to: AUTO
2025-06-22 02:20:27,370 - SUAS - DEBUG - [SUAS_main.main:736] - Waiting for mode change to: AUTO
2025-06-22 02:20:27,871 - SUAS - DEBUG - [SUAS_main.main:736] - Waiting for mode change to: AUTO
2025-06-22 02:20:28,373 - SUAS - DEBUG - [SUAS_main.main:736] - Waiting for mode change to: AUTO
2025-06-22 02:20:28,874 - SUAS - DEBUG - [SUAS_main.main:736] - Waiting for mode change to: AUTO
2025-06-22 02:20:29,376 - SUAS - DEBUG - [SUAS_main.main:736] - Waiting for mode change to: AUTO
2025-06-22 02:20:29,877 - SUAS - DEBUG - [SUAS_main.main:736] - Waiting for mode change to: AUTO
2025-06-22 02:20:30,378 - SUAS - DEBUG - [SUAS_main.main:736] - Waiting for mode change to: AUTO
2025-06-22 02:20:30,880 - SUAS - DEBUG - [SUAS_main.main:736] - Waiting for mode change to: AUTO
2025-06-22 02:20:31,381 - SUAS - DEBUG - [SUAS_main.main:736] - Waiting for mode change to: AUTO
2025-06-22 02:20:31,883 - SUAS - DEBUG - [SUAS_main.main:736] - Waiting for mode change to: AUTO
2025-06-22 02:20:32,384 - SUAS - DEBUG - [SUAS_main.main:736] - Waiting for mode change to: AUTO
2025-06-22 02:20:32,885 - SUAS - DEBUG - [SUAS_main.main:736] - Waiting for mode change to: AUTO
2025-06-22 02:20:33,387 - SUAS - DEBUG - [SUAS_main.main:736] - Waiting for mode change to: AUTO
2025-06-22 02:20:33,888 - SUAS - DEBUG - [SUAS_main.main:736] - Waiting for mode change to: AUTO
2025-06-22 02:20:34,390 - SUAS - DEBUG - [SUAS_main.main:736] - Waiting for mode change to: AUTO
2025-06-22 02:20:34,892 - SUAS - DEBUG - [SUAS_main.main:736] - Waiting for mode change to: AUTO
2025-06-22 02:20:35,393 - SUAS - DEBUG - [SUAS_main.main:736] - Waiting for mode change to: AUTO
2025-06-22 02:20:35,895 - SUAS - DEBUG - [SUAS_main.main:736] - Waiting for mode change to: AUTO
2025-06-22 02:20:36,396 - SUAS - DEBUG - [SUAS_main.main:736] - Waiting for mode change to: AUTO
2025-06-22 02:20:36,897 - SUAS - DEBUG - [SUAS_main.main:736] - Waiting for mode change to: AUTO
2025-06-22 02:20:37,399 - SUAS - DEBUG - [SUAS_main.main:736] - Waiting for mode change to: AUTO
2025-06-22 02:20:37,900 - SUAS - DEBUG - [SUAS_main.main:736] - Waiting for mode change to: AUTO
2025-06-22 02:20:38,401 - SUAS - DEBUG - [SUAS_main.main:736] - Waiting for mode change to: AUTO
2025-06-22 02:20:38,903 - SUAS - DEBUG - [SUAS_main.main:736] - Waiting for mode change to: AUTO
2025-06-22 02:20:39,404 - SUAS - DEBUG - [SUAS_main.main:736] - Waiting for mode change to: AUTO
2025-06-22 02:20:39,906 - SUAS - DEBUG - [SUAS_main.main:736] - Waiting for mode change to: AUTO
2025-06-22 02:20:40,408 - SUAS - DEBUG - [SUAS_main.main:736] - Waiting for mode change to: AUTO
2025-06-22 02:20:40,910 - SUAS - DEBUG - [SUAS_main.main:736] - Waiting for mode change to: AUTO
2025-06-22 02:20:41,411 - SUAS - DEBUG - [SUAS_main.main:736] - Waiting for mode change to: AUTO
2025-06-22 02:20:41,913 - SUAS - DEBUG - [SUAS_main.main:736] - Waiting for mode change to: AUTO
2025-06-22 02:20:42,414 - SUAS - DEBUG - [SUAS_main.main:736] - Waiting for mode change to: AUTO
2025-06-22 02:20:42,916 - SUAS - DEBUG - [SUAS_main.main:736] - Waiting for mode change to: AUTO
2025-06-22 02:20:43,417 - SUAS - DEBUG - [SUAS_main.main:736] - Waiting for mode change to: AUTO
2025-06-22 02:20:43,918 - SUAS - DEBUG - [SUAS_main.main:736] - Waiting for mode change to: AUTO
2025-06-22 02:20:44,420 - SUAS - DEBUG - [SUAS_main.main:736] - Waiting for mode change to: AUTO
2025-06-22 02:20:44,921 - SUAS - DEBUG - [SUAS_main.main:736] - Waiting for mode change to: AUTO
2025-06-22 02:20:45,422 - SUAS - DEBUG - [SUAS_main.main:736] - Waiting for mode change to: AUTO
2025-06-22 02:20:45,924 - SUAS - DEBUG - [SUAS_main.main:736] - Waiting for mode change to: AUTO
2025-06-22 02:20:46,425 - SUAS - DEBUG - [SUAS_main.main:736] - Waiting for mode change to: AUTO
2025-06-22 02:20:46,927 - SUAS - DEBUG - [SUAS_main.main:736] - Waiting for mode change to: AUTO
2025-06-22 02:20:47,428 - SUAS - DEBUG - [SUAS_main.main:736] - Waiting for mode change to: AUTO
2025-06-22 02:20:47,930 - SUAS - DEBUG - [SUAS_main.main:736] - Waiting for mode change to: AUTO
2025-06-22 02:20:48,431 - SUAS - DEBUG - [SUAS_main.main:736] - Waiting for mode change to: AUTO
2025-06-22 02:20:48,933 - SUAS - DEBUG - [SUAS_main.main:736] - Waiting for mode change to: AUTO
2025-06-22 02:20:49,434 - SUAS - DEBUG - [SUAS_main.main:736] - Waiting for mode change to: AUTO
2025-06-22 02:20:49,936 - SUAS - DEBUG - [SUAS_main.main:736] - Waiting for mode change to: AUTO
2025-06-22 02:20:50,437 - SUAS - DEBUG - [SUAS_main.main:736] - Waiting for mode change to: AUTO
2025-06-22 02:20:50,938 - SUAS - DEBUG - [SUAS_main.main:736] - Waiting for mode change to: AUTO
2025-06-22 02:20:51,440 - SUAS - DEBUG - [SUAS_main.main:736] - Waiting for mode change to: AUTO
2025-06-22 02:20:51,941 - SUAS - DEBUG - [SUAS_main.main:736] - Waiting for mode change to: AUTO
2025-06-22 02:20:52,443 - SUAS - DEBUG - [SUAS_main.main:736] - Waiting for mode change to: AUTO
2025-06-22 02:20:52,944 - SUAS - DEBUG - [SUAS_main.main:736] - Waiting for mode change to: AUTO
2025-06-22 02:20:53,445 - SUAS - DEBUG - [SUAS_main.main:736] - Waiting for mode change to: AUTO
2025-06-22 02:20:53,946 - SUAS - DEBUG - [SUAS_main.main:736] - Waiting for mode change to: AUTO
2025-06-22 02:20:54,448 - SUAS - DEBUG - [SUAS_main.main:736] - Waiting for mode change to: AUTO
2025-06-22 02:20:54,950 - SUAS - DEBUG - [SUAS_main.main:736] - Waiting for mode change to: AUTO
2025-06-22 02:20:55,451 - SUAS - DEBUG - [SUAS_main.main:736] - Waiting for mode change to: AUTO
2025-06-22 02:20:55,953 - SUAS - DEBUG - [SUAS_main.main:736] - Waiting for mode change to: AUTO
2025-06-22 02:20:56,454 - SUAS - DEBUG - [SUAS_main.main:736] - Waiting for mode change to: AUTO
2025-06-22 02:20:56,956 - SUAS - DEBUG - [SUAS_main.main:736] - Waiting for mode change to: AUTO
2025-06-22 02:20:57,457 - SUAS - DEBUG - [SUAS_main.main:736] - Waiting for mode change to: AUTO
2025-06-22 02:20:57,958 - SUAS - DEBUG - [SUAS_main.main:736] - Waiting for mode change to: AUTO
2025-06-22 02:20:58,460 - SUAS - DEBUG - [SUAS_main.main:736] - Waiting for mode change to: AUTO
2025-06-22 02:20:58,961 - SUAS - DEBUG - [SUAS_main.main:736] - Waiting for mode change to: AUTO
2025-06-22 02:20:59,462 - SUAS - DEBUG - [SUAS_main.main:736] - Waiting for mode change to: AUTO
2025-06-22 02:20:59,964 - SUAS - DEBUG - [SUAS_main.main:736] - Waiting for mode change to: AUTO
2025-06-22 02:21:00,465 - SUAS - DEBUG - [SUAS_main.main:736] - Waiting for mode change to: AUTO
2025-06-22 02:21:00,966 - SUAS - DEBUG - [SUAS_main.main:736] - Waiting for mode change to: AUTO
2025-06-22 02:21:01,468 - SUAS - DEBUG - [SUAS_main.main:736] - Waiting for mode change to: AUTO
2025-06-22 02:21:01,970 - SUAS - DEBUG - [SUAS_main.main:736] - Waiting for mode change to: AUTO
2025-06-22 02:21:02,471 - SUAS - DEBUG - [SUAS_main.main:736] - Waiting for mode change to: AUTO
2025-06-22 02:21:02,973 - SUAS - DEBUG - [SUAS_main.main:736] - Waiting for mode change to: AUTO
2025-06-22 02:21:03,474 - SUAS - DEBUG - [SUAS_main.main:736] - Waiting for mode change to: AUTO
2025-06-22 02:21:03,976 - SUAS - DEBUG - [SUAS_main.main:736] - Waiting for mode change to: AUTO
2025-06-22 02:21:04,477 - SUAS - DEBUG - [SUAS_main.main:736] - Waiting for mode change to: AUTO
2025-06-22 02:21:04,979 - SUAS - DEBUG - [SUAS_main.main:736] - Waiting for mode change to: AUTO
2025-06-22 02:21:05,480 - SUAS - DEBUG - [SUAS_main.main:736] - Waiting for mode change to: AUTO
2025-06-22 02:21:05,981 - SUAS - DEBUG - [SUAS_main.main:736] - Waiting for mode change to: AUTO
2025-06-22 02:21:06,482 - SUAS - DEBUG - [SUAS_main.main:736] - Waiting for mode change to: AUTO
2025-06-22 02:21:06,984 - SUAS - DEBUG - [SUAS_main.main:736] - Waiting for mode change to: AUTO
2025-06-22 02:21:07,485 - SUAS - DEBUG - [SUAS_main.main:736] - Waiting for mode change to: AUTO
2025-06-22 02:21:07,987 - SUAS - DEBUG - [SUAS_main.main:736] - Waiting for mode change to: AUTO
2025-06-22 02:21:08,488 - SUAS - DEBUG - [SUAS_main.main:736] - Waiting for mode change to: AUTO
2025-06-22 02:21:08,990 - SUAS - DEBUG - [SUAS_main.main:736] - Waiting for mode change to: AUTO
2025-06-22 02:21:09,491 - SUAS - DEBUG - [SUAS_main.main:736] - Waiting for mode change to: AUTO
2025-06-22 02:21:09,993 - SUAS - DEBUG - [SUAS_main.main:736] - Waiting for mode change to: AUTO
2025-06-22 02:21:10,494 - SUAS - DEBUG - [SUAS_main.main:736] - Waiting for mode change to: AUTO
2025-06-22 02:21:10,995 - SUAS - DEBUG - [SUAS_main.main:736] - Waiting for mode change to: AUTO
2025-06-22 02:21:11,497 - SUAS - DEBUG - [SUAS_main.main:736] - Waiting for mode change to: AUTO
2025-06-22 02:21:11,998 - SUAS - DEBUG - [SUAS_main.main:736] - Waiting for mode change to: AUTO
2025-06-22 02:21:12,500 - SUAS - DEBUG - [SUAS_main.main:736] - Waiting for mode change to: AUTO
2025-06-22 02:21:13,001 - SUAS - DEBUG - [SUAS_main.main:736] - Waiting for mode change to: AUTO
2025-06-22 02:21:13,502 - SUAS - DEBUG - [SUAS_main.main:736] - Waiting for mode change to: AUTO
2025-06-22 02:21:14,004 - SUAS - DEBUG - [SUAS_main.main:736] - Waiting for mode change to: AUTO
2025-06-22 02:21:14,506 - SUAS - DEBUG - [SUAS_main.main:736] - Waiting for mode change to: AUTO
2025-06-22 02:21:15,007 - SUAS - DEBUG - [SUAS_main.main:736] - Waiting for mode change to: AUTO
2025-06-22 02:21:15,509 - SUAS - DEBUG - [SUAS_main.main:736] - Waiting for mode change to: AUTO
2025-06-22 02:21:16,010 - SUAS - DEBUG - [SUAS_main.main:736] - Waiting for mode change to: AUTO
2025-06-22 02:21:16,512 - SUAS - DEBUG - [SUAS_main.main:736] - Waiting for mode change to: AUTO
2025-06-22 02:21:17,013 - SUAS - DEBUG - [SUAS_main.main:736] - Waiting for mode change to: AUTO
2025-06-22 02:21:17,514 - SUAS - DEBUG - [SUAS_main.main:736] - Waiting for mode change to: AUTO
2025-06-22 02:21:18,016 - SUAS - DEBUG - [SUAS_main.main:736] - Waiting for mode change to: AUTO
2025-06-22 02:21:18,517 - SUAS - DEBUG - [SUAS_main.main:736] - Waiting for mode change to: AUTO
2025-06-22 02:21:19,019 - SUAS - DEBUG - [SUAS_main.main:736] - Waiting for mode change to: AUTO
2025-06-22 02:21:19,520 - SUAS - DEBUG - [SUAS_main.main:736] - Waiting for mode change to: AUTO
2025-06-22 02:21:20,021 - SUAS - DEBUG - [SUAS_main.main:736] - Waiting for mode change to: AUTO
2025-06-22 02:21:20,522 - SUAS - DEBUG - [SUAS_main.main:736] - Waiting for mode change to: AUTO
2025-06-22 02:21:21,024 - SUAS - DEBUG - [SUAS_main.main:736] - Waiting for mode change to: AUTO
2025-06-22 02:21:21,526 - SUAS - DEBUG - [SUAS_main.main:736] - Waiting for mode change to: AUTO
2025-06-22 02:21:22,027 - SUAS - DEBUG - [SUAS_main.main:736] - Waiting for mode change to: AUTO
2025-06-22 02:21:22,529 - SUAS - DEBUG - [SUAS_main.main:736] - Waiting for mode change to: AUTO
2025-06-22 02:21:23,031 - SUAS - DEBUG - [SUAS_main.main:736] - Waiting for mode change to: AUTO
2025-06-22 02:21:23,532 - SUAS - DEBUG - [SUAS_main.main:736] - Waiting for mode change to: AUTO
2025-06-22 02:21:24,034 - SUAS - DEBUG - [SUAS_main.main:736] - Waiting for mode change to: AUTO
2025-06-22 02:21:24,535 - SUAS - DEBUG - [SUAS_main.main:736] - Waiting for mode change to: AUTO
2025-06-22 02:21:25,037 - SUAS - DEBUG - [SUAS_main.main:736] - Waiting for mode change to: AUTO
2025-06-22 02:21:25,538 - SUAS - DEBUG - [SUAS_main.main:736] - Waiting for mode change to: AUTO
2025-06-22 02:21:26,040 - SUAS - DEBUG - [SUAS_main.main:736] - Waiting for mode change to: AUTO
2025-06-22 02:21:26,541 - SUAS - DEBUG - [SUAS_main.main:736] - Waiting for mode change to: AUTO
2025-06-22 02:21:27,042 - SUAS - DEBUG - [SUAS_main.main:736] - Waiting for mode change to: AUTO
2025-06-22 02:21:27,544 - SUAS - DEBUG - [SUAS_main.main:736] - Waiting for mode change to: AUTO
2025-06-22 02:21:28,045 - SUAS - DEBUG - [SUAS_main.main:736] - Waiting for mode change to: AUTO
2025-06-22 02:21:28,547 - SUAS - DEBUG - [SUAS_main.main:736] - Waiting for mode change to: AUTO
2025-06-22 02:21:29,048 - SUAS - DEBUG - [SUAS_main.main:736] - Waiting for mode change to: AUTO
2025-06-22 02:21:29,550 - SUAS - DEBUG - [SUAS_main.main:736] - Waiting for mode change to: AUTO
2025-06-22 02:21:30,051 - SUAS - DEBUG - [SUAS_main.main:736] - Waiting for mode change to: AUTO
2025-06-22 02:21:30,552 - SUAS - DEBUG - [SUAS_main.main:736] - Waiting for mode change to: AUTO
2025-06-22 02:21:31,054 - SUAS - DEBUG - [SUAS_main.main:736] - Waiting for mode change to: AUTO
2025-06-22 02:21:31,555 - SUAS - DEBUG - [SUAS_main.main:736] - Waiting for mode change to: AUTO
2025-06-22 02:21:32,056 - SUAS - DEBUG - [SUAS_main.main:736] - Waiting for mode change to: AUTO
2025-06-22 02:21:32,558 - SUAS - DEBUG - [SUAS_main.main:736] - Waiting for mode change to: AUTO
2025-06-22 02:21:33,059 - SUAS - DEBUG - [SUAS_main.main:736] - Waiting for mode change to: AUTO
2025-06-22 02:21:33,561 - SUAS - DEBUG - [SUAS_main.main:736] - Waiting for mode change to: AUTO
2025-06-22 02:21:34,062 - SUAS - DEBUG - [SUAS_main.main:736] - Waiting for mode change to: AUTO
2025-06-22 02:21:34,564 - SUAS - DEBUG - [SUAS_main.main:736] - Waiting for mode change to: AUTO
2025-06-22 02:21:35,065 - SUAS - DEBUG - [SUAS_main.main:736] - Waiting for mode change to: AUTO
2025-06-22 02:21:35,567 - SUAS - DEBUG - [SUAS_main.main:736] - Waiting for mode change to: AUTO
2025-06-22 02:21:36,068 - SUAS - DEBUG - [SUAS_main.main:736] - Waiting for mode change to: AUTO
2025-06-22 02:21:36,570 - SUAS - DEBUG - [SUAS_main.main:736] - Waiting for mode change to: AUTO
2025-06-22 02:21:37,071 - SUAS - DEBUG - [SUAS_main.main:736] - Waiting for mode change to: AUTO
2025-06-22 02:21:37,572 - SUAS - DEBUG - [SUAS_main.main:736] - Waiting for mode change to: AUTO
2025-06-22 02:21:38,074 - SUAS - DEBUG - [SUAS_main.main:736] - Waiting for mode change to: AUTO
2025-06-22 02:21:38,575 - SUAS - DEBUG - [SUAS_main.main:736] - Waiting for mode change to: AUTO
2025-06-22 02:21:39,077 - SUAS - DEBUG - [SUAS_main.main:736] - Waiting for mode change to: AUTO
2025-06-22 02:21:39,578 - SUAS - DEBUG - [SUAS_main.main:736] - Waiting for mode change to: AUTO
2025-06-22 02:21:40,080 - SUAS - DEBUG - [SUAS_main.main:736] - Waiting for mode change to: AUTO
2025-06-22 02:21:40,581 - SUAS - DEBUG - [SUAS_main.main:736] - Waiting for mode change to: AUTO
2025-06-22 02:21:41,083 - SUAS - DEBUG - [SUAS_main.main:736] - Waiting for mode change to: AUTO
2025-06-22 02:21:41,584 - SUAS - DEBUG - [SUAS_main.main:736] - Waiting for mode change to: AUTO
2025-06-22 02:21:42,086 - SUAS - DEBUG - [SUAS_main.main:736] - Waiting for mode change to: AUTO
2025-06-22 02:21:42,588 - SUAS - DEBUG - [SUAS_main.main:736] - Waiting for mode change to: AUTO
2025-06-22 02:21:43,089 - SUAS - DEBUG - [SUAS_main.main:736] - Waiting for mode change to: AUTO
2025-06-22 02:21:43,590 - SUAS - DEBUG - [SUAS_main.main:736] - Waiting for mode change to: AUTO
2025-06-22 02:21:44,092 - SUAS - DEBUG - [SUAS_main.main:736] - Waiting for mode change to: AUTO
2025-06-22 02:21:44,593 - SUAS - DEBUG - [SUAS_main.main:736] - Waiting for mode change to: AUTO
2025-06-22 02:21:45,094 - SUAS - DEBUG - [SUAS_main.main:736] - Waiting for mode change to: AUTO
2025-06-22 02:21:45,596 - SUAS - DEBUG - [SUAS_main.main:736] - Waiting for mode change to: AUTO
2025-06-22 02:21:46,097 - SUAS - DEBUG - [SUAS_main.main:736] - Waiting for mode change to: AUTO
2025-06-22 02:21:46,599 - SUAS - DEBUG - [SUAS_main.main:736] - Waiting for mode change to: AUTO
2025-06-22 02:21:47,100 - SUAS - DEBUG - [SUAS_main.main:736] - Waiting for mode change to: AUTO
2025-06-22 02:21:47,601 - SUAS - DEBUG - [SUAS_main.main:736] - Waiting for mode change to: AUTO
2025-06-22 02:21:48,103 - SUAS - DEBUG - [SUAS_main.main:736] - Waiting for mode change to: AUTO
2025-06-22 02:21:48,604 - SUAS - DEBUG - [SUAS_main.main:736] - Waiting for mode change to: AUTO
2025-06-22 02:21:49,106 - SUAS - DEBUG - [SUAS_main.main:736] - Waiting for mode change to: AUTO
2025-06-22 02:21:49,608 - SUAS - DEBUG - [SUAS_main.main:736] - Waiting for mode change to: AUTO
2025-06-22 02:21:50,109 - SUAS - DEBUG - [SUAS_main.main:736] - Waiting for mode change to: AUTO
2025-06-22 02:21:50,611 - SUAS - DEBUG - [SUAS_main.main:736] - Waiting for mode change to: AUTO
2025-06-22 02:21:51,112 - SUAS - DEBUG - [SUAS_main.main:736] - Waiting for mode change to: AUTO
2025-06-22 02:21:51,613 - SUAS - DEBUG - [SUAS_main.main:736] - Waiting for mode change to: AUTO
2025-06-22 02:21:52,115 - SUAS - DEBUG - [SUAS_main.main:736] - Waiting for mode change to: AUTO
2025-06-22 02:21:52,616 - SUAS - DEBUG - [SUAS_main.main:736] - Waiting for mode change to: AUTO
2025-06-22 02:21:53,117 - SUAS - DEBUG - [SUAS_main.main:736] - Waiting for mode change to: AUTO
2025-06-22 02:21:53,618 - SUAS - DEBUG - [SUAS_main.main:736] - Waiting for mode change to: AUTO
2025-06-22 02:21:54,120 - SUAS - DEBUG - [SUAS_main.main:736] - Waiting for mode change to: AUTO
2025-06-22 02:21:54,621 - SUAS - DEBUG - [SUAS_main.main:736] - Waiting for mode change to: AUTO
2025-06-22 02:21:55,123 - SUAS - DEBUG - [SUAS_main.main:736] - Waiting for mode change to: AUTO
2025-06-22 02:21:55,624 - SUAS - DEBUG - [SUAS_main.main:736] - Waiting for mode change to: AUTO
2025-06-22 02:21:56,126 - SUAS - DEBUG - [SUAS_main.main:736] - Waiting for mode change to: AUTO
2025-06-22 02:21:56,627 - SUAS - DEBUG - [SUAS_main.main:736] - Waiting for mode change to: AUTO
2025-06-22 02:21:57,129 - SUAS - DEBUG - [SUAS_main.main:736] - Waiting for mode change to: AUTO
2025-06-22 02:21:57,630 - SUAS - DEBUG - [SUAS_main.main:736] - Waiting for mode change to: AUTO
2025-06-22 02:21:58,132 - SUAS - DEBUG - [SUAS_main.main:736] - Waiting for mode change to: AUTO
2025-06-22 02:21:58,633 - SUAS - DEBUG - [SUAS_main.main:736] - Waiting for mode change to: AUTO
2025-06-22 02:21:59,135 - SUAS - DEBUG - [SUAS_main.main:736] - Waiting for mode change to: AUTO
2025-06-22 02:21:59,636 - SUAS - DEBUG - [SUAS_main.main:736] - Waiting for mode change to: AUTO
2025-06-22 02:22:00,137 - SUAS - DEBUG - [SUAS_main.main:736] - Waiting for mode change to: AUTO
2025-06-22 02:22:00,639 - SUAS - DEBUG - [SUAS_main.main:736] - Waiting for mode change to: AUTO
2025-06-22 02:22:01,140 - SUAS - DEBUG - [SUAS_main.main:736] - Waiting for mode change to: AUTO
2025-06-22 02:22:01,641 - SUAS - DEBUG - [SUAS_main.main:736] - Waiting for mode change to: AUTO
2025-06-22 02:22:02,143 - SUAS - DEBUG - [SUAS_main.main:736] - Waiting for mode change to: AUTO
2025-06-22 02:22:02,644 - SUAS - DEBUG - [SUAS_main.main:736] - Waiting for mode change to: AUTO
2025-06-22 02:22:03,146 - SUAS - DEBUG - [SUAS_main.main:736] - Waiting for mode change to: AUTO
2025-06-22 02:22:03,647 - SUAS - DEBUG - [SUAS_main.main:736] - Waiting for mode change to: AUTO
2025-06-22 02:22:04,149 - SUAS - DEBUG - [SUAS_main.main:736] - Waiting for mode change to: AUTO
2025-06-22 02:22:04,650 - SUAS - DEBUG - [SUAS_main.main:736] - Waiting for mode change to: AUTO
2025-06-22 02:22:05,152 - SUAS - DEBUG - [SUAS_main.main:736] - Waiting for mode change to: AUTO
2025-06-22 02:22:05,653 - SUAS - DEBUG - [SUAS_main.main:736] - Waiting for mode change to: AUTO
2025-06-22 02:22:06,155 - SUAS - DEBUG - [SUAS_main.main:736] - Waiting for mode change to: AUTO
2025-06-22 02:22:06,656 - SUAS - DEBUG - [SUAS_main.main:736] - Waiting for mode change to: AUTO
2025-06-22 02:22:07,158 - SUAS - DEBUG - [SUAS_main.main:736] - Waiting for mode change to: AUTO
2025-06-22 02:22:07,659 - SUAS - DEBUG - [SUAS_main.main:736] - Waiting for mode change to: AUTO
2025-06-22 02:22:08,161 - SUAS - DEBUG - [SUAS_main.main:736] - Waiting for mode change to: AUTO
2025-06-22 02:22:08,662 - SUAS - DEBUG - [SUAS_main.main:736] - Waiting for mode change to: AUTO
2025-06-22 02:22:09,164 - SUAS - DEBUG - [SUAS_main.main:736] - Waiting for mode change to: AUTO
2025-06-22 02:22:09,665 - SUAS - DEBUG - [SUAS_main.main:736] - Waiting for mode change to: AUTO
2025-06-22 02:22:10,167 - SUAS - DEBUG - [SUAS_main.main:736] - Waiting for mode change to: AUTO
2025-06-22 02:22:10,668 - SUAS - DEBUG - [SUAS_main.main:736] - Waiting for mode change to: AUTO
2025-06-22 02:22:11,170 - SUAS - DEBUG - [SUAS_main.main:736] - Waiting for mode change to: AUTO
2025-06-22 02:22:11,671 - SUAS - DEBUG - [SUAS_main.main:736] - Waiting for mode change to: AUTO
2025-06-22 02:22:12,172 - SUAS - DEBUG - [SUAS_main.main:736] - Waiting for mode change to: AUTO
2025-06-22 02:22:12,674 - SUAS - DEBUG - [SUAS_main.main:736] - Waiting for mode change to: AUTO
2025-06-22 02:22:13,175 - SUAS - DEBUG - [SUAS_main.main:736] - Waiting for mode change to: AUTO
2025-06-22 02:22:13,677 - SUAS - DEBUG - [SUAS_main.main:736] - Waiting for mode change to: AUTO
2025-06-22 02:22:14,178 - SUAS - DEBUG - [SUAS_main.main:736] - Waiting for mode change to: AUTO
2025-06-22 02:22:14,680 - SUAS - DEBUG - [SUAS_main.main:736] - Waiting for mode change to: AUTO
2025-06-22 02:22:15,181 - SUAS - DEBUG - [SUAS_main.main:736] - Waiting for mode change to: AUTO
2025-06-22 02:22:15,682 - SUAS - DEBUG - [SUAS_main.main:736] - Waiting for mode change to: AUTO
2025-06-22 02:22:16,184 - SUAS - DEBUG - [SUAS_main.main:736] - Waiting for mode change to: AUTO
2025-06-22 02:22:16,686 - SUAS - DEBUG - [SUAS_main.main:736] - Waiting for mode change to: AUTO
2025-06-22 02:22:17,187 - SUAS - DEBUG - [SUAS_main.main:736] - Waiting for mode change to: AUTO
2025-06-22 02:22:17,689 - SUAS - DEBUG - [SUAS_main.main:736] - Waiting for mode change to: AUTO
2025-06-22 02:22:18,190 - SUAS - DEBUG - [SUAS_main.main:736] - Waiting for mode change to: AUTO
2025-06-22 02:22:18,692 - SUAS - DEBUG - [SUAS_main.main:736] - Waiting for mode change to: AUTO
2025-06-22 02:22:19,193 - SUAS - DEBUG - [SUAS_main.main:736] - Waiting for mode change to: AUTO
2025-06-22 02:22:19,694 - SUAS - DEBUG - [SUAS_main.main:736] - Waiting for mode change to: AUTO
2025-06-22 02:22:20,196 - SUAS - DEBUG - [SUAS_main.main:736] - Waiting for mode change to: AUTO
2025-06-22 02:22:20,697 - SUAS - DEBUG - [SUAS_main.main:736] - Waiting for mode change to: AUTO
2025-06-22 02:22:21,199 - SUAS - DEBUG - [SUAS_main.main:736] - Waiting for mode change to: AUTO
2025-06-22 02:22:21,700 - SUAS - DEBUG - [SUAS_main.main:736] - Waiting for mode change to: AUTO
2025-06-22 02:22:22,202 - SUAS - DEBUG - [SUAS_main.main:736] - Waiting for mode change to: AUTO
2025-06-22 02:22:22,703 - SUAS - DEBUG - [SUAS_main.main:736] - Waiting for mode change to: AUTO
2025-06-22 02:22:23,205 - SUAS - DEBUG - [SUAS_main.main:736] - Waiting for mode change to: AUTO
2025-06-22 02:22:23,706 - SUAS - DEBUG - [SUAS_main.main:736] - Waiting for mode change to: AUTO
2025-06-22 02:22:24,208 - SUAS - DEBUG - [SUAS_main.main:736] - Waiting for mode change to: AUTO
2025-06-22 02:22:24,709 - SUAS - DEBUG - [SUAS_main.main:736] - Waiting for mode change to: AUTO
2025-06-22 02:22:25,211 - SUAS - DEBUG - [SUAS_main.main:736] - Waiting for mode change to: AUTO
2025-06-22 02:22:25,712 - SUAS - DEBUG - [SUAS_main.main:736] - Waiting for mode change to: AUTO
2025-06-22 02:22:26,213 - SUAS - DEBUG - [SUAS_main.main:736] - Waiting for mode change to: AUTO
2025-06-22 02:22:26,715 - SUAS - DEBUG - [SUAS_main.main:736] - Waiting for mode change to: AUTO
2025-06-22 02:22:27,216 - SUAS - DEBUG - [SUAS_main.main:736] - Waiting for mode change to: AUTO
2025-06-22 02:22:27,718 - SUAS - DEBUG - [SUAS_main.main:736] - Waiting for mode change to: AUTO
2025-06-22 02:22:28,219 - SUAS - DEBUG - [SUAS_main.main:736] - Waiting for mode change to: AUTO
2025-06-22 02:22:28,721 - SUAS - DEBUG - [SUAS_main.main:736] - Waiting for mode change to: AUTO
2025-06-22 02:22:29,223 - SUAS - DEBUG - [SUAS_main.main:736] - Waiting for mode change to: AUTO
2025-06-22 02:22:29,725 - SUAS - DEBUG - [SUAS_main.main:736] - Waiting for mode change to: AUTO
2025-06-22 02:22:30,226 - SUAS - DEBUG - [SUAS_main.main:736] - Waiting for mode change to: AUTO
2025-06-22 02:22:30,728 - SUAS - DEBUG - [SUAS_main.main:736] - Waiting for mode change to: AUTO
2025-06-22 02:22:31,229 - SUAS - DEBUG - [SUAS_main.main:736] - Waiting for mode change to: AUTO
2025-06-22 02:22:31,731 - SUAS - DEBUG - [SUAS_main.main:736] - Waiting for mode change to: AUTO
2025-06-22 02:22:32,232 - SUAS - DEBUG - [SUAS_main.main:736] - Waiting for mode change to: AUTO
2025-06-22 02:22:32,733 - SUAS - DEBUG - [SUAS_main.main:736] - Waiting for mode change to: AUTO
2025-06-22 02:22:33,235 - SUAS - DEBUG - [SUAS_main.main:736] - Waiting for mode change to: AUTO
2025-06-22 02:22:33,736 - SUAS - DEBUG - [SUAS_main.main:736] - Waiting for mode change to: AUTO
2025-06-22 02:22:34,237 - SUAS - DEBUG - [SUAS_main.main:736] - Waiting for mode change to: AUTO
2025-06-22 02:22:34,739 - SUAS - DEBUG - [SUAS_main.main:736] - Waiting for mode change to: AUTO
2025-06-22 02:22:35,240 - SUAS - DEBUG - [SUAS_main.main:736] - Waiting for mode change to: AUTO
2025-06-22 02:22:35,741 - SUAS - DEBUG - [SUAS_main.main:736] - Waiting for mode change to: AUTO
2025-06-22 02:22:36,243 - SUAS - DEBUG - [SUAS_main.main:736] - Waiting for mode change to: AUTO
2025-06-22 02:22:36,744 - SUAS - DEBUG - [SUAS_main.main:736] - Waiting for mode change to: AUTO
2025-06-22 02:22:37,246 - SUAS - DEBUG - [SUAS_main.main:736] - Waiting for mode change to: AUTO
2025-06-22 02:22:37,748 - SUAS - DEBUG - [SUAS_main.main:736] - Waiting for mode change to: AUTO
2025-06-22 02:22:38,249 - SUAS - DEBUG - [SUAS_main.main:736] - Waiting for mode change to: AUTO
2025-06-22 02:22:38,750 - SUAS - DEBUG - [SUAS_main.main:736] - Waiting for mode change to: AUTO
2025-06-22 02:22:39,252 - SUAS - DEBUG - [SUAS_main.main:736] - Waiting for mode change to: AUTO
2025-06-22 02:22:39,753 - SUAS - DEBUG - [SUAS_main.main:736] - Waiting for mode change to: AUTO
2025-06-22 02:22:40,255 - SUAS - DEBUG - [SUAS_main.main:736] - Waiting for mode change to: AUTO
2025-06-22 02:22:40,756 - SUAS - DEBUG - [SUAS_main.main:736] - Waiting for mode change to: AUTO
2025-06-22 02:22:41,257 - SUAS - DEBUG - [SUAS_main.main:736] - Waiting for mode change to: AUTO
2025-06-22 02:22:41,759 - SUAS - DEBUG - [SUAS_main.main:736] - Waiting for mode change to: AUTO
2025-06-22 02:22:42,260 - SUAS - DEBUG - [SUAS_main.main:736] - Waiting for mode change to: AUTO
2025-06-22 02:22:42,762 - SUAS - DEBUG - [SUAS_main.main:736] - Waiting for mode change to: AUTO
2025-06-22 02:22:43,263 - SUAS - DEBUG - [SUAS_main.main:736] - Waiting for mode change to: AUTO
2025-06-22 02:22:43,765 - SUAS - DEBUG - [SUAS_main.main:736] - Waiting for mode change to: AUTO
2025-06-22 02:22:44,266 - SUAS - DEBUG - [SUAS_main.main:736] - Waiting for mode change to: AUTO
2025-06-22 02:22:44,768 - SUAS - DEBUG - [SUAS_main.main:736] - Waiting for mode change to: AUTO
2025-06-22 02:22:45,269 - SUAS - DEBUG - [SUAS_main.main:736] - Waiting for mode change to: AUTO
2025-06-22 02:22:45,770 - SUAS - DEBUG - [SUAS_main.main:736] - Waiting for mode change to: AUTO
2025-06-22 02:22:46,272 - SUAS - DEBUG - [SUAS_main.main:736] - Waiting for mode change to: AUTO
2025-06-22 02:22:46,773 - SUAS - DEBUG - [SUAS_main.main:736] - Waiting for mode change to: AUTO
2025-06-22 02:22:47,274 - SUAS - DEBUG - [SUAS_main.main:736] - Waiting for mode change to: AUTO
2025-06-22 02:22:47,776 - SUAS - DEBUG - [SUAS_main.main:736] - Waiting for mode change to: AUTO
2025-06-22 02:22:48,277 - SUAS - DEBUG - [SUAS_main.main:736] - Waiting for mode change to: AUTO
2025-06-22 02:22:48,778 - SUAS - DEBUG - [SUAS_main.main:736] - Waiting for mode change to: AUTO
2025-06-22 02:22:49,280 - SUAS - DEBUG - [SUAS_main.main:736] - Waiting for mode change to: AUTO
2025-06-22 02:22:49,781 - SUAS - DEBUG - [SUAS_main.main:736] - Waiting for mode change to: AUTO
2025-06-22 02:22:50,283 - SUAS - DEBUG - [SUAS_main.main:736] - Waiting for mode change to: AUTO
2025-06-22 02:22:50,784 - SUAS - DEBUG - [SUAS_main.main:736] - Waiting for mode change to: AUTO
2025-06-22 02:22:51,286 - SUAS - DEBUG - [SUAS_main.main:736] - Waiting for mode change to: AUTO
2025-06-22 02:22:51,787 - SUAS - DEBUG - [SUAS_main.main:736] - Waiting for mode change to: AUTO
2025-06-22 02:22:52,289 - SUAS - DEBUG - [SUAS_main.main:736] - Waiting for mode change to: AUTO
2025-06-22 02:22:52,790 - SUAS - DEBUG - [SUAS_main.main:736] - Waiting for mode change to: AUTO
2025-06-22 02:22:53,291 - SUAS - DEBUG - [SUAS_main.main:736] - Waiting for mode change to: AUTO
2025-06-22 02:22:53,793 - SUAS - DEBUG - [SUAS_main.main:736] - Waiting for mode change to: AUTO
2025-06-22 02:22:54,294 - SUAS - DEBUG - [SUAS_main.main:736] - Waiting for mode change to: AUTO
2025-06-22 02:22:54,796 - SUAS - DEBUG - [SUAS_main.main:736] - Waiting for mode change to: AUTO
2025-06-22 02:22:55,297 - SUAS - DEBUG - [SUAS_main.main:736] - Waiting for mode change to: AUTO
2025-06-22 02:22:55,799 - SUAS - DEBUG - [SUAS_main.main:736] - Waiting for mode change to: AUTO
2025-06-22 02:22:56,300 - SUAS - DEBUG - [SUAS_main.main:736] - Waiting for mode change to: AUTO
2025-06-22 02:22:56,801 - SUAS - DEBUG - [SUAS_main.main:736] - Waiting for mode change to: AUTO
2025-06-22 02:22:57,303 - SUAS - DEBUG - [SUAS_main.main:736] - Waiting for mode change to: AUTO
2025-06-22 02:22:57,804 - SUAS - DEBUG - [SUAS_main.main:736] - Waiting for mode change to: AUTO
2025-06-22 02:22:58,306 - SUAS - DEBUG - [SUAS_main.main:736] - Waiting for mode change to: AUTO
2025-06-22 02:22:58,807 - SUAS - DEBUG - [SUAS_main.main:736] - Waiting for mode change to: AUTO
2025-06-22 02:22:59,309 - SUAS - DEBUG - [SUAS_main.main:736] - Waiting for mode change to: AUTO
2025-06-22 02:22:59,810 - SUAS - DEBUG - [SUAS_main.main:736] - Waiting for mode change to: AUTO
2025-06-22 02:23:00,312 - SUAS - DEBUG - [SUAS_main.main:736] - Waiting for mode change to: AUTO
2025-06-22 02:23:00,813 - SUAS - DEBUG - [SUAS_main.main:736] - Waiting for mode change to: AUTO
2025-06-22 02:23:01,315 - SUAS - DEBUG - [SUAS_main.main:736] - Waiting for mode change to: AUTO
2025-06-22 02:23:01,816 - SUAS - DEBUG - [SUAS_main.main:736] - Waiting for mode change to: AUTO
2025-06-22 02:23:02,317 - SUAS - DEBUG - [SUAS_main.main:736] - Waiting for mode change to: AUTO
2025-06-22 02:23:02,819 - SUAS - DEBUG - [SUAS_main.main:736] - Waiting for mode change to: AUTO
2025-06-22 02:23:03,320 - SUAS - DEBUG - [SUAS_main.main:736] - Waiting for mode change to: AUTO
2025-06-22 02:23:03,822 - SUAS - DEBUG - [SUAS_main.main:736] - Waiting for mode change to: AUTO
2025-06-22 02:23:04,323 - SUAS - DEBUG - [SUAS_main.main:736] - Waiting for mode change to: AUTO
2025-06-22 02:23:04,825 - SUAS - DEBUG - [SUAS_main.main:736] - Waiting for mode change to: AUTO
2025-06-22 02:23:05,326 - SUAS - DEBUG - [SUAS_main.main:736] - Waiting for mode change to: AUTO
2025-06-22 02:23:05,828 - SUAS - DEBUG - [SUAS_main.main:736] - Waiting for mode change to: AUTO
2025-06-22 02:23:06,329 - SUAS - DEBUG - [SUAS_main.main:736] - Waiting for mode change to: AUTO
2025-06-22 02:23:06,831 - SUAS - DEBUG - [SUAS_main.main:736] - Waiting for mode change to: AUTO
2025-06-22 02:23:07,332 - SUAS - DEBUG - [SUAS_main.main:736] - Waiting for mode change to: AUTO
2025-06-22 02:23:07,833 - SUAS - DEBUG - [SUAS_main.main:736] - Waiting for mode change to: AUTO
2025-06-22 02:23:08,335 - SUAS - DEBUG - [SUAS_main.main:736] - Waiting for mode change to: AUTO
2025-06-22 02:23:08,836 - SUAS - DEBUG - [SUAS_main.main:736] - Waiting for mode change to: AUTO
2025-06-22 02:23:09,337 - SUAS - DEBUG - [SUAS_main.main:736] - Waiting for mode change to: AUTO
2025-06-22 02:23:09,839 - SUAS - DEBUG - [SUAS_main.main:736] - Waiting for mode change to: AUTO
2025-06-22 02:23:10,340 - SUAS - DEBUG - [SUAS_main.main:736] - Waiting for mode change to: AUTO
2025-06-22 02:23:10,842 - SUAS - DEBUG - [SUAS_main.main:736] - Waiting for mode change to: AUTO
2025-06-22 02:23:11,344 - SUAS - DEBUG - [SUAS_main.main:736] - Waiting for mode change to: AUTO
2025-06-22 02:23:11,845 - SUAS - DEBUG - [SUAS_main.main:736] - Waiting for mode change to: AUTO
2025-06-22 02:23:12,346 - SUAS - DEBUG - [SUAS_main.main:736] - Waiting for mode change to: AUTO
2025-06-22 02:23:12,848 - SUAS - DEBUG - [SUAS_main.main:736] - Waiting for mode change to: AUTO
2025-06-22 02:23:13,349 - SUAS - DEBUG - [SUAS_main.main:736] - Waiting for mode change to: AUTO
2025-06-22 02:23:13,850 - SUAS - DEBUG - [SUAS_main.main:736] - Waiting for mode change to: AUTO
2025-06-22 02:23:14,352 - SUAS - DEBUG - [SUAS_main.main:736] - Waiting for mode change to: AUTO
2025-06-22 02:23:14,853 - SUAS - DEBUG - [SUAS_main.main:736] - Waiting for mode change to: AUTO
2025-06-22 02:23:15,354 - SUAS - DEBUG - [SUAS_main.main:736] - Waiting for mode change to: AUTO
2025-06-22 02:23:15,856 - SUAS - DEBUG - [SUAS_main.main:736] - Waiting for mode change to: AUTO
2025-06-22 02:23:16,357 - SUAS - DEBUG - [SUAS_main.main:736] - Waiting for mode change to: AUTO
2025-06-22 02:23:16,858 - SUAS - DEBUG - [SUAS_main.main:736] - Waiting for mode change to: AUTO
2025-06-22 02:23:17,360 - SUAS - DEBUG - [SUAS_main.main:736] - Waiting for mode change to: AUTO
2025-06-22 02:23:17,861 - SUAS - DEBUG - [SUAS_main.main:736] - Waiting for mode change to: AUTO
2025-06-22 02:23:18,363 - SUAS - DEBUG - [SUAS_main.main:736] - Waiting for mode change to: AUTO
2025-06-22 02:23:18,864 - SUAS - DEBUG - [SUAS_main.main:736] - Waiting for mode change to: AUTO
2025-06-22 02:23:19,366 - SUAS - DEBUG - [SUAS_main.main:736] - Waiting for mode change to: AUTO
2025-06-22 02:23:19,868 - SUAS - DEBUG - [SUAS_main.main:736] - Waiting for mode change to: AUTO
2025-06-22 02:23:20,369 - SUAS - DEBUG - [SUAS_main.main:736] - Waiting for mode change to: AUTO
2025-06-22 02:23:20,870 - SUAS - DEBUG - [SUAS_main.main:736] - Waiting for mode change to: AUTO
2025-06-22 02:23:21,372 - SUAS - DEBUG - [SUAS_main.main:736] - Waiting for mode change to: AUTO
2025-06-22 02:23:21,873 - SUAS - DEBUG - [SUAS_main.main:736] - Waiting for mode change to: AUTO
2025-06-22 02:23:22,374 - SUAS - DEBUG - [SUAS_main.main:736] - Waiting for mode change to: AUTO
2025-06-22 02:23:22,876 - SUAS - DEBUG - [SUAS_main.main:736] - Waiting for mode change to: AUTO
2025-06-22 02:23:23,377 - SUAS - DEBUG - [SUAS_main.main:736] - Waiting for mode change to: AUTO
2025-06-22 02:23:23,879 - SUAS - DEBUG - [SUAS_main.main:736] - Waiting for mode change to: AUTO
2025-06-22 02:23:24,380 - SUAS - DEBUG - [SUAS_main.main:736] - Waiting for mode change to: AUTO
2025-06-22 02:23:24,882 - SUAS - DEBUG - [SUAS_main.main:736] - Waiting for mode change to: AUTO
2025-06-22 02:23:25,384 - SUAS - DEBUG - [SUAS_main.main:736] - Waiting for mode change to: AUTO
2025-06-22 02:23:25,885 - SUAS - DEBUG - [SUAS_main.main:736] - Waiting for mode change to: AUTO
2025-06-22 02:23:26,386 - SUAS - DEBUG - [SUAS_main.main:736] - Waiting for mode change to: AUTO
2025-06-22 02:23:26,888 - SUAS - DEBUG - [SUAS_main.main:736] - Waiting for mode change to: AUTO
2025-06-22 02:23:27,389 - SUAS - DEBUG - [SUAS_main.main:736] - Waiting for mode change to: AUTO
2025-06-22 02:23:27,891 - SUAS - DEBUG - [SUAS_main.main:736] - Waiting for mode change to: AUTO
2025-06-22 02:23:28,392 - SUAS - DEBUG - [SUAS_main.main:736] - Waiting for mode change to: AUTO
2025-06-22 02:23:28,893 - SUAS - DEBUG - [SUAS_main.main:736] - Waiting for mode change to: AUTO
2025-06-22 02:23:29,395 - SUAS - DEBUG - [SUAS_main.main:736] - Waiting for mode change to: AUTO
2025-06-22 02:23:29,896 - SUAS - DEBUG - [SUAS_main.main:736] - Waiting for mode change to: AUTO
2025-06-22 02:23:30,397 - SUAS - DEBUG - [SUAS_main.main:736] - Waiting for mode change to: AUTO
2025-06-22 02:23:30,899 - SUAS - DEBUG - [SUAS_main.main:736] - Waiting for mode change to: AUTO
2025-06-22 02:23:31,401 - SUAS - DEBUG - [SUAS_main.main:736] - Waiting for mode change to: AUTO
2025-06-22 02:23:31,902 - SUAS - DEBUG - [SUAS_main.main:736] - Waiting for mode change to: AUTO
2025-06-22 02:23:32,404 - SUAS - DEBUG - [SUAS_main.main:736] - Waiting for mode change to: AUTO
2025-06-22 02:23:32,906 - SUAS - DEBUG - [SUAS_main.main:736] - Waiting for mode change to: AUTO
2025-06-22 02:23:33,407 - SUAS - DEBUG - [SUAS_main.main:736] - Waiting for mode change to: AUTO
2025-06-22 02:23:33,908 - SUAS - DEBUG - [SUAS_main.main:736] - Waiting for mode change to: AUTO
2025-06-22 02:23:34,410 - SUAS - DEBUG - [SUAS_main.main:736] - Waiting for mode change to: AUTO
2025-06-22 02:23:34,911 - SUAS - DEBUG - [SUAS_main.main:736] - Waiting for mode change to: AUTO
2025-06-22 02:23:35,413 - SUAS - DEBUG - [SUAS_main.main:736] - Waiting for mode change to: AUTO
2025-06-22 02:23:35,914 - SUAS - DEBUG - [SUAS_main.main:736] - Waiting for mode change to: AUTO
2025-06-22 02:23:36,416 - SUAS - DEBUG - [SUAS_main.main:736] - Waiting for mode change to: AUTO
2025-06-22 02:23:36,917 - SUAS - DEBUG - [SUAS_main.main:736] - Waiting for mode change to: AUTO
2025-06-22 02:23:37,418 - SUAS - DEBUG - [SUAS_main.main:736] - Waiting for mode change to: AUTO
2025-06-22 02:23:37,920 - SUAS - DEBUG - [SUAS_main.main:736] - Waiting for mode change to: AUTO
2025-06-22 02:23:38,422 - SUAS - DEBUG - [SUAS_main.main:736] - Waiting for mode change to: AUTO
2025-06-22 02:23:38,924 - SUAS - DEBUG - [SUAS_main.main:736] - Waiting for mode change to: AUTO
2025-06-22 02:23:39,425 - SUAS - DEBUG - [SUAS_main.main:736] - Waiting for mode change to: AUTO
2025-06-22 02:23:39,927 - SUAS - DEBUG - [SUAS_main.main:736] - Waiting for mode change to: AUTO
2025-06-22 02:23:40,428 - SUAS - DEBUG - [SUAS_main.main:736] - Waiting for mode change to: AUTO
2025-06-22 02:23:40,929 - SUAS - DEBUG - [SUAS_main.main:736] - Waiting for mode change to: AUTO
2025-06-22 02:23:41,430 - SUAS - DEBUG - [SUAS_main.main:736] - Waiting for mode change to: AUTO
2025-06-22 02:23:41,932 - SUAS - DEBUG - [SUAS_main.main:736] - Waiting for mode change to: AUTO
2025-06-22 02:23:42,433 - SUAS - DEBUG - [SUAS_main.main:736] - Waiting for mode change to: AUTO
2025-06-22 02:23:42,934 - SUAS - DEBUG - [SUAS_main.main:736] - Waiting for mode change to: AUTO
2025-06-22 02:23:43,437 - SUAS - DEBUG - [SUAS_main.main:736] - Waiting for mode change to: AUTO
2025-06-22 02:23:43,938 - SUAS - DEBUG - [SUAS_main.main:736] - Waiting for mode change to: AUTO
2025-06-22 02:23:44,440 - SUAS - DEBUG - [SUAS_main.main:736] - Waiting for mode change to: AUTO
2025-06-22 02:23:44,941 - SUAS - DEBUG - [SUAS_main.main:736] - Waiting for mode change to: AUTO
2025-06-22 02:23:45,443 - SUAS - DEBUG - [SUAS_main.main:736] - Waiting for mode change to: AUTO
2025-06-22 02:23:45,944 - SUAS - DEBUG - [SUAS_main.main:736] - Waiting for mode change to: AUTO
2025-06-22 02:23:46,445 - SUAS - DEBUG - [SUAS_main.main:736] - Waiting for mode change to: AUTO
2025-06-22 02:23:46,947 - SUAS - DEBUG - [SUAS_main.main:736] - Waiting for mode change to: AUTO
2025-06-22 02:23:47,448 - SUAS - DEBUG - [SUAS_main.main:736] - Waiting for mode change to: AUTO
2025-06-22 02:23:47,949 - SUAS - DEBUG - [SUAS_main.main:736] - Waiting for mode change to: AUTO
2025-06-22 02:23:48,451 - SUAS - DEBUG - [SUAS_main.main:736] - Waiting for mode change to: AUTO
2025-06-22 02:23:48,952 - SUAS - DEBUG - [SUAS_main.main:736] - Waiting for mode change to: AUTO
2025-06-22 02:23:49,453 - SUAS - DEBUG - [SUAS_main.main:736] - Waiting for mode change to: AUTO
2025-06-22 02:23:49,954 - SUAS - DEBUG - [SUAS_main.main:736] - Waiting for mode change to: AUTO
2025-06-22 02:23:50,456 - SUAS - DEBUG - [SUAS_main.main:736] - Waiting for mode change to: AUTO
2025-06-22 02:23:50,957 - SUAS - DEBUG - [SUAS_main.main:736] - Waiting for mode change to: AUTO
2025-06-22 02:23:51,459 - SUAS - DEBUG - [SUAS_main.main:736] - Waiting for mode change to: AUTO
2025-06-22 02:23:51,960 - SUAS - DEBUG - [SUAS_main.main:736] - Waiting for mode change to: AUTO
2025-06-22 02:23:52,462 - SUAS - DEBUG - [SUAS_main.main:736] - Waiting for mode change to: AUTO
2025-06-22 02:23:52,964 - SUAS - DEBUG - [SUAS_main.main:736] - Waiting for mode change to: AUTO
2025-06-22 02:23:53,491 - SUAS - DEBUG - [SUAS_main.main:736] - Waiting for mode change to: AUTO
2025-06-22 02:23:53,992 - SUAS - DEBUG - [SUAS_main.main:736] - Waiting for mode change to: AUTO
2025-06-22 02:23:54,494 - SUAS - DEBUG - [SUAS_main.main:736] - Waiting for mode change to: AUTO
2025-06-22 02:23:54,995 - SUAS - DEBUG - [SUAS_main.main:736] - Waiting for mode change to: AUTO
2025-06-22 02:23:55,497 - SUAS - DEBUG - [SUAS_main.main:736] - Waiting for mode change to: AUTO
2025-06-22 02:23:55,998 - SUAS - DEBUG - [SUAS_main.main:736] - Waiting for mode change to: AUTO
2025-06-22 02:23:56,500 - SUAS - DEBUG - [SUAS_main.main:736] - Waiting for mode change to: AUTO
2025-06-22 02:23:57,002 - SUAS - DEBUG - [SUAS_main.main:736] - Waiting for mode change to: AUTO
2025-06-22 02:23:57,503 - SUAS - DEBUG - [SUAS_main.main:736] - Waiting for mode change to: AUTO
2025-06-22 02:23:58,005 - SUAS - DEBUG - [SUAS_main.main:736] - Waiting for mode change to: AUTO
2025-06-22 02:23:58,506 - SUAS - DEBUG - [SUAS_main.main:736] - Waiting for mode change to: AUTO
2025-06-22 02:23:59,008 - SUAS - DEBUG - [SUAS_main.main:736] - Waiting for mode change to: AUTO
2025-06-22 02:23:59,509 - SUAS - DEBUG - [SUAS_main.main:736] - Waiting for mode change to: AUTO
2025-06-22 02:24:00,011 - SUAS - DEBUG - [SUAS_main.main:736] - Waiting for mode change to: AUTO
2025-06-22 02:24:00,512 - SUAS - DEBUG - [SUAS_main.main:736] - Waiting for mode change to: AUTO
2025-06-22 02:24:01,013 - SUAS - DEBUG - [SUAS_main.main:736] - Waiting for mode change to: AUTO
2025-06-22 02:24:01,514 - SUAS - DEBUG - [SUAS_main.main:736] - Waiting for mode change to: AUTO
2025-06-22 02:24:02,016 - SUAS - DEBUG - [SUAS_main.main:736] - Waiting for mode change to: AUTO
2025-06-22 02:24:02,517 - SUAS - DEBUG - [SUAS_main.main:736] - Waiting for mode change to: AUTO
2025-06-22 02:24:03,019 - SUAS - DEBUG - [SUAS_main.main:736] - Waiting for mode change to: AUTO
2025-06-22 02:24:03,520 - SUAS - DEBUG - [SUAS_main.main:736] - Waiting for mode change to: AUTO
2025-06-22 02:24:04,022 - SUAS - DEBUG - [SUAS_main.main:736] - Waiting for mode change to: AUTO
2025-06-22 02:24:04,523 - SUAS - DEBUG - [SUAS_main.main:736] - Waiting for mode change to: AUTO
2025-06-22 02:24:05,025 - SUAS - DEBUG - [SUAS_main.main:736] - Waiting for mode change to: AUTO
2025-06-22 02:24:05,526 - SUAS - DEBUG - [SUAS_main.main:736] - Waiting for mode change to: AUTO
2025-06-22 02:24:06,028 - SUAS - DEBUG - [SUAS_main.main:736] - Waiting for mode change to: AUTO
2025-06-22 02:24:06,529 - SUAS - DEBUG - [SUAS_main.main:736] - Waiting for mode change to: AUTO
2025-06-22 02:24:07,030 - SUAS - DEBUG - [SUAS_main.main:736] - Waiting for mode change to: AUTO
2025-06-22 02:24:07,532 - SUAS - DEBUG - [SUAS_main.main:736] - Waiting for mode change to: AUTO
2025-06-22 02:24:08,033 - SUAS - DEBUG - [SUAS_main.main:736] - Waiting for mode change to: AUTO
2025-06-22 02:24:08,534 - SUAS - DEBUG - [SUAS_main.main:736] - Waiting for mode change to: AUTO
2025-06-22 02:24:09,036 - SUAS - DEBUG - [SUAS_main.main:736] - Waiting for mode change to: AUTO
2025-06-22 02:24:09,537 - SUAS - DEBUG - [SUAS_main.main:736] - Waiting for mode change to: AUTO
2025-06-22 02:24:10,038 - SUAS - DEBUG - [SUAS_main.main:736] - Waiting for mode change to: AUTO
2025-06-22 02:24:10,540 - SUAS - DEBUG - [SUAS_main.main:736] - Waiting for mode change to: AUTO
2025-06-22 02:24:11,042 - SUAS - DEBUG - [SUAS_main.main:736] - Waiting for mode change to: AUTO
2025-06-22 02:24:11,544 - SUAS - DEBUG - [SUAS_main.main:736] - Waiting for mode change to: AUTO
2025-06-22 02:24:12,045 - SUAS - DEBUG - [SUAS_main.main:736] - Waiting for mode change to: AUTO
2025-06-22 02:24:12,547 - SUAS - DEBUG - [SUAS_main.main:736] - Waiting for mode change to: AUTO
2025-06-22 02:24:13,048 - SUAS - DEBUG - [SUAS_main.main:736] - Waiting for mode change to: AUTO
2025-06-22 02:24:13,549 - SUAS - DEBUG - [SUAS_main.main:736] - Waiting for mode change to: AUTO
2025-06-22 02:24:14,051 - SUAS - DEBUG - [SUAS_main.main:736] - Waiting for mode change to: AUTO
2025-06-22 02:24:14,552 - SUAS - DEBUG - [SUAS_main.main:736] - Waiting for mode change to: AUTO
2025-06-22 02:24:15,053 - SUAS - DEBUG - [SUAS_main.main:736] - Waiting for mode change to: AUTO
2025-06-22 02:24:15,555 - SUAS - DEBUG - [SUAS_main.main:736] - Waiting for mode change to: AUTO
2025-06-22 02:24:16,056 - SUAS - DEBUG - [SUAS_main.main:736] - Waiting for mode change to: AUTO
2025-06-22 02:24:16,557 - SUAS - DEBUG - [SUAS_main.main:736] - Waiting for mode change to: AUTO
2025-06-22 02:24:17,059 - SUAS - DEBUG - [SUAS_main.main:736] - Waiting for mode change to: AUTO
2025-06-22 02:24:17,560 - SUAS - DEBUG - [SUAS_main.main:736] - Waiting for mode change to: AUTO
2025-06-22 02:24:18,062 - SUAS - DEBUG - [SUAS_main.main:736] - Waiting for mode change to: AUTO
2025-06-22 02:24:18,563 - SUAS - DEBUG - [SUAS_main.main:736] - Waiting for mode change to: AUTO
2025-06-22 02:24:19,065 - SUAS - DEBUG - [SUAS_main.main:736] - Waiting for mode change to: AUTO
2025-06-22 02:24:19,566 - SUAS - DEBUG - [SUAS_main.main:736] - Waiting for mode change to: AUTO
2025-06-22 02:24:20,068 - SUAS - DEBUG - [SUAS_main.main:736] - Waiting for mode change to: AUTO
2025-06-22 02:24:20,569 - SUAS - DEBUG - [SUAS_main.main:736] - Waiting for mode change to: AUTO
2025-06-22 02:24:21,071 - SUAS - DEBUG - [SUAS_main.main:736] - Waiting for mode change to: AUTO
2025-06-22 02:24:21,572 - SUAS - DEBUG - [SUAS_main.main:736] - Waiting for mode change to: AUTO
2025-06-22 02:24:22,073 - SUAS - DEBUG - [SUAS_main.main:736] - Waiting for mode change to: AUTO
2025-06-22 02:24:22,575 - SUAS - DEBUG - [SUAS_main.main:736] - Waiting for mode change to: AUTO
2025-06-22 02:24:23,076 - SUAS - DEBUG - [SUAS_main.main:736] - Waiting for mode change to: AUTO
2025-06-22 02:24:23,577 - SUAS - DEBUG - [SUAS_main.main:736] - Waiting for mode change to: AUTO
2025-06-22 02:24:24,079 - SUAS - DEBUG - [SUAS_main.main:736] - Waiting for mode change to: AUTO
2025-06-22 02:24:24,580 - SUAS - DEBUG - [SUAS_main.main:736] - Waiting for mode change to: AUTO
2025-06-22 02:24:25,082 - SUAS - DEBUG - [SUAS_main.main:736] - Waiting for mode change to: AUTO
2025-06-22 02:24:25,584 - SUAS - DEBUG - [SUAS_main.main:736] - Waiting for mode change to: AUTO
2025-06-22 02:24:26,085 - SUAS - DEBUG - [SUAS_main.main:736] - Waiting for mode change to: AUTO
2025-06-22 02:24:26,586 - SUAS - DEBUG - [SUAS_main.main:736] - Waiting for mode change to: AUTO
2025-06-22 02:24:27,088 - SUAS - DEBUG - [SUAS_main.main:736] - Waiting for mode change to: AUTO
2025-06-22 02:24:27,589 - SUAS - DEBUG - [SUAS_main.main:736] - Waiting for mode change to: AUTO
2025-06-22 02:24:28,090 - SUAS - DEBUG - [SUAS_main.main:736] - Waiting for mode change to: AUTO
2025-06-22 02:24:28,592 - SUAS - DEBUG - [SUAS_main.main:736] - Waiting for mode change to: AUTO
2025-06-22 02:24:29,093 - SUAS - DEBUG - [SUAS_main.main:736] - Waiting for mode change to: AUTO
2025-06-22 02:24:29,595 - SUAS - DEBUG - [SUAS_main.main:736] - Waiting for mode change to: AUTO
2025-06-22 02:24:30,096 - SUAS - DEBUG - [SUAS_main.main:736] - Waiting for mode change to: AUTO
2025-06-22 02:24:30,597 - SUAS - DEBUG - [SUAS_main.main:736] - Waiting for mode change to: AUTO
2025-06-22 02:24:31,099 - SUAS - DEBUG - [SUAS_main.main:736] - Waiting for mode change to: AUTO
2025-06-22 02:24:31,600 - SUAS - DEBUG - [SUAS_main.main:736] - Waiting for mode change to: AUTO
2025-06-22 02:24:32,101 - SUAS - DEBUG - [SUAS_main.main:736] - Waiting for mode change to: AUTO
2025-06-22 02:24:32,603 - SUAS - DEBUG - [SUAS_main.main:736] - Waiting for mode change to: AUTO
2025-06-22 02:24:33,104 - SUAS - DEBUG - [SUAS_main.main:736] - Waiting for mode change to: AUTO
2025-06-22 02:24:33,606 - SUAS - DEBUG - [SUAS_main.main:736] - Waiting for mode change to: AUTO
2025-06-22 02:24:34,107 - SUAS - DEBUG - [SUAS_main.main:736] - Waiting for mode change to: AUTO
2025-06-22 02:24:34,609 - SUAS - DEBUG - [SUAS_main.main:736] - Waiting for mode change to: AUTO
2025-06-22 02:24:35,110 - SUAS - DEBUG - [SUAS_main.main:736] - Waiting for mode change to: AUTO
2025-06-22 02:24:35,612 - SUAS - DEBUG - [SUAS_main.main:736] - Waiting for mode change to: AUTO
2025-06-22 02:24:36,113 - SUAS - DEBUG - [SUAS_main.main:736] - Waiting for mode change to: AUTO
2025-06-22 02:24:36,614 - SUAS - DEBUG - [SUAS_main.main:736] - Waiting for mode change to: AUTO
2025-06-22 02:24:37,116 - SUAS - DEBUG - [SUAS_main.main:736] - Waiting for mode change to: AUTO
2025-06-22 02:24:37,617 - SUAS - DEBUG - [SUAS_main.main:736] - Waiting for mode change to: AUTO
2025-06-22 02:24:38,119 - SUAS - DEBUG - [SUAS_main.main:736] - Waiting for mode change to: AUTO
2025-06-22 02:24:38,621 - SUAS - DEBUG - [SUAS_main.main:736] - Waiting for mode change to: AUTO
2025-06-22 02:24:39,122 - SUAS - DEBUG - [SUAS_main.main:736] - Waiting for mode change to: AUTO
2025-06-22 02:24:39,624 - SUAS - DEBUG - [SUAS_main.main:736] - Waiting for mode change to: AUTO
2025-06-22 02:24:40,125 - SUAS - DEBUG - [SUAS_main.main:736] - Waiting for mode change to: AUTO
2025-06-22 02:24:40,627 - SUAS - DEBUG - [SUAS_main.main:736] - Waiting for mode change to: AUTO
2025-06-22 02:24:41,128 - SUAS - DEBUG - [SUAS_main.main:736] - Waiting for mode change to: AUTO
2025-06-22 02:24:41,629 - SUAS - DEBUG - [SUAS_main.main:736] - Waiting for mode change to: AUTO
2025-06-22 02:24:42,131 - SUAS - DEBUG - [SUAS_main.main:736] - Waiting for mode change to: AUTO
2025-06-22 02:24:42,632 - SUAS - DEBUG - [SUAS_main.main:736] - Waiting for mode change to: AUTO
2025-06-22 02:24:43,133 - SUAS - DEBUG - [SUAS_main.main:736] - Waiting for mode change to: AUTO
2025-06-22 02:24:43,635 - SUAS - DEBUG - [SUAS_main.main:736] - Waiting for mode change to: AUTO
2025-06-22 02:24:44,136 - SUAS - DEBUG - [SUAS_main.main:736] - Waiting for mode change to: AUTO
2025-06-22 02:24:44,637 - SUAS - DEBUG - [SUAS_main.main:736] - Waiting for mode change to: AUTO
2025-06-22 02:24:45,139 - SUAS - DEBUG - [SUAS_main.main:736] - Waiting for mode change to: AUTO
2025-06-22 02:24:45,641 - SUAS - DEBUG - [SUAS_main.main:736] - Waiting for mode change to: AUTO
2025-06-22 02:24:46,142 - SUAS - DEBUG - [SUAS_main.main:736] - Waiting for mode change to: AUTO
2025-06-22 02:24:46,644 - SUAS - DEBUG - [SUAS_main.main:736] - Waiting for mode change to: AUTO
2025-06-22 02:24:47,146 - SUAS - DEBUG - [SUAS_main.main:736] - Waiting for mode change to: AUTO
2025-06-22 02:24:47,647 - SUAS - DEBUG - [SUAS_main.main:736] - Waiting for mode change to: AUTO
2025-06-22 02:24:48,149 - SUAS - DEBUG - [SUAS_main.main:736] - Waiting for mode change to: AUTO
2025-06-22 02:24:48,650 - SUAS - DEBUG - [SUAS_main.main:736] - Waiting for mode change to: AUTO
2025-06-22 02:24:49,152 - SUAS - DEBUG - [SUAS_main.main:736] - Waiting for mode change to: AUTO
2025-06-22 02:24:49,653 - SUAS - DEBUG - [SUAS_main.main:736] - Waiting for mode change to: AUTO
2025-06-22 02:24:50,155 - SUAS - DEBUG - [SUAS_main.main:736] - Waiting for mode change to: AUTO
2025-06-22 02:24:50,656 - SUAS - DEBUG - [SUAS_main.main:736] - Waiting for mode change to: AUTO
2025-06-22 02:24:51,157 - SUAS - DEBUG - [SUAS_main.main:736] - Waiting for mode change to: AUTO
2025-06-22 02:24:51,659 - SUAS - DEBUG - [SUAS_main.main:736] - Waiting for mode change to: AUTO
2025-06-22 02:24:52,161 - SUAS - DEBUG - [SUAS_main.main:736] - Waiting for mode change to: AUTO
2025-06-22 02:24:52,662 - SUAS - DEBUG - [SUAS_main.main:736] - Waiting for mode change to: AUTO
2025-06-22 02:24:53,164 - SUAS - DEBUG - [SUAS_main.main:736] - Waiting for mode change to: AUTO
2025-06-22 02:24:53,665 - SUAS - DEBUG - [SUAS_main.main:736] - Waiting for mode change to: AUTO
2025-06-22 02:24:54,167 - SUAS - DEBUG - [SUAS_main.main:736] - Waiting for mode change to: AUTO
2025-06-22 02:24:54,668 - SUAS - DEBUG - [SUAS_main.main:736] - Waiting for mode change to: AUTO
2025-06-22 02:24:55,169 - SUAS - DEBUG - [SUAS_main.main:736] - Waiting for mode change to: AUTO
2025-06-22 02:24:55,671 - SUAS - DEBUG - [SUAS_main.main:736] - Waiting for mode change to: AUTO
2025-06-22 02:24:56,172 - SUAS - DEBUG - [SUAS_main.main:736] - Waiting for mode change to: AUTO
2025-06-22 02:24:56,674 - SUAS - DEBUG - [SUAS_main.main:736] - Waiting for mode change to: AUTO
2025-06-22 02:24:57,175 - SUAS - DEBUG - [SUAS_main.main:736] - Waiting for mode change to: AUTO
2025-06-22 02:24:57,677 - SUAS - DEBUG - [SUAS_main.main:736] - Waiting for mode change to: AUTO
2025-06-22 02:24:58,178 - SUAS - DEBUG - [SUAS_main.main:736] - Waiting for mode change to: AUTO
2025-06-22 02:24:58,680 - SUAS - DEBUG - [SUAS_main.main:736] - Waiting for mode change to: AUTO
2025-06-22 02:24:59,182 - SUAS - DEBUG - [SUAS_main.main:736] - Waiting for mode change to: AUTO
2025-06-22 02:24:59,683 - SUAS - DEBUG - [SUAS_main.main:736] - Waiting for mode change to: AUTO
2025-06-22 02:25:00,185 - SUAS - DEBUG - [SUAS_main.main:736] - Waiting for mode change to: AUTO
2025-06-22 02:25:00,686 - SUAS - DEBUG - [SUAS_main.main:736] - Waiting for mode change to: AUTO
2025-06-22 02:25:01,187 - SUAS - DEBUG - [SUAS_main.main:736] - Waiting for mode change to: AUTO
2025-06-22 02:25:01,689 - SUAS - DEBUG - [SUAS_main.main:736] - Waiting for mode change to: AUTO
2025-06-22 02:25:02,190 - SUAS - DEBUG - [SUAS_main.main:736] - Waiting for mode change to: AUTO
2025-06-22 02:25:02,692 - SUAS - DEBUG - [SUAS_main.main:736] - Waiting for mode change to: AUTO
2025-06-22 02:25:03,193 - SUAS - DEBUG - [SUAS_main.main:736] - Waiting for mode change to: AUTO
2025-06-22 02:25:03,695 - SUAS - DEBUG - [SUAS_main.main:736] - Waiting for mode change to: AUTO
2025-06-22 02:25:04,196 - SUAS - DEBUG - [SUAS_main.main:736] - Waiting for mode change to: AUTO
2025-06-22 02:25:04,697 - SUAS - DEBUG - [SUAS_main.main:736] - Waiting for mode change to: AUTO
2025-06-22 02:25:05,199 - SUAS - DEBUG - [SUAS_main.main:736] - Waiting for mode change to: AUTO
2025-06-22 02:25:05,700 - SUAS - DEBUG - [SUAS_main.main:736] - Waiting for mode change to: AUTO
2025-06-22 02:25:06,202 - SUAS - DEBUG - [SUAS_main.main:736] - Waiting for mode change to: AUTO
2025-06-22 02:25:06,703 - SUAS - DEBUG - [SUAS_main.main:736] - Waiting for mode change to: AUTO
2025-06-22 02:25:07,205 - SUAS - DEBUG - [SUAS_main.main:736] - Waiting for mode change to: AUTO
2025-06-22 02:25:07,706 - SUAS - DEBUG - [SUAS_main.main:736] - Waiting for mode change to: AUTO
2025-06-22 02:25:08,208 - SUAS - DEBUG - [SUAS_main.main:736] - Waiting for mode change to: AUTO
2025-06-22 02:25:08,709 - SUAS - DEBUG - [SUAS_main.main:736] - Waiting for mode change to: AUTO
2025-06-22 02:25:09,211 - SUAS - DEBUG - [SUAS_main.main:736] - Waiting for mode change to: AUTO
2025-06-22 02:25:09,712 - SUAS - DEBUG - [SUAS_main.main:736] - Waiting for mode change to: AUTO
2025-06-22 02:25:10,213 - SUAS - DEBUG - [SUAS_main.main:736] - Waiting for mode change to: AUTO
2025-06-22 02:25:10,715 - SUAS - DEBUG - [SUAS_main.main:736] - Waiting for mode change to: AUTO
2025-06-22 02:25:11,216 - SUAS - DEBUG - [SUAS_main.main:736] - Waiting for mode change to: AUTO
2025-06-22 02:25:11,717 - SUAS - DEBUG - [SUAS_main.main:736] - Waiting for mode change to: AUTO
2025-06-22 02:25:12,219 - SUAS - DEBUG - [SUAS_main.main:736] - Waiting for mode change to: AUTO
2025-06-22 02:25:12,721 - SUAS - DEBUG - [SUAS_main.main:736] - Waiting for mode change to: AUTO
2025-06-22 02:25:13,222 - SUAS - DEBUG - [SUAS_main.main:736] - Waiting for mode change to: AUTO
2025-06-22 02:25:13,724 - SUAS - DEBUG - [SUAS_main.main:736] - Waiting for mode change to: AUTO
2025-06-22 02:25:14,225 - SUAS - DEBUG - [SUAS_main.main:736] - Waiting for mode change to: AUTO
2025-06-22 02:25:14,726 - SUAS - DEBUG - [SUAS_main.main:736] - Waiting for mode change to: AUTO
2025-06-22 02:25:15,228 - SUAS - DEBUG - [SUAS_main.main:736] - Waiting for mode change to: AUTO
2025-06-22 02:25:15,729 - SUAS - DEBUG - [SUAS_main.main:736] - Waiting for mode change to: AUTO
2025-06-22 02:25:16,231 - SUAS - DEBUG - [SUAS_main.main:736] - Waiting for mode change to: AUTO
2025-06-22 02:25:16,732 - SUAS - DEBUG - [SUAS_main.main:736] - Waiting for mode change to: AUTO
2025-06-22 02:25:17,234 - SUAS - DEBUG - [SUAS_main.main:736] - Waiting for mode change to: AUTO
2025-06-22 02:25:17,735 - SUAS - DEBUG - [SUAS_main.main:736] - Waiting for mode change to: AUTO
2025-06-22 02:25:18,236 - SUAS - DEBUG - [SUAS_main.main:736] - Waiting for mode change to: AUTO
2025-06-22 02:25:18,738 - SUAS - DEBUG - [SUAS_main.main:736] - Waiting for mode change to: AUTO
2025-06-22 02:25:19,240 - SUAS - DEBUG - [SUAS_main.main:736] - Waiting for mode change to: AUTO
2025-06-22 02:25:19,742 - SUAS - DEBUG - [SUAS_main.main:736] - Waiting for mode change to: AUTO
2025-06-22 02:25:20,243 - SUAS - DEBUG - [SUAS_main.main:736] - Waiting for mode change to: AUTO
2025-06-22 02:25:20,745 - SUAS - DEBUG - [SUAS_main.main:736] - Waiting for mode change to: AUTO
2025-06-22 02:25:21,246 - SUAS - DEBUG - [SUAS_main.main:736] - Waiting for mode change to: AUTO
2025-06-22 02:25:21,748 - SUAS - DEBUG - [SUAS_main.main:736] - Waiting for mode change to: AUTO
2025-06-22 02:25:22,249 - SUAS - DEBUG - [SUAS_main.main:736] - Waiting for mode change to: AUTO
2025-06-22 02:25:22,750 - SUAS - DEBUG - [SUAS_main.main:736] - Waiting for mode change to: AUTO
2025-06-22 02:25:23,252 - SUAS - DEBUG - [SUAS_main.main:736] - Waiting for mode change to: AUTO
2025-06-22 02:25:23,753 - SUAS - DEBUG - [SUAS_main.main:736] - Waiting for mode change to: AUTO
2025-06-22 02:25:24,255 - SUAS - DEBUG - [SUAS_main.main:736] - Waiting for mode change to: AUTO
2025-06-22 02:25:24,756 - SUAS - DEBUG - [SUAS_main.main:736] - Waiting for mode change to: AUTO
2025-06-22 02:25:25,258 - SUAS - DEBUG - [SUAS_main.main:736] - Waiting for mode change to: AUTO
2025-06-22 02:25:25,760 - SUAS - DEBUG - [SUAS_main.main:736] - Waiting for mode change to: AUTO
2025-06-22 02:25:26,261 - SUAS - DEBUG - [SUAS_main.main:736] - Waiting for mode change to: AUTO
2025-06-22 02:25:26,763 - SUAS - DEBUG - [SUAS_main.main:736] - Waiting for mode change to: AUTO
2025-06-22 02:25:27,265 - SUAS - DEBUG - [SUAS_main.main:736] - Waiting for mode change to: AUTO
2025-06-22 02:25:27,766 - SUAS - DEBUG - [SUAS_main.main:736] - Waiting for mode change to: AUTO
2025-06-22 02:25:28,268 - SUAS - DEBUG - [SUAS_main.main:736] - Waiting for mode change to: AUTO
2025-06-22 02:25:28,769 - SUAS - DEBUG - [SUAS_main.main:736] - Waiting for mode change to: AUTO
2025-06-22 02:25:29,270 - SUAS - DEBUG - [SUAS_main.main:736] - Waiting for mode change to: AUTO
2025-06-22 02:25:29,772 - SUAS - DEBUG - [SUAS_main.main:736] - Waiting for mode change to: AUTO
2025-06-22 02:25:30,273 - SUAS - DEBUG - [SUAS_main.main:736] - Waiting for mode change to: AUTO
2025-06-22 02:25:30,775 - SUAS - DEBUG - [SUAS_main.main:736] - Waiting for mode change to: AUTO
2025-06-22 02:25:31,276 - SUAS - DEBUG - [SUAS_main.main:736] - Waiting for mode change to: AUTO
2025-06-22 02:25:31,778 - SUAS - DEBUG - [SUAS_main.main:736] - Waiting for mode change to: AUTO
2025-06-22 02:25:32,279 - SUAS - DEBUG - [SUAS_main.main:736] - Waiting for mode change to: AUTO
2025-06-22 02:25:32,781 - SUAS - DEBUG - [SUAS_main.main:736] - Waiting for mode change to: AUTO
2025-06-22 02:25:33,283 - SUAS - DEBUG - [SUAS_main.main:736] - Waiting for mode change to: AUTO
2025-06-22 02:25:33,784 - SUAS - DEBUG - [SUAS_main.main:736] - Waiting for mode change to: AUTO
2025-06-22 02:25:34,286 - SUAS - DEBUG - [SUAS_main.main:736] - Waiting for mode change to: AUTO
2025-06-22 02:25:34,787 - SUAS - DEBUG - [SUAS_main.main:736] - Waiting for mode change to: AUTO
2025-06-22 02:25:35,289 - SUAS - DEBUG - [SUAS_main.main:736] - Waiting for mode change to: AUTO
2025-06-22 02:25:35,790 - SUAS - DEBUG - [SUAS_main.main:736] - Waiting for mode change to: AUTO
2025-06-22 02:25:36,291 - SUAS - DEBUG - [SUAS_main.main:736] - Waiting for mode change to: AUTO
2025-06-22 02:25:36,793 - SUAS - DEBUG - [SUAS_main.main:736] - Waiting for mode change to: AUTO
2025-06-22 02:25:37,294 - SUAS - DEBUG - [SUAS_main.main:736] - Waiting for mode change to: AUTO
2025-06-22 02:25:37,796 - SUAS - DEBUG - [SUAS_main.main:736] - Waiting for mode change to: AUTO
2025-06-22 02:25:38,297 - SUAS - DEBUG - [SUAS_main.main:736] - Waiting for mode change to: AUTO
2025-06-22 02:25:38,798 - SUAS - DEBUG - [SUAS_main.main:736] - Waiting for mode change to: AUTO
2025-06-22 02:25:39,301 - SUAS - DEBUG - [SUAS_main.main:736] - Waiting for mode change to: AUTO
2025-06-22 02:25:39,802 - SUAS - DEBUG - [SUAS_main.main:736] - Waiting for mode change to: AUTO
2025-06-22 02:25:40,304 - SUAS - DEBUG - [SUAS_main.main:736] - Waiting for mode change to: AUTO
2025-06-22 02:25:40,805 - SUAS - DEBUG - [SUAS_main.main:736] - Waiting for mode change to: AUTO
2025-06-22 02:25:41,306 - SUAS - DEBUG - [SUAS_main.main:736] - Waiting for mode change to: AUTO
2025-06-22 02:25:41,808 - SUAS - DEBUG - [SUAS_main.main:736] - Waiting for mode change to: AUTO
2025-06-22 02:25:42,309 - SUAS - DEBUG - [SUAS_main.main:736] - Waiting for mode change to: AUTO
2025-06-22 02:25:42,810 - SUAS - DEBUG - [SUAS_main.main:736] - Waiting for mode change to: AUTO
2025-06-22 02:25:43,312 - SUAS - DEBUG - [SUAS_main.main:736] - Waiting for mode change to: AUTO
2025-06-22 02:25:43,813 - SUAS - DEBUG - [SUAS_main.main:736] - Waiting for mode change to: AUTO
2025-06-22 02:25:44,315 - SUAS - DEBUG - [SUAS_main.main:736] - Waiting for mode change to: AUTO
2025-06-22 02:25:44,816 - SUAS - DEBUG - [SUAS_main.main:736] - Waiting for mode change to: AUTO
2025-06-22 02:25:45,318 - SUAS - DEBUG - [SUAS_main.main:736] - Waiting for mode change to: AUTO
2025-06-22 02:25:45,820 - SUAS - DEBUG - [SUAS_main.main:736] - Waiting for mode change to: AUTO
2025-06-22 02:25:46,321 - SUAS - DEBUG - [SUAS_main.main:736] - Waiting for mode change to: AUTO
2025-06-22 02:25:46,822 - SUAS - DEBUG - [SUAS_main.main:736] - Waiting for mode change to: AUTO
2025-06-22 02:25:47,324 - SUAS - DEBUG - [SUAS_main.main:736] - Waiting for mode change to: AUTO
2025-06-22 02:25:47,825 - SUAS - DEBUG - [SUAS_main.main:736] - Waiting for mode change to: AUTO
2025-06-22 02:25:48,326 - SUAS - DEBUG - [SUAS_main.main:736] - Waiting for mode change to: AUTO
2025-06-22 02:25:48,828 - SUAS - DEBUG - [SUAS_main.main:736] - Waiting for mode change to: AUTO
2025-06-22 02:25:49,329 - SUAS - DEBUG - [SUAS_main.main:736] - Waiting for mode change to: AUTO
2025-06-22 02:25:49,831 - SUAS - DEBUG - [SUAS_main.main:736] - Waiting for mode change to: AUTO
2025-06-22 02:25:50,332 - SUAS - DEBUG - [SUAS_main.main:736] - Waiting for mode change to: AUTO
2025-06-22 02:25:50,833 - SUAS - DEBUG - [SUAS_main.main:736] - Waiting for mode change to: AUTO
2025-06-22 02:25:51,335 - SUAS - DEBUG - [SUAS_main.main:736] - Waiting for mode change to: AUTO
2025-06-22 02:25:51,836 - SUAS - DEBUG - [SUAS_main.main:736] - Waiting for mode change to: AUTO
2025-06-22 02:25:52,338 - SUAS - DEBUG - [SUAS_main.main:736] - Waiting for mode change to: AUTO
2025-06-22 02:25:52,839 - SUAS - DEBUG - [SUAS_main.main:736] - Waiting for mode change to: AUTO
2025-06-22 02:25:53,341 - SUAS - DEBUG - [SUAS_main.main:736] - Waiting for mode change to: AUTO
2025-06-22 02:25:53,843 - SUAS - DEBUG - [SUAS_main.main:736] - Waiting for mode change to: AUTO
2025-06-22 02:25:54,344 - SUAS - DEBUG - [SUAS_main.main:736] - Waiting for mode change to: AUTO
2025-06-22 02:25:54,846 - SUAS - DEBUG - [SUAS_main.main:736] - Waiting for mode change to: AUTO
2025-06-22 02:25:55,347 - SUAS - DEBUG - [SUAS_main.main:736] - Waiting for mode change to: AUTO
2025-06-22 02:25:55,849 - SUAS - DEBUG - [SUAS_main.main:736] - Waiting for mode change to: AUTO
2025-06-22 02:25:56,350 - SUAS - DEBUG - [SUAS_main.main:736] - Waiting for mode change to: AUTO
2025-06-22 02:25:56,852 - SUAS - DEBUG - [SUAS_main.main:736] - Waiting for mode change to: AUTO
2025-06-22 02:25:57,353 - SUAS - DEBUG - [SUAS_main.main:736] - Waiting for mode change to: AUTO
2025-06-22 02:25:57,855 - SUAS - DEBUG - [SUAS_main.main:736] - Waiting for mode change to: AUTO
2025-06-22 02:25:58,356 - SUAS - DEBUG - [SUAS_main.main:736] - Waiting for mode change to: AUTO
2025-06-22 02:25:58,858 - SUAS - DEBUG - [SUAS_main.main:736] - Waiting for mode change to: AUTO
2025-06-22 02:25:59,360 - SUAS - DEBUG - [SUAS_main.main:736] - Waiting for mode change to: AUTO
2025-06-22 02:25:59,861 - SUAS - DEBUG - [SUAS_main.main:736] - Waiting for mode change to: AUTO
2025-06-22 02:26:00,363 - SUAS - DEBUG - [SUAS_main.main:736] - Waiting for mode change to: AUTO
2025-06-22 02:26:00,864 - SUAS - DEBUG - [SUAS_main.main:736] - Waiting for mode change to: AUTO
2025-06-22 02:26:01,365 - SUAS - DEBUG - [SUAS_main.main:736] - Waiting for mode change to: AUTO
2025-06-22 02:26:01,867 - SUAS - DEBUG - [SUAS_main.main:736] - Waiting for mode change to: AUTO
2025-06-22 02:26:02,368 - SUAS - DEBUG - [SUAS_main.main:736] - Waiting for mode change to: AUTO
2025-06-22 02:26:02,869 - SUAS - DEBUG - [SUAS_main.main:736] - Waiting for mode change to: AUTO
2025-06-22 02:26:03,371 - SUAS - DEBUG - [SUAS_main.main:736] - Waiting for mode change to: AUTO
2025-06-22 02:26:03,872 - SUAS - DEBUG - [SUAS_main.main:736] - Waiting for mode change to: AUTO
2025-06-22 02:26:04,373 - SUAS - DEBUG - [SUAS_main.main:736] - Waiting for mode change to: AUTO
2025-06-22 02:26:04,875 - SUAS - DEBUG - [SUAS_main.main:736] - Waiting for mode change to: AUTO
2025-06-22 02:26:05,376 - SUAS - DEBUG - [SUAS_main.main:736] - Waiting for mode change to: AUTO
2025-06-22 02:26:05,878 - SUAS - DEBUG - [SUAS_main.main:736] - Waiting for mode change to: AUTO
2025-06-22 02:26:06,379 - SUAS - DEBUG - [SUAS_main.main:736] - Waiting for mode change to: AUTO
2025-06-22 02:26:06,881 - SUAS - DEBUG - [SUAS_main.main:736] - Waiting for mode change to: AUTO
2025-06-22 02:26:07,382 - SUAS - DEBUG - [SUAS_main.main:736] - Waiting for mode change to: AUTO
2025-06-22 02:26:07,884 - SUAS - DEBUG - [SUAS_main.main:736] - Waiting for mode change to: AUTO
2025-06-22 02:26:08,385 - SUAS - DEBUG - [SUAS_main.main:736] - Waiting for mode change to: AUTO
2025-06-22 02:26:08,886 - SUAS - DEBUG - [SUAS_main.main:736] - Waiting for mode change to: AUTO
2025-06-22 02:26:09,388 - SUAS - DEBUG - [SUAS_main.main:736] - Waiting for mode change to: AUTO
2025-06-22 02:26:09,889 - SUAS - DEBUG - [SUAS_main.main:736] - Waiting for mode change to: AUTO
2025-06-22 02:26:10,390 - SUAS - DEBUG - [SUAS_main.main:736] - Waiting for mode change to: AUTO
2025-06-22 02:26:10,892 - SUAS - DEBUG - [SUAS_main.main:736] - Waiting for mode change to: AUTO
2025-06-22 02:26:11,393 - SUAS - DEBUG - [SUAS_main.main:736] - Waiting for mode change to: AUTO
2025-06-22 02:26:11,894 - SUAS - DEBUG - [SUAS_main.main:736] - Waiting for mode change to: AUTO
2025-06-22 02:26:12,396 - SUAS - DEBUG - [SUAS_main.main:736] - Waiting for mode change to: AUTO
2025-06-22 02:26:12,897 - SUAS - DEBUG - [SUAS_main.main:736] - Waiting for mode change to: AUTO
2025-06-22 02:26:13,399 - SUAS - DEBUG - [SUAS_main.main:736] - Waiting for mode change to: AUTO
2025-06-22 02:26:13,900 - SUAS - DEBUG - [SUAS_main.main:736] - Waiting for mode change to: AUTO
2025-06-22 02:26:14,402 - SUAS - DEBUG - [SUAS_main.main:736] - Waiting for mode change to: AUTO
2025-06-22 02:26:14,903 - SUAS - DEBUG - [SUAS_main.main:736] - Waiting for mode change to: AUTO
2025-06-22 02:26:15,405 - SUAS - DEBUG - [SUAS_main.main:736] - Waiting for mode change to: AUTO
2025-06-22 02:26:15,906 - SUAS - DEBUG - [SUAS_main.main:736] - Waiting for mode change to: AUTO
2025-06-22 02:26:16,408 - SUAS - DEBUG - [SUAS_main.main:736] - Waiting for mode change to: AUTO
2025-06-22 02:26:16,909 - SUAS - DEBUG - [SUAS_main.main:736] - Waiting for mode change to: AUTO
2025-06-22 02:26:17,411 - SUAS - DEBUG - [SUAS_main.main:736] - Waiting for mode change to: AUTO
2025-06-22 02:26:17,912 - SUAS - DEBUG - [SUAS_main.main:736] - Waiting for mode change to: AUTO
2025-06-22 02:26:18,413 - SUAS - DEBUG - [SUAS_main.main:736] - Waiting for mode change to: AUTO
2025-06-22 02:26:18,915 - SUAS - DEBUG - [SUAS_main.main:736] - Waiting for mode change to: AUTO
2025-06-22 02:26:19,416 - SUAS - DEBUG - [SUAS_main.main:736] - Waiting for mode change to: AUTO
2025-06-22 02:26:19,918 - SUAS - DEBUG - [SUAS_main.main:736] - Waiting for mode change to: AUTO
2025-06-22 02:26:20,419 - SUAS - DEBUG - [SUAS_main.main:736] - Waiting for mode change to: AUTO
2025-06-22 02:26:20,921 - SUAS - DEBUG - [SUAS_main.main:736] - Waiting for mode change to: AUTO
2025-06-22 02:26:21,422 - SUAS - DEBUG - [SUAS_main.main:736] - Waiting for mode change to: AUTO
2025-06-22 02:26:21,924 - SUAS - DEBUG - [SUAS_main.main:736] - Waiting for mode change to: AUTO
2025-06-22 02:26:22,425 - SUAS - DEBUG - [SUAS_main.main:736] - Waiting for mode change to: AUTO
2025-06-22 02:26:22,927 - SUAS - DEBUG - [SUAS_main.main:736] - Waiting for mode change to: AUTO
2025-06-22 02:26:23,428 - SUAS - DEBUG - [SUAS_main.main:736] - Waiting for mode change to: AUTO
2025-06-22 02:26:23,929 - SUAS - DEBUG - [SUAS_main.main:736] - Waiting for mode change to: AUTO
2025-06-22 02:26:24,430 - SUAS - DEBUG - [SUAS_main.main:736] - Waiting for mode change to: AUTO
2025-06-22 02:26:24,932 - SUAS - DEBUG - [SUAS_main.main:736] - Waiting for mode change to: AUTO
2025-06-22 02:26:25,433 - SUAS - DEBUG - [SUAS_main.main:736] - Waiting for mode change to: AUTO
2025-06-22 02:26:25,935 - SUAS - DEBUG - [SUAS_main.main:736] - Waiting for mode change to: AUTO
2025-06-22 02:26:26,436 - SUAS - DEBUG - [SUAS_main.main:736] - Waiting for mode change to: AUTO
2025-06-22 02:26:26,938 - SUAS - DEBUG - [SUAS_main.main:736] - Waiting for mode change to: AUTO
2025-06-22 02:26:27,439 - SUAS - DEBUG - [SUAS_main.main:736] - Waiting for mode change to: AUTO
2025-06-22 02:26:27,941 - SUAS - DEBUG - [SUAS_main.main:736] - Waiting for mode change to: AUTO
2025-06-22 02:26:28,442 - SUAS - DEBUG - [SUAS_main.main:736] - Waiting for mode change to: AUTO
2025-06-22 02:26:28,944 - SUAS - DEBUG - [SUAS_main.main:736] - Waiting for mode change to: AUTO
2025-06-22 02:26:29,445 - SUAS - DEBUG - [SUAS_main.main:736] - Waiting for mode change to: AUTO
2025-06-22 02:26:29,946 - SUAS - DEBUG - [SUAS_main.main:736] - Waiting for mode change to: AUTO
2025-06-22 02:26:30,448 - SUAS - DEBUG - [SUAS_main.main:736] - Waiting for mode change to: AUTO
2025-06-22 02:26:30,949 - SUAS - DEBUG - [SUAS_main.main:736] - Waiting for mode change to: AUTO
2025-06-22 02:26:31,450 - SUAS - DEBUG - [SUAS_main.main:736] - Waiting for mode change to: AUTO
2025-06-22 02:26:31,952 - SUAS - DEBUG - [SUAS_main.main:736] - Waiting for mode change to: AUTO
2025-06-22 02:26:32,453 - SUAS - DEBUG - [SUAS_main.main:736] - Waiting for mode change to: AUTO
2025-06-22 02:26:32,954 - SUAS - DEBUG - [SUAS_main.main:736] - Waiting for mode change to: AUTO
2025-06-22 02:26:33,456 - SUAS - DEBUG - [SUAS_main.main:736] - Waiting for mode change to: AUTO
2025-06-22 02:26:33,957 - SUAS - DEBUG - [SUAS_main.main:736] - Waiting for mode change to: AUTO
2025-06-22 02:26:34,458 - SUAS - DEBUG - [SUAS_main.main:736] - Waiting for mode change to: AUTO
2025-06-22 02:26:34,960 - SUAS - DEBUG - [SUAS_main.main:736] - Waiting for mode change to: AUTO
2025-06-22 02:26:35,462 - SUAS - DEBUG - [SUAS_main.main:736] - Waiting for mode change to: AUTO
2025-06-22 02:26:35,963 - SUAS - DEBUG - [SUAS_main.main:736] - Waiting for mode change to: AUTO
2025-06-22 02:26:36,464 - SUAS - DEBUG - [SUAS_main.main:736] - Waiting for mode change to: AUTO
2025-06-22 02:26:36,966 - SUAS - DEBUG - [SUAS_main.main:736] - Waiting for mode change to: AUTO
2025-06-22 02:26:37,467 - SUAS - DEBUG - [SUAS_main.main:736] - Waiting for mode change to: AUTO
2025-06-22 02:26:37,969 - SUAS - DEBUG - [SUAS_main.main:736] - Waiting for mode change to: AUTO
2025-06-22 02:26:38,470 - SUAS - DEBUG - [SUAS_main.main:736] - Waiting for mode change to: AUTO
2025-06-22 02:26:38,972 - SUAS - DEBUG - [SUAS_main.main:736] - Waiting for mode change to: AUTO
2025-06-22 02:26:39,473 - SUAS - DEBUG - [SUAS_main.main:736] - Waiting for mode change to: AUTO
2025-06-22 02:26:39,975 - SUAS - DEBUG - [SUAS_main.main:736] - Waiting for mode change to: AUTO
2025-06-22 02:26:40,477 - SUAS - DEBUG - [SUAS_main.main:736] - Waiting for mode change to: AUTO
2025-06-22 02:26:40,978 - SUAS - DEBUG - [SUAS_main.main:736] - Waiting for mode change to: AUTO
2025-06-22 02:26:41,480 - SUAS - DEBUG - [SUAS_main.main:736] - Waiting for mode change to: AUTO
2025-06-22 02:26:41,981 - SUAS - DEBUG - [SUAS_main.main:736] - Waiting for mode change to: AUTO
2025-06-22 02:26:42,483 - SUAS - DEBUG - [SUAS_main.main:736] - Waiting for mode change to: AUTO
2025-06-22 02:26:42,984 - SUAS - DEBUG - [SUAS_main.main:736] - Waiting for mode change to: AUTO
2025-06-22 02:26:43,485 - SUAS - DEBUG - [SUAS_main.main:736] - Waiting for mode change to: AUTO
2025-06-22 02:26:43,986 - SUAS - DEBUG - [SUAS_main.main:736] - Waiting for mode change to: AUTO
2025-06-22 02:26:44,488 - SUAS - DEBUG - [SUAS_main.main:736] - Waiting for mode change to: AUTO
2025-06-22 02:26:44,989 - SUAS - DEBUG - [SUAS_main.main:736] - Waiting for mode change to: AUTO
2025-06-22 02:26:45,490 - SUAS - DEBUG - [SUAS_main.main:736] - Waiting for mode change to: AUTO
2025-06-22 02:26:45,992 - SUAS - DEBUG - [SUAS_main.main:736] - Waiting for mode change to: AUTO
2025-06-22 02:26:46,493 - SUAS - DEBUG - [SUAS_main.main:736] - Waiting for mode change to: AUTO
2025-06-22 02:26:46,995 - SUAS - DEBUG - [SUAS_main.main:736] - Waiting for mode change to: AUTO
2025-06-22 02:26:47,496 - SUAS - DEBUG - [SUAS_main.main:736] - Waiting for mode change to: AUTO
2025-06-22 02:26:47,998 - SUAS - DEBUG - [SUAS_main.main:736] - Waiting for mode change to: AUTO
2025-06-22 02:26:48,500 - SUAS - DEBUG - [SUAS_main.main:736] - Waiting for mode change to: AUTO
2025-06-22 02:26:49,001 - SUAS - DEBUG - [SUAS_main.main:736] - Waiting for mode change to: AUTO
2025-06-22 02:26:49,502 - SUAS - DEBUG - [SUAS_main.main:736] - Waiting for mode change to: AUTO
2025-06-22 02:26:50,004 - SUAS - DEBUG - [SUAS_main.main:736] - Waiting for mode change to: AUTO
2025-06-22 02:26:50,505 - SUAS - DEBUG - [SUAS_main.main:736] - Waiting for mode change to: AUTO
2025-06-22 02:26:51,006 - SUAS - DEBUG - [SUAS_main.main:736] - Waiting for mode change to: AUTO
2025-06-22 02:26:51,508 - SUAS - DEBUG - [SUAS_main.main:736] - Waiting for mode change to: AUTO
2025-06-22 02:26:52,009 - SUAS - DEBUG - [SUAS_main.main:736] - Waiting for mode change to: AUTO
2025-06-22 02:26:52,510 - SUAS - DEBUG - [SUAS_main.main:736] - Waiting for mode change to: AUTO
2025-06-22 02:26:53,012 - SUAS - DEBUG - [SUAS_main.main:736] - Waiting for mode change to: AUTO
2025-06-22 02:26:53,513 - SUAS - DEBUG - [SUAS_main.main:736] - Waiting for mode change to: AUTO
2025-06-22 02:26:54,015 - SUAS - DEBUG - [SUAS_main.main:736] - Waiting for mode change to: AUTO
2025-06-22 02:26:54,516 - SUAS - DEBUG - [SUAS_main.main:736] - Waiting for mode change to: AUTO
2025-06-22 02:26:55,018 - SUAS - DEBUG - [SUAS_main.main:736] - Waiting for mode change to: AUTO
2025-06-22 02:26:55,520 - SUAS - DEBUG - [SUAS_main.main:736] - Waiting for mode change to: AUTO
2025-06-22 02:26:56,021 - SUAS - DEBUG - [SUAS_main.main:736] - Waiting for mode change to: AUTO
2025-06-22 02:26:56,522 - SUAS - DEBUG - [SUAS_main.main:736] - Waiting for mode change to: AUTO
2025-06-22 02:26:57,024 - SUAS - DEBUG - [SUAS_main.main:736] - Waiting for mode change to: AUTO
2025-06-22 02:26:57,525 - SUAS - DEBUG - [SUAS_main.main:736] - Waiting for mode change to: AUTO
2025-06-22 02:26:58,027 - SUAS - DEBUG - [SUAS_main.main:736] - Waiting for mode change to: AUTO
2025-06-22 02:26:58,528 - SUAS - DEBUG - [SUAS_main.main:736] - Waiting for mode change to: AUTO
2025-06-22 02:26:59,030 - SUAS - DEBUG - [SUAS_main.main:736] - Waiting for mode change to: AUTO
2025-06-22 02:26:59,531 - SUAS - DEBUG - [SUAS_main.main:736] - Waiting for mode change to: AUTO
2025-06-22 02:27:00,033 - SUAS - DEBUG - [SUAS_main.main:736] - Waiting for mode change to: AUTO
2025-06-22 02:27:00,534 - SUAS - DEBUG - [SUAS_main.main:736] - Waiting for mode change to: AUTO
2025-06-22 02:27:01,036 - SUAS - DEBUG - [SUAS_main.main:736] - Waiting for mode change to: AUTO
2025-06-22 02:27:01,537 - SUAS - DEBUG - [SUAS_main.main:736] - Waiting for mode change to: AUTO
2025-06-22 02:27:02,071 - SUAS - DEBUG - [SUAS_main.main:736] - Waiting for mode change to: AUTO
2025-06-22 02:27:02,572 - SUAS - DEBUG - [SUAS_main.main:736] - Waiting for mode change to: AUTO
2025-06-22 02:27:03,074 - SUAS - DEBUG - [SUAS_main.main:736] - Waiting for mode change to: AUTO
2025-06-22 02:27:03,576 - SUAS - DEBUG - [SUAS_main.main:736] - Waiting for mode change to: AUTO
2025-06-22 02:27:04,077 - SUAS - DEBUG - [SUAS_main.main:736] - Waiting for mode change to: AUTO
2025-06-22 02:27:04,578 - SUAS - DEBUG - [SUAS_main.main:736] - Waiting for mode change to: AUTO
2025-06-22 02:27:05,080 - SUAS - DEBUG - [SUAS_main.main:736] - Waiting for mode change to: AUTO
2025-06-22 02:27:05,581 - SUAS - DEBUG - [SUAS_main.main:736] - Waiting for mode change to: AUTO
2025-06-22 02:27:06,083 - SUAS - DEBUG - [SUAS_main.main:736] - Waiting for mode change to: AUTO
2025-06-22 02:27:06,584 - SUAS - DEBUG - [SUAS_main.main:736] - Waiting for mode change to: AUTO
2025-06-22 02:27:07,085 - SUAS - DEBUG - [SUAS_main.main:736] - Waiting for mode change to: AUTO
2025-06-22 02:27:07,587 - SUAS - DEBUG - [SUAS_main.main:736] - Waiting for mode change to: AUTO
2025-06-22 02:27:08,088 - SUAS - DEBUG - [SUAS_main.main:736] - Waiting for mode change to: AUTO
2025-06-22 02:27:08,589 - SUAS - DEBUG - [SUAS_main.main:736] - Waiting for mode change to: AUTO
2025-06-22 02:27:09,090 - SUAS - DEBUG - [SUAS_main.main:736] - Waiting for mode change to: AUTO
2025-06-22 02:27:09,592 - SUAS - DEBUG - [SUAS_main.main:736] - Waiting for mode change to: AUTO
2025-06-22 02:27:10,093 - SUAS - DEBUG - [SUAS_main.main:736] - Waiting for mode change to: AUTO
2025-06-22 02:27:10,594 - SUAS - DEBUG - [SUAS_main.main:736] - Waiting for mode change to: AUTO
2025-06-22 02:27:11,096 - SUAS - DEBUG - [SUAS_main.main:736] - Waiting for mode change to: AUTO
2025-06-22 02:27:11,598 - SUAS - DEBUG - [SUAS_main.main:736] - Waiting for mode change to: AUTO
2025-06-22 02:27:12,100 - SUAS - DEBUG - [SUAS_main.main:736] - Waiting for mode change to: AUTO
2025-06-22 02:27:12,601 - SUAS - DEBUG - [SUAS_main.main:736] - Waiting for mode change to: AUTO
2025-06-22 02:27:13,102 - SUAS - DEBUG - [SUAS_main.main:736] - Waiting for mode change to: AUTO
2025-06-22 02:27:13,604 - SUAS - DEBUG - [SUAS_main.main:736] - Waiting for mode change to: AUTO
2025-06-22 02:27:14,105 - SUAS - DEBUG - [SUAS_main.main:736] - Waiting for mode change to: AUTO
2025-06-22 02:27:14,606 - SUAS - DEBUG - [SUAS_main.main:736] - Waiting for mode change to: AUTO
2025-06-22 02:27:15,108 - SUAS - DEBUG - [SUAS_main.main:736] - Waiting for mode change to: AUTO
2025-06-22 02:27:15,609 - SUAS - DEBUG - [SUAS_main.main:736] - Waiting for mode change to: AUTO
2025-06-22 02:27:16,111 - SUAS - DEBUG - [SUAS_main.main:736] - Waiting for mode change to: AUTO
2025-06-22 02:27:16,612 - SUAS - DEBUG - [SUAS_main.main:736] - Waiting for mode change to: AUTO
2025-06-22 02:27:17,113 - SUAS - DEBUG - [SUAS_main.main:736] - Waiting for mode change to: AUTO
2025-06-22 02:27:17,614 - SUAS - DEBUG - [SUAS_main.main:736] - Waiting for mode change to: AUTO
2025-06-22 02:27:18,116 - SUAS - DEBUG - [SUAS_main.main:736] - Waiting for mode change to: AUTO
2025-06-22 02:27:18,618 - SUAS - DEBUG - [SUAS_main.main:736] - Waiting for mode change to: AUTO
2025-06-22 02:27:19,119 - SUAS - DEBUG - [SUAS_main.main:736] - Waiting for mode change to: AUTO
2025-06-22 02:27:19,620 - SUAS - DEBUG - [SUAS_main.main:736] - Waiting for mode change to: AUTO
2025-06-22 02:27:20,122 - SUAS - DEBUG - [SUAS_main.main:736] - Waiting for mode change to: AUTO
2025-06-22 02:27:20,623 - SUAS - DEBUG - [SUAS_main.main:736] - Waiting for mode change to: AUTO
2025-06-22 02:27:21,125 - SUAS - DEBUG - [SUAS_main.main:736] - Waiting for mode change to: AUTO
2025-06-22 02:27:21,626 - SUAS - DEBUG - [SUAS_main.main:736] - Waiting for mode change to: AUTO
2025-06-22 02:27:22,128 - SUAS - DEBUG - [SUAS_main.main:736] - Waiting for mode change to: AUTO
2025-06-22 02:27:22,629 - SUAS - DEBUG - [SUAS_main.main:736] - Waiting for mode change to: AUTO
2025-06-22 02:27:23,131 - SUAS - DEBUG - [SUAS_main.main:736] - Waiting for mode change to: AUTO
2025-06-22 02:27:23,632 - SUAS - DEBUG - [SUAS_main.main:736] - Waiting for mode change to: AUTO
2025-06-22 02:27:24,134 - SUAS - DEBUG - [SUAS_main.main:736] - Waiting for mode change to: AUTO
2025-06-22 02:27:24,635 - SUAS - DEBUG - [SUAS_main.main:736] - Waiting for mode change to: AUTO
2025-06-22 02:27:25,137 - SUAS - DEBUG - [SUAS_main.main:736] - Waiting for mode change to: AUTO
2025-06-22 02:27:25,639 - SUAS - DEBUG - [SUAS_main.main:736] - Waiting for mode change to: AUTO
2025-06-22 02:27:26,140 - SUAS - DEBUG - [SUAS_main.main:736] - Waiting for mode change to: AUTO
2025-06-22 02:27:26,641 - SUAS - DEBUG - [SUAS_main.main:736] - Waiting for mode change to: AUTO
2025-06-22 02:27:27,143 - SUAS - DEBUG - [SUAS_main.main:736] - Waiting for mode change to: AUTO
2025-06-22 02:27:27,645 - SUAS - DEBUG - [SUAS_main.main:736] - Waiting for mode change to: AUTO
2025-06-22 02:27:28,146 - SUAS - DEBUG - [SUAS_main.main:736] - Waiting for mode change to: AUTO
2025-06-22 02:27:28,648 - SUAS - DEBUG - [SUAS_main.main:736] - Waiting for mode change to: AUTO
2025-06-22 02:27:29,149 - SUAS - DEBUG - [SUAS_main.main:736] - Waiting for mode change to: AUTO
2025-06-22 02:27:29,650 - SUAS - DEBUG - [SUAS_main.main:736] - Waiting for mode change to: AUTO
2025-06-22 02:27:30,152 - SUAS - DEBUG - [SUAS_main.main:736] - Waiting for mode change to: AUTO
2025-06-22 02:27:30,654 - SUAS - DEBUG - [SUAS_main.main:736] - Waiting for mode change to: AUTO
2025-06-22 02:27:31,156 - SUAS - DEBUG - [SUAS_main.main:736] - Waiting for mode change to: AUTO
2025-06-22 02:27:31,657 - SUAS - DEBUG - [SUAS_main.main:736] - Waiting for mode change to: AUTO
2025-06-22 02:27:32,159 - SUAS - DEBUG - [SUAS_main.main:736] - Waiting for mode change to: AUTO
2025-06-22 02:27:32,660 - SUAS - DEBUG - [SUAS_main.main:736] - Waiting for mode change to: AUTO
2025-06-22 02:27:33,162 - SUAS - DEBUG - [SUAS_main.main:736] - Waiting for mode change to: AUTO
2025-06-22 02:27:33,663 - SUAS - DEBUG - [SUAS_main.main:736] - Waiting for mode change to: AUTO
2025-06-22 02:27:34,165 - SUAS - DEBUG - [SUAS_main.main:736] - Waiting for mode change to: AUTO
2025-06-22 02:27:34,666 - SUAS - DEBUG - [SUAS_main.main:736] - Waiting for mode change to: AUTO
2025-06-22 02:27:35,168 - SUAS - DEBUG - [SUAS_main.main:736] - Waiting for mode change to: AUTO
2025-06-22 02:27:35,669 - SUAS - DEBUG - [SUAS_main.main:736] - Waiting for mode change to: AUTO
2025-06-22 02:27:36,170 - SUAS - DEBUG - [SUAS_main.main:736] - Waiting for mode change to: AUTO
2025-06-22 02:27:36,672 - SUAS - DEBUG - [SUAS_main.main:736] - Waiting for mode change to: AUTO
2025-06-22 02:27:37,206 - SUAS - DEBUG - [SUAS_main.main:736] - Waiting for mode change to: AUTO
2025-06-22 02:27:37,708 - SUAS - DEBUG - [SUAS_main.main:736] - Waiting for mode change to: AUTO
2025-06-22 02:27:38,209 - SUAS - DEBUG - [SUAS_main.main:736] - Waiting for mode change to: AUTO
2025-06-22 02:27:38,710 - SUAS - DEBUG - [SUAS_main.main:736] - Waiting for mode change to: AUTO
2025-06-22 02:27:39,212 - SUAS - DEBUG - [SUAS_main.main:736] - Waiting for mode change to: AUTO
2025-06-22 02:27:39,714 - SUAS - DEBUG - [SUAS_main.main:736] - Waiting for mode change to: AUTO
2025-06-22 02:27:40,216 - SUAS - DEBUG - [SUAS_main.main:736] - Waiting for mode change to: AUTO
2025-06-22 02:27:40,717 - SUAS - DEBUG - [SUAS_main.main:736] - Waiting for mode change to: AUTO
2025-06-22 02:27:41,219 - SUAS - DEBUG - [SUAS_main.main:736] - Waiting for mode change to: AUTO
2025-06-22 02:27:41,720 - SUAS - DEBUG - [SUAS_main.main:736] - Waiting for mode change to: AUTO
2025-06-22 02:27:42,255 - SUAS - DEBUG - [SUAS_main.main:736] - Waiting for mode change to: AUTO
2025-06-22 02:27:42,756 - SUAS - DEBUG - [SUAS_main.main:736] - Waiting for mode change to: AUTO
2025-06-22 02:27:43,257 - SUAS - DEBUG - [SUAS_main.main:736] - Waiting for mode change to: AUTO
2025-06-22 02:27:43,759 - SUAS - DEBUG - [SUAS_main.main:736] - Waiting for mode change to: AUTO
2025-06-22 02:27:44,261 - SUAS - DEBUG - [SUAS_main.main:736] - Waiting for mode change to: AUTO
2025-06-22 02:27:44,762 - SUAS - DEBUG - [SUAS_main.main:736] - Waiting for mode change to: AUTO
2025-06-22 02:27:45,264 - SUAS - DEBUG - [SUAS_main.main:736] - Waiting for mode change to: AUTO
2025-06-22 02:27:45,765 - SUAS - DEBUG - [SUAS_main.main:736] - Waiting for mode change to: AUTO
2025-06-22 02:27:46,267 - SUAS - DEBUG - [SUAS_main.main:736] - Waiting for mode change to: AUTO
2025-06-22 02:27:46,768 - SUAS - DEBUG - [SUAS_main.main:736] - Waiting for mode change to: AUTO
2025-06-22 02:27:47,269 - SUAS - DEBUG - [SUAS_main.main:736] - Waiting for mode change to: AUTO
2025-06-22 02:27:47,771 - SUAS - DEBUG - [SUAS_main.main:736] - Waiting for mode change to: AUTO
2025-06-22 02:27:48,272 - SUAS - DEBUG - [SUAS_main.main:736] - Waiting for mode change to: AUTO
2025-06-22 02:27:48,774 - SUAS - DEBUG - [SUAS_main.main:736] - Waiting for mode change to: AUTO
2025-06-22 02:27:49,275 - SUAS - DEBUG - [SUAS_main.main:736] - Waiting for mode change to: AUTO
2025-06-22 02:27:49,777 - SUAS - DEBUG - [SUAS_main.main:736] - Waiting for mode change to: AUTO
2025-06-22 02:27:50,279 - SUAS - DEBUG - [SUAS_main.main:736] - Waiting for mode change to: AUTO
2025-06-22 02:27:50,780 - SUAS - DEBUG - [SUAS_main.main:736] - Waiting for mode change to: AUTO
2025-06-22 02:27:51,281 - SUAS - DEBUG - [SUAS_main.main:736] - Waiting for mode change to: AUTO
2025-06-22 02:27:51,783 - SUAS - DEBUG - [SUAS_main.main:736] - Waiting for mode change to: AUTO
2025-06-22 02:27:52,317 - SUAS - DEBUG - [SUAS_main.main:736] - Waiting for mode change to: AUTO
2025-06-22 02:27:52,818 - SUAS - DEBUG - [SUAS_main.main:736] - Waiting for mode change to: AUTO
2025-06-22 02:27:53,320 - SUAS - DEBUG - [SUAS_main.main:736] - Waiting for mode change to: AUTO
2025-06-22 02:27:53,821 - SUAS - DEBUG - [SUAS_main.main:736] - Waiting for mode change to: AUTO
2025-06-22 02:27:54,323 - SUAS - DEBUG - [SUAS_main.main:736] - Waiting for mode change to: AUTO
2025-06-22 02:27:54,824 - SUAS - DEBUG - [SUAS_main.main:736] - Waiting for mode change to: AUTO
2025-06-22 02:27:55,325 - SUAS - DEBUG - [SUAS_main.main:736] - Waiting for mode change to: AUTO
2025-06-22 02:27:55,827 - SUAS - DEBUG - [SUAS_main.main:736] - Waiting for mode change to: AUTO
2025-06-22 02:27:56,328 - SUAS - DEBUG - [SUAS_main.main:736] - Waiting for mode change to: AUTO
2025-06-22 02:27:56,829 - SUAS - DEBUG - [SUAS_main.main:736] - Waiting for mode change to: AUTO
2025-06-22 02:27:57,331 - SUAS - DEBUG - [SUAS_main.main:736] - Waiting for mode change to: AUTO
2025-06-22 02:27:57,832 - SUAS - DEBUG - [SUAS_main.main:736] - Waiting for mode change to: AUTO
2025-06-22 02:27:58,334 - SUAS - DEBUG - [SUAS_main.main:736] - Waiting for mode change to: AUTO
2025-06-22 02:27:58,835 - SUAS - DEBUG - [SUAS_main.main:736] - Waiting for mode change to: AUTO
2025-06-22 02:27:59,337 - SUAS - DEBUG - [SUAS_main.main:736] - Waiting for mode change to: AUTO
2025-06-22 02:27:59,838 - SUAS - DEBUG - [SUAS_main.main:736] - Waiting for mode change to: AUTO
2025-06-22 02:28:00,340 - SUAS - DEBUG - [SUAS_main.main:736] - Waiting for mode change to: AUTO
2025-06-22 02:28:00,841 - SUAS - DEBUG - [SUAS_main.main:736] - Waiting for mode change to: AUTO
2025-06-22 02:28:01,343 - SUAS - DEBUG - [SUAS_main.main:736] - Waiting for mode change to: AUTO
2025-06-22 02:28:01,844 - SUAS - DEBUG - [SUAS_main.main:736] - Waiting for mode change to: AUTO
2025-06-22 02:28:02,346 - SUAS - DEBUG - [SUAS_main.main:736] - Waiting for mode change to: AUTO
2025-06-22 02:28:02,847 - SUAS - DEBUG - [SUAS_main.main:736] - Waiting for mode change to: AUTO
2025-06-22 02:28:03,349 - SUAS - DEBUG - [SUAS_main.main:736] - Waiting for mode change to: AUTO
2025-06-22 02:28:03,850 - SUAS - DEBUG - [SUAS_main.main:736] - Waiting for mode change to: AUTO
2025-06-22 02:28:04,351 - SUAS - DEBUG - [SUAS_main.main:736] - Waiting for mode change to: AUTO
2025-06-22 02:28:04,853 - SUAS - DEBUG - [SUAS_main.main:736] - Waiting for mode change to: AUTO
2025-06-22 02:28:05,354 - SUAS - DEBUG - [SUAS_main.main:736] - Waiting for mode change to: AUTO
2025-06-22 02:28:05,856 - SUAS - DEBUG - [SUAS_main.main:736] - Waiting for mode change to: AUTO
2025-06-22 02:28:06,358 - SUAS - DEBUG - [SUAS_main.main:736] - Waiting for mode change to: AUTO
2025-06-22 02:28:06,859 - SUAS - DEBUG - [SUAS_main.main:736] - Waiting for mode change to: AUTO
2025-06-22 02:28:07,361 - SUAS - DEBUG - [SUAS_main.main:736] - Waiting for mode change to: AUTO
2025-06-22 02:28:07,862 - SUAS - DEBUG - [SUAS_main.main:736] - Waiting for mode change to: AUTO
2025-06-22 02:28:08,364 - SUAS - DEBUG - [SUAS_main.main:736] - Waiting for mode change to: AUTO
2025-06-22 02:28:08,865 - SUAS - DEBUG - [SUAS_main.main:736] - Waiting for mode change to: AUTO
2025-06-22 02:28:09,367 - SUAS - DEBUG - [SUAS_main.main:736] - Waiting for mode change to: AUTO
2025-06-22 02:28:09,868 - SUAS - DEBUG - [SUAS_main.main:736] - Waiting for mode change to: AUTO
2025-06-22 02:28:10,369 - SUAS - DEBUG - [SUAS_main.main:736] - Waiting for mode change to: AUTO
2025-06-22 02:28:10,871 - SUAS - DEBUG - [SUAS_main.main:736] - Waiting for mode change to: AUTO
2025-06-22 02:28:11,372 - SUAS - DEBUG - [SUAS_main.main:736] - Waiting for mode change to: AUTO
2025-06-22 02:28:11,874 - SUAS - DEBUG - [SUAS_main.main:736] - Waiting for mode change to: AUTO
2025-06-22 02:28:12,376 - SUAS - DEBUG - [SUAS_main.main:736] - Waiting for mode change to: AUTO
2025-06-22 02:28:12,877 - SUAS - DEBUG - [SUAS_main.main:736] - Waiting for mode change to: AUTO
2025-06-22 02:28:13,379 - SUAS - DEBUG - [SUAS_main.main:736] - Waiting for mode change to: AUTO
2025-06-22 02:28:13,880 - SUAS - DEBUG - [SUAS_main.main:736] - Waiting for mode change to: AUTO
2025-06-22 02:28:14,381 - SUAS - DEBUG - [SUAS_main.main:736] - Waiting for mode change to: AUTO
2025-06-22 02:28:14,883 - SUAS - DEBUG - [SUAS_main.main:736] - Waiting for mode change to: AUTO
2025-06-22 02:28:15,384 - SUAS - DEBUG - [SUAS_main.main:736] - Waiting for mode change to: AUTO
2025-06-22 02:28:15,885 - SUAS - DEBUG - [SUAS_main.main:736] - Waiting for mode change to: AUTO
2025-06-22 02:28:16,387 - SUAS - DEBUG - [SUAS_main.main:736] - Waiting for mode change to: AUTO
2025-06-22 02:28:16,888 - SUAS - DEBUG - [SUAS_main.main:736] - Waiting for mode change to: AUTO
2025-06-22 02:28:17,389 - SUAS - DEBUG - [SUAS_main.main:736] - Waiting for mode change to: AUTO
2025-06-22 02:28:17,891 - SUAS - DEBUG - [SUAS_main.main:736] - Waiting for mode change to: AUTO
2025-06-22 02:28:18,393 - SUAS - DEBUG - [SUAS_main.main:736] - Waiting for mode change to: AUTO
2025-06-22 02:28:18,894 - SUAS - DEBUG - [SUAS_main.main:736] - Waiting for mode change to: AUTO
2025-06-22 02:28:19,396 - SUAS - DEBUG - [SUAS_main.main:736] - Waiting for mode change to: AUTO
2025-06-22 02:28:19,897 - SUAS - DEBUG - [SUAS_main.main:736] - Waiting for mode change to: AUTO
2025-06-22 02:28:20,399 - SUAS - DEBUG - [SUAS_main.main:736] - Waiting for mode change to: AUTO
2025-06-22 02:28:20,900 - SUAS - DEBUG - [SUAS_main.main:736] - Waiting for mode change to: AUTO
2025-06-22 02:28:21,401 - SUAS - DEBUG - [SUAS_main.main:736] - Waiting for mode change to: AUTO
2025-06-22 02:28:21,902 - SUAS - DEBUG - [SUAS_main.main:736] - Waiting for mode change to: AUTO
2025-06-22 02:28:22,404 - SUAS - DEBUG - [SUAS_main.main:736] - Waiting for mode change to: AUTO
2025-06-22 02:28:22,905 - SUAS - DEBUG - [SUAS_main.main:736] - Waiting for mode change to: AUTO
2025-06-22 02:28:23,407 - SUAS - DEBUG - [SUAS_main.main:736] - Waiting for mode change to: AUTO
2025-06-22 02:28:23,908 - SUAS - DEBUG - [SUAS_main.main:736] - Waiting for mode change to: AUTO
2025-06-22 02:28:24,410 - SUAS - DEBUG - [SUAS_main.main:736] - Waiting for mode change to: AUTO
2025-06-22 02:28:24,911 - SUAS - DEBUG - [SUAS_main.main:736] - Waiting for mode change to: AUTO
2025-06-22 02:28:25,413 - SUAS - DEBUG - [SUAS_main.main:736] - Waiting for mode change to: AUTO
2025-06-22 02:28:25,915 - SUAS - DEBUG - [SUAS_main.main:736] - Waiting for mode change to: AUTO
2025-06-22 02:28:26,417 - SUAS - DEBUG - [SUAS_main.main:736] - Waiting for mode change to: AUTO
2025-06-22 02:28:26,918 - SUAS - DEBUG - [SUAS_main.main:736] - Waiting for mode change to: AUTO
2025-06-22 02:28:27,420 - SUAS - DEBUG - [SUAS_main.main:736] - Waiting for mode change to: AUTO
2025-06-22 02:28:27,921 - SUAS - DEBUG - [SUAS_main.main:736] - Waiting for mode change to: AUTO
2025-06-22 02:28:28,422 - SUAS - DEBUG - [SUAS_main.main:736] - Waiting for mode change to: AUTO
2025-06-22 02:28:28,924 - SUAS - DEBUG - [SUAS_main.main:736] - Waiting for mode change to: AUTO
2025-06-22 02:28:29,425 - SUAS - DEBUG - [SUAS_main.main:736] - Waiting for mode change to: AUTO
2025-06-22 02:28:29,926 - SUAS - DEBUG - [SUAS_main.main:736] - Waiting for mode change to: AUTO
2025-06-22 02:28:30,428 - SUAS - DEBUG - [SUAS_main.main:736] - Waiting for mode change to: AUTO
2025-06-22 02:28:30,929 - SUAS - DEBUG - [SUAS_main.main:736] - Waiting for mode change to: AUTO
2025-06-22 02:28:31,431 - SUAS - DEBUG - [SUAS_main.main:736] - Waiting for mode change to: AUTO
2025-06-22 02:28:31,932 - SUAS - DEBUG - [SUAS_main.main:736] - Waiting for mode change to: AUTO
2025-06-22 02:28:32,434 - SUAS - DEBUG - [SUAS_main.main:736] - Waiting for mode change to: AUTO
2025-06-22 02:28:32,935 - SUAS - DEBUG - [SUAS_main.main:736] - Waiting for mode change to: AUTO
2025-06-22 02:28:33,437 - SUAS - DEBUG - [SUAS_main.main:736] - Waiting for mode change to: AUTO
2025-06-22 02:28:33,939 - SUAS - DEBUG - [SUAS_main.main:736] - Waiting for mode change to: AUTO
2025-06-22 02:28:34,440 - SUAS - DEBUG - [SUAS_main.main:736] - Waiting for mode change to: AUTO
2025-06-22 02:28:34,941 - SUAS - DEBUG - [SUAS_main.main:736] - Waiting for mode change to: AUTO
2025-06-22 02:28:35,443 - SUAS - DEBUG - [SUAS_main.main:736] - Waiting for mode change to: AUTO
2025-06-22 02:28:35,944 - SUAS - DEBUG - [SUAS_main.main:736] - Waiting for mode change to: AUTO
2025-06-22 02:28:36,446 - SUAS - DEBUG - [SUAS_main.main:736] - Waiting for mode change to: AUTO
2025-06-22 02:28:36,947 - SUAS - DEBUG - [SUAS_main.main:736] - Waiting for mode change to: AUTO
2025-06-22 02:28:37,449 - SUAS - DEBUG - [SUAS_main.main:736] - Waiting for mode change to: AUTO
2025-06-22 02:28:37,950 - SUAS - DEBUG - [SUAS_main.main:736] - Waiting for mode change to: AUTO
2025-06-22 02:28:38,452 - SUAS - DEBUG - [SUAS_main.main:736] - Waiting for mode change to: AUTO
2025-06-22 02:28:38,954 - SUAS - DEBUG - [SUAS_main.main:736] - Waiting for mode change to: AUTO
2025-06-22 02:28:39,455 - SUAS - DEBUG - [SUAS_main.main:736] - Waiting for mode change to: AUTO
2025-06-22 02:28:39,957 - SUAS - DEBUG - [SUAS_main.main:736] - Waiting for mode change to: AUTO
2025-06-22 02:28:40,458 - SUAS - DEBUG - [SUAS_main.main:736] - Waiting for mode change to: AUTO
2025-06-22 02:28:40,960 - SUAS - DEBUG - [SUAS_main.main:736] - Waiting for mode change to: AUTO
2025-06-22 02:28:41,461 - SUAS - DEBUG - [SUAS_main.main:736] - Waiting for mode change to: AUTO
2025-06-22 02:28:41,963 - SUAS - DEBUG - [SUAS_main.main:736] - Waiting for mode change to: AUTO
2025-06-22 02:28:42,464 - SUAS - DEBUG - [SUAS_main.main:736] - Waiting for mode change to: AUTO
2025-06-22 02:28:42,965 - SUAS - DEBUG - [SUAS_main.main:736] - Waiting for mode change to: AUTO
2025-06-22 02:28:43,467 - SUAS - DEBUG - [SUAS_main.main:736] - Waiting for mode change to: AUTO
2025-06-22 02:28:43,968 - SUAS - DEBUG - [SUAS_main.main:736] - Waiting for mode change to: AUTO
2025-06-22 02:28:44,469 - SUAS - DEBUG - [SUAS_main.main:736] - Waiting for mode change to: AUTO
2025-06-22 02:28:44,971 - SUAS - DEBUG - [SUAS_main.main:736] - Waiting for mode change to: AUTO
2025-06-22 02:28:45,473 - SUAS - DEBUG - [SUAS_main.main:736] - Waiting for mode change to: AUTO
2025-06-22 02:28:45,975 - SUAS - DEBUG - [SUAS_main.main:736] - Waiting for mode change to: AUTO
2025-06-22 02:28:46,476 - SUAS - DEBUG - [SUAS_main.main:736] - Waiting for mode change to: AUTO
2025-06-22 02:28:46,978 - SUAS - DEBUG - [SUAS_main.main:736] - Waiting for mode change to: AUTO
2025-06-22 02:28:47,479 - SUAS - DEBUG - [SUAS_main.main:736] - Waiting for mode change to: AUTO
2025-06-22 02:28:47,980 - SUAS - DEBUG - [SUAS_main.main:736] - Waiting for mode change to: AUTO
2025-06-22 02:28:48,482 - SUAS - DEBUG - [SUAS_main.main:736] - Waiting for mode change to: AUTO
2025-06-22 02:28:48,983 - SUAS - DEBUG - [SUAS_main.main:736] - Waiting for mode change to: AUTO
2025-06-22 02:28:49,485 - SUAS - DEBUG - [SUAS_main.main:736] - Waiting for mode change to: AUTO
2025-06-22 02:28:49,986 - SUAS - DEBUG - [SUAS_main.main:736] - Waiting for mode change to: AUTO
2025-06-22 02:28:50,488 - SUAS - DEBUG - [SUAS_main.main:736] - Waiting for mode change to: AUTO
2025-06-22 02:28:50,989 - SUAS - DEBUG - [SUAS_main.main:736] - Waiting for mode change to: AUTO
2025-06-22 02:28:51,491 - SUAS - DEBUG - [SUAS_main.main:736] - Waiting for mode change to: AUTO
2025-06-22 02:28:51,992 - SUAS - DEBUG - [SUAS_main.main:736] - Waiting for mode change to: AUTO
2025-06-22 02:28:52,494 - SUAS - DEBUG - [SUAS_main.main:736] - Waiting for mode change to: AUTO
2025-06-22 02:28:52,996 - SUAS - DEBUG - [SUAS_main.main:736] - Waiting for mode change to: AUTO
2025-06-22 02:28:53,497 - SUAS - DEBUG - [SUAS_main.main:736] - Waiting for mode change to: AUTO
2025-06-22 02:28:53,999 - SUAS - DEBUG - [SUAS_main.main:736] - Waiting for mode change to: AUTO
2025-06-22 02:28:54,500 - SUAS - DEBUG - [SUAS_main.main:736] - Waiting for mode change to: AUTO
2025-06-22 02:28:55,002 - SUAS - DEBUG - [SUAS_main.main:736] - Waiting for mode change to: AUTO
2025-06-22 02:28:55,503 - SUAS - DEBUG - [SUAS_main.main:736] - Waiting for mode change to: AUTO
2025-06-22 02:28:56,005 - SUAS - DEBUG - [SUAS_main.main:736] - Waiting for mode change to: AUTO
2025-06-22 02:28:56,506 - SUAS - DEBUG - [SUAS_main.main:736] - Waiting for mode change to: AUTO
2025-06-22 02:28:57,008 - SUAS - DEBUG - [SUAS_main.main:736] - Waiting for mode change to: AUTO
2025-06-22 02:28:57,509 - SUAS - DEBUG - [SUAS_main.main:736] - Waiting for mode change to: AUTO
2025-06-22 02:28:58,011 - SUAS - DEBUG - [SUAS_main.main:736] - Waiting for mode change to: AUTO
2025-06-22 02:28:58,512 - SUAS - DEBUG - [SUAS_main.main:736] - Waiting for mode change to: AUTO
2025-06-22 02:28:59,014 - SUAS - DEBUG - [SUAS_main.main:736] - Waiting for mode change to: AUTO
2025-06-22 02:28:59,516 - SUAS - DEBUG - [SUAS_main.main:736] - Waiting for mode change to: AUTO
2025-06-22 02:29:00,017 - SUAS - DEBUG - [SUAS_main.main:736] - Waiting for mode change to: AUTO
2025-06-22 02:29:00,519 - SUAS - DEBUG - [SUAS_main.main:736] - Waiting for mode change to: AUTO
2025-06-22 02:29:01,020 - SUAS - DEBUG - [SUAS_main.main:736] - Waiting for mode change to: AUTO
2025-06-22 02:29:01,521 - SUAS - DEBUG - [SUAS_main.main:736] - Waiting for mode change to: AUTO
2025-06-22 02:29:02,022 - SUAS - DEBUG - [SUAS_main.main:736] - Waiting for mode change to: AUTO
2025-06-22 02:29:02,524 - SUAS - DEBUG - [SUAS_main.main:736] - Waiting for mode change to: AUTO
2025-06-22 02:29:03,025 - SUAS - DEBUG - [SUAS_main.main:736] - Waiting for mode change to: AUTO
2025-06-22 02:29:03,527 - SUAS - DEBUG - [SUAS_main.main:736] - Waiting for mode change to: AUTO
2025-06-22 02:29:04,028 - SUAS - DEBUG - [SUAS_main.main:736] - Waiting for mode change to: AUTO
2025-06-22 02:29:04,530 - SUAS - DEBUG - [SUAS_main.main:736] - Waiting for mode change to: AUTO
2025-06-22 02:29:05,031 - SUAS - DEBUG - [SUAS_main.main:736] - Waiting for mode change to: AUTO
2025-06-22 02:29:05,533 - SUAS - DEBUG - [SUAS_main.main:736] - Waiting for mode change to: AUTO
2025-06-22 02:29:06,034 - SUAS - DEBUG - [SUAS_main.main:736] - Waiting for mode change to: AUTO
2025-06-22 02:29:06,536 - SUAS - DEBUG - [SUAS_main.main:736] - Waiting for mode change to: AUTO
2025-06-22 02:29:07,037 - SUAS - DEBUG - [SUAS_main.main:736] - Waiting for mode change to: AUTO
2025-06-22 02:29:07,539 - SUAS - DEBUG - [SUAS_main.main:736] - Waiting for mode change to: AUTO
2025-06-22 02:29:08,040 - SUAS - DEBUG - [SUAS_main.main:736] - Waiting for mode change to: AUTO
2025-06-22 02:29:08,542 - SUAS - DEBUG - [SUAS_main.main:736] - Waiting for mode change to: AUTO
2025-06-22 02:29:09,043 - SUAS - DEBUG - [SUAS_main.main:736] - Waiting for mode change to: AUTO
2025-06-22 02:29:09,545 - SUAS - DEBUG - [SUAS_main.main:736] - Waiting for mode change to: AUTO
2025-06-22 02:29:10,046 - SUAS - DEBUG - [SUAS_main.main:736] - Waiting for mode change to: AUTO
2025-06-22 02:29:10,548 - SUAS - DEBUG - [SUAS_main.main:736] - Waiting for mode change to: AUTO
2025-06-22 02:29:11,049 - SUAS - DEBUG - [SUAS_main.main:736] - Waiting for mode change to: AUTO
2025-06-22 02:29:11,551 - SUAS - DEBUG - [SUAS_main.main:736] - Waiting for mode change to: AUTO
2025-06-22 02:29:12,052 - SUAS - DEBUG - [SUAS_main.main:736] - Waiting for mode change to: AUTO
2025-06-22 02:29:12,554 - SUAS - DEBUG - [SUAS_main.main:736] - Waiting for mode change to: AUTO
2025-06-22 02:29:13,055 - SUAS - DEBUG - [SUAS_main.main:736] - Waiting for mode change to: AUTO
2025-06-22 02:29:13,556 - SUAS - DEBUG - [SUAS_main.main:736] - Waiting for mode change to: AUTO
2025-06-22 02:29:14,058 - SUAS - DEBUG - [SUAS_main.main:736] - Waiting for mode change to: AUTO
2025-06-22 02:29:14,559 - SUAS - DEBUG - [SUAS_main.main:736] - Waiting for mode change to: AUTO
2025-06-22 02:29:15,061 - SUAS - DEBUG - [SUAS_main.main:736] - Waiting for mode change to: AUTO
2025-06-22 02:29:15,562 - SUAS - DEBUG - [SUAS_main.main:736] - Waiting for mode change to: AUTO
2025-06-22 02:29:16,064 - SUAS - DEBUG - [SUAS_main.main:736] - Waiting for mode change to: AUTO
2025-06-22 02:29:16,565 - SUAS - DEBUG - [SUAS_main.main:736] - Waiting for mode change to: AUTO
2025-06-22 02:29:17,067 - SUAS - DEBUG - [SUAS_main.main:736] - Waiting for mode change to: AUTO
2025-06-22 02:29:17,568 - SUAS - DEBUG - [SUAS_main.main:736] - Waiting for mode change to: AUTO
2025-06-22 02:29:17,771 - SUAS - DEBUG - [SUAS_main._rc_listener_thread:313] - WPNAV_SPEED changed: 600 → 800
2025-06-22 02:29:18,071 - SUAS - DEBUG - [SUAS_main.main:736] - Waiting for mode change to: AUTO
2025-06-22 02:29:18,573 - SUAS - DEBUG - [SUAS_main.main:736] - Waiting for mode change to: AUTO
2025-06-22 02:29:19,074 - SUAS - DEBUG - [SUAS_main.main:736] - Waiting for mode change to: AUTO
2025-06-22 02:29:19,576 - SUAS - DEBUG - [SUAS_main.main:736] - Waiting for mode change to: AUTO
2025-06-22 02:29:19,759 - SUAS - DEBUG - [SUAS_main.watcher:148] - Mode changed: ALT_HOLD -> POSHOLD
2025-06-22 02:29:19,759 - SUAS - DEBUG - [SUAS_main.pasue:121] - Pausing execution in mode: POSHOLD
2025-06-22 02:29:20,204 - SUAS - DEBUG - [SUAS_main.watcher:148] - Mode changed: POSHOLD -> ALT_HOLD
2025-06-22 02:29:20,204 - SUAS - DEBUG - [SUAS_main.on_mode_change:166] - Unhandled mode change: ALT_HOLD
2025-06-22 02:31:27,997 - SUAS - DEBUG - [SUAS_main._rc_listener_thread:313] - WPNAV_SPEED changed: 800 → 600
2025-06-22 02:34:25,986 - SUAS - DEBUG - [SUAS_main.watcher:148] - Mode changed: ALT_HOLD -> AUTO
2025-06-22 02:34:25,987 - SUAS - DEBUG - [SUAS_main.main:741] - Land Location: (38.8507506, -76.6997875, 0.041)
2025-06-22 02:34:25,988 - SUAS - DEBUG - [SUAS_main.main:742] - Mode: AUTO
2025-06-22 02:34:25,989 - SUAS - DEBUG - [SUAS_main.main:744] - aga ilk otoyol
2025-06-22 02:34:26,990 - SUAS - DEBUG - [SUAS_main.main:750] - next wp: 1
2025-06-22 02:34:26,992 - SUAS - DEBUG - [SUAS_main.main:751] - wp_num:6
2025-06-22 02:34:27,993 - SUAS - DEBUG - [SUAS_main.main:750] - next wp: 1
2025-06-22 02:34:27,994 - SUAS - DEBUG - [SUAS_main.main:751] - wp_num:6
2025-06-22 02:34:28,996 - SUAS - DEBUG - [SUAS_main.main:750] - next wp: 1
2025-06-22 02:34:28,997 - SUAS - DEBUG - [SUAS_main.main:751] - wp_num:6
2025-06-22 02:34:29,998 - SUAS - DEBUG - [SUAS_main.main:750] - next wp: 1
2025-06-22 02:34:29,999 - SUAS - DEBUG - [SUAS_main.main:751] - wp_num:6
2025-06-22 02:34:31,001 - SUAS - DEBUG - [SUAS_main.main:750] - next wp: 1
2025-06-22 02:34:31,002 - SUAS - DEBUG - [SUAS_main.main:751] - wp_num:6
2025-06-22 02:34:32,003 - SUAS - DEBUG - [SUAS_main.main:750] - next wp: 1
2025-06-22 02:34:32,004 - SUAS - DEBUG - [SUAS_main.main:751] - wp_num:6
2025-06-22 02:34:33,005 - SUAS - DEBUG - [SUAS_main.main:750] - next wp: 1
2025-06-22 02:34:33,006 - SUAS - DEBUG - [SUAS_main.main:751] - wp_num:6
2025-06-22 02:34:34,008 - SUAS - DEBUG - [SUAS_main.main:750] - next wp: 1
2025-06-22 02:34:34,009 - SUAS - DEBUG - [SUAS_main.main:751] - wp_num:6
2025-06-22 02:34:35,010 - SUAS - DEBUG - [SUAS_main.main:750] - next wp: 1
2025-06-22 02:34:35,011 - SUAS - DEBUG - [SUAS_main.main:751] - wp_num:6
2025-06-22 02:34:36,013 - SUAS - DEBUG - [SUAS_main.main:750] - next wp: 1
2025-06-22 02:34:36,014 - SUAS - DEBUG - [SUAS_main.main:751] - wp_num:6
2025-06-22 02:34:37,016 - SUAS - DEBUG - [SUAS_main.main:750] - next wp: 1
2025-06-22 02:34:37,016 - SUAS - DEBUG - [SUAS_main.main:751] - wp_num:6
2025-06-22 02:34:38,018 - SUAS - DEBUG - [SUAS_main.main:750] - next wp: 1
2025-06-22 02:34:38,019 - SUAS - DEBUG - [SUAS_main.main:751] - wp_num:6
2025-06-22 02:34:39,021 - SUAS - DEBUG - [SUAS_main.main:750] - next wp: 2
2025-06-22 02:34:39,022 - SUAS - DEBUG - [SUAS_main.main:751] - wp_num:6
2025-06-22 02:34:40,023 - SUAS - DEBUG - [SUAS_main.main:750] - next wp: 2
2025-06-22 02:34:40,024 - SUAS - DEBUG - [SUAS_main.main:751] - wp_num:6
2025-06-22 02:34:41,026 - SUAS - DEBUG - [SUAS_main.main:750] - next wp: 2
2025-06-22 02:34:41,027 - SUAS - DEBUG - [SUAS_main.main:751] - wp_num:6
2025-06-22 02:34:42,029 - SUAS - DEBUG - [SUAS_main.main:750] - next wp: 2
2025-06-22 02:34:42,030 - SUAS - DEBUG - [SUAS_main.main:751] - wp_num:6
2025-06-22 02:34:43,033 - SUAS - DEBUG - [SUAS_main.main:750] - next wp: 2
2025-06-22 02:34:43,034 - SUAS - DEBUG - [SUAS_main.main:751] - wp_num:6
2025-06-22 02:34:44,036 - SUAS - DEBUG - [SUAS_main.main:750] - next wp: 2
2025-06-22 02:34:44,037 - SUAS - DEBUG - [SUAS_main.main:751] - wp_num:6
2025-06-22 02:34:45,038 - SUAS - DEBUG - [SUAS_main.main:750] - next wp: 2
2025-06-22 02:34:45,039 - SUAS - DEBUG - [SUAS_main.main:751] - wp_num:6
2025-06-22 02:34:46,040 - SUAS - DEBUG - [SUAS_main.main:750] - next wp: 2
2025-06-22 02:34:46,041 - SUAS - DEBUG - [SUAS_main.main:751] - wp_num:6
2025-06-22 02:34:47,043 - SUAS - DEBUG - [SUAS_main.main:750] - next wp: 2
2025-06-22 02:34:47,044 - SUAS - DEBUG - [SUAS_main.main:751] - wp_num:6
2025-06-22 02:34:48,045 - SUAS - DEBUG - [SUAS_main.main:750] - next wp: 2
2025-06-22 02:34:48,046 - SUAS - DEBUG - [SUAS_main.main:751] - wp_num:6
2025-06-22 02:34:49,048 - SUAS - DEBUG - [SUAS_main.main:750] - next wp: 3
2025-06-22 02:34:49,049 - SUAS - DEBUG - [SUAS_main.main:751] - wp_num:6
2025-06-22 02:34:50,050 - SUAS - DEBUG - [SUAS_main.main:750] - next wp: 3
2025-06-22 02:34:50,052 - SUAS - DEBUG - [SUAS_main.main:751] - wp_num:6
2025-06-22 02:34:51,053 - SUAS - DEBUG - [SUAS_main.main:750] - next wp: 3
2025-06-22 02:34:51,054 - SUAS - DEBUG - [SUAS_main.main:751] - wp_num:6
2025-06-22 02:34:52,056 - SUAS - DEBUG - [SUAS_main.main:750] - next wp: 3
2025-06-22 02:34:52,057 - SUAS - DEBUG - [SUAS_main.main:751] - wp_num:6
2025-06-22 02:34:53,058 - SUAS - DEBUG - [SUAS_main.main:750] - next wp: 3
2025-06-22 02:34:53,059 - SUAS - DEBUG - [SUAS_main.main:751] - wp_num:6
2025-06-22 02:34:54,061 - SUAS - DEBUG - [SUAS_main.main:750] - next wp: 3
2025-06-22 02:34:54,062 - SUAS - DEBUG - [SUAS_main.main:751] - wp_num:6
2025-06-22 02:34:55,064 - SUAS - DEBUG - [SUAS_main.main:750] - next wp: 4
2025-06-22 02:34:55,065 - SUAS - DEBUG - [SUAS_main.main:751] - wp_num:6
2025-06-22 02:34:56,066 - SUAS - DEBUG - [SUAS_main.main:750] - next wp: 4
2025-06-22 02:34:56,067 - SUAS - DEBUG - [SUAS_main.main:751] - wp_num:6
2025-06-22 02:34:57,069 - SUAS - DEBUG - [SUAS_main.main:750] - next wp: 4
2025-06-22 02:34:57,071 - SUAS - DEBUG - [SUAS_main.main:751] - wp_num:6
2025-06-22 02:34:58,073 - SUAS - DEBUG - [SUAS_main.main:750] - next wp: 4
2025-06-22 02:34:58,074 - SUAS - DEBUG - [SUAS_main.main:751] - wp_num:6
2025-06-22 02:34:59,076 - SUAS - DEBUG - [SUAS_main.main:750] - next wp: 4
2025-06-22 02:34:59,077 - SUAS - DEBUG - [SUAS_main.main:751] - wp_num:6
2025-06-22 02:35:00,079 - SUAS - DEBUG - [SUAS_main.main:750] - next wp: 4
2025-06-22 02:35:00,080 - SUAS - DEBUG - [SUAS_main.main:751] - wp_num:6
2025-06-22 02:35:01,081 - SUAS - DEBUG - [SUAS_main.main:750] - next wp: 4
2025-06-22 02:35:01,082 - SUAS - DEBUG - [SUAS_main.main:751] - wp_num:6
2025-06-22 02:35:02,084 - SUAS - DEBUG - [SUAS_main.main:750] - next wp: 4
2025-06-22 02:35:02,084 - SUAS - DEBUG - [SUAS_main.main:751] - wp_num:6
2025-06-22 02:35:03,086 - SUAS - DEBUG - [SUAS_main.main:750] - next wp: 5
2025-06-22 02:35:03,087 - SUAS - DEBUG - [SUAS_main.main:751] - wp_num:6
2025-06-22 02:35:04,089 - SUAS - DEBUG - [SUAS_main.main:750] - next wp: 5
2025-06-22 02:35:04,090 - SUAS - DEBUG - [SUAS_main.main:751] - wp_num:6
2025-06-22 02:35:05,092 - SUAS - DEBUG - [SUAS_main.main:750] - next wp: 5
2025-06-22 02:35:05,093 - SUAS - DEBUG - [SUAS_main.main:751] - wp_num:6
2025-06-22 02:35:06,095 - SUAS - DEBUG - [SUAS_main.main:750] - next wp: 5
2025-06-22 02:35:06,096 - SUAS - DEBUG - [SUAS_main.main:751] - wp_num:6
2025-06-22 02:35:07,097 - SUAS - DEBUG - [SUAS_main.main:750] - next wp: 5
2025-06-22 02:35:07,098 - SUAS - DEBUG - [SUAS_main.main:751] - wp_num:6
2025-06-22 02:35:08,100 - SUAS - DEBUG - [SUAS_main.main:750] - next wp: 5
2025-06-22 02:35:08,101 - SUAS - DEBUG - [SUAS_main.main:751] - wp_num:6
2025-06-22 02:35:09,102 - SUAS - DEBUG - [SUAS_main.main:750] - next wp: 5
2025-06-22 02:35:09,103 - SUAS - DEBUG - [SUAS_main.main:751] - wp_num:6
2025-06-22 02:35:10,105 - SUAS - DEBUG - [SUAS_main.main:750] - next wp: 5
2025-06-22 02:35:10,106 - SUAS - DEBUG - [SUAS_main.main:751] - wp_num:6
2025-06-22 02:35:11,108 - SUAS - DEBUG - [SUAS_main.main:750] - next wp: 5
2025-06-22 02:35:11,108 - SUAS - DEBUG - [SUAS_main.main:751] - wp_num:6
2025-06-22 02:35:12,110 - SUAS - DEBUG - [SUAS_main.main:750] - next wp: 6
2025-06-22 02:35:12,112 - SUAS - DEBUG - [SUAS_main.main:751] - wp_num:6
2025-06-22 02:35:12,113 - SUAS - DEBUG - [SUAS_main.main:753] - Air Drop Stage
2025-06-22 02:35:13,627 - SUAS - DEBUG - [SUAS_main.watcher:148] - Mode changed: AUTO -> GUIDED
2025-06-22 02:35:13,627 - SUAS - DEBUG - [SUAS_main.on_mode_change:166] - Unhandled mode change: GUIDED
2025-06-22 02:35:13,666 - SUAS - DEBUG - [SUAS_main.main:761] - VehicleMode:GUIDED moduna geçildi
2025-06-22 02:35:15,172 - SUAS - DEBUG - [SUAS_main.start_scanning:479] - SET Yaw Behaviour: 0, Never change yaw
2025-06-22 02:35:16,674 - SUAS - DEBUG - [SUAS_main.start_scanning:488] - point to go: 38.8511427 -76.6995765
2025-06-22 02:35:16,675 - SUAS - DEBUG - [SUAS_main.start_scanning:490] - scanning noktasına gidiliyor: timestamp: 2025-06-22 02:35:16
2025-06-22 02:35:16,676 - SUAS - DEBUG - [SUAS_main.start_scanning:492] - simplegoto verildi: timestamp: 2025-06-22 02:35:16
2025-06-22 02:35:16,677 - SUAS - DEBUG - [SUAS_main.wait:320] - waite girildi timestamp: 2025-06-22 02:35:16
2025-06-22 02:35:16,778 - SUAS - DEBUG - [SUAS_main.wait:322] - Waiting for the vehicle to reach the target point...
2025-06-22 02:35:28,781 - SUAS - DEBUG - [SUAS_main.wait:331] - Reached the target point after the break
2025-06-22 02:35:28,782 - SUAS - DEBUG - [SUAS_main.start_scanning:494] - wait fonksiyonu bitti: timestamp: 2025-06-22 02:35:28
2025-06-22 02:35:28,783 - SUAS - DEBUG - [SUAS_main.start_scanning:495] - Reached the target point and going to take photo
2025-06-22 02:35:28,784 - SUAS - DEBUG - [SUAS_main.start_scanning:508] - fotoğraf çekilecek. timestamp: 2025-06-22 02:35:28
2025-06-22 02:35:30,988 - SUAS - DEBUG - [SUAS_main.take_photo_opencv:423] - Saved photo to images18/image_1.jpg
2025-06-22 02:35:30,989 - SUAS - DEBUG - [SUAS_main.start_scanning:515] - fotoğraf çekildi. timestamp: 2025-06-22 02:35:30
2025-06-22 02:35:31,490 - SUAS - DEBUG - [SUAS_main.start_scanning:488] - point to go: 38.8509765 -76.6996658
2025-06-22 02:35:31,491 - SUAS - DEBUG - [SUAS_main.start_scanning:490] - scanning noktasına gidiliyor: timestamp: 2025-06-22 02:35:31
2025-06-22 02:35:31,493 - SUAS - DEBUG - [SUAS_main.start_scanning:492] - simplegoto verildi: timestamp: 2025-06-22 02:35:31
2025-06-22 02:35:31,494 - SUAS - DEBUG - [SUAS_main.wait:320] - waite girildi timestamp: 2025-06-22 02:35:31
2025-06-22 02:35:31,595 - SUAS - DEBUG - [SUAS_main.wait:322] - Waiting for the vehicle to reach the target point...
2025-06-22 02:35:41,901 - SUAS - DEBUG - [SUAS_main.wait:331] - Reached the target point after the break
2025-06-22 02:35:41,903 - SUAS - DEBUG - [SUAS_main.start_scanning:494] - wait fonksiyonu bitti: timestamp: 2025-06-22 02:35:41
2025-06-22 02:35:41,904 - SUAS - DEBUG - [SUAS_main.start_scanning:495] - Reached the target point and going to take photo
2025-06-22 02:35:41,905 - SUAS - DEBUG - [SUAS_main.start_scanning:508] - fotoğraf çekilecek. timestamp: 2025-06-22 02:35:41
2025-06-22 02:35:42,762 - SUAS - DEBUG - [SUAS_main.take_photo_opencv:423] - Saved photo to images18/image_2.jpg
2025-06-22 02:35:42,766 - SUAS - DEBUG - [SUAS_main.start_scanning:515] - fotoğraf çekildi. timestamp: 2025-06-22 02:35:42
2025-06-22 02:35:43,267 - SUAS - DEBUG - [SUAS_main.start_scanning:488] - point to go: 38.8508395 -76.6997469
2025-06-22 02:35:43,268 - SUAS - DEBUG - [SUAS_main.start_scanning:490] - scanning noktasına gidiliyor: timestamp: 2025-06-22 02:35:43
2025-06-22 02:35:43,270 - SUAS - DEBUG - [SUAS_main.start_scanning:492] - simplegoto verildi: timestamp: 2025-06-22 02:35:43
2025-06-22 02:35:43,270 - SUAS - DEBUG - [SUAS_main.wait:320] - waite girildi timestamp: 2025-06-22 02:35:43
2025-06-22 02:35:43,371 - SUAS - DEBUG - [SUAS_main.wait:322] - Waiting for the vehicle to reach the target point...
2025-06-22 02:35:52,402 - SUAS - DEBUG - [SUAS_main.wait:331] - Reached the target point after the break
2025-06-22 02:35:52,403 - SUAS - DEBUG - [SUAS_main.start_scanning:494] - wait fonksiyonu bitti: timestamp: 2025-06-22 02:35:52
2025-06-22 02:35:52,404 - SUAS - DEBUG - [SUAS_main.start_scanning:495] - Reached the target point and going to take photo
2025-06-22 02:35:52,405 - SUAS - DEBUG - [SUAS_main.start_scanning:508] - fotoğraf çekilecek. timestamp: 2025-06-22 02:35:52
2025-06-22 02:35:53,300 - SUAS - DEBUG - [SUAS_main.take_photo_opencv:423] - Saved photo to images18/image_3.jpg
2025-06-22 02:35:53,304 - SUAS - DEBUG - [SUAS_main.start_scanning:515] - fotoğraf çekildi. timestamp: 2025-06-22 02:35:53
2025-06-22 02:35:53,805 - SUAS - DEBUG - [SUAS_main.start_scanning:488] - point to go: 38.8507058 -76.6998308
2025-06-22 02:35:53,806 - SUAS - DEBUG - [SUAS_main.start_scanning:490] - scanning noktasına gidiliyor: timestamp: 2025-06-22 02:35:53
2025-06-22 02:35:53,807 - SUAS - DEBUG - [SUAS_main.start_scanning:492] - simplegoto verildi: timestamp: 2025-06-22 02:35:53
2025-06-22 02:35:53,808 - SUAS - DEBUG - [SUAS_main.wait:320] - waite girildi timestamp: 2025-06-22 02:35:53
2025-06-22 02:35:53,909 - SUAS - DEBUG - [SUAS_main.wait:322] - Waiting for the vehicle to reach the target point...
2025-06-22 02:36:03,423 - SUAS - DEBUG - [SUAS_main.wait:331] - Reached the target point after the break
2025-06-22 02:36:03,424 - SUAS - DEBUG - [SUAS_main.start_scanning:494] - wait fonksiyonu bitti: timestamp: 2025-06-22 02:36:03
2025-06-22 02:36:03,425 - SUAS - DEBUG - [SUAS_main.start_scanning:495] - Reached the target point and going to take photo
2025-06-22 02:36:03,426 - SUAS - DEBUG - [SUAS_main.start_scanning:508] - fotoğraf çekilecek. timestamp: 2025-06-22 02:36:03
2025-06-22 02:36:04,295 - SUAS - DEBUG - [SUAS_main.take_photo_opencv:423] - Saved photo to images18/image_4.jpg
2025-06-22 02:36:04,298 - SUAS - DEBUG - [SUAS_main.start_scanning:515] - fotoğraf çekildi. timestamp: 2025-06-22 02:36:04
2025-06-22 02:36:04,800 - SUAS - DEBUG - [SUAS_main.start_scanning:488] - point to go: 38.8505558 -76.6999015
2025-06-22 02:36:04,801 - SUAS - DEBUG - [SUAS_main.start_scanning:490] - scanning noktasına gidiliyor: timestamp: 2025-06-22 02:36:04
2025-06-22 02:36:04,803 - SUAS - DEBUG - [SUAS_main.start_scanning:492] - simplegoto verildi: timestamp: 2025-06-22 02:36:04
2025-06-22 02:36:04,804 - SUAS - DEBUG - [SUAS_main.wait:320] - waite girildi timestamp: 2025-06-22 02:36:04
2025-06-22 02:36:04,905 - SUAS - DEBUG - [SUAS_main.wait:322] - Waiting for the vehicle to reach the target point...
2025-06-22 02:36:16,256 - SUAS - DEBUG - [SUAS_main.wait:331] - Reached the target point after the break
2025-06-22 02:36:16,257 - SUAS - DEBUG - [SUAS_main.start_scanning:494] - wait fonksiyonu bitti: timestamp: 2025-06-22 02:36:16
2025-06-22 02:36:16,258 - SUAS - DEBUG - [SUAS_main.start_scanning:495] - Reached the target point and going to take photo
2025-06-22 02:36:16,259 - SUAS - DEBUG - [SUAS_main.start_scanning:508] - fotoğraf çekilecek. timestamp: 2025-06-22 02:36:16
2025-06-22 02:36:17,138 - SUAS - DEBUG - [SUAS_main.take_photo_opencv:423] - Saved photo to images18/image_5.jpg
2025-06-22 02:36:17,143 - SUAS - DEBUG - [SUAS_main.start_scanning:515] - fotoğraf çekildi. timestamp: 2025-06-22 02:36:17
2025-06-22 02:36:17,644 - SUAS - DEBUG - [SUAS_main.start_scanning:488] - point to go: 38.8504058 -76.6999904
2025-06-22 02:36:17,645 - SUAS - DEBUG - [SUAS_main.start_scanning:490] - scanning noktasına gidiliyor: timestamp: 2025-06-22 02:36:17
2025-06-22 02:36:17,647 - SUAS - DEBUG - [SUAS_main.start_scanning:492] - simplegoto verildi: timestamp: 2025-06-22 02:36:17
2025-06-22 02:36:17,648 - SUAS - DEBUG - [SUAS_main.wait:320] - waite girildi timestamp: 2025-06-22 02:36:17
2025-06-22 02:36:17,749 - SUAS - DEBUG - [SUAS_main.wait:322] - Waiting for the vehicle to reach the target point...
2025-06-22 02:36:28,323 - SUAS - DEBUG - [SUAS_main.wait:331] - Reached the target point after the break
2025-06-22 02:36:28,324 - SUAS - DEBUG - [SUAS_main.start_scanning:494] - wait fonksiyonu bitti: timestamp: 2025-06-22 02:36:28
2025-06-22 02:36:28,325 - SUAS - DEBUG - [SUAS_main.start_scanning:495] - Reached the target point and going to take photo
2025-06-22 02:36:28,326 - SUAS - DEBUG - [SUAS_main.start_scanning:508] - fotoğraf çekilecek. timestamp: 2025-06-22 02:36:28
2025-06-22 02:36:29,185 - SUAS - DEBUG - [SUAS_main.take_photo_opencv:423] - Saved photo to images18/image_6.jpg
2025-06-22 02:36:29,189 - SUAS - DEBUG - [SUAS_main.start_scanning:515] - fotoğraf çekildi. timestamp: 2025-06-22 02:36:29
2025-06-22 02:36:29,206 - SUAS - DEBUG - [SUAS_main.start_scanning:526] - position_data18.csv dosyası ya mevcut değil ya da zaten boş.
2025-06-22 02:36:29,222 - SUAS - DEBUG - [SUAS_main.start_scanning:529] - Position data saved to position_data18.csv
2025-06-22 02:36:34,517 - SUAS - DEBUG - [SUAS_main.start_scanning:541] - SET Yaw Behaviour: 0, Face next waypoint
2025-06-22 02:36:34,519 - SUAS - DEBUG - [SUAS_main.main:777] - Image processing done
2025-06-22 02:36:34,521 - SUAS - DEBUG - [SUAS_main.main:783] - Waiting for 'cf_done' signal...
2025-06-22 02:36:35,670 - SUAS - DEBUG - [SUAS_main._rc_listener_thread:313] - WPNAV_SPEED changed: 600 → 800
2025-06-22 02:36:36,524 - SUAS - DEBUG - [SUAS_main.main:792] - CF DONE
2025-06-22 02:36:36,544 - SUAS - DEBUG - [SUAS_main.main:803] - best_rois: [(38.85043227096417, -76.70001388069333), (38.85104406244592, -76.69963684717483), (38.85086868211877, -76.69977166946367), (38.851084320962585, -76.6996208212477)]
2025-06-22 02:36:36,546 - SUAS - DEBUG - [SUAS_main.real_drop:556] - konuma gidiliyor: (38.85043227096417, -76.70001388069333)
2025-06-22 02:36:36,548 - SUAS - DEBUG - [SUAS_main.wait:320] - waite girildi timestamp: 2025-06-22 02:36:36
2025-06-22 02:36:36,650 - SUAS - DEBUG - [SUAS_main.wait:322] - Waiting for the vehicle to reach the target point...
2025-06-22 02:36:37,422 - SUAS - DEBUG - [SUAS_main._rc_listener_thread:313] - WPNAV_SPEED changed: 800 → 1200
2025-06-22 02:36:46,588 - SUAS - DEBUG - [SUAS_main.wait:331] - Reached the target point after the break
2025-06-22 02:36:46,590 - SUAS - DEBUG - [SUAS_main.set_servo:270] - set_servo function has successfully executed. With arguments: Channel: 14, PWM Value: 1400
2025-06-22 02:36:46,591 - SUAS - DEBUG - [SUAS_main.real_drop:572] - Servo activated: channel=(14, 1400)
2025-06-22 02:36:47,648 - SUAS - DEBUG - [SUAS_main._rc_listener_thread:313] - WPNAV_SPEED changed: 1200 → 600
2025-06-22 02:36:48,594 - SUAS - DEBUG - [SUAS_main.set_servo:270] - set_servo function has successfully executed. With arguments: Channel: 14, PWM Value: 0
2025-06-22 02:36:48,595 - SUAS - DEBUG - [SUAS_main.real_drop:575] - Servo deactivated: channel=14
2025-06-22 02:37:13,775 - SUAS - DEBUG - [SUAS_main._rc_listener_thread:313] - WPNAV_SPEED changed: 600 → 1200
2025-06-22 02:38:12,385 - SUAS - DEBUG - [SUAS_main.real_drop:556] - konuma gidiliyor: (38.85104406244592, -76.69963684717483)
2025-06-22 02:38:12,387 - SUAS - DEBUG - [SUAS_main.wait:320] - waite girildi timestamp: 2025-06-22 02:38:12
2025-06-22 02:38:12,488 - SUAS - DEBUG - [SUAS_main.wait:322] - Waiting for the vehicle to reach the target point...
2025-06-22 02:38:34,981 - SUAS - DEBUG - [SUAS_main.wait:331] - Reached the target point after the break
2025-06-22 02:38:34,983 - SUAS - DEBUG - [SUAS_main.set_servo:270] - set_servo function has successfully executed. With arguments: Channel: 14, PWM Value: 1650
2025-06-22 02:38:34,984 - SUAS - DEBUG - [SUAS_main.real_drop:572] - Servo activated: channel=(14, 1650)
2025-06-22 02:38:36,988 - SUAS - DEBUG - [SUAS_main.set_servo:270] - set_servo function has successfully executed. With arguments: Channel: 14, PWM Value: 0
2025-06-22 02:38:36,989 - SUAS - DEBUG - [SUAS_main.real_drop:575] - Servo deactivated: channel=14
2025-06-22 02:39:26,037 - SUAS - DEBUG - [SUAS_main.real_drop:556] - konuma gidiliyor: (38.85086868211877, -76.69977166946367)
2025-06-22 02:39:26,039 - SUAS - DEBUG - [SUAS_main.wait:320] - waite girildi timestamp: 2025-06-22 02:39:26
2025-06-22 02:39:26,140 - SUAS - DEBUG - [SUAS_main.wait:322] - Waiting for the vehicle to reach the target point...
2025-06-22 02:39:36,220 - SUAS - DEBUG - [SUAS_main.wait:331] - Reached the target point after the break
2025-06-22 02:39:36,222 - SUAS - DEBUG - [SUAS_main.set_servo:270] - set_servo function has successfully executed. With arguments: Channel: 14, PWM Value: 1900
2025-06-22 02:39:36,223 - SUAS - DEBUG - [SUAS_main.real_drop:572] - Servo activated: channel=(14, 1900)
2025-06-22 02:39:38,227 - SUAS - DEBUG - [SUAS_main.set_servo:270] - set_servo function has successfully executed. With arguments: Channel: 14, PWM Value: 0
2025-06-22 02:39:38,228 - SUAS - DEBUG - [SUAS_main.real_drop:575] - Servo deactivated: channel=14
2025-06-22 02:40:27,269 - SUAS - DEBUG - [SUAS_main.real_drop:556] - konuma gidiliyor: (38.851084320962585, -76.6996208212477)
2025-06-22 02:40:27,272 - SUAS - DEBUG - [SUAS_main.wait:320] - waite girildi timestamp: 2025-06-22 02:40:27
2025-06-22 02:40:27,373 - SUAS - DEBUG - [SUAS_main.wait:322] - Waiting for the vehicle to reach the target point...
2025-06-22 02:40:31,918 - SUAS - DEBUG - [SUAS_main.watcher:148] - Mode changed: GUIDED -> POSHOLD
2025-06-22 02:40:31,944 - SUAS - DEBUG - [SUAS_main.pasue:121] - Pausing execution in mode: POSHOLD
2025-06-22 02:41:55,083 - SUAS - DEBUG - [SUAS_main.watcher:148] - Mode changed: POSHOLD -> AUTO
2025-06-22 02:42:03,950 - SUAS - DEBUG - [SUAS_main.watcher:148] - Mode changed: AUTO -> POSHOLD
2025-06-22 02:42:03,966 - SUAS - DEBUG - [SUAS_main.pasue:121] - Pausing execution in mode: POSHOLD
2025-06-22 02:42:16,918 - SUAS - DEBUG - [SUAS_main.watcher:148] - Mode changed: POSHOLD -> GUIDED
2025-06-22 02:42:16,919 - SUAS - DEBUG - [SUAS_main.resume:128] - Resuming at last waypoint: (38.851084320962585, -76.6996208212477, 17)
2025-06-22 02:42:24,648 - SUAS - DEBUG - [SUAS_main.wait:331] - Reached the target point after the break
2025-06-22 02:42:24,650 - SUAS - DEBUG - [SUAS_main.set_servo:270] - set_servo function has successfully executed. With arguments: Channel: 14, PWM Value: 1100
2025-06-22 02:42:24,651 - SUAS - DEBUG - [SUAS_main.real_drop:572] - Servo activated: channel=(14, 1100)
2025-06-22 02:42:26,654 - SUAS - DEBUG - [SUAS_main.set_servo:270] - set_servo function has successfully executed. With arguments: Channel: 14, PWM Value: 0
2025-06-22 02:42:26,655 - SUAS - DEBUG - [SUAS_main.real_drop:575] - Servo deactivated: channel=14
2025-06-22 02:43:07,419 - SUAS - DEBUG - [SUAS_main.land:278] - Landing...
2025-06-22 02:43:07,421 - SUAS - DEBUG - [SUAS_main.main:836] - Landing completed
2025-06-22 02:43:07,422 - SUAS - DEBUG - [SUAS_main.main:837] - Görev tamamlandı
2025-06-22 02:43:07,428 - SUAS - DEBUG - [SUAS_main.watcher:148] - Mode changed: GUIDED -> LAND
2025-06-22 02:43:07,428 - SUAS - DEBUG - [SUAS_main.pasue:121] - Pausing execution in mode: LAND
