2025-06-11 21:01:27,622 - SUAS - DEBUG - [SUAS_main.__init__:204] - (-35.3632621, 149.1652375, 9.999)
2025-06-11 21:01:27,623 - SUAS - DEBUG - [SUAS_main.__init__:210] - Opening camera with pipeline:
nvarguscamerasrc sensor-id=0 aelock=false awblock=true wbmode=0 exposurecompensation=-1 ! video/x-raw(memory:NVMM), width=(int)3840, height=(int)2160, framerate=(fraction)29/1 ! nvvidconv flip-method=0 ! video/x-raw, format=(string)BGRx ! videoconvert ! video/x-raw, format=(string)BGR ! appsink
2025-06-11 21:01:28,485 - SUAS - DEBUG - [SUAS_main.__init__:104] - Initial flight mode: GUIDED
2025-06-11 21:01:31,419 - SUAS - DEBUG - [SUAS_main.main:535] - Download Waypoints - Completed
2025-06-11 21:01:31,421 - SUAS - DEBUG - [SUAS_main.main:538] - WP SET TO 1
2025-06-11 21:01:32,424 - SUAS - DEBUG - [SUAS_main.main:543] - waypoint required 
2025-06-11 21:01:32,476 - SUAS - DEBUG - [SUAS_main.main:543] - waypoint required 
2025-06-11 21:01:32,528 - SUAS - DEBUG - [SUAS_main.main:543] - waypoint required 
2025-06-11 21:01:32,579 - SUAS - DEBUG - [SUAS_main.main:543] - waypoint required 
2025-06-11 21:01:32,631 - SUAS - DEBUG - [SUAS_main.main:543] - waypoint required 
2025-06-11 21:01:32,683 - SUAS - DEBUG - [SUAS_main.main:543] - waypoint required 
2025-06-11 21:01:32,736 - SUAS - DEBUG - [SUAS_main.main:543] - waypoint required 
2025-06-11 21:01:32,787 - SUAS - DEBUG - [SUAS_main.main:543] - waypoint required 
2025-06-11 21:01:32,839 - SUAS - DEBUG - [SUAS_main.main:543] - waypoint required 
2025-06-11 21:01:32,890 - SUAS - DEBUG - [SUAS_main.main:543] - waypoint required 
2025-06-11 21:01:32,941 - SUAS - DEBUG - [SUAS_main.main:543] - waypoint required 
2025-06-11 21:01:32,992 - SUAS - DEBUG - [SUAS_main.main:543] - waypoint required 
2025-06-11 21:01:33,044 - SUAS - DEBUG - [SUAS_main.main:543] - waypoint required 
2025-06-11 21:01:33,095 - SUAS - DEBUG - [SUAS_main.main:543] - waypoint required 
2025-06-11 21:01:33,146 - SUAS - DEBUG - [SUAS_main.main:543] - waypoint required 
2025-06-11 21:01:33,197 - SUAS - DEBUG - [SUAS_main.main:543] - waypoint required 
2025-06-11 21:01:33,248 - SUAS - DEBUG - [SUAS_main.main:543] - waypoint required 
2025-06-11 21:01:33,300 - SUAS - DEBUG - [SUAS_main.main:543] - waypoint required 
2025-06-11 21:01:33,351 - SUAS - DEBUG - [SUAS_main.main:543] - waypoint required 
2025-06-11 21:01:33,402 - SUAS - DEBUG - [SUAS_main.main:543] - waypoint required 
2025-06-11 21:01:33,453 - SUAS - DEBUG - [SUAS_main.main:543] - waypoint required 
2025-06-11 21:01:33,505 - SUAS - DEBUG - [SUAS_main.main:543] - waypoint required 
2025-06-11 21:01:33,556 - SUAS - DEBUG - [SUAS_main.main:543] - waypoint required 
2025-06-11 21:01:33,609 - SUAS - DEBUG - [SUAS_main.main:543] - waypoint required 
2025-06-11 21:01:33,660 - SUAS - DEBUG - [SUAS_main.main:543] - waypoint required 
2025-06-11 21:01:33,711 - SUAS - DEBUG - [SUAS_main.main:543] - waypoint required 
2025-06-11 21:01:33,763 - SUAS - DEBUG - [SUAS_main.main:543] - waypoint required 
2025-06-11 21:01:33,815 - SUAS - DEBUG - [SUAS_main.main:543] - waypoint required 
2025-06-11 21:01:33,866 - SUAS - DEBUG - [SUAS_main.main:543] - waypoint required 
2025-06-11 21:01:33,917 - SUAS - DEBUG - [SUAS_main.main:543] - waypoint required 
2025-06-11 21:01:33,970 - SUAS - DEBUG - [SUAS_main.main:543] - waypoint required 
2025-06-11 21:01:34,022 - SUAS - DEBUG - [SUAS_main.main:543] - waypoint required 
2025-06-11 21:01:34,073 - SUAS - DEBUG - [SUAS_main.main:543] - waypoint required 
2025-06-11 21:01:34,124 - SUAS - DEBUG - [SUAS_main.main:543] - waypoint required 
2025-06-11 21:01:34,175 - SUAS - DEBUG - [SUAS_main.main:543] - waypoint required 
2025-06-11 21:01:34,227 - SUAS - DEBUG - [SUAS_main.main:543] - waypoint required 
2025-06-11 21:01:34,278 - SUAS - DEBUG - [SUAS_main.main:543] - waypoint required 
2025-06-11 21:01:34,330 - SUAS - DEBUG - [SUAS_main.main:543] - waypoint required 
2025-06-11 21:01:34,382 - SUAS - DEBUG - [SUAS_main.main:543] - waypoint required 
2025-06-11 21:01:34,433 - SUAS - DEBUG - [SUAS_main.main:543] - waypoint required 
2025-06-11 21:01:34,485 - SUAS - DEBUG - [SUAS_main.main:543] - waypoint required 
2025-06-11 21:01:34,536 - SUAS - DEBUG - [SUAS_main.main:543] - waypoint required 
2025-06-11 21:01:34,588 - SUAS - DEBUG - [SUAS_main.main:543] - waypoint required 
2025-06-11 21:01:34,639 - SUAS - DEBUG - [SUAS_main.main:543] - waypoint required 
2025-06-11 21:01:34,690 - SUAS - DEBUG - [SUAS_main.main:543] - waypoint required 
2025-06-11 21:01:34,742 - SUAS - DEBUG - [SUAS_main.main:543] - waypoint required 
2025-06-11 21:01:34,793 - SUAS - DEBUG - [SUAS_main.main:543] - waypoint required 
2025-06-11 21:01:34,844 - SUAS - DEBUG - [SUAS_main.main:543] - waypoint required 
2025-06-11 21:01:34,897 - SUAS - DEBUG - [SUAS_main.main:543] - waypoint required 
2025-06-11 21:01:34,950 - SUAS - DEBUG - [SUAS_main.main:543] - waypoint required 
2025-06-11 21:01:35,001 - SUAS - DEBUG - [SUAS_main.main:543] - waypoint required 
2025-06-11 21:01:35,053 - SUAS - DEBUG - [SUAS_main.main:543] - waypoint required 
2025-06-11 21:01:35,104 - SUAS - DEBUG - [SUAS_main.main:543] - waypoint required 
2025-06-11 21:01:35,156 - SUAS - DEBUG - [SUAS_main.main:543] - waypoint required 
2025-06-11 21:01:35,207 - SUAS - DEBUG - [SUAS_main.main:543] - waypoint required 
2025-06-11 21:01:35,260 - SUAS - DEBUG - [SUAS_main.main:543] - waypoint required 
2025-06-11 21:01:35,312 - SUAS - DEBUG - [SUAS_main.main:543] - waypoint required 
2025-06-11 21:01:35,364 - SUAS - DEBUG - [SUAS_main.main:543] - waypoint required 
2025-06-11 21:01:35,416 - SUAS - DEBUG - [SUAS_main.main:543] - waypoint required 
2025-06-11 21:01:35,469 - SUAS - DEBUG - [SUAS_main.main:543] - waypoint required 
2025-06-11 21:01:35,520 - SUAS - DEBUG - [SUAS_main.main:543] - waypoint required 
2025-06-11 21:01:35,571 - SUAS - DEBUG - [SUAS_main.main:543] - waypoint required 
2025-06-11 21:01:35,623 - SUAS - DEBUG - [SUAS_main.main:543] - waypoint required 
2025-06-11 21:01:35,674 - SUAS - DEBUG - [SUAS_main.main:543] - waypoint required 
2025-06-11 21:01:35,725 - SUAS - DEBUG - [SUAS_main.main:543] - waypoint required 
2025-06-11 21:01:35,777 - SUAS - DEBUG - [SUAS_main.main:543] - waypoint required 
2025-06-11 21:01:35,828 - SUAS - DEBUG - [SUAS_main.main:543] - waypoint required 
2025-06-11 21:01:35,880 - SUAS - DEBUG - [SUAS_main.main:543] - waypoint required 
2025-06-11 21:01:35,932 - SUAS - DEBUG - [SUAS_main.main:543] - waypoint required 
2025-06-11 21:01:35,986 - SUAS - DEBUG - [SUAS_main.main:543] - waypoint required 
2025-06-11 21:01:36,038 - SUAS - DEBUG - [SUAS_main.main:543] - waypoint required 
2025-06-11 21:01:36,089 - SUAS - DEBUG - [SUAS_main.main:543] - waypoint required 
2025-06-11 21:01:36,141 - SUAS - DEBUG - [SUAS_main.main:543] - waypoint required 
2025-06-11 21:01:36,193 - SUAS - DEBUG - [SUAS_main.main:543] - waypoint required 
2025-06-11 21:01:36,245 - SUAS - DEBUG - [SUAS_main.main:543] - waypoint required 
2025-06-11 21:01:36,297 - SUAS - DEBUG - [SUAS_main.main:543] - waypoint required 
2025-06-11 21:01:36,348 - SUAS - DEBUG - [SUAS_main.main:543] - waypoint required 
2025-06-11 21:01:36,400 - SUAS - DEBUG - [SUAS_main.main:543] - waypoint required 
2025-06-11 21:01:36,451 - SUAS - DEBUG - [SUAS_main.main:543] - waypoint required 
2025-06-11 21:01:36,503 - SUAS - DEBUG - [SUAS_main.main:543] - waypoint required 
2025-06-11 21:01:36,555 - SUAS - DEBUG - [SUAS_main.main:543] - waypoint required 
2025-06-11 21:01:36,607 - SUAS - DEBUG - [SUAS_main.main:543] - waypoint required 
2025-06-11 21:01:36,661 - SUAS - DEBUG - [SUAS_main.main:543] - waypoint required 
2025-06-11 21:01:36,713 - SUAS - DEBUG - [SUAS_main.main:543] - waypoint required 
2025-06-11 21:01:36,765 - SUAS - DEBUG - [SUAS_main.main:543] - waypoint required 
2025-06-11 21:01:36,816 - SUAS - DEBUG - [SUAS_main.main:543] - waypoint required 
2025-06-11 21:01:36,868 - SUAS - DEBUG - [SUAS_main.main:543] - waypoint required 
2025-06-11 21:01:36,920 - SUAS - DEBUG - [SUAS_main.main:543] - waypoint required 
2025-06-11 21:01:36,972 - SUAS - DEBUG - [SUAS_main.main:543] - waypoint required 
2025-06-11 21:01:37,024 - SUAS - DEBUG - [SUAS_main.main:543] - waypoint required 
2025-06-11 21:01:37,077 - SUAS - DEBUG - [SUAS_main.main:543] - waypoint required 
2025-06-11 21:01:37,129 - SUAS - DEBUG - [SUAS_main.main:543] - waypoint required 
2025-06-11 21:01:37,181 - SUAS - DEBUG - [SUAS_main.main:543] - waypoint required 
2025-06-11 21:01:37,233 - SUAS - DEBUG - [SUAS_main.main:543] - waypoint required 
2025-06-11 21:01:37,286 - SUAS - DEBUG - [SUAS_main.main:543] - waypoint required 
2025-06-11 21:01:37,338 - SUAS - DEBUG - [SUAS_main.main:543] - waypoint required 
2025-06-11 21:01:37,390 - SUAS - DEBUG - [SUAS_main.main:543] - waypoint required 
2025-06-11 21:01:37,442 - SUAS - DEBUG - [SUAS_main.main:543] - waypoint required 
2025-06-11 21:01:37,495 - SUAS - DEBUG - [SUAS_main.main:543] - waypoint required 
2025-06-11 21:01:37,547 - SUAS - DEBUG - [SUAS_main.main:543] - waypoint required 
2025-06-11 21:01:37,599 - SUAS - DEBUG - [SUAS_main.main:543] - waypoint required 
2025-06-11 21:01:37,651 - SUAS - DEBUG - [SUAS_main.main:543] - waypoint required 
2025-06-11 21:01:37,704 - SUAS - DEBUG - [SUAS_main.main:543] - waypoint required 
2025-06-11 21:01:37,756 - SUAS - DEBUG - [SUAS_main.main:543] - waypoint required 
2025-06-11 21:01:37,808 - SUAS - DEBUG - [SUAS_main.main:543] - waypoint required 
2025-06-11 21:01:37,861 - SUAS - DEBUG - [SUAS_main.main:543] - waypoint required 
2025-06-11 21:01:37,913 - SUAS - DEBUG - [SUAS_main.main:543] - waypoint required 
2025-06-11 21:01:37,965 - SUAS - DEBUG - [SUAS_main.main:543] - waypoint required 
2025-06-11 21:01:38,017 - SUAS - DEBUG - [SUAS_main.main:543] - waypoint required 
2025-06-11 21:01:38,069 - SUAS - DEBUG - [SUAS_main.main:543] - waypoint required 
2025-06-11 21:01:38,121 - SUAS - DEBUG - [SUAS_main.main:543] - waypoint required 
2025-06-11 21:01:38,174 - SUAS - DEBUG - [SUAS_main.main:543] - waypoint required 
2025-06-11 21:01:38,226 - SUAS - DEBUG - [SUAS_main.main:543] - waypoint required 
2025-06-11 21:01:38,278 - SUAS - DEBUG - [SUAS_main.main:543] - waypoint required 
2025-06-11 21:01:38,330 - SUAS - DEBUG - [SUAS_main.main:543] - waypoint required 
2025-06-11 21:01:38,382 - SUAS - DEBUG - [SUAS_main.main:543] - waypoint required 
2025-06-11 21:01:38,434 - SUAS - DEBUG - [SUAS_main.main:543] - waypoint required 
2025-06-11 21:01:38,486 - SUAS - DEBUG - [SUAS_main.main:543] - waypoint required 
2025-06-11 21:01:38,538 - SUAS - DEBUG - [SUAS_main.main:543] - waypoint required 
2025-06-11 21:01:38,590 - SUAS - DEBUG - [SUAS_main.main:543] - waypoint required 
2025-06-11 21:01:38,642 - SUAS - DEBUG - [SUAS_main.main:543] - waypoint required 
2025-06-11 21:01:38,694 - SUAS - DEBUG - [SUAS_main.main:543] - waypoint required 
2025-06-11 21:01:38,746 - SUAS - DEBUG - [SUAS_main.main:543] - waypoint required 
2025-06-11 21:01:38,798 - SUAS - DEBUG - [SUAS_main.main:543] - waypoint required 
2025-06-11 21:01:38,849 - SUAS - DEBUG - [SUAS_main.main:543] - waypoint required 
2025-06-11 21:01:38,900 - SUAS - DEBUG - [SUAS_main.main:543] - waypoint required 
2025-06-11 21:01:38,951 - SUAS - DEBUG - [SUAS_main.main:543] - waypoint required 
2025-06-11 21:01:39,003 - SUAS - DEBUG - [SUAS_main.main:543] - waypoint required 
2025-06-11 21:01:39,056 - SUAS - DEBUG - [SUAS_main.main:543] - waypoint required 
2025-06-11 21:01:39,109 - SUAS - DEBUG - [SUAS_main.main:543] - waypoint required 
2025-06-11 21:01:39,161 - SUAS - DEBUG - [SUAS_main.main:543] - waypoint required 
2025-06-11 21:01:39,213 - SUAS - DEBUG - [SUAS_main.main:543] - waypoint required 
2025-06-11 21:01:39,265 - SUAS - DEBUG - [SUAS_main.main:543] - waypoint required 
2025-06-11 21:01:39,317 - SUAS - DEBUG - [SUAS_main.main:543] - waypoint required 
2025-06-11 21:01:39,369 - SUAS - DEBUG - [SUAS_main.main:543] - waypoint required 
2025-06-11 21:01:39,421 - SUAS - DEBUG - [SUAS_main.main:543] - waypoint required 
2025-06-11 21:01:39,475 - SUAS - DEBUG - [SUAS_main.main:543] - waypoint required 
2025-06-11 21:01:39,526 - SUAS - DEBUG - [SUAS_main.main:543] - waypoint required 
2025-06-11 21:01:39,578 - SUAS - DEBUG - [SUAS_main.main:543] - waypoint required 
2025-06-11 21:01:39,630 - SUAS - DEBUG - [SUAS_main.main:543] - waypoint required 
2025-06-11 21:01:39,682 - SUAS - DEBUG - [SUAS_main.main:543] - waypoint required 
2025-06-11 21:01:39,735 - SUAS - DEBUG - [SUAS_main.main:543] - waypoint required 
2025-06-11 21:01:39,787 - SUAS - DEBUG - [SUAS_main.main:543] - waypoint required 
2025-06-11 21:01:39,839 - SUAS - DEBUG - [SUAS_main.main:543] - waypoint required 
2025-06-11 21:01:39,891 - SUAS - DEBUG - [SUAS_main.main:543] - waypoint required 
2025-06-11 21:01:39,943 - SUAS - DEBUG - [SUAS_main.main:543] - waypoint required 
2025-06-11 21:01:39,995 - SUAS - DEBUG - [SUAS_main.main:543] - waypoint required 
2025-06-11 21:01:40,047 - SUAS - DEBUG - [SUAS_main.main:543] - waypoint required 
2025-06-11 21:01:40,099 - SUAS - DEBUG - [SUAS_main.main:543] - waypoint required 
2025-06-11 21:01:40,150 - SUAS - DEBUG - [SUAS_main.main:543] - waypoint required 
2025-06-11 21:01:40,201 - SUAS - DEBUG - [SUAS_main.main:543] - waypoint required 
2025-06-11 21:01:40,254 - SUAS - DEBUG - [SUAS_main.main:543] - waypoint required 
2025-06-11 21:01:40,305 - SUAS - DEBUG - [SUAS_main.main:543] - waypoint required 
2025-06-11 21:01:40,358 - SUAS - DEBUG - [SUAS_main.main:543] - waypoint required 
2025-06-11 21:01:40,410 - SUAS - DEBUG - [SUAS_main.main:543] - waypoint required 
2025-06-11 21:01:40,463 - SUAS - DEBUG - [SUAS_main.main:543] - waypoint required 
2025-06-11 21:01:40,515 - SUAS - DEBUG - [SUAS_main.main:543] - waypoint required 
2025-06-11 21:01:40,567 - SUAS - DEBUG - [SUAS_main.main:543] - waypoint required 
2025-06-11 21:01:40,618 - SUAS - DEBUG - [SUAS_main.main:543] - waypoint required 
2025-06-11 21:01:40,670 - SUAS - DEBUG - [SUAS_main.main:543] - waypoint required 
2025-06-11 21:01:40,723 - SUAS - DEBUG - [SUAS_main.main:543] - waypoint required 
2025-06-11 21:01:40,775 - SUAS - DEBUG - [SUAS_main.main:543] - waypoint required 
2025-06-11 21:01:40,827 - SUAS - DEBUG - [SUAS_main.main:543] - waypoint required 
2025-06-11 21:01:40,878 - SUAS - DEBUG - [SUAS_main.main:543] - waypoint required 
2025-06-11 21:01:40,930 - SUAS - DEBUG - [SUAS_main.main:543] - waypoint required 
2025-06-11 21:01:40,982 - SUAS - DEBUG - [SUAS_main.main:543] - waypoint required 
2025-06-11 21:01:41,035 - SUAS - DEBUG - [SUAS_main.main:543] - waypoint required 
2025-06-11 21:01:41,087 - SUAS - DEBUG - [SUAS_main.main:543] - waypoint required 
2025-06-11 21:01:41,139 - SUAS - DEBUG - [SUAS_main.main:543] - waypoint required 
2025-06-11 21:01:41,191 - SUAS - DEBUG - [SUAS_main.main:543] - waypoint required 
2025-06-11 21:01:41,243 - SUAS - DEBUG - [SUAS_main.main:543] - waypoint required 
2025-06-11 21:01:41,296 - SUAS - DEBUG - [SUAS_main.main:543] - waypoint required 
2025-06-11 21:01:41,348 - SUAS - DEBUG - [SUAS_main.main:543] - waypoint required 
2025-06-11 21:01:41,400 - SUAS - DEBUG - [SUAS_main.main:543] - waypoint required 
2025-06-11 21:01:41,453 - SUAS - DEBUG - [SUAS_main.main:543] - waypoint required 
2025-06-11 21:01:41,505 - SUAS - DEBUG - [SUAS_main.main:543] - waypoint required 
2025-06-11 21:01:41,556 - SUAS - DEBUG - [SUAS_main.main:543] - waypoint required 
2025-06-11 21:01:41,607 - SUAS - DEBUG - [SUAS_main.main:543] - waypoint required 
2025-06-11 21:01:41,658 - SUAS - DEBUG - [SUAS_main.main:543] - waypoint required 
2025-06-11 21:01:41,710 - SUAS - DEBUG - [SUAS_main.main:543] - waypoint required 
2025-06-11 21:01:41,761 - SUAS - DEBUG - [SUAS_main.main:543] - waypoint required 
2025-06-11 21:01:41,814 - SUAS - DEBUG - [SUAS_main.main:543] - waypoint required 
2025-06-11 21:01:41,866 - SUAS - DEBUG - [SUAS_main.main:543] - waypoint required 
2025-06-11 21:01:41,918 - SUAS - DEBUG - [SUAS_main.main:543] - waypoint required 
2025-06-11 21:01:41,970 - SUAS - DEBUG - [SUAS_main.main:543] - waypoint required 
2025-06-11 21:01:42,022 - SUAS - DEBUG - [SUAS_main.main:543] - waypoint required 
2025-06-11 21:01:42,074 - SUAS - DEBUG - [SUAS_main.main:543] - waypoint required 
2025-06-11 21:01:42,125 - SUAS - DEBUG - [SUAS_main.main:543] - waypoint required 
2025-06-11 21:01:42,176 - SUAS - DEBUG - [SUAS_main.main:543] - waypoint required 
2025-06-11 21:01:42,228 - SUAS - DEBUG - [SUAS_main.main:543] - waypoint required 
2025-06-11 21:01:42,280 - SUAS - DEBUG - [SUAS_main.main:543] - waypoint required 
2025-06-11 21:01:42,332 - SUAS - DEBUG - [SUAS_main.main:543] - waypoint required 
2025-06-11 21:01:42,383 - SUAS - DEBUG - [SUAS_main.main:543] - waypoint required 
2025-06-11 21:01:42,435 - SUAS - DEBUG - [SUAS_main.main:543] - waypoint required 
2025-06-11 21:01:42,486 - SUAS - DEBUG - [SUAS_main.main:543] - waypoint required 
2025-06-11 21:01:42,539 - SUAS - DEBUG - [SUAS_main.main:543] - waypoint required 
2025-06-11 21:01:42,591 - SUAS - DEBUG - [SUAS_main.main:543] - waypoint required 
2025-06-11 21:01:42,643 - SUAS - DEBUG - [SUAS_main.main:543] - waypoint required 
2025-06-11 21:01:42,695 - SUAS - DEBUG - [SUAS_main.main:543] - waypoint required 
2025-06-11 21:01:42,747 - SUAS - DEBUG - [SUAS_main.main:543] - waypoint required 
2025-06-11 21:01:42,799 - SUAS - DEBUG - [SUAS_main.main:543] - waypoint required 
2025-06-11 21:01:42,851 - SUAS - DEBUG - [SUAS_main.main:543] - waypoint required 
2025-06-11 21:01:42,903 - SUAS - DEBUG - [SUAS_main.main:543] - waypoint required 
2025-06-11 21:01:42,955 - SUAS - DEBUG - [SUAS_main.main:543] - waypoint required 
2025-06-11 21:01:43,007 - SUAS - DEBUG - [SUAS_main.main:543] - waypoint required 
2025-06-11 21:01:43,058 - SUAS - DEBUG - [SUAS_main.main:543] - waypoint required 
2025-06-11 21:01:43,110 - SUAS - DEBUG - [SUAS_main.main:543] - waypoint required 
2025-06-11 21:01:43,162 - SUAS - DEBUG - [SUAS_main.main:543] - waypoint required 
2025-06-11 21:01:43,214 - SUAS - DEBUG - [SUAS_main.main:543] - waypoint required 
2025-06-11 21:01:43,267 - SUAS - DEBUG - [SUAS_main.main:543] - waypoint required 
2025-06-11 21:01:43,318 - SUAS - DEBUG - [SUAS_main.main:543] - waypoint required 
2025-06-11 21:01:43,369 - SUAS - DEBUG - [SUAS_main.main:543] - waypoint required 
2025-06-11 21:01:43,421 - SUAS - DEBUG - [SUAS_main.main:543] - waypoint required 
2025-06-11 21:01:43,473 - SUAS - DEBUG - [SUAS_main.main:543] - waypoint required 
2025-06-11 21:01:43,524 - SUAS - DEBUG - [SUAS_main.main:543] - waypoint required 
2025-06-11 21:01:43,575 - SUAS - DEBUG - [SUAS_main.main:543] - waypoint required 
2025-06-11 21:01:43,626 - SUAS - DEBUG - [SUAS_main.main:543] - waypoint required 
2025-06-11 21:01:43,678 - SUAS - DEBUG - [SUAS_main.main:543] - waypoint required 
2025-06-11 21:01:43,729 - SUAS - DEBUG - [SUAS_main.main:543] - waypoint required 
2025-06-11 21:01:43,781 - SUAS - DEBUG - [SUAS_main.main:543] - waypoint required 
2025-06-11 21:01:43,833 - SUAS - DEBUG - [SUAS_main.main:543] - waypoint required 
2025-06-11 21:01:43,885 - SUAS - DEBUG - [SUAS_main.main:543] - waypoint required 
2025-06-11 21:01:43,937 - SUAS - DEBUG - [SUAS_main.main:543] - waypoint required 
2025-06-11 21:01:43,991 - SUAS - DEBUG - [SUAS_main.main:543] - waypoint required 
2025-06-11 21:01:44,043 - SUAS - DEBUG - [SUAS_main.main:543] - waypoint required 
2025-06-11 21:01:44,095 - SUAS - DEBUG - [SUAS_main.main:543] - waypoint required 
2025-06-11 21:01:44,147 - SUAS - DEBUG - [SUAS_main.main:543] - waypoint required 
2025-06-11 21:01:44,198 - SUAS - DEBUG - [SUAS_main.main:543] - waypoint required 
2025-06-11 21:01:44,250 - SUAS - DEBUG - [SUAS_main.main:543] - waypoint required 
2025-06-11 21:01:44,302 - SUAS - DEBUG - [SUAS_main.main:543] - waypoint required 
2025-06-11 21:01:44,354 - SUAS - DEBUG - [SUAS_main.main:543] - waypoint required 
2025-06-11 21:01:44,406 - SUAS - DEBUG - [SUAS_main.main:543] - waypoint required 
2025-06-11 21:01:44,458 - SUAS - DEBUG - [SUAS_main.main:543] - waypoint required 
2025-06-11 21:01:44,509 - SUAS - DEBUG - [SUAS_main.main:543] - waypoint required 
2025-06-11 21:01:44,561 - SUAS - DEBUG - [SUAS_main.main:543] - waypoint required 
2025-06-11 21:01:44,613 - SUAS - DEBUG - [SUAS_main.main:543] - waypoint required 
2025-06-11 21:01:44,665 - SUAS - DEBUG - [SUAS_main.main:543] - waypoint required 
2025-06-11 21:01:44,716 - SUAS - DEBUG - [SUAS_main.main:543] - waypoint required 
2025-06-11 21:01:44,767 - SUAS - DEBUG - [SUAS_main.main:543] - waypoint required 
2025-06-11 21:01:44,819 - SUAS - DEBUG - [SUAS_main.main:543] - waypoint required 
2025-06-11 21:01:44,871 - SUAS - DEBUG - [SUAS_main.main:543] - waypoint required 
2025-06-11 21:01:44,922 - SUAS - DEBUG - [SUAS_main.main:543] - waypoint required 
2025-06-11 21:01:44,975 - SUAS - DEBUG - [SUAS_main.main:543] - waypoint required 
2025-06-11 21:01:45,026 - SUAS - DEBUG - [SUAS_main.main:543] - waypoint required 
2025-06-11 21:01:45,078 - SUAS - DEBUG - [SUAS_main.main:543] - waypoint required 
2025-06-11 21:01:45,130 - SUAS - DEBUG - [SUAS_main.main:543] - waypoint required 
2025-06-11 21:01:45,182 - SUAS - DEBUG - [SUAS_main.main:543] - waypoint required 
2025-06-11 21:01:45,234 - SUAS - DEBUG - [SUAS_main.main:543] - waypoint required 
2025-06-11 21:01:45,286 - SUAS - DEBUG - [SUAS_main.main:543] - waypoint required 
2025-06-11 21:01:45,338 - SUAS - DEBUG - [SUAS_main.main:543] - waypoint required 
2025-06-11 21:01:45,390 - SUAS - DEBUG - [SUAS_main.main:543] - waypoint required 
2025-06-11 21:01:45,443 - SUAS - DEBUG - [SUAS_main.main:543] - waypoint required 
2025-06-11 21:01:45,494 - SUAS - DEBUG - [SUAS_main.main:543] - waypoint required 
2025-06-11 21:01:45,546 - SUAS - DEBUG - [SUAS_main.main:543] - waypoint required 
2025-06-11 21:01:45,598 - SUAS - DEBUG - [SUAS_main.main:543] - waypoint required 
2025-06-11 21:01:45,650 - SUAS - DEBUG - [SUAS_main.main:543] - waypoint required 
2025-06-11 21:01:45,701 - SUAS - DEBUG - [SUAS_main.main:543] - waypoint required 
2025-06-11 21:01:45,752 - SUAS - DEBUG - [SUAS_main.main:543] - waypoint required 
2025-06-11 21:01:45,804 - SUAS - DEBUG - [SUAS_main.main:543] - waypoint required 
2025-06-11 21:01:45,856 - SUAS - DEBUG - [SUAS_main.main:543] - waypoint required 
2025-06-11 21:01:45,908 - SUAS - DEBUG - [SUAS_main.main:543] - waypoint required 
2025-06-11 21:01:45,960 - SUAS - DEBUG - [SUAS_main.main:543] - waypoint required 
2025-06-11 21:01:46,011 - SUAS - DEBUG - [SUAS_main.main:543] - waypoint required 
2025-06-11 21:01:46,062 - SUAS - DEBUG - [SUAS_main.main:543] - waypoint required 
2025-06-11 21:01:46,114 - SUAS - DEBUG - [SUAS_main.main:543] - waypoint required 
2025-06-11 21:01:46,166 - SUAS - DEBUG - [SUAS_main.main:543] - waypoint required 
2025-06-11 21:01:46,218 - SUAS - DEBUG - [SUAS_main.main:543] - waypoint required 
2025-06-11 21:01:46,269 - SUAS - DEBUG - [SUAS_main.main:543] - waypoint required 
2025-06-11 21:01:46,320 - SUAS - DEBUG - [SUAS_main.main:543] - waypoint required 
2025-06-11 21:01:46,372 - SUAS - DEBUG - [SUAS_main.main:543] - waypoint required 
2025-06-11 21:01:46,423 - SUAS - DEBUG - [SUAS_main.main:543] - waypoint required 
2025-06-11 21:01:46,475 - SUAS - DEBUG - [SUAS_main.main:543] - waypoint required 
2025-06-11 21:01:46,526 - SUAS - DEBUG - [SUAS_main.main:543] - waypoint required 
2025-06-11 21:01:46,577 - SUAS - DEBUG - [SUAS_main.main:543] - waypoint required 
2025-06-11 21:01:46,628 - SUAS - DEBUG - [SUAS_main.main:543] - waypoint required 
2025-06-11 21:01:46,681 - SUAS - DEBUG - [SUAS_main.main:543] - waypoint required 
2025-06-11 21:01:46,733 - SUAS - DEBUG - [SUAS_main.main:543] - waypoint required 
2025-06-11 21:01:46,785 - SUAS - DEBUG - [SUAS_main.main:543] - waypoint required 
2025-06-11 21:01:46,836 - SUAS - DEBUG - [SUAS_main.main:543] - waypoint required 
2025-06-11 21:01:46,888 - SUAS - DEBUG - [SUAS_main.main:543] - waypoint required 
2025-06-11 21:01:46,940 - SUAS - DEBUG - [SUAS_main.main:543] - waypoint required 
2025-06-11 21:01:46,991 - SUAS - DEBUG - [SUAS_main.main:543] - waypoint required 
2025-06-11 21:01:47,042 - SUAS - DEBUG - [SUAS_main.main:543] - waypoint required 
2025-06-11 21:01:47,094 - SUAS - DEBUG - [SUAS_main.main:543] - waypoint required 
2025-06-11 21:01:47,146 - SUAS - DEBUG - [SUAS_main.main:543] - waypoint required 
2025-06-11 21:01:47,198 - SUAS - DEBUG - [SUAS_main.main:543] - waypoint required 
2025-06-11 21:01:47,250 - SUAS - DEBUG - [SUAS_main.main:543] - waypoint required 
2025-06-11 21:01:47,302 - SUAS - DEBUG - [SUAS_main.main:543] - waypoint required 
2025-06-11 21:01:47,354 - SUAS - DEBUG - [SUAS_main.main:543] - waypoint required 
2025-06-11 21:01:47,405 - SUAS - DEBUG - [SUAS_main.main:543] - waypoint required 
2025-06-11 21:01:47,456 - SUAS - DEBUG - [SUAS_main.main:543] - waypoint required 
2025-06-11 21:01:47,508 - SUAS - DEBUG - [SUAS_main.main:543] - waypoint required 
2025-06-11 21:01:47,559 - SUAS - DEBUG - [SUAS_main.main:543] - waypoint required 
2025-06-11 21:01:47,611 - SUAS - DEBUG - [SUAS_main.main:543] - waypoint required 
2025-06-11 21:01:47,663 - SUAS - DEBUG - [SUAS_main.main:543] - waypoint required 
2025-06-11 21:01:47,715 - SUAS - DEBUG - [SUAS_main.main:543] - waypoint required 
2025-06-11 21:01:47,769 - SUAS - DEBUG - [SUAS_main.main:543] - waypoint required 
2025-06-11 21:01:47,820 - SUAS - DEBUG - [SUAS_main.main:543] - waypoint required 
2025-06-11 21:01:47,872 - SUAS - DEBUG - [SUAS_main.main:543] - waypoint required 
2025-06-11 21:01:47,925 - SUAS - DEBUG - [SUAS_main.main:543] - waypoint required 
2025-06-11 21:01:47,977 - SUAS - DEBUG - [SUAS_main.main:543] - waypoint required 
2025-06-11 21:01:48,029 - SUAS - DEBUG - [SUAS_main.main:543] - waypoint required 
2025-06-11 21:01:48,081 - SUAS - DEBUG - [SUAS_main.main:543] - waypoint required 
2025-06-11 21:01:48,133 - SUAS - DEBUG - [SUAS_main.main:543] - waypoint required 
2025-06-11 21:01:48,185 - SUAS - DEBUG - [SUAS_main.main:543] - waypoint required 
2025-06-11 21:01:48,238 - SUAS - DEBUG - [SUAS_main.main:543] - waypoint required 
2025-06-11 21:01:48,289 - SUAS - DEBUG - [SUAS_main.main:543] - waypoint required 
2025-06-11 21:01:48,341 - SUAS - DEBUG - [SUAS_main.main:543] - waypoint required 
2025-06-11 21:01:48,393 - SUAS - DEBUG - [SUAS_main.main:543] - waypoint required 
2025-06-11 21:01:48,445 - SUAS - DEBUG - [SUAS_main.main:543] - waypoint required 
2025-06-11 21:01:48,498 - SUAS - DEBUG - [SUAS_main.main:543] - waypoint required 
2025-06-11 21:01:48,550 - SUAS - DEBUG - [SUAS_main.main:543] - waypoint required 
2025-06-11 21:01:48,602 - SUAS - DEBUG - [SUAS_main.main:543] - waypoint required 
2025-06-11 21:01:48,653 - SUAS - DEBUG - [SUAS_main.main:543] - waypoint required 
2025-06-11 21:01:48,705 - SUAS - DEBUG - [SUAS_main.main:543] - waypoint required 
2025-06-11 21:01:48,756 - SUAS - DEBUG - [SUAS_main.main:543] - waypoint required 
2025-06-11 21:01:48,808 - SUAS - DEBUG - [SUAS_main.main:543] - waypoint required 
2025-06-11 21:01:48,860 - SUAS - DEBUG - [SUAS_main.main:543] - waypoint required 
2025-06-11 21:01:48,912 - SUAS - DEBUG - [SUAS_main.main:543] - waypoint required 
2025-06-11 21:01:48,964 - SUAS - DEBUG - [SUAS_main.main:543] - waypoint required 
2025-06-11 21:01:49,015 - SUAS - DEBUG - [SUAS_main.main:543] - waypoint required 
2025-06-11 21:01:49,067 - SUAS - DEBUG - [SUAS_main.main:543] - waypoint required 
2025-06-11 21:01:49,118 - SUAS - DEBUG - [SUAS_main.main:543] - waypoint required 
2025-06-11 21:01:49,171 - SUAS - DEBUG - [SUAS_main.main:543] - waypoint required 
2025-06-11 21:01:49,224 - SUAS - DEBUG - [SUAS_main.main:543] - waypoint required 
2025-06-11 21:01:49,275 - SUAS - DEBUG - [SUAS_main.main:543] - waypoint required 
2025-06-11 21:01:49,327 - SUAS - DEBUG - [SUAS_main.main:543] - waypoint required 
2025-06-11 21:01:49,379 - SUAS - DEBUG - [SUAS_main.main:543] - waypoint required 
2025-06-11 21:01:49,431 - SUAS - DEBUG - [SUAS_main.main:543] - waypoint required 
2025-06-11 21:01:49,484 - SUAS - DEBUG - [SUAS_main.main:543] - waypoint required 
2025-06-11 21:01:49,535 - SUAS - DEBUG - [SUAS_main.main:543] - waypoint required 
2025-06-11 21:01:49,587 - SUAS - DEBUG - [SUAS_main.main:543] - waypoint required 
2025-06-11 21:01:49,639 - SUAS - DEBUG - [SUAS_main.main:543] - waypoint required 
2025-06-11 21:01:49,691 - SUAS - DEBUG - [SUAS_main.main:543] - waypoint required 
2025-06-11 21:01:49,744 - SUAS - DEBUG - [SUAS_main.main:543] - waypoint required 
2025-06-11 21:01:49,796 - SUAS - DEBUG - [SUAS_main.main:543] - waypoint required 
2025-06-11 21:01:49,848 - SUAS - DEBUG - [SUAS_main.main:543] - waypoint required 
2025-06-11 21:01:49,899 - SUAS - DEBUG - [SUAS_main.main:543] - waypoint required 
2025-06-11 21:01:49,951 - SUAS - DEBUG - [SUAS_main.main:543] - waypoint required 
2025-06-11 21:01:50,002 - SUAS - DEBUG - [SUAS_main.main:543] - waypoint required 
2025-06-11 21:01:50,054 - SUAS - DEBUG - [SUAS_main.main:543] - waypoint required 
2025-06-11 21:01:50,106 - SUAS - DEBUG - [SUAS_main.main:543] - waypoint required 
2025-06-11 21:01:50,158 - SUAS - DEBUG - [SUAS_main.main:543] - waypoint required 
2025-06-11 21:01:50,210 - SUAS - DEBUG - [SUAS_main.main:543] - waypoint required 
2025-06-11 21:01:50,262 - SUAS - DEBUG - [SUAS_main.main:543] - waypoint required 
2025-06-11 21:01:50,314 - SUAS - DEBUG - [SUAS_main.main:543] - waypoint required 
2025-06-11 21:01:50,366 - SUAS - DEBUG - [SUAS_main.main:543] - waypoint required 
2025-06-11 21:01:50,417 - SUAS - DEBUG - [SUAS_main.main:543] - waypoint required 
2025-06-11 21:01:50,469 - SUAS - DEBUG - [SUAS_main.main:543] - waypoint required 
2025-06-11 21:01:50,521 - SUAS - DEBUG - [SUAS_main.main:543] - waypoint required 
2025-06-11 21:01:50,573 - SUAS - DEBUG - [SUAS_main.main:543] - waypoint required 
2025-06-11 21:01:50,625 - SUAS - DEBUG - [SUAS_main.main:543] - waypoint required 
2025-06-11 21:01:50,676 - SUAS - DEBUG - [SUAS_main.main:543] - waypoint required 
2025-06-11 21:01:50,728 - SUAS - DEBUG - [SUAS_main.main:543] - waypoint required 
2025-06-11 21:01:50,780 - SUAS - DEBUG - [SUAS_main.main:543] - waypoint required 
2025-06-11 21:01:50,832 - SUAS - DEBUG - [SUAS_main.main:543] - waypoint required 
2025-06-11 21:01:50,883 - SUAS - DEBUG - [SUAS_main.main:543] - waypoint required 
2025-06-11 21:01:50,936 - SUAS - DEBUG - [SUAS_main.main:543] - waypoint required 
2025-06-11 21:01:50,989 - SUAS - DEBUG - [SUAS_main.main:543] - waypoint required 
2025-06-11 21:01:51,041 - SUAS - DEBUG - [SUAS_main.main:543] - waypoint required 
2025-06-11 21:01:51,093 - SUAS - DEBUG - [SUAS_main.main:543] - waypoint required 
2025-06-11 21:01:51,146 - SUAS - DEBUG - [SUAS_main.main:543] - waypoint required 
2025-06-11 21:01:51,197 - SUAS - DEBUG - [SUAS_main.main:543] - waypoint required 
2025-06-11 21:01:51,249 - SUAS - DEBUG - [SUAS_main.main:543] - waypoint required 
2025-06-11 21:01:51,300 - SUAS - DEBUG - [SUAS_main.main:543] - waypoint required 
2025-06-11 21:01:51,352 - SUAS - DEBUG - [SUAS_main.main:543] - waypoint required 
2025-06-11 21:01:51,404 - SUAS - DEBUG - [SUAS_main.main:543] - waypoint required 
2025-06-11 21:01:51,455 - SUAS - DEBUG - [SUAS_main.main:543] - waypoint required 
2025-06-11 21:01:51,506 - SUAS - DEBUG - [SUAS_main.main:543] - waypoint required 
2025-06-11 21:01:51,558 - SUAS - DEBUG - [SUAS_main.main:543] - waypoint required 
2025-06-11 21:01:51,610 - SUAS - DEBUG - [SUAS_main.main:543] - waypoint required 
2025-06-11 21:01:51,662 - SUAS - DEBUG - [SUAS_main.main:543] - waypoint required 
2025-06-11 21:01:51,713 - SUAS - DEBUG - [SUAS_main.main:543] - waypoint required 
2025-06-11 21:01:51,765 - SUAS - DEBUG - [SUAS_main.main:543] - waypoint required 
2025-06-11 21:01:51,817 - SUAS - DEBUG - [SUAS_main.main:543] - waypoint required 
2025-06-11 21:01:51,868 - SUAS - DEBUG - [SUAS_main.main:543] - waypoint required 
2025-06-11 21:01:51,919 - SUAS - DEBUG - [SUAS_main.main:543] - waypoint required 
2025-06-11 21:01:51,971 - SUAS - DEBUG - [SUAS_main.main:543] - waypoint required 
2025-06-11 21:01:52,022 - SUAS - DEBUG - [SUAS_main.main:543] - waypoint required 
2025-06-11 21:01:52,073 - SUAS - DEBUG - [SUAS_main.main:543] - waypoint required 
2025-06-11 21:01:52,124 - SUAS - DEBUG - [SUAS_main.main:543] - waypoint required 
2025-06-11 21:01:52,177 - SUAS - DEBUG - [SUAS_main.main:543] - waypoint required 
2025-06-11 21:01:52,229 - SUAS - DEBUG - [SUAS_main.main:543] - waypoint required 
2025-06-11 21:01:52,281 - SUAS - DEBUG - [SUAS_main.main:543] - waypoint required 
2025-06-11 21:01:52,334 - SUAS - DEBUG - [SUAS_main.main:543] - waypoint required 
2025-06-11 21:01:52,386 - SUAS - DEBUG - [SUAS_main.main:543] - waypoint required 
2025-06-11 21:01:52,438 - SUAS - DEBUG - [SUAS_main.main:543] - waypoint required 
2025-06-11 21:01:52,490 - SUAS - DEBUG - [SUAS_main.main:543] - waypoint required 
2025-06-11 21:01:52,543 - SUAS - DEBUG - [SUAS_main.main:543] - waypoint required 
2025-06-11 21:01:52,594 - SUAS - DEBUG - [SUAS_main.main:543] - waypoint required 
2025-06-11 21:01:52,647 - SUAS - DEBUG - [SUAS_main.main:543] - waypoint required 
2025-06-11 21:01:52,698 - SUAS - DEBUG - [SUAS_main.main:543] - waypoint required 
2025-06-11 21:01:52,750 - SUAS - DEBUG - [SUAS_main.main:543] - waypoint required 
2025-06-11 21:01:52,801 - SUAS - DEBUG - [SUAS_main.main:543] - waypoint required 
2025-06-11 21:01:52,854 - SUAS - DEBUG - [SUAS_main.main:543] - waypoint required 
2025-06-11 21:01:52,906 - SUAS - DEBUG - [SUAS_main.main:543] - waypoint required 
2025-06-11 21:01:52,958 - SUAS - DEBUG - [SUAS_main.main:543] - waypoint required 
2025-06-11 21:01:53,010 - SUAS - DEBUG - [SUAS_main.main:543] - waypoint required 
2025-06-11 21:01:53,062 - SUAS - DEBUG - [SUAS_main.main:543] - waypoint required 
2025-06-11 21:01:53,114 - SUAS - DEBUG - [SUAS_main.main:543] - waypoint required 
2025-06-11 21:01:53,166 - SUAS - DEBUG - [SUAS_main.main:543] - waypoint required 
2025-06-11 21:01:53,218 - SUAS - DEBUG - [SUAS_main.main:543] - waypoint required 
2025-06-11 21:01:53,270 - SUAS - DEBUG - [SUAS_main.main:543] - waypoint required 
2025-06-11 21:01:53,323 - SUAS - DEBUG - [SUAS_main.main:543] - waypoint required 
2025-06-11 21:01:53,375 - SUAS - DEBUG - [SUAS_main.main:543] - waypoint required 
2025-06-11 21:01:53,427 - SUAS - DEBUG - [SUAS_main.main:543] - waypoint required 
2025-06-11 21:01:53,479 - SUAS - DEBUG - [SUAS_main.main:543] - waypoint required 
2025-06-11 21:01:53,531 - SUAS - DEBUG - [SUAS_main.main:543] - waypoint required 
2025-06-11 21:01:53,583 - SUAS - DEBUG - [SUAS_main.main:543] - waypoint required 
2025-06-11 21:01:53,636 - SUAS - DEBUG - [SUAS_main.main:543] - waypoint required 
2025-06-11 21:01:53,688 - SUAS - DEBUG - [SUAS_main.main:543] - waypoint required 
2025-06-11 21:01:53,741 - SUAS - DEBUG - [SUAS_main.main:543] - waypoint required 
2025-06-11 21:01:53,793 - SUAS - DEBUG - [SUAS_main.main:543] - waypoint required 
2025-06-11 21:01:53,845 - SUAS - DEBUG - [SUAS_main.main:543] - waypoint required 
2025-06-11 21:01:53,897 - SUAS - DEBUG - [SUAS_main.main:543] - waypoint required 
2025-06-11 21:01:53,950 - SUAS - DEBUG - [SUAS_main.main:543] - waypoint required 
2025-06-11 21:01:54,002 - SUAS - DEBUG - [SUAS_main.main:543] - waypoint required 
2025-06-11 21:01:54,054 - SUAS - DEBUG - [SUAS_main.main:543] - waypoint required 
2025-06-11 21:01:54,106 - SUAS - DEBUG - [SUAS_main.main:543] - waypoint required 
2025-06-11 21:01:54,159 - SUAS - DEBUG - [SUAS_main.main:543] - waypoint required 
2025-06-11 21:01:54,211 - SUAS - DEBUG - [SUAS_main.main:543] - waypoint required 
2025-06-11 21:01:54,264 - SUAS - DEBUG - [SUAS_main.main:543] - waypoint required 
2025-06-11 21:01:54,316 - SUAS - DEBUG - [SUAS_main.main:543] - waypoint required 
2025-06-11 21:01:54,368 - SUAS - DEBUG - [SUAS_main.main:543] - waypoint required 
2025-06-11 21:01:54,420 - SUAS - DEBUG - [SUAS_main.main:543] - waypoint required 
2025-06-11 21:01:54,471 - SUAS - DEBUG - [SUAS_main.main:543] - waypoint required 
2025-06-11 21:01:54,523 - SUAS - DEBUG - [SUAS_main.main:543] - waypoint required 
2025-06-11 21:01:54,575 - SUAS - DEBUG - [SUAS_main.main:543] - waypoint required 
2025-06-11 21:01:54,627 - SUAS - DEBUG - [SUAS_main.main:543] - waypoint required 
2025-06-11 21:01:54,679 - SUAS - DEBUG - [SUAS_main.main:543] - waypoint required 
2025-06-11 21:01:54,730 - SUAS - DEBUG - [SUAS_main.main:543] - waypoint required 
2025-06-11 21:01:54,782 - SUAS - DEBUG - [SUAS_main.main:543] - waypoint required 
2025-06-11 21:01:54,835 - SUAS - DEBUG - [SUAS_main.main:543] - waypoint required 
2025-06-11 21:01:54,887 - SUAS - DEBUG - [SUAS_main.main:543] - waypoint required 
2025-06-11 21:01:54,939 - SUAS - DEBUG - [SUAS_main.main:543] - waypoint required 
2025-06-11 21:01:54,991 - SUAS - DEBUG - [SUAS_main.main:543] - waypoint required 
2025-06-11 21:01:55,043 - SUAS - DEBUG - [SUAS_main.main:543] - waypoint required 
2025-06-11 21:01:55,095 - SUAS - DEBUG - [SUAS_main.main:543] - waypoint required 
2025-06-11 21:01:55,146 - SUAS - DEBUG - [SUAS_main.main:543] - waypoint required 
2025-06-11 21:01:55,198 - SUAS - DEBUG - [SUAS_main.main:543] - waypoint required 
2025-06-11 21:01:55,251 - SUAS - DEBUG - [SUAS_main.main:543] - waypoint required 
2025-06-11 21:01:55,303 - SUAS - DEBUG - [SUAS_main.main:543] - waypoint required 
2025-06-11 21:01:55,356 - SUAS - DEBUG - [SUAS_main.main:543] - waypoint required 
2025-06-11 21:01:55,407 - SUAS - DEBUG - [SUAS_main.main:543] - waypoint required 
2025-06-11 21:01:55,459 - SUAS - DEBUG - [SUAS_main.main:543] - waypoint required 
2025-06-11 21:01:55,511 - SUAS - DEBUG - [SUAS_main.main:543] - waypoint required 
2025-06-11 21:01:55,564 - SUAS - DEBUG - [SUAS_main.main:543] - waypoint required 
2025-06-11 21:01:55,616 - SUAS - DEBUG - [SUAS_main.main:543] - waypoint required 
2025-06-11 21:01:55,668 - SUAS - DEBUG - [SUAS_main.main:543] - waypoint required 
2025-06-11 21:01:55,720 - SUAS - DEBUG - [SUAS_main.main:543] - waypoint required 
2025-06-11 21:01:55,772 - SUAS - DEBUG - [SUAS_main.main:543] - waypoint required 
2025-06-11 21:01:55,823 - SUAS - DEBUG - [SUAS_main.main:543] - waypoint required 
2025-06-11 21:01:55,876 - SUAS - DEBUG - [SUAS_main.main:543] - waypoint required 
2025-06-11 21:01:55,927 - SUAS - DEBUG - [SUAS_main.main:543] - waypoint required 
2025-06-11 21:01:55,979 - SUAS - DEBUG - [SUAS_main.main:543] - waypoint required 
2025-06-11 21:01:56,031 - SUAS - DEBUG - [SUAS_main.main:543] - waypoint required 
2025-06-11 21:01:56,083 - SUAS - DEBUG - [SUAS_main.main:543] - waypoint required 
2025-06-11 21:01:56,135 - SUAS - DEBUG - [SUAS_main.main:543] - waypoint required 
2025-06-11 21:01:56,186 - SUAS - DEBUG - [SUAS_main.main:543] - waypoint required 
2025-06-11 21:01:56,239 - SUAS - DEBUG - [SUAS_main.main:543] - waypoint required 
2025-06-11 21:01:56,291 - SUAS - DEBUG - [SUAS_main.main:543] - waypoint required 
2025-06-11 21:01:56,342 - SUAS - DEBUG - [SUAS_main.main:543] - waypoint required 
2025-06-11 21:01:56,395 - SUAS - DEBUG - [SUAS_main.main:543] - waypoint required 
2025-06-11 21:01:56,447 - SUAS - DEBUG - [SUAS_main.main:543] - waypoint required 
2025-06-11 21:01:56,500 - SUAS - DEBUG - [SUAS_main.main:543] - waypoint required 
2025-06-11 21:01:56,552 - SUAS - DEBUG - [SUAS_main.main:543] - waypoint required 
2025-06-11 21:01:56,604 - SUAS - DEBUG - [SUAS_main.main:543] - waypoint required 
2025-06-11 21:01:56,655 - SUAS - DEBUG - [SUAS_main.main:543] - waypoint required 
2025-06-11 21:01:56,707 - SUAS - DEBUG - [SUAS_main.main:543] - waypoint required 
2025-06-11 21:01:56,759 - SUAS - DEBUG - [SUAS_main.main:543] - waypoint required 
2025-06-11 21:01:56,811 - SUAS - DEBUG - [SUAS_main.main:543] - waypoint required 
2025-06-11 21:01:56,864 - SUAS - DEBUG - [SUAS_main.main:543] - waypoint required 
2025-06-11 21:01:56,916 - SUAS - DEBUG - [SUAS_main.main:543] - waypoint required 
2025-06-11 21:01:56,969 - SUAS - DEBUG - [SUAS_main.main:543] - waypoint required 
2025-06-11 21:01:57,021 - SUAS - DEBUG - [SUAS_main.main:543] - waypoint required 
2025-06-11 21:01:57,073 - SUAS - DEBUG - [SUAS_main.main:543] - waypoint required 
2025-06-11 21:01:57,124 - SUAS - DEBUG - [SUAS_main.main:543] - waypoint required 
2025-06-11 21:01:57,176 - SUAS - DEBUG - [SUAS_main.main:543] - waypoint required 
2025-06-11 21:01:57,228 - SUAS - DEBUG - [SUAS_main.main:543] - waypoint required 
2025-06-11 21:01:57,280 - SUAS - DEBUG - [SUAS_main.main:543] - waypoint required 
2025-06-11 21:01:57,332 - SUAS - DEBUG - [SUAS_main.main:543] - waypoint required 
2025-06-11 21:01:57,384 - SUAS - DEBUG - [SUAS_main.main:543] - waypoint required 
2025-06-11 21:01:57,438 - SUAS - DEBUG - [SUAS_main.main:543] - waypoint required 
2025-06-11 21:01:57,491 - SUAS - DEBUG - [SUAS_main.main:543] - waypoint required 
2025-06-11 21:01:57,543 - SUAS - DEBUG - [SUAS_main.main:543] - waypoint required 
2025-06-11 21:01:57,596 - SUAS - DEBUG - [SUAS_main.main:543] - waypoint required 
2025-06-11 21:01:57,648 - SUAS - DEBUG - [SUAS_main.main:543] - waypoint required 
2025-06-11 21:01:57,700 - SUAS - DEBUG - [SUAS_main.main:543] - waypoint required 
2025-06-11 21:01:57,754 - SUAS - DEBUG - [SUAS_main.main:543] - waypoint required 
2025-06-11 21:01:57,807 - SUAS - DEBUG - [SUAS_main.main:543] - waypoint required 
2025-06-11 21:01:57,859 - SUAS - DEBUG - [SUAS_main.main:543] - waypoint required 
2025-06-11 21:01:57,911 - SUAS - DEBUG - [SUAS_main.main:543] - waypoint required 
2025-06-11 21:01:57,963 - SUAS - DEBUG - [SUAS_main.main:543] - waypoint required 
2025-06-11 21:01:58,015 - SUAS - DEBUG - [SUAS_main.main:543] - waypoint required 
2025-06-11 21:01:58,067 - SUAS - DEBUG - [SUAS_main.main:543] - waypoint required 
2025-06-11 21:01:58,120 - SUAS - DEBUG - [SUAS_main.main:543] - waypoint required 
2025-06-11 21:01:58,172 - SUAS - DEBUG - [SUAS_main.main:543] - waypoint required 
2025-06-11 21:01:58,224 - SUAS - DEBUG - [SUAS_main.main:543] - waypoint required 
2025-06-11 21:01:58,277 - SUAS - DEBUG - [SUAS_main.main:543] - waypoint required 
2025-06-11 21:01:58,329 - SUAS - DEBUG - [SUAS_main.main:543] - waypoint required 
2025-06-11 21:01:58,381 - SUAS - DEBUG - [SUAS_main.main:543] - waypoint required 
2025-06-11 21:01:58,433 - SUAS - DEBUG - [SUAS_main.main:543] - waypoint required 
2025-06-11 21:01:58,485 - SUAS - DEBUG - [SUAS_main.main:543] - waypoint required 
2025-06-11 21:01:58,537 - SUAS - DEBUG - [SUAS_main.main:543] - waypoint required 
2025-06-11 21:01:58,589 - SUAS - DEBUG - [SUAS_main.main:543] - waypoint required 
2025-06-11 21:01:58,641 - SUAS - DEBUG - [SUAS_main.main:543] - waypoint required 
2025-06-11 21:01:58,694 - SUAS - DEBUG - [SUAS_main.main:543] - waypoint required 
2025-06-11 21:01:58,746 - SUAS - DEBUG - [SUAS_main.main:543] - waypoint required 
2025-06-11 21:01:58,798 - SUAS - DEBUG - [SUAS_main.main:543] - waypoint required 
2025-06-11 21:01:58,850 - SUAS - DEBUG - [SUAS_main.main:543] - waypoint required 
2025-06-11 21:01:58,902 - SUAS - DEBUG - [SUAS_main.main:543] - waypoint required 
2025-06-11 21:01:58,954 - SUAS - DEBUG - [SUAS_main.main:543] - waypoint required 
2025-06-11 21:01:59,006 - SUAS - DEBUG - [SUAS_main.main:543] - waypoint required 
2025-06-11 21:01:59,058 - SUAS - DEBUG - [SUAS_main.main:543] - waypoint required 
2025-06-11 21:01:59,110 - SUAS - DEBUG - [SUAS_main.main:543] - waypoint required 
2025-06-11 21:01:59,162 - SUAS - DEBUG - [SUAS_main.main:543] - waypoint required 
2025-06-11 21:01:59,215 - SUAS - DEBUG - [SUAS_main.main:543] - waypoint required 
2025-06-11 21:01:59,267 - SUAS - DEBUG - [SUAS_main.main:543] - waypoint required 
2025-06-11 21:01:59,319 - SUAS - DEBUG - [SUAS_main.main:543] - waypoint required 
2025-06-11 21:01:59,372 - SUAS - DEBUG - [SUAS_main.main:543] - waypoint required 
2025-06-11 21:01:59,424 - SUAS - DEBUG - [SUAS_main.main:543] - waypoint required 
2025-06-11 21:01:59,476 - SUAS - DEBUG - [SUAS_main.main:543] - waypoint required 
2025-06-11 21:01:59,528 - SUAS - DEBUG - [SUAS_main.main:543] - waypoint required 
2025-06-11 21:01:59,580 - SUAS - DEBUG - [SUAS_main.main:543] - waypoint required 
2025-06-11 21:01:59,633 - SUAS - DEBUG - [SUAS_main.main:543] - waypoint required 
2025-06-11 21:01:59,685 - SUAS - DEBUG - [SUAS_main.main:543] - waypoint required 
2025-06-11 21:01:59,737 - SUAS - DEBUG - [SUAS_main.main:543] - waypoint required 
2025-06-11 21:01:59,789 - SUAS - DEBUG - [SUAS_main.main:543] - waypoint required 
2025-06-11 21:01:59,841 - SUAS - DEBUG - [SUAS_main.main:543] - waypoint required 
2025-06-11 21:01:59,893 - SUAS - DEBUG - [SUAS_main.main:543] - waypoint required 
2025-06-11 21:01:59,945 - SUAS - DEBUG - [SUAS_main.main:543] - waypoint required 
2025-06-11 21:01:59,996 - SUAS - DEBUG - [SUAS_main.main:543] - waypoint required 
2025-06-11 21:02:00,048 - SUAS - DEBUG - [SUAS_main.main:543] - waypoint required 
2025-06-11 21:02:00,099 - SUAS - DEBUG - [SUAS_main.main:543] - waypoint required 
2025-06-11 21:02:00,151 - SUAS - DEBUG - [SUAS_main.main:543] - waypoint required 
2025-06-11 21:02:00,202 - SUAS - DEBUG - [SUAS_main.main:543] - waypoint required 
2025-06-11 21:02:00,253 - SUAS - DEBUG - [SUAS_main.main:543] - waypoint required 
2025-06-11 21:02:00,304 - SUAS - DEBUG - [SUAS_main.main:543] - waypoint required 
2025-06-11 21:02:00,356 - SUAS - DEBUG - [SUAS_main.main:543] - waypoint required 
2025-06-11 21:02:00,408 - SUAS - DEBUG - [SUAS_main.main:543] - waypoint required 
2025-06-11 21:02:00,460 - SUAS - DEBUG - [SUAS_main.main:543] - waypoint required 
2025-06-11 21:02:00,511 - SUAS - DEBUG - [SUAS_main.main:543] - waypoint required 
2025-06-11 21:02:00,563 - SUAS - DEBUG - [SUAS_main.main:543] - waypoint required 
2025-06-11 21:02:00,615 - SUAS - DEBUG - [SUAS_main.main:543] - waypoint required 
2025-06-11 21:02:00,668 - SUAS - DEBUG - [SUAS_main.main:543] - waypoint required 
2025-06-11 21:02:00,719 - SUAS - DEBUG - [SUAS_main.main:543] - waypoint required 
2025-06-11 21:02:00,771 - SUAS - DEBUG - [SUAS_main.main:543] - waypoint required 
2025-06-11 21:02:00,823 - SUAS - DEBUG - [SUAS_main.main:543] - waypoint required 
2025-06-11 21:02:00,875 - SUAS - DEBUG - [SUAS_main.main:543] - waypoint required 
2025-06-11 21:02:00,927 - SUAS - DEBUG - [SUAS_main.main:543] - waypoint required 
2025-06-11 21:02:00,979 - SUAS - DEBUG - [SUAS_main.main:543] - waypoint required 
2025-06-11 21:02:01,032 - SUAS - DEBUG - [SUAS_main.main:543] - waypoint required 
2025-06-11 21:02:01,084 - SUAS - DEBUG - [SUAS_main.main:543] - waypoint required 
2025-06-11 21:02:01,135 - SUAS - DEBUG - [SUAS_main.main:543] - waypoint required 
2025-06-11 21:02:01,189 - SUAS - DEBUG - [SUAS_main.main:543] - waypoint required 
2025-06-11 21:02:01,243 - SUAS - DEBUG - [SUAS_main.main:543] - waypoint required 
2025-06-11 21:02:01,295 - SUAS - DEBUG - [SUAS_main.main:543] - waypoint required 
2025-06-11 21:02:01,347 - SUAS - DEBUG - [SUAS_main.main:543] - waypoint required 
2025-06-11 21:02:01,398 - SUAS - DEBUG - [SUAS_main.main:543] - waypoint required 
2025-06-11 21:02:01,450 - SUAS - DEBUG - [SUAS_main.main:543] - waypoint required 
2025-06-11 21:02:01,501 - SUAS - DEBUG - [SUAS_main.main:543] - waypoint required 
2025-06-11 21:02:01,552 - SUAS - DEBUG - [SUAS_main.main:543] - waypoint required 
2025-06-11 21:02:01,603 - SUAS - DEBUG - [SUAS_main.main:543] - waypoint required 
2025-06-11 21:02:01,655 - SUAS - DEBUG - [SUAS_main.main:543] - waypoint required 
2025-06-11 21:02:01,707 - SUAS - DEBUG - [SUAS_main.main:543] - waypoint required 
2025-06-11 21:02:01,758 - SUAS - DEBUG - [SUAS_main.main:543] - waypoint required 
2025-06-11 21:02:01,810 - SUAS - DEBUG - [SUAS_main.main:543] - waypoint required 
2025-06-11 21:02:01,862 - SUAS - DEBUG - [SUAS_main.main:543] - waypoint required 
2025-06-11 21:02:01,913 - SUAS - DEBUG - [SUAS_main.main:543] - waypoint required 
2025-06-11 21:02:01,964 - SUAS - DEBUG - [SUAS_main.main:543] - waypoint required 
2025-06-11 21:02:02,016 - SUAS - DEBUG - [SUAS_main.main:543] - waypoint required 
2025-06-11 21:02:02,068 - SUAS - DEBUG - [SUAS_main.main:543] - waypoint required 
2025-06-11 21:02:02,119 - SUAS - DEBUG - [SUAS_main.main:543] - waypoint required 
2025-06-11 21:02:02,171 - SUAS - DEBUG - [SUAS_main.main:543] - waypoint required 
2025-06-11 21:02:02,222 - SUAS - DEBUG - [SUAS_main.main:543] - waypoint required 
2025-06-11 21:02:02,273 - SUAS - DEBUG - [SUAS_main.main:543] - waypoint required 
2025-06-11 21:02:02,325 - SUAS - DEBUG - [SUAS_main.main:543] - waypoint required 
2025-06-11 21:02:02,376 - SUAS - DEBUG - [SUAS_main.main:543] - waypoint required 
2025-06-11 21:02:02,428 - SUAS - DEBUG - [SUAS_main.main:543] - waypoint required 
2025-06-11 21:02:02,480 - SUAS - DEBUG - [SUAS_main.main:543] - waypoint required 
2025-06-11 21:02:02,532 - SUAS - DEBUG - [SUAS_main.main:543] - waypoint required 
2025-06-11 21:02:02,583 - SUAS - DEBUG - [SUAS_main.main:543] - waypoint required 
2025-06-11 21:02:02,635 - SUAS - DEBUG - [SUAS_main.main:543] - waypoint required 
2025-06-11 21:02:02,686 - SUAS - DEBUG - [SUAS_main.main:543] - waypoint required 
2025-06-11 21:02:02,738 - SUAS - DEBUG - [SUAS_main.main:543] - waypoint required 
2025-06-11 21:02:02,790 - SUAS - DEBUG - [SUAS_main.main:543] - waypoint required 
2025-06-11 21:02:02,842 - SUAS - DEBUG - [SUAS_main.main:543] - waypoint required 
2025-06-11 21:02:02,894 - SUAS - DEBUG - [SUAS_main.main:543] - waypoint required 
2025-06-11 21:02:02,946 - SUAS - DEBUG - [SUAS_main.main:543] - waypoint required 
2025-06-11 21:02:02,998 - SUAS - DEBUG - [SUAS_main.main:543] - waypoint required 
2025-06-11 21:02:03,050 - SUAS - DEBUG - [SUAS_main.main:543] - waypoint required 
2025-06-11 21:02:03,101 - SUAS - DEBUG - [SUAS_main.main:543] - waypoint required 
2025-06-11 21:02:03,153 - SUAS - DEBUG - [SUAS_main.main:543] - waypoint required 
2025-06-11 21:02:03,204 - SUAS - DEBUG - [SUAS_main.main:543] - waypoint required 
2025-06-11 21:02:03,256 - SUAS - DEBUG - [SUAS_main.main:543] - waypoint required 
2025-06-11 21:02:03,307 - SUAS - DEBUG - [SUAS_main.main:543] - waypoint required 
2025-06-11 21:02:03,358 - SUAS - DEBUG - [SUAS_main.main:543] - waypoint required 
2025-06-11 21:02:03,410 - SUAS - DEBUG - [SUAS_main.main:543] - waypoint required 
2025-06-11 21:02:03,463 - SUAS - DEBUG - [SUAS_main.main:543] - waypoint required 
2025-06-11 21:02:03,515 - SUAS - DEBUG - [SUAS_main.main:543] - waypoint required 
2025-06-11 21:02:03,567 - SUAS - DEBUG - [SUAS_main.main:543] - waypoint required 
2025-06-11 21:02:03,619 - SUAS - DEBUG - [SUAS_main.main:543] - waypoint required 
2025-06-11 21:02:03,671 - SUAS - DEBUG - [SUAS_main.main:543] - waypoint required 
2025-06-11 21:02:03,723 - SUAS - DEBUG - [SUAS_main.main:543] - waypoint required 
2025-06-11 21:02:03,775 - SUAS - DEBUG - [SUAS_main.main:543] - waypoint required 
2025-06-11 21:02:03,827 - SUAS - DEBUG - [SUAS_main.main:543] - waypoint required 
2025-06-11 21:02:03,879 - SUAS - DEBUG - [SUAS_main.main:543] - waypoint required 
2025-06-11 21:02:03,931 - SUAS - DEBUG - [SUAS_main.main:543] - waypoint required 
2025-06-11 21:02:03,984 - SUAS - DEBUG - [SUAS_main.main:543] - waypoint required 
2025-06-11 21:02:04,037 - SUAS - DEBUG - [SUAS_main.main:543] - waypoint required 
2025-06-11 21:02:04,089 - SUAS - DEBUG - [SUAS_main.main:543] - waypoint required 
2025-06-11 21:02:04,141 - SUAS - DEBUG - [SUAS_main.main:543] - waypoint required 
2025-06-11 21:02:04,193 - SUAS - DEBUG - [SUAS_main.main:543] - waypoint required 
2025-06-11 21:02:04,246 - SUAS - DEBUG - [SUAS_main.main:543] - waypoint required 
2025-06-11 21:02:04,297 - SUAS - DEBUG - [SUAS_main.main:543] - waypoint required 
2025-06-11 21:02:04,349 - SUAS - DEBUG - [SUAS_main.main:543] - waypoint required 
2025-06-11 21:02:04,401 - SUAS - DEBUG - [SUAS_main.main:543] - waypoint required 
2025-06-11 21:02:04,452 - SUAS - DEBUG - [SUAS_main.main:543] - waypoint required 
2025-06-11 21:02:04,506 - SUAS - DEBUG - [SUAS_main.main:543] - waypoint required 
2025-06-11 21:02:04,557 - SUAS - DEBUG - [SUAS_main.main:543] - waypoint required 
2025-06-11 21:02:04,610 - SUAS - DEBUG - [SUAS_main.main:543] - waypoint required 
2025-06-11 21:02:04,662 - SUAS - DEBUG - [SUAS_main.main:543] - waypoint required 
2025-06-11 21:02:04,714 - SUAS - DEBUG - [SUAS_main.main:543] - waypoint required 
2025-06-11 21:02:04,765 - SUAS - DEBUG - [SUAS_main.main:543] - waypoint required 
2025-06-11 21:02:04,817 - SUAS - DEBUG - [SUAS_main.main:543] - waypoint required 
2025-06-11 21:02:04,869 - SUAS - DEBUG - [SUAS_main.main:543] - waypoint required 
2025-06-11 21:02:04,921 - SUAS - DEBUG - [SUAS_main.main:543] - waypoint required 
2025-06-11 21:02:04,972 - SUAS - DEBUG - [SUAS_main.main:543] - waypoint required 
2025-06-11 21:02:05,024 - SUAS - DEBUG - [SUAS_main.main:543] - waypoint required 
2025-06-11 21:02:05,076 - SUAS - DEBUG - [SUAS_main.main:543] - waypoint required 
2025-06-11 21:02:05,128 - SUAS - DEBUG - [SUAS_main.main:543] - waypoint required 
2025-06-11 21:02:05,180 - SUAS - DEBUG - [SUAS_main.main:543] - waypoint required 
2025-06-11 21:02:05,232 - SUAS - DEBUG - [SUAS_main.main:543] - waypoint required 
2025-06-11 21:02:05,283 - SUAS - DEBUG - [SUAS_main.main:543] - waypoint required 
2025-06-11 21:02:05,335 - SUAS - DEBUG - [SUAS_main.main:543] - waypoint required 
2025-06-11 21:02:05,386 - SUAS - DEBUG - [SUAS_main.main:543] - waypoint required 
2025-06-11 21:02:05,438 - SUAS - DEBUG - [SUAS_main.main:543] - waypoint required 
2025-06-11 21:02:05,490 - SUAS - DEBUG - [SUAS_main.main:543] - waypoint required 
2025-06-11 21:02:05,542 - SUAS - DEBUG - [SUAS_main.main:543] - waypoint required 
2025-06-11 21:02:05,594 - SUAS - DEBUG - [SUAS_main.main:543] - waypoint required 
2025-06-11 21:02:05,646 - SUAS - DEBUG - [SUAS_main.main:543] - waypoint required 
2025-06-11 21:02:05,699 - SUAS - DEBUG - [SUAS_main.main:543] - waypoint required 
2025-06-11 21:02:05,751 - SUAS - DEBUG - [SUAS_main.main:543] - waypoint required 
2025-06-11 21:02:05,803 - SUAS - DEBUG - [SUAS_main.main:543] - waypoint required 
2025-06-11 21:02:05,855 - SUAS - DEBUG - [SUAS_main.main:543] - waypoint required 
2025-06-11 21:02:05,907 - SUAS - DEBUG - [SUAS_main.main:543] - waypoint required 
2025-06-11 21:02:05,959 - SUAS - DEBUG - [SUAS_main.main:543] - waypoint required 
2025-06-11 21:02:06,011 - SUAS - DEBUG - [SUAS_main.main:543] - waypoint required 
2025-06-11 21:02:06,062 - SUAS - DEBUG - [SUAS_main.main:543] - waypoint required 
2025-06-11 21:02:06,114 - SUAS - DEBUG - [SUAS_main.main:543] - waypoint required 
2025-06-11 21:02:06,165 - SUAS - DEBUG - [SUAS_main.main:543] - waypoint required 
2025-06-11 21:02:06,216 - SUAS - DEBUG - [SUAS_main.main:543] - waypoint required 
2025-06-11 21:02:06,268 - SUAS - DEBUG - [SUAS_main.main:543] - waypoint required 
2025-06-11 21:02:06,320 - SUAS - DEBUG - [SUAS_main.main:543] - waypoint required 
2025-06-11 21:02:06,371 - SUAS - DEBUG - [SUAS_main.main:543] - waypoint required 
2025-06-11 21:02:06,422 - SUAS - DEBUG - [SUAS_main.main:543] - waypoint required 
2025-06-11 21:02:06,475 - SUAS - DEBUG - [SUAS_main.main:543] - waypoint required 
2025-06-11 21:02:06,527 - SUAS - DEBUG - [SUAS_main.main:543] - waypoint required 
2025-06-11 21:02:06,579 - SUAS - DEBUG - [SUAS_main.main:543] - waypoint required 
2025-06-11 21:02:06,631 - SUAS - DEBUG - [SUAS_main.main:543] - waypoint required 
2025-06-11 21:02:06,683 - SUAS - DEBUG - [SUAS_main.main:543] - waypoint required 
2025-06-11 21:02:06,736 - SUAS - DEBUG - [SUAS_main.main:543] - waypoint required 
2025-06-11 21:02:06,788 - SUAS - DEBUG - [SUAS_main.main:543] - waypoint required 
2025-06-11 21:02:06,841 - SUAS - DEBUG - [SUAS_main.main:543] - waypoint required 
2025-06-11 21:02:06,894 - SUAS - DEBUG - [SUAS_main.main:543] - waypoint required 
2025-06-11 21:02:06,946 - SUAS - DEBUG - [SUAS_main.main:543] - waypoint required 
2025-06-11 21:02:06,999 - SUAS - DEBUG - [SUAS_main.main:543] - waypoint required 
2025-06-11 21:02:07,051 - SUAS - DEBUG - [SUAS_main.main:543] - waypoint required 
2025-06-11 21:02:07,103 - SUAS - DEBUG - [SUAS_main.main:543] - waypoint required 
2025-06-11 21:02:07,155 - SUAS - DEBUG - [SUAS_main.main:543] - waypoint required 
2025-06-11 21:02:07,207 - SUAS - DEBUG - [SUAS_main.main:543] - waypoint required 
2025-06-11 21:02:07,259 - SUAS - DEBUG - [SUAS_main.main:543] - waypoint required 
2025-06-11 21:02:07,311 - SUAS - DEBUG - [SUAS_main.main:543] - waypoint required 
2025-06-11 21:02:07,363 - SUAS - DEBUG - [SUAS_main.main:543] - waypoint required 
2025-06-11 21:02:07,415 - SUAS - DEBUG - [SUAS_main.main:543] - waypoint required 
2025-06-11 21:02:07,467 - SUAS - DEBUG - [SUAS_main.main:543] - waypoint required 
2025-06-11 21:02:07,519 - SUAS - DEBUG - [SUAS_main.main:543] - waypoint required 
2025-06-11 21:02:07,571 - SUAS - DEBUG - [SUAS_main.main:543] - waypoint required 
2025-06-11 21:02:07,623 - SUAS - DEBUG - [SUAS_main.main:543] - waypoint required 
2025-06-11 21:02:07,676 - SUAS - DEBUG - [SUAS_main.main:543] - waypoint required 
2025-06-11 21:02:07,728 - SUAS - DEBUG - [SUAS_main.main:543] - waypoint required 
2025-06-11 21:02:07,780 - SUAS - DEBUG - [SUAS_main.main:543] - waypoint required 
2025-06-11 21:02:07,833 - SUAS - DEBUG - [SUAS_main.main:543] - waypoint required 
2025-06-11 21:02:07,885 - SUAS - DEBUG - [SUAS_main.main:543] - waypoint required 
2025-06-11 21:02:07,937 - SUAS - DEBUG - [SUAS_main.main:543] - waypoint required 
2025-06-11 21:02:07,989 - SUAS - DEBUG - [SUAS_main.main:543] - waypoint required 
2025-06-11 21:02:08,042 - SUAS - DEBUG - [SUAS_main.main:543] - waypoint required 
2025-06-11 21:02:08,094 - SUAS - DEBUG - [SUAS_main.main:543] - waypoint required 
2025-06-11 21:02:08,146 - SUAS - DEBUG - [SUAS_main.main:543] - waypoint required 
2025-06-11 21:02:08,198 - SUAS - DEBUG - [SUAS_main.main:543] - waypoint required 
2025-06-11 21:02:08,249 - SUAS - DEBUG - [SUAS_main.main:543] - waypoint required 
2025-06-11 21:02:08,301 - SUAS - DEBUG - [SUAS_main.main:543] - waypoint required 
2025-06-11 21:02:08,353 - SUAS - DEBUG - [SUAS_main.main:543] - waypoint required 
2025-06-11 21:02:08,405 - SUAS - DEBUG - [SUAS_main.main:543] - waypoint required 
2025-06-11 21:02:08,457 - SUAS - DEBUG - [SUAS_main.main:543] - waypoint required 
2025-06-11 21:02:08,509 - SUAS - DEBUG - [SUAS_main.main:543] - waypoint required 
2025-06-11 21:02:08,561 - SUAS - DEBUG - [SUAS_main.main:543] - waypoint required 
2025-06-11 21:02:08,613 - SUAS - DEBUG - [SUAS_main.main:543] - waypoint required 
2025-06-11 21:02:08,665 - SUAS - DEBUG - [SUAS_main.main:543] - waypoint required 
2025-06-11 21:02:08,717 - SUAS - DEBUG - [SUAS_main.main:543] - waypoint required 
2025-06-11 21:02:08,769 - SUAS - DEBUG - [SUAS_main.main:543] - waypoint required 
2025-06-11 21:02:08,821 - SUAS - DEBUG - [SUAS_main.main:543] - waypoint required 
2025-06-11 21:02:08,873 - SUAS - DEBUG - [SUAS_main.main:543] - waypoint required 
2025-06-11 21:02:08,925 - SUAS - DEBUG - [SUAS_main.main:543] - waypoint required 
2025-06-11 21:02:08,977 - SUAS - DEBUG - [SUAS_main.main:543] - waypoint required 
2025-06-11 21:02:09,030 - SUAS - DEBUG - [SUAS_main.main:543] - waypoint required 
2025-06-11 21:02:09,083 - SUAS - DEBUG - [SUAS_main.main:543] - waypoint required 
2025-06-11 21:02:09,135 - SUAS - DEBUG - [SUAS_main.main:543] - waypoint required 
2025-06-11 21:02:09,187 - SUAS - DEBUG - [SUAS_main.main:543] - waypoint required 
2025-06-11 21:02:09,239 - SUAS - DEBUG - [SUAS_main.main:543] - waypoint required 
2025-06-11 21:02:09,291 - SUAS - DEBUG - [SUAS_main.main:543] - waypoint required 
2025-06-11 21:02:09,342 - SUAS - DEBUG - [SUAS_main.main:543] - waypoint required 
2025-06-11 21:02:09,394 - SUAS - DEBUG - [SUAS_main.main:543] - waypoint required 
2025-06-11 21:02:09,445 - SUAS - DEBUG - [SUAS_main.main:543] - waypoint required 
2025-06-11 21:02:09,496 - SUAS - DEBUG - [SUAS_main.main:543] - waypoint required 
2025-06-11 21:02:09,547 - SUAS - DEBUG - [SUAS_main.main:543] - waypoint required 
2025-06-11 21:02:09,599 - SUAS - DEBUG - [SUAS_main.main:543] - waypoint required 
2025-06-11 21:02:09,650 - SUAS - DEBUG - [SUAS_main.main:543] - waypoint required 
2025-06-11 21:02:09,702 - SUAS - DEBUG - [SUAS_main.main:543] - waypoint required 
2025-06-11 21:02:09,754 - SUAS - DEBUG - [SUAS_main.main:543] - waypoint required 
2025-06-11 21:02:09,805 - SUAS - DEBUG - [SUAS_main.main:543] - waypoint required 
2025-06-11 21:02:09,857 - SUAS - DEBUG - [SUAS_main.main:543] - waypoint required 
2025-06-11 21:02:09,909 - SUAS - DEBUG - [SUAS_main.main:543] - waypoint required 
2025-06-11 21:02:09,960 - SUAS - DEBUG - [SUAS_main.main:543] - waypoint required 
2025-06-11 21:02:10,012 - SUAS - DEBUG - [SUAS_main.main:543] - waypoint required 
2025-06-11 21:02:10,063 - SUAS - DEBUG - [SUAS_main.main:543] - waypoint required 
2025-06-11 21:02:10,114 - SUAS - DEBUG - [SUAS_main.main:543] - waypoint required 
2025-06-11 21:02:10,166 - SUAS - DEBUG - [SUAS_main.main:543] - waypoint required 
2025-06-11 21:02:10,218 - SUAS - DEBUG - [SUAS_main.main:543] - waypoint required 
2025-06-11 21:02:10,269 - SUAS - DEBUG - [SUAS_main.main:543] - waypoint required 
2025-06-11 21:02:10,321 - SUAS - DEBUG - [SUAS_main.main:543] - waypoint required 
2025-06-11 21:02:10,372 - SUAS - DEBUG - [SUAS_main.main:543] - waypoint required 
2025-06-11 21:02:10,423 - SUAS - DEBUG - [SUAS_main.main:543] - waypoint required 
2025-06-11 21:02:10,474 - SUAS - DEBUG - [SUAS_main.main:543] - waypoint required 
2025-06-11 21:02:10,526 - SUAS - DEBUG - [SUAS_main.main:543] - waypoint required 
2025-06-11 21:02:10,577 - SUAS - DEBUG - [SUAS_main.main:543] - waypoint required 
2025-06-11 21:02:10,628 - SUAS - DEBUG - [SUAS_main.main:543] - waypoint required 
2025-06-11 21:02:10,680 - SUAS - DEBUG - [SUAS_main.main:543] - waypoint required 
2025-06-11 21:02:10,733 - SUAS - DEBUG - [SUAS_main.main:543] - waypoint required 
2025-06-11 21:02:10,785 - SUAS - DEBUG - [SUAS_main.main:543] - waypoint required 
2025-06-11 21:02:10,837 - SUAS - DEBUG - [SUAS_main.main:543] - waypoint required 
2025-06-11 21:02:10,889 - SUAS - DEBUG - [SUAS_main.main:543] - waypoint required 
2025-06-11 21:02:10,940 - SUAS - DEBUG - [SUAS_main.main:543] - waypoint required 
2025-06-11 21:02:10,993 - SUAS - DEBUG - [SUAS_main.main:543] - waypoint required 
2025-06-11 21:02:11,044 - SUAS - DEBUG - [SUAS_main.main:543] - waypoint required 
2025-06-11 21:02:11,096 - SUAS - DEBUG - [SUAS_main.main:543] - waypoint required 
2025-06-11 21:02:11,148 - SUAS - DEBUG - [SUAS_main.main:543] - waypoint required 
2025-06-11 21:02:11,199 - SUAS - DEBUG - [SUAS_main.main:543] - waypoint required 
2025-06-11 21:02:11,251 - SUAS - DEBUG - [SUAS_main.main:543] - waypoint required 
2025-06-11 21:02:11,302 - SUAS - DEBUG - [SUAS_main.main:543] - waypoint required 
2025-06-11 21:02:11,353 - SUAS - DEBUG - [SUAS_main.main:543] - waypoint required 
2025-06-11 21:02:11,405 - SUAS - DEBUG - [SUAS_main.main:543] - waypoint required 
2025-06-11 21:02:11,457 - SUAS - DEBUG - [SUAS_main.main:543] - waypoint required 
2025-06-11 21:02:11,508 - SUAS - DEBUG - [SUAS_main.main:543] - waypoint required 
2025-06-11 21:02:11,559 - SUAS - DEBUG - [SUAS_main.main:543] - waypoint required 
2025-06-11 21:02:11,611 - SUAS - DEBUG - [SUAS_main.main:543] - waypoint required 
2025-06-11 21:02:11,663 - SUAS - DEBUG - [SUAS_main.main:543] - waypoint required 
2025-06-11 21:02:11,714 - SUAS - DEBUG - [SUAS_main.main:543] - waypoint required 
2025-06-11 21:02:11,767 - SUAS - DEBUG - [SUAS_main.main:543] - waypoint required 
2025-06-11 21:02:11,818 - SUAS - DEBUG - [SUAS_main.main:543] - waypoint required 
2025-06-11 21:02:11,869 - SUAS - DEBUG - [SUAS_main.main:543] - waypoint required 
2025-06-11 21:02:11,921 - SUAS - DEBUG - [SUAS_main.main:543] - waypoint required 
2025-06-11 21:02:11,973 - SUAS - DEBUG - [SUAS_main.main:543] - waypoint required 
2025-06-11 21:02:12,024 - SUAS - DEBUG - [SUAS_main.main:543] - waypoint required 
2025-06-11 21:02:12,076 - SUAS - DEBUG - [SUAS_main.main:543] - waypoint required 
2025-06-11 21:02:12,128 - SUAS - DEBUG - [SUAS_main.main:543] - waypoint required 
2025-06-11 21:02:12,180 - SUAS - DEBUG - [SUAS_main.main:543] - waypoint required 
2025-06-11 21:02:12,232 - SUAS - DEBUG - [SUAS_main.main:543] - waypoint required 
2025-06-11 21:02:12,284 - SUAS - DEBUG - [SUAS_main.main:543] - waypoint required 
2025-06-11 21:02:12,335 - SUAS - DEBUG - [SUAS_main.main:543] - waypoint required 
2025-06-11 21:02:12,387 - SUAS - DEBUG - [SUAS_main.main:543] - waypoint required 
2025-06-11 21:02:12,438 - SUAS - DEBUG - [SUAS_main.main:543] - waypoint required 
2025-06-11 21:02:12,491 - SUAS - DEBUG - [SUAS_main.main:543] - waypoint required 
2025-06-11 21:02:12,543 - SUAS - DEBUG - [SUAS_main.main:543] - waypoint required 
2025-06-11 21:02:12,594 - SUAS - DEBUG - [SUAS_main.main:543] - waypoint required 
2025-06-11 21:02:12,645 - SUAS - DEBUG - [SUAS_main.main:543] - waypoint required 
2025-06-11 21:02:12,697 - SUAS - DEBUG - [SUAS_main.main:543] - waypoint required 
2025-06-11 21:02:12,750 - SUAS - DEBUG - [SUAS_main.main:543] - waypoint required 
2025-06-11 21:02:12,802 - SUAS - DEBUG - [SUAS_main.main:543] - waypoint required 
2025-06-11 21:02:12,853 - SUAS - DEBUG - [SUAS_main.main:543] - waypoint required 
2025-06-11 21:02:12,905 - SUAS - DEBUG - [SUAS_main.main:543] - waypoint required 
2025-06-11 21:02:12,957 - SUAS - DEBUG - [SUAS_main.main:543] - waypoint required 
2025-06-11 21:02:13,009 - SUAS - DEBUG - [SUAS_main.main:543] - waypoint required 
2025-06-11 21:02:13,061 - SUAS - DEBUG - [SUAS_main.main:543] - waypoint required 
2025-06-11 21:02:13,113 - SUAS - DEBUG - [SUAS_main.main:543] - waypoint required 
2025-06-11 21:02:13,165 - SUAS - DEBUG - [SUAS_main.main:543] - waypoint required 
2025-06-11 21:02:13,217 - SUAS - DEBUG - [SUAS_main.main:543] - waypoint required 
2025-06-11 21:02:13,269 - SUAS - DEBUG - [SUAS_main.main:543] - waypoint required 
2025-06-11 21:02:13,321 - SUAS - DEBUG - [SUAS_main.main:543] - waypoint required 
2025-06-11 21:02:13,372 - SUAS - DEBUG - [SUAS_main.main:543] - waypoint required 
2025-06-11 21:02:13,424 - SUAS - DEBUG - [SUAS_main.main:543] - waypoint required 
2025-06-11 21:02:13,476 - SUAS - DEBUG - [SUAS_main.main:543] - waypoint required 
2025-06-11 21:02:13,528 - SUAS - DEBUG - [SUAS_main.main:543] - waypoint required 
2025-06-11 21:02:13,579 - SUAS - DEBUG - [SUAS_main.main:543] - waypoint required 
2025-06-11 21:02:13,631 - SUAS - DEBUG - [SUAS_main.main:543] - waypoint required 
2025-06-11 21:02:13,683 - SUAS - DEBUG - [SUAS_main.main:543] - waypoint required 
2025-06-11 21:02:13,735 - SUAS - DEBUG - [SUAS_main.main:543] - waypoint required 
2025-06-11 21:02:13,787 - SUAS - DEBUG - [SUAS_main.main:543] - waypoint required 
2025-06-11 21:02:13,839 - SUAS - DEBUG - [SUAS_main.main:543] - waypoint required 
2025-06-11 21:02:13,890 - SUAS - DEBUG - [SUAS_main.main:543] - waypoint required 
2025-06-11 21:02:13,942 - SUAS - DEBUG - [SUAS_main.main:543] - waypoint required 
2025-06-11 21:02:13,995 - SUAS - DEBUG - [SUAS_main.main:543] - waypoint required 
2025-06-11 21:02:14,047 - SUAS - DEBUG - [SUAS_main.main:543] - waypoint required 
2025-06-11 21:02:14,098 - SUAS - DEBUG - [SUAS_main.main:543] - waypoint required 
2025-06-11 21:02:14,151 - SUAS - DEBUG - [SUAS_main.main:543] - waypoint required 
2025-06-11 21:02:14,203 - SUAS - DEBUG - [SUAS_main.main:543] - waypoint required 
2025-06-11 21:02:14,255 - SUAS - DEBUG - [SUAS_main.main:543] - waypoint required 
2025-06-11 21:02:14,307 - SUAS - DEBUG - [SUAS_main.main:543] - waypoint required 
2025-06-11 21:02:14,359 - SUAS - DEBUG - [SUAS_main.main:543] - waypoint required 
2025-06-11 21:02:14,410 - SUAS - DEBUG - [SUAS_main.main:543] - waypoint required 
2025-06-11 21:02:14,462 - SUAS - DEBUG - [SUAS_main.main:543] - waypoint required 
2025-06-11 21:02:14,514 - SUAS - DEBUG - [SUAS_main.main:543] - waypoint required 
2025-06-11 21:02:14,566 - SUAS - DEBUG - [SUAS_main.main:543] - waypoint required 
2025-06-11 21:02:14,618 - SUAS - DEBUG - [SUAS_main.main:543] - waypoint required 
2025-06-11 21:02:14,669 - SUAS - DEBUG - [SUAS_main.main:543] - waypoint required 
2025-06-11 21:02:14,722 - SUAS - DEBUG - [SUAS_main.main:543] - waypoint required 
2025-06-11 21:02:14,774 - SUAS - DEBUG - [SUAS_main.main:543] - waypoint required 
2025-06-11 21:02:14,825 - SUAS - DEBUG - [SUAS_main.main:543] - waypoint required 
2025-06-11 21:02:14,877 - SUAS - DEBUG - [SUAS_main.main:543] - waypoint required 
2025-06-11 21:02:14,930 - SUAS - DEBUG - [SUAS_main.main:543] - waypoint required 
2025-06-11 21:02:14,981 - SUAS - DEBUG - [SUAS_main.main:543] - waypoint required 
2025-06-11 21:02:15,033 - SUAS - DEBUG - [SUAS_main.main:543] - waypoint required 
2025-06-11 21:02:15,085 - SUAS - DEBUG - [SUAS_main.main:543] - waypoint required 
2025-06-11 21:02:15,137 - SUAS - DEBUG - [SUAS_main.main:543] - waypoint required 
2025-06-11 21:02:15,190 - SUAS - DEBUG - [SUAS_main.main:543] - waypoint required 
2025-06-11 21:02:15,242 - SUAS - DEBUG - [SUAS_main.main:543] - waypoint required 
2025-06-11 21:02:15,294 - SUAS - DEBUG - [SUAS_main.main:543] - waypoint required 
2025-06-11 21:02:15,345 - SUAS - DEBUG - [SUAS_main.main:543] - waypoint required 
2025-06-11 21:02:15,396 - SUAS - DEBUG - [SUAS_main.main:543] - waypoint required 
2025-06-11 21:02:15,448 - SUAS - DEBUG - [SUAS_main.main:543] - waypoint required 
2025-06-11 21:02:15,500 - SUAS - DEBUG - [SUAS_main.main:543] - waypoint required 
2025-06-11 21:02:15,552 - SUAS - DEBUG - [SUAS_main.main:543] - waypoint required 
2025-06-11 21:02:15,604 - SUAS - DEBUG - [SUAS_main.main:543] - waypoint required 
2025-06-11 21:02:15,656 - SUAS - DEBUG - [SUAS_main.main:543] - waypoint required 
2025-06-11 21:02:15,709 - SUAS - DEBUG - [SUAS_main.main:543] - waypoint required 
2025-06-11 21:02:15,760 - SUAS - DEBUG - [SUAS_main.main:543] - waypoint required 
2025-06-11 21:02:15,812 - SUAS - DEBUG - [SUAS_main.main:543] - waypoint required 
2025-06-11 21:02:15,864 - SUAS - DEBUG - [SUAS_main.main:543] - waypoint required 
2025-06-11 21:02:15,916 - SUAS - DEBUG - [SUAS_main.main:543] - waypoint required 
2025-06-11 21:02:15,968 - SUAS - DEBUG - [SUAS_main.main:543] - waypoint required 
2025-06-11 21:02:16,020 - SUAS - DEBUG - [SUAS_main.main:543] - waypoint required 
2025-06-11 21:02:16,072 - SUAS - DEBUG - [SUAS_main.main:543] - waypoint required 
2025-06-11 21:02:16,125 - SUAS - DEBUG - [SUAS_main.main:543] - waypoint required 
2025-06-11 21:02:16,177 - SUAS - DEBUG - [SUAS_main.main:543] - waypoint required 
2025-06-11 21:02:16,229 - SUAS - DEBUG - [SUAS_main.main:543] - waypoint required 
2025-06-11 21:02:16,281 - SUAS - DEBUG - [SUAS_main.main:543] - waypoint required 
2025-06-11 21:02:16,334 - SUAS - DEBUG - [SUAS_main.main:543] - waypoint required 
2025-06-11 21:02:16,386 - SUAS - DEBUG - [SUAS_main.main:543] - waypoint required 
2025-06-11 21:02:16,437 - SUAS - DEBUG - [SUAS_main.main:543] - waypoint required 
2025-06-11 21:02:16,489 - SUAS - DEBUG - [SUAS_main.main:543] - waypoint required 
2025-06-11 21:02:16,541 - SUAS - DEBUG - [SUAS_main.main:543] - waypoint required 
2025-06-11 21:02:16,594 - SUAS - DEBUG - [SUAS_main.main:543] - waypoint required 
2025-06-11 21:02:16,646 - SUAS - DEBUG - [SUAS_main.main:543] - waypoint required 
2025-06-11 21:02:16,698 - SUAS - DEBUG - [SUAS_main.main:543] - waypoint required 
2025-06-11 21:02:16,749 - SUAS - DEBUG - [SUAS_main.main:543] - waypoint required 
2025-06-11 21:02:16,801 - SUAS - DEBUG - [SUAS_main.main:543] - waypoint required 
2025-06-11 21:02:16,853 - SUAS - DEBUG - [SUAS_main.main:543] - waypoint required 
2025-06-11 21:02:16,905 - SUAS - DEBUG - [SUAS_main.main:543] - waypoint required 
2025-06-11 21:02:16,957 - SUAS - DEBUG - [SUAS_main.main:543] - waypoint required 
2025-06-11 21:02:17,009 - SUAS - DEBUG - [SUAS_main.main:543] - waypoint required 
2025-06-11 21:02:17,062 - SUAS - DEBUG - [SUAS_main.main:543] - waypoint required 
2025-06-11 21:02:17,114 - SUAS - DEBUG - [SUAS_main.main:543] - waypoint required 
2025-06-11 21:02:17,166 - SUAS - DEBUG - [SUAS_main.main:543] - waypoint required 
2025-06-11 21:02:17,218 - SUAS - DEBUG - [SUAS_main.main:543] - waypoint required 
2025-06-11 21:02:17,269 - SUAS - DEBUG - [SUAS_main.main:543] - waypoint required 
2025-06-11 21:02:17,321 - SUAS - DEBUG - [SUAS_main.main:543] - waypoint required 
2025-06-11 21:02:17,374 - SUAS - DEBUG - [SUAS_main.main:543] - waypoint required 
2025-06-11 21:02:17,426 - SUAS - DEBUG - [SUAS_main.main:543] - waypoint required 
2025-06-11 21:02:17,477 - SUAS - DEBUG - [SUAS_main.main:543] - waypoint required 
2025-06-11 21:02:17,530 - SUAS - DEBUG - [SUAS_main.main:543] - waypoint required 
2025-06-11 21:02:17,581 - SUAS - DEBUG - [SUAS_main.main:543] - waypoint required 
2025-06-11 21:02:17,633 - SUAS - DEBUG - [SUAS_main.main:543] - waypoint required 
2025-06-11 21:02:17,686 - SUAS - DEBUG - [SUAS_main.main:543] - waypoint required 
2025-06-11 21:02:17,738 - SUAS - DEBUG - [SUAS_main.main:543] - waypoint required 
2025-06-11 21:02:17,790 - SUAS - DEBUG - [SUAS_main.main:543] - waypoint required 
2025-06-11 21:02:17,842 - SUAS - DEBUG - [SUAS_main.main:543] - waypoint required 
2025-06-11 21:02:17,894 - SUAS - DEBUG - [SUAS_main.main:543] - waypoint required 
2025-06-11 21:02:17,946 - SUAS - DEBUG - [SUAS_main.main:543] - waypoint required 
2025-06-11 21:02:17,998 - SUAS - DEBUG - [SUAS_main.main:543] - waypoint required 
2025-06-11 21:02:18,051 - SUAS - DEBUG - [SUAS_main.main:543] - waypoint required 
2025-06-11 21:02:18,103 - SUAS - DEBUG - [SUAS_main.main:543] - waypoint required 
2025-06-11 21:02:18,155 - SUAS - DEBUG - [SUAS_main.main:543] - waypoint required 
2025-06-11 21:02:18,207 - SUAS - DEBUG - [SUAS_main.main:543] - waypoint required 
2025-06-11 21:02:18,260 - SUAS - DEBUG - [SUAS_main.main:543] - waypoint required 
2025-06-11 21:02:18,312 - SUAS - DEBUG - [SUAS_main.main:543] - waypoint required 
2025-06-11 21:02:18,364 - SUAS - DEBUG - [SUAS_main.main:543] - waypoint required 
2025-06-11 21:02:18,416 - SUAS - DEBUG - [SUAS_main.main:543] - waypoint required 
2025-06-11 21:02:18,468 - SUAS - DEBUG - [SUAS_main.main:543] - waypoint required 
2025-06-11 21:02:18,520 - SUAS - DEBUG - [SUAS_main.main:543] - waypoint required 
2025-06-11 21:02:18,572 - SUAS - DEBUG - [SUAS_main.main:543] - waypoint required 
2025-06-11 21:02:18,625 - SUAS - DEBUG - [SUAS_main.main:543] - waypoint required 
2025-06-11 21:02:18,677 - SUAS - DEBUG - [SUAS_main.main:543] - waypoint required 
2025-06-11 21:02:18,730 - SUAS - DEBUG - [SUAS_main.main:543] - waypoint required 
2025-06-11 21:02:18,782 - SUAS - DEBUG - [SUAS_main.main:543] - waypoint required 
2025-06-11 21:02:18,834 - SUAS - DEBUG - [SUAS_main.main:543] - waypoint required 
2025-06-11 21:02:18,886 - SUAS - DEBUG - [SUAS_main.main:543] - waypoint required 
2025-06-11 21:02:18,938 - SUAS - DEBUG - [SUAS_main.main:543] - waypoint required 
2025-06-11 21:02:18,991 - SUAS - DEBUG - [SUAS_main.main:543] - waypoint required 
2025-06-11 21:02:19,043 - SUAS - DEBUG - [SUAS_main.main:543] - waypoint required 
2025-06-11 21:02:19,095 - SUAS - DEBUG - [SUAS_main.main:543] - waypoint required 
2025-06-11 21:02:19,147 - SUAS - DEBUG - [SUAS_main.main:543] - waypoint required 
2025-06-11 21:02:19,199 - SUAS - DEBUG - [SUAS_main.main:543] - waypoint required 
2025-06-11 21:02:19,251 - SUAS - DEBUG - [SUAS_main.main:543] - waypoint required 
2025-06-11 21:02:19,303 - SUAS - DEBUG - [SUAS_main.main:543] - waypoint required 
2025-06-11 21:02:19,354 - SUAS - DEBUG - [SUAS_main.main:543] - waypoint required 
2025-06-11 21:02:19,405 - SUAS - DEBUG - [SUAS_main.main:543] - waypoint required 
2025-06-11 21:02:19,457 - SUAS - DEBUG - [SUAS_main.main:543] - waypoint required 
2025-06-11 21:02:19,508 - SUAS - DEBUG - [SUAS_main.main:543] - waypoint required 
2025-06-11 21:02:19,560 - SUAS - DEBUG - [SUAS_main.main:543] - waypoint required 
2025-06-11 21:02:19,611 - SUAS - DEBUG - [SUAS_main.main:543] - waypoint required 
2025-06-11 21:02:19,663 - SUAS - DEBUG - [SUAS_main.main:543] - waypoint required 
2025-06-11 21:02:19,715 - SUAS - DEBUG - [SUAS_main.main:543] - waypoint required 
2025-06-11 21:02:19,766 - SUAS - DEBUG - [SUAS_main.main:543] - waypoint required 
2025-06-11 21:02:19,818 - SUAS - DEBUG - [SUAS_main.main:543] - waypoint required 
2025-06-11 21:02:19,870 - SUAS - DEBUG - [SUAS_main.main:543] - waypoint required 
2025-06-11 21:02:19,922 - SUAS - DEBUG - [SUAS_main.main:543] - waypoint required 
2025-06-11 21:02:19,973 - SUAS - DEBUG - [SUAS_main.main:543] - waypoint required 
2025-06-11 21:02:20,025 - SUAS - DEBUG - [SUAS_main.main:543] - waypoint required 
2025-06-11 21:02:20,076 - SUAS - DEBUG - [SUAS_main.main:543] - waypoint required 
2025-06-11 21:02:20,128 - SUAS - DEBUG - [SUAS_main.main:543] - waypoint required 
2025-06-11 21:02:20,180 - SUAS - DEBUG - [SUAS_main.main:543] - waypoint required 
2025-06-11 21:02:20,232 - SUAS - DEBUG - [SUAS_main.main:543] - waypoint required 
2025-06-11 21:02:20,285 - SUAS - DEBUG - [SUAS_main.main:543] - waypoint required 
2025-06-11 21:02:20,337 - SUAS - DEBUG - [SUAS_main.main:543] - waypoint required 
2025-06-11 21:02:20,389 - SUAS - DEBUG - [SUAS_main.main:543] - waypoint required 
2025-06-11 21:02:20,441 - SUAS - DEBUG - [SUAS_main.main:543] - waypoint required 
2025-06-11 21:02:20,493 - SUAS - DEBUG - [SUAS_main.main:543] - waypoint required 
2025-06-11 21:02:20,545 - SUAS - DEBUG - [SUAS_main.main:543] - waypoint required 
2025-06-11 21:02:20,597 - SUAS - DEBUG - [SUAS_main.main:543] - waypoint required 
2025-06-11 21:02:20,650 - SUAS - DEBUG - [SUAS_main.main:543] - waypoint required 
2025-06-11 21:02:20,702 - SUAS - DEBUG - [SUAS_main.main:543] - waypoint required 
2025-06-11 21:02:20,755 - SUAS - DEBUG - [SUAS_main.main:543] - waypoint required 
2025-06-11 21:02:20,808 - SUAS - DEBUG - [SUAS_main.main:543] - waypoint required 
2025-06-11 21:02:20,860 - SUAS - DEBUG - [SUAS_main.main:543] - waypoint required 
2025-06-11 21:02:20,912 - SUAS - DEBUG - [SUAS_main.main:543] - waypoint required 
2025-06-11 21:02:20,964 - SUAS - DEBUG - [SUAS_main.main:543] - waypoint required 
2025-06-11 21:02:21,017 - SUAS - DEBUG - [SUAS_main.main:543] - waypoint required 
2025-06-11 21:02:21,069 - SUAS - DEBUG - [SUAS_main.main:543] - waypoint required 
2025-06-11 21:02:21,121 - SUAS - DEBUG - [SUAS_main.main:543] - waypoint required 
2025-06-11 21:02:21,173 - SUAS - DEBUG - [SUAS_main.main:543] - waypoint required 
2025-06-11 21:02:21,225 - SUAS - DEBUG - [SUAS_main.main:543] - waypoint required 
2025-06-11 21:02:21,277 - SUAS - DEBUG - [SUAS_main.main:543] - waypoint required 
2025-06-11 21:02:21,329 - SUAS - DEBUG - [SUAS_main.main:543] - waypoint required 
2025-06-11 21:02:21,381 - SUAS - DEBUG - [SUAS_main.main:543] - waypoint required 
2025-06-11 21:02:21,433 - SUAS - DEBUG - [SUAS_main.main:543] - waypoint required 
2025-06-11 21:02:21,486 - SUAS - DEBUG - [SUAS_main.main:543] - waypoint required 
2025-06-11 21:02:21,538 - SUAS - DEBUG - [SUAS_main.main:543] - waypoint required 
2025-06-11 21:02:21,590 - SUAS - DEBUG - [SUAS_main.main:543] - waypoint required 
2025-06-11 21:02:21,642 - SUAS - DEBUG - [SUAS_main.main:543] - waypoint required 
2025-06-11 21:02:21,693 - SUAS - DEBUG - [SUAS_main.main:543] - waypoint required 
2025-06-11 21:02:21,746 - SUAS - DEBUG - [SUAS_main.main:543] - waypoint required 
2025-06-11 21:02:21,798 - SUAS - DEBUG - [SUAS_main.main:543] - waypoint required 
2025-06-11 21:02:21,850 - SUAS - DEBUG - [SUAS_main.main:543] - waypoint required 
2025-06-11 21:02:21,902 - SUAS - DEBUG - [SUAS_main.main:543] - waypoint required 
2025-06-11 21:02:21,954 - SUAS - DEBUG - [SUAS_main.main:543] - waypoint required 
2025-06-11 21:02:22,006 - SUAS - DEBUG - [SUAS_main.main:543] - waypoint required 
2025-06-11 21:02:22,058 - SUAS - DEBUG - [SUAS_main.main:543] - waypoint required 
2025-06-11 21:02:22,109 - SUAS - DEBUG - [SUAS_main.main:543] - waypoint required 
2025-06-11 21:02:22,160 - SUAS - DEBUG - [SUAS_main.main:543] - waypoint required 
2025-06-11 21:02:22,212 - SUAS - DEBUG - [SUAS_main.main:543] - waypoint required 
2025-06-11 21:02:22,263 - SUAS - DEBUG - [SUAS_main.main:543] - waypoint required 
2025-06-11 21:02:22,315 - SUAS - DEBUG - [SUAS_main.main:543] - waypoint required 
2025-06-11 21:02:22,366 - SUAS - DEBUG - [SUAS_main.main:543] - waypoint required 
2025-06-11 21:02:22,418 - SUAS - DEBUG - [SUAS_main.main:543] - waypoint required 
2025-06-11 21:02:22,470 - SUAS - DEBUG - [SUAS_main.main:543] - waypoint required 
2025-06-11 21:02:22,521 - SUAS - DEBUG - [SUAS_main.main:543] - waypoint required 
2025-06-11 21:02:22,573 - SUAS - DEBUG - [SUAS_main.main:543] - waypoint required 
2025-06-11 21:02:22,624 - SUAS - DEBUG - [SUAS_main.main:543] - waypoint required 
2025-06-11 21:02:22,676 - SUAS - DEBUG - [SUAS_main.main:543] - waypoint required 
2025-06-11 21:02:22,728 - SUAS - DEBUG - [SUAS_main.main:543] - waypoint required 
2025-06-11 21:02:22,780 - SUAS - DEBUG - [SUAS_main.main:543] - waypoint required 
2025-06-11 21:02:22,831 - SUAS - DEBUG - [SUAS_main.main:543] - waypoint required 
2025-06-11 21:02:22,883 - SUAS - DEBUG - [SUAS_main.main:543] - waypoint required 
2025-06-11 21:02:22,934 - SUAS - DEBUG - [SUAS_main.main:543] - waypoint required 
2025-06-11 21:02:22,986 - SUAS - DEBUG - [SUAS_main.main:543] - waypoint required 
2025-06-11 21:02:23,037 - SUAS - DEBUG - [SUAS_main.main:543] - waypoint required 
2025-06-11 21:02:23,089 - SUAS - DEBUG - [SUAS_main.main:543] - waypoint required 
2025-06-11 21:02:23,140 - SUAS - DEBUG - [SUAS_main.main:543] - waypoint required 
2025-06-11 21:02:23,192 - SUAS - DEBUG - [SUAS_main.main:543] - waypoint required 
2025-06-11 21:02:23,245 - SUAS - DEBUG - [SUAS_main.main:543] - waypoint required 
2025-06-11 21:02:23,297 - SUAS - DEBUG - [SUAS_main.main:543] - waypoint required 
2025-06-11 21:02:23,350 - SUAS - DEBUG - [SUAS_main.main:543] - waypoint required 
2025-06-11 21:02:23,403 - SUAS - DEBUG - [SUAS_main.main:543] - waypoint required 
2025-06-11 21:02:23,454 - SUAS - DEBUG - [SUAS_main.main:543] - waypoint required 
2025-06-11 21:02:23,505 - SUAS - DEBUG - [SUAS_main.main:543] - waypoint required 
2025-06-11 21:02:23,556 - SUAS - DEBUG - [SUAS_main.main:543] - waypoint required 
2025-06-11 21:02:23,607 - SUAS - DEBUG - [SUAS_main.main:543] - waypoint required 
2025-06-11 21:02:23,659 - SUAS - DEBUG - [SUAS_main.main:543] - waypoint required 
2025-06-11 21:02:23,710 - SUAS - DEBUG - [SUAS_main.main:543] - waypoint required 
2025-06-11 21:02:23,761 - SUAS - DEBUG - [SUAS_main.main:543] - waypoint required 
2025-06-11 21:02:23,813 - SUAS - DEBUG - [SUAS_main.main:543] - waypoint required 
2025-06-11 21:02:23,864 - SUAS - DEBUG - [SUAS_main.main:543] - waypoint required 
2025-06-11 21:02:23,915 - SUAS - DEBUG - [SUAS_main.main:543] - waypoint required 
2025-06-11 21:02:23,966 - SUAS - DEBUG - [SUAS_main.main:543] - waypoint required 
2025-06-11 21:02:24,018 - SUAS - DEBUG - [SUAS_main.main:543] - waypoint required 
2025-06-11 21:02:24,069 - SUAS - DEBUG - [SUAS_main.main:543] - waypoint required 
2025-06-11 21:02:24,120 - SUAS - DEBUG - [SUAS_main.main:543] - waypoint required 
2025-06-11 21:02:24,173 - SUAS - DEBUG - [SUAS_main.main:543] - waypoint required 
2025-06-11 21:02:24,225 - SUAS - DEBUG - [SUAS_main.main:543] - waypoint required 
2025-06-11 21:02:24,276 - SUAS - DEBUG - [SUAS_main.main:543] - waypoint required 
2025-06-11 21:02:24,328 - SUAS - DEBUG - [SUAS_main.main:543] - waypoint required 
2025-06-11 21:02:24,380 - SUAS - DEBUG - [SUAS_main.main:543] - waypoint required 
2025-06-11 21:02:24,432 - SUAS - DEBUG - [SUAS_main.main:543] - waypoint required 
2025-06-11 21:02:24,483 - SUAS - DEBUG - [SUAS_main.main:543] - waypoint required 
2025-06-11 21:02:24,535 - SUAS - DEBUG - [SUAS_main.main:543] - waypoint required 
2025-06-11 21:02:24,586 - SUAS - DEBUG - [SUAS_main.main:543] - waypoint required 
2025-06-11 21:02:24,637 - SUAS - DEBUG - [SUAS_main.main:543] - waypoint required 
2025-06-11 21:02:24,689 - SUAS - DEBUG - [SUAS_main.main:543] - waypoint required 
2025-06-11 21:02:24,740 - SUAS - DEBUG - [SUAS_main.main:543] - waypoint required 
2025-06-11 21:02:24,791 - SUAS - DEBUG - [SUAS_main.main:543] - waypoint required 
2025-06-11 21:02:24,843 - SUAS - DEBUG - [SUAS_main.main:543] - waypoint required 
2025-06-11 21:02:24,895 - SUAS - DEBUG - [SUAS_main.main:543] - waypoint required 
2025-06-11 21:02:24,946 - SUAS - DEBUG - [SUAS_main.main:543] - waypoint required 
2025-06-11 21:02:24,998 - SUAS - DEBUG - [SUAS_main.main:543] - waypoint required 
2025-06-11 21:02:25,049 - SUAS - DEBUG - [SUAS_main.main:543] - waypoint required 
2025-06-11 21:02:25,101 - SUAS - DEBUG - [SUAS_main.main:543] - waypoint required 
2025-06-11 21:02:25,152 - SUAS - DEBUG - [SUAS_main.main:543] - waypoint required 
2025-06-11 21:02:25,204 - SUAS - DEBUG - [SUAS_main.main:543] - waypoint required 
2025-06-11 21:02:25,256 - SUAS - DEBUG - [SUAS_main.main:543] - waypoint required 
2025-06-11 21:02:25,307 - SUAS - DEBUG - [SUAS_main.main:543] - waypoint required 
2025-06-11 21:02:25,359 - SUAS - DEBUG - [SUAS_main.main:543] - waypoint required 
2025-06-11 21:02:25,411 - SUAS - DEBUG - [SUAS_main.main:543] - waypoint required 
2025-06-11 21:02:25,462 - SUAS - DEBUG - [SUAS_main.main:543] - waypoint required 
2025-06-11 21:02:25,514 - SUAS - DEBUG - [SUAS_main.main:543] - waypoint required 
2025-06-11 21:02:25,566 - SUAS - DEBUG - [SUAS_main.main:543] - waypoint required 
2025-06-11 21:02:25,618 - SUAS - DEBUG - [SUAS_main.main:543] - waypoint required 
2025-06-11 21:02:25,669 - SUAS - DEBUG - [SUAS_main.main:543] - waypoint required 
2025-06-11 21:02:25,720 - SUAS - DEBUG - [SUAS_main.main:543] - waypoint required 
2025-06-11 21:02:25,772 - SUAS - DEBUG - [SUAS_main.main:543] - waypoint required 
2025-06-11 21:02:25,823 - SUAS - DEBUG - [SUAS_main.main:543] - waypoint required 
2025-06-11 21:02:25,875 - SUAS - DEBUG - [SUAS_main.main:543] - waypoint required 
2025-06-11 21:02:25,926 - SUAS - DEBUG - [SUAS_main.main:543] - waypoint required 
2025-06-11 21:02:25,978 - SUAS - DEBUG - [SUAS_main.main:543] - waypoint required 
2025-06-11 21:02:26,030 - SUAS - DEBUG - [SUAS_main.main:543] - waypoint required 
2025-06-11 21:02:26,081 - SUAS - DEBUG - [SUAS_main.main:543] - waypoint required 
2025-06-11 21:02:26,133 - SUAS - DEBUG - [SUAS_main.main:543] - waypoint required 
2025-06-11 21:02:26,184 - SUAS - DEBUG - [SUAS_main.main:543] - waypoint required 
2025-06-11 21:02:26,235 - SUAS - DEBUG - [SUAS_main.main:543] - waypoint required 
2025-06-11 21:02:26,287 - SUAS - DEBUG - [SUAS_main.main:543] - waypoint required 
2025-06-11 21:02:26,339 - SUAS - DEBUG - [SUAS_main.main:543] - waypoint required 
2025-06-11 21:02:26,390 - SUAS - DEBUG - [SUAS_main.main:543] - waypoint required 
2025-06-11 21:02:26,442 - SUAS - DEBUG - [SUAS_main.main:543] - waypoint required 
2025-06-11 21:02:26,494 - SUAS - DEBUG - [SUAS_main.main:543] - waypoint required 
2025-06-11 21:02:26,546 - SUAS - DEBUG - [SUAS_main.main:543] - waypoint required 
2025-06-11 21:02:26,598 - SUAS - DEBUG - [SUAS_main.main:543] - waypoint required 
2025-06-11 21:02:26,649 - SUAS - DEBUG - [SUAS_main.main:543] - waypoint required 
2025-06-11 21:02:26,701 - SUAS - DEBUG - [SUAS_main.main:543] - waypoint required 
2025-06-11 21:02:26,753 - SUAS - DEBUG - [SUAS_main.main:543] - waypoint required 
2025-06-11 21:02:26,804 - SUAS - DEBUG - [SUAS_main.main:543] - waypoint required 
2025-06-11 21:02:26,856 - SUAS - DEBUG - [SUAS_main.main:543] - waypoint required 
2025-06-11 21:02:26,907 - SUAS - DEBUG - [SUAS_main.main:543] - waypoint required 
2025-06-11 21:02:26,959 - SUAS - DEBUG - [SUAS_main.main:543] - waypoint required 
2025-06-11 21:02:27,011 - SUAS - DEBUG - [SUAS_main.main:543] - waypoint required 
2025-06-11 21:02:27,064 - SUAS - DEBUG - [SUAS_main.main:543] - waypoint required 
2025-06-11 21:02:27,116 - SUAS - DEBUG - [SUAS_main.main:543] - waypoint required 
2025-06-11 21:02:27,168 - SUAS - DEBUG - [SUAS_main.main:543] - waypoint required 
2025-06-11 21:02:27,219 - SUAS - DEBUG - [SUAS_main.main:543] - waypoint required 
2025-06-11 21:02:27,272 - SUAS - DEBUG - [SUAS_main.main:543] - waypoint required 
2025-06-11 21:02:27,325 - SUAS - DEBUG - [SUAS_main.main:543] - waypoint required 
2025-06-11 21:02:27,377 - SUAS - DEBUG - [SUAS_main.main:543] - waypoint required 
2025-06-11 21:02:27,429 - SUAS - DEBUG - [SUAS_main.main:543] - waypoint required 
2025-06-11 21:02:27,480 - SUAS - DEBUG - [SUAS_main.main:543] - waypoint required 
2025-06-11 21:02:27,532 - SUAS - DEBUG - [SUAS_main.main:543] - waypoint required 
2025-06-11 21:02:27,584 - SUAS - DEBUG - [SUAS_main.main:543] - waypoint required 
2025-06-11 21:02:27,636 - SUAS - DEBUG - [SUAS_main.main:543] - waypoint required 
2025-06-11 21:02:27,689 - SUAS - DEBUG - [SUAS_main.main:543] - waypoint required 
2025-06-11 21:02:27,741 - SUAS - DEBUG - [SUAS_main.main:543] - waypoint required 
2025-06-11 21:02:27,792 - SUAS - DEBUG - [SUAS_main.main:543] - waypoint required 
2025-06-11 21:02:27,844 - SUAS - DEBUG - [SUAS_main.main:543] - waypoint required 
2025-06-11 21:02:27,895 - SUAS - DEBUG - [SUAS_main.main:543] - waypoint required 
2025-06-11 21:02:27,946 - SUAS - DEBUG - [SUAS_main.main:543] - waypoint required 
2025-06-11 21:02:27,998 - SUAS - DEBUG - [SUAS_main.main:543] - waypoint required 
2025-06-11 21:02:28,050 - SUAS - DEBUG - [SUAS_main.main:543] - waypoint required 
2025-06-11 21:02:28,101 - SUAS - DEBUG - [SUAS_main.main:543] - waypoint required 
2025-06-11 21:02:28,153 - SUAS - DEBUG - [SUAS_main.main:543] - waypoint required 
2025-06-11 21:02:28,205 - SUAS - DEBUG - [SUAS_main.main:543] - waypoint required 
2025-06-11 21:02:28,256 - SUAS - DEBUG - [SUAS_main.main:543] - waypoint required 
2025-06-11 21:02:28,309 - SUAS - DEBUG - [SUAS_main.main:543] - waypoint required 
2025-06-11 21:02:28,360 - SUAS - DEBUG - [SUAS_main.main:543] - waypoint required 
2025-06-11 21:02:28,412 - SUAS - DEBUG - [SUAS_main.main:543] - waypoint required 
2025-06-11 21:02:28,464 - SUAS - DEBUG - [SUAS_main.main:543] - waypoint required 
2025-06-11 21:02:28,516 - SUAS - DEBUG - [SUAS_main.main:543] - waypoint required 
2025-06-11 21:02:28,568 - SUAS - DEBUG - [SUAS_main.main:543] - waypoint required 
2025-06-11 21:02:28,619 - SUAS - DEBUG - [SUAS_main.main:543] - waypoint required 
2025-06-11 21:02:28,670 - SUAS - DEBUG - [SUAS_main.main:543] - waypoint required 
2025-06-11 21:02:28,723 - SUAS - DEBUG - [SUAS_main.main:543] - waypoint required 
2025-06-11 21:02:28,775 - SUAS - DEBUG - [SUAS_main.main:543] - waypoint required 
2025-06-11 21:02:28,826 - SUAS - DEBUG - [SUAS_main.main:543] - waypoint required 
2025-06-11 21:02:28,879 - SUAS - DEBUG - [SUAS_main.main:543] - waypoint required 
2025-06-11 21:02:28,932 - SUAS - DEBUG - [SUAS_main.main:543] - waypoint required 
2025-06-11 21:02:28,984 - SUAS - DEBUG - [SUAS_main.main:543] - waypoint required 
2025-06-11 21:02:29,035 - SUAS - DEBUG - [SUAS_main.main:543] - waypoint required 
2025-06-11 21:02:29,088 - SUAS - DEBUG - [SUAS_main.main:543] - waypoint required 
2025-06-11 21:02:29,139 - SUAS - DEBUG - [SUAS_main.main:543] - waypoint required 
2025-06-11 21:02:29,190 - SUAS - DEBUG - [SUAS_main.main:543] - waypoint required 
2025-06-11 21:02:29,241 - SUAS - DEBUG - [SUAS_main.main:543] - waypoint required 
2025-06-11 21:02:29,293 - SUAS - DEBUG - [SUAS_main.main:543] - waypoint required 
2025-06-11 21:02:29,344 - SUAS - DEBUG - [SUAS_main.main:543] - waypoint required 
2025-06-11 21:02:29,395 - SUAS - DEBUG - [SUAS_main.main:543] - waypoint required 
2025-06-11 21:02:29,447 - SUAS - DEBUG - [SUAS_main.main:543] - waypoint required 
2025-06-11 21:02:29,499 - SUAS - DEBUG - [SUAS_main.main:543] - waypoint required 
2025-06-11 21:02:29,550 - SUAS - DEBUG - [SUAS_main.main:543] - waypoint required 
2025-06-11 21:02:29,602 - SUAS - DEBUG - [SUAS_main.main:543] - waypoint required 
2025-06-11 21:02:29,654 - SUAS - DEBUG - [SUAS_main.main:543] - waypoint required 
2025-06-11 21:02:29,705 - SUAS - DEBUG - [SUAS_main.main:543] - waypoint required 
2025-06-11 21:02:29,756 - SUAS - DEBUG - [SUAS_main.main:543] - waypoint required 
2025-06-11 21:02:29,808 - SUAS - DEBUG - [SUAS_main.main:543] - waypoint required 
2025-06-11 21:02:29,859 - SUAS - DEBUG - [SUAS_main.main:543] - waypoint required 
2025-06-11 21:02:29,911 - SUAS - DEBUG - [SUAS_main.main:543] - waypoint required 
2025-06-11 21:02:29,963 - SUAS - DEBUG - [SUAS_main.main:543] - waypoint required 
2025-06-11 21:02:30,014 - SUAS - DEBUG - [SUAS_main.main:543] - waypoint required 
2025-06-11 21:02:30,066 - SUAS - DEBUG - [SUAS_main.main:543] - waypoint required 
2025-06-11 21:02:30,118 - SUAS - DEBUG - [SUAS_main.main:543] - waypoint required 
2025-06-11 21:02:30,169 - SUAS - DEBUG - [SUAS_main.main:543] - waypoint required 
2025-06-11 21:02:30,221 - SUAS - DEBUG - [SUAS_main.main:543] - waypoint required 
2025-06-11 21:02:30,273 - SUAS - DEBUG - [SUAS_main.main:543] - waypoint required 
2025-06-11 21:02:30,324 - SUAS - DEBUG - [SUAS_main.main:543] - waypoint required 
2025-06-11 21:02:30,376 - SUAS - DEBUG - [SUAS_main.main:543] - waypoint required 
2025-06-11 21:02:30,429 - SUAS - DEBUG - [SUAS_main.main:543] - waypoint required 
2025-06-11 21:02:30,482 - SUAS - DEBUG - [SUAS_main.main:543] - waypoint required 
2025-06-11 21:02:30,534 - SUAS - DEBUG - [SUAS_main.main:543] - waypoint required 
2025-06-11 21:02:30,585 - SUAS - DEBUG - [SUAS_main.main:543] - waypoint required 
2025-06-11 21:02:30,637 - SUAS - DEBUG - [SUAS_main.main:543] - waypoint required 
2025-06-11 21:02:30,689 - SUAS - DEBUG - [SUAS_main.main:543] - waypoint required 
2025-06-11 21:02:30,741 - SUAS - DEBUG - [SUAS_main.main:543] - waypoint required 
2025-06-11 21:02:30,793 - SUAS - DEBUG - [SUAS_main.main:543] - waypoint required 
2025-06-11 21:02:30,845 - SUAS - DEBUG - [SUAS_main.main:543] - waypoint required 
2025-06-11 21:02:30,896 - SUAS - DEBUG - [SUAS_main.main:543] - waypoint required 
2025-06-11 21:02:30,948 - SUAS - DEBUG - [SUAS_main.main:543] - waypoint required 
2025-06-11 21:02:31,000 - SUAS - DEBUG - [SUAS_main.main:543] - waypoint required 
2025-06-11 21:02:31,052 - SUAS - DEBUG - [SUAS_main.main:543] - waypoint required 
2025-06-11 21:02:31,104 - SUAS - DEBUG - [SUAS_main.main:543] - waypoint required 
2025-06-11 21:02:31,157 - SUAS - DEBUG - [SUAS_main.main:543] - waypoint required 
2025-06-11 21:02:31,209 - SUAS - DEBUG - [SUAS_main.main:543] - waypoint required 
2025-06-11 21:02:31,261 - SUAS - DEBUG - [SUAS_main.main:543] - waypoint required 
2025-06-11 21:02:31,312 - SUAS - DEBUG - [SUAS_main.main:543] - waypoint required 
2025-06-11 21:02:31,363 - SUAS - DEBUG - [SUAS_main.main:543] - waypoint required 
2025-06-11 21:02:31,415 - SUAS - DEBUG - [SUAS_main.main:543] - waypoint required 
2025-06-11 21:02:31,467 - SUAS - DEBUG - [SUAS_main.main:543] - waypoint required 
2025-06-11 21:02:31,518 - SUAS - DEBUG - [SUAS_main.main:543] - waypoint required 
2025-06-11 21:02:31,570 - SUAS - DEBUG - [SUAS_main.main:543] - waypoint required 
2025-06-11 21:02:31,621 - SUAS - DEBUG - [SUAS_main.main:543] - waypoint required 
2025-06-11 21:02:31,672 - SUAS - DEBUG - [SUAS_main.main:543] - waypoint required 
2025-06-11 21:02:31,724 - SUAS - DEBUG - [SUAS_main.main:543] - waypoint required 
2025-06-11 21:02:31,776 - SUAS - DEBUG - [SUAS_main.main:543] - waypoint required 
2025-06-11 21:02:31,828 - SUAS - DEBUG - [SUAS_main.main:543] - waypoint required 
2025-06-11 21:02:31,880 - SUAS - DEBUG - [SUAS_main.main:543] - waypoint required 
2025-06-11 21:02:31,933 - SUAS - DEBUG - [SUAS_main.main:543] - waypoint required 
2025-06-11 21:02:31,984 - SUAS - DEBUG - [SUAS_main.main:543] - waypoint required 
2025-06-11 21:02:32,035 - SUAS - DEBUG - [SUAS_main.main:543] - waypoint required 
2025-06-11 21:02:32,087 - SUAS - DEBUG - [SUAS_main.main:543] - waypoint required 
2025-06-11 21:02:32,138 - SUAS - DEBUG - [SUAS_main.main:543] - waypoint required 
2025-06-11 21:02:32,191 - SUAS - DEBUG - [SUAS_main.main:543] - waypoint required 
2025-06-11 21:02:32,242 - SUAS - DEBUG - [SUAS_main.main:543] - waypoint required 
2025-06-11 21:02:32,294 - SUAS - DEBUG - [SUAS_main.main:543] - waypoint required 
2025-06-11 21:02:32,346 - SUAS - DEBUG - [SUAS_main.main:543] - waypoint required 
2025-06-11 21:02:32,398 - SUAS - DEBUG - [SUAS_main.main:543] - waypoint required 
2025-06-11 21:02:32,451 - SUAS - DEBUG - [SUAS_main.main:543] - waypoint required 
2025-06-11 21:02:32,503 - SUAS - DEBUG - [SUAS_main.main:543] - waypoint required 
2025-06-11 21:02:32,556 - SUAS - DEBUG - [SUAS_main.main:543] - waypoint required 
2025-06-11 21:02:32,608 - SUAS - DEBUG - [SUAS_main.main:543] - waypoint required 
2025-06-11 21:02:32,660 - SUAS - DEBUG - [SUAS_main.main:543] - waypoint required 
2025-06-11 21:02:32,713 - SUAS - DEBUG - [SUAS_main.main:543] - waypoint required 
2025-06-11 21:02:32,765 - SUAS - DEBUG - [SUAS_main.main:543] - waypoint required 
2025-06-11 21:02:32,817 - SUAS - DEBUG - [SUAS_main.main:543] - waypoint required 
2025-06-11 21:02:32,869 - SUAS - DEBUG - [SUAS_main.main:543] - waypoint required 
2025-06-11 21:02:32,922 - SUAS - DEBUG - [SUAS_main.main:543] - waypoint required 
2025-06-11 21:02:32,974 - SUAS - DEBUG - [SUAS_main.main:543] - waypoint required 
2025-06-11 21:02:33,026 - SUAS - DEBUG - [SUAS_main.main:543] - waypoint required 
2025-06-11 21:02:33,078 - SUAS - DEBUG - [SUAS_main.main:543] - waypoint required 
2025-06-11 21:02:33,131 - SUAS - DEBUG - [SUAS_main.main:543] - waypoint required 
2025-06-11 21:02:33,183 - SUAS - DEBUG - [SUAS_main.main:543] - waypoint required 
2025-06-11 21:02:33,235 - SUAS - DEBUG - [SUAS_main.main:543] - waypoint required 
2025-06-11 21:02:33,287 - SUAS - DEBUG - [SUAS_main.main:543] - waypoint required 
2025-06-11 21:02:33,340 - SUAS - DEBUG - [SUAS_main.main:543] - waypoint required 
2025-06-11 21:02:33,392 - SUAS - DEBUG - [SUAS_main.main:543] - waypoint required 
2025-06-11 21:02:33,444 - SUAS - DEBUG - [SUAS_main.main:543] - waypoint required 
2025-06-11 21:02:33,496 - SUAS - DEBUG - [SUAS_main.main:543] - waypoint required 
2025-06-11 21:02:33,548 - SUAS - DEBUG - [SUAS_main.main:543] - waypoint required 
2025-06-11 21:02:33,600 - SUAS - DEBUG - [SUAS_main.main:543] - waypoint required 
2025-06-11 21:02:33,651 - SUAS - DEBUG - [SUAS_main.main:543] - waypoint required 
2025-06-11 21:02:33,702 - SUAS - DEBUG - [SUAS_main.main:543] - waypoint required 
2025-06-11 21:02:33,754 - SUAS - DEBUG - [SUAS_main.main:543] - waypoint required 
2025-06-11 21:02:33,806 - SUAS - DEBUG - [SUAS_main.main:543] - waypoint required 
2025-06-11 21:02:33,858 - SUAS - DEBUG - [SUAS_main.main:543] - waypoint required 
2025-06-11 21:02:33,910 - SUAS - DEBUG - [SUAS_main.main:543] - waypoint required 
2025-06-11 21:02:33,962 - SUAS - DEBUG - [SUAS_main.main:543] - waypoint required 
2025-06-11 21:02:34,014 - SUAS - DEBUG - [SUAS_main.main:543] - waypoint required 
2025-06-11 21:02:34,066 - SUAS - DEBUG - [SUAS_main.main:543] - waypoint required 
2025-06-11 21:02:34,118 - SUAS - DEBUG - [SUAS_main.main:543] - waypoint required 
2025-06-11 21:02:34,170 - SUAS - DEBUG - [SUAS_main.main:543] - waypoint required 
2025-06-11 21:02:34,222 - SUAS - DEBUG - [SUAS_main.main:543] - waypoint required 
2025-06-11 21:02:34,274 - SUAS - DEBUG - [SUAS_main.main:543] - waypoint required 
2025-06-11 21:02:34,326 - SUAS - DEBUG - [SUAS_main.main:543] - waypoint required 
2025-06-11 21:02:34,378 - SUAS - DEBUG - [SUAS_main.main:543] - waypoint required 
2025-06-11 21:02:34,431 - SUAS - DEBUG - [SUAS_main.main:543] - waypoint required 
2025-06-11 21:02:34,483 - SUAS - DEBUG - [SUAS_main.main:543] - waypoint required 
2025-06-11 21:02:34,535 - SUAS - DEBUG - [SUAS_main.main:543] - waypoint required 
2025-06-11 21:02:34,587 - SUAS - DEBUG - [SUAS_main.main:543] - waypoint required 
2025-06-11 21:02:34,639 - SUAS - DEBUG - [SUAS_main.main:543] - waypoint required 
2025-06-11 21:02:34,692 - SUAS - DEBUG - [SUAS_main.main:543] - waypoint required 
2025-06-11 21:02:34,743 - SUAS - DEBUG - [SUAS_main.main:543] - waypoint required 
2025-06-11 21:02:34,795 - SUAS - DEBUG - [SUAS_main.main:543] - waypoint required 
2025-06-11 21:02:34,848 - SUAS - DEBUG - [SUAS_main.main:543] - waypoint required 
2025-06-11 21:02:34,900 - SUAS - DEBUG - [SUAS_main.main:543] - waypoint required 
2025-06-11 21:02:34,952 - SUAS - DEBUG - [SUAS_main.main:543] - waypoint required 
2025-06-11 21:02:35,004 - SUAS - DEBUG - [SUAS_main.main:543] - waypoint required 
2025-06-11 21:02:35,056 - SUAS - DEBUG - [SUAS_main.main:543] - waypoint required 
2025-06-11 21:02:35,108 - SUAS - DEBUG - [SUAS_main.main:543] - waypoint required 
2025-06-11 21:02:35,160 - SUAS - DEBUG - [SUAS_main.main:543] - waypoint required 
2025-06-11 21:02:35,212 - SUAS - DEBUG - [SUAS_main.main:543] - waypoint required 
2025-06-11 21:02:35,264 - SUAS - DEBUG - [SUAS_main.main:543] - waypoint required 
2025-06-11 21:02:35,316 - SUAS - DEBUG - [SUAS_main.main:543] - waypoint required 
2025-06-11 21:02:35,368 - SUAS - DEBUG - [SUAS_main.main:543] - waypoint required 
2025-06-11 21:02:35,421 - SUAS - DEBUG - [SUAS_main.main:543] - waypoint required 
2025-06-11 21:02:35,473 - SUAS - DEBUG - [SUAS_main.main:543] - waypoint required 
2025-06-11 21:02:35,525 - SUAS - DEBUG - [SUAS_main.main:543] - waypoint required 
2025-06-11 21:02:35,578 - SUAS - DEBUG - [SUAS_main.main:543] - waypoint required 
2025-06-11 21:02:35,630 - SUAS - DEBUG - [SUAS_main.main:543] - waypoint required 
2025-06-11 21:02:35,682 - SUAS - DEBUG - [SUAS_main.main:543] - waypoint required 
2025-06-11 21:02:35,734 - SUAS - DEBUG - [SUAS_main.main:543] - waypoint required 
2025-06-11 21:02:35,786 - SUAS - DEBUG - [SUAS_main.main:543] - waypoint required 
2025-06-11 21:02:35,838 - SUAS - DEBUG - [SUAS_main.main:543] - waypoint required 
2025-06-11 21:02:35,890 - SUAS - DEBUG - [SUAS_main.main:543] - waypoint required 
2025-06-11 21:02:35,942 - SUAS - DEBUG - [SUAS_main.main:543] - waypoint required 
2025-06-11 21:02:35,994 - SUAS - DEBUG - [SUAS_main.main:543] - waypoint required 
2025-06-11 21:02:36,047 - SUAS - DEBUG - [SUAS_main.main:543] - waypoint required 
2025-06-11 21:02:36,100 - SUAS - DEBUG - [SUAS_main.main:543] - waypoint required 
2025-06-11 21:02:36,152 - SUAS - DEBUG - [SUAS_main.main:543] - waypoint required 
2025-06-11 21:02:36,204 - SUAS - DEBUG - [SUAS_main.main:543] - waypoint required 
2025-06-11 21:02:36,256 - SUAS - DEBUG - [SUAS_main.main:543] - waypoint required 
2025-06-11 21:02:36,308 - SUAS - DEBUG - [SUAS_main.main:543] - waypoint required 
2025-06-11 21:02:36,360 - SUAS - DEBUG - [SUAS_main.main:543] - waypoint required 
2025-06-11 21:02:36,412 - SUAS - DEBUG - [SUAS_main.main:543] - waypoint required 
2025-06-11 21:02:36,464 - SUAS - DEBUG - [SUAS_main.main:543] - waypoint required 
2025-06-11 21:02:36,516 - SUAS - DEBUG - [SUAS_main.main:543] - waypoint required 
2025-06-11 21:02:36,568 - SUAS - DEBUG - [SUAS_main.main:543] - waypoint required 
2025-06-11 21:02:36,620 - SUAS - DEBUG - [SUAS_main.main:543] - waypoint required 
2025-06-11 21:02:36,672 - SUAS - DEBUG - [SUAS_main.main:543] - waypoint required 
2025-06-11 21:02:36,725 - SUAS - DEBUG - [SUAS_main.main:543] - waypoint required 
2025-06-11 21:02:36,777 - SUAS - DEBUG - [SUAS_main.main:543] - waypoint required 
2025-06-11 21:02:36,829 - SUAS - DEBUG - [SUAS_main.main:543] - waypoint required 
2025-06-11 21:02:36,881 - SUAS - DEBUG - [SUAS_main.main:543] - waypoint required 
2025-06-11 21:02:36,933 - SUAS - DEBUG - [SUAS_main.main:543] - waypoint required 
2025-06-11 21:02:36,985 - SUAS - DEBUG - [SUAS_main.main:543] - waypoint required 
2025-06-11 21:02:37,037 - SUAS - DEBUG - [SUAS_main.main:543] - waypoint required 
2025-06-11 21:02:37,090 - SUAS - DEBUG - [SUAS_main.main:543] - waypoint required 
2025-06-11 21:02:37,142 - SUAS - DEBUG - [SUAS_main.main:543] - waypoint required 
2025-06-11 21:02:37,194 - SUAS - DEBUG - [SUAS_main.main:543] - waypoint required 
2025-06-11 21:02:37,246 - SUAS - DEBUG - [SUAS_main.main:543] - waypoint required 
2025-06-11 21:02:37,298 - SUAS - DEBUG - [SUAS_main.main:543] - waypoint required 
2025-06-11 21:02:37,350 - SUAS - DEBUG - [SUAS_main.main:543] - waypoint required 
2025-06-11 21:02:37,402 - SUAS - DEBUG - [SUAS_main.main:543] - waypoint required 
2025-06-11 21:02:37,454 - SUAS - DEBUG - [SUAS_main.main:543] - waypoint required 
2025-06-11 21:02:37,506 - SUAS - DEBUG - [SUAS_main.main:543] - waypoint required 
2025-06-11 21:02:37,558 - SUAS - DEBUG - [SUAS_main.main:543] - waypoint required 
2025-06-11 21:02:37,609 - SUAS - DEBUG - [SUAS_main.main:543] - waypoint required 
2025-06-11 21:02:37,661 - SUAS - DEBUG - [SUAS_main.main:543] - waypoint required 
2025-06-11 21:02:37,713 - SUAS - DEBUG - [SUAS_main.main:543] - waypoint required 
2025-06-11 21:02:37,765 - SUAS - DEBUG - [SUAS_main.main:543] - waypoint required 
2025-06-11 21:02:37,817 - SUAS - DEBUG - [SUAS_main.main:543] - waypoint required 
2025-06-11 21:02:37,869 - SUAS - DEBUG - [SUAS_main.main:543] - waypoint required 
2025-06-11 21:02:37,921 - SUAS - DEBUG - [SUAS_main.main:543] - waypoint required 
2025-06-11 21:02:37,973 - SUAS - DEBUG - [SUAS_main.main:543] - waypoint required 
2025-06-11 21:02:38,025 - SUAS - DEBUG - [SUAS_main.main:543] - waypoint required 
2025-06-11 21:02:38,077 - SUAS - DEBUG - [SUAS_main.main:543] - waypoint required 
2025-06-11 21:02:38,129 - SUAS - DEBUG - [SUAS_main.main:543] - waypoint required 
2025-06-11 21:02:38,181 - SUAS - DEBUG - [SUAS_main.main:543] - waypoint required 
2025-06-11 21:02:38,233 - SUAS - DEBUG - [SUAS_main.main:543] - waypoint required 
2025-06-11 21:02:38,284 - SUAS - DEBUG - [SUAS_main.main:543] - waypoint required 
2025-06-11 21:02:38,336 - SUAS - DEBUG - [SUAS_main.main:543] - waypoint required 
2025-06-11 21:02:38,388 - SUAS - DEBUG - [SUAS_main.main:543] - waypoint required 
2025-06-11 21:02:38,441 - SUAS - DEBUG - [SUAS_main.main:543] - waypoint required 
2025-06-11 21:02:38,493 - SUAS - DEBUG - [SUAS_main.main:543] - waypoint required 
2025-06-11 21:02:38,546 - SUAS - DEBUG - [SUAS_main.main:543] - waypoint required 
2025-06-11 21:02:38,598 - SUAS - DEBUG - [SUAS_main.main:543] - waypoint required 
2025-06-11 21:02:38,650 - SUAS - DEBUG - [SUAS_main.main:543] - waypoint required 
2025-06-11 21:02:38,702 - SUAS - DEBUG - [SUAS_main.main:543] - waypoint required 
2025-06-11 21:02:38,754 - SUAS - DEBUG - [SUAS_main.main:543] - waypoint required 
2025-06-11 21:02:38,806 - SUAS - DEBUG - [SUAS_main.main:543] - waypoint required 
2025-06-11 21:02:38,858 - SUAS - DEBUG - [SUAS_main.main:543] - waypoint required 
2025-06-11 21:02:38,910 - SUAS - DEBUG - [SUAS_main.main:543] - waypoint required 
2025-06-11 21:02:38,963 - SUAS - DEBUG - [SUAS_main.main:543] - waypoint required 
2025-06-11 21:02:39,015 - SUAS - DEBUG - [SUAS_main.main:543] - waypoint required 
2025-06-11 21:02:39,067 - SUAS - DEBUG - [SUAS_main.main:543] - waypoint required 
2025-06-11 21:02:39,119 - SUAS - DEBUG - [SUAS_main.main:543] - waypoint required 
2025-06-11 21:02:39,171 - SUAS - DEBUG - [SUAS_main.main:543] - waypoint required 
2025-06-11 21:02:39,223 - SUAS - DEBUG - [SUAS_main.main:543] - waypoint required 
2025-06-11 21:02:39,275 - SUAS - DEBUG - [SUAS_main.main:543] - waypoint required 
2025-06-11 21:02:39,328 - SUAS - DEBUG - [SUAS_main.main:543] - waypoint required 
2025-06-11 21:02:39,380 - SUAS - DEBUG - [SUAS_main.main:543] - waypoint required 
2025-06-11 21:02:39,432 - SUAS - DEBUG - [SUAS_main.main:543] - waypoint required 
2025-06-11 21:02:39,484 - SUAS - DEBUG - [SUAS_main.main:543] - waypoint required 
2025-06-11 21:02:39,536 - SUAS - DEBUG - [SUAS_main.main:543] - waypoint required 
2025-06-11 21:02:39,589 - SUAS - DEBUG - [SUAS_main.main:543] - waypoint required 
2025-06-11 21:02:39,641 - SUAS - DEBUG - [SUAS_main.main:543] - waypoint required 
2025-06-11 21:02:39,693 - SUAS - DEBUG - [SUAS_main.main:543] - waypoint required 
2025-06-11 21:02:39,745 - SUAS - DEBUG - [SUAS_main.main:543] - waypoint required 
2025-06-11 21:02:39,797 - SUAS - DEBUG - [SUAS_main.main:543] - waypoint required 
2025-06-11 21:02:39,849 - SUAS - DEBUG - [SUAS_main.main:543] - waypoint required 
2025-06-11 21:02:39,901 - SUAS - DEBUG - [SUAS_main.main:543] - waypoint required 
2025-06-11 21:02:39,954 - SUAS - DEBUG - [SUAS_main.main:543] - waypoint required 
2025-06-11 21:02:40,005 - SUAS - DEBUG - [SUAS_main.main:543] - waypoint required 
2025-06-11 21:02:40,058 - SUAS - DEBUG - [SUAS_main.main:543] - waypoint required 
2025-06-11 21:02:40,110 - SUAS - DEBUG - [SUAS_main.main:543] - waypoint required 
2025-06-11 21:02:40,162 - SUAS - DEBUG - [SUAS_main.main:543] - waypoint required 
2025-06-11 21:02:40,214 - SUAS - DEBUG - [SUAS_main.main:543] - waypoint required 
2025-06-11 21:02:40,266 - SUAS - DEBUG - [SUAS_main.main:543] - waypoint required 
2025-06-11 21:02:40,317 - SUAS - DEBUG - [SUAS_main.main:543] - waypoint required 
2025-06-11 21:02:40,369 - SUAS - DEBUG - [SUAS_main.main:543] - waypoint required 
2025-06-11 21:02:40,420 - SUAS - DEBUG - [SUAS_main.main:543] - waypoint required 
2025-06-11 21:02:40,473 - SUAS - DEBUG - [SUAS_main.main:543] - waypoint required 
2025-06-11 21:02:40,525 - SUAS - DEBUG - [SUAS_main.main:543] - waypoint required 
2025-06-11 21:02:40,577 - SUAS - DEBUG - [SUAS_main.main:543] - waypoint required 
2025-06-11 21:02:40,629 - SUAS - DEBUG - [SUAS_main.main:543] - waypoint required 
2025-06-11 21:02:40,682 - SUAS - DEBUG - [SUAS_main.main:543] - waypoint required 
2025-06-11 21:02:40,734 - SUAS - DEBUG - [SUAS_main.main:543] - waypoint required 
2025-06-11 21:02:40,786 - SUAS - DEBUG - [SUAS_main.main:543] - waypoint required 
2025-06-11 21:02:40,838 - SUAS - DEBUG - [SUAS_main.main:543] - waypoint required 
2025-06-11 21:02:40,890 - SUAS - DEBUG - [SUAS_main.main:543] - waypoint required 
2025-06-11 21:02:40,942 - SUAS - DEBUG - [SUAS_main.main:543] - waypoint required 
2025-06-11 21:02:40,994 - SUAS - DEBUG - [SUAS_main.main:543] - waypoint required 
2025-06-11 21:02:41,046 - SUAS - DEBUG - [SUAS_main.main:543] - waypoint required 
2025-06-11 21:02:41,098 - SUAS - DEBUG - [SUAS_main.main:543] - waypoint required 
2025-06-11 21:02:41,151 - SUAS - DEBUG - [SUAS_main.main:543] - waypoint required 
2025-06-11 21:02:41,203 - SUAS - DEBUG - [SUAS_main.main:543] - waypoint required 
2025-06-11 21:02:41,255 - SUAS - DEBUG - [SUAS_main.main:543] - waypoint required 
2025-06-11 21:02:41,307 - SUAS - DEBUG - [SUAS_main.main:543] - waypoint required 
2025-06-11 21:02:41,359 - SUAS - DEBUG - [SUAS_main.main:543] - waypoint required 
2025-06-11 21:02:41,411 - SUAS - DEBUG - [SUAS_main.main:543] - waypoint required 
2025-06-11 21:02:41,463 - SUAS - DEBUG - [SUAS_main.main:543] - waypoint required 
2025-06-11 21:02:41,515 - SUAS - DEBUG - [SUAS_main.main:543] - waypoint required 
2025-06-11 21:02:41,567 - SUAS - DEBUG - [SUAS_main.main:543] - waypoint required 
2025-06-11 21:02:41,619 - SUAS - DEBUG - [SUAS_main.main:543] - waypoint required 
2025-06-11 21:02:41,671 - SUAS - DEBUG - [SUAS_main.main:543] - waypoint required 
2025-06-11 21:02:41,723 - SUAS - DEBUG - [SUAS_main.main:543] - waypoint required 
2025-06-11 21:02:41,775 - SUAS - DEBUG - [SUAS_main.main:543] - waypoint required 
2025-06-11 21:02:41,827 - SUAS - DEBUG - [SUAS_main.main:543] - waypoint required 
2025-06-11 21:02:41,880 - SUAS - DEBUG - [SUAS_main.main:543] - waypoint required 
2025-06-11 21:02:41,932 - SUAS - DEBUG - [SUAS_main.main:543] - waypoint required 
2025-06-11 21:02:41,984 - SUAS - DEBUG - [SUAS_main.main:543] - waypoint required 
2025-06-11 21:02:42,036 - SUAS - DEBUG - [SUAS_main.main:543] - waypoint required 
2025-06-11 21:02:42,088 - SUAS - DEBUG - [SUAS_main.main:543] - waypoint required 
2025-06-11 21:02:42,141 - SUAS - DEBUG - [SUAS_main.main:543] - waypoint required 
2025-06-11 21:02:42,194 - SUAS - DEBUG - [SUAS_main.main:543] - waypoint required 
2025-06-11 21:02:42,246 - SUAS - DEBUG - [SUAS_main.main:543] - waypoint required 
2025-06-11 21:02:42,298 - SUAS - DEBUG - [SUAS_main.main:543] - waypoint required 
2025-06-11 21:02:42,350 - SUAS - DEBUG - [SUAS_main.main:543] - waypoint required 
2025-06-11 21:02:42,402 - SUAS - DEBUG - [SUAS_main.main:543] - waypoint required 
2025-06-11 21:02:42,455 - SUAS - DEBUG - [SUAS_main.main:543] - waypoint required 
2025-06-11 21:02:42,507 - SUAS - DEBUG - [SUAS_main.main:543] - waypoint required 
2025-06-11 21:02:42,559 - SUAS - DEBUG - [SUAS_main.main:543] - waypoint required 
2025-06-11 21:02:42,611 - SUAS - DEBUG - [SUAS_main.main:543] - waypoint required 
2025-06-11 21:02:42,663 - SUAS - DEBUG - [SUAS_main.main:543] - waypoint required 
2025-06-11 21:02:42,716 - SUAS - DEBUG - [SUAS_main.main:543] - waypoint required 
2025-06-11 21:02:42,768 - SUAS - DEBUG - [SUAS_main.main:543] - waypoint required 
2025-06-11 21:02:42,820 - SUAS - DEBUG - [SUAS_main.main:543] - waypoint required 
2025-06-11 21:02:42,872 - SUAS - DEBUG - [SUAS_main.main:543] - waypoint required 
2025-06-11 21:02:42,924 - SUAS - DEBUG - [SUAS_main.main:543] - waypoint required 
2025-06-11 21:02:42,976 - SUAS - DEBUG - [SUAS_main.main:543] - waypoint required 
2025-06-11 21:02:43,028 - SUAS - DEBUG - [SUAS_main.main:543] - waypoint required 
2025-06-11 21:02:43,081 - SUAS - DEBUG - [SUAS_main.main:543] - waypoint required 
2025-06-11 21:02:43,133 - SUAS - DEBUG - [SUAS_main.main:543] - waypoint required 
2025-06-11 21:02:43,185 - SUAS - DEBUG - [SUAS_main.main:543] - waypoint required 
2025-06-11 21:02:43,237 - SUAS - DEBUG - [SUAS_main.main:543] - waypoint required 
2025-06-11 21:02:43,289 - SUAS - DEBUG - [SUAS_main.main:543] - waypoint required 
2025-06-11 21:02:43,342 - SUAS - DEBUG - [SUAS_main.main:543] - waypoint required 
2025-06-11 21:02:43,394 - SUAS - DEBUG - [SUAS_main.main:543] - waypoint required 
2025-06-11 21:02:43,446 - SUAS - DEBUG - [SUAS_main.main:543] - waypoint required 
2025-06-11 21:02:43,498 - SUAS - DEBUG - [SUAS_main.main:543] - waypoint required 
2025-06-11 21:02:43,550 - SUAS - DEBUG - [SUAS_main.main:543] - waypoint required 
2025-06-11 21:02:43,603 - SUAS - DEBUG - [SUAS_main.main:543] - waypoint required 
2025-06-11 21:02:43,655 - SUAS - DEBUG - [SUAS_main.main:543] - waypoint required 
2025-06-11 21:02:43,707 - SUAS - DEBUG - [SUAS_main.main:543] - waypoint required 
2025-06-11 21:02:43,759 - SUAS - DEBUG - [SUAS_main.main:543] - waypoint required 
2025-06-11 21:02:43,811 - SUAS - DEBUG - [SUAS_main.main:543] - waypoint required 
2025-06-11 21:02:43,863 - SUAS - DEBUG - [SUAS_main.main:543] - waypoint required 
2025-06-11 21:02:43,915 - SUAS - DEBUG - [SUAS_main.main:543] - waypoint required 
2025-06-11 21:02:43,967 - SUAS - DEBUG - [SUAS_main.main:543] - waypoint required 
2025-06-11 21:02:44,020 - SUAS - DEBUG - [SUAS_main.main:543] - waypoint required 
2025-06-11 21:02:44,072 - SUAS - DEBUG - [SUAS_main.main:543] - waypoint required 
2025-06-11 21:02:44,124 - SUAS - DEBUG - [SUAS_main.main:543] - waypoint required 
2025-06-11 21:02:44,176 - SUAS - DEBUG - [SUAS_main.main:543] - waypoint required 
2025-06-11 21:02:44,228 - SUAS - DEBUG - [SUAS_main.main:543] - waypoint required 
2025-06-11 21:02:44,280 - SUAS - DEBUG - [SUAS_main.main:543] - waypoint required 
2025-06-11 21:02:44,333 - SUAS - DEBUG - [SUAS_main.main:543] - waypoint required 
2025-06-11 21:02:44,385 - SUAS - DEBUG - [SUAS_main.main:543] - waypoint required 
2025-06-11 21:02:44,437 - SUAS - DEBUG - [SUAS_main.main:543] - waypoint required 
2025-06-11 21:02:44,489 - SUAS - DEBUG - [SUAS_main.main:543] - waypoint required 
2025-06-11 21:02:44,541 - SUAS - DEBUG - [SUAS_main.main:543] - waypoint required 
2025-06-11 21:02:44,594 - SUAS - DEBUG - [SUAS_main.main:543] - waypoint required 
2025-06-11 21:02:44,645 - SUAS - DEBUG - [SUAS_main.main:543] - waypoint required 
2025-06-11 21:02:44,697 - SUAS - DEBUG - [SUAS_main.main:543] - waypoint required 
2025-06-11 21:02:44,748 - SUAS - DEBUG - [SUAS_main.main:543] - waypoint required 
2025-06-11 21:02:44,800 - SUAS - DEBUG - [SUAS_main.main:543] - waypoint required 
2025-06-11 21:02:44,852 - SUAS - DEBUG - [SUAS_main.main:543] - waypoint required 
2025-06-11 21:02:44,904 - SUAS - DEBUG - [SUAS_main.main:543] - waypoint required 
2025-06-11 21:02:44,957 - SUAS - DEBUG - [SUAS_main.main:543] - waypoint required 
2025-06-11 21:02:45,009 - SUAS - DEBUG - [SUAS_main.main:543] - waypoint required 
2025-06-11 21:02:45,061 - SUAS - DEBUG - [SUAS_main.main:543] - waypoint required 
2025-06-11 21:02:45,113 - SUAS - DEBUG - [SUAS_main.main:543] - waypoint required 
2025-06-11 21:02:45,165 - SUAS - DEBUG - [SUAS_main.main:543] - waypoint required 
2025-06-11 21:02:45,218 - SUAS - DEBUG - [SUAS_main.main:543] - waypoint required 
2025-06-11 21:02:45,270 - SUAS - DEBUG - [SUAS_main.main:543] - waypoint required 
2025-06-11 21:02:45,322 - SUAS - DEBUG - [SUAS_main.main:543] - waypoint required 
2025-06-11 21:02:45,374 - SUAS - DEBUG - [SUAS_main.main:543] - waypoint required 
2025-06-11 21:02:45,426 - SUAS - DEBUG - [SUAS_main.main:543] - waypoint required 
2025-06-11 21:02:45,478 - SUAS - DEBUG - [SUAS_main.main:543] - waypoint required 
2025-06-11 21:02:45,530 - SUAS - DEBUG - [SUAS_main.main:543] - waypoint required 
2025-06-11 21:02:45,582 - SUAS - DEBUG - [SUAS_main.main:543] - waypoint required 
2025-06-11 21:02:45,635 - SUAS - DEBUG - [SUAS_main.main:543] - waypoint required 
2025-06-11 21:02:45,687 - SUAS - DEBUG - [SUAS_main.main:543] - waypoint required 
2025-06-11 21:02:45,739 - SUAS - DEBUG - [SUAS_main.main:543] - waypoint required 
2025-06-11 21:02:45,791 - SUAS - DEBUG - [SUAS_main.main:543] - waypoint required 
2025-06-11 21:02:45,843 - SUAS - DEBUG - [SUAS_main.main:543] - waypoint required 
2025-06-11 21:02:45,895 - SUAS - DEBUG - [SUAS_main.main:543] - waypoint required 
2025-06-11 21:02:45,947 - SUAS - DEBUG - [SUAS_main.main:543] - waypoint required 
2025-06-11 21:02:45,999 - SUAS - DEBUG - [SUAS_main.main:543] - waypoint required 
2025-06-11 21:02:46,052 - SUAS - DEBUG - [SUAS_main.main:543] - waypoint required 
2025-06-11 21:02:46,104 - SUAS - DEBUG - [SUAS_main.main:543] - waypoint required 
2025-06-11 21:02:46,156 - SUAS - DEBUG - [SUAS_main.main:543] - waypoint required 
2025-06-11 21:02:46,208 - SUAS - DEBUG - [SUAS_main.main:543] - waypoint required 
2025-06-11 21:02:46,260 - SUAS - DEBUG - [SUAS_main.main:543] - waypoint required 
2025-06-11 21:02:46,312 - SUAS - DEBUG - [SUAS_main.main:543] - waypoint required 
2025-06-11 21:02:46,364 - SUAS - DEBUG - [SUAS_main.main:543] - waypoint required 
2025-06-11 21:02:46,417 - SUAS - DEBUG - [SUAS_main.main:543] - waypoint required 
2025-06-11 21:02:46,469 - SUAS - DEBUG - [SUAS_main.main:543] - waypoint required 
2025-06-11 21:02:46,521 - SUAS - DEBUG - [SUAS_main.main:543] - waypoint required 
2025-06-11 21:02:46,573 - SUAS - DEBUG - [SUAS_main.main:543] - waypoint required 
2025-06-11 21:02:46,626 - SUAS - DEBUG - [SUAS_main.main:543] - waypoint required 
2025-06-11 21:02:46,678 - SUAS - DEBUG - [SUAS_main.main:543] - waypoint required 
2025-06-11 21:02:46,730 - SUAS - DEBUG - [SUAS_main.main:543] - waypoint required 
2025-06-11 21:02:46,782 - SUAS - DEBUG - [SUAS_main.main:543] - waypoint required 
2025-06-11 21:02:46,834 - SUAS - DEBUG - [SUAS_main.main:543] - waypoint required 
2025-06-11 21:02:46,886 - SUAS - DEBUG - [SUAS_main.main:543] - waypoint required 
2025-06-11 21:02:46,938 - SUAS - DEBUG - [SUAS_main.main:543] - waypoint required 
2025-06-11 21:02:46,990 - SUAS - DEBUG - [SUAS_main.main:543] - waypoint required 
2025-06-11 21:02:47,043 - SUAS - DEBUG - [SUAS_main.main:543] - waypoint required 
2025-06-11 21:02:47,095 - SUAS - DEBUG - [SUAS_main.main:543] - waypoint required 
2025-06-11 21:02:47,147 - SUAS - DEBUG - [SUAS_main.main:543] - waypoint required 
2025-06-11 21:02:47,199 - SUAS - DEBUG - [SUAS_main.main:543] - waypoint required 
2025-06-11 21:02:47,251 - SUAS - DEBUG - [SUAS_main.main:543] - waypoint required 
2025-06-11 21:02:47,303 - SUAS - DEBUG - [SUAS_main.main:543] - waypoint required 
2025-06-11 21:02:47,355 - SUAS - DEBUG - [SUAS_main.main:543] - waypoint required 
2025-06-11 21:02:47,407 - SUAS - DEBUG - [SUAS_main.main:543] - waypoint required 
2025-06-11 21:02:47,458 - SUAS - DEBUG - [SUAS_main.main:543] - waypoint required 
2025-06-11 21:02:47,509 - SUAS - DEBUG - [SUAS_main.main:543] - waypoint required 
2025-06-11 21:02:47,560 - SUAS - DEBUG - [SUAS_main.main:543] - waypoint required 
2025-06-11 21:02:47,612 - SUAS - DEBUG - [SUAS_main.main:543] - waypoint required 
2025-06-11 21:02:47,663 - SUAS - DEBUG - [SUAS_main.main:543] - waypoint required 
2025-06-11 21:02:47,714 - SUAS - DEBUG - [SUAS_main.main:543] - waypoint required 
2025-06-11 21:02:47,765 - SUAS - DEBUG - [SUAS_main.main:543] - waypoint required 
2025-06-11 21:02:47,817 - SUAS - DEBUG - [SUAS_main.main:543] - waypoint required 
2025-06-11 21:02:47,868 - SUAS - DEBUG - [SUAS_main.main:543] - waypoint required 
2025-06-11 21:02:47,920 - SUAS - DEBUG - [SUAS_main.main:543] - waypoint required 
2025-06-11 21:02:47,971 - SUAS - DEBUG - [SUAS_main.main:543] - waypoint required 
2025-06-11 21:02:48,023 - SUAS - DEBUG - [SUAS_main.main:543] - waypoint required 
2025-06-11 21:02:48,075 - SUAS - DEBUG - [SUAS_main.main:543] - waypoint required 
2025-06-11 21:02:48,127 - SUAS - DEBUG - [SUAS_main.main:543] - waypoint required 
2025-06-11 21:02:48,179 - SUAS - DEBUG - [SUAS_main.main:543] - waypoint required 
2025-06-11 21:02:48,231 - SUAS - DEBUG - [SUAS_main.main:543] - waypoint required 
2025-06-11 21:02:48,282 - SUAS - DEBUG - [SUAS_main.main:543] - waypoint required 
2025-06-11 21:02:48,334 - SUAS - DEBUG - [SUAS_main.main:543] - waypoint required 
2025-06-11 21:02:48,385 - SUAS - DEBUG - [SUAS_main.main:543] - waypoint required 
2025-06-11 21:02:48,437 - SUAS - DEBUG - [SUAS_main.main:543] - waypoint required 
2025-06-11 21:02:48,504 - SUAS - DEBUG - [SUAS_main.main:543] - waypoint required 
2025-06-11 21:02:48,556 - SUAS - DEBUG - [SUAS_main.main:543] - waypoint required 
2025-06-11 21:02:48,608 - SUAS - DEBUG - [SUAS_main.main:543] - waypoint required 
2025-06-11 21:02:48,659 - SUAS - DEBUG - [SUAS_main.main:543] - waypoint required 
2025-06-11 21:02:48,711 - SUAS - DEBUG - [SUAS_main.main:543] - waypoint required 
2025-06-11 21:02:48,763 - SUAS - DEBUG - [SUAS_main.main:543] - waypoint required 
2025-06-11 21:02:48,815 - SUAS - DEBUG - [SUAS_main.main:543] - waypoint required 
2025-06-11 21:02:48,866 - SUAS - DEBUG - [SUAS_main.main:543] - waypoint required 
2025-06-11 21:02:48,918 - SUAS - DEBUG - [SUAS_main.main:543] - waypoint required 
2025-06-11 21:02:48,969 - SUAS - DEBUG - [SUAS_main.main:543] - waypoint required 
2025-06-11 21:02:49,021 - SUAS - DEBUG - [SUAS_main.main:543] - waypoint required 
2025-06-11 21:02:49,073 - SUAS - DEBUG - [SUAS_main.main:543] - waypoint required 
2025-06-11 21:02:49,124 - SUAS - DEBUG - [SUAS_main.main:543] - waypoint required 
2025-06-11 21:02:49,176 - SUAS - DEBUG - [SUAS_main.main:543] - waypoint required 
2025-06-11 21:02:49,228 - SUAS - DEBUG - [SUAS_main.main:543] - waypoint required 
2025-06-11 21:02:49,280 - SUAS - DEBUG - [SUAS_main.main:543] - waypoint required 
2025-06-11 21:02:49,332 - SUAS - DEBUG - [SUAS_main.main:543] - waypoint required 
2025-06-11 21:02:49,384 - SUAS - DEBUG - [SUAS_main.main:543] - waypoint required 
2025-06-11 21:02:49,436 - SUAS - DEBUG - [SUAS_main.main:543] - waypoint required 
2025-06-11 21:02:49,488 - SUAS - DEBUG - [SUAS_main.main:543] - waypoint required 
2025-06-11 21:02:49,540 - SUAS - DEBUG - [SUAS_main.main:543] - waypoint required 
2025-06-11 21:02:49,591 - SUAS - DEBUG - [SUAS_main.main:543] - waypoint required 
2025-06-11 21:02:49,643 - SUAS - DEBUG - [SUAS_main.main:543] - waypoint required 
2025-06-11 21:02:49,695 - SUAS - DEBUG - [SUAS_main.main:543] - waypoint required 
2025-06-11 21:02:49,747 - SUAS - DEBUG - [SUAS_main.main:543] - waypoint required 
2025-06-11 21:02:49,799 - SUAS - DEBUG - [SUAS_main.main:543] - waypoint required 
2025-06-11 21:02:49,851 - SUAS - DEBUG - [SUAS_main.main:543] - waypoint required 
2025-06-11 21:02:49,902 - SUAS - DEBUG - [SUAS_main.main:543] - waypoint required 
2025-06-11 21:02:49,953 - SUAS - DEBUG - [SUAS_main.main:543] - waypoint required 
2025-06-11 21:02:50,005 - SUAS - DEBUG - [SUAS_main.main:543] - waypoint required 
2025-06-11 21:02:50,056 - SUAS - DEBUG - [SUAS_main.main:543] - waypoint required 
2025-06-11 21:02:50,108 - SUAS - DEBUG - [SUAS_main.main:543] - waypoint required 
2025-06-11 21:02:50,160 - SUAS - DEBUG - [SUAS_main.main:543] - waypoint required 
2025-06-11 21:02:50,212 - SUAS - DEBUG - [SUAS_main.main:543] - waypoint required 
2025-06-11 21:02:50,264 - SUAS - DEBUG - [SUAS_main.main:543] - waypoint required 
2025-06-11 21:02:50,317 - SUAS - DEBUG - [SUAS_main.main:543] - waypoint required 
2025-06-11 21:02:50,368 - SUAS - DEBUG - [SUAS_main.main:543] - waypoint required 
2025-06-11 21:02:50,419 - SUAS - DEBUG - [SUAS_main.main:543] - waypoint required 
2025-06-11 21:02:50,471 - SUAS - DEBUG - [SUAS_main.main:543] - waypoint required 
2025-06-11 21:02:50,523 - SUAS - DEBUG - [SUAS_main.main:543] - waypoint required 
2025-06-11 21:02:50,574 - SUAS - DEBUG - [SUAS_main.main:543] - waypoint required 
2025-06-11 21:02:50,627 - SUAS - DEBUG - [SUAS_main.main:543] - waypoint required 
2025-06-11 21:02:50,679 - SUAS - DEBUG - [SUAS_main.main:543] - waypoint required 
2025-06-11 21:02:50,730 - SUAS - DEBUG - [SUAS_main.main:543] - waypoint required 
2025-06-11 21:02:50,783 - SUAS - DEBUG - [SUAS_main.main:543] - waypoint required 
2025-06-11 21:02:50,835 - SUAS - DEBUG - [SUAS_main.main:543] - waypoint required 
2025-06-11 21:02:50,886 - SUAS - DEBUG - [SUAS_main.main:543] - waypoint required 
2025-06-11 21:02:50,937 - SUAS - DEBUG - [SUAS_main.main:543] - waypoint required 
2025-06-11 21:02:50,989 - SUAS - DEBUG - [SUAS_main.main:543] - waypoint required 
2025-06-11 21:02:51,041 - SUAS - DEBUG - [SUAS_main.main:543] - waypoint required 
2025-06-11 21:02:51,093 - SUAS - DEBUG - [SUAS_main.main:543] - waypoint required 
2025-06-11 21:02:51,145 - SUAS - DEBUG - [SUAS_main.main:543] - waypoint required 
2025-06-11 21:02:51,197 - SUAS - DEBUG - [SUAS_main.main:543] - waypoint required 
2025-06-11 21:02:51,250 - SUAS - DEBUG - [SUAS_main.main:543] - waypoint required 
2025-06-11 21:02:51,302 - SUAS - DEBUG - [SUAS_main.main:543] - waypoint required 
2025-06-11 21:02:51,354 - SUAS - DEBUG - [SUAS_main.main:543] - waypoint required 
2025-06-11 21:02:51,406 - SUAS - DEBUG - [SUAS_main.main:543] - waypoint required 
2025-06-11 21:02:51,458 - SUAS - DEBUG - [SUAS_main.main:543] - waypoint required 
2025-06-11 21:02:51,510 - SUAS - DEBUG - [SUAS_main.main:543] - waypoint required 
2025-06-11 21:02:51,562 - SUAS - DEBUG - [SUAS_main.main:543] - waypoint required 
2025-06-11 21:02:51,614 - SUAS - DEBUG - [SUAS_main.main:543] - waypoint required 
2025-06-11 21:02:51,667 - SUAS - DEBUG - [SUAS_main.main:543] - waypoint required 
2025-06-11 21:02:51,718 - SUAS - DEBUG - [SUAS_main.main:543] - waypoint required 
2025-06-11 21:02:51,769 - SUAS - DEBUG - [SUAS_main.main:543] - waypoint required 
2025-06-11 21:02:51,821 - SUAS - DEBUG - [SUAS_main.main:543] - waypoint required 
2025-06-11 21:02:51,873 - SUAS - DEBUG - [SUAS_main.main:543] - waypoint required 
2025-06-11 21:02:51,925 - SUAS - DEBUG - [SUAS_main.main:543] - waypoint required 
2025-06-11 21:02:51,977 - SUAS - DEBUG - [SUAS_main.main:543] - waypoint required 
2025-06-11 21:02:52,028 - SUAS - DEBUG - [SUAS_main.main:543] - waypoint required 
2025-06-11 21:02:52,080 - SUAS - DEBUG - [SUAS_main.main:543] - waypoint required 
2025-06-11 21:02:52,133 - SUAS - DEBUG - [SUAS_main.main:543] - waypoint required 
2025-06-11 21:02:52,184 - SUAS - DEBUG - [SUAS_main.main:543] - waypoint required 
2025-06-11 21:02:52,236 - SUAS - DEBUG - [SUAS_main.main:543] - waypoint required 
2025-06-11 21:02:52,288 - SUAS - DEBUG - [SUAS_main.main:543] - waypoint required 
2025-06-11 21:02:52,340 - SUAS - DEBUG - [SUAS_main.main:543] - waypoint required 
2025-06-11 21:02:52,392 - SUAS - DEBUG - [SUAS_main.main:543] - waypoint required 
2025-06-11 21:02:52,444 - SUAS - DEBUG - [SUAS_main.main:543] - waypoint required 
2025-06-11 21:02:52,496 - SUAS - DEBUG - [SUAS_main.main:543] - waypoint required 
2025-06-11 21:02:52,548 - SUAS - DEBUG - [SUAS_main.main:543] - waypoint required 
2025-06-11 21:02:52,600 - SUAS - DEBUG - [SUAS_main.main:543] - waypoint required 
2025-06-11 21:02:52,652 - SUAS - DEBUG - [SUAS_main.main:543] - waypoint required 
2025-06-11 21:02:52,703 - SUAS - DEBUG - [SUAS_main.main:543] - waypoint required 
2025-06-11 21:02:52,755 - SUAS - DEBUG - [SUAS_main.main:543] - waypoint required 
2025-06-11 21:02:52,807 - SUAS - DEBUG - [SUAS_main.main:543] - waypoint required 
2025-06-11 21:02:52,859 - SUAS - DEBUG - [SUAS_main.main:543] - waypoint required 
2025-06-11 21:02:52,911 - SUAS - DEBUG - [SUAS_main.main:543] - waypoint required 
2025-06-11 21:02:52,963 - SUAS - DEBUG - [SUAS_main.main:543] - waypoint required 
2025-06-11 21:02:53,015 - SUAS - DEBUG - [SUAS_main.main:543] - waypoint required 
2025-06-11 21:02:53,067 - SUAS - DEBUG - [SUAS_main.main:543] - waypoint required 
2025-06-11 21:02:53,119 - SUAS - DEBUG - [SUAS_main.main:543] - waypoint required 
2025-06-11 21:02:53,170 - SUAS - DEBUG - [SUAS_main.main:543] - waypoint required 
2025-06-11 21:02:53,222 - SUAS - DEBUG - [SUAS_main.main:543] - waypoint required 
2025-06-11 21:02:53,274 - SUAS - DEBUG - [SUAS_main.main:543] - waypoint required 
2025-06-11 21:02:53,326 - SUAS - DEBUG - [SUAS_main.main:543] - waypoint required 
2025-06-11 21:02:53,377 - SUAS - DEBUG - [SUAS_main.main:543] - waypoint required 
2025-06-11 21:02:53,429 - SUAS - DEBUG - [SUAS_main.main:543] - waypoint required 
2025-06-11 21:02:53,480 - SUAS - DEBUG - [SUAS_main.main:543] - waypoint required 
2025-06-11 21:02:53,531 - SUAS - DEBUG - [SUAS_main.main:543] - waypoint required 
2025-06-11 21:02:53,583 - SUAS - DEBUG - [SUAS_main.main:543] - waypoint required 
2025-06-11 21:02:53,635 - SUAS - DEBUG - [SUAS_main.main:543] - waypoint required 
2025-06-11 21:02:53,686 - SUAS - DEBUG - [SUAS_main.main:543] - waypoint required 
2025-06-11 21:02:53,738 - SUAS - DEBUG - [SUAS_main.main:543] - waypoint required 
2025-06-11 21:02:53,789 - SUAS - DEBUG - [SUAS_main.main:543] - waypoint required 
2025-06-11 21:02:53,840 - SUAS - DEBUG - [SUAS_main.main:543] - waypoint required 
2025-06-11 21:02:53,892 - SUAS - DEBUG - [SUAS_main.main:543] - waypoint required 
2025-06-11 21:02:53,944 - SUAS - DEBUG - [SUAS_main.main:543] - waypoint required 
2025-06-11 21:02:53,995 - SUAS - DEBUG - [SUAS_main.main:543] - waypoint required 
2025-06-11 21:02:54,047 - SUAS - DEBUG - [SUAS_main.main:543] - waypoint required 
2025-06-11 21:02:54,098 - SUAS - DEBUG - [SUAS_main.main:543] - waypoint required 
2025-06-11 21:02:54,150 - SUAS - DEBUG - [SUAS_main.main:543] - waypoint required 
2025-06-11 21:02:54,202 - SUAS - DEBUG - [SUAS_main.main:543] - waypoint required 
2025-06-11 21:02:54,253 - SUAS - DEBUG - [SUAS_main.main:543] - waypoint required 
2025-06-11 21:02:54,304 - SUAS - DEBUG - [SUAS_main.main:543] - waypoint required 
2025-06-11 21:02:54,356 - SUAS - DEBUG - [SUAS_main.main:543] - waypoint required 
2025-06-11 21:02:54,407 - SUAS - DEBUG - [SUAS_main.main:543] - waypoint required 
2025-06-11 21:02:54,458 - SUAS - DEBUG - [SUAS_main.main:543] - waypoint required 
2025-06-11 21:02:54,510 - SUAS - DEBUG - [SUAS_main.main:543] - waypoint required 
2025-06-11 21:02:54,562 - SUAS - DEBUG - [SUAS_main.main:543] - waypoint required 
2025-06-11 21:02:54,613 - SUAS - DEBUG - [SUAS_main.main:543] - waypoint required 
2025-06-11 21:02:54,665 - SUAS - DEBUG - [SUAS_main.main:543] - waypoint required 
2025-06-11 21:02:54,717 - SUAS - DEBUG - [SUAS_main.main:543] - waypoint required 
2025-06-11 21:02:54,769 - SUAS - DEBUG - [SUAS_main.main:543] - waypoint required 
2025-06-11 21:02:54,820 - SUAS - DEBUG - [SUAS_main.main:543] - waypoint required 
2025-06-11 21:02:54,872 - SUAS - DEBUG - [SUAS_main.main:543] - waypoint required 
2025-06-11 21:02:54,924 - SUAS - DEBUG - [SUAS_main.main:543] - waypoint required 
2025-06-11 21:02:54,976 - SUAS - DEBUG - [SUAS_main.main:543] - waypoint required 
2025-06-11 21:02:55,028 - SUAS - DEBUG - [SUAS_main.main:543] - waypoint required 
2025-06-11 21:02:55,079 - SUAS - DEBUG - [SUAS_main.main:543] - waypoint required 
2025-06-11 21:02:55,131 - SUAS - DEBUG - [SUAS_main.main:543] - waypoint required 
2025-06-11 21:02:55,182 - SUAS - DEBUG - [SUAS_main.main:543] - waypoint required 
2025-06-11 21:02:55,234 - SUAS - DEBUG - [SUAS_main.main:543] - waypoint required 
2025-06-11 21:02:55,286 - SUAS - DEBUG - [SUAS_main.main:543] - waypoint required 
2025-06-11 21:02:55,337 - SUAS - DEBUG - [SUAS_main.main:543] - waypoint required 
2025-06-11 21:02:55,388 - SUAS - DEBUG - [SUAS_main.main:543] - waypoint required 
2025-06-11 21:02:55,440 - SUAS - DEBUG - [SUAS_main.main:543] - waypoint required 
2025-06-11 21:02:55,492 - SUAS - DEBUG - [SUAS_main.main:543] - waypoint required 
2025-06-11 21:02:55,544 - SUAS - DEBUG - [SUAS_main.main:543] - waypoint required 
2025-06-11 21:02:55,596 - SUAS - DEBUG - [SUAS_main.main:543] - waypoint required 
2025-06-11 21:02:55,648 - SUAS - DEBUG - [SUAS_main.main:543] - waypoint required 
2025-06-11 21:02:55,700 - SUAS - DEBUG - [SUAS_main.main:543] - waypoint required 
2025-06-11 21:02:55,752 - SUAS - DEBUG - [SUAS_main.main:543] - waypoint required 
2025-06-11 21:02:55,804 - SUAS - DEBUG - [SUAS_main.main:543] - waypoint required 
2025-06-11 21:02:55,856 - SUAS - DEBUG - [SUAS_main.main:543] - waypoint required 
2025-06-11 21:02:55,908 - SUAS - DEBUG - [SUAS_main.main:543] - waypoint required 
2025-06-11 21:02:55,960 - SUAS - DEBUG - [SUAS_main.main:543] - waypoint required 
2025-06-11 21:02:56,012 - SUAS - DEBUG - [SUAS_main.main:543] - waypoint required 
2025-06-11 21:02:56,065 - SUAS - DEBUG - [SUAS_main.main:543] - waypoint required 
2025-06-11 21:02:56,117 - SUAS - DEBUG - [SUAS_main.main:543] - waypoint required 
2025-06-11 21:02:56,169 - SUAS - DEBUG - [SUAS_main.main:543] - waypoint required 
2025-06-11 21:02:56,220 - SUAS - DEBUG - [SUAS_main.main:543] - waypoint required 
2025-06-11 21:02:56,271 - SUAS - DEBUG - [SUAS_main.main:543] - waypoint required 
2025-06-11 21:02:56,323 - SUAS - DEBUG - [SUAS_main.main:543] - waypoint required 
2025-06-11 21:02:56,375 - SUAS - DEBUG - [SUAS_main.main:543] - waypoint required 
2025-06-11 21:02:56,426 - SUAS - DEBUG - [SUAS_main.main:543] - waypoint required 
2025-06-11 21:02:56,478 - SUAS - DEBUG - [SUAS_main.main:543] - waypoint required 
2025-06-11 21:02:56,529 - SUAS - DEBUG - [SUAS_main.main:543] - waypoint required 
2025-06-11 21:02:56,581 - SUAS - DEBUG - [SUAS_main.main:543] - waypoint required 
2025-06-11 21:02:56,633 - SUAS - DEBUG - [SUAS_main.main:543] - waypoint required 
2025-06-11 21:02:56,686 - SUAS - DEBUG - [SUAS_main.main:543] - waypoint required 
2025-06-11 21:02:56,737 - SUAS - DEBUG - [SUAS_main.main:543] - waypoint required 
2025-06-11 21:02:56,789 - SUAS - DEBUG - [SUAS_main.main:543] - waypoint required 
2025-06-11 21:02:56,841 - SUAS - DEBUG - [SUAS_main.main:543] - waypoint required 
2025-06-11 21:02:56,892 - SUAS - DEBUG - [SUAS_main.main:543] - waypoint required 
2025-06-11 21:02:56,944 - SUAS - DEBUG - [SUAS_main.main:543] - waypoint required 
2025-06-11 21:02:56,996 - SUAS - DEBUG - [SUAS_main.main:543] - waypoint required 
2025-06-11 21:02:57,048 - SUAS - DEBUG - [SUAS_main.main:543] - waypoint required 
2025-06-11 21:02:57,100 - SUAS - DEBUG - [SUAS_main.main:543] - waypoint required 
2025-06-11 21:02:57,151 - SUAS - DEBUG - [SUAS_main.main:543] - waypoint required 
2025-06-11 21:02:57,203 - SUAS - DEBUG - [SUAS_main.main:543] - waypoint required 
2025-06-11 21:02:57,254 - SUAS - DEBUG - [SUAS_main.main:543] - waypoint required 
2025-06-11 21:02:57,306 - SUAS - DEBUG - [SUAS_main.main:543] - waypoint required 
2025-06-11 21:02:57,358 - SUAS - DEBUG - [SUAS_main.main:543] - waypoint required 
2025-06-11 21:02:57,409 - SUAS - DEBUG - [SUAS_main.main:543] - waypoint required 
2025-06-11 21:02:57,461 - SUAS - DEBUG - [SUAS_main.main:543] - waypoint required 
2025-06-11 21:02:57,513 - SUAS - DEBUG - [SUAS_main.main:543] - waypoint required 
2025-06-11 21:02:57,566 - SUAS - DEBUG - [SUAS_main.main:543] - waypoint required 
2025-06-11 21:02:57,618 - SUAS - DEBUG - [SUAS_main.main:543] - waypoint required 
2025-06-11 21:02:57,669 - SUAS - DEBUG - [SUAS_main.main:543] - waypoint required 
2025-06-11 21:02:57,720 - SUAS - DEBUG - [SUAS_main.main:543] - waypoint required 
2025-06-11 21:02:57,773 - SUAS - DEBUG - [SUAS_main.main:543] - waypoint required 
2025-06-11 21:02:57,824 - SUAS - DEBUG - [SUAS_main.main:543] - waypoint required 
2025-06-11 21:02:57,875 - SUAS - DEBUG - [SUAS_main.main:543] - waypoint required 
2025-06-11 21:02:57,927 - SUAS - DEBUG - [SUAS_main.main:543] - waypoint required 
2025-06-11 21:02:57,979 - SUAS - DEBUG - [SUAS_main.main:543] - waypoint required 
2025-06-11 21:02:58,031 - SUAS - DEBUG - [SUAS_main.main:543] - waypoint required 
2025-06-11 21:02:58,083 - SUAS - DEBUG - [SUAS_main.main:543] - waypoint required 
2025-06-11 21:02:58,135 - SUAS - DEBUG - [SUAS_main.main:543] - waypoint required 
2025-06-11 21:02:58,186 - SUAS - DEBUG - [SUAS_main.main:543] - waypoint required 
2025-06-11 21:02:58,238 - SUAS - DEBUG - [SUAS_main.main:543] - waypoint required 
2025-06-11 21:02:58,290 - SUAS - DEBUG - [SUAS_main.main:543] - waypoint required 
2025-06-11 21:02:58,341 - SUAS - DEBUG - [SUAS_main.main:543] - waypoint required 
2025-06-11 21:02:58,393 - SUAS - DEBUG - [SUAS_main.main:543] - waypoint required 
2025-06-11 21:02:58,446 - SUAS - DEBUG - [SUAS_main.main:543] - waypoint required 
2025-06-11 21:02:58,497 - SUAS - DEBUG - [SUAS_main.main:543] - waypoint required 
2025-06-11 21:02:58,549 - SUAS - DEBUG - [SUAS_main.main:543] - waypoint required 
2025-06-11 21:02:58,601 - SUAS - DEBUG - [SUAS_main.main:543] - waypoint required 
2025-06-11 21:02:58,653 - SUAS - DEBUG - [SUAS_main.main:543] - waypoint required 
2025-06-11 21:02:58,704 - SUAS - DEBUG - [SUAS_main.main:543] - waypoint required 
2025-06-11 21:02:58,757 - SUAS - DEBUG - [SUAS_main.main:543] - waypoint required 
2025-06-11 21:02:58,809 - SUAS - DEBUG - [SUAS_main.main:543] - waypoint required 
2025-06-11 21:02:58,861 - SUAS - DEBUG - [SUAS_main.main:543] - waypoint required 
2025-06-11 21:02:58,912 - SUAS - DEBUG - [SUAS_main.main:543] - waypoint required 
2025-06-11 21:02:58,964 - SUAS - DEBUG - [SUAS_main.main:543] - waypoint required 
2025-06-11 21:02:59,016 - SUAS - DEBUG - [SUAS_main.main:543] - waypoint required 
2025-06-11 21:02:59,068 - SUAS - DEBUG - [SUAS_main.main:543] - waypoint required 
2025-06-11 21:02:59,121 - SUAS - DEBUG - [SUAS_main.main:543] - waypoint required 
2025-06-11 21:02:59,173 - SUAS - DEBUG - [SUAS_main.main:543] - waypoint required 
2025-06-11 21:02:59,225 - SUAS - DEBUG - [SUAS_main.main:543] - waypoint required 
2025-06-11 21:02:59,278 - SUAS - DEBUG - [SUAS_main.main:543] - waypoint required 
2025-06-11 21:02:59,330 - SUAS - DEBUG - [SUAS_main.main:543] - waypoint required 
2025-06-11 21:02:59,381 - SUAS - DEBUG - [SUAS_main.main:543] - waypoint required 
2025-06-11 21:02:59,432 - SUAS - DEBUG - [SUAS_main.main:543] - waypoint required 
2025-06-11 21:02:59,485 - SUAS - DEBUG - [SUAS_main.main:543] - waypoint required 
2025-06-11 21:02:59,536 - SUAS - DEBUG - [SUAS_main.main:543] - waypoint required 
2025-06-11 21:02:59,587 - SUAS - DEBUG - [SUAS_main.main:543] - waypoint required 
2025-06-11 21:02:59,639 - SUAS - DEBUG - [SUAS_main.main:543] - waypoint required 
2025-06-11 21:02:59,691 - SUAS - DEBUG - [SUAS_main.main:543] - waypoint required 
2025-06-11 21:02:59,742 - SUAS - DEBUG - [SUAS_main.main:543] - waypoint required 
2025-06-11 21:02:59,794 - SUAS - DEBUG - [SUAS_main.main:543] - waypoint required 
2025-06-11 21:02:59,845 - SUAS - DEBUG - [SUAS_main.main:543] - waypoint required 
2025-06-11 21:02:59,897 - SUAS - DEBUG - [SUAS_main.main:543] - waypoint required 
2025-06-11 21:02:59,948 - SUAS - DEBUG - [SUAS_main.main:543] - waypoint required 
2025-06-11 21:03:00,000 - SUAS - DEBUG - [SUAS_main.main:543] - waypoint required 
2025-06-11 21:03:00,051 - SUAS - DEBUG - [SUAS_main.main:543] - waypoint required 
2025-06-11 21:03:00,103 - SUAS - DEBUG - [SUAS_main.main:543] - waypoint required 
2025-06-11 21:03:00,154 - SUAS - DEBUG - [SUAS_main.main:543] - waypoint required 
2025-06-11 21:03:00,205 - SUAS - DEBUG - [SUAS_main.main:543] - waypoint required 
2025-06-11 21:03:00,257 - SUAS - DEBUG - [SUAS_main.main:543] - waypoint required 
2025-06-11 21:03:00,308 - SUAS - DEBUG - [SUAS_main.main:543] - waypoint required 
2025-06-11 21:03:00,360 - SUAS - DEBUG - [SUAS_main.main:543] - waypoint required 
2025-06-11 21:03:00,412 - SUAS - DEBUG - [SUAS_main.main:543] - waypoint required 
2025-06-11 21:03:00,464 - SUAS - DEBUG - [SUAS_main.main:543] - waypoint required 
2025-06-11 21:03:00,516 - SUAS - DEBUG - [SUAS_main.main:543] - waypoint required 
2025-06-11 21:03:00,568 - SUAS - DEBUG - [SUAS_main.main:543] - waypoint required 
2025-06-11 21:03:00,619 - SUAS - DEBUG - [SUAS_main.main:543] - waypoint required 
2025-06-11 21:03:00,670 - SUAS - DEBUG - [SUAS_main.main:543] - waypoint required 
2025-06-11 21:03:00,722 - SUAS - DEBUG - [SUAS_main.main:543] - waypoint required 
2025-06-11 21:03:00,773 - SUAS - DEBUG - [SUAS_main.main:543] - waypoint required 
2025-06-11 21:03:00,825 - SUAS - DEBUG - [SUAS_main.main:543] - waypoint required 
2025-06-11 21:03:00,877 - SUAS - DEBUG - [SUAS_main.main:543] - waypoint required 
2025-06-11 21:03:00,928 - SUAS - DEBUG - [SUAS_main.main:543] - waypoint required 
2025-06-11 21:03:00,979 - SUAS - DEBUG - [SUAS_main.main:543] - waypoint required 
2025-06-11 21:03:01,031 - SUAS - DEBUG - [SUAS_main.main:543] - waypoint required 
2025-06-11 21:03:01,082 - SUAS - DEBUG - [SUAS_main.main:543] - waypoint required 
2025-06-11 21:03:01,134 - SUAS - DEBUG - [SUAS_main.main:543] - waypoint required 
2025-06-11 21:03:01,185 - SUAS - DEBUG - [SUAS_main.main:543] - waypoint required 
2025-06-11 21:03:01,237 - SUAS - DEBUG - [SUAS_main.main:543] - waypoint required 
2025-06-11 21:03:01,288 - SUAS - DEBUG - [SUAS_main.main:543] - waypoint required 
2025-06-11 21:03:01,339 - SUAS - DEBUG - [SUAS_main.main:543] - waypoint required 
2025-06-11 21:03:01,391 - SUAS - DEBUG - [SUAS_main.main:543] - waypoint required 
2025-06-11 21:03:01,442 - SUAS - DEBUG - [SUAS_main.main:543] - waypoint required 
2025-06-11 21:03:01,493 - SUAS - DEBUG - [SUAS_main.main:543] - waypoint required 
2025-06-11 21:03:01,545 - SUAS - DEBUG - [SUAS_main.main:543] - waypoint required 
2025-06-11 21:03:01,596 - SUAS - DEBUG - [SUAS_main.main:543] - waypoint required 
2025-06-11 21:03:01,648 - SUAS - DEBUG - [SUAS_main.main:543] - waypoint required 
2025-06-11 21:03:01,700 - SUAS - DEBUG - [SUAS_main.main:543] - waypoint required 
2025-06-11 21:03:01,751 - SUAS - DEBUG - [SUAS_main.main:543] - waypoint required 
2025-06-11 21:03:01,802 - SUAS - DEBUG - [SUAS_main.main:543] - waypoint required 
2025-06-11 21:03:01,854 - SUAS - DEBUG - [SUAS_main.main:543] - waypoint required 
2025-06-11 21:03:01,905 - SUAS - DEBUG - [SUAS_main.main:543] - waypoint required 
2025-06-11 21:03:01,957 - SUAS - DEBUG - [SUAS_main.main:543] - waypoint required 
2025-06-11 21:03:02,008 - SUAS - DEBUG - [SUAS_main.main:543] - waypoint required 
2025-06-11 21:03:02,060 - SUAS - DEBUG - [SUAS_main.main:543] - waypoint required 
2025-06-11 21:03:02,111 - SUAS - DEBUG - [SUAS_main.main:543] - waypoint required 
2025-06-11 21:03:02,163 - SUAS - DEBUG - [SUAS_main.main:543] - waypoint required 
2025-06-11 21:03:02,214 - SUAS - DEBUG - [SUAS_main.main:543] - waypoint required 
2025-06-11 21:03:02,266 - SUAS - DEBUG - [SUAS_main.main:543] - waypoint required 
2025-06-11 21:03:02,318 - SUAS - DEBUG - [SUAS_main.main:543] - waypoint required 
2025-06-11 21:03:02,369 - SUAS - DEBUG - [SUAS_main.main:543] - waypoint required 
2025-06-11 21:03:02,421 - SUAS - DEBUG - [SUAS_main.main:543] - waypoint required 
2025-06-11 21:03:02,472 - SUAS - DEBUG - [SUAS_main.main:543] - waypoint required 
2025-06-11 21:03:02,524 - SUAS - DEBUG - [SUAS_main.main:543] - waypoint required 
2025-06-11 21:03:02,575 - SUAS - DEBUG - [SUAS_main.main:543] - waypoint required 
2025-06-11 21:03:02,627 - SUAS - DEBUG - [SUAS_main.main:543] - waypoint required 
2025-06-11 21:03:02,679 - SUAS - DEBUG - [SUAS_main.main:543] - waypoint required 
2025-06-11 21:03:02,730 - SUAS - DEBUG - [SUAS_main.main:543] - waypoint required 
2025-06-11 21:03:02,781 - SUAS - DEBUG - [SUAS_main.main:543] - waypoint required 
2025-06-11 21:03:02,833 - SUAS - DEBUG - [SUAS_main.main:543] - waypoint required 
2025-06-11 21:03:02,884 - SUAS - DEBUG - [SUAS_main.main:543] - waypoint required 
2025-06-11 21:03:02,936 - SUAS - DEBUG - [SUAS_main.main:543] - waypoint required 
2025-06-11 21:03:02,987 - SUAS - DEBUG - [SUAS_main.main:543] - waypoint required 
2025-06-11 21:03:03,038 - SUAS - DEBUG - [SUAS_main.main:543] - waypoint required 
2025-06-11 21:03:03,090 - SUAS - DEBUG - [SUAS_main.main:543] - waypoint required 
2025-06-11 21:03:03,142 - SUAS - DEBUG - [SUAS_main.main:543] - waypoint required 
2025-06-11 21:03:03,193 - SUAS - DEBUG - [SUAS_main.main:543] - waypoint required 
2025-06-11 21:03:03,244 - SUAS - DEBUG - [SUAS_main.main:543] - waypoint required 
2025-06-11 21:03:03,296 - SUAS - DEBUG - [SUAS_main.main:543] - waypoint required 
2025-06-11 21:03:03,348 - SUAS - DEBUG - [SUAS_main.main:543] - waypoint required 
2025-06-11 21:03:03,399 - SUAS - DEBUG - [SUAS_main.main:543] - waypoint required 
2025-06-11 21:03:03,451 - SUAS - DEBUG - [SUAS_main.main:543] - waypoint required 
2025-06-11 21:03:03,502 - SUAS - DEBUG - [SUAS_main.main:543] - waypoint required 
2025-06-11 21:03:03,554 - SUAS - DEBUG - [SUAS_main.main:543] - waypoint required 
2025-06-11 21:03:03,606 - SUAS - DEBUG - [SUAS_main.main:543] - waypoint required 
2025-06-11 21:03:03,658 - SUAS - DEBUG - [SUAS_main.main:543] - waypoint required 
2025-06-11 21:03:03,709 - SUAS - DEBUG - [SUAS_main.main:543] - waypoint required 
2025-06-11 21:03:03,761 - SUAS - DEBUG - [SUAS_main.main:543] - waypoint required 
2025-06-11 21:03:03,812 - SUAS - DEBUG - [SUAS_main.main:543] - waypoint required 
2025-06-11 21:03:03,864 - SUAS - DEBUG - [SUAS_main.main:543] - waypoint required 
2025-06-11 21:03:03,915 - SUAS - DEBUG - [SUAS_main.main:543] - waypoint required 
2025-06-11 21:03:03,967 - SUAS - DEBUG - [SUAS_main.main:543] - waypoint required 
2025-06-11 21:03:04,018 - SUAS - DEBUG - [SUAS_main.main:543] - waypoint required 
2025-06-11 21:03:04,070 - SUAS - DEBUG - [SUAS_main.main:543] - waypoint required 
2025-06-11 21:03:04,122 - SUAS - DEBUG - [SUAS_main.main:543] - waypoint required 
2025-06-11 21:03:04,173 - SUAS - DEBUG - [SUAS_main.main:543] - waypoint required 
2025-06-11 21:03:04,225 - SUAS - DEBUG - [SUAS_main.main:543] - waypoint required 
2025-06-11 21:03:04,276 - SUAS - DEBUG - [SUAS_main.main:543] - waypoint required 
2025-06-11 21:03:04,329 - SUAS - DEBUG - [SUAS_main.main:543] - waypoint required 
2025-06-11 21:03:04,380 - SUAS - DEBUG - [SUAS_main.main:543] - waypoint required 
2025-06-11 21:03:04,432 - SUAS - DEBUG - [SUAS_main.main:543] - waypoint required 
2025-06-11 21:03:04,484 - SUAS - DEBUG - [SUAS_main.main:543] - waypoint required 
2025-06-11 21:03:04,535 - SUAS - DEBUG - [SUAS_main.main:543] - waypoint required 
2025-06-11 21:03:04,587 - SUAS - DEBUG - [SUAS_main.main:543] - waypoint required 
2025-06-11 21:03:04,638 - SUAS - DEBUG - [SUAS_main.main:543] - waypoint required 
2025-06-11 21:03:04,689 - SUAS - DEBUG - [SUAS_main.main:543] - waypoint required 
2025-06-11 21:03:04,741 - SUAS - DEBUG - [SUAS_main.main:543] - waypoint required 
2025-06-11 21:03:04,792 - SUAS - DEBUG - [SUAS_main.main:543] - waypoint required 
2025-06-11 21:03:04,843 - SUAS - DEBUG - [SUAS_main.main:543] - waypoint required 
2025-06-11 21:03:04,895 - SUAS - DEBUG - [SUAS_main.main:543] - waypoint required 
2025-06-11 21:03:04,946 - SUAS - DEBUG - [SUAS_main.main:543] - waypoint required 
2025-06-11 21:03:04,997 - SUAS - DEBUG - [SUAS_main.main:543] - waypoint required 
2025-06-11 21:03:05,049 - SUAS - DEBUG - [SUAS_main.main:543] - waypoint required 
2025-06-11 21:03:05,100 - SUAS - DEBUG - [SUAS_main.main:543] - waypoint required 
2025-06-11 21:03:05,151 - SUAS - DEBUG - [SUAS_main.main:543] - waypoint required 
2025-06-11 21:03:05,203 - SUAS - DEBUG - [SUAS_main.main:543] - waypoint required 
2025-06-11 21:03:05,254 - SUAS - DEBUG - [SUAS_main.main:543] - waypoint required 
2025-06-11 21:03:05,305 - SUAS - DEBUG - [SUAS_main.main:543] - waypoint required 
2025-06-11 21:03:05,357 - SUAS - DEBUG - [SUAS_main.main:543] - waypoint required 
2025-06-11 21:03:05,408 - SUAS - DEBUG - [SUAS_main.main:543] - waypoint required 
2025-06-11 21:03:05,459 - SUAS - DEBUG - [SUAS_main.main:543] - waypoint required 
2025-06-11 21:03:05,511 - SUAS - DEBUG - [SUAS_main.main:543] - waypoint required 
2025-06-11 21:03:05,562 - SUAS - DEBUG - [SUAS_main.main:543] - waypoint required 
2025-06-11 21:03:05,614 - SUAS - DEBUG - [SUAS_main.main:543] - waypoint required 
2025-06-11 21:03:05,666 - SUAS - DEBUG - [SUAS_main.main:543] - waypoint required 
2025-06-11 21:03:05,717 - SUAS - DEBUG - [SUAS_main.main:543] - waypoint required 
2025-06-11 21:03:05,769 - SUAS - DEBUG - [SUAS_main.main:543] - waypoint required 
2025-06-11 21:03:05,821 - SUAS - DEBUG - [SUAS_main.main:543] - waypoint required 
2025-06-11 21:03:05,873 - SUAS - DEBUG - [SUAS_main.main:543] - waypoint required 
2025-06-11 21:03:05,924 - SUAS - DEBUG - [SUAS_main.main:543] - waypoint required 
2025-06-11 21:03:05,975 - SUAS - DEBUG - [SUAS_main.main:543] - waypoint required 
2025-06-11 21:03:06,027 - SUAS - DEBUG - [SUAS_main.main:543] - waypoint required 
2025-06-11 21:03:06,078 - SUAS - DEBUG - [SUAS_main.main:543] - waypoint required 
2025-06-11 21:03:06,130 - SUAS - DEBUG - [SUAS_main.main:543] - waypoint required 
2025-06-11 21:03:06,182 - SUAS - DEBUG - [SUAS_main.main:543] - waypoint required 
2025-06-11 21:03:06,234 - SUAS - DEBUG - [SUAS_main.main:543] - waypoint required 
2025-06-11 21:03:06,286 - SUAS - DEBUG - [SUAS_main.main:543] - waypoint required 
2025-06-11 21:03:06,337 - SUAS - DEBUG - [SUAS_main.main:543] - waypoint required 
2025-06-11 21:03:06,389 - SUAS - DEBUG - [SUAS_main.main:543] - waypoint required 
2025-06-11 21:03:06,440 - SUAS - DEBUG - [SUAS_main.main:543] - waypoint required 
2025-06-11 21:03:06,492 - SUAS - DEBUG - [SUAS_main.main:543] - waypoint required 
2025-06-11 21:03:06,543 - SUAS - DEBUG - [SUAS_main.main:543] - waypoint required 
2025-06-11 21:03:06,595 - SUAS - DEBUG - [SUAS_main.main:543] - waypoint required 
2025-06-11 21:03:06,647 - SUAS - DEBUG - [SUAS_main.main:543] - waypoint required 
2025-06-11 21:03:06,699 - SUAS - DEBUG - [SUAS_main.main:543] - waypoint required 
2025-06-11 21:03:06,751 - SUAS - DEBUG - [SUAS_main.main:543] - waypoint required 
2025-06-11 21:03:06,803 - SUAS - DEBUG - [SUAS_main.main:543] - waypoint required 
2025-06-11 21:03:06,855 - SUAS - DEBUG - [SUAS_main.main:543] - waypoint required 
2025-06-11 21:03:06,906 - SUAS - DEBUG - [SUAS_main.main:543] - waypoint required 
2025-06-11 21:03:06,958 - SUAS - DEBUG - [SUAS_main.main:543] - waypoint required 
2025-06-11 21:03:07,009 - SUAS - DEBUG - [SUAS_main.main:543] - waypoint required 
2025-06-11 21:03:07,061 - SUAS - DEBUG - [SUAS_main.main:543] - waypoint required 
2025-06-11 21:03:07,112 - SUAS - DEBUG - [SUAS_main.main:543] - waypoint required 
2025-06-11 21:03:07,164 - SUAS - DEBUG - [SUAS_main.main:543] - waypoint required 
2025-06-11 21:03:07,215 - SUAS - DEBUG - [SUAS_main.main:543] - waypoint required 
2025-06-11 21:03:07,266 - SUAS - DEBUG - [SUAS_main.main:543] - waypoint required 
2025-06-11 21:03:07,318 - SUAS - DEBUG - [SUAS_main.main:543] - waypoint required 
2025-06-11 21:03:07,369 - SUAS - DEBUG - [SUAS_main.main:543] - waypoint required 
2025-06-11 21:03:07,421 - SUAS - DEBUG - [SUAS_main.main:543] - waypoint required 
2025-06-11 21:03:07,472 - SUAS - DEBUG - [SUAS_main.main:543] - waypoint required 
2025-06-11 21:03:07,524 - SUAS - DEBUG - [SUAS_main.main:543] - waypoint required 
2025-06-11 21:03:07,575 - SUAS - DEBUG - [SUAS_main.main:543] - waypoint required 
2025-06-11 21:03:07,627 - SUAS - DEBUG - [SUAS_main.main:543] - waypoint required 
2025-06-11 21:03:07,679 - SUAS - DEBUG - [SUAS_main.main:543] - waypoint required 
2025-06-11 21:03:07,731 - SUAS - DEBUG - [SUAS_main.main:543] - waypoint required 
2025-06-11 21:03:07,783 - SUAS - DEBUG - [SUAS_main.main:543] - waypoint required 
2025-06-11 21:03:07,835 - SUAS - DEBUG - [SUAS_main.main:543] - waypoint required 
2025-06-11 21:03:07,886 - SUAS - DEBUG - [SUAS_main.main:543] - waypoint required 
2025-06-11 21:03:07,938 - SUAS - DEBUG - [SUAS_main.main:543] - waypoint required 
2025-06-11 21:03:07,990 - SUAS - DEBUG - [SUAS_main.main:543] - waypoint required 
2025-06-11 21:03:08,042 - SUAS - DEBUG - [SUAS_main.main:543] - waypoint required 
2025-06-11 21:03:08,094 - SUAS - DEBUG - [SUAS_main.main:543] - waypoint required 
2025-06-11 21:03:08,146 - SUAS - DEBUG - [SUAS_main.main:543] - waypoint required 
2025-06-11 21:03:08,198 - SUAS - DEBUG - [SUAS_main.main:543] - waypoint required 
2025-06-11 21:03:08,250 - SUAS - DEBUG - [SUAS_main.main:543] - waypoint required 
2025-06-11 21:03:08,302 - SUAS - DEBUG - [SUAS_main.main:543] - waypoint required 
2025-06-11 21:03:08,353 - SUAS - DEBUG - [SUAS_main.main:543] - waypoint required 
2025-06-11 21:03:08,405 - SUAS - DEBUG - [SUAS_main.main:543] - waypoint required 
2025-06-11 21:03:08,457 - SUAS - DEBUG - [SUAS_main.main:543] - waypoint required 
2025-06-11 21:03:08,509 - SUAS - DEBUG - [SUAS_main.main:543] - waypoint required 
2025-06-11 21:03:08,561 - SUAS - DEBUG - [SUAS_main.main:543] - waypoint required 
2025-06-11 21:03:08,612 - SUAS - DEBUG - [SUAS_main.main:543] - waypoint required 
2025-06-11 21:03:08,663 - SUAS - DEBUG - [SUAS_main.main:543] - waypoint required 
2025-06-11 21:03:08,714 - SUAS - DEBUG - [SUAS_main.main:543] - waypoint required 
2025-06-11 21:03:08,766 - SUAS - DEBUG - [SUAS_main.main:543] - waypoint required 
2025-06-11 21:03:08,817 - SUAS - DEBUG - [SUAS_main.main:543] - waypoint required 
2025-06-11 21:03:08,868 - SUAS - DEBUG - [SUAS_main.main:543] - waypoint required 
2025-06-11 21:03:08,919 - SUAS - DEBUG - [SUAS_main.main:543] - waypoint required 
2025-06-11 21:03:08,971 - SUAS - DEBUG - [SUAS_main.main:543] - waypoint required 
2025-06-11 21:03:09,023 - SUAS - DEBUG - [SUAS_main.main:543] - waypoint required 
2025-06-11 21:03:09,075 - SUAS - DEBUG - [SUAS_main.main:543] - waypoint required 
2025-06-11 21:03:09,126 - SUAS - DEBUG - [SUAS_main.main:543] - waypoint required 
2025-06-11 21:03:09,178 - SUAS - DEBUG - [SUAS_main.main:543] - waypoint required 
2025-06-11 21:03:09,230 - SUAS - DEBUG - [SUAS_main.main:543] - waypoint required 
2025-06-11 21:03:09,282 - SUAS - DEBUG - [SUAS_main.main:543] - waypoint required 
2025-06-11 21:03:09,334 - SUAS - DEBUG - [SUAS_main.main:543] - waypoint required 
2025-06-11 21:03:09,386 - SUAS - DEBUG - [SUAS_main.main:543] - waypoint required 
2025-06-11 21:03:09,437 - SUAS - DEBUG - [SUAS_main.main:543] - waypoint required 
2025-06-11 21:03:09,489 - SUAS - DEBUG - [SUAS_main.main:543] - waypoint required 
2025-06-11 21:03:09,541 - SUAS - DEBUG - [SUAS_main.main:543] - waypoint required 
2025-06-11 21:03:09,593 - SUAS - DEBUG - [SUAS_main.main:543] - waypoint required 
2025-06-11 21:03:09,645 - SUAS - DEBUG - [SUAS_main.main:543] - waypoint required 
2025-06-11 21:03:09,698 - SUAS - DEBUG - [SUAS_main.main:543] - waypoint required 
2025-06-11 21:03:09,750 - SUAS - DEBUG - [SUAS_main.main:543] - waypoint required 
2025-06-11 21:03:09,802 - SUAS - DEBUG - [SUAS_main.main:543] - waypoint required 
2025-06-11 21:03:09,853 - SUAS - DEBUG - [SUAS_main.main:543] - waypoint required 
2025-06-11 21:03:09,905 - SUAS - DEBUG - [SUAS_main.main:543] - waypoint required 
2025-06-11 21:03:09,957 - SUAS - DEBUG - [SUAS_main.main:543] - waypoint required 
2025-06-11 21:03:10,009 - SUAS - DEBUG - [SUAS_main.main:543] - waypoint required 
2025-06-11 21:03:10,061 - SUAS - DEBUG - [SUAS_main.main:543] - waypoint required 
2025-06-11 21:03:10,113 - SUAS - DEBUG - [SUAS_main.main:543] - waypoint required 
2025-06-11 21:03:10,165 - SUAS - DEBUG - [SUAS_main.main:543] - waypoint required 
2025-06-11 21:03:10,218 - SUAS - DEBUG - [SUAS_main.main:543] - waypoint required 
2025-06-11 21:03:10,269 - SUAS - DEBUG - [SUAS_main.main:543] - waypoint required 
2025-06-11 21:03:10,321 - SUAS - DEBUG - [SUAS_main.main:543] - waypoint required 
2025-06-11 21:03:10,373 - SUAS - DEBUG - [SUAS_main.main:543] - waypoint required 
2025-06-11 21:03:10,424 - SUAS - DEBUG - [SUAS_main.main:543] - waypoint required 
2025-06-11 21:03:10,475 - SUAS - DEBUG - [SUAS_main.main:543] - waypoint required 
2025-06-11 21:03:10,528 - SUAS - DEBUG - [SUAS_main.main:543] - waypoint required 
2025-06-11 21:03:10,580 - SUAS - DEBUG - [SUAS_main.main:543] - waypoint required 
2025-06-11 21:03:10,632 - SUAS - DEBUG - [SUAS_main.main:543] - waypoint required 
2025-06-11 21:03:10,684 - SUAS - DEBUG - [SUAS_main.main:543] - waypoint required 
2025-06-11 21:03:10,736 - SUAS - DEBUG - [SUAS_main.main:543] - waypoint required 
2025-06-11 21:03:10,787 - SUAS - DEBUG - [SUAS_main.main:543] - waypoint required 
2025-06-11 21:03:10,838 - SUAS - DEBUG - [SUAS_main.main:543] - waypoint required 
2025-06-11 21:03:10,891 - SUAS - DEBUG - [SUAS_main.main:543] - waypoint required 
2025-06-11 21:03:10,942 - SUAS - DEBUG - [SUAS_main.main:543] - waypoint required 
2025-06-11 21:03:10,994 - SUAS - DEBUG - [SUAS_main.main:543] - waypoint required 
2025-06-11 21:03:11,046 - SUAS - DEBUG - [SUAS_main.main:543] - waypoint required 
2025-06-11 21:03:11,098 - SUAS - DEBUG - [SUAS_main.main:543] - waypoint required 
2025-06-11 21:03:11,150 - SUAS - DEBUG - [SUAS_main.main:543] - waypoint required 
2025-06-11 21:03:11,202 - SUAS - DEBUG - [SUAS_main.main:543] - waypoint required 
2025-06-11 21:03:11,254 - SUAS - DEBUG - [SUAS_main.main:543] - waypoint required 
2025-06-11 21:03:11,305 - SUAS - DEBUG - [SUAS_main.main:543] - waypoint required 
2025-06-11 21:03:11,357 - SUAS - DEBUG - [SUAS_main.main:543] - waypoint required 
2025-06-11 21:03:11,408 - SUAS - DEBUG - [SUAS_main.main:543] - waypoint required 
2025-06-11 21:03:11,460 - SUAS - DEBUG - [SUAS_main.main:543] - waypoint required 
2025-06-11 21:03:11,512 - SUAS - DEBUG - [SUAS_main.main:543] - waypoint required 
2025-06-11 21:03:11,565 - SUAS - DEBUG - [SUAS_main.main:543] - waypoint required 
2025-06-11 21:03:11,617 - SUAS - DEBUG - [SUAS_main.main:543] - waypoint required 
2025-06-11 21:03:11,669 - SUAS - DEBUG - [SUAS_main.main:543] - waypoint required 
2025-06-11 21:03:11,720 - SUAS - DEBUG - [SUAS_main.main:543] - waypoint required 
2025-06-11 21:03:11,772 - SUAS - DEBUG - [SUAS_main.main:543] - waypoint required 
2025-06-11 21:03:11,823 - SUAS - DEBUG - [SUAS_main.main:543] - waypoint required 
2025-06-11 21:03:11,874 - SUAS - DEBUG - [SUAS_main.main:543] - waypoint required 
2025-06-11 21:03:11,926 - SUAS - DEBUG - [SUAS_main.main:543] - waypoint required 
2025-06-11 21:03:11,978 - SUAS - DEBUG - [SUAS_main.main:543] - waypoint required 
2025-06-11 21:03:12,030 - SUAS - DEBUG - [SUAS_main.main:543] - waypoint required 
2025-06-11 21:03:12,082 - SUAS - DEBUG - [SUAS_main.main:543] - waypoint required 
2025-06-11 21:03:12,134 - SUAS - DEBUG - [SUAS_main.main:543] - waypoint required 
2025-06-11 21:03:12,185 - SUAS - DEBUG - [SUAS_main.main:543] - waypoint required 
2025-06-11 21:03:12,237 - SUAS - DEBUG - [SUAS_main.main:543] - waypoint required 
2025-06-11 21:03:12,288 - SUAS - DEBUG - [SUAS_main.main:543] - waypoint required 
2025-06-11 21:03:12,340 - SUAS - DEBUG - [SUAS_main.main:543] - waypoint required 
2025-06-11 21:03:12,392 - SUAS - DEBUG - [SUAS_main.main:543] - waypoint required 
2025-06-11 21:03:12,444 - SUAS - DEBUG - [SUAS_main.main:543] - waypoint required 
2025-06-11 21:03:12,496 - SUAS - DEBUG - [SUAS_main.main:543] - waypoint required 
2025-06-11 21:03:12,549 - SUAS - DEBUG - [SUAS_main.main:543] - waypoint required 
2025-06-11 21:03:12,601 - SUAS - DEBUG - [SUAS_main.main:543] - waypoint required 
2025-06-11 21:03:12,652 - SUAS - DEBUG - [SUAS_main.main:543] - waypoint required 
2025-06-11 21:03:12,703 - SUAS - DEBUG - [SUAS_main.main:543] - waypoint required 
2025-06-11 21:03:12,755 - SUAS - DEBUG - [SUAS_main.main:543] - waypoint required 
2025-06-11 21:03:12,807 - SUAS - DEBUG - [SUAS_main.main:543] - waypoint required 
2025-06-11 21:03:12,858 - SUAS - DEBUG - [SUAS_main.main:543] - waypoint required 
2025-06-11 21:03:12,911 - SUAS - DEBUG - [SUAS_main.main:543] - waypoint required 
2025-06-11 21:03:12,962 - SUAS - DEBUG - [SUAS_main.main:543] - waypoint required 
2025-06-11 21:03:13,014 - SUAS - DEBUG - [SUAS_main.main:543] - waypoint required 
2025-06-11 21:03:13,066 - SUAS - DEBUG - [SUAS_main.main:543] - waypoint required 
2025-06-11 21:03:13,118 - SUAS - DEBUG - [SUAS_main.main:543] - waypoint required 
2025-06-11 21:03:13,169 - SUAS - DEBUG - [SUAS_main.main:543] - waypoint required 
2025-06-11 21:03:13,221 - SUAS - DEBUG - [SUAS_main.main:543] - waypoint required 
2025-06-11 21:03:13,273 - SUAS - DEBUG - [SUAS_main.main:543] - waypoint required 
2025-06-11 21:03:13,325 - SUAS - DEBUG - [SUAS_main.main:543] - waypoint required 
2025-06-11 21:03:13,377 - SUAS - DEBUG - [SUAS_main.main:543] - waypoint required 
2025-06-11 21:03:13,429 - SUAS - DEBUG - [SUAS_main.main:543] - waypoint required 
2025-06-11 21:03:13,481 - SUAS - DEBUG - [SUAS_main.main:543] - waypoint required 
2025-06-11 21:03:13,533 - SUAS - DEBUG - [SUAS_main.main:543] - waypoint required 
2025-06-11 21:03:13,585 - SUAS - DEBUG - [SUAS_main.main:543] - waypoint required 
2025-06-11 21:03:13,636 - SUAS - DEBUG - [SUAS_main.main:543] - waypoint required 
2025-06-11 21:03:13,688 - SUAS - DEBUG - [SUAS_main.main:543] - waypoint required 
2025-06-11 21:03:13,740 - SUAS - DEBUG - [SUAS_main.main:543] - waypoint required 
2025-06-11 21:03:13,792 - SUAS - DEBUG - [SUAS_main.main:543] - waypoint required 
2025-06-11 21:03:13,844 - SUAS - DEBUG - [SUAS_main.main:543] - waypoint required 
2025-06-11 21:03:13,896 - SUAS - DEBUG - [SUAS_main.main:543] - waypoint required 
2025-06-11 21:03:13,948 - SUAS - DEBUG - [SUAS_main.main:543] - waypoint required 
2025-06-11 21:03:14,000 - SUAS - DEBUG - [SUAS_main.main:543] - waypoint required 
2025-06-11 21:03:14,052 - SUAS - DEBUG - [SUAS_main.main:543] - waypoint required 
2025-06-11 21:03:14,103 - SUAS - DEBUG - [SUAS_main.main:543] - waypoint required 
2025-06-11 21:03:14,154 - SUAS - DEBUG - [SUAS_main.main:543] - waypoint required 
2025-06-11 21:03:14,206 - SUAS - DEBUG - [SUAS_main.main:543] - waypoint required 
2025-06-11 21:03:14,258 - SUAS - DEBUG - [SUAS_main.main:543] - waypoint required 
2025-06-11 21:03:14,310 - SUAS - DEBUG - [SUAS_main.main:543] - waypoint required 
2025-06-11 21:03:14,362 - SUAS - DEBUG - [SUAS_main.main:543] - waypoint required 
2025-06-11 21:03:14,414 - SUAS - DEBUG - [SUAS_main.main:543] - waypoint required 
2025-06-11 21:03:14,466 - SUAS - DEBUG - [SUAS_main.main:543] - waypoint required 
2025-06-11 21:03:14,518 - SUAS - DEBUG - [SUAS_main.main:543] - waypoint required 
2025-06-11 21:03:14,569 - SUAS - DEBUG - [SUAS_main.main:543] - waypoint required 
2025-06-11 21:03:14,622 - SUAS - DEBUG - [SUAS_main.main:543] - waypoint required 
2025-06-11 21:03:14,674 - SUAS - DEBUG - [SUAS_main.main:543] - waypoint required 
2025-06-11 21:03:14,725 - SUAS - DEBUG - [SUAS_main.main:543] - waypoint required 
2025-06-11 21:03:14,778 - SUAS - DEBUG - [SUAS_main.main:543] - waypoint required 
2025-06-11 21:03:14,830 - SUAS - DEBUG - [SUAS_main.main:543] - waypoint required 
2025-06-11 21:03:14,882 - SUAS - DEBUG - [SUAS_main.main:543] - waypoint required 
2025-06-11 21:03:14,934 - SUAS - DEBUG - [SUAS_main.main:543] - waypoint required 
2025-06-11 21:03:14,986 - SUAS - DEBUG - [SUAS_main.main:543] - waypoint required 
2025-06-11 21:03:15,038 - SUAS - DEBUG - [SUAS_main.main:543] - waypoint required 
2025-06-11 21:03:15,090 - SUAS - DEBUG - [SUAS_main.main:543] - waypoint required 
2025-06-11 21:03:15,141 - SUAS - DEBUG - [SUAS_main.main:543] - waypoint required 
2025-06-11 21:03:15,193 - SUAS - DEBUG - [SUAS_main.main:543] - waypoint required 
2025-06-11 21:03:15,246 - SUAS - DEBUG - [SUAS_main.main:543] - waypoint required 
2025-06-11 21:03:15,298 - SUAS - DEBUG - [SUAS_main.main:543] - waypoint required 
2025-06-11 21:03:15,350 - SUAS - DEBUG - [SUAS_main.main:543] - waypoint required 
2025-06-11 21:03:15,401 - SUAS - DEBUG - [SUAS_main.main:543] - waypoint required 
2025-06-11 21:03:15,453 - SUAS - DEBUG - [SUAS_main.main:543] - waypoint required 
2025-06-11 21:03:15,504 - SUAS - DEBUG - [SUAS_main.main:543] - waypoint required 
2025-06-11 21:03:15,557 - SUAS - DEBUG - [SUAS_main.main:543] - waypoint required 
2025-06-11 21:03:15,608 - SUAS - DEBUG - [SUAS_main.main:543] - waypoint required 
2025-06-11 21:03:15,660 - SUAS - DEBUG - [SUAS_main.main:543] - waypoint required 
2025-06-11 21:03:15,712 - SUAS - DEBUG - [SUAS_main.main:543] - waypoint required 
2025-06-11 21:03:15,765 - SUAS - DEBUG - [SUAS_main.main:543] - waypoint required 
2025-06-11 21:03:15,817 - SUAS - DEBUG - [SUAS_main.main:543] - waypoint required 
2025-06-11 21:03:15,868 - SUAS - DEBUG - [SUAS_main.main:543] - waypoint required 
2025-06-11 21:03:15,920 - SUAS - DEBUG - [SUAS_main.main:543] - waypoint required 
2025-06-11 21:03:15,972 - SUAS - DEBUG - [SUAS_main.main:543] - waypoint required 
2025-06-11 21:03:16,025 - SUAS - DEBUG - [SUAS_main.main:543] - waypoint required 
2025-06-11 21:03:16,076 - SUAS - DEBUG - [SUAS_main.main:543] - waypoint required 
2025-06-11 21:03:16,128 - SUAS - DEBUG - [SUAS_main.main:543] - waypoint required 
2025-06-11 21:03:16,179 - SUAS - DEBUG - [SUAS_main.main:543] - waypoint required 
2025-06-11 21:03:16,231 - SUAS - DEBUG - [SUAS_main.main:543] - waypoint required 
2025-06-11 21:03:16,283 - SUAS - DEBUG - [SUAS_main.main:543] - waypoint required 
2025-06-11 21:03:16,334 - SUAS - DEBUG - [SUAS_main.main:543] - waypoint required 
2025-06-11 21:03:16,386 - SUAS - DEBUG - [SUAS_main.main:543] - waypoint required 
2025-06-11 21:03:16,437 - SUAS - DEBUG - [SUAS_main.main:543] - waypoint required 
2025-06-11 21:03:16,489 - SUAS - DEBUG - [SUAS_main.main:543] - waypoint required 
2025-06-11 21:03:16,541 - SUAS - DEBUG - [SUAS_main.main:543] - waypoint required 
2025-06-11 21:03:16,592 - SUAS - DEBUG - [SUAS_main.main:543] - waypoint required 
2025-06-11 21:03:16,645 - SUAS - DEBUG - [SUAS_main.main:543] - waypoint required 
2025-06-11 21:03:16,697 - SUAS - DEBUG - [SUAS_main.main:543] - waypoint required 
2025-06-11 21:03:16,749 - SUAS - DEBUG - [SUAS_main.main:543] - waypoint required 
2025-06-11 21:03:16,801 - SUAS - DEBUG - [SUAS_main.main:543] - waypoint required 
2025-06-11 21:03:16,852 - SUAS - DEBUG - [SUAS_main.main:543] - waypoint required 
2025-06-11 21:03:16,905 - SUAS - DEBUG - [SUAS_main.main:543] - waypoint required 
2025-06-11 21:03:16,957 - SUAS - DEBUG - [SUAS_main.main:543] - waypoint required 
2025-06-11 21:03:17,009 - SUAS - DEBUG - [SUAS_main.main:543] - waypoint required 
2025-06-11 21:03:17,062 - SUAS - DEBUG - [SUAS_main.main:543] - waypoint required 
2025-06-11 21:03:17,114 - SUAS - DEBUG - [SUAS_main.main:543] - waypoint required 
2025-06-11 21:03:17,166 - SUAS - DEBUG - [SUAS_main.main:543] - waypoint required 
2025-06-11 21:03:17,218 - SUAS - DEBUG - [SUAS_main.main:543] - waypoint required 
2025-06-11 21:03:17,269 - SUAS - DEBUG - [SUAS_main.main:543] - waypoint required 
2025-06-11 21:03:17,321 - SUAS - DEBUG - [SUAS_main.main:543] - waypoint required 
2025-06-11 21:03:17,372 - SUAS - DEBUG - [SUAS_main.main:543] - waypoint required 
2025-06-11 21:03:17,424 - SUAS - DEBUG - [SUAS_main.main:543] - waypoint required 
2025-06-11 21:03:17,476 - SUAS - DEBUG - [SUAS_main.main:543] - waypoint required 
2025-06-11 21:03:17,528 - SUAS - DEBUG - [SUAS_main.main:543] - waypoint required 
2025-06-11 21:03:17,580 - SUAS - DEBUG - [SUAS_main.main:543] - waypoint required 
2025-06-11 21:03:17,632 - SUAS - DEBUG - [SUAS_main.main:543] - waypoint required 
2025-06-11 21:03:17,684 - SUAS - DEBUG - [SUAS_main.main:543] - waypoint required 
2025-06-11 21:03:17,736 - SUAS - DEBUG - [SUAS_main.main:543] - waypoint required 
2025-06-11 21:03:17,787 - SUAS - DEBUG - [SUAS_main.main:543] - waypoint required 
2025-06-11 21:03:17,839 - SUAS - DEBUG - [SUAS_main.main:543] - waypoint required 
2025-06-11 21:03:17,891 - SUAS - DEBUG - [SUAS_main.main:543] - waypoint required 
2025-06-11 21:03:17,942 - SUAS - DEBUG - [SUAS_main.main:543] - waypoint required 
2025-06-11 21:03:17,994 - SUAS - DEBUG - [SUAS_main.main:543] - waypoint required 
2025-06-11 21:03:18,046 - SUAS - DEBUG - [SUAS_main.main:543] - waypoint required 
2025-06-11 21:03:18,098 - SUAS - DEBUG - [SUAS_main.main:543] - waypoint required 
2025-06-11 21:03:18,150 - SUAS - DEBUG - [SUAS_main.main:543] - waypoint required 
2025-06-11 21:03:18,202 - SUAS - DEBUG - [SUAS_main.main:543] - waypoint required 
2025-06-11 21:03:18,253 - SUAS - DEBUG - [SUAS_main.main:543] - waypoint required 
2025-06-11 21:03:18,306 - SUAS - DEBUG - [SUAS_main.main:543] - waypoint required 
2025-06-11 21:03:18,357 - SUAS - DEBUG - [SUAS_main.main:543] - waypoint required 
2025-06-11 21:03:18,409 - SUAS - DEBUG - [SUAS_main.main:543] - waypoint required 
2025-06-11 21:03:18,460 - SUAS - DEBUG - [SUAS_main.main:543] - waypoint required 
2025-06-11 21:03:18,511 - SUAS - DEBUG - [SUAS_main.main:543] - waypoint required 
2025-06-11 21:03:18,562 - SUAS - DEBUG - [SUAS_main.main:543] - waypoint required 
2025-06-11 21:03:18,613 - SUAS - DEBUG - [SUAS_main.main:543] - waypoint required 
2025-06-11 21:03:18,665 - SUAS - DEBUG - [SUAS_main.main:543] - waypoint required 
2025-06-11 21:03:18,716 - SUAS - DEBUG - [SUAS_main.main:543] - waypoint required 
2025-06-11 21:03:18,767 - SUAS - DEBUG - [SUAS_main.main:543] - waypoint required 
2025-06-11 21:03:18,818 - SUAS - DEBUG - [SUAS_main.main:543] - waypoint required 
2025-06-11 21:03:18,869 - SUAS - DEBUG - [SUAS_main.main:543] - waypoint required 
2025-06-11 21:03:18,920 - SUAS - DEBUG - [SUAS_main.main:543] - waypoint required 
2025-06-11 21:03:18,972 - SUAS - DEBUG - [SUAS_main.main:543] - waypoint required 
2025-06-11 21:03:19,023 - SUAS - DEBUG - [SUAS_main.main:543] - waypoint required 
2025-06-11 21:03:19,075 - SUAS - DEBUG - [SUAS_main.main:543] - waypoint required 
2025-06-11 21:03:19,126 - SUAS - DEBUG - [SUAS_main.main:543] - waypoint required 
2025-06-11 21:03:19,177 - SUAS - DEBUG - [SUAS_main.main:543] - waypoint required 
2025-06-11 21:03:19,228 - SUAS - DEBUG - [SUAS_main.main:543] - waypoint required 
2025-06-11 21:03:19,279 - SUAS - DEBUG - [SUAS_main.main:543] - waypoint required 
2025-06-11 21:03:19,331 - SUAS - DEBUG - [SUAS_main.main:543] - waypoint required 
2025-06-11 21:03:19,382 - SUAS - DEBUG - [SUAS_main.main:543] - waypoint required 
2025-06-11 21:03:19,433 - SUAS - DEBUG - [SUAS_main.main:543] - waypoint required 
2025-06-11 21:03:19,484 - SUAS - DEBUG - [SUAS_main.main:543] - waypoint required 
2025-06-11 21:03:19,536 - SUAS - DEBUG - [SUAS_main.main:543] - waypoint required 
2025-06-11 21:03:19,588 - SUAS - DEBUG - [SUAS_main.main:543] - waypoint required 
2025-06-11 21:03:19,639 - SUAS - DEBUG - [SUAS_main.main:543] - waypoint required 
2025-06-11 21:03:19,691 - SUAS - DEBUG - [SUAS_main.main:543] - waypoint required 
2025-06-11 21:03:19,743 - SUAS - DEBUG - [SUAS_main.main:543] - waypoint required 
2025-06-11 21:03:19,794 - SUAS - DEBUG - [SUAS_main.main:543] - waypoint required 
2025-06-11 21:03:19,845 - SUAS - DEBUG - [SUAS_main.main:543] - waypoint required 
2025-06-11 21:03:19,897 - SUAS - DEBUG - [SUAS_main.main:543] - waypoint required 
2025-06-11 21:03:19,949 - SUAS - DEBUG - [SUAS_main.main:543] - waypoint required 
2025-06-11 21:03:20,001 - SUAS - DEBUG - [SUAS_main.main:543] - waypoint required 
2025-06-11 21:03:20,052 - SUAS - DEBUG - [SUAS_main.main:543] - waypoint required 
2025-06-11 21:03:20,104 - SUAS - DEBUG - [SUAS_main.main:543] - waypoint required 
2025-06-11 21:03:20,155 - SUAS - DEBUG - [SUAS_main.main:543] - waypoint required 
2025-06-11 21:03:20,206 - SUAS - DEBUG - [SUAS_main.main:543] - waypoint required 
2025-06-11 21:03:20,258 - SUAS - DEBUG - [SUAS_main.main:543] - waypoint required 
2025-06-11 21:03:20,313 - SUAS - DEBUG - [SUAS_main.main:543] - waypoint required 
2025-06-11 21:03:20,364 - SUAS - DEBUG - [SUAS_main.main:543] - waypoint required 
2025-06-11 21:03:20,415 - SUAS - DEBUG - [SUAS_main.main:543] - waypoint required 
2025-06-11 21:03:20,467 - SUAS - DEBUG - [SUAS_main.main:543] - waypoint required 
2025-06-11 21:03:20,518 - SUAS - DEBUG - [SUAS_main.main:543] - waypoint required 
2025-06-11 21:03:20,569 - SUAS - DEBUG - [SUAS_main.main:543] - waypoint required 
2025-06-11 21:03:20,622 - SUAS - DEBUG - [SUAS_main.main:543] - waypoint required 
2025-06-11 21:03:20,673 - SUAS - DEBUG - [SUAS_main.main:543] - waypoint required 
2025-06-11 21:03:20,725 - SUAS - DEBUG - [SUAS_main.main:543] - waypoint required 
2025-06-11 21:03:20,777 - SUAS - DEBUG - [SUAS_main.main:543] - waypoint required 
2025-06-11 21:03:20,828 - SUAS - DEBUG - [SUAS_main.main:543] - waypoint required 
2025-06-11 21:03:20,879 - SUAS - DEBUG - [SUAS_main.main:543] - waypoint required 
2025-06-11 21:03:20,931 - SUAS - DEBUG - [SUAS_main.main:543] - waypoint required 
2025-06-11 21:03:20,982 - SUAS - DEBUG - [SUAS_main.main:543] - waypoint required 
2025-06-11 21:03:21,033 - SUAS - DEBUG - [SUAS_main.main:543] - waypoint required 
2025-06-11 21:03:21,084 - SUAS - DEBUG - [SUAS_main.main:543] - waypoint required 
2025-06-11 21:03:21,135 - SUAS - DEBUG - [SUAS_main.main:543] - waypoint required 
2025-06-11 21:03:21,187 - SUAS - DEBUG - [SUAS_main.main:543] - waypoint required 
2025-06-11 21:03:21,238 - SUAS - DEBUG - [SUAS_main.main:543] - waypoint required 
2025-06-11 21:03:21,290 - SUAS - DEBUG - [SUAS_main.main:543] - waypoint required 
2025-06-11 21:03:21,341 - SUAS - DEBUG - [SUAS_main.main:543] - waypoint required 
2025-06-11 21:03:21,393 - SUAS - DEBUG - [SUAS_main.main:543] - waypoint required 
2025-06-11 21:03:21,444 - SUAS - DEBUG - [SUAS_main.main:543] - waypoint required 
2025-06-11 21:03:21,495 - SUAS - DEBUG - [SUAS_main.main:543] - waypoint required 
2025-06-11 21:03:21,547 - SUAS - DEBUG - [SUAS_main.main:543] - waypoint required 
2025-06-11 21:03:21,598 - SUAS - DEBUG - [SUAS_main.main:543] - waypoint required 
2025-06-11 21:03:21,650 - SUAS - DEBUG - [SUAS_main.main:543] - waypoint required 
2025-06-11 21:03:21,701 - SUAS - DEBUG - [SUAS_main.main:543] - waypoint required 
2025-06-11 21:03:21,752 - SUAS - DEBUG - [SUAS_main.main:543] - waypoint required 
2025-06-11 21:03:21,803 - SUAS - DEBUG - [SUAS_main.main:543] - waypoint required 
2025-06-11 21:03:21,855 - SUAS - DEBUG - [SUAS_main.main:543] - waypoint required 
2025-06-11 21:03:21,907 - SUAS - DEBUG - [SUAS_main.main:543] - waypoint required 
2025-06-11 21:03:21,958 - SUAS - DEBUG - [SUAS_main.main:543] - waypoint required 
2025-06-11 21:03:22,010 - SUAS - DEBUG - [SUAS_main.main:543] - waypoint required 
2025-06-11 21:03:22,061 - SUAS - DEBUG - [SUAS_main.main:543] - waypoint required 
2025-06-11 21:03:22,112 - SUAS - DEBUG - [SUAS_main.main:543] - waypoint required 
2025-06-11 21:03:22,164 - SUAS - DEBUG - [SUAS_main.main:543] - waypoint required 
2025-06-11 21:03:22,215 - SUAS - DEBUG - [SUAS_main.main:543] - waypoint required 
2025-06-11 21:03:22,266 - SUAS - DEBUG - [SUAS_main.main:543] - waypoint required 
2025-06-11 21:03:22,317 - SUAS - DEBUG - [SUAS_main.main:543] - waypoint required 
2025-06-11 21:03:22,369 - SUAS - DEBUG - [SUAS_main.main:543] - waypoint required 
2025-06-11 21:03:22,420 - SUAS - DEBUG - [SUAS_main.main:543] - waypoint required 
2025-06-11 21:03:22,471 - SUAS - DEBUG - [SUAS_main.main:543] - waypoint required 
2025-06-11 21:03:22,522 - SUAS - DEBUG - [SUAS_main.main:543] - waypoint required 
2025-06-11 21:03:22,574 - SUAS - DEBUG - [SUAS_main.main:543] - waypoint required 
2025-06-11 21:03:22,625 - SUAS - DEBUG - [SUAS_main.main:543] - waypoint required 
2025-06-11 21:03:22,676 - SUAS - DEBUG - [SUAS_main.main:543] - waypoint required 
2025-06-11 21:03:22,727 - SUAS - DEBUG - [SUAS_main.main:543] - waypoint required 
2025-06-11 21:03:22,778 - SUAS - DEBUG - [SUAS_main.main:543] - waypoint required 
2025-06-11 21:03:22,830 - SUAS - DEBUG - [SUAS_main.main:543] - waypoint required 
2025-06-11 21:03:22,881 - SUAS - DEBUG - [SUAS_main.main:543] - waypoint required 
2025-06-11 21:03:22,932 - SUAS - DEBUG - [SUAS_main.main:543] - waypoint required 
2025-06-11 21:03:22,984 - SUAS - DEBUG - [SUAS_main.main:543] - waypoint required 
2025-06-11 21:03:23,035 - SUAS - DEBUG - [SUAS_main.main:543] - waypoint required 
2025-06-11 21:03:23,086 - SUAS - DEBUG - [SUAS_main.main:543] - waypoint required 
2025-06-11 21:03:23,137 - SUAS - DEBUG - [SUAS_main.main:543] - waypoint required 
2025-06-11 21:03:23,188 - SUAS - DEBUG - [SUAS_main.main:543] - waypoint required 
2025-06-11 21:03:23,239 - SUAS - DEBUG - [SUAS_main.main:543] - waypoint required 
2025-06-11 21:03:23,290 - SUAS - DEBUG - [SUAS_main.main:543] - waypoint required 
2025-06-11 21:03:23,342 - SUAS - DEBUG - [SUAS_main.main:543] - waypoint required 
2025-06-11 21:03:23,393 - SUAS - DEBUG - [SUAS_main.main:543] - waypoint required 
2025-06-11 21:03:23,444 - SUAS - DEBUG - [SUAS_main.main:543] - waypoint required 
2025-06-11 21:03:23,495 - SUAS - DEBUG - [SUAS_main.main:543] - waypoint required 
2025-06-11 21:03:23,546 - SUAS - DEBUG - [SUAS_main.main:543] - waypoint required 
2025-06-11 21:03:23,598 - SUAS - DEBUG - [SUAS_main.main:543] - waypoint required 
2025-06-11 21:03:23,649 - SUAS - DEBUG - [SUAS_main.main:543] - waypoint required 
2025-06-11 21:03:23,700 - SUAS - DEBUG - [SUAS_main.main:543] - waypoint required 
2025-06-11 21:03:23,752 - SUAS - DEBUG - [SUAS_main.main:543] - waypoint required 
2025-06-11 21:03:23,803 - SUAS - DEBUG - [SUAS_main.main:543] - waypoint required 
2025-06-11 21:03:23,855 - SUAS - DEBUG - [SUAS_main.main:543] - waypoint required 
2025-06-11 21:03:23,906 - SUAS - DEBUG - [SUAS_main.main:543] - waypoint required 
2025-06-11 21:03:23,957 - SUAS - DEBUG - [SUAS_main.main:543] - waypoint required 
2025-06-11 21:03:24,008 - SUAS - DEBUG - [SUAS_main.main:543] - waypoint required 
2025-06-11 21:03:24,059 - SUAS - DEBUG - [SUAS_main.main:543] - waypoint required 
2025-06-11 21:03:24,110 - SUAS - DEBUG - [SUAS_main.main:543] - waypoint required 
2025-06-11 21:03:24,162 - SUAS - DEBUG - [SUAS_main.main:543] - waypoint required 
2025-06-11 21:03:24,213 - SUAS - DEBUG - [SUAS_main.main:543] - waypoint required 
2025-06-11 21:03:24,264 - SUAS - DEBUG - [SUAS_main.main:543] - waypoint required 
2025-06-11 21:03:24,315 - SUAS - DEBUG - [SUAS_main.main:543] - waypoint required 
2025-06-11 21:03:24,366 - SUAS - DEBUG - [SUAS_main.main:543] - waypoint required 
2025-06-11 21:03:24,418 - SUAS - DEBUG - [SUAS_main.main:543] - waypoint required 
2025-06-11 21:03:24,469 - SUAS - DEBUG - [SUAS_main.main:543] - waypoint required 
2025-06-11 21:03:24,520 - SUAS - DEBUG - [SUAS_main.main:543] - waypoint required 
2025-06-11 21:03:24,572 - SUAS - DEBUG - [SUAS_main.main:543] - waypoint required 
2025-06-11 21:03:24,624 - SUAS - DEBUG - [SUAS_main.main:543] - waypoint required 
2025-06-11 21:03:24,677 - SUAS - DEBUG - [SUAS_main.main:543] - waypoint required 
2025-06-11 21:03:24,729 - SUAS - DEBUG - [SUAS_main.main:543] - waypoint required 
2025-06-11 21:03:24,780 - SUAS - DEBUG - [SUAS_main.main:543] - waypoint required 
2025-06-11 21:03:24,831 - SUAS - DEBUG - [SUAS_main.main:543] - waypoint required 
2025-06-11 21:03:24,883 - SUAS - DEBUG - [SUAS_main.main:543] - waypoint required 
2025-06-11 21:03:24,935 - SUAS - DEBUG - [SUAS_main.main:543] - waypoint required 
2025-06-11 21:03:24,986 - SUAS - DEBUG - [SUAS_main.main:543] - waypoint required 
2025-06-11 21:03:25,038 - SUAS - DEBUG - [SUAS_main.main:543] - waypoint required 
2025-06-11 21:03:25,090 - SUAS - DEBUG - [SUAS_main.main:543] - waypoint required 
2025-06-11 21:03:25,143 - SUAS - DEBUG - [SUAS_main.main:543] - waypoint required 
2025-06-11 21:03:25,195 - SUAS - DEBUG - [SUAS_main.main:543] - waypoint required 
2025-06-11 21:03:25,247 - SUAS - DEBUG - [SUAS_main.main:543] - waypoint required 
2025-06-11 21:03:25,299 - SUAS - DEBUG - [SUAS_main.main:543] - waypoint required 
2025-06-11 21:03:25,351 - SUAS - DEBUG - [SUAS_main.main:543] - waypoint required 
2025-06-11 21:03:25,403 - SUAS - DEBUG - [SUAS_main.main:543] - waypoint required 
2025-06-11 21:03:25,454 - SUAS - DEBUG - [SUAS_main.main:543] - waypoint required 
2025-06-11 21:03:25,506 - SUAS - DEBUG - [SUAS_main.main:543] - waypoint required 
2025-06-11 21:03:25,558 - SUAS - DEBUG - [SUAS_main.main:543] - waypoint required 
2025-06-11 21:03:25,610 - SUAS - DEBUG - [SUAS_main.main:543] - waypoint required 
2025-06-11 21:03:25,662 - SUAS - DEBUG - [SUAS_main.main:543] - waypoint required 
2025-06-11 21:03:25,714 - SUAS - DEBUG - [SUAS_main.main:543] - waypoint required 
2025-06-11 21:03:25,767 - SUAS - DEBUG - [SUAS_main.main:543] - waypoint required 
2025-06-11 21:03:25,819 - SUAS - DEBUG - [SUAS_main.main:543] - waypoint required 
2025-06-11 21:03:25,871 - SUAS - DEBUG - [SUAS_main.main:543] - waypoint required 
2025-06-11 21:03:25,922 - SUAS - DEBUG - [SUAS_main.main:543] - waypoint required 
2025-06-11 21:03:25,974 - SUAS - DEBUG - [SUAS_main.main:543] - waypoint required 
2025-06-11 21:03:26,026 - SUAS - DEBUG - [SUAS_main.main:543] - waypoint required 
2025-06-11 21:03:26,078 - SUAS - DEBUG - [SUAS_main.main:543] - waypoint required 
2025-06-11 21:03:26,130 - SUAS - DEBUG - [SUAS_main.main:543] - waypoint required 
2025-06-11 21:03:26,182 - SUAS - DEBUG - [SUAS_main.main:543] - waypoint required 
2025-06-11 21:03:26,234 - SUAS - DEBUG - [SUAS_main.main:543] - waypoint required 
2025-06-11 21:03:26,286 - SUAS - DEBUG - [SUAS_main.main:543] - waypoint required 
2025-06-11 21:03:26,338 - SUAS - DEBUG - [SUAS_main.main:543] - waypoint required 
2025-06-11 21:03:26,389 - SUAS - DEBUG - [SUAS_main.main:543] - waypoint required 
2025-06-11 21:03:26,441 - SUAS - DEBUG - [SUAS_main.main:543] - waypoint required 
2025-06-11 21:03:26,493 - SUAS - DEBUG - [SUAS_main.main:543] - waypoint required 
2025-06-11 21:03:26,545 - SUAS - DEBUG - [SUAS_main.main:543] - waypoint required 
2025-06-11 21:03:26,597 - SUAS - DEBUG - [SUAS_main.main:543] - waypoint required 
2025-06-11 21:03:26,649 - SUAS - DEBUG - [SUAS_main.main:543] - waypoint required 
2025-06-11 21:03:26,700 - SUAS - DEBUG - [SUAS_main.main:543] - waypoint required 
2025-06-11 21:03:26,751 - SUAS - DEBUG - [SUAS_main.main:543] - waypoint required 
2025-06-11 21:03:26,802 - SUAS - DEBUG - [SUAS_main.main:543] - waypoint required 
2025-06-11 21:03:26,854 - SUAS - DEBUG - [SUAS_main.main:543] - waypoint required 
2025-06-11 21:03:26,905 - SUAS - DEBUG - [SUAS_main.main:543] - waypoint required 
2025-06-11 21:03:26,957 - SUAS - DEBUG - [SUAS_main.main:543] - waypoint required 
2025-06-11 21:03:27,008 - SUAS - DEBUG - [SUAS_main.main:543] - waypoint required 
2025-06-11 21:03:27,059 - SUAS - DEBUG - [SUAS_main.main:543] - waypoint required 
2025-06-11 21:03:27,111 - SUAS - DEBUG - [SUAS_main.main:543] - waypoint required 
2025-06-11 21:03:27,162 - SUAS - DEBUG - [SUAS_main.main:543] - waypoint required 
2025-06-11 21:03:27,221 - SUAS - DEBUG - [SUAS_main.main:543] - waypoint required 
2025-06-11 21:03:27,273 - SUAS - DEBUG - [SUAS_main.main:543] - waypoint required 
2025-06-11 21:03:27,338 - SUAS - DEBUG - [SUAS_main.main:543] - waypoint required 
2025-06-11 21:03:27,393 - SUAS - DEBUG - [SUAS_main.main:543] - waypoint required 
2025-06-11 21:03:27,445 - SUAS - DEBUG - [SUAS_main.main:543] - waypoint required 
2025-06-11 21:03:27,496 - SUAS - DEBUG - [SUAS_main.main:543] - waypoint required 
2025-06-11 21:03:27,547 - SUAS - DEBUG - [SUAS_main.main:543] - waypoint required 
2025-06-11 21:03:27,598 - SUAS - DEBUG - [SUAS_main.main:543] - waypoint required 
2025-06-11 21:03:27,650 - SUAS - DEBUG - [SUAS_main.main:543] - waypoint required 
2025-06-11 21:03:27,701 - SUAS - DEBUG - [SUAS_main.main:543] - waypoint required 
2025-06-11 21:03:27,752 - SUAS - DEBUG - [SUAS_main.main:543] - waypoint required 
2025-06-11 21:03:27,804 - SUAS - DEBUG - [SUAS_main.main:543] - waypoint required 
2025-06-11 21:03:27,855 - SUAS - DEBUG - [SUAS_main.main:543] - waypoint required 
2025-06-11 21:03:27,906 - SUAS - DEBUG - [SUAS_main.main:543] - waypoint required 
2025-06-11 21:03:27,958 - SUAS - DEBUG - [SUAS_main.main:543] - waypoint required 
2025-06-11 21:03:28,029 - SUAS - DEBUG - [SUAS_main.main:543] - waypoint required 
2025-06-11 21:03:28,081 - SUAS - DEBUG - [SUAS_main.main:543] - waypoint required 
2025-06-11 21:03:28,137 - SUAS - DEBUG - [SUAS_main.main:543] - waypoint required 
2025-06-11 21:03:28,189 - SUAS - DEBUG - [SUAS_main.main:543] - waypoint required 
2025-06-11 21:03:28,241 - SUAS - DEBUG - [SUAS_main.main:543] - waypoint required 
2025-06-11 21:03:28,292 - SUAS - DEBUG - [SUAS_main.main:543] - waypoint required 
2025-06-11 21:03:28,343 - SUAS - DEBUG - [SUAS_main.main:543] - waypoint required 
2025-06-11 21:03:28,403 - SUAS - DEBUG - [SUAS_main.main:543] - waypoint required 
2025-06-11 21:03:28,454 - SUAS - DEBUG - [SUAS_main.main:543] - waypoint required 
2025-06-11 21:03:28,513 - SUAS - DEBUG - [SUAS_main.main:543] - waypoint required 
2025-06-11 21:03:28,565 - SUAS - DEBUG - [SUAS_main.main:543] - waypoint required 
2025-06-11 21:03:28,617 - SUAS - DEBUG - [SUAS_main.main:543] - waypoint required 
2025-06-11 21:03:28,669 - SUAS - DEBUG - [SUAS_main.main:543] - waypoint required 
2025-06-11 21:03:28,721 - SUAS - DEBUG - [SUAS_main.main:543] - waypoint required 
2025-06-11 21:03:28,772 - SUAS - DEBUG - [SUAS_main.main:543] - waypoint required 
2025-06-11 21:03:28,824 - SUAS - DEBUG - [SUAS_main.main:543] - waypoint required 
2025-06-11 21:03:28,875 - SUAS - DEBUG - [SUAS_main.main:543] - waypoint required 
2025-06-11 21:03:28,927 - SUAS - DEBUG - [SUAS_main.main:543] - waypoint required 
2025-06-11 21:03:28,978 - SUAS - DEBUG - [SUAS_main.main:543] - waypoint required 
2025-06-11 21:03:29,029 - SUAS - DEBUG - [SUAS_main.main:543] - waypoint required 
2025-06-11 21:03:29,080 - SUAS - DEBUG - [SUAS_main.main:543] - waypoint required 
2025-06-11 21:03:29,132 - SUAS - DEBUG - [SUAS_main.main:543] - waypoint required 
2025-06-11 21:03:29,183 - SUAS - DEBUG - [SUAS_main.main:543] - waypoint required 
2025-06-11 21:03:29,234 - SUAS - DEBUG - [SUAS_main.main:543] - waypoint required 
2025-06-11 21:03:29,286 - SUAS - DEBUG - [SUAS_main.main:543] - waypoint required 
2025-06-11 21:03:29,337 - SUAS - DEBUG - [SUAS_main.main:543] - waypoint required 
2025-06-11 21:03:29,388 - SUAS - DEBUG - [SUAS_main.main:543] - waypoint required 
2025-06-11 21:03:29,440 - SUAS - DEBUG - [SUAS_main.main:543] - waypoint required 
2025-06-11 21:03:29,492 - SUAS - DEBUG - [SUAS_main.main:543] - waypoint required 
2025-06-11 21:03:29,543 - SUAS - DEBUG - [SUAS_main.main:543] - waypoint required 
2025-06-11 21:03:29,594 - SUAS - DEBUG - [SUAS_main.main:543] - waypoint required 
2025-06-11 21:03:29,646 - SUAS - DEBUG - [SUAS_main.main:543] - waypoint required 
2025-06-11 21:03:29,697 - SUAS - DEBUG - [SUAS_main.main:543] - waypoint required 
2025-06-11 21:03:29,749 - SUAS - DEBUG - [SUAS_main.main:543] - waypoint required 
2025-06-11 21:03:29,800 - SUAS - DEBUG - [SUAS_main.main:543] - waypoint required 
2025-06-11 21:03:29,853 - SUAS - DEBUG - [SUAS_main.main:543] - waypoint required 
2025-06-11 21:03:29,904 - SUAS - DEBUG - [SUAS_main.main:543] - waypoint required 
2025-06-11 21:03:29,956 - SUAS - DEBUG - [SUAS_main.main:543] - waypoint required 
2025-06-11 21:03:30,007 - SUAS - DEBUG - [SUAS_main.main:543] - waypoint required 
2025-06-11 21:03:30,058 - SUAS - DEBUG - [SUAS_main.main:543] - waypoint required 
2025-06-11 21:03:30,109 - SUAS - DEBUG - [SUAS_main.main:543] - waypoint required 
2025-06-11 21:03:30,161 - SUAS - DEBUG - [SUAS_main.main:543] - waypoint required 
2025-06-11 21:03:30,213 - SUAS - DEBUG - [SUAS_main.main:543] - waypoint required 
2025-06-11 21:03:30,264 - SUAS - DEBUG - [SUAS_main.main:543] - waypoint required 
2025-06-11 21:03:30,315 - SUAS - DEBUG - [SUAS_main.main:543] - waypoint required 
2025-06-11 21:03:30,367 - SUAS - DEBUG - [SUAS_main.main:543] - waypoint required 
2025-06-11 21:03:30,418 - SUAS - DEBUG - [SUAS_main.main:543] - waypoint required 
2025-06-11 21:03:30,470 - SUAS - DEBUG - [SUAS_main.main:543] - waypoint required 
2025-06-11 21:03:30,521 - SUAS - DEBUG - [SUAS_main.main:543] - waypoint required 
2025-06-11 21:03:30,573 - SUAS - DEBUG - [SUAS_main.main:543] - waypoint required 
2025-06-11 21:03:30,624 - SUAS - DEBUG - [SUAS_main.main:543] - waypoint required 
2025-06-11 21:03:30,676 - SUAS - DEBUG - [SUAS_main.main:543] - waypoint required 
2025-06-11 21:03:30,727 - SUAS - DEBUG - [SUAS_main.main:543] - waypoint required 
2025-06-11 21:03:30,779 - SUAS - DEBUG - [SUAS_main.main:543] - waypoint required 
2025-06-11 21:03:30,830 - SUAS - DEBUG - [SUAS_main.main:543] - waypoint required 
2025-06-11 21:03:30,881 - SUAS - DEBUG - [SUAS_main.main:543] - waypoint required 
2025-06-11 21:03:30,932 - SUAS - DEBUG - [SUAS_main.main:543] - waypoint required 
2025-06-11 21:03:30,984 - SUAS - DEBUG - [SUAS_main.main:543] - waypoint required 
2025-06-11 21:03:31,035 - SUAS - DEBUG - [SUAS_main.main:543] - waypoint required 
2025-06-11 21:03:31,086 - SUAS - DEBUG - [SUAS_main.main:543] - waypoint required 
2025-06-11 21:03:31,138 - SUAS - DEBUG - [SUAS_main.main:543] - waypoint required 
2025-06-11 21:03:31,189 - SUAS - DEBUG - [SUAS_main.main:543] - waypoint required 
2025-06-11 21:03:31,241 - SUAS - DEBUG - [SUAS_main.main:543] - waypoint required 
2025-06-11 21:03:31,294 - SUAS - DEBUG - [SUAS_main.main:543] - waypoint required 
2025-06-11 21:03:31,345 - SUAS - DEBUG - [SUAS_main.main:543] - waypoint required 
2025-06-11 21:03:31,396 - SUAS - DEBUG - [SUAS_main.main:543] - waypoint required 
2025-06-11 21:03:31,448 - SUAS - DEBUG - [SUAS_main.main:543] - waypoint required 
2025-06-11 21:03:31,499 - SUAS - DEBUG - [SUAS_main.main:543] - waypoint required 
2025-06-11 21:03:31,552 - SUAS - DEBUG - [SUAS_main.main:543] - waypoint required 
2025-06-11 21:03:31,604 - SUAS - DEBUG - [SUAS_main.main:543] - waypoint required 
2025-06-11 21:03:31,657 - SUAS - DEBUG - [SUAS_main.main:543] - waypoint required 
2025-06-11 21:03:31,709 - SUAS - DEBUG - [SUAS_main.main:543] - waypoint required 
2025-06-11 21:03:31,760 - SUAS - DEBUG - [SUAS_main.main:543] - waypoint required 
2025-06-11 21:03:31,812 - SUAS - DEBUG - [SUAS_main.main:543] - waypoint required 
2025-06-11 21:03:31,863 - SUAS - DEBUG - [SUAS_main.main:543] - waypoint required 
2025-06-11 21:03:31,914 - SUAS - DEBUG - [SUAS_main.main:543] - waypoint required 
2025-06-11 21:03:31,965 - SUAS - DEBUG - [SUAS_main.main:543] - waypoint required 
2025-06-11 21:03:32,017 - SUAS - DEBUG - [SUAS_main.main:543] - waypoint required 
2025-06-11 21:03:32,068 - SUAS - DEBUG - [SUAS_main.main:543] - waypoint required 
2025-06-11 21:03:32,119 - SUAS - DEBUG - [SUAS_main.main:543] - waypoint required 
2025-06-11 21:03:32,171 - SUAS - DEBUG - [SUAS_main.main:543] - waypoint required 
2025-06-11 21:03:32,222 - SUAS - DEBUG - [SUAS_main.main:543] - waypoint required 
2025-06-11 21:03:32,273 - SUAS - DEBUG - [SUAS_main.main:543] - waypoint required 
2025-06-11 21:03:32,325 - SUAS - DEBUG - [SUAS_main.main:543] - waypoint required 
2025-06-11 21:03:32,376 - SUAS - DEBUG - [SUAS_main.main:543] - waypoint required 
2025-06-11 21:03:32,427 - SUAS - DEBUG - [SUAS_main.main:543] - waypoint required 
2025-06-11 21:03:32,478 - SUAS - DEBUG - [SUAS_main.main:543] - waypoint required 
2025-06-11 21:03:32,531 - SUAS - DEBUG - [SUAS_main.main:543] - waypoint required 
2025-06-11 21:03:32,582 - SUAS - DEBUG - [SUAS_main.main:543] - waypoint required 
2025-06-11 21:03:32,633 - SUAS - DEBUG - [SUAS_main.main:543] - waypoint required 
2025-06-11 21:03:32,685 - SUAS - DEBUG - [SUAS_main.main:543] - waypoint required 
2025-06-11 21:03:32,736 - SUAS - DEBUG - [SUAS_main.main:543] - waypoint required 
2025-06-11 21:03:32,787 - SUAS - DEBUG - [SUAS_main.main:543] - waypoint required 
2025-06-11 21:03:32,839 - SUAS - DEBUG - [SUAS_main.main:543] - waypoint required 
2025-06-11 21:03:32,890 - SUAS - DEBUG - [SUAS_main.main:543] - waypoint required 
2025-06-11 21:03:32,941 - SUAS - DEBUG - [SUAS_main.main:543] - waypoint required 
2025-06-11 21:03:32,992 - SUAS - DEBUG - [SUAS_main.main:543] - waypoint required 
2025-06-11 21:03:33,044 - SUAS - DEBUG - [SUAS_main.main:543] - waypoint required 
2025-06-11 21:03:33,097 - SUAS - DEBUG - [SUAS_main.main:543] - waypoint required 
2025-06-11 21:03:33,149 - SUAS - DEBUG - [SUAS_main.main:543] - waypoint required 
2025-06-11 21:03:33,200 - SUAS - DEBUG - [SUAS_main.main:543] - waypoint required 
2025-06-11 21:03:33,251 - SUAS - DEBUG - [SUAS_main.main:543] - waypoint required 
2025-06-11 21:03:33,303 - SUAS - DEBUG - [SUAS_main.main:543] - waypoint required 
2025-06-11 21:03:33,354 - SUAS - DEBUG - [SUAS_main.main:543] - waypoint required 
2025-06-11 21:03:33,405 - SUAS - DEBUG - [SUAS_main.main:543] - waypoint required 
2025-06-11 21:03:33,458 - SUAS - DEBUG - [SUAS_main.main:543] - waypoint required 
2025-06-11 21:03:33,509 - SUAS - DEBUG - [SUAS_main.main:543] - waypoint required 
2025-06-11 21:03:33,560 - SUAS - DEBUG - [SUAS_main.main:543] - waypoint required 
2025-06-11 21:03:33,613 - SUAS - DEBUG - [SUAS_main.main:543] - waypoint required 
2025-06-11 21:03:33,664 - SUAS - DEBUG - [SUAS_main.main:543] - waypoint required 
2025-06-11 21:03:33,716 - SUAS - DEBUG - [SUAS_main.main:543] - waypoint required 
2025-06-11 21:03:33,767 - SUAS - DEBUG - [SUAS_main.main:543] - waypoint required 
2025-06-11 21:03:33,818 - SUAS - DEBUG - [SUAS_main.main:543] - waypoint required 
2025-06-11 21:03:33,869 - SUAS - DEBUG - [SUAS_main.main:543] - waypoint required 
2025-06-11 21:03:33,921 - SUAS - DEBUG - [SUAS_main.main:543] - waypoint required 
2025-06-11 21:03:33,972 - SUAS - DEBUG - [SUAS_main.main:543] - waypoint required 
2025-06-11 21:03:34,024 - SUAS - DEBUG - [SUAS_main.main:543] - waypoint required 
2025-06-11 21:03:34,075 - SUAS - DEBUG - [SUAS_main.main:543] - waypoint required 
2025-06-11 21:03:34,127 - SUAS - DEBUG - [SUAS_main.main:543] - waypoint required 
2025-06-11 21:03:34,179 - SUAS - DEBUG - [SUAS_main.main:543] - waypoint required 
2025-06-11 21:03:34,230 - SUAS - DEBUG - [SUAS_main.main:543] - waypoint required 
2025-06-11 21:03:34,281 - SUAS - DEBUG - [SUAS_main.main:543] - waypoint required 
2025-06-11 21:03:34,332 - SUAS - DEBUG - [SUAS_main.main:543] - waypoint required 
2025-06-11 21:03:34,384 - SUAS - DEBUG - [SUAS_main.main:543] - waypoint required 
2025-06-11 21:03:34,435 - SUAS - DEBUG - [SUAS_main.main:543] - waypoint required 
2025-06-11 21:03:34,487 - SUAS - DEBUG - [SUAS_main.main:543] - waypoint required 
2025-06-11 21:03:34,538 - SUAS - DEBUG - [SUAS_main.main:543] - waypoint required 
2025-06-11 21:03:34,589 - SUAS - DEBUG - [SUAS_main.main:543] - waypoint required 
2025-06-11 21:03:34,642 - SUAS - DEBUG - [SUAS_main.main:543] - waypoint required 
2025-06-11 21:03:34,693 - SUAS - DEBUG - [SUAS_main.main:543] - waypoint required 
2025-06-11 21:03:34,744 - SUAS - DEBUG - [SUAS_main.main:543] - waypoint required 
2025-06-11 21:03:34,796 - SUAS - DEBUG - [SUAS_main.main:543] - waypoint required 
2025-06-11 21:03:34,847 - SUAS - DEBUG - [SUAS_main.main:543] - waypoint required 
2025-06-11 21:03:34,898 - SUAS - DEBUG - [SUAS_main.main:543] - waypoint required 
2025-06-11 21:03:34,950 - SUAS - DEBUG - [SUAS_main.main:543] - waypoint required 
2025-06-11 21:03:35,002 - SUAS - DEBUG - [SUAS_main.main:543] - waypoint required 
2025-06-11 21:03:35,053 - SUAS - DEBUG - [SUAS_main.main:543] - waypoint required 
2025-06-11 21:03:35,104 - SUAS - DEBUG - [SUAS_main.main:543] - waypoint required 
2025-06-11 21:03:35,156 - SUAS - DEBUG - [SUAS_main.main:543] - waypoint required 
2025-06-11 21:03:35,207 - SUAS - DEBUG - [SUAS_main.main:543] - waypoint required 
2025-06-11 21:03:35,258 - SUAS - DEBUG - [SUAS_main.main:543] - waypoint required 
2025-06-11 21:03:35,310 - SUAS - DEBUG - [SUAS_main.main:543] - waypoint required 
2025-06-11 21:03:35,361 - SUAS - DEBUG - [SUAS_main.main:543] - waypoint required 
2025-06-11 21:03:35,412 - SUAS - DEBUG - [SUAS_main.main:543] - waypoint required 
2025-06-11 21:03:35,464 - SUAS - DEBUG - [SUAS_main.main:543] - waypoint required 
2025-06-11 21:03:35,515 - SUAS - DEBUG - [SUAS_main.main:543] - waypoint required 
2025-06-11 21:03:35,567 - SUAS - DEBUG - [SUAS_main.main:543] - waypoint required 
2025-06-11 21:03:35,618 - SUAS - DEBUG - [SUAS_main.main:543] - waypoint required 
2025-06-11 21:03:35,670 - SUAS - DEBUG - [SUAS_main.main:543] - waypoint required 
2025-06-11 21:03:35,721 - SUAS - DEBUG - [SUAS_main.main:543] - waypoint required 
2025-06-11 21:03:35,772 - SUAS - DEBUG - [SUAS_main.main:543] - waypoint required 
2025-06-11 21:03:35,824 - SUAS - DEBUG - [SUAS_main.main:543] - waypoint required 
2025-06-11 21:03:35,875 - SUAS - DEBUG - [SUAS_main.main:543] - waypoint required 
2025-06-11 21:03:35,926 - SUAS - DEBUG - [SUAS_main.main:543] - waypoint required 
2025-06-11 21:03:35,977 - SUAS - DEBUG - [SUAS_main.main:543] - waypoint required 
2025-06-11 21:03:36,029 - SUAS - DEBUG - [SUAS_main.main:543] - waypoint required 
2025-06-11 21:03:36,080 - SUAS - DEBUG - [SUAS_main.main:543] - waypoint required 
2025-06-11 21:03:36,131 - SUAS - DEBUG - [SUAS_main.main:543] - waypoint required 
2025-06-11 21:03:36,183 - SUAS - DEBUG - [SUAS_main.main:543] - waypoint required 
2025-06-11 21:03:36,234 - SUAS - DEBUG - [SUAS_main.main:543] - waypoint required 
2025-06-11 21:03:36,285 - SUAS - DEBUG - [SUAS_main.main:543] - waypoint required 
2025-06-11 21:03:36,336 - SUAS - DEBUG - [SUAS_main.main:543] - waypoint required 
2025-06-11 21:03:36,389 - SUAS - DEBUG - [SUAS_main.main:543] - waypoint required 
2025-06-11 21:03:36,440 - SUAS - DEBUG - [SUAS_main.main:543] - waypoint required 
2025-06-11 21:03:36,492 - SUAS - DEBUG - [SUAS_main.main:543] - waypoint required 
2025-06-11 21:03:36,543 - SUAS - DEBUG - [SUAS_main.main:543] - waypoint required 
2025-06-11 21:03:36,594 - SUAS - DEBUG - [SUAS_main.main:543] - waypoint required 
2025-06-11 21:03:36,646 - SUAS - DEBUG - [SUAS_main.main:543] - waypoint required 
2025-06-11 21:03:36,697 - SUAS - DEBUG - [SUAS_main.main:543] - waypoint required 
2025-06-11 21:03:36,748 - SUAS - DEBUG - [SUAS_main.main:543] - waypoint required 
2025-06-11 21:03:36,800 - SUAS - DEBUG - [SUAS_main.main:543] - waypoint required 
2025-06-11 21:03:36,852 - SUAS - DEBUG - [SUAS_main.main:543] - waypoint required 
2025-06-11 21:03:36,903 - SUAS - DEBUG - [SUAS_main.main:543] - waypoint required 
2025-06-11 21:03:36,954 - SUAS - DEBUG - [SUAS_main.main:543] - waypoint required 
2025-06-11 21:03:37,006 - SUAS - DEBUG - [SUAS_main.main:543] - waypoint required 
2025-06-11 21:03:37,058 - SUAS - DEBUG - [SUAS_main.main:543] - waypoint required 
2025-06-11 21:03:37,109 - SUAS - DEBUG - [SUAS_main.main:543] - waypoint required 
2025-06-11 21:03:37,160 - SUAS - DEBUG - [SUAS_main.main:543] - waypoint required 
2025-06-11 21:03:37,212 - SUAS - DEBUG - [SUAS_main.main:543] - waypoint required 
2025-06-11 21:03:37,265 - SUAS - DEBUG - [SUAS_main.main:543] - waypoint required 
2025-06-11 21:03:37,316 - SUAS - DEBUG - [SUAS_main.main:543] - waypoint required 
2025-06-11 21:03:37,368 - SUAS - DEBUG - [SUAS_main.main:543] - waypoint required 
2025-06-11 21:03:37,419 - SUAS - DEBUG - [SUAS_main.main:543] - waypoint required 
2025-06-11 21:03:37,470 - SUAS - DEBUG - [SUAS_main.main:543] - waypoint required 
2025-06-11 21:03:37,522 - SUAS - DEBUG - [SUAS_main.main:543] - waypoint required 
2025-06-11 21:03:37,573 - SUAS - DEBUG - [SUAS_main.main:543] - waypoint required 
2025-06-11 21:03:37,624 - SUAS - DEBUG - [SUAS_main.main:543] - waypoint required 
2025-06-11 21:03:37,676 - SUAS - DEBUG - [SUAS_main.main:543] - waypoint required 
2025-06-11 21:03:37,727 - SUAS - DEBUG - [SUAS_main.main:543] - waypoint required 
2025-06-11 21:03:37,778 - SUAS - DEBUG - [SUAS_main.main:543] - waypoint required 
2025-06-11 21:03:37,830 - SUAS - DEBUG - [SUAS_main.main:543] - waypoint required 
2025-06-11 21:03:37,881 - SUAS - DEBUG - [SUAS_main.main:543] - waypoint required 
2025-06-11 21:03:37,932 - SUAS - DEBUG - [SUAS_main.main:543] - waypoint required 
2025-06-11 21:03:37,984 - SUAS - DEBUG - [SUAS_main.main:543] - waypoint required 
2025-06-11 21:03:38,035 - SUAS - DEBUG - [SUAS_main.main:543] - waypoint required 
2025-06-11 21:03:38,086 - SUAS - DEBUG - [SUAS_main.main:543] - waypoint required 
2025-06-11 21:03:38,138 - SUAS - DEBUG - [SUAS_main.main:543] - waypoint required 
2025-06-11 21:03:38,189 - SUAS - DEBUG - [SUAS_main.main:543] - waypoint required 
2025-06-11 21:03:38,240 - SUAS - DEBUG - [SUAS_main.main:543] - waypoint required 
2025-06-11 21:03:38,292 - SUAS - DEBUG - [SUAS_main.main:543] - waypoint required 
2025-06-11 21:03:38,343 - SUAS - DEBUG - [SUAS_main.main:543] - waypoint required 
2025-06-11 21:03:38,394 - SUAS - DEBUG - [SUAS_main.main:543] - waypoint required 
2025-06-11 21:03:38,446 - SUAS - DEBUG - [SUAS_main.main:543] - waypoint required 
2025-06-11 21:03:38,497 - SUAS - DEBUG - [SUAS_main.main:543] - waypoint required 
2025-06-11 21:03:38,548 - SUAS - DEBUG - [SUAS_main.main:543] - waypoint required 
2025-06-11 21:03:38,600 - SUAS - DEBUG - [SUAS_main.main:543] - waypoint required 
2025-06-11 21:03:38,651 - SUAS - DEBUG - [SUAS_main.main:543] - waypoint required 
2025-06-11 21:03:38,702 - SUAS - DEBUG - [SUAS_main.main:543] - waypoint required 
2025-06-11 21:03:38,761 - SUAS - DEBUG - [SUAS_main.main:543] - waypoint required 
2025-06-11 21:03:38,815 - SUAS - DEBUG - [SUAS_main.main:543] - waypoint required 
2025-06-11 21:03:38,868 - SUAS - DEBUG - [SUAS_main.main:543] - waypoint required 
2025-06-11 21:03:38,921 - SUAS - DEBUG - [SUAS_main.main:543] - waypoint required 
2025-06-11 21:03:38,974 - SUAS - DEBUG - [SUAS_main.main:543] - waypoint required 
2025-06-11 21:03:39,026 - SUAS - DEBUG - [SUAS_main.main:543] - waypoint required 
2025-06-11 21:03:39,078 - SUAS - DEBUG - [SUAS_main.main:543] - waypoint required 
2025-06-11 21:03:39,131 - SUAS - DEBUG - [SUAS_main.main:543] - waypoint required 
2025-06-11 21:03:39,183 - SUAS - DEBUG - [SUAS_main.main:543] - waypoint required 
2025-06-11 21:03:39,235 - SUAS - DEBUG - [SUAS_main.main:543] - waypoint required 
2025-06-11 21:03:39,288 - SUAS - DEBUG - [SUAS_main.main:543] - waypoint required 
2025-06-11 21:03:39,341 - SUAS - DEBUG - [SUAS_main.main:543] - waypoint required 
2025-06-11 21:03:39,393 - SUAS - DEBUG - [SUAS_main.main:543] - waypoint required 
2025-06-11 21:03:39,446 - SUAS - DEBUG - [SUAS_main.main:543] - waypoint required 
2025-06-11 21:03:39,497 - SUAS - DEBUG - [SUAS_main.main:543] - waypoint required 
2025-06-11 21:03:39,550 - SUAS - DEBUG - [SUAS_main.main:543] - waypoint required 
2025-06-11 21:03:39,601 - SUAS - DEBUG - [SUAS_main.main:543] - waypoint required 
2025-06-11 21:03:39,654 - SUAS - DEBUG - [SUAS_main.main:543] - waypoint required 
2025-06-11 21:03:39,706 - SUAS - DEBUG - [SUAS_main.main:543] - waypoint required 
2025-06-11 21:03:39,757 - SUAS - DEBUG - [SUAS_main.main:543] - waypoint required 
2025-06-11 21:03:39,808 - SUAS - DEBUG - [SUAS_main.main:543] - waypoint required 
2025-06-11 21:03:39,860 - SUAS - DEBUG - [SUAS_main.main:543] - waypoint required 
2025-06-11 21:03:39,912 - SUAS - DEBUG - [SUAS_main.main:543] - waypoint required 
2025-06-11 21:03:39,965 - SUAS - DEBUG - [SUAS_main.main:543] - waypoint required 
2025-06-11 21:03:40,017 - SUAS - DEBUG - [SUAS_main.main:543] - waypoint required 
2025-06-11 21:03:40,068 - SUAS - DEBUG - [SUAS_main.main:543] - waypoint required 
2025-06-11 21:03:40,120 - SUAS - DEBUG - [SUAS_main.main:543] - waypoint required 
2025-06-11 21:03:40,172 - SUAS - DEBUG - [SUAS_main.main:543] - waypoint required 
2025-06-11 21:03:40,223 - SUAS - DEBUG - [SUAS_main.main:543] - waypoint required 
2025-06-11 21:03:40,275 - SUAS - DEBUG - [SUAS_main.main:543] - waypoint required 
2025-06-11 21:03:40,326 - SUAS - DEBUG - [SUAS_main.main:543] - waypoint required 
2025-06-11 21:03:40,377 - SUAS - DEBUG - [SUAS_main.main:543] - waypoint required 
2025-06-11 21:03:40,429 - SUAS - DEBUG - [SUAS_main.main:543] - waypoint required 
2025-06-11 21:03:40,480 - SUAS - DEBUG - [SUAS_main.main:543] - waypoint required 
2025-06-11 21:03:40,531 - SUAS - DEBUG - [SUAS_main.main:543] - waypoint required 
2025-06-11 21:03:40,583 - SUAS - DEBUG - [SUAS_main.main:543] - waypoint required 
2025-06-11 21:03:40,635 - SUAS - DEBUG - [SUAS_main.main:543] - waypoint required 
2025-06-11 21:03:40,687 - SUAS - DEBUG - [SUAS_main.main:543] - waypoint required 
2025-06-11 21:03:40,739 - SUAS - DEBUG - [SUAS_main.main:543] - waypoint required 
2025-06-11 21:03:40,790 - SUAS - DEBUG - [SUAS_main.main:543] - waypoint required 
2025-06-11 21:03:40,842 - SUAS - DEBUG - [SUAS_main.main:543] - waypoint required 
2025-06-11 21:03:40,893 - SUAS - DEBUG - [SUAS_main.main:543] - waypoint required 
2025-06-11 21:03:40,945 - SUAS - DEBUG - [SUAS_main.main:543] - waypoint required 
2025-06-11 21:03:40,996 - SUAS - DEBUG - [SUAS_main.main:543] - waypoint required 
2025-06-11 21:03:41,048 - SUAS - DEBUG - [SUAS_main.main:543] - waypoint required 
2025-06-11 21:03:41,099 - SUAS - DEBUG - [SUAS_main.main:543] - waypoint required 
2025-06-11 21:03:41,150 - SUAS - DEBUG - [SUAS_main.main:543] - waypoint required 
2025-06-11 21:03:41,204 - SUAS - DEBUG - [SUAS_main.main:543] - waypoint required 
2025-06-11 21:03:41,256 - SUAS - DEBUG - [SUAS_main.main:543] - waypoint required 
2025-06-11 21:03:41,307 - SUAS - DEBUG - [SUAS_main.main:543] - waypoint required 
2025-06-11 21:03:41,359 - SUAS - DEBUG - [SUAS_main.main:543] - waypoint required 
2025-06-11 21:03:41,410 - SUAS - DEBUG - [SUAS_main.main:543] - waypoint required 
2025-06-11 21:03:41,462 - SUAS - DEBUG - [SUAS_main.main:543] - waypoint required 
2025-06-11 21:03:41,513 - SUAS - DEBUG - [SUAS_main.main:543] - waypoint required 
2025-06-11 21:03:41,565 - SUAS - DEBUG - [SUAS_main.main:543] - waypoint required 
2025-06-11 21:03:41,617 - SUAS - DEBUG - [SUAS_main.main:543] - waypoint required 
2025-06-11 21:03:41,668 - SUAS - DEBUG - [SUAS_main.main:543] - waypoint required 
2025-06-11 21:03:41,720 - SUAS - DEBUG - [SUAS_main.main:543] - waypoint required 
2025-06-11 21:03:41,771 - SUAS - DEBUG - [SUAS_main.main:543] - waypoint required 
2025-06-11 21:03:41,823 - SUAS - DEBUG - [SUAS_main.main:543] - waypoint required 
2025-06-11 21:03:41,874 - SUAS - DEBUG - [SUAS_main.main:543] - waypoint required 
2025-06-11 21:03:41,926 - SUAS - DEBUG - [SUAS_main.main:543] - waypoint required 
2025-06-11 21:03:41,977 - SUAS - DEBUG - [SUAS_main.main:543] - waypoint required 
2025-06-11 21:03:42,029 - SUAS - DEBUG - [SUAS_main.main:543] - waypoint required 
2025-06-11 21:03:42,080 - SUAS - DEBUG - [SUAS_main.main:543] - waypoint required 
2025-06-11 21:03:42,132 - SUAS - DEBUG - [SUAS_main.main:543] - waypoint required 
2025-06-11 21:03:42,184 - SUAS - DEBUG - [SUAS_main.main:543] - waypoint required 
2025-06-11 21:03:42,235 - SUAS - DEBUG - [SUAS_main.main:543] - waypoint required 
2025-06-11 21:03:42,287 - SUAS - DEBUG - [SUAS_main.main:543] - waypoint required 
2025-06-11 21:03:42,340 - SUAS - DEBUG - [SUAS_main.main:543] - waypoint required 
2025-06-11 21:03:42,392 - SUAS - DEBUG - [SUAS_main.main:543] - waypoint required 
2025-06-11 21:03:42,444 - SUAS - DEBUG - [SUAS_main.main:543] - waypoint required 
2025-06-11 21:03:42,496 - SUAS - DEBUG - [SUAS_main.main:543] - waypoint required 
2025-06-11 21:03:42,548 - SUAS - DEBUG - [SUAS_main.main:543] - waypoint required 
2025-06-11 21:03:42,600 - SUAS - DEBUG - [SUAS_main.main:543] - waypoint required 
2025-06-11 21:03:42,654 - SUAS - DEBUG - [SUAS_main.main:543] - waypoint required 
2025-06-11 21:03:42,706 - SUAS - DEBUG - [SUAS_main.main:543] - waypoint required 
2025-06-11 21:03:42,758 - SUAS - DEBUG - [SUAS_main.main:543] - waypoint required 
2025-06-11 21:03:42,810 - SUAS - DEBUG - [SUAS_main.main:543] - waypoint required 
2025-06-11 21:03:42,861 - SUAS - DEBUG - [SUAS_main.main:543] - waypoint required 
2025-06-11 21:03:42,912 - SUAS - DEBUG - [SUAS_main.main:543] - waypoint required 
2025-06-11 21:03:42,964 - SUAS - DEBUG - [SUAS_main.main:543] - waypoint required 
2025-06-11 21:03:43,015 - SUAS - DEBUG - [SUAS_main.main:543] - waypoint required 
2025-06-11 21:03:43,066 - SUAS - DEBUG - [SUAS_main.main:543] - waypoint required 
2025-06-11 21:03:43,118 - SUAS - DEBUG - [SUAS_main.main:543] - waypoint required 
2025-06-11 21:03:43,169 - SUAS - DEBUG - [SUAS_main.main:543] - waypoint required 
2025-06-11 21:03:43,221 - SUAS - DEBUG - [SUAS_main.main:543] - waypoint required 
2025-06-11 21:03:43,273 - SUAS - DEBUG - [SUAS_main.main:543] - waypoint required 
2025-06-11 21:03:43,325 - SUAS - DEBUG - [SUAS_main.main:543] - waypoint required 
2025-06-11 21:03:43,376 - SUAS - DEBUG - [SUAS_main.main:543] - waypoint required 
2025-06-11 21:03:43,428 - SUAS - DEBUG - [SUAS_main.main:543] - waypoint required 
2025-06-11 21:03:43,479 - SUAS - DEBUG - [SUAS_main.main:543] - waypoint required 
2025-06-11 21:03:43,531 - SUAS - DEBUG - [SUAS_main.main:543] - waypoint required 
2025-06-11 21:03:43,582 - SUAS - DEBUG - [SUAS_main.main:543] - waypoint required 
2025-06-11 21:03:43,634 - SUAS - DEBUG - [SUAS_main.main:543] - waypoint required 
2025-06-11 21:03:43,686 - SUAS - DEBUG - [SUAS_main.main:543] - waypoint required 
2025-06-11 21:03:43,738 - SUAS - DEBUG - [SUAS_main.main:543] - waypoint required 
2025-06-11 21:03:43,789 - SUAS - DEBUG - [SUAS_main.main:543] - waypoint required 
2025-06-11 21:03:43,840 - SUAS - DEBUG - [SUAS_main.main:543] - waypoint required 
2025-06-11 21:03:43,892 - SUAS - DEBUG - [SUAS_main.main:543] - waypoint required 
2025-06-11 21:03:43,943 - SUAS - DEBUG - [SUAS_main.main:543] - waypoint required 
2025-06-11 21:03:43,995 - SUAS - DEBUG - [SUAS_main.main:543] - waypoint required 
2025-06-11 21:03:44,046 - SUAS - DEBUG - [SUAS_main.main:543] - waypoint required 
2025-06-11 21:03:44,098 - SUAS - DEBUG - [SUAS_main.main:543] - waypoint required 
2025-06-11 21:03:44,149 - SUAS - DEBUG - [SUAS_main.main:543] - waypoint required 
2025-06-11 21:03:44,201 - SUAS - DEBUG - [SUAS_main.main:543] - waypoint required 
2025-06-11 21:03:44,252 - SUAS - DEBUG - [SUAS_main.main:543] - waypoint required 
2025-06-11 21:03:44,304 - SUAS - DEBUG - [SUAS_main.main:543] - waypoint required 
2025-06-11 21:03:44,356 - SUAS - DEBUG - [SUAS_main.main:543] - waypoint required 
2025-06-11 21:03:44,408 - SUAS - DEBUG - [SUAS_main.main:543] - waypoint required 
2025-06-11 21:03:44,459 - SUAS - DEBUG - [SUAS_main.main:543] - waypoint required 
2025-06-11 21:03:44,511 - SUAS - DEBUG - [SUAS_main.main:543] - waypoint required 
2025-06-11 21:03:44,562 - SUAS - DEBUG - [SUAS_main.main:543] - waypoint required 
2025-06-11 21:03:44,617 - SUAS - DEBUG - [SUAS_main.main:543] - waypoint required 
2025-06-11 21:03:44,669 - SUAS - DEBUG - [SUAS_main.main:543] - waypoint required 
2025-06-11 21:03:44,722 - SUAS - DEBUG - [SUAS_main.main:543] - waypoint required 
2025-06-11 21:03:44,774 - SUAS - DEBUG - [SUAS_main.main:543] - waypoint required 
2025-06-11 21:03:44,825 - SUAS - DEBUG - [SUAS_main.main:543] - waypoint required 
2025-06-11 21:03:44,877 - SUAS - DEBUG - [SUAS_main.main:543] - waypoint required 
2025-06-11 21:03:44,929 - SUAS - DEBUG - [SUAS_main.main:543] - waypoint required 
2025-06-11 21:03:44,980 - SUAS - DEBUG - [SUAS_main.main:543] - waypoint required 
2025-06-11 21:03:45,032 - SUAS - DEBUG - [SUAS_main.main:543] - waypoint required 
2025-06-11 21:03:45,084 - SUAS - DEBUG - [SUAS_main.main:543] - waypoint required 
2025-06-11 21:03:45,136 - SUAS - DEBUG - [SUAS_main.main:543] - waypoint required 
2025-06-11 21:03:45,188 - SUAS - DEBUG - [SUAS_main.main:543] - waypoint required 
2025-06-11 21:03:45,240 - SUAS - DEBUG - [SUAS_main.main:543] - waypoint required 
2025-06-11 21:03:45,292 - SUAS - DEBUG - [SUAS_main.main:543] - waypoint required 
2025-06-11 21:03:45,346 - SUAS - DEBUG - [SUAS_main.main:543] - waypoint required 
2025-06-11 21:03:45,398 - SUAS - DEBUG - [SUAS_main.main:543] - waypoint required 
2025-06-11 21:03:45,449 - SUAS - DEBUG - [SUAS_main.main:543] - waypoint required 
2025-06-11 21:03:45,501 - SUAS - DEBUG - [SUAS_main.main:543] - waypoint required 
2025-06-11 21:03:45,552 - SUAS - DEBUG - [SUAS_main.main:543] - waypoint required 
2025-06-11 21:03:45,604 - SUAS - DEBUG - [SUAS_main.main:543] - waypoint required 
2025-06-11 21:03:45,658 - SUAS - DEBUG - [SUAS_main.main:543] - waypoint required 
2025-06-11 21:03:45,709 - SUAS - DEBUG - [SUAS_main.main:543] - waypoint required 
2025-06-11 21:03:45,760 - SUAS - DEBUG - [SUAS_main.main:543] - waypoint required 
2025-06-11 21:03:45,812 - SUAS - DEBUG - [SUAS_main.main:543] - waypoint required 
2025-06-11 21:03:45,864 - SUAS - DEBUG - [SUAS_main.main:543] - waypoint required 
2025-06-11 21:03:45,916 - SUAS - DEBUG - [SUAS_main.main:543] - waypoint required 
2025-06-11 21:03:45,968 - SUAS - DEBUG - [SUAS_main.main:543] - waypoint required 
2025-06-11 21:03:46,020 - SUAS - DEBUG - [SUAS_main.main:543] - waypoint required 
2025-06-11 21:03:46,073 - SUAS - DEBUG - [SUAS_main.main:543] - waypoint required 
2025-06-11 21:03:46,124 - SUAS - DEBUG - [SUAS_main.main:543] - waypoint required 
2025-06-11 21:03:46,176 - SUAS - DEBUG - [SUAS_main.main:543] - waypoint required 
2025-06-11 21:03:46,228 - SUAS - DEBUG - [SUAS_main.main:543] - waypoint required 
2025-06-11 21:03:46,280 - SUAS - DEBUG - [SUAS_main.main:543] - waypoint required 
2025-06-11 21:03:46,332 - SUAS - DEBUG - [SUAS_main.main:543] - waypoint required 
2025-06-11 21:03:46,383 - SUAS - DEBUG - [SUAS_main.main:543] - waypoint required 
2025-06-11 21:03:46,436 - SUAS - DEBUG - [SUAS_main.main:543] - waypoint required 
2025-06-11 21:03:46,489 - SUAS - DEBUG - [SUAS_main.main:543] - waypoint required 
2025-06-11 21:03:46,540 - SUAS - DEBUG - [SUAS_main.main:543] - waypoint required 
2025-06-11 21:03:46,594 - SUAS - DEBUG - [SUAS_main.main:543] - waypoint required 
2025-06-11 21:03:46,647 - SUAS - DEBUG - [SUAS_main.main:543] - waypoint required 
2025-06-11 21:03:46,698 - SUAS - DEBUG - [SUAS_main.main:543] - waypoint required 
2025-06-11 21:03:46,751 - SUAS - DEBUG - [SUAS_main.main:543] - waypoint required 
2025-06-11 21:03:46,804 - SUAS - DEBUG - [SUAS_main.main:543] - waypoint required 
2025-06-11 21:03:46,856 - SUAS - DEBUG - [SUAS_main.main:543] - waypoint required 
2025-06-11 21:03:46,908 - SUAS - DEBUG - [SUAS_main.main:543] - waypoint required 
2025-06-11 21:03:46,961 - SUAS - DEBUG - [SUAS_main.main:543] - waypoint required 
2025-06-11 21:03:47,014 - SUAS - DEBUG - [SUAS_main.main:543] - waypoint required 
2025-06-11 21:03:47,066 - SUAS - DEBUG - [SUAS_main.main:543] - waypoint required 
2025-06-11 21:03:47,118 - SUAS - DEBUG - [SUAS_main.main:543] - waypoint required 
2025-06-11 21:03:47,171 - SUAS - DEBUG - [SUAS_main.main:543] - waypoint required 
2025-06-11 21:03:47,223 - SUAS - DEBUG - [SUAS_main.main:543] - waypoint required 
2025-06-11 21:03:47,274 - SUAS - DEBUG - [SUAS_main.main:543] - waypoint required 
2025-06-11 21:03:47,327 - SUAS - DEBUG - [SUAS_main.main:543] - waypoint required 
2025-06-11 21:03:47,378 - SUAS - DEBUG - [SUAS_main.main:543] - waypoint required 
2025-06-11 21:03:47,431 - SUAS - DEBUG - [SUAS_main.main:543] - waypoint required 
2025-06-11 21:03:47,483 - SUAS - DEBUG - [SUAS_main.main:543] - waypoint required 
2025-06-11 21:03:47,534 - SUAS - DEBUG - [SUAS_main.main:543] - waypoint required 
2025-06-11 21:03:47,586 - SUAS - DEBUG - [SUAS_main.main:543] - waypoint required 
2025-06-11 21:03:47,638 - SUAS - DEBUG - [SUAS_main.main:543] - waypoint required 
2025-06-11 21:03:47,691 - SUAS - DEBUG - [SUAS_main.main:543] - waypoint required 
2025-06-11 21:03:47,743 - SUAS - DEBUG - [SUAS_main.main:543] - waypoint required 
2025-06-11 21:03:47,794 - SUAS - DEBUG - [SUAS_main.main:543] - waypoint required 
2025-06-11 21:03:47,845 - SUAS - DEBUG - [SUAS_main.main:543] - waypoint required 
2025-06-11 21:03:47,897 - SUAS - DEBUG - [SUAS_main.main:543] - waypoint required 
2025-06-11 21:03:47,948 - SUAS - DEBUG - [SUAS_main.main:543] - waypoint required 
2025-06-11 21:03:47,999 - SUAS - DEBUG - [SUAS_main.main:543] - waypoint required 
2025-06-11 21:03:48,052 - SUAS - DEBUG - [SUAS_main.main:543] - waypoint required 
2025-06-11 21:03:48,104 - SUAS - DEBUG - [SUAS_main.main:543] - waypoint required 
2025-06-11 21:03:48,155 - SUAS - DEBUG - [SUAS_main.main:543] - waypoint required 
2025-06-11 21:03:48,206 - SUAS - DEBUG - [SUAS_main.main:543] - waypoint required 
2025-06-11 21:03:48,258 - SUAS - DEBUG - [SUAS_main.main:543] - waypoint required 
2025-06-11 21:03:48,309 - SUAS - DEBUG - [SUAS_main.main:543] - waypoint required 
2025-06-11 21:03:48,360 - SUAS - DEBUG - [SUAS_main.main:543] - waypoint required 
2025-06-11 21:03:48,412 - SUAS - DEBUG - [SUAS_main.main:543] - waypoint required 
2025-06-11 21:03:48,463 - SUAS - DEBUG - [SUAS_main.main:543] - waypoint required 
2025-06-11 21:03:48,514 - SUAS - DEBUG - [SUAS_main.main:543] - waypoint required 
2025-06-11 21:03:48,566 - SUAS - DEBUG - [SUAS_main.main:543] - waypoint required 
2025-06-11 21:03:48,617 - SUAS - DEBUG - [SUAS_main.main:543] - waypoint required 
2025-06-11 21:03:48,669 - SUAS - DEBUG - [SUAS_main.main:543] - waypoint required 
2025-06-11 21:03:48,720 - SUAS - DEBUG - [SUAS_main.main:543] - waypoint required 
2025-06-11 21:03:48,772 - SUAS - DEBUG - [SUAS_main.main:543] - waypoint required 
2025-06-11 21:03:48,824 - SUAS - DEBUG - [SUAS_main.main:543] - waypoint required 
2025-06-11 21:03:48,875 - SUAS - DEBUG - [SUAS_main.main:543] - waypoint required 
2025-06-11 21:03:48,926 - SUAS - DEBUG - [SUAS_main.main:543] - waypoint required 
2025-06-11 21:03:48,978 - SUAS - DEBUG - [SUAS_main.main:543] - waypoint required 
2025-06-11 21:03:49,029 - SUAS - DEBUG - [SUAS_main.main:543] - waypoint required 
2025-06-11 21:03:49,080 - SUAS - DEBUG - [SUAS_main.main:543] - waypoint required 
2025-06-11 21:03:49,132 - SUAS - DEBUG - [SUAS_main.main:543] - waypoint required 
2025-06-11 21:03:49,183 - SUAS - DEBUG - [SUAS_main.main:543] - waypoint required 
2025-06-11 21:03:49,234 - SUAS - DEBUG - [SUAS_main.main:543] - waypoint required 
2025-06-11 21:03:49,285 - SUAS - DEBUG - [SUAS_main.main:543] - waypoint required 
2025-06-11 21:03:49,337 - SUAS - DEBUG - [SUAS_main.main:543] - waypoint required 
2025-06-11 21:03:49,388 - SUAS - DEBUG - [SUAS_main.main:543] - waypoint required 
2025-06-11 21:03:49,439 - SUAS - DEBUG - [SUAS_main.main:543] - waypoint required 
2025-06-11 21:03:49,490 - SUAS - DEBUG - [SUAS_main.main:543] - waypoint required 
2025-06-11 21:03:49,542 - SUAS - DEBUG - [SUAS_main.main:543] - waypoint required 
2025-06-11 21:03:49,593 - SUAS - DEBUG - [SUAS_main.main:543] - waypoint required 
2025-06-11 21:03:49,644 - SUAS - DEBUG - [SUAS_main.main:543] - waypoint required 
2025-06-11 21:03:49,696 - SUAS - DEBUG - [SUAS_main.main:543] - waypoint required 
2025-06-11 21:03:49,747 - SUAS - DEBUG - [SUAS_main.main:543] - waypoint required 
2025-06-11 21:03:49,798 - SUAS - DEBUG - [SUAS_main.main:543] - waypoint required 
2025-06-11 21:03:49,849 - SUAS - DEBUG - [SUAS_main.main:543] - waypoint required 
2025-06-11 21:03:49,901 - SUAS - DEBUG - [SUAS_main.main:543] - waypoint required 
2025-06-11 21:03:49,952 - SUAS - DEBUG - [SUAS_main.main:543] - waypoint required 
2025-06-11 21:03:50,003 - SUAS - DEBUG - [SUAS_main.main:543] - waypoint required 
2025-06-11 21:03:50,055 - SUAS - DEBUG - [SUAS_main.main:543] - waypoint required 
2025-06-11 21:03:50,106 - SUAS - DEBUG - [SUAS_main.main:543] - waypoint required 
2025-06-11 21:03:50,157 - SUAS - DEBUG - [SUAS_main.main:543] - waypoint required 
2025-06-11 21:03:50,209 - SUAS - DEBUG - [SUAS_main.main:543] - waypoint required 
2025-06-11 21:03:50,260 - SUAS - DEBUG - [SUAS_main.main:543] - waypoint required 
2025-06-11 21:03:50,311 - SUAS - DEBUG - [SUAS_main.main:543] - waypoint required 
2025-06-11 21:03:50,363 - SUAS - DEBUG - [SUAS_main.main:543] - waypoint required 
2025-06-11 21:03:50,414 - SUAS - DEBUG - [SUAS_main.main:543] - waypoint required 
2025-06-11 21:03:50,465 - SUAS - DEBUG - [SUAS_main.main:543] - waypoint required 
2025-06-11 21:03:50,516 - SUAS - DEBUG - [SUAS_main.main:543] - waypoint required 
2025-06-11 21:03:50,568 - SUAS - DEBUG - [SUAS_main.main:543] - waypoint required 
2025-06-11 21:03:50,619 - SUAS - DEBUG - [SUAS_main.main:543] - waypoint required 
2025-06-11 21:03:50,670 - SUAS - DEBUG - [SUAS_main.main:543] - waypoint required 
2025-06-11 21:03:50,722 - SUAS - DEBUG - [SUAS_main.main:543] - waypoint required 
2025-06-11 21:03:50,773 - SUAS - DEBUG - [SUAS_main.main:543] - waypoint required 
2025-06-11 21:03:50,824 - SUAS - DEBUG - [SUAS_main.main:543] - waypoint required 
2025-06-11 21:03:50,876 - SUAS - DEBUG - [SUAS_main.main:543] - waypoint required 
2025-06-11 21:03:50,928 - SUAS - DEBUG - [SUAS_main.main:543] - waypoint required 
2025-06-11 21:03:50,979 - SUAS - DEBUG - [SUAS_main.main:543] - waypoint required 
2025-06-11 21:03:51,030 - SUAS - DEBUG - [SUAS_main.main:543] - waypoint required 
2025-06-11 21:03:51,081 - SUAS - DEBUG - [SUAS_main.main:543] - waypoint required 
2025-06-11 21:03:51,133 - SUAS - DEBUG - [SUAS_main.main:543] - waypoint required 
2025-06-11 21:03:51,184 - SUAS - DEBUG - [SUAS_main.main:543] - waypoint required 
2025-06-11 21:03:51,235 - SUAS - DEBUG - [SUAS_main.main:543] - waypoint required 
2025-06-11 21:03:51,287 - SUAS - DEBUG - [SUAS_main.main:543] - waypoint required 
2025-06-11 21:03:51,338 - SUAS - DEBUG - [SUAS_main.main:543] - waypoint required 
2025-06-11 21:03:51,389 - SUAS - DEBUG - [SUAS_main.main:543] - waypoint required 
2025-06-11 21:03:51,441 - SUAS - DEBUG - [SUAS_main.main:543] - waypoint required 
2025-06-11 21:03:51,492 - SUAS - DEBUG - [SUAS_main.main:543] - waypoint required 
2025-06-11 21:03:51,543 - SUAS - DEBUG - [SUAS_main.main:543] - waypoint required 
2025-06-11 21:03:51,595 - SUAS - DEBUG - [SUAS_main.main:543] - waypoint required 
2025-06-11 21:03:51,646 - SUAS - DEBUG - [SUAS_main.main:543] - waypoint required 
2025-06-11 21:03:51,697 - SUAS - DEBUG - [SUAS_main.main:543] - waypoint required 
