2025-06-22 18:31:56,369 - SUAS - DEBUG - [SUAS_main.__init__:204] - (38.850991, -76.7002891, -4.318)
2025-06-22 18:31:56,370 - SUAS - DEBUG - [SUAS_main.__init__:210] - Opening camera with pipeline:
nvarguscamerasrc sensor-id=0 aelock=false awblock=True wbmode=6 exposurecompensation=-1.7 ! video/x-raw(memory:NVMM), width=(int)4032, height=(int)3040, framerate=(fraction)19/1 ! nvvidconv flip-method=0 ! video/x-raw, format=(string)BGRx ! videoconvert ! video/x-raw, format=(string)BGR ! appsink
2025-06-22 18:31:59,622 - SUAS - DEBUG - [SUAS_main.take_photo_opencv:423] - Saved photo to init_test_photo/image_1.jpg
2025-06-22 18:32:00,625 - SUAS - DEBUG - [SUAS_main.__init__:102] - Initial flight mode: ALT_HOLD
2025-06-22 18:32:01,556 - SUAS - DEBUG - [SUAS_main.main:696] - Download Waypoints - Completed
2025-06-22 18:32:01,557 - SUAS - DEBUG - [SUAS_main.main:699] - WP SET TO 2
2025-06-22 18:32:01,627 - SUAS - DEBUG - [SUAS_main._rc_listener_thread:313] - WPNAV_SPEED changed: None → 600
2025-06-22 18:32:02,559 - SUAS - DEBUG - [SUAS_main.main:711] - ------------------------------5---------------------------
2025-06-22 18:32:02,560 - SUAS - DEBUG - [SUAS_main.main:720] - ------------------------------------------------------------------------
2025-06-22 18:32:02,561 - SUAS - DEBUG - [SUAS_main.main:721] - No DOJUMP
2025-06-22 18:32:02,561 - SUAS - DEBUG - [SUAS_main.main:722] - ------------------------------------------------------------------------
2025-06-22 18:32:02,764 - SUAS - DEBUG - [SUAS_main.main:731] - Download Changed Waypoints - Completed
2025-06-22 18:32:02,766 - SUAS - DEBUG - [SUAS_main.main:738] - ------------------------------6 - updated---------------------------
2025-06-22 18:32:02,767 - SUAS - DEBUG - [SUAS_main.main:745] - Waiting for mode change to: AUTO
2025-06-22 18:32:03,268 - SUAS - DEBUG - [SUAS_main.main:745] - Waiting for mode change to: AUTO
2025-06-22 18:32:03,770 - SUAS - DEBUG - [SUAS_main.main:745] - Waiting for mode change to: AUTO
2025-06-22 18:32:04,272 - SUAS - DEBUG - [SUAS_main.main:745] - Waiting for mode change to: AUTO
2025-06-22 18:32:04,773 - SUAS - DEBUG - [SUAS_main.main:745] - Waiting for mode change to: AUTO
2025-06-22 18:32:05,275 - SUAS - DEBUG - [SUAS_main.main:745] - Waiting for mode change to: AUTO
2025-06-22 18:32:05,776 - SUAS - DEBUG - [SUAS_main.main:745] - Waiting for mode change to: AUTO
2025-06-22 18:32:06,278 - SUAS - DEBUG - [SUAS_main.main:745] - Waiting for mode change to: AUTO
2025-06-22 18:32:06,779 - SUAS - DEBUG - [SUAS_main.main:745] - Waiting for mode change to: AUTO
2025-06-22 18:32:07,281 - SUAS - DEBUG - [SUAS_main.main:745] - Waiting for mode change to: AUTO
2025-06-22 18:32:07,783 - SUAS - DEBUG - [SUAS_main.main:745] - Waiting for mode change to: AUTO
2025-06-22 18:32:08,284 - SUAS - DEBUG - [SUAS_main.main:745] - Waiting for mode change to: AUTO
2025-06-22 18:32:08,786 - SUAS - DEBUG - [SUAS_main.main:745] - Waiting for mode change to: AUTO
2025-06-22 18:32:09,287 - SUAS - DEBUG - [SUAS_main.main:745] - Waiting for mode change to: AUTO
2025-06-22 18:32:09,789 - SUAS - DEBUG - [SUAS_main.main:745] - Waiting for mode change to: AUTO
2025-06-22 18:32:10,290 - SUAS - DEBUG - [SUAS_main.main:745] - Waiting for mode change to: AUTO
2025-06-22 18:32:10,792 - SUAS - DEBUG - [SUAS_main.main:745] - Waiting for mode change to: AUTO
2025-06-22 18:32:11,293 - SUAS - DEBUG - [SUAS_main.main:745] - Waiting for mode change to: AUTO
2025-06-22 18:32:11,795 - SUAS - DEBUG - [SUAS_main.main:745] - Waiting for mode change to: AUTO
2025-06-22 18:32:12,296 - SUAS - DEBUG - [SUAS_main.main:745] - Waiting for mode change to: AUTO
2025-06-22 18:32:12,798 - SUAS - DEBUG - [SUAS_main.main:745] - Waiting for mode change to: AUTO
2025-06-22 18:32:13,300 - SUAS - DEBUG - [SUAS_main.main:745] - Waiting for mode change to: AUTO
2025-06-22 18:32:13,801 - SUAS - DEBUG - [SUAS_main.main:745] - Waiting for mode change to: AUTO
2025-06-22 18:32:14,302 - SUAS - DEBUG - [SUAS_main.main:745] - Waiting for mode change to: AUTO
2025-06-22 18:32:14,804 - SUAS - DEBUG - [SUAS_main.main:745] - Waiting for mode change to: AUTO
2025-06-22 18:32:15,306 - SUAS - DEBUG - [SUAS_main.main:745] - Waiting for mode change to: AUTO
2025-06-22 18:32:15,807 - SUAS - DEBUG - [SUAS_main.main:745] - Waiting for mode change to: AUTO
2025-06-22 18:32:16,309 - SUAS - DEBUG - [SUAS_main.main:745] - Waiting for mode change to: AUTO
2025-06-22 18:32:16,811 - SUAS - DEBUG - [SUAS_main.main:745] - Waiting for mode change to: AUTO
2025-06-22 18:32:17,312 - SUAS - DEBUG - [SUAS_main.main:745] - Waiting for mode change to: AUTO
2025-06-22 18:32:17,814 - SUAS - DEBUG - [SUAS_main.main:745] - Waiting for mode change to: AUTO
2025-06-22 18:32:18,316 - SUAS - DEBUG - [SUAS_main.main:745] - Waiting for mode change to: AUTO
2025-06-22 18:32:18,817 - SUAS - DEBUG - [SUAS_main.main:745] - Waiting for mode change to: AUTO
2025-06-22 18:32:19,319 - SUAS - DEBUG - [SUAS_main.main:745] - Waiting for mode change to: AUTO
2025-06-22 18:32:19,820 - SUAS - DEBUG - [SUAS_main.main:745] - Waiting for mode change to: AUTO
2025-06-22 18:32:20,322 - SUAS - DEBUG - [SUAS_main.main:745] - Waiting for mode change to: AUTO
2025-06-22 18:32:20,823 - SUAS - DEBUG - [SUAS_main.main:745] - Waiting for mode change to: AUTO
2025-06-22 18:32:21,324 - SUAS - DEBUG - [SUAS_main.main:745] - Waiting for mode change to: AUTO
2025-06-22 18:32:21,826 - SUAS - DEBUG - [SUAS_main.main:745] - Waiting for mode change to: AUTO
2025-06-22 18:32:22,327 - SUAS - DEBUG - [SUAS_main.main:745] - Waiting for mode change to: AUTO
2025-06-22 18:32:22,829 - SUAS - DEBUG - [SUAS_main.main:745] - Waiting for mode change to: AUTO
2025-06-22 18:32:23,331 - SUAS - DEBUG - [SUAS_main.main:745] - Waiting for mode change to: AUTO
2025-06-22 18:32:23,833 - SUAS - DEBUG - [SUAS_main.main:745] - Waiting for mode change to: AUTO
2025-06-22 18:32:24,334 - SUAS - DEBUG - [SUAS_main.main:745] - Waiting for mode change to: AUTO
2025-06-22 18:32:24,836 - SUAS - DEBUG - [SUAS_main.main:745] - Waiting for mode change to: AUTO
2025-06-22 18:32:25,337 - SUAS - DEBUG - [SUAS_main.main:745] - Waiting for mode change to: AUTO
2025-06-22 18:32:25,839 - SUAS - DEBUG - [SUAS_main.main:745] - Waiting for mode change to: AUTO
2025-06-22 18:32:26,340 - SUAS - DEBUG - [SUAS_main.main:745] - Waiting for mode change to: AUTO
2025-06-22 18:32:26,842 - SUAS - DEBUG - [SUAS_main.main:745] - Waiting for mode change to: AUTO
2025-06-22 18:32:27,343 - SUAS - DEBUG - [SUAS_main.main:745] - Waiting for mode change to: AUTO
2025-06-22 18:32:27,845 - SUAS - DEBUG - [SUAS_main.main:745] - Waiting for mode change to: AUTO
2025-06-22 18:32:28,347 - SUAS - DEBUG - [SUAS_main.main:745] - Waiting for mode change to: AUTO
2025-06-22 18:32:28,849 - SUAS - DEBUG - [SUAS_main.main:745] - Waiting for mode change to: AUTO
2025-06-22 18:32:29,350 - SUAS - DEBUG - [SUAS_main.main:745] - Waiting for mode change to: AUTO
2025-06-22 18:32:29,852 - SUAS - DEBUG - [SUAS_main.main:745] - Waiting for mode change to: AUTO
2025-06-22 18:32:30,353 - SUAS - DEBUG - [SUAS_main.main:745] - Waiting for mode change to: AUTO
2025-06-22 18:32:30,855 - SUAS - DEBUG - [SUAS_main.main:745] - Waiting for mode change to: AUTO
2025-06-22 18:32:31,356 - SUAS - DEBUG - [SUAS_main.main:745] - Waiting for mode change to: AUTO
2025-06-22 18:32:31,858 - SUAS - DEBUG - [SUAS_main.main:745] - Waiting for mode change to: AUTO
2025-06-22 18:32:32,359 - SUAS - DEBUG - [SUAS_main.main:745] - Waiting for mode change to: AUTO
2025-06-22 18:32:32,860 - SUAS - DEBUG - [SUAS_main.main:745] - Waiting for mode change to: AUTO
2025-06-22 18:32:33,361 - SUAS - DEBUG - [SUAS_main.main:745] - Waiting for mode change to: AUTO
2025-06-22 18:32:33,863 - SUAS - DEBUG - [SUAS_main.main:745] - Waiting for mode change to: AUTO
2025-06-22 18:32:34,365 - SUAS - DEBUG - [SUAS_main.main:745] - Waiting for mode change to: AUTO
2025-06-22 18:32:34,866 - SUAS - DEBUG - [SUAS_main.main:745] - Waiting for mode change to: AUTO
2025-06-22 18:32:35,368 - SUAS - DEBUG - [SUAS_main.main:745] - Waiting for mode change to: AUTO
2025-06-22 18:32:35,870 - SUAS - DEBUG - [SUAS_main.main:745] - Waiting for mode change to: AUTO
2025-06-22 18:32:36,371 - SUAS - DEBUG - [SUAS_main.main:745] - Waiting for mode change to: AUTO
2025-06-22 18:32:36,873 - SUAS - DEBUG - [SUAS_main.main:745] - Waiting for mode change to: AUTO
2025-06-22 18:32:37,374 - SUAS - DEBUG - [SUAS_main.main:745] - Waiting for mode change to: AUTO
2025-06-22 18:32:37,876 - SUAS - DEBUG - [SUAS_main.main:745] - Waiting for mode change to: AUTO
2025-06-22 18:32:38,377 - SUAS - DEBUG - [SUAS_main.main:745] - Waiting for mode change to: AUTO
2025-06-22 18:32:38,879 - SUAS - DEBUG - [SUAS_main.main:745] - Waiting for mode change to: AUTO
2025-06-22 18:32:39,380 - SUAS - DEBUG - [SUAS_main.main:745] - Waiting for mode change to: AUTO
2025-06-22 18:32:39,882 - SUAS - DEBUG - [SUAS_main.main:745] - Waiting for mode change to: AUTO
2025-06-22 18:32:40,383 - SUAS - DEBUG - [SUAS_main.main:745] - Waiting for mode change to: AUTO
2025-06-22 18:32:40,885 - SUAS - DEBUG - [SUAS_main.main:745] - Waiting for mode change to: AUTO
2025-06-22 18:32:41,387 - SUAS - DEBUG - [SUAS_main.main:745] - Waiting for mode change to: AUTO
2025-06-22 18:32:41,888 - SUAS - DEBUG - [SUAS_main.main:745] - Waiting for mode change to: AUTO
2025-06-22 18:32:42,390 - SUAS - DEBUG - [SUAS_main.main:745] - Waiting for mode change to: AUTO
2025-06-22 18:32:42,891 - SUAS - DEBUG - [SUAS_main.main:745] - Waiting for mode change to: AUTO
2025-06-22 18:32:43,392 - SUAS - DEBUG - [SUAS_main.main:745] - Waiting for mode change to: AUTO
2025-06-22 18:32:43,894 - SUAS - DEBUG - [SUAS_main.main:745] - Waiting for mode change to: AUTO
2025-06-22 18:32:44,395 - SUAS - DEBUG - [SUAS_main.main:745] - Waiting for mode change to: AUTO
2025-06-22 18:32:44,897 - SUAS - DEBUG - [SUAS_main.main:745] - Waiting for mode change to: AUTO
2025-06-22 18:32:45,399 - SUAS - DEBUG - [SUAS_main.main:745] - Waiting for mode change to: AUTO
2025-06-22 18:32:45,900 - SUAS - DEBUG - [SUAS_main.main:745] - Waiting for mode change to: AUTO
2025-06-22 18:32:46,402 - SUAS - DEBUG - [SUAS_main.main:745] - Waiting for mode change to: AUTO
2025-06-22 18:32:46,903 - SUAS - DEBUG - [SUAS_main.main:745] - Waiting for mode change to: AUTO
2025-06-22 18:32:47,405 - SUAS - DEBUG - [SUAS_main.main:745] - Waiting for mode change to: AUTO
2025-06-22 18:32:47,906 - SUAS - DEBUG - [SUAS_main.main:745] - Waiting for mode change to: AUTO
2025-06-22 18:32:48,408 - SUAS - DEBUG - [SUAS_main.main:745] - Waiting for mode change to: AUTO
2025-06-22 18:32:48,909 - SUAS - DEBUG - [SUAS_main.main:745] - Waiting for mode change to: AUTO
2025-06-22 18:32:49,411 - SUAS - DEBUG - [SUAS_main.main:745] - Waiting for mode change to: AUTO
2025-06-22 18:32:49,912 - SUAS - DEBUG - [SUAS_main.main:745] - Waiting for mode change to: AUTO
2025-06-22 18:32:50,414 - SUAS - DEBUG - [SUAS_main.main:745] - Waiting for mode change to: AUTO
2025-06-22 18:32:50,915 - SUAS - DEBUG - [SUAS_main.main:745] - Waiting for mode change to: AUTO
2025-06-22 18:32:51,417 - SUAS - DEBUG - [SUAS_main.main:745] - Waiting for mode change to: AUTO
2025-06-22 18:32:51,919 - SUAS - DEBUG - [SUAS_main.main:745] - Waiting for mode change to: AUTO
2025-06-22 18:32:52,420 - SUAS - DEBUG - [SUAS_main.main:745] - Waiting for mode change to: AUTO
2025-06-22 18:32:52,922 - SUAS - DEBUG - [SUAS_main.main:745] - Waiting for mode change to: AUTO
2025-06-22 18:32:53,423 - SUAS - DEBUG - [SUAS_main.main:745] - Waiting for mode change to: AUTO
2025-06-22 18:32:53,925 - SUAS - DEBUG - [SUAS_main.main:745] - Waiting for mode change to: AUTO
2025-06-22 18:32:54,426 - SUAS - DEBUG - [SUAS_main.main:745] - Waiting for mode change to: AUTO
2025-06-22 18:32:54,928 - SUAS - DEBUG - [SUAS_main.main:745] - Waiting for mode change to: AUTO
2025-06-22 18:32:55,429 - SUAS - DEBUG - [SUAS_main.main:745] - Waiting for mode change to: AUTO
2025-06-22 18:32:55,931 - SUAS - DEBUG - [SUAS_main.main:745] - Waiting for mode change to: AUTO
2025-06-22 18:32:56,464 - SUAS - DEBUG - [SUAS_main.main:745] - Waiting for mode change to: AUTO
2025-06-22 18:32:56,966 - SUAS - DEBUG - [SUAS_main.main:745] - Waiting for mode change to: AUTO
2025-06-22 18:32:57,467 - SUAS - DEBUG - [SUAS_main.main:745] - Waiting for mode change to: AUTO
2025-06-22 18:32:57,969 - SUAS - DEBUG - [SUAS_main.main:745] - Waiting for mode change to: AUTO
2025-06-22 18:32:58,471 - SUAS - DEBUG - [SUAS_main.main:745] - Waiting for mode change to: AUTO
2025-06-22 18:32:58,973 - SUAS - DEBUG - [SUAS_main.main:745] - Waiting for mode change to: AUTO
2025-06-22 18:32:59,474 - SUAS - DEBUG - [SUAS_main.main:745] - Waiting for mode change to: AUTO
2025-06-22 18:32:59,976 - SUAS - DEBUG - [SUAS_main.main:745] - Waiting for mode change to: AUTO
2025-06-22 18:33:00,477 - SUAS - DEBUG - [SUAS_main.main:745] - Waiting for mode change to: AUTO
2025-06-22 18:33:00,979 - SUAS - DEBUG - [SUAS_main.main:745] - Waiting for mode change to: AUTO
2025-06-22 18:33:01,480 - SUAS - DEBUG - [SUAS_main.main:745] - Waiting for mode change to: AUTO
2025-06-22 18:33:01,982 - SUAS - DEBUG - [SUAS_main.main:745] - Waiting for mode change to: AUTO
2025-06-22 18:33:02,483 - SUAS - DEBUG - [SUAS_main.main:745] - Waiting for mode change to: AUTO
2025-06-22 18:33:02,984 - SUAS - DEBUG - [SUAS_main.main:745] - Waiting for mode change to: AUTO
2025-06-22 18:33:03,486 - SUAS - DEBUG - [SUAS_main.main:745] - Waiting for mode change to: AUTO
2025-06-22 18:33:03,987 - SUAS - DEBUG - [SUAS_main.main:745] - Waiting for mode change to: AUTO
2025-06-22 18:33:04,489 - SUAS - DEBUG - [SUAS_main.main:745] - Waiting for mode change to: AUTO
2025-06-22 18:33:04,990 - SUAS - DEBUG - [SUAS_main.main:745] - Waiting for mode change to: AUTO
2025-06-22 18:33:05,492 - SUAS - DEBUG - [SUAS_main.main:745] - Waiting for mode change to: AUTO
2025-06-22 18:33:05,994 - SUAS - DEBUG - [SUAS_main.main:745] - Waiting for mode change to: AUTO
2025-06-22 18:33:06,496 - SUAS - DEBUG - [SUAS_main.main:745] - Waiting for mode change to: AUTO
2025-06-22 18:33:06,998 - SUAS - DEBUG - [SUAS_main.main:745] - Waiting for mode change to: AUTO
2025-06-22 18:33:07,499 - SUAS - DEBUG - [SUAS_main.main:745] - Waiting for mode change to: AUTO
2025-06-22 18:33:08,001 - SUAS - DEBUG - [SUAS_main.main:745] - Waiting for mode change to: AUTO
2025-06-22 18:33:08,502 - SUAS - DEBUG - [SUAS_main.main:745] - Waiting for mode change to: AUTO
2025-06-22 18:33:09,004 - SUAS - DEBUG - [SUAS_main.main:745] - Waiting for mode change to: AUTO
2025-06-22 18:33:09,505 - SUAS - DEBUG - [SUAS_main.main:745] - Waiting for mode change to: AUTO
2025-06-22 18:33:10,007 - SUAS - DEBUG - [SUAS_main.main:745] - Waiting for mode change to: AUTO
2025-06-22 18:33:10,508 - SUAS - DEBUG - [SUAS_main.main:745] - Waiting for mode change to: AUTO
2025-06-22 18:33:11,010 - SUAS - DEBUG - [SUAS_main.main:745] - Waiting for mode change to: AUTO
2025-06-22 18:33:11,511 - SUAS - DEBUG - [SUAS_main.main:745] - Waiting for mode change to: AUTO
2025-06-22 18:33:12,013 - SUAS - DEBUG - [SUAS_main.main:745] - Waiting for mode change to: AUTO
2025-06-22 18:33:12,514 - SUAS - DEBUG - [SUAS_main.main:745] - Waiting for mode change to: AUTO
2025-06-22 18:33:13,016 - SUAS - DEBUG - [SUAS_main.main:745] - Waiting for mode change to: AUTO
2025-06-22 18:33:13,517 - SUAS - DEBUG - [SUAS_main.main:745] - Waiting for mode change to: AUTO
2025-06-22 18:33:14,019 - SUAS - DEBUG - [SUAS_main.main:745] - Waiting for mode change to: AUTO
2025-06-22 18:33:14,520 - SUAS - DEBUG - [SUAS_main.main:745] - Waiting for mode change to: AUTO
2025-06-22 18:33:15,022 - SUAS - DEBUG - [SUAS_main.main:745] - Waiting for mode change to: AUTO
2025-06-22 18:33:15,523 - SUAS - DEBUG - [SUAS_main.main:745] - Waiting for mode change to: AUTO
2025-06-22 18:33:16,025 - SUAS - DEBUG - [SUAS_main.main:745] - Waiting for mode change to: AUTO
2025-06-22 18:33:16,526 - SUAS - DEBUG - [SUAS_main.main:745] - Waiting for mode change to: AUTO
2025-06-22 18:33:17,028 - SUAS - DEBUG - [SUAS_main.main:745] - Waiting for mode change to: AUTO
2025-06-22 18:33:17,529 - SUAS - DEBUG - [SUAS_main.main:745] - Waiting for mode change to: AUTO
2025-06-22 18:33:18,031 - SUAS - DEBUG - [SUAS_main.main:745] - Waiting for mode change to: AUTO
2025-06-22 18:33:18,532 - SUAS - DEBUG - [SUAS_main.main:745] - Waiting for mode change to: AUTO
2025-06-22 18:33:19,034 - SUAS - DEBUG - [SUAS_main.main:745] - Waiting for mode change to: AUTO
2025-06-22 18:33:19,535 - SUAS - DEBUG - [SUAS_main.main:745] - Waiting for mode change to: AUTO
2025-06-22 18:33:20,037 - SUAS - DEBUG - [SUAS_main.main:745] - Waiting for mode change to: AUTO
2025-06-22 18:33:20,538 - SUAS - DEBUG - [SUAS_main.main:745] - Waiting for mode change to: AUTO
2025-06-22 18:33:21,040 - SUAS - DEBUG - [SUAS_main.main:745] - Waiting for mode change to: AUTO
2025-06-22 18:33:21,541 - SUAS - DEBUG - [SUAS_main.main:745] - Waiting for mode change to: AUTO
2025-06-22 18:33:22,043 - SUAS - DEBUG - [SUAS_main.main:745] - Waiting for mode change to: AUTO
2025-06-22 18:33:22,544 - SUAS - DEBUG - [SUAS_main.main:745] - Waiting for mode change to: AUTO
2025-06-22 18:33:23,046 - SUAS - DEBUG - [SUAS_main.main:745] - Waiting for mode change to: AUTO
2025-06-22 18:33:23,547 - SUAS - DEBUG - [SUAS_main.main:745] - Waiting for mode change to: AUTO
2025-06-22 18:33:24,048 - SUAS - DEBUG - [SUAS_main.main:745] - Waiting for mode change to: AUTO
2025-06-22 18:33:24,550 - SUAS - DEBUG - [SUAS_main.main:745] - Waiting for mode change to: AUTO
2025-06-22 18:33:25,051 - SUAS - DEBUG - [SUAS_main.main:745] - Waiting for mode change to: AUTO
2025-06-22 18:33:25,552 - SUAS - DEBUG - [SUAS_main.main:745] - Waiting for mode change to: AUTO
2025-06-22 18:33:26,054 - SUAS - DEBUG - [SUAS_main.main:745] - Waiting for mode change to: AUTO
2025-06-22 18:33:26,555 - SUAS - DEBUG - [SUAS_main.main:745] - Waiting for mode change to: AUTO
2025-06-22 18:33:27,056 - SUAS - DEBUG - [SUAS_main.main:745] - Waiting for mode change to: AUTO
2025-06-22 18:33:27,558 - SUAS - DEBUG - [SUAS_main.main:745] - Waiting for mode change to: AUTO
2025-06-22 18:33:28,060 - SUAS - DEBUG - [SUAS_main.main:745] - Waiting for mode change to: AUTO
2025-06-22 18:33:28,561 - SUAS - DEBUG - [SUAS_main.main:745] - Waiting for mode change to: AUTO
2025-06-22 18:33:29,062 - SUAS - DEBUG - [SUAS_main.main:745] - Waiting for mode change to: AUTO
2025-06-22 18:33:29,564 - SUAS - DEBUG - [SUAS_main.main:745] - Waiting for mode change to: AUTO
2025-06-22 18:33:30,065 - SUAS - DEBUG - [SUAS_main.main:745] - Waiting for mode change to: AUTO
2025-06-22 18:33:30,567 - SUAS - DEBUG - [SUAS_main.main:745] - Waiting for mode change to: AUTO
2025-06-22 18:33:31,068 - SUAS - DEBUG - [SUAS_main.main:745] - Waiting for mode change to: AUTO
2025-06-22 18:33:31,570 - SUAS - DEBUG - [SUAS_main.main:745] - Waiting for mode change to: AUTO
2025-06-22 18:33:32,071 - SUAS - DEBUG - [SUAS_main.main:745] - Waiting for mode change to: AUTO
2025-06-22 18:33:32,573 - SUAS - DEBUG - [SUAS_main.main:745] - Waiting for mode change to: AUTO
2025-06-22 18:33:33,074 - SUAS - DEBUG - [SUAS_main.main:745] - Waiting for mode change to: AUTO
2025-06-22 18:33:33,576 - SUAS - DEBUG - [SUAS_main.main:745] - Waiting for mode change to: AUTO
2025-06-22 18:33:34,077 - SUAS - DEBUG - [SUAS_main.main:745] - Waiting for mode change to: AUTO
2025-06-22 18:33:34,579 - SUAS - DEBUG - [SUAS_main.main:745] - Waiting for mode change to: AUTO
2025-06-22 18:33:35,080 - SUAS - DEBUG - [SUAS_main.main:745] - Waiting for mode change to: AUTO
2025-06-22 18:33:35,582 - SUAS - DEBUG - [SUAS_main.main:745] - Waiting for mode change to: AUTO
2025-06-22 18:33:36,083 - SUAS - DEBUG - [SUAS_main.main:745] - Waiting for mode change to: AUTO
2025-06-22 18:33:36,585 - SUAS - DEBUG - [SUAS_main.main:745] - Waiting for mode change to: AUTO
2025-06-22 18:33:37,086 - SUAS - DEBUG - [SUAS_main.main:745] - Waiting for mode change to: AUTO
2025-06-22 18:33:37,588 - SUAS - DEBUG - [SUAS_main.main:745] - Waiting for mode change to: AUTO
2025-06-22 18:33:38,089 - SUAS - DEBUG - [SUAS_main.main:745] - Waiting for mode change to: AUTO
2025-06-22 18:33:38,591 - SUAS - DEBUG - [SUAS_main.main:745] - Waiting for mode change to: AUTO
2025-06-22 18:33:39,092 - SUAS - DEBUG - [SUAS_main.main:745] - Waiting for mode change to: AUTO
2025-06-22 18:33:39,594 - SUAS - DEBUG - [SUAS_main.main:745] - Waiting for mode change to: AUTO
2025-06-22 18:33:40,096 - SUAS - DEBUG - [SUAS_main.main:745] - Waiting for mode change to: AUTO
2025-06-22 18:33:40,597 - SUAS - DEBUG - [SUAS_main.main:745] - Waiting for mode change to: AUTO
2025-06-22 18:33:41,099 - SUAS - DEBUG - [SUAS_main.main:745] - Waiting for mode change to: AUTO
2025-06-22 18:33:41,600 - SUAS - DEBUG - [SUAS_main.main:745] - Waiting for mode change to: AUTO
2025-06-22 18:33:42,102 - SUAS - DEBUG - [SUAS_main.main:745] - Waiting for mode change to: AUTO
2025-06-22 18:33:42,603 - SUAS - DEBUG - [SUAS_main.main:745] - Waiting for mode change to: AUTO
2025-06-22 18:33:43,104 - SUAS - DEBUG - [SUAS_main.main:745] - Waiting for mode change to: AUTO
2025-06-22 18:33:43,606 - SUAS - DEBUG - [SUAS_main.main:745] - Waiting for mode change to: AUTO
2025-06-22 18:33:44,107 - SUAS - DEBUG - [SUAS_main.main:745] - Waiting for mode change to: AUTO
2025-06-22 18:33:44,608 - SUAS - DEBUG - [SUAS_main.main:745] - Waiting for mode change to: AUTO
2025-06-22 18:33:45,109 - SUAS - DEBUG - [SUAS_main.main:745] - Waiting for mode change to: AUTO
2025-06-22 18:33:45,611 - SUAS - DEBUG - [SUAS_main.main:745] - Waiting for mode change to: AUTO
2025-06-22 18:33:46,112 - SUAS - DEBUG - [SUAS_main.main:745] - Waiting for mode change to: AUTO
2025-06-22 18:33:46,614 - SUAS - DEBUG - [SUAS_main.main:745] - Waiting for mode change to: AUTO
2025-06-22 18:33:47,116 - SUAS - DEBUG - [SUAS_main.main:745] - Waiting for mode change to: AUTO
2025-06-22 18:33:47,617 - SUAS - DEBUG - [SUAS_main.main:745] - Waiting for mode change to: AUTO
2025-06-22 18:33:48,119 - SUAS - DEBUG - [SUAS_main.main:745] - Waiting for mode change to: AUTO
2025-06-22 18:33:48,620 - SUAS - DEBUG - [SUAS_main.main:745] - Waiting for mode change to: AUTO
2025-06-22 18:33:49,122 - SUAS - DEBUG - [SUAS_main.main:745] - Waiting for mode change to: AUTO
2025-06-22 18:33:49,623 - SUAS - DEBUG - [SUAS_main.main:745] - Waiting for mode change to: AUTO
2025-06-22 18:33:50,124 - SUAS - DEBUG - [SUAS_main.main:745] - Waiting for mode change to: AUTO
2025-06-22 18:33:50,626 - SUAS - DEBUG - [SUAS_main.main:745] - Waiting for mode change to: AUTO
2025-06-22 18:33:51,127 - SUAS - DEBUG - [SUAS_main.main:745] - Waiting for mode change to: AUTO
2025-06-22 18:33:51,628 - SUAS - DEBUG - [SUAS_main.main:745] - Waiting for mode change to: AUTO
2025-06-22 18:33:52,131 - SUAS - DEBUG - [SUAS_main.main:745] - Waiting for mode change to: AUTO
2025-06-22 18:33:52,632 - SUAS - DEBUG - [SUAS_main.main:745] - Waiting for mode change to: AUTO
2025-06-22 18:33:53,134 - SUAS - DEBUG - [SUAS_main.main:745] - Waiting for mode change to: AUTO
2025-06-22 18:33:53,635 - SUAS - DEBUG - [SUAS_main.main:745] - Waiting for mode change to: AUTO
2025-06-22 18:33:54,137 - SUAS - DEBUG - [SUAS_main.main:745] - Waiting for mode change to: AUTO
2025-06-22 18:33:54,638 - SUAS - DEBUG - [SUAS_main.main:745] - Waiting for mode change to: AUTO
2025-06-22 18:33:55,140 - SUAS - DEBUG - [SUAS_main.main:745] - Waiting for mode change to: AUTO
2025-06-22 18:33:55,641 - SUAS - DEBUG - [SUAS_main.main:745] - Waiting for mode change to: AUTO
2025-06-22 18:33:56,143 - SUAS - DEBUG - [SUAS_main.main:745] - Waiting for mode change to: AUTO
2025-06-22 18:33:56,644 - SUAS - DEBUG - [SUAS_main.main:745] - Waiting for mode change to: AUTO
2025-06-22 18:33:57,146 - SUAS - DEBUG - [SUAS_main.main:745] - Waiting for mode change to: AUTO
2025-06-22 18:33:57,647 - SUAS - DEBUG - [SUAS_main.main:745] - Waiting for mode change to: AUTO
2025-06-22 18:33:58,149 - SUAS - DEBUG - [SUAS_main.main:745] - Waiting for mode change to: AUTO
2025-06-22 18:33:58,651 - SUAS - DEBUG - [SUAS_main.main:745] - Waiting for mode change to: AUTO
2025-06-22 18:33:59,152 - SUAS - DEBUG - [SUAS_main.main:745] - Waiting for mode change to: AUTO
2025-06-22 18:33:59,654 - SUAS - DEBUG - [SUAS_main.main:745] - Waiting for mode change to: AUTO
2025-06-22 18:34:00,155 - SUAS - DEBUG - [SUAS_main.main:745] - Waiting for mode change to: AUTO
2025-06-22 18:34:00,656 - SUAS - DEBUG - [SUAS_main.main:745] - Waiting for mode change to: AUTO
2025-06-22 18:34:01,158 - SUAS - DEBUG - [SUAS_main.main:745] - Waiting for mode change to: AUTO
2025-06-22 18:34:01,659 - SUAS - DEBUG - [SUAS_main.main:745] - Waiting for mode change to: AUTO
2025-06-22 18:34:02,160 - SUAS - DEBUG - [SUAS_main.main:745] - Waiting for mode change to: AUTO
2025-06-22 18:34:02,662 - SUAS - DEBUG - [SUAS_main.main:745] - Waiting for mode change to: AUTO
2025-06-22 18:34:03,163 - SUAS - DEBUG - [SUAS_main.main:745] - Waiting for mode change to: AUTO
2025-06-22 18:34:03,664 - SUAS - DEBUG - [SUAS_main.main:745] - Waiting for mode change to: AUTO
2025-06-22 18:34:04,166 - SUAS - DEBUG - [SUAS_main.main:745] - Waiting for mode change to: AUTO
2025-06-22 18:34:04,668 - SUAS - DEBUG - [SUAS_main.main:745] - Waiting for mode change to: AUTO
2025-06-22 18:34:05,169 - SUAS - DEBUG - [SUAS_main.main:745] - Waiting for mode change to: AUTO
2025-06-22 18:34:05,671 - SUAS - DEBUG - [SUAS_main.main:745] - Waiting for mode change to: AUTO
2025-06-22 18:34:06,172 - SUAS - DEBUG - [SUAS_main.main:745] - Waiting for mode change to: AUTO
2025-06-22 18:34:06,673 - SUAS - DEBUG - [SUAS_main.main:745] - Waiting for mode change to: AUTO
2025-06-22 18:34:07,175 - SUAS - DEBUG - [SUAS_main.main:745] - Waiting for mode change to: AUTO
2025-06-22 18:34:07,676 - SUAS - DEBUG - [SUAS_main.main:745] - Waiting for mode change to: AUTO
2025-06-22 18:34:08,178 - SUAS - DEBUG - [SUAS_main.main:745] - Waiting for mode change to: AUTO
2025-06-22 18:34:08,679 - SUAS - DEBUG - [SUAS_main.main:745] - Waiting for mode change to: AUTO
2025-06-22 18:34:09,181 - SUAS - DEBUG - [SUAS_main.main:745] - Waiting for mode change to: AUTO
2025-06-22 18:34:09,682 - SUAS - DEBUG - [SUAS_main.main:745] - Waiting for mode change to: AUTO
2025-06-22 18:34:10,184 - SUAS - DEBUG - [SUAS_main.main:745] - Waiting for mode change to: AUTO
2025-06-22 18:34:10,686 - SUAS - DEBUG - [SUAS_main.main:745] - Waiting for mode change to: AUTO
2025-06-22 18:34:11,187 - SUAS - DEBUG - [SUAS_main.main:745] - Waiting for mode change to: AUTO
2025-06-22 18:34:11,689 - SUAS - DEBUG - [SUAS_main.main:745] - Waiting for mode change to: AUTO
2025-06-22 18:34:12,190 - SUAS - DEBUG - [SUAS_main.main:745] - Waiting for mode change to: AUTO
2025-06-22 18:34:12,692 - SUAS - DEBUG - [SUAS_main.main:745] - Waiting for mode change to: AUTO
2025-06-22 18:34:13,193 - SUAS - DEBUG - [SUAS_main.main:745] - Waiting for mode change to: AUTO
2025-06-22 18:34:13,695 - SUAS - DEBUG - [SUAS_main.main:745] - Waiting for mode change to: AUTO
2025-06-22 18:34:14,196 - SUAS - DEBUG - [SUAS_main.main:745] - Waiting for mode change to: AUTO
2025-06-22 18:34:14,698 - SUAS - DEBUG - [SUAS_main.main:745] - Waiting for mode change to: AUTO
2025-06-22 18:34:15,199 - SUAS - DEBUG - [SUAS_main.main:745] - Waiting for mode change to: AUTO
2025-06-22 18:34:15,700 - SUAS - DEBUG - [SUAS_main.main:745] - Waiting for mode change to: AUTO
2025-06-22 18:34:16,201 - SUAS - DEBUG - [SUAS_main.main:745] - Waiting for mode change to: AUTO
2025-06-22 18:34:16,703 - SUAS - DEBUG - [SUAS_main.main:745] - Waiting for mode change to: AUTO
2025-06-22 18:34:17,204 - SUAS - DEBUG - [SUAS_main.main:745] - Waiting for mode change to: AUTO
2025-06-22 18:34:17,706 - SUAS - DEBUG - [SUAS_main.main:745] - Waiting for mode change to: AUTO
2025-06-22 18:34:18,208 - SUAS - DEBUG - [SUAS_main.main:745] - Waiting for mode change to: AUTO
2025-06-22 18:34:18,709 - SUAS - DEBUG - [SUAS_main.main:745] - Waiting for mode change to: AUTO
2025-06-22 18:34:19,211 - SUAS - DEBUG - [SUAS_main.main:745] - Waiting for mode change to: AUTO
2025-06-22 18:34:19,713 - SUAS - DEBUG - [SUAS_main.main:745] - Waiting for mode change to: AUTO
2025-06-22 18:34:20,214 - SUAS - DEBUG - [SUAS_main.main:745] - Waiting for mode change to: AUTO
2025-06-22 18:34:20,715 - SUAS - DEBUG - [SUAS_main.main:745] - Waiting for mode change to: AUTO
2025-06-22 18:34:21,217 - SUAS - DEBUG - [SUAS_main.main:745] - Waiting for mode change to: AUTO
2025-06-22 18:34:21,718 - SUAS - DEBUG - [SUAS_main.main:745] - Waiting for mode change to: AUTO
2025-06-22 18:34:22,220 - SUAS - DEBUG - [SUAS_main.main:745] - Waiting for mode change to: AUTO
2025-06-22 18:34:22,722 - SUAS - DEBUG - [SUAS_main.main:745] - Waiting for mode change to: AUTO
2025-06-22 18:34:23,224 - SUAS - DEBUG - [SUAS_main.main:745] - Waiting for mode change to: AUTO
2025-06-22 18:34:23,725 - SUAS - DEBUG - [SUAS_main.main:745] - Waiting for mode change to: AUTO
2025-06-22 18:34:24,226 - SUAS - DEBUG - [SUAS_main.main:745] - Waiting for mode change to: AUTO
2025-06-22 18:34:24,728 - SUAS - DEBUG - [SUAS_main.main:745] - Waiting for mode change to: AUTO
2025-06-22 18:34:25,229 - SUAS - DEBUG - [SUAS_main.main:745] - Waiting for mode change to: AUTO
2025-06-22 18:34:25,731 - SUAS - DEBUG - [SUAS_main.main:745] - Waiting for mode change to: AUTO
2025-06-22 18:34:26,232 - SUAS - DEBUG - [SUAS_main.main:745] - Waiting for mode change to: AUTO
2025-06-22 18:34:26,734 - SUAS - DEBUG - [SUAS_main.main:745] - Waiting for mode change to: AUTO
2025-06-22 18:34:27,235 - SUAS - DEBUG - [SUAS_main.main:745] - Waiting for mode change to: AUTO
2025-06-22 18:34:27,737 - SUAS - DEBUG - [SUAS_main.main:745] - Waiting for mode change to: AUTO
2025-06-22 18:34:28,239 - SUAS - DEBUG - [SUAS_main.main:745] - Waiting for mode change to: AUTO
2025-06-22 18:34:28,740 - SUAS - DEBUG - [SUAS_main.main:745] - Waiting for mode change to: AUTO
2025-06-22 18:34:29,242 - SUAS - DEBUG - [SUAS_main.main:745] - Waiting for mode change to: AUTO
2025-06-22 18:34:29,743 - SUAS - DEBUG - [SUAS_main.main:745] - Waiting for mode change to: AUTO
2025-06-22 18:34:30,244 - SUAS - DEBUG - [SUAS_main.main:745] - Waiting for mode change to: AUTO
2025-06-22 18:34:30,746 - SUAS - DEBUG - [SUAS_main.main:745] - Waiting for mode change to: AUTO
2025-06-22 18:34:31,247 - SUAS - DEBUG - [SUAS_main.main:745] - Waiting for mode change to: AUTO
2025-06-22 18:34:31,748 - SUAS - DEBUG - [SUAS_main.main:745] - Waiting for mode change to: AUTO
2025-06-22 18:34:32,250 - SUAS - DEBUG - [SUAS_main.main:745] - Waiting for mode change to: AUTO
2025-06-22 18:34:32,751 - SUAS - DEBUG - [SUAS_main.main:745] - Waiting for mode change to: AUTO
2025-06-22 18:34:33,253 - SUAS - DEBUG - [SUAS_main.main:745] - Waiting for mode change to: AUTO
2025-06-22 18:34:33,754 - SUAS - DEBUG - [SUAS_main.main:745] - Waiting for mode change to: AUTO
2025-06-22 18:34:34,256 - SUAS - DEBUG - [SUAS_main.main:745] - Waiting for mode change to: AUTO
2025-06-22 18:34:34,757 - SUAS - DEBUG - [SUAS_main.main:745] - Waiting for mode change to: AUTO
2025-06-22 18:34:35,259 - SUAS - DEBUG - [SUAS_main.main:745] - Waiting for mode change to: AUTO
2025-06-22 18:34:35,760 - SUAS - DEBUG - [SUAS_main.main:745] - Waiting for mode change to: AUTO
2025-06-22 18:34:36,262 - SUAS - DEBUG - [SUAS_main.main:745] - Waiting for mode change to: AUTO
2025-06-22 18:34:36,763 - SUAS - DEBUG - [SUAS_main.main:745] - Waiting for mode change to: AUTO
2025-06-22 18:34:37,264 - SUAS - DEBUG - [SUAS_main.main:745] - Waiting for mode change to: AUTO
2025-06-22 18:34:37,766 - SUAS - DEBUG - [SUAS_main.main:745] - Waiting for mode change to: AUTO
2025-06-22 18:34:38,267 - SUAS - DEBUG - [SUAS_main.main:745] - Waiting for mode change to: AUTO
2025-06-22 18:34:38,768 - SUAS - DEBUG - [SUAS_main.main:745] - Waiting for mode change to: AUTO
2025-06-22 18:34:39,270 - SUAS - DEBUG - [SUAS_main.main:745] - Waiting for mode change to: AUTO
2025-06-22 18:34:39,771 - SUAS - DEBUG - [SUAS_main.main:745] - Waiting for mode change to: AUTO
2025-06-22 18:34:40,273 - SUAS - DEBUG - [SUAS_main.main:745] - Waiting for mode change to: AUTO
2025-06-22 18:34:40,774 - SUAS - DEBUG - [SUAS_main.main:745] - Waiting for mode change to: AUTO
2025-06-22 18:34:41,276 - SUAS - DEBUG - [SUAS_main.main:745] - Waiting for mode change to: AUTO
2025-06-22 18:34:41,777 - SUAS - DEBUG - [SUAS_main.main:745] - Waiting for mode change to: AUTO
2025-06-22 18:34:42,279 - SUAS - DEBUG - [SUAS_main.main:745] - Waiting for mode change to: AUTO
2025-06-22 18:34:42,780 - SUAS - DEBUG - [SUAS_main.main:745] - Waiting for mode change to: AUTO
2025-06-22 18:34:43,282 - SUAS - DEBUG - [SUAS_main.main:745] - Waiting for mode change to: AUTO
2025-06-22 18:34:43,783 - SUAS - DEBUG - [SUAS_main.main:745] - Waiting for mode change to: AUTO
2025-06-22 18:34:44,285 - SUAS - DEBUG - [SUAS_main.main:745] - Waiting for mode change to: AUTO
2025-06-22 18:34:44,786 - SUAS - DEBUG - [SUAS_main.main:745] - Waiting for mode change to: AUTO
2025-06-22 18:34:45,288 - SUAS - DEBUG - [SUAS_main.main:745] - Waiting for mode change to: AUTO
2025-06-22 18:34:45,789 - SUAS - DEBUG - [SUAS_main.main:745] - Waiting for mode change to: AUTO
2025-06-22 18:34:46,292 - SUAS - DEBUG - [SUAS_main.main:745] - Waiting for mode change to: AUTO
2025-06-22 18:34:46,794 - SUAS - DEBUG - [SUAS_main.main:745] - Waiting for mode change to: AUTO
2025-06-22 18:34:47,296 - SUAS - DEBUG - [SUAS_main.main:745] - Waiting for mode change to: AUTO
2025-06-22 18:34:47,797 - SUAS - DEBUG - [SUAS_main.main:745] - Waiting for mode change to: AUTO
2025-06-22 18:34:48,299 - SUAS - DEBUG - [SUAS_main.main:745] - Waiting for mode change to: AUTO
2025-06-22 18:34:48,800 - SUAS - DEBUG - [SUAS_main.main:745] - Waiting for mode change to: AUTO
2025-06-22 18:34:49,302 - SUAS - DEBUG - [SUAS_main.main:745] - Waiting for mode change to: AUTO
2025-06-22 18:34:49,803 - SUAS - DEBUG - [SUAS_main.main:745] - Waiting for mode change to: AUTO
2025-06-22 18:34:50,305 - SUAS - DEBUG - [SUAS_main.main:745] - Waiting for mode change to: AUTO
2025-06-22 18:34:50,806 - SUAS - DEBUG - [SUAS_main.main:745] - Waiting for mode change to: AUTO
2025-06-22 18:34:51,308 - SUAS - DEBUG - [SUAS_main.main:745] - Waiting for mode change to: AUTO
2025-06-22 18:34:51,810 - SUAS - DEBUG - [SUAS_main.main:745] - Waiting for mode change to: AUTO
2025-06-22 18:34:52,311 - SUAS - DEBUG - [SUAS_main.main:745] - Waiting for mode change to: AUTO
2025-06-22 18:34:52,813 - SUAS - DEBUG - [SUAS_main.main:745] - Waiting for mode change to: AUTO
2025-06-22 18:34:53,315 - SUAS - DEBUG - [SUAS_main.main:745] - Waiting for mode change to: AUTO
2025-06-22 18:34:53,816 - SUAS - DEBUG - [SUAS_main.main:745] - Waiting for mode change to: AUTO
2025-06-22 18:34:54,318 - SUAS - DEBUG - [SUAS_main.main:745] - Waiting for mode change to: AUTO
2025-06-22 18:34:54,819 - SUAS - DEBUG - [SUAS_main.main:745] - Waiting for mode change to: AUTO
2025-06-22 18:34:55,320 - SUAS - DEBUG - [SUAS_main.main:745] - Waiting for mode change to: AUTO
2025-06-22 18:34:55,822 - SUAS - DEBUG - [SUAS_main.main:745] - Waiting for mode change to: AUTO
2025-06-22 18:34:56,323 - SUAS - DEBUG - [SUAS_main.main:745] - Waiting for mode change to: AUTO
2025-06-22 18:34:56,825 - SUAS - DEBUG - [SUAS_main.main:745] - Waiting for mode change to: AUTO
2025-06-22 18:34:57,326 - SUAS - DEBUG - [SUAS_main.main:745] - Waiting for mode change to: AUTO
2025-06-22 18:34:57,828 - SUAS - DEBUG - [SUAS_main.main:745] - Waiting for mode change to: AUTO
2025-06-22 18:34:58,329 - SUAS - DEBUG - [SUAS_main.main:745] - Waiting for mode change to: AUTO
2025-06-22 18:34:58,831 - SUAS - DEBUG - [SUAS_main.main:745] - Waiting for mode change to: AUTO
2025-06-22 18:34:59,332 - SUAS - DEBUG - [SUAS_main.main:745] - Waiting for mode change to: AUTO
2025-06-22 18:34:59,834 - SUAS - DEBUG - [SUAS_main.main:745] - Waiting for mode change to: AUTO
2025-06-22 18:35:00,335 - SUAS - DEBUG - [SUAS_main.main:745] - Waiting for mode change to: AUTO
2025-06-22 18:35:00,836 - SUAS - DEBUG - [SUAS_main.main:745] - Waiting for mode change to: AUTO
2025-06-22 18:35:01,337 - SUAS - DEBUG - [SUAS_main.main:745] - Waiting for mode change to: AUTO
2025-06-22 18:35:01,839 - SUAS - DEBUG - [SUAS_main.main:745] - Waiting for mode change to: AUTO
2025-06-22 18:35:02,340 - SUAS - DEBUG - [SUAS_main.main:745] - Waiting for mode change to: AUTO
2025-06-22 18:35:02,842 - SUAS - DEBUG - [SUAS_main.main:745] - Waiting for mode change to: AUTO
2025-06-22 18:35:03,344 - SUAS - DEBUG - [SUAS_main.main:745] - Waiting for mode change to: AUTO
2025-06-22 18:35:03,846 - SUAS - DEBUG - [SUAS_main.main:745] - Waiting for mode change to: AUTO
2025-06-22 18:35:04,348 - SUAS - DEBUG - [SUAS_main.main:745] - Waiting for mode change to: AUTO
2025-06-22 18:35:04,849 - SUAS - DEBUG - [SUAS_main.main:745] - Waiting for mode change to: AUTO
2025-06-22 18:35:05,351 - SUAS - DEBUG - [SUAS_main.main:745] - Waiting for mode change to: AUTO
2025-06-22 18:35:05,852 - SUAS - DEBUG - [SUAS_main.main:745] - Waiting for mode change to: AUTO
2025-06-22 18:35:06,354 - SUAS - DEBUG - [SUAS_main.main:745] - Waiting for mode change to: AUTO
2025-06-22 18:35:06,855 - SUAS - DEBUG - [SUAS_main.main:745] - Waiting for mode change to: AUTO
2025-06-22 18:35:07,356 - SUAS - DEBUG - [SUAS_main.main:745] - Waiting for mode change to: AUTO
2025-06-22 18:35:07,858 - SUAS - DEBUG - [SUAS_main.main:745] - Waiting for mode change to: AUTO
2025-06-22 18:35:08,359 - SUAS - DEBUG - [SUAS_main.main:745] - Waiting for mode change to: AUTO
2025-06-22 18:35:08,860 - SUAS - DEBUG - [SUAS_main.main:745] - Waiting for mode change to: AUTO
2025-06-22 18:35:09,362 - SUAS - DEBUG - [SUAS_main.main:745] - Waiting for mode change to: AUTO
2025-06-22 18:35:09,863 - SUAS - DEBUG - [SUAS_main.main:745] - Waiting for mode change to: AUTO
2025-06-22 18:35:10,365 - SUAS - DEBUG - [SUAS_main.main:745] - Waiting for mode change to: AUTO
2025-06-22 18:35:10,866 - SUAS - DEBUG - [SUAS_main.main:745] - Waiting for mode change to: AUTO
2025-06-22 18:35:11,368 - SUAS - DEBUG - [SUAS_main.main:745] - Waiting for mode change to: AUTO
2025-06-22 18:35:11,869 - SUAS - DEBUG - [SUAS_main.main:745] - Waiting for mode change to: AUTO
2025-06-22 18:35:12,371 - SUAS - DEBUG - [SUAS_main.main:745] - Waiting for mode change to: AUTO
2025-06-22 18:35:12,872 - SUAS - DEBUG - [SUAS_main.main:745] - Waiting for mode change to: AUTO
2025-06-22 18:35:13,374 - SUAS - DEBUG - [SUAS_main.main:745] - Waiting for mode change to: AUTO
2025-06-22 18:35:13,875 - SUAS - DEBUG - [SUAS_main.main:745] - Waiting for mode change to: AUTO
2025-06-22 18:35:14,376 - SUAS - DEBUG - [SUAS_main.main:745] - Waiting for mode change to: AUTO
2025-06-22 18:35:14,878 - SUAS - DEBUG - [SUAS_main.main:745] - Waiting for mode change to: AUTO
2025-06-22 18:35:15,379 - SUAS - DEBUG - [SUAS_main.main:745] - Waiting for mode change to: AUTO
2025-06-22 18:35:15,881 - SUAS - DEBUG - [SUAS_main.main:745] - Waiting for mode change to: AUTO
2025-06-22 18:35:16,383 - SUAS - DEBUG - [SUAS_main.main:745] - Waiting for mode change to: AUTO
2025-06-22 18:35:16,884 - SUAS - DEBUG - [SUAS_main.main:745] - Waiting for mode change to: AUTO
2025-06-22 18:35:17,386 - SUAS - DEBUG - [SUAS_main.main:745] - Waiting for mode change to: AUTO
2025-06-22 18:35:17,887 - SUAS - DEBUG - [SUAS_main.main:745] - Waiting for mode change to: AUTO
2025-06-22 18:35:18,389 - SUAS - DEBUG - [SUAS_main.main:745] - Waiting for mode change to: AUTO
2025-06-22 18:35:18,890 - SUAS - DEBUG - [SUAS_main.main:745] - Waiting for mode change to: AUTO
2025-06-22 18:35:19,392 - SUAS - DEBUG - [SUAS_main.main:745] - Waiting for mode change to: AUTO
2025-06-22 18:35:19,893 - SUAS - DEBUG - [SUAS_main.main:745] - Waiting for mode change to: AUTO
2025-06-22 18:35:20,395 - SUAS - DEBUG - [SUAS_main.main:745] - Waiting for mode change to: AUTO
2025-06-22 18:35:20,896 - SUAS - DEBUG - [SUAS_main.main:745] - Waiting for mode change to: AUTO
2025-06-22 18:35:21,398 - SUAS - DEBUG - [SUAS_main.main:745] - Waiting for mode change to: AUTO
2025-06-22 18:35:21,900 - SUAS - DEBUG - [SUAS_main.main:745] - Waiting for mode change to: AUTO
2025-06-22 18:35:22,401 - SUAS - DEBUG - [SUAS_main.main:745] - Waiting for mode change to: AUTO
2025-06-22 18:35:22,903 - SUAS - DEBUG - [SUAS_main.main:745] - Waiting for mode change to: AUTO
2025-06-22 18:35:23,404 - SUAS - DEBUG - [SUAS_main.main:745] - Waiting for mode change to: AUTO
2025-06-22 18:35:23,905 - SUAS - DEBUG - [SUAS_main.main:745] - Waiting for mode change to: AUTO
2025-06-22 18:35:24,407 - SUAS - DEBUG - [SUAS_main.main:745] - Waiting for mode change to: AUTO
2025-06-22 18:35:24,908 - SUAS - DEBUG - [SUAS_main.main:745] - Waiting for mode change to: AUTO
2025-06-22 18:35:25,410 - SUAS - DEBUG - [SUAS_main.main:745] - Waiting for mode change to: AUTO
2025-06-22 18:35:25,911 - SUAS - DEBUG - [SUAS_main.main:745] - Waiting for mode change to: AUTO
2025-06-22 18:35:26,412 - SUAS - DEBUG - [SUAS_main.main:745] - Waiting for mode change to: AUTO
2025-06-22 18:35:26,914 - SUAS - DEBUG - [SUAS_main.main:745] - Waiting for mode change to: AUTO
2025-06-22 18:35:27,415 - SUAS - DEBUG - [SUAS_main.main:745] - Waiting for mode change to: AUTO
2025-06-22 18:35:27,917 - SUAS - DEBUG - [SUAS_main.main:745] - Waiting for mode change to: AUTO
2025-06-22 18:35:28,419 - SUAS - DEBUG - [SUAS_main.main:745] - Waiting for mode change to: AUTO
2025-06-22 18:35:28,920 - SUAS - DEBUG - [SUAS_main.main:745] - Waiting for mode change to: AUTO
2025-06-22 18:35:29,422 - SUAS - DEBUG - [SUAS_main.main:745] - Waiting for mode change to: AUTO
2025-06-22 18:35:29,923 - SUAS - DEBUG - [SUAS_main.main:745] - Waiting for mode change to: AUTO
2025-06-22 18:35:30,424 - SUAS - DEBUG - [SUAS_main.main:745] - Waiting for mode change to: AUTO
2025-06-22 18:35:30,925 - SUAS - DEBUG - [SUAS_main.main:745] - Waiting for mode change to: AUTO
2025-06-22 18:35:31,427 - SUAS - DEBUG - [SUAS_main.main:745] - Waiting for mode change to: AUTO
2025-06-22 18:35:31,928 - SUAS - DEBUG - [SUAS_main.main:745] - Waiting for mode change to: AUTO
2025-06-22 18:35:32,430 - SUAS - DEBUG - [SUAS_main.main:745] - Waiting for mode change to: AUTO
2025-06-22 18:35:32,932 - SUAS - DEBUG - [SUAS_main.main:745] - Waiting for mode change to: AUTO
2025-06-22 18:35:33,433 - SUAS - DEBUG - [SUAS_main.main:745] - Waiting for mode change to: AUTO
2025-06-22 18:35:33,935 - SUAS - DEBUG - [SUAS_main.main:745] - Waiting for mode change to: AUTO
2025-06-22 18:35:34,437 - SUAS - DEBUG - [SUAS_main.main:745] - Waiting for mode change to: AUTO
2025-06-22 18:35:34,938 - SUAS - DEBUG - [SUAS_main.main:745] - Waiting for mode change to: AUTO
2025-06-22 18:35:35,439 - SUAS - DEBUG - [SUAS_main.main:745] - Waiting for mode change to: AUTO
2025-06-22 18:35:35,941 - SUAS - DEBUG - [SUAS_main.main:745] - Waiting for mode change to: AUTO
2025-06-22 18:35:36,442 - SUAS - DEBUG - [SUAS_main.main:745] - Waiting for mode change to: AUTO
2025-06-22 18:35:36,944 - SUAS - DEBUG - [SUAS_main.main:745] - Waiting for mode change to: AUTO
2025-06-22 18:35:37,445 - SUAS - DEBUG - [SUAS_main.main:745] - Waiting for mode change to: AUTO
2025-06-22 18:35:37,947 - SUAS - DEBUG - [SUAS_main.main:745] - Waiting for mode change to: AUTO
2025-06-22 18:35:38,448 - SUAS - DEBUG - [SUAS_main.main:745] - Waiting for mode change to: AUTO
2025-06-22 18:35:38,950 - SUAS - DEBUG - [SUAS_main.main:745] - Waiting for mode change to: AUTO
2025-06-22 18:35:39,451 - SUAS - DEBUG - [SUAS_main.main:745] - Waiting for mode change to: AUTO
2025-06-22 18:35:39,953 - SUAS - DEBUG - [SUAS_main.main:745] - Waiting for mode change to: AUTO
2025-06-22 18:35:40,455 - SUAS - DEBUG - [SUAS_main.main:745] - Waiting for mode change to: AUTO
2025-06-22 18:35:40,956 - SUAS - DEBUG - [SUAS_main.main:745] - Waiting for mode change to: AUTO
2025-06-22 18:35:41,458 - SUAS - DEBUG - [SUAS_main.main:745] - Waiting for mode change to: AUTO
2025-06-22 18:35:41,959 - SUAS - DEBUG - [SUAS_main.main:745] - Waiting for mode change to: AUTO
2025-06-22 18:35:42,460 - SUAS - DEBUG - [SUAS_main.main:745] - Waiting for mode change to: AUTO
2025-06-22 18:35:42,961 - SUAS - DEBUG - [SUAS_main.main:745] - Waiting for mode change to: AUTO
2025-06-22 18:35:43,463 - SUAS - DEBUG - [SUAS_main.main:745] - Waiting for mode change to: AUTO
2025-06-22 18:35:43,964 - SUAS - DEBUG - [SUAS_main.main:745] - Waiting for mode change to: AUTO
2025-06-22 18:35:44,466 - SUAS - DEBUG - [SUAS_main.main:745] - Waiting for mode change to: AUTO
2025-06-22 18:35:44,967 - SUAS - DEBUG - [SUAS_main.main:745] - Waiting for mode change to: AUTO
2025-06-22 18:35:45,469 - SUAS - DEBUG - [SUAS_main.main:745] - Waiting for mode change to: AUTO
2025-06-22 18:35:45,970 - SUAS - DEBUG - [SUAS_main.main:745] - Waiting for mode change to: AUTO
2025-06-22 18:35:46,472 - SUAS - DEBUG - [SUAS_main.main:745] - Waiting for mode change to: AUTO
2025-06-22 18:35:46,974 - SUAS - DEBUG - [SUAS_main.main:745] - Waiting for mode change to: AUTO
2025-06-22 18:35:47,475 - SUAS - DEBUG - [SUAS_main.main:745] - Waiting for mode change to: AUTO
2025-06-22 18:35:47,976 - SUAS - DEBUG - [SUAS_main.main:745] - Waiting for mode change to: AUTO
2025-06-22 18:35:48,478 - SUAS - DEBUG - [SUAS_main.main:745] - Waiting for mode change to: AUTO
2025-06-22 18:35:48,979 - SUAS - DEBUG - [SUAS_main.main:745] - Waiting for mode change to: AUTO
2025-06-22 18:35:49,481 - SUAS - DEBUG - [SUAS_main.main:745] - Waiting for mode change to: AUTO
2025-06-22 18:35:49,982 - SUAS - DEBUG - [SUAS_main.main:745] - Waiting for mode change to: AUTO
2025-06-22 18:35:50,484 - SUAS - DEBUG - [SUAS_main.main:745] - Waiting for mode change to: AUTO
2025-06-22 18:35:50,986 - SUAS - DEBUG - [SUAS_main.main:745] - Waiting for mode change to: AUTO
2025-06-22 18:35:51,488 - SUAS - DEBUG - [SUAS_main.main:745] - Waiting for mode change to: AUTO
2025-06-22 18:35:51,989 - SUAS - DEBUG - [SUAS_main.main:745] - Waiting for mode change to: AUTO
2025-06-22 18:35:52,491 - SUAS - DEBUG - [SUAS_main.main:745] - Waiting for mode change to: AUTO
2025-06-22 18:35:52,992 - SUAS - DEBUG - [SUAS_main.main:745] - Waiting for mode change to: AUTO
2025-06-22 18:35:53,494 - SUAS - DEBUG - [SUAS_main.main:745] - Waiting for mode change to: AUTO
2025-06-22 18:35:53,995 - SUAS - DEBUG - [SUAS_main.main:745] - Waiting for mode change to: AUTO
2025-06-22 18:35:54,496 - SUAS - DEBUG - [SUAS_main.main:745] - Waiting for mode change to: AUTO
2025-06-22 18:35:54,998 - SUAS - DEBUG - [SUAS_main.main:745] - Waiting for mode change to: AUTO
2025-06-22 18:35:55,499 - SUAS - DEBUG - [SUAS_main.main:745] - Waiting for mode change to: AUTO
2025-06-22 18:35:56,000 - SUAS - DEBUG - [SUAS_main.main:745] - Waiting for mode change to: AUTO
2025-06-22 18:35:56,502 - SUAS - DEBUG - [SUAS_main.main:745] - Waiting for mode change to: AUTO
2025-06-22 18:35:57,003 - SUAS - DEBUG - [SUAS_main.main:745] - Waiting for mode change to: AUTO
2025-06-22 18:35:57,505 - SUAS - DEBUG - [SUAS_main.main:745] - Waiting for mode change to: AUTO
2025-06-22 18:35:58,006 - SUAS - DEBUG - [SUAS_main.main:745] - Waiting for mode change to: AUTO
2025-06-22 18:35:58,508 - SUAS - DEBUG - [SUAS_main.main:745] - Waiting for mode change to: AUTO
2025-06-22 18:35:59,009 - SUAS - DEBUG - [SUAS_main.main:745] - Waiting for mode change to: AUTO
2025-06-22 18:35:59,511 - SUAS - DEBUG - [SUAS_main.main:745] - Waiting for mode change to: AUTO
2025-06-22 18:36:00,012 - SUAS - DEBUG - [SUAS_main.main:745] - Waiting for mode change to: AUTO
2025-06-22 18:36:00,514 - SUAS - DEBUG - [SUAS_main.main:745] - Waiting for mode change to: AUTO
2025-06-22 18:36:01,015 - SUAS - DEBUG - [SUAS_main.main:745] - Waiting for mode change to: AUTO
2025-06-22 18:36:01,516 - SUAS - DEBUG - [SUAS_main.main:745] - Waiting for mode change to: AUTO
2025-06-22 18:36:02,018 - SUAS - DEBUG - [SUAS_main.main:745] - Waiting for mode change to: AUTO
2025-06-22 18:36:02,519 - SUAS - DEBUG - [SUAS_main.main:745] - Waiting for mode change to: AUTO
2025-06-22 18:36:03,021 - SUAS - DEBUG - [SUAS_main.main:745] - Waiting for mode change to: AUTO
2025-06-22 18:36:03,523 - SUAS - DEBUG - [SUAS_main.main:745] - Waiting for mode change to: AUTO
2025-06-22 18:36:04,024 - SUAS - DEBUG - [SUAS_main.main:745] - Waiting for mode change to: AUTO
2025-06-22 18:36:04,526 - SUAS - DEBUG - [SUAS_main.main:745] - Waiting for mode change to: AUTO
2025-06-22 18:36:05,027 - SUAS - DEBUG - [SUAS_main.main:745] - Waiting for mode change to: AUTO
2025-06-22 18:36:05,528 - SUAS - DEBUG - [SUAS_main.main:745] - Waiting for mode change to: AUTO
2025-06-22 18:36:06,030 - SUAS - DEBUG - [SUAS_main.main:745] - Waiting for mode change to: AUTO
2025-06-22 18:36:06,531 - SUAS - DEBUG - [SUAS_main.main:745] - Waiting for mode change to: AUTO
2025-06-22 18:36:07,032 - SUAS - DEBUG - [SUAS_main.main:745] - Waiting for mode change to: AUTO
2025-06-22 18:36:07,534 - SUAS - DEBUG - [SUAS_main.main:745] - Waiting for mode change to: AUTO
2025-06-22 18:36:08,035 - SUAS - DEBUG - [SUAS_main.main:745] - Waiting for mode change to: AUTO
2025-06-22 18:36:08,537 - SUAS - DEBUG - [SUAS_main.main:745] - Waiting for mode change to: AUTO
2025-06-22 18:36:09,039 - SUAS - DEBUG - [SUAS_main.main:745] - Waiting for mode change to: AUTO
2025-06-22 18:36:09,541 - SUAS - DEBUG - [SUAS_main.main:745] - Waiting for mode change to: AUTO
2025-06-22 18:36:10,042 - SUAS - DEBUG - [SUAS_main.main:745] - Waiting for mode change to: AUTO
2025-06-22 18:36:10,544 - SUAS - DEBUG - [SUAS_main.main:745] - Waiting for mode change to: AUTO
2025-06-22 18:36:11,045 - SUAS - DEBUG - [SUAS_main.main:745] - Waiting for mode change to: AUTO
2025-06-22 18:36:11,547 - SUAS - DEBUG - [SUAS_main.main:745] - Waiting for mode change to: AUTO
2025-06-22 18:36:12,048 - SUAS - DEBUG - [SUAS_main.main:745] - Waiting for mode change to: AUTO
2025-06-22 18:36:12,550 - SUAS - DEBUG - [SUAS_main.main:745] - Waiting for mode change to: AUTO
2025-06-22 18:36:13,051 - SUAS - DEBUG - [SUAS_main.main:745] - Waiting for mode change to: AUTO
2025-06-22 18:36:13,553 - SUAS - DEBUG - [SUAS_main.main:745] - Waiting for mode change to: AUTO
2025-06-22 18:36:14,054 - SUAS - DEBUG - [SUAS_main.main:745] - Waiting for mode change to: AUTO
2025-06-22 18:36:14,555 - SUAS - DEBUG - [SUAS_main.main:745] - Waiting for mode change to: AUTO
2025-06-22 18:36:15,057 - SUAS - DEBUG - [SUAS_main.main:745] - Waiting for mode change to: AUTO
2025-06-22 18:36:15,558 - SUAS - DEBUG - [SUAS_main.main:745] - Waiting for mode change to: AUTO
2025-06-22 18:36:16,060 - SUAS - DEBUG - [SUAS_main.main:745] - Waiting for mode change to: AUTO
2025-06-22 18:36:16,562 - SUAS - DEBUG - [SUAS_main.main:745] - Waiting for mode change to: AUTO
2025-06-22 18:36:17,064 - SUAS - DEBUG - [SUAS_main.main:745] - Waiting for mode change to: AUTO
2025-06-22 18:36:17,565 - SUAS - DEBUG - [SUAS_main.main:745] - Waiting for mode change to: AUTO
2025-06-22 18:36:18,066 - SUAS - DEBUG - [SUAS_main.main:745] - Waiting for mode change to: AUTO
2025-06-22 18:36:18,568 - SUAS - DEBUG - [SUAS_main.main:745] - Waiting for mode change to: AUTO
2025-06-22 18:36:19,069 - SUAS - DEBUG - [SUAS_main.main:745] - Waiting for mode change to: AUTO
2025-06-22 18:36:19,571 - SUAS - DEBUG - [SUAS_main.main:745] - Waiting for mode change to: AUTO
2025-06-22 18:36:20,072 - SUAS - DEBUG - [SUAS_main.main:745] - Waiting for mode change to: AUTO
2025-06-22 18:36:20,574 - SUAS - DEBUG - [SUAS_main.main:745] - Waiting for mode change to: AUTO
2025-06-22 18:36:21,076 - SUAS - DEBUG - [SUAS_main.main:745] - Waiting for mode change to: AUTO
2025-06-22 18:36:21,578 - SUAS - DEBUG - [SUAS_main.main:745] - Waiting for mode change to: AUTO
2025-06-22 18:36:22,079 - SUAS - DEBUG - [SUAS_main.main:745] - Waiting for mode change to: AUTO
2025-06-22 18:36:22,580 - SUAS - DEBUG - [SUAS_main.main:745] - Waiting for mode change to: AUTO
2025-06-22 18:36:23,082 - SUAS - DEBUG - [SUAS_main.main:745] - Waiting for mode change to: AUTO
2025-06-22 18:36:23,583 - SUAS - DEBUG - [SUAS_main.main:745] - Waiting for mode change to: AUTO
2025-06-22 18:36:24,085 - SUAS - DEBUG - [SUAS_main.main:745] - Waiting for mode change to: AUTO
2025-06-22 18:36:24,586 - SUAS - DEBUG - [SUAS_main.main:745] - Waiting for mode change to: AUTO
2025-06-22 18:36:25,088 - SUAS - DEBUG - [SUAS_main.main:745] - Waiting for mode change to: AUTO
2025-06-22 18:36:25,589 - SUAS - DEBUG - [SUAS_main.main:745] - Waiting for mode change to: AUTO
2025-06-22 18:36:26,091 - SUAS - DEBUG - [SUAS_main.main:745] - Waiting for mode change to: AUTO
2025-06-22 18:36:26,593 - SUAS - DEBUG - [SUAS_main.main:745] - Waiting for mode change to: AUTO
2025-06-22 18:36:27,094 - SUAS - DEBUG - [SUAS_main.main:745] - Waiting for mode change to: AUTO
2025-06-22 18:36:27,596 - SUAS - DEBUG - [SUAS_main.main:745] - Waiting for mode change to: AUTO
2025-06-22 18:36:28,097 - SUAS - DEBUG - [SUAS_main.main:745] - Waiting for mode change to: AUTO
2025-06-22 18:36:28,599 - SUAS - DEBUG - [SUAS_main.main:745] - Waiting for mode change to: AUTO
2025-06-22 18:36:29,100 - SUAS - DEBUG - [SUAS_main.main:745] - Waiting for mode change to: AUTO
2025-06-22 18:36:29,602 - SUAS - DEBUG - [SUAS_main.main:745] - Waiting for mode change to: AUTO
2025-06-22 18:36:30,103 - SUAS - DEBUG - [SUAS_main.main:745] - Waiting for mode change to: AUTO
2025-06-22 18:36:30,605 - SUAS - DEBUG - [SUAS_main.main:745] - Waiting for mode change to: AUTO
2025-06-22 18:36:31,106 - SUAS - DEBUG - [SUAS_main.main:745] - Waiting for mode change to: AUTO
2025-06-22 18:36:31,609 - SUAS - DEBUG - [SUAS_main.main:745] - Waiting for mode change to: AUTO
2025-06-22 18:36:32,110 - SUAS - DEBUG - [SUAS_main.main:745] - Waiting for mode change to: AUTO
2025-06-22 18:36:32,612 - SUAS - DEBUG - [SUAS_main.main:745] - Waiting for mode change to: AUTO
2025-06-22 18:36:33,114 - SUAS - DEBUG - [SUAS_main.main:745] - Waiting for mode change to: AUTO
2025-06-22 18:36:33,615 - SUAS - DEBUG - [SUAS_main.main:745] - Waiting for mode change to: AUTO
2025-06-22 18:36:34,117 - SUAS - DEBUG - [SUAS_main.main:745] - Waiting for mode change to: AUTO
2025-06-22 18:36:34,618 - SUAS - DEBUG - [SUAS_main.main:745] - Waiting for mode change to: AUTO
2025-06-22 18:36:35,120 - SUAS - DEBUG - [SUAS_main.main:745] - Waiting for mode change to: AUTO
2025-06-22 18:36:35,621 - SUAS - DEBUG - [SUAS_main.main:745] - Waiting for mode change to: AUTO
2025-06-22 18:36:36,123 - SUAS - DEBUG - [SUAS_main.main:745] - Waiting for mode change to: AUTO
2025-06-22 18:36:36,624 - SUAS - DEBUG - [SUAS_main.main:745] - Waiting for mode change to: AUTO
2025-06-22 18:36:37,126 - SUAS - DEBUG - [SUAS_main.main:745] - Waiting for mode change to: AUTO
2025-06-22 18:36:37,628 - SUAS - DEBUG - [SUAS_main.main:745] - Waiting for mode change to: AUTO
2025-06-22 18:36:38,129 - SUAS - DEBUG - [SUAS_main.main:745] - Waiting for mode change to: AUTO
2025-06-22 18:36:38,631 - SUAS - DEBUG - [SUAS_main.main:745] - Waiting for mode change to: AUTO
2025-06-22 18:36:39,132 - SUAS - DEBUG - [SUAS_main.main:745] - Waiting for mode change to: AUTO
2025-06-22 18:36:39,634 - SUAS - DEBUG - [SUAS_main.main:745] - Waiting for mode change to: AUTO
2025-06-22 18:36:40,135 - SUAS - DEBUG - [SUAS_main.main:745] - Waiting for mode change to: AUTO
2025-06-22 18:36:40,637 - SUAS - DEBUG - [SUAS_main.main:745] - Waiting for mode change to: AUTO
2025-06-22 18:36:41,138 - SUAS - DEBUG - [SUAS_main.main:745] - Waiting for mode change to: AUTO
2025-06-22 18:36:41,640 - SUAS - DEBUG - [SUAS_main.main:745] - Waiting for mode change to: AUTO
2025-06-22 18:36:42,141 - SUAS - DEBUG - [SUAS_main.main:745] - Waiting for mode change to: AUTO
2025-06-22 18:36:42,643 - SUAS - DEBUG - [SUAS_main.main:745] - Waiting for mode change to: AUTO
2025-06-22 18:36:43,144 - SUAS - DEBUG - [SUAS_main.main:745] - Waiting for mode change to: AUTO
2025-06-22 18:36:43,646 - SUAS - DEBUG - [SUAS_main.main:745] - Waiting for mode change to: AUTO
2025-06-22 18:36:44,147 - SUAS - DEBUG - [SUAS_main.main:745] - Waiting for mode change to: AUTO
2025-06-22 18:36:44,649 - SUAS - DEBUG - [SUAS_main.main:745] - Waiting for mode change to: AUTO
2025-06-22 18:36:45,151 - SUAS - DEBUG - [SUAS_main.main:745] - Waiting for mode change to: AUTO
2025-06-22 18:36:45,652 - SUAS - DEBUG - [SUAS_main.main:745] - Waiting for mode change to: AUTO
2025-06-22 18:36:46,154 - SUAS - DEBUG - [SUAS_main.main:745] - Waiting for mode change to: AUTO
2025-06-22 18:36:46,655 - SUAS - DEBUG - [SUAS_main.main:745] - Waiting for mode change to: AUTO
2025-06-22 18:36:47,156 - SUAS - DEBUG - [SUAS_main.main:745] - Waiting for mode change to: AUTO
2025-06-22 18:36:47,658 - SUAS - DEBUG - [SUAS_main.main:745] - Waiting for mode change to: AUTO
2025-06-22 18:36:48,159 - SUAS - DEBUG - [SUAS_main.main:745] - Waiting for mode change to: AUTO
2025-06-22 18:36:48,660 - SUAS - DEBUG - [SUAS_main.main:745] - Waiting for mode change to: AUTO
2025-06-22 18:36:49,162 - SUAS - DEBUG - [SUAS_main.main:745] - Waiting for mode change to: AUTO
2025-06-22 18:36:49,663 - SUAS - DEBUG - [SUAS_main.main:745] - Waiting for mode change to: AUTO
2025-06-22 18:36:50,165 - SUAS - DEBUG - [SUAS_main.main:745] - Waiting for mode change to: AUTO
2025-06-22 18:36:50,666 - SUAS - DEBUG - [SUAS_main.main:745] - Waiting for mode change to: AUTO
2025-06-22 18:36:51,167 - SUAS - DEBUG - [SUAS_main.main:745] - Waiting for mode change to: AUTO
2025-06-22 18:36:51,669 - SUAS - DEBUG - [SUAS_main.main:745] - Waiting for mode change to: AUTO
2025-06-22 18:36:52,170 - SUAS - DEBUG - [SUAS_main.main:745] - Waiting for mode change to: AUTO
2025-06-22 18:36:52,672 - SUAS - DEBUG - [SUAS_main.main:745] - Waiting for mode change to: AUTO
2025-06-22 18:36:53,173 - SUAS - DEBUG - [SUAS_main.main:745] - Waiting for mode change to: AUTO
2025-06-22 18:36:53,675 - SUAS - DEBUG - [SUAS_main.main:745] - Waiting for mode change to: AUTO
2025-06-22 18:36:54,176 - SUAS - DEBUG - [SUAS_main.main:745] - Waiting for mode change to: AUTO
2025-06-22 18:36:54,678 - SUAS - DEBUG - [SUAS_main.main:745] - Waiting for mode change to: AUTO
2025-06-22 18:36:55,179 - SUAS - DEBUG - [SUAS_main.main:745] - Waiting for mode change to: AUTO
2025-06-22 18:36:55,680 - SUAS - DEBUG - [SUAS_main.main:745] - Waiting for mode change to: AUTO
2025-06-22 18:36:56,182 - SUAS - DEBUG - [SUAS_main.main:745] - Waiting for mode change to: AUTO
2025-06-22 18:36:56,683 - SUAS - DEBUG - [SUAS_main.main:745] - Waiting for mode change to: AUTO
2025-06-22 18:36:57,185 - SUAS - DEBUG - [SUAS_main.main:745] - Waiting for mode change to: AUTO
2025-06-22 18:36:57,687 - SUAS - DEBUG - [SUAS_main.main:745] - Waiting for mode change to: AUTO
2025-06-22 18:36:58,188 - SUAS - DEBUG - [SUAS_main.main:745] - Waiting for mode change to: AUTO
2025-06-22 18:36:58,690 - SUAS - DEBUG - [SUAS_main.main:745] - Waiting for mode change to: AUTO
2025-06-22 18:36:59,191 - SUAS - DEBUG - [SUAS_main.main:745] - Waiting for mode change to: AUTO
2025-06-22 18:36:59,692 - SUAS - DEBUG - [SUAS_main.main:745] - Waiting for mode change to: AUTO
2025-06-22 18:37:00,194 - SUAS - DEBUG - [SUAS_main.main:745] - Waiting for mode change to: AUTO
2025-06-22 18:37:00,695 - SUAS - DEBUG - [SUAS_main.main:745] - Waiting for mode change to: AUTO
2025-06-22 18:37:01,196 - SUAS - DEBUG - [SUAS_main.main:745] - Waiting for mode change to: AUTO
2025-06-22 18:37:01,698 - SUAS - DEBUG - [SUAS_main.main:745] - Waiting for mode change to: AUTO
2025-06-22 18:37:02,200 - SUAS - DEBUG - [SUAS_main.main:745] - Waiting for mode change to: AUTO
2025-06-22 18:37:02,701 - SUAS - DEBUG - [SUAS_main.main:745] - Waiting for mode change to: AUTO
2025-06-22 18:37:03,203 - SUAS - DEBUG - [SUAS_main.main:745] - Waiting for mode change to: AUTO
2025-06-22 18:37:03,704 - SUAS - DEBUG - [SUAS_main.main:745] - Waiting for mode change to: AUTO
2025-06-22 18:37:04,206 - SUAS - DEBUG - [SUAS_main.main:745] - Waiting for mode change to: AUTO
2025-06-22 18:37:04,707 - SUAS - DEBUG - [SUAS_main.main:745] - Waiting for mode change to: AUTO
2025-06-22 18:37:05,208 - SUAS - DEBUG - [SUAS_main.main:745] - Waiting for mode change to: AUTO
2025-06-22 18:37:05,710 - SUAS - DEBUG - [SUAS_main.main:745] - Waiting for mode change to: AUTO
2025-06-22 18:37:06,211 - SUAS - DEBUG - [SUAS_main.main:745] - Waiting for mode change to: AUTO
2025-06-22 18:37:06,713 - SUAS - DEBUG - [SUAS_main.main:745] - Waiting for mode change to: AUTO
2025-06-22 18:37:07,214 - SUAS - DEBUG - [SUAS_main.main:745] - Waiting for mode change to: AUTO
2025-06-22 18:37:07,716 - SUAS - DEBUG - [SUAS_main.main:745] - Waiting for mode change to: AUTO
2025-06-22 18:37:08,218 - SUAS - DEBUG - [SUAS_main.main:745] - Waiting for mode change to: AUTO
2025-06-22 18:37:08,719 - SUAS - DEBUG - [SUAS_main.main:745] - Waiting for mode change to: AUTO
2025-06-22 18:37:09,221 - SUAS - DEBUG - [SUAS_main.main:745] - Waiting for mode change to: AUTO
2025-06-22 18:37:09,723 - SUAS - DEBUG - [SUAS_main.main:745] - Waiting for mode change to: AUTO
2025-06-22 18:37:10,224 - SUAS - DEBUG - [SUAS_main.main:745] - Waiting for mode change to: AUTO
2025-06-22 18:37:10,726 - SUAS - DEBUG - [SUAS_main.main:745] - Waiting for mode change to: AUTO
2025-06-22 18:37:11,227 - SUAS - DEBUG - [SUAS_main.main:745] - Waiting for mode change to: AUTO
2025-06-22 18:37:11,728 - SUAS - DEBUG - [SUAS_main.main:745] - Waiting for mode change to: AUTO
2025-06-22 18:37:12,230 - SUAS - DEBUG - [SUAS_main.main:745] - Waiting for mode change to: AUTO
2025-06-22 18:37:12,731 - SUAS - DEBUG - [SUAS_main.main:745] - Waiting for mode change to: AUTO
2025-06-22 18:37:13,232 - SUAS - DEBUG - [SUAS_main.main:745] - Waiting for mode change to: AUTO
2025-06-22 18:37:13,734 - SUAS - DEBUG - [SUAS_main.main:745] - Waiting for mode change to: AUTO
2025-06-22 18:37:14,236 - SUAS - DEBUG - [SUAS_main.main:745] - Waiting for mode change to: AUTO
2025-06-22 18:37:14,737 - SUAS - DEBUG - [SUAS_main.main:745] - Waiting for mode change to: AUTO
2025-06-22 18:37:15,239 - SUAS - DEBUG - [SUAS_main.main:745] - Waiting for mode change to: AUTO
2025-06-22 18:37:15,740 - SUAS - DEBUG - [SUAS_main.main:745] - Waiting for mode change to: AUTO
2025-06-22 18:37:16,242 - SUAS - DEBUG - [SUAS_main.main:745] - Waiting for mode change to: AUTO
2025-06-22 18:37:16,743 - SUAS - DEBUG - [SUAS_main.main:745] - Waiting for mode change to: AUTO
2025-06-22 18:37:17,245 - SUAS - DEBUG - [SUAS_main.main:745] - Waiting for mode change to: AUTO
2025-06-22 18:37:17,746 - SUAS - DEBUG - [SUAS_main.main:745] - Waiting for mode change to: AUTO
2025-06-22 18:37:18,248 - SUAS - DEBUG - [SUAS_main.main:745] - Waiting for mode change to: AUTO
2025-06-22 18:37:18,749 - SUAS - DEBUG - [SUAS_main.main:745] - Waiting for mode change to: AUTO
2025-06-22 18:37:19,251 - SUAS - DEBUG - [SUAS_main.main:745] - Waiting for mode change to: AUTO
2025-06-22 18:37:19,785 - SUAS - DEBUG - [SUAS_main.main:745] - Waiting for mode change to: AUTO
2025-06-22 18:37:20,287 - SUAS - DEBUG - [SUAS_main.main:745] - Waiting for mode change to: AUTO
2025-06-22 18:37:20,788 - SUAS - DEBUG - [SUAS_main.main:745] - Waiting for mode change to: AUTO
2025-06-22 18:37:21,290 - SUAS - DEBUG - [SUAS_main.main:745] - Waiting for mode change to: AUTO
2025-06-22 18:37:21,791 - SUAS - DEBUG - [SUAS_main.main:745] - Waiting for mode change to: AUTO
2025-06-22 18:37:22,293 - SUAS - DEBUG - [SUAS_main.main:745] - Waiting for mode change to: AUTO
2025-06-22 18:37:22,794 - SUAS - DEBUG - [SUAS_main.main:745] - Waiting for mode change to: AUTO
2025-06-22 18:37:23,296 - SUAS - DEBUG - [SUAS_main.main:745] - Waiting for mode change to: AUTO
2025-06-22 18:37:23,797 - SUAS - DEBUG - [SUAS_main.main:745] - Waiting for mode change to: AUTO
2025-06-22 18:37:24,299 - SUAS - DEBUG - [SUAS_main.main:745] - Waiting for mode change to: AUTO
2025-06-22 18:37:24,801 - SUAS - DEBUG - [SUAS_main.main:745] - Waiting for mode change to: AUTO
2025-06-22 18:37:25,302 - SUAS - DEBUG - [SUAS_main.main:745] - Waiting for mode change to: AUTO
2025-06-22 18:37:25,804 - SUAS - DEBUG - [SUAS_main.main:745] - Waiting for mode change to: AUTO
2025-06-22 18:37:26,305 - SUAS - DEBUG - [SUAS_main.main:745] - Waiting for mode change to: AUTO
2025-06-22 18:37:26,807 - SUAS - DEBUG - [SUAS_main.main:745] - Waiting for mode change to: AUTO
2025-06-22 18:37:27,308 - SUAS - DEBUG - [SUAS_main.main:745] - Waiting for mode change to: AUTO
2025-06-22 18:37:27,810 - SUAS - DEBUG - [SUAS_main.main:745] - Waiting for mode change to: AUTO
2025-06-22 18:37:28,312 - SUAS - DEBUG - [SUAS_main.main:745] - Waiting for mode change to: AUTO
2025-06-22 18:37:28,813 - SUAS - DEBUG - [SUAS_main.main:745] - Waiting for mode change to: AUTO
2025-06-22 18:37:29,315 - SUAS - DEBUG - [SUAS_main.main:745] - Waiting for mode change to: AUTO
2025-06-22 18:37:29,816 - SUAS - DEBUG - [SUAS_main.main:745] - Waiting for mode change to: AUTO
2025-06-22 18:37:30,318 - SUAS - DEBUG - [SUAS_main.main:745] - Waiting for mode change to: AUTO
2025-06-22 18:37:30,819 - SUAS - DEBUG - [SUAS_main.main:745] - Waiting for mode change to: AUTO
2025-06-22 18:37:31,320 - SUAS - DEBUG - [SUAS_main.main:745] - Waiting for mode change to: AUTO
2025-06-22 18:37:31,822 - SUAS - DEBUG - [SUAS_main.main:745] - Waiting for mode change to: AUTO
2025-06-22 18:37:32,323 - SUAS - DEBUG - [SUAS_main.main:745] - Waiting for mode change to: AUTO
2025-06-22 18:37:32,825 - SUAS - DEBUG - [SUAS_main.main:745] - Waiting for mode change to: AUTO
2025-06-22 18:37:33,327 - SUAS - DEBUG - [SUAS_main.main:745] - Waiting for mode change to: AUTO
2025-06-22 18:37:33,828 - SUAS - DEBUG - [SUAS_main.main:745] - Waiting for mode change to: AUTO
2025-06-22 18:37:34,330 - SUAS - DEBUG - [SUAS_main.main:745] - Waiting for mode change to: AUTO
2025-06-22 18:37:34,832 - SUAS - DEBUG - [SUAS_main.main:745] - Waiting for mode change to: AUTO
2025-06-22 18:37:35,334 - SUAS - DEBUG - [SUAS_main.main:745] - Waiting for mode change to: AUTO
2025-06-22 18:37:35,836 - SUAS - DEBUG - [SUAS_main.main:745] - Waiting for mode change to: AUTO
2025-06-22 18:37:36,338 - SUAS - DEBUG - [SUAS_main.main:745] - Waiting for mode change to: AUTO
2025-06-22 18:37:36,839 - SUAS - DEBUG - [SUAS_main.main:745] - Waiting for mode change to: AUTO
2025-06-22 18:37:37,341 - SUAS - DEBUG - [SUAS_main.main:745] - Waiting for mode change to: AUTO
2025-06-22 18:37:37,842 - SUAS - DEBUG - [SUAS_main.main:745] - Waiting for mode change to: AUTO
2025-06-22 18:37:38,344 - SUAS - DEBUG - [SUAS_main.main:745] - Waiting for mode change to: AUTO
2025-06-22 18:37:38,846 - SUAS - DEBUG - [SUAS_main.main:745] - Waiting for mode change to: AUTO
2025-06-22 18:37:39,348 - SUAS - DEBUG - [SUAS_main.main:745] - Waiting for mode change to: AUTO
2025-06-22 18:37:39,849 - SUAS - DEBUG - [SUAS_main.main:745] - Waiting for mode change to: AUTO
2025-06-22 18:37:40,351 - SUAS - DEBUG - [SUAS_main.main:745] - Waiting for mode change to: AUTO
2025-06-22 18:37:40,852 - SUAS - DEBUG - [SUAS_main.main:745] - Waiting for mode change to: AUTO
2025-06-22 18:37:41,354 - SUAS - DEBUG - [SUAS_main.main:745] - Waiting for mode change to: AUTO
2025-06-22 18:37:41,855 - SUAS - DEBUG - [SUAS_main.main:745] - Waiting for mode change to: AUTO
2025-06-22 18:37:42,356 - SUAS - DEBUG - [SUAS_main.main:745] - Waiting for mode change to: AUTO
2025-06-22 18:37:42,858 - SUAS - DEBUG - [SUAS_main.main:745] - Waiting for mode change to: AUTO
2025-06-22 18:37:43,359 - SUAS - DEBUG - [SUAS_main.main:745] - Waiting for mode change to: AUTO
2025-06-22 18:37:43,860 - SUAS - DEBUG - [SUAS_main.main:745] - Waiting for mode change to: AUTO
2025-06-22 18:37:44,362 - SUAS - DEBUG - [SUAS_main.main:745] - Waiting for mode change to: AUTO
2025-06-22 18:37:44,864 - SUAS - DEBUG - [SUAS_main.main:745] - Waiting for mode change to: AUTO
2025-06-22 18:37:45,365 - SUAS - DEBUG - [SUAS_main.main:745] - Waiting for mode change to: AUTO
2025-06-22 18:37:45,867 - SUAS - DEBUG - [SUAS_main.main:745] - Waiting for mode change to: AUTO
2025-06-22 18:37:46,368 - SUAS - DEBUG - [SUAS_main.main:745] - Waiting for mode change to: AUTO
2025-06-22 18:37:46,870 - SUAS - DEBUG - [SUAS_main.main:745] - Waiting for mode change to: AUTO
2025-06-22 18:37:47,371 - SUAS - DEBUG - [SUAS_main.main:745] - Waiting for mode change to: AUTO
2025-06-22 18:37:47,873 - SUAS - DEBUG - [SUAS_main.main:745] - Waiting for mode change to: AUTO
2025-06-22 18:37:48,374 - SUAS - DEBUG - [SUAS_main.main:745] - Waiting for mode change to: AUTO
2025-06-22 18:37:48,876 - SUAS - DEBUG - [SUAS_main.main:745] - Waiting for mode change to: AUTO
2025-06-22 18:37:49,377 - SUAS - DEBUG - [SUAS_main.main:745] - Waiting for mode change to: AUTO
2025-06-22 18:37:49,880 - SUAS - DEBUG - [SUAS_main.main:745] - Waiting for mode change to: AUTO
2025-06-22 18:37:50,382 - SUAS - DEBUG - [SUAS_main.main:745] - Waiting for mode change to: AUTO
2025-06-22 18:37:50,883 - SUAS - DEBUG - [SUAS_main.main:745] - Waiting for mode change to: AUTO
2025-06-22 18:37:51,385 - SUAS - DEBUG - [SUAS_main.main:745] - Waiting for mode change to: AUTO
2025-06-22 18:37:51,886 - SUAS - DEBUG - [SUAS_main.main:745] - Waiting for mode change to: AUTO
2025-06-22 18:37:52,388 - SUAS - DEBUG - [SUAS_main.main:745] - Waiting for mode change to: AUTO
2025-06-22 18:37:52,889 - SUAS - DEBUG - [SUAS_main.main:745] - Waiting for mode change to: AUTO
2025-06-22 18:37:53,391 - SUAS - DEBUG - [SUAS_main.main:745] - Waiting for mode change to: AUTO
2025-06-22 18:37:53,892 - SUAS - DEBUG - [SUAS_main.main:745] - Waiting for mode change to: AUTO
2025-06-22 18:37:54,394 - SUAS - DEBUG - [SUAS_main.main:745] - Waiting for mode change to: AUTO
2025-06-22 18:37:54,895 - SUAS - DEBUG - [SUAS_main.main:745] - Waiting for mode change to: AUTO
2025-06-22 18:37:55,396 - SUAS - DEBUG - [SUAS_main.main:745] - Waiting for mode change to: AUTO
2025-06-22 18:37:55,898 - SUAS - DEBUG - [SUAS_main.main:745] - Waiting for mode change to: AUTO
2025-06-22 18:37:56,399 - SUAS - DEBUG - [SUAS_main.main:745] - Waiting for mode change to: AUTO
2025-06-22 18:37:56,901 - SUAS - DEBUG - [SUAS_main.main:745] - Waiting for mode change to: AUTO
2025-06-22 18:37:57,403 - SUAS - DEBUG - [SUAS_main.main:745] - Waiting for mode change to: AUTO
2025-06-22 18:37:57,904 - SUAS - DEBUG - [SUAS_main.main:745] - Waiting for mode change to: AUTO
2025-06-22 18:37:58,406 - SUAS - DEBUG - [SUAS_main.main:745] - Waiting for mode change to: AUTO
2025-06-22 18:37:58,907 - SUAS - DEBUG - [SUAS_main.main:745] - Waiting for mode change to: AUTO
2025-06-22 18:37:59,408 - SUAS - DEBUG - [SUAS_main.main:745] - Waiting for mode change to: AUTO
2025-06-22 18:37:59,910 - SUAS - DEBUG - [SUAS_main.main:745] - Waiting for mode change to: AUTO
2025-06-22 18:38:00,411 - SUAS - DEBUG - [SUAS_main.main:745] - Waiting for mode change to: AUTO
2025-06-22 18:38:00,912 - SUAS - DEBUG - [SUAS_main.main:745] - Waiting for mode change to: AUTO
2025-06-22 18:38:01,414 - SUAS - DEBUG - [SUAS_main.main:745] - Waiting for mode change to: AUTO
2025-06-22 18:38:01,915 - SUAS - DEBUG - [SUAS_main.main:745] - Waiting for mode change to: AUTO
2025-06-22 18:38:02,416 - SUAS - DEBUG - [SUAS_main.main:745] - Waiting for mode change to: AUTO
2025-06-22 18:38:02,918 - SUAS - DEBUG - [SUAS_main.main:745] - Waiting for mode change to: AUTO
2025-06-22 18:38:03,419 - SUAS - DEBUG - [SUAS_main.main:745] - Waiting for mode change to: AUTO
2025-06-22 18:38:03,921 - SUAS - DEBUG - [SUAS_main.main:745] - Waiting for mode change to: AUTO
2025-06-22 18:38:04,422 - SUAS - DEBUG - [SUAS_main.main:745] - Waiting for mode change to: AUTO
2025-06-22 18:38:04,924 - SUAS - DEBUG - [SUAS_main.main:745] - Waiting for mode change to: AUTO
2025-06-22 18:38:05,425 - SUAS - DEBUG - [SUAS_main.main:745] - Waiting for mode change to: AUTO
2025-06-22 18:38:05,927 - SUAS - DEBUG - [SUAS_main.main:745] - Waiting for mode change to: AUTO
2025-06-22 18:38:06,428 - SUAS - DEBUG - [SUAS_main.main:745] - Waiting for mode change to: AUTO
2025-06-22 18:38:06,930 - SUAS - DEBUG - [SUAS_main.main:745] - Waiting for mode change to: AUTO
2025-06-22 18:38:07,431 - SUAS - DEBUG - [SUAS_main.main:745] - Waiting for mode change to: AUTO
2025-06-22 18:38:07,932 - SUAS - DEBUG - [SUAS_main.main:745] - Waiting for mode change to: AUTO
2025-06-22 18:38:08,434 - SUAS - DEBUG - [SUAS_main.main:745] - Waiting for mode change to: AUTO
2025-06-22 18:38:08,936 - SUAS - DEBUG - [SUAS_main.main:745] - Waiting for mode change to: AUTO
2025-06-22 18:38:09,437 - SUAS - DEBUG - [SUAS_main.main:745] - Waiting for mode change to: AUTO
2025-06-22 18:38:09,939 - SUAS - DEBUG - [SUAS_main.main:745] - Waiting for mode change to: AUTO
2025-06-22 18:38:10,440 - SUAS - DEBUG - [SUAS_main.main:745] - Waiting for mode change to: AUTO
2025-06-22 18:38:10,942 - SUAS - DEBUG - [SUAS_main.main:745] - Waiting for mode change to: AUTO
2025-06-22 18:38:11,443 - SUAS - DEBUG - [SUAS_main.main:745] - Waiting for mode change to: AUTO
2025-06-22 18:38:11,944 - SUAS - DEBUG - [SUAS_main.main:745] - Waiting for mode change to: AUTO
2025-06-22 18:38:12,445 - SUAS - DEBUG - [SUAS_main.main:745] - Waiting for mode change to: AUTO
2025-06-22 18:38:12,947 - SUAS - DEBUG - [SUAS_main.main:745] - Waiting for mode change to: AUTO
2025-06-22 18:38:13,448 - SUAS - DEBUG - [SUAS_main.main:745] - Waiting for mode change to: AUTO
2025-06-22 18:38:13,949 - SUAS - DEBUG - [SUAS_main.main:745] - Waiting for mode change to: AUTO
2025-06-22 18:38:14,451 - SUAS - DEBUG - [SUAS_main.main:745] - Waiting for mode change to: AUTO
2025-06-22 18:38:14,953 - SUAS - DEBUG - [SUAS_main.main:745] - Waiting for mode change to: AUTO
2025-06-22 18:38:15,455 - SUAS - DEBUG - [SUAS_main.main:745] - Waiting for mode change to: AUTO
2025-06-22 18:38:15,956 - SUAS - DEBUG - [SUAS_main.main:745] - Waiting for mode change to: AUTO
2025-06-22 18:38:16,458 - SUAS - DEBUG - [SUAS_main.main:745] - Waiting for mode change to: AUTO
2025-06-22 18:38:16,959 - SUAS - DEBUG - [SUAS_main.main:745] - Waiting for mode change to: AUTO
2025-06-22 18:38:17,460 - SUAS - DEBUG - [SUAS_main.main:745] - Waiting for mode change to: AUTO
2025-06-22 18:38:17,962 - SUAS - DEBUG - [SUAS_main.main:745] - Waiting for mode change to: AUTO
2025-06-22 18:38:18,463 - SUAS - DEBUG - [SUAS_main.main:745] - Waiting for mode change to: AUTO
2025-06-22 18:38:18,964 - SUAS - DEBUG - [SUAS_main.main:745] - Waiting for mode change to: AUTO
2025-06-22 18:38:19,466 - SUAS - DEBUG - [SUAS_main.main:745] - Waiting for mode change to: AUTO
2025-06-22 18:38:19,967 - SUAS - DEBUG - [SUAS_main.main:745] - Waiting for mode change to: AUTO
2025-06-22 18:38:20,469 - SUAS - DEBUG - [SUAS_main.main:745] - Waiting for mode change to: AUTO
2025-06-22 18:38:20,971 - SUAS - DEBUG - [SUAS_main.main:745] - Waiting for mode change to: AUTO
2025-06-22 18:38:21,472 - SUAS - DEBUG - [SUAS_main.main:745] - Waiting for mode change to: AUTO
2025-06-22 18:38:21,974 - SUAS - DEBUG - [SUAS_main.main:745] - Waiting for mode change to: AUTO
2025-06-22 18:38:22,475 - SUAS - DEBUG - [SUAS_main.main:745] - Waiting for mode change to: AUTO
2025-06-22 18:38:22,976 - SUAS - DEBUG - [SUAS_main.main:745] - Waiting for mode change to: AUTO
2025-06-22 18:38:23,478 - SUAS - DEBUG - [SUAS_main.main:745] - Waiting for mode change to: AUTO
2025-06-22 18:38:23,979 - SUAS - DEBUG - [SUAS_main.main:745] - Waiting for mode change to: AUTO
2025-06-22 18:38:24,480 - SUAS - DEBUG - [SUAS_main.main:745] - Waiting for mode change to: AUTO
2025-06-22 18:38:24,982 - SUAS - DEBUG - [SUAS_main.main:745] - Waiting for mode change to: AUTO
2025-06-22 18:38:25,483 - SUAS - DEBUG - [SUAS_main.main:745] - Waiting for mode change to: AUTO
2025-06-22 18:38:25,984 - SUAS - DEBUG - [SUAS_main.main:745] - Waiting for mode change to: AUTO
2025-06-22 18:38:26,486 - SUAS - DEBUG - [SUAS_main.main:745] - Waiting for mode change to: AUTO
2025-06-22 18:38:26,988 - SUAS - DEBUG - [SUAS_main.main:745] - Waiting for mode change to: AUTO
2025-06-22 18:38:27,490 - SUAS - DEBUG - [SUAS_main.main:745] - Waiting for mode change to: AUTO
2025-06-22 18:38:27,991 - SUAS - DEBUG - [SUAS_main.main:745] - Waiting for mode change to: AUTO
2025-06-22 18:38:28,492 - SUAS - DEBUG - [SUAS_main.main:745] - Waiting for mode change to: AUTO
2025-06-22 18:38:28,994 - SUAS - DEBUG - [SUAS_main.main:745] - Waiting for mode change to: AUTO
2025-06-22 18:38:29,495 - SUAS - DEBUG - [SUAS_main.main:745] - Waiting for mode change to: AUTO
2025-06-22 18:38:29,996 - SUAS - DEBUG - [SUAS_main.main:745] - Waiting for mode change to: AUTO
2025-06-22 18:38:30,498 - SUAS - DEBUG - [SUAS_main.main:745] - Waiting for mode change to: AUTO
2025-06-22 18:38:30,999 - SUAS - DEBUG - [SUAS_main.main:745] - Waiting for mode change to: AUTO
2025-06-22 18:38:31,500 - SUAS - DEBUG - [SUAS_main.main:745] - Waiting for mode change to: AUTO
2025-06-22 18:38:32,002 - SUAS - DEBUG - [SUAS_main.main:745] - Waiting for mode change to: AUTO
2025-06-22 18:38:32,503 - SUAS - DEBUG - [SUAS_main.main:745] - Waiting for mode change to: AUTO
2025-06-22 18:38:33,004 - SUAS - DEBUG - [SUAS_main.main:745] - Waiting for mode change to: AUTO
2025-06-22 18:38:33,507 - SUAS - DEBUG - [SUAS_main.main:745] - Waiting for mode change to: AUTO
2025-06-22 18:38:34,008 - SUAS - DEBUG - [SUAS_main.main:745] - Waiting for mode change to: AUTO
2025-06-22 18:38:34,510 - SUAS - DEBUG - [SUAS_main.main:745] - Waiting for mode change to: AUTO
2025-06-22 18:38:35,011 - SUAS - DEBUG - [SUAS_main.main:745] - Waiting for mode change to: AUTO
2025-06-22 18:38:35,512 - SUAS - DEBUG - [SUAS_main.main:745] - Waiting for mode change to: AUTO
2025-06-22 18:38:36,014 - SUAS - DEBUG - [SUAS_main.main:745] - Waiting for mode change to: AUTO
2025-06-22 18:38:36,515 - SUAS - DEBUG - [SUAS_main.main:745] - Waiting for mode change to: AUTO
2025-06-22 18:38:37,016 - SUAS - DEBUG - [SUAS_main.main:745] - Waiting for mode change to: AUTO
2025-06-22 18:38:37,517 - SUAS - DEBUG - [SUAS_main.main:745] - Waiting for mode change to: AUTO
2025-06-22 18:38:38,019 - SUAS - DEBUG - [SUAS_main.main:745] - Waiting for mode change to: AUTO
2025-06-22 18:38:38,520 - SUAS - DEBUG - [SUAS_main.main:745] - Waiting for mode change to: AUTO
2025-06-22 18:38:39,022 - SUAS - DEBUG - [SUAS_main.main:745] - Waiting for mode change to: AUTO
2025-06-22 18:38:39,524 - SUAS - DEBUG - [SUAS_main.main:745] - Waiting for mode change to: AUTO
2025-06-22 18:38:40,025 - SUAS - DEBUG - [SUAS_main.main:745] - Waiting for mode change to: AUTO
2025-06-22 18:38:40,527 - SUAS - DEBUG - [SUAS_main.main:745] - Waiting for mode change to: AUTO
2025-06-22 18:38:41,028 - SUAS - DEBUG - [SUAS_main.main:745] - Waiting for mode change to: AUTO
2025-06-22 18:38:41,530 - SUAS - DEBUG - [SUAS_main.main:745] - Waiting for mode change to: AUTO
2025-06-22 18:38:42,031 - SUAS - DEBUG - [SUAS_main.main:745] - Waiting for mode change to: AUTO
2025-06-22 18:38:42,532 - SUAS - DEBUG - [SUAS_main.main:745] - Waiting for mode change to: AUTO
2025-06-22 18:38:43,034 - SUAS - DEBUG - [SUAS_main.main:745] - Waiting for mode change to: AUTO
2025-06-22 18:38:43,535 - SUAS - DEBUG - [SUAS_main.main:745] - Waiting for mode change to: AUTO
2025-06-22 18:38:44,036 - SUAS - DEBUG - [SUAS_main.main:745] - Waiting for mode change to: AUTO
2025-06-22 18:38:44,538 - SUAS - DEBUG - [SUAS_main.main:745] - Waiting for mode change to: AUTO
2025-06-22 18:38:45,039 - SUAS - DEBUG - [SUAS_main.main:745] - Waiting for mode change to: AUTO
2025-06-22 18:38:45,541 - SUAS - DEBUG - [SUAS_main.main:745] - Waiting for mode change to: AUTO
2025-06-22 18:38:46,043 - SUAS - DEBUG - [SUAS_main.main:745] - Waiting for mode change to: AUTO
2025-06-22 18:38:46,545 - SUAS - DEBUG - [SUAS_main.main:745] - Waiting for mode change to: AUTO
2025-06-22 18:38:47,046 - SUAS - DEBUG - [SUAS_main.main:745] - Waiting for mode change to: AUTO
2025-06-22 18:38:47,548 - SUAS - DEBUG - [SUAS_main.main:745] - Waiting for mode change to: AUTO
2025-06-22 18:38:48,049 - SUAS - DEBUG - [SUAS_main.main:745] - Waiting for mode change to: AUTO
2025-06-22 18:38:48,551 - SUAS - DEBUG - [SUAS_main.main:745] - Waiting for mode change to: AUTO
2025-06-22 18:38:49,052 - SUAS - DEBUG - [SUAS_main.main:745] - Waiting for mode change to: AUTO
2025-06-22 18:38:49,553 - SUAS - DEBUG - [SUAS_main.main:745] - Waiting for mode change to: AUTO
2025-06-22 18:38:50,055 - SUAS - DEBUG - [SUAS_main.main:745] - Waiting for mode change to: AUTO
2025-06-22 18:38:50,556 - SUAS - DEBUG - [SUAS_main.main:745] - Waiting for mode change to: AUTO
2025-06-22 18:38:51,058 - SUAS - DEBUG - [SUAS_main.main:745] - Waiting for mode change to: AUTO
2025-06-22 18:38:51,560 - SUAS - DEBUG - [SUAS_main.main:745] - Waiting for mode change to: AUTO
2025-06-22 18:38:52,061 - SUAS - DEBUG - [SUAS_main.main:745] - Waiting for mode change to: AUTO
2025-06-22 18:38:52,563 - SUAS - DEBUG - [SUAS_main.main:745] - Waiting for mode change to: AUTO
2025-06-22 18:38:53,064 - SUAS - DEBUG - [SUAS_main.main:745] - Waiting for mode change to: AUTO
2025-06-22 18:38:53,566 - SUAS - DEBUG - [SUAS_main.main:745] - Waiting for mode change to: AUTO
2025-06-22 18:38:54,067 - SUAS - DEBUG - [SUAS_main.main:745] - Waiting for mode change to: AUTO
2025-06-22 18:38:54,569 - SUAS - DEBUG - [SUAS_main.main:745] - Waiting for mode change to: AUTO
2025-06-22 18:38:55,070 - SUAS - DEBUG - [SUAS_main.main:745] - Waiting for mode change to: AUTO
2025-06-22 18:38:55,572 - SUAS - DEBUG - [SUAS_main.main:745] - Waiting for mode change to: AUTO
2025-06-22 18:38:56,073 - SUAS - DEBUG - [SUAS_main.main:745] - Waiting for mode change to: AUTO
2025-06-22 18:38:56,575 - SUAS - DEBUG - [SUAS_main.main:745] - Waiting for mode change to: AUTO
2025-06-22 18:38:57,076 - SUAS - DEBUG - [SUAS_main.main:745] - Waiting for mode change to: AUTO
2025-06-22 18:38:57,578 - SUAS - DEBUG - [SUAS_main.main:745] - Waiting for mode change to: AUTO
2025-06-22 18:38:58,080 - SUAS - DEBUG - [SUAS_main.main:745] - Waiting for mode change to: AUTO
2025-06-22 18:38:58,581 - SUAS - DEBUG - [SUAS_main.main:745] - Waiting for mode change to: AUTO
2025-06-22 18:38:59,083 - SUAS - DEBUG - [SUAS_main.main:745] - Waiting for mode change to: AUTO
2025-06-22 18:38:59,584 - SUAS - DEBUG - [SUAS_main.main:745] - Waiting for mode change to: AUTO
2025-06-22 18:39:00,086 - SUAS - DEBUG - [SUAS_main.main:745] - Waiting for mode change to: AUTO
2025-06-22 18:39:00,587 - SUAS - DEBUG - [SUAS_main.main:745] - Waiting for mode change to: AUTO
2025-06-22 18:39:01,088 - SUAS - DEBUG - [SUAS_main.main:745] - Waiting for mode change to: AUTO
2025-06-22 18:39:01,590 - SUAS - DEBUG - [SUAS_main.main:745] - Waiting for mode change to: AUTO
2025-06-22 18:39:02,091 - SUAS - DEBUG - [SUAS_main.main:745] - Waiting for mode change to: AUTO
2025-06-22 18:39:02,592 - SUAS - DEBUG - [SUAS_main.main:745] - Waiting for mode change to: AUTO
2025-06-22 18:39:03,094 - SUAS - DEBUG - [SUAS_main.main:745] - Waiting for mode change to: AUTO
2025-06-22 18:39:03,596 - SUAS - DEBUG - [SUAS_main.main:745] - Waiting for mode change to: AUTO
2025-06-22 18:39:04,097 - SUAS - DEBUG - [SUAS_main.main:745] - Waiting for mode change to: AUTO
2025-06-22 18:39:04,598 - SUAS - DEBUG - [SUAS_main.main:745] - Waiting for mode change to: AUTO
2025-06-22 18:39:05,100 - SUAS - DEBUG - [SUAS_main.main:745] - Waiting for mode change to: AUTO
2025-06-22 18:39:05,601 - SUAS - DEBUG - [SUAS_main.main:745] - Waiting for mode change to: AUTO
2025-06-22 18:39:06,103 - SUAS - DEBUG - [SUAS_main.main:745] - Waiting for mode change to: AUTO
2025-06-22 18:39:06,604 - SUAS - DEBUG - [SUAS_main.main:745] - Waiting for mode change to: AUTO
2025-06-22 18:39:07,105 - SUAS - DEBUG - [SUAS_main.main:745] - Waiting for mode change to: AUTO
2025-06-22 18:39:07,607 - SUAS - DEBUG - [SUAS_main.main:745] - Waiting for mode change to: AUTO
2025-06-22 18:39:08,108 - SUAS - DEBUG - [SUAS_main.main:745] - Waiting for mode change to: AUTO
2025-06-22 18:39:08,610 - SUAS - DEBUG - [SUAS_main.main:745] - Waiting for mode change to: AUTO
2025-06-22 18:39:09,111 - SUAS - DEBUG - [SUAS_main.main:745] - Waiting for mode change to: AUTO
2025-06-22 18:39:09,613 - SUAS - DEBUG - [SUAS_main.main:745] - Waiting for mode change to: AUTO
2025-06-22 18:39:10,115 - SUAS - DEBUG - [SUAS_main.main:745] - Waiting for mode change to: AUTO
2025-06-22 18:39:10,616 - SUAS - DEBUG - [SUAS_main.main:745] - Waiting for mode change to: AUTO
2025-06-22 18:39:11,118 - SUAS - DEBUG - [SUAS_main.main:745] - Waiting for mode change to: AUTO
2025-06-22 18:39:11,619 - SUAS - DEBUG - [SUAS_main.main:745] - Waiting for mode change to: AUTO
2025-06-22 18:39:12,120 - SUAS - DEBUG - [SUAS_main.main:745] - Waiting for mode change to: AUTO
2025-06-22 18:39:12,622 - SUAS - DEBUG - [SUAS_main.main:745] - Waiting for mode change to: AUTO
2025-06-22 18:39:13,123 - SUAS - DEBUG - [SUAS_main.main:745] - Waiting for mode change to: AUTO
2025-06-22 18:39:13,624 - SUAS - DEBUG - [SUAS_main.main:745] - Waiting for mode change to: AUTO
2025-06-22 18:39:14,126 - SUAS - DEBUG - [SUAS_main.main:745] - Waiting for mode change to: AUTO
2025-06-22 18:39:14,627 - SUAS - DEBUG - [SUAS_main.main:745] - Waiting for mode change to: AUTO
2025-06-22 18:39:15,128 - SUAS - DEBUG - [SUAS_main.main:745] - Waiting for mode change to: AUTO
2025-06-22 18:39:15,630 - SUAS - DEBUG - [SUAS_main.main:745] - Waiting for mode change to: AUTO
2025-06-22 18:39:16,131 - SUAS - DEBUG - [SUAS_main.main:745] - Waiting for mode change to: AUTO
2025-06-22 18:39:16,633 - SUAS - DEBUG - [SUAS_main.main:745] - Waiting for mode change to: AUTO
2025-06-22 18:39:17,135 - SUAS - DEBUG - [SUAS_main.main:745] - Waiting for mode change to: AUTO
2025-06-22 18:39:17,636 - SUAS - DEBUG - [SUAS_main.main:745] - Waiting for mode change to: AUTO
2025-06-22 18:39:18,138 - SUAS - DEBUG - [SUAS_main.main:745] - Waiting for mode change to: AUTO
2025-06-22 18:39:18,639 - SUAS - DEBUG - [SUAS_main.main:745] - Waiting for mode change to: AUTO
2025-06-22 18:39:19,140 - SUAS - DEBUG - [SUAS_main.main:745] - Waiting for mode change to: AUTO
2025-06-22 18:39:19,642 - SUAS - DEBUG - [SUAS_main.main:745] - Waiting for mode change to: AUTO
2025-06-22 18:39:20,144 - SUAS - DEBUG - [SUAS_main.main:745] - Waiting for mode change to: AUTO
2025-06-22 18:39:20,645 - SUAS - DEBUG - [SUAS_main.main:745] - Waiting for mode change to: AUTO
2025-06-22 18:39:21,147 - SUAS - DEBUG - [SUAS_main.main:745] - Waiting for mode change to: AUTO
2025-06-22 18:39:21,648 - SUAS - DEBUG - [SUAS_main.main:745] - Waiting for mode change to: AUTO
2025-06-22 18:39:22,150 - SUAS - DEBUG - [SUAS_main.main:745] - Waiting for mode change to: AUTO
2025-06-22 18:39:22,651 - SUAS - DEBUG - [SUAS_main.main:745] - Waiting for mode change to: AUTO
2025-06-22 18:39:23,153 - SUAS - DEBUG - [SUAS_main.main:745] - Waiting for mode change to: AUTO
2025-06-22 18:39:23,654 - SUAS - DEBUG - [SUAS_main.main:745] - Waiting for mode change to: AUTO
2025-06-22 18:39:24,156 - SUAS - DEBUG - [SUAS_main.main:745] - Waiting for mode change to: AUTO
2025-06-22 18:39:24,657 - SUAS - DEBUG - [SUAS_main.main:745] - Waiting for mode change to: AUTO
2025-06-22 18:39:25,159 - SUAS - DEBUG - [SUAS_main.main:745] - Waiting for mode change to: AUTO
2025-06-22 18:39:25,660 - SUAS - DEBUG - [SUAS_main.main:745] - Waiting for mode change to: AUTO
2025-06-22 18:39:26,162 - SUAS - DEBUG - [SUAS_main.main:745] - Waiting for mode change to: AUTO
2025-06-22 18:39:26,663 - SUAS - DEBUG - [SUAS_main.main:745] - Waiting for mode change to: AUTO
2025-06-22 18:39:27,165 - SUAS - DEBUG - [SUAS_main.main:745] - Waiting for mode change to: AUTO
2025-06-22 18:39:27,666 - SUAS - DEBUG - [SUAS_main.main:745] - Waiting for mode change to: AUTO
2025-06-22 18:39:28,168 - SUAS - DEBUG - [SUAS_main.main:745] - Waiting for mode change to: AUTO
2025-06-22 18:39:28,669 - SUAS - DEBUG - [SUAS_main.main:745] - Waiting for mode change to: AUTO
2025-06-22 18:39:29,171 - SUAS - DEBUG - [SUAS_main.main:745] - Waiting for mode change to: AUTO
2025-06-22 18:39:29,672 - SUAS - DEBUG - [SUAS_main.main:745] - Waiting for mode change to: AUTO
2025-06-22 18:39:30,174 - SUAS - DEBUG - [SUAS_main.main:745] - Waiting for mode change to: AUTO
2025-06-22 18:39:30,675 - SUAS - DEBUG - [SUAS_main.main:745] - Waiting for mode change to: AUTO
2025-06-22 18:39:31,176 - SUAS - DEBUG - [SUAS_main.main:745] - Waiting for mode change to: AUTO
2025-06-22 18:39:31,678 - SUAS - DEBUG - [SUAS_main.main:745] - Waiting for mode change to: AUTO
2025-06-22 18:39:32,179 - SUAS - DEBUG - [SUAS_main.main:745] - Waiting for mode change to: AUTO
2025-06-22 18:39:32,680 - SUAS - DEBUG - [SUAS_main.main:745] - Waiting for mode change to: AUTO
2025-06-22 18:39:33,182 - SUAS - DEBUG - [SUAS_main.main:745] - Waiting for mode change to: AUTO
2025-06-22 18:39:33,684 - SUAS - DEBUG - [SUAS_main.main:745] - Waiting for mode change to: AUTO
2025-06-22 18:39:34,185 - SUAS - DEBUG - [SUAS_main.main:745] - Waiting for mode change to: AUTO
2025-06-22 18:39:34,687 - SUAS - DEBUG - [SUAS_main.main:745] - Waiting for mode change to: AUTO
2025-06-22 18:39:35,188 - SUAS - DEBUG - [SUAS_main.main:745] - Waiting for mode change to: AUTO
2025-06-22 18:39:35,690 - SUAS - DEBUG - [SUAS_main.main:745] - Waiting for mode change to: AUTO
2025-06-22 18:39:36,191 - SUAS - DEBUG - [SUAS_main.main:745] - Waiting for mode change to: AUTO
2025-06-22 18:39:36,692 - SUAS - DEBUG - [SUAS_main.main:745] - Waiting for mode change to: AUTO
2025-06-22 18:39:37,194 - SUAS - DEBUG - [SUAS_main.main:745] - Waiting for mode change to: AUTO
2025-06-22 18:39:37,695 - SUAS - DEBUG - [SUAS_main.main:745] - Waiting for mode change to: AUTO
2025-06-22 18:39:38,197 - SUAS - DEBUG - [SUAS_main.main:745] - Waiting for mode change to: AUTO
2025-06-22 18:39:38,698 - SUAS - DEBUG - [SUAS_main.main:745] - Waiting for mode change to: AUTO
2025-06-22 18:39:39,200 - SUAS - DEBUG - [SUAS_main.main:745] - Waiting for mode change to: AUTO
2025-06-22 18:39:39,702 - SUAS - DEBUG - [SUAS_main.main:745] - Waiting for mode change to: AUTO
2025-06-22 18:39:40,203 - SUAS - DEBUG - [SUAS_main.main:745] - Waiting for mode change to: AUTO
2025-06-22 18:39:40,705 - SUAS - DEBUG - [SUAS_main.main:745] - Waiting for mode change to: AUTO
2025-06-22 18:39:41,206 - SUAS - DEBUG - [SUAS_main.main:745] - Waiting for mode change to: AUTO
2025-06-22 18:39:41,708 - SUAS - DEBUG - [SUAS_main.main:745] - Waiting for mode change to: AUTO
2025-06-22 18:39:42,209 - SUAS - DEBUG - [SUAS_main.main:745] - Waiting for mode change to: AUTO
2025-06-22 18:39:42,711 - SUAS - DEBUG - [SUAS_main.main:745] - Waiting for mode change to: AUTO
2025-06-22 18:39:43,212 - SUAS - DEBUG - [SUAS_main.main:745] - Waiting for mode change to: AUTO
2025-06-22 18:39:43,714 - SUAS - DEBUG - [SUAS_main.main:745] - Waiting for mode change to: AUTO
2025-06-22 18:39:44,215 - SUAS - DEBUG - [SUAS_main.main:745] - Waiting for mode change to: AUTO
2025-06-22 18:39:44,716 - SUAS - DEBUG - [SUAS_main.main:745] - Waiting for mode change to: AUTO
2025-06-22 18:39:45,218 - SUAS - DEBUG - [SUAS_main.main:745] - Waiting for mode change to: AUTO
2025-06-22 18:39:45,720 - SUAS - DEBUG - [SUAS_main.main:745] - Waiting for mode change to: AUTO
2025-06-22 18:39:46,222 - SUAS - DEBUG - [SUAS_main.main:745] - Waiting for mode change to: AUTO
2025-06-22 18:39:46,723 - SUAS - DEBUG - [SUAS_main.main:745] - Waiting for mode change to: AUTO
2025-06-22 18:39:47,224 - SUAS - DEBUG - [SUAS_main.main:745] - Waiting for mode change to: AUTO
2025-06-22 18:39:47,726 - SUAS - DEBUG - [SUAS_main.main:745] - Waiting for mode change to: AUTO
2025-06-22 18:39:48,227 - SUAS - DEBUG - [SUAS_main.main:745] - Waiting for mode change to: AUTO
2025-06-22 18:39:48,728 - SUAS - DEBUG - [SUAS_main.main:745] - Waiting for mode change to: AUTO
2025-06-22 18:39:49,230 - SUAS - DEBUG - [SUAS_main.main:745] - Waiting for mode change to: AUTO
2025-06-22 18:39:49,731 - SUAS - DEBUG - [SUAS_main.main:745] - Waiting for mode change to: AUTO
2025-06-22 18:39:50,232 - SUAS - DEBUG - [SUAS_main.main:745] - Waiting for mode change to: AUTO
2025-06-22 18:39:50,734 - SUAS - DEBUG - [SUAS_main.main:745] - Waiting for mode change to: AUTO
2025-06-22 18:39:51,236 - SUAS - DEBUG - [SUAS_main.main:745] - Waiting for mode change to: AUTO
2025-06-22 18:39:51,737 - SUAS - DEBUG - [SUAS_main.main:745] - Waiting for mode change to: AUTO
2025-06-22 18:39:52,239 - SUAS - DEBUG - [SUAS_main.main:745] - Waiting for mode change to: AUTO
2025-06-22 18:39:52,740 - SUAS - DEBUG - [SUAS_main.main:745] - Waiting for mode change to: AUTO
2025-06-22 18:39:53,241 - SUAS - DEBUG - [SUAS_main.main:745] - Waiting for mode change to: AUTO
2025-06-22 18:39:53,743 - SUAS - DEBUG - [SUAS_main.main:745] - Waiting for mode change to: AUTO
2025-06-22 18:39:54,244 - SUAS - DEBUG - [SUAS_main.main:745] - Waiting for mode change to: AUTO
2025-06-22 18:39:54,746 - SUAS - DEBUG - [SUAS_main.main:745] - Waiting for mode change to: AUTO
2025-06-22 18:39:55,247 - SUAS - DEBUG - [SUAS_main.main:745] - Waiting for mode change to: AUTO
2025-06-22 18:39:55,748 - SUAS - DEBUG - [SUAS_main.main:745] - Waiting for mode change to: AUTO
2025-06-22 18:39:56,250 - SUAS - DEBUG - [SUAS_main.main:745] - Waiting for mode change to: AUTO
2025-06-22 18:39:56,751 - SUAS - DEBUG - [SUAS_main.main:745] - Waiting for mode change to: AUTO
2025-06-22 18:39:57,253 - SUAS - DEBUG - [SUAS_main.main:745] - Waiting for mode change to: AUTO
2025-06-22 18:39:57,755 - SUAS - DEBUG - [SUAS_main.main:745] - Waiting for mode change to: AUTO
2025-06-22 18:39:58,256 - SUAS - DEBUG - [SUAS_main.main:745] - Waiting for mode change to: AUTO
2025-06-22 18:39:58,758 - SUAS - DEBUG - [SUAS_main.main:745] - Waiting for mode change to: AUTO
2025-06-22 18:39:59,259 - SUAS - DEBUG - [SUAS_main.main:745] - Waiting for mode change to: AUTO
2025-06-22 18:39:59,761 - SUAS - DEBUG - [SUAS_main.main:745] - Waiting for mode change to: AUTO
2025-06-22 18:40:00,262 - SUAS - DEBUG - [SUAS_main.main:745] - Waiting for mode change to: AUTO
2025-06-22 18:40:00,764 - SUAS - DEBUG - [SUAS_main.main:745] - Waiting for mode change to: AUTO
2025-06-22 18:40:01,265 - SUAS - DEBUG - [SUAS_main.main:745] - Waiting for mode change to: AUTO
2025-06-22 18:40:01,767 - SUAS - DEBUG - [SUAS_main.main:745] - Waiting for mode change to: AUTO
2025-06-22 18:40:02,268 - SUAS - DEBUG - [SUAS_main.main:745] - Waiting for mode change to: AUTO
2025-06-22 18:40:02,770 - SUAS - DEBUG - [SUAS_main.main:745] - Waiting for mode change to: AUTO
2025-06-22 18:40:03,272 - SUAS - DEBUG - [SUAS_main.main:745] - Waiting for mode change to: AUTO
2025-06-22 18:40:03,773 - SUAS - DEBUG - [SUAS_main.main:745] - Waiting for mode change to: AUTO
2025-06-22 18:40:04,275 - SUAS - DEBUG - [SUAS_main.main:745] - Waiting for mode change to: AUTO
2025-06-22 18:40:04,776 - SUAS - DEBUG - [SUAS_main.main:745] - Waiting for mode change to: AUTO
2025-06-22 18:40:05,278 - SUAS - DEBUG - [SUAS_main.main:745] - Waiting for mode change to: AUTO
2025-06-22 18:40:05,779 - SUAS - DEBUG - [SUAS_main.main:745] - Waiting for mode change to: AUTO
2025-06-22 18:40:06,281 - SUAS - DEBUG - [SUAS_main.main:745] - Waiting for mode change to: AUTO
2025-06-22 18:40:06,782 - SUAS - DEBUG - [SUAS_main.main:745] - Waiting for mode change to: AUTO
2025-06-22 18:40:07,284 - SUAS - DEBUG - [SUAS_main.main:745] - Waiting for mode change to: AUTO
2025-06-22 18:40:07,785 - SUAS - DEBUG - [SUAS_main.main:745] - Waiting for mode change to: AUTO
2025-06-22 18:40:08,287 - SUAS - DEBUG - [SUAS_main.main:745] - Waiting for mode change to: AUTO
2025-06-22 18:40:08,788 - SUAS - DEBUG - [SUAS_main.main:745] - Waiting for mode change to: AUTO
2025-06-22 18:40:09,290 - SUAS - DEBUG - [SUAS_main.main:745] - Waiting for mode change to: AUTO
2025-06-22 18:40:09,792 - SUAS - DEBUG - [SUAS_main.main:745] - Waiting for mode change to: AUTO
2025-06-22 18:40:10,293 - SUAS - DEBUG - [SUAS_main.main:745] - Waiting for mode change to: AUTO
2025-06-22 18:40:10,795 - SUAS - DEBUG - [SUAS_main.main:745] - Waiting for mode change to: AUTO
2025-06-22 18:40:11,296 - SUAS - DEBUG - [SUAS_main.main:745] - Waiting for mode change to: AUTO
2025-06-22 18:40:11,798 - SUAS - DEBUG - [SUAS_main.main:745] - Waiting for mode change to: AUTO
2025-06-22 18:40:12,299 - SUAS - DEBUG - [SUAS_main.main:745] - Waiting for mode change to: AUTO
2025-06-22 18:40:12,800 - SUAS - DEBUG - [SUAS_main.main:745] - Waiting for mode change to: AUTO
2025-06-22 18:40:13,302 - SUAS - DEBUG - [SUAS_main.main:745] - Waiting for mode change to: AUTO
2025-06-22 18:40:13,803 - SUAS - DEBUG - [SUAS_main.main:745] - Waiting for mode change to: AUTO
2025-06-22 18:40:14,305 - SUAS - DEBUG - [SUAS_main.main:745] - Waiting for mode change to: AUTO
2025-06-22 18:40:14,807 - SUAS - DEBUG - [SUAS_main.main:745] - Waiting for mode change to: AUTO
2025-06-22 18:40:15,308 - SUAS - DEBUG - [SUAS_main.main:745] - Waiting for mode change to: AUTO
2025-06-22 18:40:15,810 - SUAS - DEBUG - [SUAS_main.main:745] - Waiting for mode change to: AUTO
2025-06-22 18:40:16,312 - SUAS - DEBUG - [SUAS_main.main:745] - Waiting for mode change to: AUTO
2025-06-22 18:40:16,813 - SUAS - DEBUG - [SUAS_main.main:745] - Waiting for mode change to: AUTO
2025-06-22 18:40:17,315 - SUAS - DEBUG - [SUAS_main.main:745] - Waiting for mode change to: AUTO
2025-06-22 18:40:17,816 - SUAS - DEBUG - [SUAS_main.main:745] - Waiting for mode change to: AUTO
2025-06-22 18:40:18,317 - SUAS - DEBUG - [SUAS_main.main:745] - Waiting for mode change to: AUTO
2025-06-22 18:40:18,819 - SUAS - DEBUG - [SUAS_main.main:745] - Waiting for mode change to: AUTO
2025-06-22 18:40:19,320 - SUAS - DEBUG - [SUAS_main.main:745] - Waiting for mode change to: AUTO
2025-06-22 18:40:19,822 - SUAS - DEBUG - [SUAS_main.main:745] - Waiting for mode change to: AUTO
2025-06-22 18:40:20,323 - SUAS - DEBUG - [SUAS_main.main:745] - Waiting for mode change to: AUTO
2025-06-22 18:40:20,825 - SUAS - DEBUG - [SUAS_main.main:745] - Waiting for mode change to: AUTO
2025-06-22 18:40:21,327 - SUAS - DEBUG - [SUAS_main.main:745] - Waiting for mode change to: AUTO
2025-06-22 18:40:21,828 - SUAS - DEBUG - [SUAS_main.main:745] - Waiting for mode change to: AUTO
2025-06-22 18:40:22,330 - SUAS - DEBUG - [SUAS_main.main:745] - Waiting for mode change to: AUTO
2025-06-22 18:40:22,831 - SUAS - DEBUG - [SUAS_main.main:745] - Waiting for mode change to: AUTO
2025-06-22 18:40:23,333 - SUAS - DEBUG - [SUAS_main.main:745] - Waiting for mode change to: AUTO
2025-06-22 18:40:23,834 - SUAS - DEBUG - [SUAS_main.main:745] - Waiting for mode change to: AUTO
2025-06-22 18:40:24,335 - SUAS - DEBUG - [SUAS_main.main:745] - Waiting for mode change to: AUTO
2025-06-22 18:40:24,837 - SUAS - DEBUG - [SUAS_main.main:745] - Waiting for mode change to: AUTO
2025-06-22 18:40:25,338 - SUAS - DEBUG - [SUAS_main.main:745] - Waiting for mode change to: AUTO
2025-06-22 18:40:25,840 - SUAS - DEBUG - [SUAS_main.main:745] - Waiting for mode change to: AUTO
2025-06-22 18:40:26,341 - SUAS - DEBUG - [SUAS_main.main:745] - Waiting for mode change to: AUTO
2025-06-22 18:40:26,843 - SUAS - DEBUG - [SUAS_main.main:745] - Waiting for mode change to: AUTO
2025-06-22 18:40:27,344 - SUAS - DEBUG - [SUAS_main.main:745] - Waiting for mode change to: AUTO
2025-06-22 18:40:27,846 - SUAS - DEBUG - [SUAS_main.main:745] - Waiting for mode change to: AUTO
2025-06-22 18:40:28,348 - SUAS - DEBUG - [SUAS_main.main:745] - Waiting for mode change to: AUTO
2025-06-22 18:40:28,849 - SUAS - DEBUG - [SUAS_main.main:745] - Waiting for mode change to: AUTO
2025-06-22 18:40:29,351 - SUAS - DEBUG - [SUAS_main.main:745] - Waiting for mode change to: AUTO
2025-06-22 18:40:29,852 - SUAS - DEBUG - [SUAS_main.main:745] - Waiting for mode change to: AUTO
2025-06-22 18:40:30,354 - SUAS - DEBUG - [SUAS_main.main:745] - Waiting for mode change to: AUTO
2025-06-22 18:40:30,855 - SUAS - DEBUG - [SUAS_main.main:745] - Waiting for mode change to: AUTO
2025-06-22 18:40:31,356 - SUAS - DEBUG - [SUAS_main.main:745] - Waiting for mode change to: AUTO
2025-06-22 18:40:31,858 - SUAS - DEBUG - [SUAS_main.main:745] - Waiting for mode change to: AUTO
2025-06-22 18:40:32,360 - SUAS - DEBUG - [SUAS_main.main:745] - Waiting for mode change to: AUTO
2025-06-22 18:40:32,862 - SUAS - DEBUG - [SUAS_main.main:745] - Waiting for mode change to: AUTO
2025-06-22 18:40:33,363 - SUAS - DEBUG - [SUAS_main.main:745] - Waiting for mode change to: AUTO
2025-06-22 18:40:33,865 - SUAS - DEBUG - [SUAS_main.main:745] - Waiting for mode change to: AUTO
2025-06-22 18:40:34,366 - SUAS - DEBUG - [SUAS_main.main:745] - Waiting for mode change to: AUTO
2025-06-22 18:40:34,868 - SUAS - DEBUG - [SUAS_main.main:745] - Waiting for mode change to: AUTO
2025-06-22 18:40:35,369 - SUAS - DEBUG - [SUAS_main.main:745] - Waiting for mode change to: AUTO
2025-06-22 18:40:35,871 - SUAS - DEBUG - [SUAS_main.main:745] - Waiting for mode change to: AUTO
2025-06-22 18:40:36,372 - SUAS - DEBUG - [SUAS_main.main:745] - Waiting for mode change to: AUTO
2025-06-22 18:40:36,874 - SUAS - DEBUG - [SUAS_main.main:745] - Waiting for mode change to: AUTO
2025-06-22 18:40:37,375 - SUAS - DEBUG - [SUAS_main.main:745] - Waiting for mode change to: AUTO
2025-06-22 18:40:37,877 - SUAS - DEBUG - [SUAS_main.main:745] - Waiting for mode change to: AUTO
2025-06-22 18:40:38,379 - SUAS - DEBUG - [SUAS_main.main:745] - Waiting for mode change to: AUTO
2025-06-22 18:40:38,880 - SUAS - DEBUG - [SUAS_main.main:745] - Waiting for mode change to: AUTO
2025-06-22 18:40:39,382 - SUAS - DEBUG - [SUAS_main.main:745] - Waiting for mode change to: AUTO
2025-06-22 18:40:39,883 - SUAS - DEBUG - [SUAS_main.main:745] - Waiting for mode change to: AUTO
2025-06-22 18:40:40,385 - SUAS - DEBUG - [SUAS_main.main:745] - Waiting for mode change to: AUTO
2025-06-22 18:40:40,886 - SUAS - DEBUG - [SUAS_main.main:745] - Waiting for mode change to: AUTO
2025-06-22 18:40:41,388 - SUAS - DEBUG - [SUAS_main.main:745] - Waiting for mode change to: AUTO
2025-06-22 18:40:41,889 - SUAS - DEBUG - [SUAS_main.main:745] - Waiting for mode change to: AUTO
2025-06-22 18:40:42,391 - SUAS - DEBUG - [SUAS_main.main:745] - Waiting for mode change to: AUTO
2025-06-22 18:40:42,892 - SUAS - DEBUG - [SUAS_main.main:745] - Waiting for mode change to: AUTO
2025-06-22 18:40:43,394 - SUAS - DEBUG - [SUAS_main.main:745] - Waiting for mode change to: AUTO
2025-06-22 18:40:43,896 - SUAS - DEBUG - [SUAS_main.main:745] - Waiting for mode change to: AUTO
2025-06-22 18:40:44,398 - SUAS - DEBUG - [SUAS_main.main:745] - Waiting for mode change to: AUTO
2025-06-22 18:40:44,899 - SUAS - DEBUG - [SUAS_main.main:745] - Waiting for mode change to: AUTO
2025-06-22 18:40:45,400 - SUAS - DEBUG - [SUAS_main.main:745] - Waiting for mode change to: AUTO
2025-06-22 18:40:45,902 - SUAS - DEBUG - [SUAS_main.main:745] - Waiting for mode change to: AUTO
2025-06-22 18:40:46,403 - SUAS - DEBUG - [SUAS_main.main:745] - Waiting for mode change to: AUTO
2025-06-22 18:40:46,905 - SUAS - DEBUG - [SUAS_main.main:745] - Waiting for mode change to: AUTO
2025-06-22 18:40:47,406 - SUAS - DEBUG - [SUAS_main.main:745] - Waiting for mode change to: AUTO
2025-06-22 18:40:47,908 - SUAS - DEBUG - [SUAS_main.main:745] - Waiting for mode change to: AUTO
2025-06-22 18:40:48,409 - SUAS - DEBUG - [SUAS_main.main:745] - Waiting for mode change to: AUTO
2025-06-22 18:40:48,911 - SUAS - DEBUG - [SUAS_main.main:745] - Waiting for mode change to: AUTO
2025-06-22 18:40:49,412 - SUAS - DEBUG - [SUAS_main.main:745] - Waiting for mode change to: AUTO
2025-06-22 18:40:49,914 - SUAS - DEBUG - [SUAS_main.main:745] - Waiting for mode change to: AUTO
2025-06-22 18:40:50,415 - SUAS - DEBUG - [SUAS_main.main:745] - Waiting for mode change to: AUTO
2025-06-22 18:40:50,916 - SUAS - DEBUG - [SUAS_main.main:745] - Waiting for mode change to: AUTO
2025-06-22 18:40:51,418 - SUAS - DEBUG - [SUAS_main.main:745] - Waiting for mode change to: AUTO
2025-06-22 18:40:51,919 - SUAS - DEBUG - [SUAS_main.main:745] - Waiting for mode change to: AUTO
2025-06-22 18:40:52,421 - SUAS - DEBUG - [SUAS_main.main:745] - Waiting for mode change to: AUTO
2025-06-22 18:40:52,922 - SUAS - DEBUG - [SUAS_main.main:745] - Waiting for mode change to: AUTO
2025-06-22 18:40:53,424 - SUAS - DEBUG - [SUAS_main.main:745] - Waiting for mode change to: AUTO
2025-06-22 18:40:53,925 - SUAS - DEBUG - [SUAS_main.main:745] - Waiting for mode change to: AUTO
2025-06-22 18:40:54,427 - SUAS - DEBUG - [SUAS_main.main:745] - Waiting for mode change to: AUTO
2025-06-22 18:40:54,928 - SUAS - DEBUG - [SUAS_main.main:745] - Waiting for mode change to: AUTO
2025-06-22 18:40:55,430 - SUAS - DEBUG - [SUAS_main.main:745] - Waiting for mode change to: AUTO
2025-06-22 18:40:55,932 - SUAS - DEBUG - [SUAS_main.main:745] - Waiting for mode change to: AUTO
2025-06-22 18:40:56,433 - SUAS - DEBUG - [SUAS_main.main:745] - Waiting for mode change to: AUTO
2025-06-22 18:40:56,935 - SUAS - DEBUG - [SUAS_main.main:745] - Waiting for mode change to: AUTO
2025-06-22 18:40:57,436 - SUAS - DEBUG - [SUAS_main.main:745] - Waiting for mode change to: AUTO
2025-06-22 18:40:57,938 - SUAS - DEBUG - [SUAS_main.main:745] - Waiting for mode change to: AUTO
2025-06-22 18:40:58,439 - SUAS - DEBUG - [SUAS_main.main:745] - Waiting for mode change to: AUTO
2025-06-22 18:40:58,940 - SUAS - DEBUG - [SUAS_main.main:745] - Waiting for mode change to: AUTO
2025-06-22 18:40:59,441 - SUAS - DEBUG - [SUAS_main.main:745] - Waiting for mode change to: AUTO
2025-06-22 18:40:59,943 - SUAS - DEBUG - [SUAS_main.main:745] - Waiting for mode change to: AUTO
2025-06-22 18:41:00,444 - SUAS - DEBUG - [SUAS_main.main:745] - Waiting for mode change to: AUTO
2025-06-22 18:41:00,945 - SUAS - DEBUG - [SUAS_main.main:745] - Waiting for mode change to: AUTO
2025-06-22 18:41:01,447 - SUAS - DEBUG - [SUAS_main.main:745] - Waiting for mode change to: AUTO
2025-06-22 18:41:01,949 - SUAS - DEBUG - [SUAS_main.main:745] - Waiting for mode change to: AUTO
2025-06-22 18:41:02,451 - SUAS - DEBUG - [SUAS_main.main:745] - Waiting for mode change to: AUTO
2025-06-22 18:41:02,952 - SUAS - DEBUG - [SUAS_main.main:745] - Waiting for mode change to: AUTO
2025-06-22 18:41:03,454 - SUAS - DEBUG - [SUAS_main.main:745] - Waiting for mode change to: AUTO
2025-06-22 18:41:03,956 - SUAS - DEBUG - [SUAS_main.main:745] - Waiting for mode change to: AUTO
2025-06-22 18:41:04,457 - SUAS - DEBUG - [SUAS_main.main:745] - Waiting for mode change to: AUTO
2025-06-22 18:41:04,959 - SUAS - DEBUG - [SUAS_main.main:745] - Waiting for mode change to: AUTO
2025-06-22 18:41:05,460 - SUAS - DEBUG - [SUAS_main.main:745] - Waiting for mode change to: AUTO
2025-06-22 18:41:05,962 - SUAS - DEBUG - [SUAS_main.main:745] - Waiting for mode change to: AUTO
2025-06-22 18:41:06,463 - SUAS - DEBUG - [SUAS_main.main:745] - Waiting for mode change to: AUTO
2025-06-22 18:41:06,984 - SUAS - DEBUG - [SUAS_main.main:745] - Waiting for mode change to: AUTO
2025-06-22 18:41:07,485 - SUAS - DEBUG - [SUAS_main.main:745] - Waiting for mode change to: AUTO
2025-06-22 18:41:07,987 - SUAS - DEBUG - [SUAS_main.main:745] - Waiting for mode change to: AUTO
2025-06-22 18:41:08,489 - SUAS - DEBUG - [SUAS_main.main:745] - Waiting for mode change to: AUTO
2025-06-22 18:41:08,990 - SUAS - DEBUG - [SUAS_main.main:745] - Waiting for mode change to: AUTO
2025-06-22 18:41:09,492 - SUAS - DEBUG - [SUAS_main.main:745] - Waiting for mode change to: AUTO
2025-06-22 18:41:09,993 - SUAS - DEBUG - [SUAS_main.main:745] - Waiting for mode change to: AUTO
2025-06-22 18:41:10,495 - SUAS - DEBUG - [SUAS_main.main:745] - Waiting for mode change to: AUTO
2025-06-22 18:41:10,996 - SUAS - DEBUG - [SUAS_main.main:745] - Waiting for mode change to: AUTO
2025-06-22 18:41:11,498 - SUAS - DEBUG - [SUAS_main.main:745] - Waiting for mode change to: AUTO
2025-06-22 18:41:11,999 - SUAS - DEBUG - [SUAS_main.main:745] - Waiting for mode change to: AUTO
2025-06-22 18:41:12,501 - SUAS - DEBUG - [SUAS_main.main:745] - Waiting for mode change to: AUTO
2025-06-22 18:41:13,002 - SUAS - DEBUG - [SUAS_main.main:745] - Waiting for mode change to: AUTO
2025-06-22 18:41:13,504 - SUAS - DEBUG - [SUAS_main.main:745] - Waiting for mode change to: AUTO
2025-06-22 18:41:14,006 - SUAS - DEBUG - [SUAS_main.main:745] - Waiting for mode change to: AUTO
2025-06-22 18:41:14,508 - SUAS - DEBUG - [SUAS_main.main:745] - Waiting for mode change to: AUTO
2025-06-22 18:41:15,009 - SUAS - DEBUG - [SUAS_main.main:745] - Waiting for mode change to: AUTO
2025-06-22 18:41:15,511 - SUAS - DEBUG - [SUAS_main.main:745] - Waiting for mode change to: AUTO
2025-06-22 18:41:16,012 - SUAS - DEBUG - [SUAS_main.main:745] - Waiting for mode change to: AUTO
2025-06-22 18:41:16,514 - SUAS - DEBUG - [SUAS_main.main:745] - Waiting for mode change to: AUTO
2025-06-22 18:41:17,015 - SUAS - DEBUG - [SUAS_main.main:745] - Waiting for mode change to: AUTO
2025-06-22 18:41:17,516 - SUAS - DEBUG - [SUAS_main.main:745] - Waiting for mode change to: AUTO
2025-06-22 18:41:18,018 - SUAS - DEBUG - [SUAS_main.main:745] - Waiting for mode change to: AUTO
2025-06-22 18:41:18,519 - SUAS - DEBUG - [SUAS_main.main:745] - Waiting for mode change to: AUTO
2025-06-22 18:41:19,020 - SUAS - DEBUG - [SUAS_main.main:745] - Waiting for mode change to: AUTO
2025-06-22 18:41:19,522 - SUAS - DEBUG - [SUAS_main.main:745] - Waiting for mode change to: AUTO
2025-06-22 18:41:20,024 - SUAS - DEBUG - [SUAS_main.main:745] - Waiting for mode change to: AUTO
2025-06-22 18:41:20,526 - SUAS - DEBUG - [SUAS_main.main:745] - Waiting for mode change to: AUTO
2025-06-22 18:41:21,027 - SUAS - DEBUG - [SUAS_main.main:745] - Waiting for mode change to: AUTO
2025-06-22 18:41:21,528 - SUAS - DEBUG - [SUAS_main.main:745] - Waiting for mode change to: AUTO
2025-06-22 18:41:22,030 - SUAS - DEBUG - [SUAS_main.main:745] - Waiting for mode change to: AUTO
2025-06-22 18:41:22,531 - SUAS - DEBUG - [SUAS_main.main:745] - Waiting for mode change to: AUTO
2025-06-22 18:41:23,032 - SUAS - DEBUG - [SUAS_main.main:745] - Waiting for mode change to: AUTO
2025-06-22 18:41:23,534 - SUAS - DEBUG - [SUAS_main.main:745] - Waiting for mode change to: AUTO
2025-06-22 18:41:24,035 - SUAS - DEBUG - [SUAS_main.main:745] - Waiting for mode change to: AUTO
2025-06-22 18:41:24,536 - SUAS - DEBUG - [SUAS_main.main:745] - Waiting for mode change to: AUTO
2025-06-22 18:41:25,038 - SUAS - DEBUG - [SUAS_main.main:745] - Waiting for mode change to: AUTO
2025-06-22 18:41:25,539 - SUAS - DEBUG - [SUAS_main.main:745] - Waiting for mode change to: AUTO
2025-06-22 18:41:26,041 - SUAS - DEBUG - [SUAS_main.main:745] - Waiting for mode change to: AUTO
2025-06-22 18:41:26,542 - SUAS - DEBUG - [SUAS_main.main:745] - Waiting for mode change to: AUTO
2025-06-22 18:41:27,044 - SUAS - DEBUG - [SUAS_main.main:745] - Waiting for mode change to: AUTO
2025-06-22 18:41:27,545 - SUAS - DEBUG - [SUAS_main.main:745] - Waiting for mode change to: AUTO
2025-06-22 18:41:28,047 - SUAS - DEBUG - [SUAS_main.main:745] - Waiting for mode change to: AUTO
2025-06-22 18:41:28,548 - SUAS - DEBUG - [SUAS_main.main:745] - Waiting for mode change to: AUTO
2025-06-22 18:41:29,050 - SUAS - DEBUG - [SUAS_main.main:745] - Waiting for mode change to: AUTO
2025-06-22 18:41:29,551 - SUAS - DEBUG - [SUAS_main.main:745] - Waiting for mode change to: AUTO
2025-06-22 18:41:30,052 - SUAS - DEBUG - [SUAS_main.main:745] - Waiting for mode change to: AUTO
2025-06-22 18:41:30,554 - SUAS - DEBUG - [SUAS_main.main:745] - Waiting for mode change to: AUTO
2025-06-22 18:41:31,055 - SUAS - DEBUG - [SUAS_main.main:745] - Waiting for mode change to: AUTO
2025-06-22 18:41:31,556 - SUAS - DEBUG - [SUAS_main.main:745] - Waiting for mode change to: AUTO
2025-06-22 18:41:32,058 - SUAS - DEBUG - [SUAS_main.main:745] - Waiting for mode change to: AUTO
2025-06-22 18:41:32,560 - SUAS - DEBUG - [SUAS_main.main:745] - Waiting for mode change to: AUTO
2025-06-22 18:41:33,061 - SUAS - DEBUG - [SUAS_main.main:745] - Waiting for mode change to: AUTO
2025-06-22 18:41:33,563 - SUAS - DEBUG - [SUAS_main.main:745] - Waiting for mode change to: AUTO
2025-06-22 18:41:34,064 - SUAS - DEBUG - [SUAS_main.main:745] - Waiting for mode change to: AUTO
2025-06-22 18:41:34,566 - SUAS - DEBUG - [SUAS_main.main:745] - Waiting for mode change to: AUTO
2025-06-22 18:41:35,067 - SUAS - DEBUG - [SUAS_main.main:745] - Waiting for mode change to: AUTO
2025-06-22 18:41:35,568 - SUAS - DEBUG - [SUAS_main.main:745] - Waiting for mode change to: AUTO
2025-06-22 18:41:36,070 - SUAS - DEBUG - [SUAS_main.main:745] - Waiting for mode change to: AUTO
2025-06-22 18:41:36,571 - SUAS - DEBUG - [SUAS_main.main:745] - Waiting for mode change to: AUTO
2025-06-22 18:41:37,072 - SUAS - DEBUG - [SUAS_main.main:745] - Waiting for mode change to: AUTO
2025-06-22 18:41:37,574 - SUAS - DEBUG - [SUAS_main.main:745] - Waiting for mode change to: AUTO
2025-06-22 18:41:38,075 - SUAS - DEBUG - [SUAS_main.main:745] - Waiting for mode change to: AUTO
2025-06-22 18:41:38,577 - SUAS - DEBUG - [SUAS_main.main:745] - Waiting for mode change to: AUTO
2025-06-22 18:41:39,078 - SUAS - DEBUG - [SUAS_main.main:745] - Waiting for mode change to: AUTO
2025-06-22 18:41:39,580 - SUAS - DEBUG - [SUAS_main.main:745] - Waiting for mode change to: AUTO
2025-06-22 18:41:40,081 - SUAS - DEBUG - [SUAS_main.main:745] - Waiting for mode change to: AUTO
2025-06-22 18:41:40,583 - SUAS - DEBUG - [SUAS_main.main:745] - Waiting for mode change to: AUTO
2025-06-22 18:41:41,084 - SUAS - DEBUG - [SUAS_main.main:745] - Waiting for mode change to: AUTO
2025-06-22 18:41:41,586 - SUAS - DEBUG - [SUAS_main.main:745] - Waiting for mode change to: AUTO
2025-06-22 18:41:42,087 - SUAS - DEBUG - [SUAS_main.main:745] - Waiting for mode change to: AUTO
2025-06-22 18:41:42,588 - SUAS - DEBUG - [SUAS_main.main:745] - Waiting for mode change to: AUTO
2025-06-22 18:41:43,090 - SUAS - DEBUG - [SUAS_main.main:745] - Waiting for mode change to: AUTO
2025-06-22 18:41:43,592 - SUAS - DEBUG - [SUAS_main.main:745] - Waiting for mode change to: AUTO
2025-06-22 18:41:44,093 - SUAS - DEBUG - [SUAS_main.main:745] - Waiting for mode change to: AUTO
2025-06-22 18:41:44,595 - SUAS - DEBUG - [SUAS_main.main:745] - Waiting for mode change to: AUTO
2025-06-22 18:41:45,096 - SUAS - DEBUG - [SUAS_main.main:745] - Waiting for mode change to: AUTO
2025-06-22 18:41:45,598 - SUAS - DEBUG - [SUAS_main.main:745] - Waiting for mode change to: AUTO
2025-06-22 18:41:46,099 - SUAS - DEBUG - [SUAS_main.main:745] - Waiting for mode change to: AUTO
2025-06-22 18:41:46,601 - SUAS - DEBUG - [SUAS_main.main:745] - Waiting for mode change to: AUTO
2025-06-22 18:41:47,102 - SUAS - DEBUG - [SUAS_main.main:745] - Waiting for mode change to: AUTO
2025-06-22 18:41:47,604 - SUAS - DEBUG - [SUAS_main.main:745] - Waiting for mode change to: AUTO
2025-06-22 18:41:48,105 - SUAS - DEBUG - [SUAS_main.main:745] - Waiting for mode change to: AUTO
2025-06-22 18:41:48,607 - SUAS - DEBUG - [SUAS_main.main:745] - Waiting for mode change to: AUTO
2025-06-22 18:41:49,108 - SUAS - DEBUG - [SUAS_main.main:745] - Waiting for mode change to: AUTO
2025-06-22 18:41:49,610 - SUAS - DEBUG - [SUAS_main.main:745] - Waiting for mode change to: AUTO
2025-06-22 18:41:50,112 - SUAS - DEBUG - [SUAS_main.main:745] - Waiting for mode change to: AUTO
2025-06-22 18:41:50,613 - SUAS - DEBUG - [SUAS_main.main:745] - Waiting for mode change to: AUTO
2025-06-22 18:41:51,114 - SUAS - DEBUG - [SUAS_main.main:745] - Waiting for mode change to: AUTO
2025-06-22 18:41:51,616 - SUAS - DEBUG - [SUAS_main.main:745] - Waiting for mode change to: AUTO
2025-06-22 18:41:52,117 - SUAS - DEBUG - [SUAS_main.main:745] - Waiting for mode change to: AUTO
2025-06-22 18:41:52,619 - SUAS - DEBUG - [SUAS_main.main:745] - Waiting for mode change to: AUTO
2025-06-22 18:41:53,120 - SUAS - DEBUG - [SUAS_main.main:745] - Waiting for mode change to: AUTO
2025-06-22 18:41:53,622 - SUAS - DEBUG - [SUAS_main.main:745] - Waiting for mode change to: AUTO
2025-06-22 18:41:54,123 - SUAS - DEBUG - [SUAS_main.main:745] - Waiting for mode change to: AUTO
2025-06-22 18:41:54,625 - SUAS - DEBUG - [SUAS_main.main:745] - Waiting for mode change to: AUTO
2025-06-22 18:41:55,126 - SUAS - DEBUG - [SUAS_main.main:745] - Waiting for mode change to: AUTO
2025-06-22 18:41:55,628 - SUAS - DEBUG - [SUAS_main.main:745] - Waiting for mode change to: AUTO
2025-06-22 18:41:56,130 - SUAS - DEBUG - [SUAS_main.main:745] - Waiting for mode change to: AUTO
2025-06-22 18:41:56,632 - SUAS - DEBUG - [SUAS_main.main:745] - Waiting for mode change to: AUTO
2025-06-22 18:41:57,134 - SUAS - DEBUG - [SUAS_main.main:745] - Waiting for mode change to: AUTO
2025-06-22 18:41:57,635 - SUAS - DEBUG - [SUAS_main.main:745] - Waiting for mode change to: AUTO
2025-06-22 18:41:58,136 - SUAS - DEBUG - [SUAS_main.main:745] - Waiting for mode change to: AUTO
2025-06-22 18:41:58,638 - SUAS - DEBUG - [SUAS_main.main:745] - Waiting for mode change to: AUTO
2025-06-22 18:41:59,139 - SUAS - DEBUG - [SUAS_main.main:745] - Waiting for mode change to: AUTO
2025-06-22 18:41:59,641 - SUAS - DEBUG - [SUAS_main.main:745] - Waiting for mode change to: AUTO
2025-06-22 18:42:00,142 - SUAS - DEBUG - [SUAS_main.main:745] - Waiting for mode change to: AUTO
2025-06-22 18:42:00,644 - SUAS - DEBUG - [SUAS_main.main:745] - Waiting for mode change to: AUTO
2025-06-22 18:42:01,146 - SUAS - DEBUG - [SUAS_main.main:745] - Waiting for mode change to: AUTO
2025-06-22 18:42:01,647 - SUAS - DEBUG - [SUAS_main.main:745] - Waiting for mode change to: AUTO
2025-06-22 18:42:02,149 - SUAS - DEBUG - [SUAS_main.main:745] - Waiting for mode change to: AUTO
2025-06-22 18:42:02,650 - SUAS - DEBUG - [SUAS_main.main:745] - Waiting for mode change to: AUTO
2025-06-22 18:42:03,152 - SUAS - DEBUG - [SUAS_main.main:745] - Waiting for mode change to: AUTO
2025-06-22 18:42:03,653 - SUAS - DEBUG - [SUAS_main.main:745] - Waiting for mode change to: AUTO
2025-06-22 18:42:04,155 - SUAS - DEBUG - [SUAS_main.main:745] - Waiting for mode change to: AUTO
2025-06-22 18:42:04,656 - SUAS - DEBUG - [SUAS_main.main:745] - Waiting for mode change to: AUTO
2025-06-22 18:42:05,158 - SUAS - DEBUG - [SUAS_main.main:745] - Waiting for mode change to: AUTO
2025-06-22 18:42:05,659 - SUAS - DEBUG - [SUAS_main.main:745] - Waiting for mode change to: AUTO
2025-06-22 18:42:06,160 - SUAS - DEBUG - [SUAS_main.main:745] - Waiting for mode change to: AUTO
2025-06-22 18:42:06,662 - SUAS - DEBUG - [SUAS_main.main:745] - Waiting for mode change to: AUTO
2025-06-22 18:42:07,163 - SUAS - DEBUG - [SUAS_main.main:745] - Waiting for mode change to: AUTO
2025-06-22 18:42:07,665 - SUAS - DEBUG - [SUAS_main.main:745] - Waiting for mode change to: AUTO
2025-06-22 18:42:08,167 - SUAS - DEBUG - [SUAS_main.main:745] - Waiting for mode change to: AUTO
2025-06-22 18:42:08,668 - SUAS - DEBUG - [SUAS_main.main:745] - Waiting for mode change to: AUTO
2025-06-22 18:42:09,170 - SUAS - DEBUG - [SUAS_main.main:745] - Waiting for mode change to: AUTO
2025-06-22 18:42:09,671 - SUAS - DEBUG - [SUAS_main.main:745] - Waiting for mode change to: AUTO
2025-06-22 18:42:10,172 - SUAS - DEBUG - [SUAS_main.main:745] - Waiting for mode change to: AUTO
2025-06-22 18:42:10,674 - SUAS - DEBUG - [SUAS_main.main:745] - Waiting for mode change to: AUTO
2025-06-22 18:42:11,175 - SUAS - DEBUG - [SUAS_main.main:745] - Waiting for mode change to: AUTO
2025-06-22 18:42:11,677 - SUAS - DEBUG - [SUAS_main.main:745] - Waiting for mode change to: AUTO
2025-06-22 18:42:12,179 - SUAS - DEBUG - [SUAS_main.main:745] - Waiting for mode change to: AUTO
2025-06-22 18:42:12,680 - SUAS - DEBUG - [SUAS_main.main:745] - Waiting for mode change to: AUTO
2025-06-22 18:42:13,182 - SUAS - DEBUG - [SUAS_main.main:745] - Waiting for mode change to: AUTO
2025-06-22 18:42:13,683 - SUAS - DEBUG - [SUAS_main.main:745] - Waiting for mode change to: AUTO
2025-06-22 18:42:14,184 - SUAS - DEBUG - [SUAS_main.main:745] - Waiting for mode change to: AUTO
2025-06-22 18:42:14,686 - SUAS - DEBUG - [SUAS_main.main:745] - Waiting for mode change to: AUTO
2025-06-22 18:42:15,187 - SUAS - DEBUG - [SUAS_main.main:745] - Waiting for mode change to: AUTO
2025-06-22 18:42:15,689 - SUAS - DEBUG - [SUAS_main.main:745] - Waiting for mode change to: AUTO
2025-06-22 18:42:16,190 - SUAS - DEBUG - [SUAS_main.main:745] - Waiting for mode change to: AUTO
2025-06-22 18:42:16,692 - SUAS - DEBUG - [SUAS_main.main:745] - Waiting for mode change to: AUTO
2025-06-22 18:42:17,194 - SUAS - DEBUG - [SUAS_main.main:745] - Waiting for mode change to: AUTO
2025-06-22 18:42:17,696 - SUAS - DEBUG - [SUAS_main.main:745] - Waiting for mode change to: AUTO
2025-06-22 18:42:18,197 - SUAS - DEBUG - [SUAS_main.main:745] - Waiting for mode change to: AUTO
2025-06-22 18:42:18,699 - SUAS - DEBUG - [SUAS_main.main:745] - Waiting for mode change to: AUTO
2025-06-22 18:42:19,200 - SUAS - DEBUG - [SUAS_main.main:745] - Waiting for mode change to: AUTO
2025-06-22 18:42:19,702 - SUAS - DEBUG - [SUAS_main.main:745] - Waiting for mode change to: AUTO
2025-06-22 18:42:20,203 - SUAS - DEBUG - [SUAS_main.main:745] - Waiting for mode change to: AUTO
2025-06-22 18:42:20,705 - SUAS - DEBUG - [SUAS_main.main:745] - Waiting for mode change to: AUTO
2025-06-22 18:42:21,206 - SUAS - DEBUG - [SUAS_main.main:745] - Waiting for mode change to: AUTO
2025-06-22 18:42:21,708 - SUAS - DEBUG - [SUAS_main.main:745] - Waiting for mode change to: AUTO
2025-06-22 18:42:22,209 - SUAS - DEBUG - [SUAS_main.main:745] - Waiting for mode change to: AUTO
2025-06-22 18:42:22,711 - SUAS - DEBUG - [SUAS_main.main:745] - Waiting for mode change to: AUTO
2025-06-22 18:42:23,213 - SUAS - DEBUG - [SUAS_main.main:745] - Waiting for mode change to: AUTO
2025-06-22 18:42:23,715 - SUAS - DEBUG - [SUAS_main.main:745] - Waiting for mode change to: AUTO
2025-06-22 18:42:24,216 - SUAS - DEBUG - [SUAS_main.main:745] - Waiting for mode change to: AUTO
2025-06-22 18:42:24,718 - SUAS - DEBUG - [SUAS_main.main:745] - Waiting for mode change to: AUTO
2025-06-22 18:42:25,220 - SUAS - DEBUG - [SUAS_main.main:745] - Waiting for mode change to: AUTO
2025-06-22 18:42:25,721 - SUAS - DEBUG - [SUAS_main.main:745] - Waiting for mode change to: AUTO
2025-06-22 18:42:26,223 - SUAS - DEBUG - [SUAS_main.main:745] - Waiting for mode change to: AUTO
2025-06-22 18:42:26,724 - SUAS - DEBUG - [SUAS_main.main:745] - Waiting for mode change to: AUTO
2025-06-22 18:42:27,226 - SUAS - DEBUG - [SUAS_main.main:745] - Waiting for mode change to: AUTO
2025-06-22 18:42:27,727 - SUAS - DEBUG - [SUAS_main.main:745] - Waiting for mode change to: AUTO
2025-06-22 18:42:28,228 - SUAS - DEBUG - [SUAS_main.main:745] - Waiting for mode change to: AUTO
2025-06-22 18:42:28,730 - SUAS - DEBUG - [SUAS_main.main:745] - Waiting for mode change to: AUTO
2025-06-22 18:42:29,231 - SUAS - DEBUG - [SUAS_main.main:745] - Waiting for mode change to: AUTO
2025-06-22 18:42:29,732 - SUAS - DEBUG - [SUAS_main.main:745] - Waiting for mode change to: AUTO
2025-06-22 18:42:30,234 - SUAS - DEBUG - [SUAS_main.main:745] - Waiting for mode change to: AUTO
2025-06-22 18:42:30,736 - SUAS - DEBUG - [SUAS_main.main:745] - Waiting for mode change to: AUTO
2025-06-22 18:42:31,237 - SUAS - DEBUG - [SUAS_main.main:745] - Waiting for mode change to: AUTO
2025-06-22 18:42:31,739 - SUAS - DEBUG - [SUAS_main.main:745] - Waiting for mode change to: AUTO
2025-06-22 18:42:32,240 - SUAS - DEBUG - [SUAS_main.main:745] - Waiting for mode change to: AUTO
2025-06-22 18:42:32,742 - SUAS - DEBUG - [SUAS_main.main:745] - Waiting for mode change to: AUTO
2025-06-22 18:42:33,243 - SUAS - DEBUG - [SUAS_main.main:745] - Waiting for mode change to: AUTO
2025-06-22 18:42:33,744 - SUAS - DEBUG - [SUAS_main.main:745] - Waiting for mode change to: AUTO
2025-06-22 18:42:34,246 - SUAS - DEBUG - [SUAS_main.main:745] - Waiting for mode change to: AUTO
2025-06-22 18:42:34,747 - SUAS - DEBUG - [SUAS_main.main:745] - Waiting for mode change to: AUTO
2025-06-22 18:42:35,249 - SUAS - DEBUG - [SUAS_main.main:745] - Waiting for mode change to: AUTO
2025-06-22 18:42:35,750 - SUAS - DEBUG - [SUAS_main.main:745] - Waiting for mode change to: AUTO
2025-06-22 18:42:36,252 - SUAS - DEBUG - [SUAS_main.main:745] - Waiting for mode change to: AUTO
2025-06-22 18:42:36,753 - SUAS - DEBUG - [SUAS_main.main:745] - Waiting for mode change to: AUTO
2025-06-22 18:42:37,255 - SUAS - DEBUG - [SUAS_main.main:745] - Waiting for mode change to: AUTO
2025-06-22 18:42:37,756 - SUAS - DEBUG - [SUAS_main.main:745] - Waiting for mode change to: AUTO
2025-06-22 18:42:38,258 - SUAS - DEBUG - [SUAS_main.main:745] - Waiting for mode change to: AUTO
2025-06-22 18:42:38,759 - SUAS - DEBUG - [SUAS_main.main:745] - Waiting for mode change to: AUTO
2025-06-22 18:42:39,260 - SUAS - DEBUG - [SUAS_main.main:745] - Waiting for mode change to: AUTO
2025-06-22 18:42:39,761 - SUAS - DEBUG - [SUAS_main.main:745] - Waiting for mode change to: AUTO
2025-06-22 18:42:40,262 - SUAS - DEBUG - [SUAS_main.main:745] - Waiting for mode change to: AUTO
2025-06-22 18:42:40,764 - SUAS - DEBUG - [SUAS_main.main:745] - Waiting for mode change to: AUTO
2025-06-22 18:42:41,265 - SUAS - DEBUG - [SUAS_main.main:745] - Waiting for mode change to: AUTO
2025-06-22 18:42:41,767 - SUAS - DEBUG - [SUAS_main.main:745] - Waiting for mode change to: AUTO
2025-06-22 18:42:42,268 - SUAS - DEBUG - [SUAS_main.main:745] - Waiting for mode change to: AUTO
2025-06-22 18:42:42,770 - SUAS - DEBUG - [SUAS_main.main:745] - Waiting for mode change to: AUTO
2025-06-22 18:42:43,271 - SUAS - DEBUG - [SUAS_main.main:745] - Waiting for mode change to: AUTO
2025-06-22 18:42:43,773 - SUAS - DEBUG - [SUAS_main.main:745] - Waiting for mode change to: AUTO
2025-06-22 18:42:44,274 - SUAS - DEBUG - [SUAS_main.main:745] - Waiting for mode change to: AUTO
2025-06-22 18:42:44,776 - SUAS - DEBUG - [SUAS_main.main:745] - Waiting for mode change to: AUTO
2025-06-22 18:42:45,277 - SUAS - DEBUG - [SUAS_main.main:745] - Waiting for mode change to: AUTO
2025-06-22 18:42:45,779 - SUAS - DEBUG - [SUAS_main.main:745] - Waiting for mode change to: AUTO
2025-06-22 18:42:46,280 - SUAS - DEBUG - [SUAS_main.main:745] - Waiting for mode change to: AUTO
2025-06-22 18:42:46,782 - SUAS - DEBUG - [SUAS_main.main:745] - Waiting for mode change to: AUTO
2025-06-22 18:42:47,283 - SUAS - DEBUG - [SUAS_main.main:745] - Waiting for mode change to: AUTO
2025-06-22 18:42:47,784 - SUAS - DEBUG - [SUAS_main.main:745] - Waiting for mode change to: AUTO
2025-06-22 18:42:48,286 - SUAS - DEBUG - [SUAS_main.main:745] - Waiting for mode change to: AUTO
2025-06-22 18:42:48,787 - SUAS - DEBUG - [SUAS_main.main:745] - Waiting for mode change to: AUTO
2025-06-22 18:42:49,289 - SUAS - DEBUG - [SUAS_main.main:745] - Waiting for mode change to: AUTO
2025-06-22 18:42:49,790 - SUAS - DEBUG - [SUAS_main.main:745] - Waiting for mode change to: AUTO
2025-06-22 18:42:50,292 - SUAS - DEBUG - [SUAS_main.main:745] - Waiting for mode change to: AUTO
2025-06-22 18:42:50,793 - SUAS - DEBUG - [SUAS_main.main:745] - Waiting for mode change to: AUTO
2025-06-22 18:42:51,295 - SUAS - DEBUG - [SUAS_main.main:745] - Waiting for mode change to: AUTO
2025-06-22 18:42:51,796 - SUAS - DEBUG - [SUAS_main.main:745] - Waiting for mode change to: AUTO
2025-06-22 18:42:52,298 - SUAS - DEBUG - [SUAS_main.main:745] - Waiting for mode change to: AUTO
2025-06-22 18:42:52,799 - SUAS - DEBUG - [SUAS_main.main:745] - Waiting for mode change to: AUTO
2025-06-22 18:42:53,300 - SUAS - DEBUG - [SUAS_main.main:745] - Waiting for mode change to: AUTO
2025-06-22 18:42:53,802 - SUAS - DEBUG - [SUAS_main.main:745] - Waiting for mode change to: AUTO
2025-06-22 18:42:54,303 - SUAS - DEBUG - [SUAS_main.main:745] - Waiting for mode change to: AUTO
2025-06-22 18:42:54,805 - SUAS - DEBUG - [SUAS_main.main:745] - Waiting for mode change to: AUTO
2025-06-22 18:42:55,307 - SUAS - DEBUG - [SUAS_main.main:745] - Waiting for mode change to: AUTO
2025-06-22 18:42:55,808 - SUAS - DEBUG - [SUAS_main.main:745] - Waiting for mode change to: AUTO
2025-06-22 18:42:56,310 - SUAS - DEBUG - [SUAS_main.main:745] - Waiting for mode change to: AUTO
2025-06-22 18:42:56,811 - SUAS - DEBUG - [SUAS_main.main:745] - Waiting for mode change to: AUTO
2025-06-22 18:42:57,312 - SUAS - DEBUG - [SUAS_main.main:745] - Waiting for mode change to: AUTO
2025-06-22 18:42:57,814 - SUAS - DEBUG - [SUAS_main.main:745] - Waiting for mode change to: AUTO
2025-06-22 18:42:58,315 - SUAS - DEBUG - [SUAS_main.main:745] - Waiting for mode change to: AUTO
2025-06-22 18:42:58,816 - SUAS - DEBUG - [SUAS_main.main:745] - Waiting for mode change to: AUTO
2025-06-22 18:42:59,317 - SUAS - DEBUG - [SUAS_main.main:745] - Waiting for mode change to: AUTO
2025-06-22 18:42:59,819 - SUAS - DEBUG - [SUAS_main.main:745] - Waiting for mode change to: AUTO
2025-06-22 18:43:00,320 - SUAS - DEBUG - [SUAS_main.main:745] - Waiting for mode change to: AUTO
2025-06-22 18:43:00,822 - SUAS - DEBUG - [SUAS_main.main:745] - Waiting for mode change to: AUTO
2025-06-22 18:43:01,324 - SUAS - DEBUG - [SUAS_main.main:745] - Waiting for mode change to: AUTO
2025-06-22 18:43:01,825 - SUAS - DEBUG - [SUAS_main.main:745] - Waiting for mode change to: AUTO
2025-06-22 18:43:02,327 - SUAS - DEBUG - [SUAS_main.main:745] - Waiting for mode change to: AUTO
2025-06-22 18:43:02,828 - SUAS - DEBUG - [SUAS_main.main:745] - Waiting for mode change to: AUTO
2025-06-22 18:43:03,330 - SUAS - DEBUG - [SUAS_main.main:745] - Waiting for mode change to: AUTO
2025-06-22 18:43:03,831 - SUAS - DEBUG - [SUAS_main.main:745] - Waiting for mode change to: AUTO
2025-06-22 18:43:04,332 - SUAS - DEBUG - [SUAS_main.main:745] - Waiting for mode change to: AUTO
2025-06-22 18:43:04,833 - SUAS - DEBUG - [SUAS_main.main:745] - Waiting for mode change to: AUTO
2025-06-22 18:43:05,335 - SUAS - DEBUG - [SUAS_main.main:745] - Waiting for mode change to: AUTO
2025-06-22 18:43:05,836 - SUAS - DEBUG - [SUAS_main.main:745] - Waiting for mode change to: AUTO
2025-06-22 18:43:06,337 - SUAS - DEBUG - [SUAS_main.main:745] - Waiting for mode change to: AUTO
2025-06-22 18:43:06,839 - SUAS - DEBUG - [SUAS_main.main:745] - Waiting for mode change to: AUTO
2025-06-22 18:43:07,340 - SUAS - DEBUG - [SUAS_main.main:745] - Waiting for mode change to: AUTO
2025-06-22 18:43:07,842 - SUAS - DEBUG - [SUAS_main.main:745] - Waiting for mode change to: AUTO
2025-06-22 18:43:08,344 - SUAS - DEBUG - [SUAS_main.main:745] - Waiting for mode change to: AUTO
2025-06-22 18:43:08,845 - SUAS - DEBUG - [SUAS_main.main:745] - Waiting for mode change to: AUTO
2025-06-22 18:43:09,347 - SUAS - DEBUG - [SUAS_main.main:745] - Waiting for mode change to: AUTO
2025-06-22 18:43:09,848 - SUAS - DEBUG - [SUAS_main.main:745] - Waiting for mode change to: AUTO
2025-06-22 18:43:10,350 - SUAS - DEBUG - [SUAS_main.main:745] - Waiting for mode change to: AUTO
2025-06-22 18:43:10,851 - SUAS - DEBUG - [SUAS_main.main:745] - Waiting for mode change to: AUTO
2025-06-22 18:43:11,352 - SUAS - DEBUG - [SUAS_main.main:745] - Waiting for mode change to: AUTO
2025-06-22 18:43:11,854 - SUAS - DEBUG - [SUAS_main.main:745] - Waiting for mode change to: AUTO
2025-06-22 18:43:12,355 - SUAS - DEBUG - [SUAS_main.main:745] - Waiting for mode change to: AUTO
2025-06-22 18:43:12,856 - SUAS - DEBUG - [SUAS_main.main:745] - Waiting for mode change to: AUTO
2025-06-22 18:43:13,357 - SUAS - DEBUG - [SUAS_main.main:745] - Waiting for mode change to: AUTO
2025-06-22 18:43:13,859 - SUAS - DEBUG - [SUAS_main.main:745] - Waiting for mode change to: AUTO
2025-06-22 18:43:14,360 - SUAS - DEBUG - [SUAS_main.main:745] - Waiting for mode change to: AUTO
2025-06-22 18:43:14,862 - SUAS - DEBUG - [SUAS_main.main:745] - Waiting for mode change to: AUTO
2025-06-22 18:43:15,363 - SUAS - DEBUG - [SUAS_main.main:745] - Waiting for mode change to: AUTO
2025-06-22 18:43:15,865 - SUAS - DEBUG - [SUAS_main.main:745] - Waiting for mode change to: AUTO
2025-06-22 18:43:16,366 - SUAS - DEBUG - [SUAS_main.main:745] - Waiting for mode change to: AUTO
2025-06-22 18:43:16,868 - SUAS - DEBUG - [SUAS_main.main:745] - Waiting for mode change to: AUTO
2025-06-22 18:43:17,369 - SUAS - DEBUG - [SUAS_main.main:745] - Waiting for mode change to: AUTO
2025-06-22 18:43:17,871 - SUAS - DEBUG - [SUAS_main.main:745] - Waiting for mode change to: AUTO
2025-06-22 18:43:18,372 - SUAS - DEBUG - [SUAS_main.main:745] - Waiting for mode change to: AUTO
2025-06-22 18:43:18,874 - SUAS - DEBUG - [SUAS_main.main:745] - Waiting for mode change to: AUTO
2025-06-22 18:43:19,375 - SUAS - DEBUG - [SUAS_main.main:745] - Waiting for mode change to: AUTO
2025-06-22 18:43:19,877 - SUAS - DEBUG - [SUAS_main.main:745] - Waiting for mode change to: AUTO
2025-06-22 18:43:20,378 - SUAS - DEBUG - [SUAS_main.main:745] - Waiting for mode change to: AUTO
2025-06-22 18:43:20,880 - SUAS - DEBUG - [SUAS_main.main:745] - Waiting for mode change to: AUTO
2025-06-22 18:43:21,382 - SUAS - DEBUG - [SUAS_main.main:745] - Waiting for mode change to: AUTO
2025-06-22 18:43:21,883 - SUAS - DEBUG - [SUAS_main.main:745] - Waiting for mode change to: AUTO
2025-06-22 18:43:22,384 - SUAS - DEBUG - [SUAS_main.main:745] - Waiting for mode change to: AUTO
2025-06-22 18:43:22,886 - SUAS - DEBUG - [SUAS_main.main:745] - Waiting for mode change to: AUTO
2025-06-22 18:43:23,387 - SUAS - DEBUG - [SUAS_main.main:745] - Waiting for mode change to: AUTO
2025-06-22 18:43:23,888 - SUAS - DEBUG - [SUAS_main.main:745] - Waiting for mode change to: AUTO
2025-06-22 18:43:24,390 - SUAS - DEBUG - [SUAS_main.main:745] - Waiting for mode change to: AUTO
2025-06-22 18:43:24,891 - SUAS - DEBUG - [SUAS_main.main:745] - Waiting for mode change to: AUTO
2025-06-22 18:43:25,392 - SUAS - DEBUG - [SUAS_main.main:745] - Waiting for mode change to: AUTO
2025-06-22 18:43:25,894 - SUAS - DEBUG - [SUAS_main.main:745] - Waiting for mode change to: AUTO
2025-06-22 18:43:26,396 - SUAS - DEBUG - [SUAS_main.main:745] - Waiting for mode change to: AUTO
2025-06-22 18:43:26,897 - SUAS - DEBUG - [SUAS_main.main:745] - Waiting for mode change to: AUTO
2025-06-22 18:43:27,399 - SUAS - DEBUG - [SUAS_main.main:745] - Waiting for mode change to: AUTO
2025-06-22 18:43:27,900 - SUAS - DEBUG - [SUAS_main.main:745] - Waiting for mode change to: AUTO
2025-06-22 18:43:28,401 - SUAS - DEBUG - [SUAS_main.main:745] - Waiting for mode change to: AUTO
2025-06-22 18:43:28,903 - SUAS - DEBUG - [SUAS_main.main:745] - Waiting for mode change to: AUTO
2025-06-22 18:43:29,404 - SUAS - DEBUG - [SUAS_main.main:745] - Waiting for mode change to: AUTO
2025-06-22 18:43:29,906 - SUAS - DEBUG - [SUAS_main.main:745] - Waiting for mode change to: AUTO
2025-06-22 18:43:30,407 - SUAS - DEBUG - [SUAS_main.main:745] - Waiting for mode change to: AUTO
2025-06-22 18:43:30,908 - SUAS - DEBUG - [SUAS_main.main:745] - Waiting for mode change to: AUTO
2025-06-22 18:43:31,410 - SUAS - DEBUG - [SUAS_main.main:745] - Waiting for mode change to: AUTO
2025-06-22 18:43:31,912 - SUAS - DEBUG - [SUAS_main.main:745] - Waiting for mode change to: AUTO
2025-06-22 18:43:32,413 - SUAS - DEBUG - [SUAS_main.main:745] - Waiting for mode change to: AUTO
2025-06-22 18:43:32,915 - SUAS - DEBUG - [SUAS_main.main:745] - Waiting for mode change to: AUTO
2025-06-22 18:43:33,417 - SUAS - DEBUG - [SUAS_main.main:745] - Waiting for mode change to: AUTO
2025-06-22 18:43:33,918 - SUAS - DEBUG - [SUAS_main.main:745] - Waiting for mode change to: AUTO
2025-06-22 18:43:34,420 - SUAS - DEBUG - [SUAS_main.main:745] - Waiting for mode change to: AUTO
2025-06-22 18:43:34,921 - SUAS - DEBUG - [SUAS_main.main:745] - Waiting for mode change to: AUTO
2025-06-22 18:43:35,423 - SUAS - DEBUG - [SUAS_main.main:745] - Waiting for mode change to: AUTO
2025-06-22 18:43:35,924 - SUAS - DEBUG - [SUAS_main.main:745] - Waiting for mode change to: AUTO
2025-06-22 18:43:36,425 - SUAS - DEBUG - [SUAS_main.main:745] - Waiting for mode change to: AUTO
2025-06-22 18:43:36,927 - SUAS - DEBUG - [SUAS_main.main:745] - Waiting for mode change to: AUTO
2025-06-22 18:43:37,428 - SUAS - DEBUG - [SUAS_main.main:745] - Waiting for mode change to: AUTO
2025-06-22 18:43:37,930 - SUAS - DEBUG - [SUAS_main.main:745] - Waiting for mode change to: AUTO
2025-06-22 18:43:38,432 - SUAS - DEBUG - [SUAS_main.main:745] - Waiting for mode change to: AUTO
2025-06-22 18:43:38,933 - SUAS - DEBUG - [SUAS_main.main:745] - Waiting for mode change to: AUTO
2025-06-22 18:43:39,435 - SUAS - DEBUG - [SUAS_main.main:745] - Waiting for mode change to: AUTO
2025-06-22 18:43:39,936 - SUAS - DEBUG - [SUAS_main.main:745] - Waiting for mode change to: AUTO
2025-06-22 18:43:40,437 - SUAS - DEBUG - [SUAS_main.main:745] - Waiting for mode change to: AUTO
2025-06-22 18:43:40,939 - SUAS - DEBUG - [SUAS_main.main:745] - Waiting for mode change to: AUTO
2025-06-22 18:43:41,440 - SUAS - DEBUG - [SUAS_main.main:745] - Waiting for mode change to: AUTO
2025-06-22 18:43:41,942 - SUAS - DEBUG - [SUAS_main.main:745] - Waiting for mode change to: AUTO
2025-06-22 18:43:42,443 - SUAS - DEBUG - [SUAS_main.main:745] - Waiting for mode change to: AUTO
2025-06-22 18:43:42,945 - SUAS - DEBUG - [SUAS_main.main:745] - Waiting for mode change to: AUTO
2025-06-22 18:43:43,446 - SUAS - DEBUG - [SUAS_main.main:745] - Waiting for mode change to: AUTO
2025-06-22 18:43:43,948 - SUAS - DEBUG - [SUAS_main.main:745] - Waiting for mode change to: AUTO
2025-06-22 18:43:44,449 - SUAS - DEBUG - [SUAS_main.main:745] - Waiting for mode change to: AUTO
2025-06-22 18:43:44,951 - SUAS - DEBUG - [SUAS_main.main:745] - Waiting for mode change to: AUTO
2025-06-22 18:43:45,452 - SUAS - DEBUG - [SUAS_main.main:745] - Waiting for mode change to: AUTO
2025-06-22 18:43:45,954 - SUAS - DEBUG - [SUAS_main.main:745] - Waiting for mode change to: AUTO
2025-06-22 18:43:46,455 - SUAS - DEBUG - [SUAS_main.main:745] - Waiting for mode change to: AUTO
2025-06-22 18:43:46,956 - SUAS - DEBUG - [SUAS_main.main:745] - Waiting for mode change to: AUTO
2025-06-22 18:43:47,458 - SUAS - DEBUG - [SUAS_main.main:745] - Waiting for mode change to: AUTO
2025-06-22 18:43:47,959 - SUAS - DEBUG - [SUAS_main.main:745] - Waiting for mode change to: AUTO
2025-06-22 18:43:48,460 - SUAS - DEBUG - [SUAS_main.main:745] - Waiting for mode change to: AUTO
2025-06-22 18:43:48,962 - SUAS - DEBUG - [SUAS_main.main:745] - Waiting for mode change to: AUTO
2025-06-22 18:43:49,464 - SUAS - DEBUG - [SUAS_main.main:745] - Waiting for mode change to: AUTO
2025-06-22 18:43:49,965 - SUAS - DEBUG - [SUAS_main.main:745] - Waiting for mode change to: AUTO
2025-06-22 18:43:50,467 - SUAS - DEBUG - [SUAS_main.main:745] - Waiting for mode change to: AUTO
2025-06-22 18:43:50,968 - SUAS - DEBUG - [SUAS_main.main:745] - Waiting for mode change to: AUTO
2025-06-22 18:43:51,470 - SUAS - DEBUG - [SUAS_main.main:745] - Waiting for mode change to: AUTO
2025-06-22 18:43:51,971 - SUAS - DEBUG - [SUAS_main.main:745] - Waiting for mode change to: AUTO
2025-06-22 18:43:52,472 - SUAS - DEBUG - [SUAS_main.main:745] - Waiting for mode change to: AUTO
2025-06-22 18:43:52,974 - SUAS - DEBUG - [SUAS_main.main:745] - Waiting for mode change to: AUTO
2025-06-22 18:43:53,475 - SUAS - DEBUG - [SUAS_main.main:745] - Waiting for mode change to: AUTO
2025-06-22 18:43:53,976 - SUAS - DEBUG - [SUAS_main.main:745] - Waiting for mode change to: AUTO
2025-06-22 18:43:54,478 - SUAS - DEBUG - [SUAS_main.main:745] - Waiting for mode change to: AUTO
2025-06-22 18:43:54,979 - SUAS - DEBUG - [SUAS_main.main:745] - Waiting for mode change to: AUTO
2025-06-22 18:43:55,481 - SUAS - DEBUG - [SUAS_main.main:745] - Waiting for mode change to: AUTO
2025-06-22 18:43:55,983 - SUAS - DEBUG - [SUAS_main.main:745] - Waiting for mode change to: AUTO
2025-06-22 18:43:56,485 - SUAS - DEBUG - [SUAS_main.main:745] - Waiting for mode change to: AUTO
2025-06-22 18:43:56,986 - SUAS - DEBUG - [SUAS_main.main:745] - Waiting for mode change to: AUTO
2025-06-22 18:43:57,487 - SUAS - DEBUG - [SUAS_main.main:745] - Waiting for mode change to: AUTO
2025-06-22 18:43:57,989 - SUAS - DEBUG - [SUAS_main.main:745] - Waiting for mode change to: AUTO
2025-06-22 18:43:58,490 - SUAS - DEBUG - [SUAS_main.main:745] - Waiting for mode change to: AUTO
2025-06-22 18:43:58,992 - SUAS - DEBUG - [SUAS_main.main:745] - Waiting for mode change to: AUTO
2025-06-22 18:43:59,493 - SUAS - DEBUG - [SUAS_main.main:745] - Waiting for mode change to: AUTO
2025-06-22 18:43:59,995 - SUAS - DEBUG - [SUAS_main.main:745] - Waiting for mode change to: AUTO
2025-06-22 18:44:00,496 - SUAS - DEBUG - [SUAS_main.main:745] - Waiting for mode change to: AUTO
2025-06-22 18:44:00,997 - SUAS - DEBUG - [SUAS_main.main:745] - Waiting for mode change to: AUTO
2025-06-22 18:44:01,499 - SUAS - DEBUG - [SUAS_main.main:745] - Waiting for mode change to: AUTO
2025-06-22 18:44:02,000 - SUAS - DEBUG - [SUAS_main.main:745] - Waiting for mode change to: AUTO
2025-06-22 18:44:02,502 - SUAS - DEBUG - [SUAS_main.main:745] - Waiting for mode change to: AUTO
2025-06-22 18:44:03,003 - SUAS - DEBUG - [SUAS_main.main:745] - Waiting for mode change to: AUTO
2025-06-22 18:44:03,505 - SUAS - DEBUG - [SUAS_main.main:745] - Waiting for mode change to: AUTO
2025-06-22 18:44:04,006 - SUAS - DEBUG - [SUAS_main.main:745] - Waiting for mode change to: AUTO
2025-06-22 18:44:04,508 - SUAS - DEBUG - [SUAS_main.main:745] - Waiting for mode change to: AUTO
2025-06-22 18:44:05,009 - SUAS - DEBUG - [SUAS_main.main:745] - Waiting for mode change to: AUTO
2025-06-22 18:44:05,511 - SUAS - DEBUG - [SUAS_main.main:745] - Waiting for mode change to: AUTO
2025-06-22 18:44:06,012 - SUAS - DEBUG - [SUAS_main.main:745] - Waiting for mode change to: AUTO
2025-06-22 18:44:06,514 - SUAS - DEBUG - [SUAS_main.main:745] - Waiting for mode change to: AUTO
2025-06-22 18:44:07,015 - SUAS - DEBUG - [SUAS_main.main:745] - Waiting for mode change to: AUTO
2025-06-22 18:44:07,516 - SUAS - DEBUG - [SUAS_main.main:745] - Waiting for mode change to: AUTO
2025-06-22 18:44:08,018 - SUAS - DEBUG - [SUAS_main.main:745] - Waiting for mode change to: AUTO
2025-06-22 18:44:08,519 - SUAS - DEBUG - [SUAS_main.main:745] - Waiting for mode change to: AUTO
2025-06-22 18:44:09,021 - SUAS - DEBUG - [SUAS_main.main:745] - Waiting for mode change to: AUTO
2025-06-22 18:44:09,522 - SUAS - DEBUG - [SUAS_main.main:745] - Waiting for mode change to: AUTO
2025-06-22 18:44:10,024 - SUAS - DEBUG - [SUAS_main.main:745] - Waiting for mode change to: AUTO
2025-06-22 18:44:10,525 - SUAS - DEBUG - [SUAS_main.main:745] - Waiting for mode change to: AUTO
2025-06-22 18:44:11,027 - SUAS - DEBUG - [SUAS_main.main:745] - Waiting for mode change to: AUTO
2025-06-22 18:44:11,529 - SUAS - DEBUG - [SUAS_main.main:745] - Waiting for mode change to: AUTO
2025-06-22 18:44:12,030 - SUAS - DEBUG - [SUAS_main.main:745] - Waiting for mode change to: AUTO
2025-06-22 18:44:12,532 - SUAS - DEBUG - [SUAS_main.main:745] - Waiting for mode change to: AUTO
2025-06-22 18:44:13,034 - SUAS - DEBUG - [SUAS_main.main:745] - Waiting for mode change to: AUTO
2025-06-22 18:44:13,536 - SUAS - DEBUG - [SUAS_main.main:745] - Waiting for mode change to: AUTO
2025-06-22 18:44:14,038 - SUAS - DEBUG - [SUAS_main.main:745] - Waiting for mode change to: AUTO
2025-06-22 18:44:14,539 - SUAS - DEBUG - [SUAS_main.main:745] - Waiting for mode change to: AUTO
2025-06-22 18:44:15,041 - SUAS - DEBUG - [SUAS_main.main:745] - Waiting for mode change to: AUTO
2025-06-22 18:44:15,542 - SUAS - DEBUG - [SUAS_main.main:745] - Waiting for mode change to: AUTO
2025-06-22 18:44:16,044 - SUAS - DEBUG - [SUAS_main.main:745] - Waiting for mode change to: AUTO
2025-06-22 18:44:16,545 - SUAS - DEBUG - [SUAS_main.main:745] - Waiting for mode change to: AUTO
2025-06-22 18:44:17,047 - SUAS - DEBUG - [SUAS_main.main:745] - Waiting for mode change to: AUTO
2025-06-22 18:44:17,548 - SUAS - DEBUG - [SUAS_main.main:745] - Waiting for mode change to: AUTO
2025-06-22 18:44:18,049 - SUAS - DEBUG - [SUAS_main.main:745] - Waiting for mode change to: AUTO
2025-06-22 18:44:18,551 - SUAS - DEBUG - [SUAS_main.main:745] - Waiting for mode change to: AUTO
2025-06-22 18:44:19,086 - SUAS - DEBUG - [SUAS_main.main:745] - Waiting for mode change to: AUTO
2025-06-22 18:44:19,587 - SUAS - DEBUG - [SUAS_main.main:745] - Waiting for mode change to: AUTO
2025-06-22 18:44:20,088 - SUAS - DEBUG - [SUAS_main.main:745] - Waiting for mode change to: AUTO
2025-06-22 18:44:20,590 - SUAS - DEBUG - [SUAS_main.main:745] - Waiting for mode change to: AUTO
2025-06-22 18:44:21,091 - SUAS - DEBUG - [SUAS_main.main:745] - Waiting for mode change to: AUTO
2025-06-22 18:44:21,593 - SUAS - DEBUG - [SUAS_main.main:745] - Waiting for mode change to: AUTO
2025-06-22 18:44:22,094 - SUAS - DEBUG - [SUAS_main.main:745] - Waiting for mode change to: AUTO
2025-06-22 18:44:22,596 - SUAS - DEBUG - [SUAS_main.main:745] - Waiting for mode change to: AUTO
2025-06-22 18:44:23,097 - SUAS - DEBUG - [SUAS_main.main:745] - Waiting for mode change to: AUTO
2025-06-22 18:44:23,599 - SUAS - DEBUG - [SUAS_main.main:745] - Waiting for mode change to: AUTO
2025-06-22 18:44:24,100 - SUAS - DEBUG - [SUAS_main.main:745] - Waiting for mode change to: AUTO
2025-06-22 18:44:24,602 - SUAS - DEBUG - [SUAS_main.main:745] - Waiting for mode change to: AUTO
2025-06-22 18:44:25,103 - SUAS - DEBUG - [SUAS_main.main:745] - Waiting for mode change to: AUTO
2025-06-22 18:44:25,605 - SUAS - DEBUG - [SUAS_main.main:745] - Waiting for mode change to: AUTO
2025-06-22 18:44:26,106 - SUAS - DEBUG - [SUAS_main.main:745] - Waiting for mode change to: AUTO
2025-06-22 18:44:26,608 - SUAS - DEBUG - [SUAS_main.main:745] - Waiting for mode change to: AUTO
2025-06-22 18:44:27,109 - SUAS - DEBUG - [SUAS_main.main:745] - Waiting for mode change to: AUTO
2025-06-22 18:44:27,611 - SUAS - DEBUG - [SUAS_main.main:745] - Waiting for mode change to: AUTO
2025-06-22 18:44:28,113 - SUAS - DEBUG - [SUAS_main.main:745] - Waiting for mode change to: AUTO
2025-06-22 18:44:28,614 - SUAS - DEBUG - [SUAS_main.main:745] - Waiting for mode change to: AUTO
2025-06-22 18:44:29,116 - SUAS - DEBUG - [SUAS_main.main:745] - Waiting for mode change to: AUTO
2025-06-22 18:44:29,617 - SUAS - DEBUG - [SUAS_main.main:745] - Waiting for mode change to: AUTO
2025-06-22 18:44:30,119 - SUAS - DEBUG - [SUAS_main.main:745] - Waiting for mode change to: AUTO
2025-06-22 18:44:30,620 - SUAS - DEBUG - [SUAS_main.main:745] - Waiting for mode change to: AUTO
2025-06-22 18:44:31,121 - SUAS - DEBUG - [SUAS_main.main:745] - Waiting for mode change to: AUTO
2025-06-22 18:44:31,623 - SUAS - DEBUG - [SUAS_main.main:745] - Waiting for mode change to: AUTO
2025-06-22 18:44:32,124 - SUAS - DEBUG - [SUAS_main.main:745] - Waiting for mode change to: AUTO
2025-06-22 18:44:32,625 - SUAS - DEBUG - [SUAS_main.main:745] - Waiting for mode change to: AUTO
2025-06-22 18:44:33,127 - SUAS - DEBUG - [SUAS_main.main:745] - Waiting for mode change to: AUTO
2025-06-22 18:44:33,629 - SUAS - DEBUG - [SUAS_main.main:745] - Waiting for mode change to: AUTO
2025-06-22 18:44:34,130 - SUAS - DEBUG - [SUAS_main.main:745] - Waiting for mode change to: AUTO
2025-06-22 18:44:34,632 - SUAS - DEBUG - [SUAS_main.main:745] - Waiting for mode change to: AUTO
2025-06-22 18:44:35,133 - SUAS - DEBUG - [SUAS_main.main:745] - Waiting for mode change to: AUTO
2025-06-22 18:44:35,635 - SUAS - DEBUG - [SUAS_main.main:745] - Waiting for mode change to: AUTO
2025-06-22 18:44:36,136 - SUAS - DEBUG - [SUAS_main.main:745] - Waiting for mode change to: AUTO
2025-06-22 18:44:36,638 - SUAS - DEBUG - [SUAS_main.main:745] - Waiting for mode change to: AUTO
2025-06-22 18:44:37,139 - SUAS - DEBUG - [SUAS_main.main:745] - Waiting for mode change to: AUTO
2025-06-22 18:44:37,640 - SUAS - DEBUG - [SUAS_main.main:745] - Waiting for mode change to: AUTO
2025-06-22 18:44:38,142 - SUAS - DEBUG - [SUAS_main.main:745] - Waiting for mode change to: AUTO
2025-06-22 18:44:38,643 - SUAS - DEBUG - [SUAS_main.main:745] - Waiting for mode change to: AUTO
2025-06-22 18:44:39,145 - SUAS - DEBUG - [SUAS_main.main:745] - Waiting for mode change to: AUTO
2025-06-22 18:44:39,647 - SUAS - DEBUG - [SUAS_main.main:745] - Waiting for mode change to: AUTO
2025-06-22 18:44:40,149 - SUAS - DEBUG - [SUAS_main.main:745] - Waiting for mode change to: AUTO
2025-06-22 18:44:40,650 - SUAS - DEBUG - [SUAS_main.main:745] - Waiting for mode change to: AUTO
2025-06-22 18:44:41,152 - SUAS - DEBUG - [SUAS_main.main:745] - Waiting for mode change to: AUTO
2025-06-22 18:44:41,653 - SUAS - DEBUG - [SUAS_main.main:745] - Waiting for mode change to: AUTO
2025-06-22 18:44:42,155 - SUAS - DEBUG - [SUAS_main.main:745] - Waiting for mode change to: AUTO
2025-06-22 18:44:42,656 - SUAS - DEBUG - [SUAS_main.main:745] - Waiting for mode change to: AUTO
2025-06-22 18:44:43,158 - SUAS - DEBUG - [SUAS_main.main:745] - Waiting for mode change to: AUTO
2025-06-22 18:44:43,659 - SUAS - DEBUG - [SUAS_main.main:745] - Waiting for mode change to: AUTO
2025-06-22 18:44:44,160 - SUAS - DEBUG - [SUAS_main.main:745] - Waiting for mode change to: AUTO
2025-06-22 18:44:44,662 - SUAS - DEBUG - [SUAS_main.main:745] - Waiting for mode change to: AUTO
2025-06-22 18:44:45,164 - SUAS - DEBUG - [SUAS_main.main:745] - Waiting for mode change to: AUTO
2025-06-22 18:44:45,665 - SUAS - DEBUG - [SUAS_main.main:745] - Waiting for mode change to: AUTO
2025-06-22 18:44:46,167 - SUAS - DEBUG - [SUAS_main.main:745] - Waiting for mode change to: AUTO
2025-06-22 18:44:46,668 - SUAS - DEBUG - [SUAS_main.main:745] - Waiting for mode change to: AUTO
2025-06-22 18:44:47,170 - SUAS - DEBUG - [SUAS_main.main:745] - Waiting for mode change to: AUTO
2025-06-22 18:44:47,671 - SUAS - DEBUG - [SUAS_main.main:745] - Waiting for mode change to: AUTO
2025-06-22 18:44:48,173 - SUAS - DEBUG - [SUAS_main.main:745] - Waiting for mode change to: AUTO
2025-06-22 18:44:48,674 - SUAS - DEBUG - [SUAS_main.main:745] - Waiting for mode change to: AUTO
2025-06-22 18:44:49,175 - SUAS - DEBUG - [SUAS_main.main:745] - Waiting for mode change to: AUTO
2025-06-22 18:44:49,677 - SUAS - DEBUG - [SUAS_main.main:745] - Waiting for mode change to: AUTO
2025-06-22 18:44:50,178 - SUAS - DEBUG - [SUAS_main.main:745] - Waiting for mode change to: AUTO
2025-06-22 18:44:50,680 - SUAS - DEBUG - [SUAS_main.main:745] - Waiting for mode change to: AUTO
2025-06-22 18:44:51,182 - SUAS - DEBUG - [SUAS_main.main:745] - Waiting for mode change to: AUTO
2025-06-22 18:44:51,683 - SUAS - DEBUG - [SUAS_main.main:745] - Waiting for mode change to: AUTO
2025-06-22 18:44:52,185 - SUAS - DEBUG - [SUAS_main.main:745] - Waiting for mode change to: AUTO
2025-06-22 18:44:52,686 - SUAS - DEBUG - [SUAS_main.main:745] - Waiting for mode change to: AUTO
2025-06-22 18:44:53,188 - SUAS - DEBUG - [SUAS_main.main:745] - Waiting for mode change to: AUTO
2025-06-22 18:44:53,689 - SUAS - DEBUG - [SUAS_main.main:745] - Waiting for mode change to: AUTO
2025-06-22 18:44:54,191 - SUAS - DEBUG - [SUAS_main.main:745] - Waiting for mode change to: AUTO
2025-06-22 18:44:54,692 - SUAS - DEBUG - [SUAS_main.main:745] - Waiting for mode change to: AUTO
2025-06-22 18:44:55,194 - SUAS - DEBUG - [SUAS_main.main:745] - Waiting for mode change to: AUTO
2025-06-22 18:44:55,695 - SUAS - DEBUG - [SUAS_main.main:745] - Waiting for mode change to: AUTO
2025-06-22 18:44:56,196 - SUAS - DEBUG - [SUAS_main.main:745] - Waiting for mode change to: AUTO
2025-06-22 18:44:56,698 - SUAS - DEBUG - [SUAS_main.main:745] - Waiting for mode change to: AUTO
2025-06-22 18:44:57,199 - SUAS - DEBUG - [SUAS_main.main:745] - Waiting for mode change to: AUTO
2025-06-22 18:44:57,701 - SUAS - DEBUG - [SUAS_main.main:745] - Waiting for mode change to: AUTO
2025-06-22 18:44:58,203 - SUAS - DEBUG - [SUAS_main.main:745] - Waiting for mode change to: AUTO
2025-06-22 18:44:58,704 - SUAS - DEBUG - [SUAS_main.main:745] - Waiting for mode change to: AUTO
2025-06-22 18:44:59,206 - SUAS - DEBUG - [SUAS_main.main:745] - Waiting for mode change to: AUTO
2025-06-22 18:44:59,707 - SUAS - DEBUG - [SUAS_main.main:745] - Waiting for mode change to: AUTO
2025-06-22 18:45:00,208 - SUAS - DEBUG - [SUAS_main.main:745] - Waiting for mode change to: AUTO
2025-06-22 18:45:00,710 - SUAS - DEBUG - [SUAS_main.main:745] - Waiting for mode change to: AUTO
2025-06-22 18:45:01,211 - SUAS - DEBUG - [SUAS_main.main:745] - Waiting for mode change to: AUTO
2025-06-22 18:45:01,713 - SUAS - DEBUG - [SUAS_main.main:745] - Waiting for mode change to: AUTO
2025-06-22 18:45:02,215 - SUAS - DEBUG - [SUAS_main.main:745] - Waiting for mode change to: AUTO
2025-06-22 18:45:02,716 - SUAS - DEBUG - [SUAS_main.main:745] - Waiting for mode change to: AUTO
2025-06-22 18:45:03,218 - SUAS - DEBUG - [SUAS_main.main:745] - Waiting for mode change to: AUTO
2025-06-22 18:45:03,719 - SUAS - DEBUG - [SUAS_main.main:745] - Waiting for mode change to: AUTO
2025-06-22 18:45:04,221 - SUAS - DEBUG - [SUAS_main.main:745] - Waiting for mode change to: AUTO
2025-06-22 18:45:04,723 - SUAS - DEBUG - [SUAS_main.main:745] - Waiting for mode change to: AUTO
2025-06-22 18:45:05,224 - SUAS - DEBUG - [SUAS_main.main:745] - Waiting for mode change to: AUTO
2025-06-22 18:45:05,725 - SUAS - DEBUG - [SUAS_main.main:745] - Waiting for mode change to: AUTO
2025-06-22 18:45:06,227 - SUAS - DEBUG - [SUAS_main.main:745] - Waiting for mode change to: AUTO
2025-06-22 18:45:06,728 - SUAS - DEBUG - [SUAS_main.main:745] - Waiting for mode change to: AUTO
2025-06-22 18:45:07,230 - SUAS - DEBUG - [SUAS_main.main:745] - Waiting for mode change to: AUTO
2025-06-22 18:45:07,731 - SUAS - DEBUG - [SUAS_main.main:745] - Waiting for mode change to: AUTO
2025-06-22 18:45:08,233 - SUAS - DEBUG - [SUAS_main.main:745] - Waiting for mode change to: AUTO
2025-06-22 18:45:08,734 - SUAS - DEBUG - [SUAS_main.main:745] - Waiting for mode change to: AUTO
2025-06-22 18:45:09,236 - SUAS - DEBUG - [SUAS_main.main:745] - Waiting for mode change to: AUTO
2025-06-22 18:45:09,737 - SUAS - DEBUG - [SUAS_main.main:745] - Waiting for mode change to: AUTO
2025-06-22 18:45:10,240 - SUAS - DEBUG - [SUAS_main.main:745] - Waiting for mode change to: AUTO
2025-06-22 18:45:10,742 - SUAS - DEBUG - [SUAS_main.main:745] - Waiting for mode change to: AUTO
2025-06-22 18:45:11,243 - SUAS - DEBUG - [SUAS_main.main:745] - Waiting for mode change to: AUTO
2025-06-22 18:45:11,744 - SUAS - DEBUG - [SUAS_main.main:745] - Waiting for mode change to: AUTO
2025-06-22 18:45:12,246 - SUAS - DEBUG - [SUAS_main.main:745] - Waiting for mode change to: AUTO
2025-06-22 18:45:12,747 - SUAS - DEBUG - [SUAS_main.main:745] - Waiting for mode change to: AUTO
2025-06-22 18:45:13,249 - SUAS - DEBUG - [SUAS_main.main:745] - Waiting for mode change to: AUTO
2025-06-22 18:45:13,750 - SUAS - DEBUG - [SUAS_main.main:745] - Waiting for mode change to: AUTO
2025-06-22 18:45:14,252 - SUAS - DEBUG - [SUAS_main.main:745] - Waiting for mode change to: AUTO
2025-06-22 18:45:14,754 - SUAS - DEBUG - [SUAS_main.main:745] - Waiting for mode change to: AUTO
2025-06-22 18:45:15,255 - SUAS - DEBUG - [SUAS_main.main:745] - Waiting for mode change to: AUTO
2025-06-22 18:45:15,757 - SUAS - DEBUG - [SUAS_main.main:745] - Waiting for mode change to: AUTO
2025-06-22 18:45:16,258 - SUAS - DEBUG - [SUAS_main.main:745] - Waiting for mode change to: AUTO
2025-06-22 18:45:16,760 - SUAS - DEBUG - [SUAS_main.main:745] - Waiting for mode change to: AUTO
2025-06-22 18:45:17,261 - SUAS - DEBUG - [SUAS_main.main:745] - Waiting for mode change to: AUTO
2025-06-22 18:45:17,763 - SUAS - DEBUG - [SUAS_main.main:745] - Waiting for mode change to: AUTO
2025-06-22 18:45:18,264 - SUAS - DEBUG - [SUAS_main.main:745] - Waiting for mode change to: AUTO
2025-06-22 18:45:18,766 - SUAS - DEBUG - [SUAS_main.main:745] - Waiting for mode change to: AUTO
2025-06-22 18:45:19,267 - SUAS - DEBUG - [SUAS_main.main:745] - Waiting for mode change to: AUTO
2025-06-22 18:45:19,768 - SUAS - DEBUG - [SUAS_main.main:745] - Waiting for mode change to: AUTO
2025-06-22 18:45:20,270 - SUAS - DEBUG - [SUAS_main.main:745] - Waiting for mode change to: AUTO
2025-06-22 18:45:20,772 - SUAS - DEBUG - [SUAS_main.main:745] - Waiting for mode change to: AUTO
2025-06-22 18:45:21,274 - SUAS - DEBUG - [SUAS_main.main:745] - Waiting for mode change to: AUTO
2025-06-22 18:45:21,775 - SUAS - DEBUG - [SUAS_main.main:745] - Waiting for mode change to: AUTO
2025-06-22 18:45:22,276 - SUAS - DEBUG - [SUAS_main.main:745] - Waiting for mode change to: AUTO
2025-06-22 18:45:22,778 - SUAS - DEBUG - [SUAS_main.main:745] - Waiting for mode change to: AUTO
2025-06-22 18:45:23,279 - SUAS - DEBUG - [SUAS_main.main:745] - Waiting for mode change to: AUTO
2025-06-22 18:45:23,780 - SUAS - DEBUG - [SUAS_main.main:745] - Waiting for mode change to: AUTO
2025-06-22 18:45:24,282 - SUAS - DEBUG - [SUAS_main.main:745] - Waiting for mode change to: AUTO
2025-06-22 18:45:24,783 - SUAS - DEBUG - [SUAS_main.main:745] - Waiting for mode change to: AUTO
2025-06-22 18:45:25,284 - SUAS - DEBUG - [SUAS_main.main:745] - Waiting for mode change to: AUTO
2025-06-22 18:45:25,786 - SUAS - DEBUG - [SUAS_main.main:745] - Waiting for mode change to: AUTO
2025-06-22 18:45:26,320 - SUAS - DEBUG - [SUAS_main.main:745] - Waiting for mode change to: AUTO
2025-06-22 18:45:26,821 - SUAS - DEBUG - [SUAS_main.main:745] - Waiting for mode change to: AUTO
2025-06-22 18:45:27,323 - SUAS - DEBUG - [SUAS_main.main:745] - Waiting for mode change to: AUTO
2025-06-22 18:45:27,824 - SUAS - DEBUG - [SUAS_main.main:745] - Waiting for mode change to: AUTO
2025-06-22 18:45:28,326 - SUAS - DEBUG - [SUAS_main.main:745] - Waiting for mode change to: AUTO
2025-06-22 18:45:28,827 - SUAS - DEBUG - [SUAS_main.main:745] - Waiting for mode change to: AUTO
2025-06-22 18:45:29,329 - SUAS - DEBUG - [SUAS_main.main:745] - Waiting for mode change to: AUTO
2025-06-22 18:45:29,831 - SUAS - DEBUG - [SUAS_main.main:745] - Waiting for mode change to: AUTO
2025-06-22 18:45:30,332 - SUAS - DEBUG - [SUAS_main.main:745] - Waiting for mode change to: AUTO
2025-06-22 18:45:30,834 - SUAS - DEBUG - [SUAS_main.main:745] - Waiting for mode change to: AUTO
2025-06-22 18:45:31,368 - SUAS - DEBUG - [SUAS_main.main:745] - Waiting for mode change to: AUTO
2025-06-22 18:45:31,870 - SUAS - DEBUG - [SUAS_main.main:745] - Waiting for mode change to: AUTO
2025-06-22 18:45:32,371 - SUAS - DEBUG - [SUAS_main.main:745] - Waiting for mode change to: AUTO
2025-06-22 18:45:32,873 - SUAS - DEBUG - [SUAS_main.main:745] - Waiting for mode change to: AUTO
2025-06-22 18:45:33,374 - SUAS - DEBUG - [SUAS_main.main:745] - Waiting for mode change to: AUTO
2025-06-22 18:45:33,876 - SUAS - DEBUG - [SUAS_main.main:745] - Waiting for mode change to: AUTO
2025-06-22 18:45:34,377 - SUAS - DEBUG - [SUAS_main.main:745] - Waiting for mode change to: AUTO
2025-06-22 18:45:34,879 - SUAS - DEBUG - [SUAS_main.main:745] - Waiting for mode change to: AUTO
2025-06-22 18:45:35,380 - SUAS - DEBUG - [SUAS_main.main:745] - Waiting for mode change to: AUTO
2025-06-22 18:45:35,882 - SUAS - DEBUG - [SUAS_main.main:745] - Waiting for mode change to: AUTO
2025-06-22 18:45:36,383 - SUAS - DEBUG - [SUAS_main.main:745] - Waiting for mode change to: AUTO
2025-06-22 18:45:36,885 - SUAS - DEBUG - [SUAS_main.main:745] - Waiting for mode change to: AUTO
2025-06-22 18:45:37,386 - SUAS - DEBUG - [SUAS_main.main:745] - Waiting for mode change to: AUTO
2025-06-22 18:45:37,888 - SUAS - DEBUG - [SUAS_main.main:745] - Waiting for mode change to: AUTO
2025-06-22 18:45:38,389 - SUAS - DEBUG - [SUAS_main.main:745] - Waiting for mode change to: AUTO
2025-06-22 18:45:38,891 - SUAS - DEBUG - [SUAS_main.main:745] - Waiting for mode change to: AUTO
2025-06-22 18:45:39,392 - SUAS - DEBUG - [SUAS_main.main:745] - Waiting for mode change to: AUTO
2025-06-22 18:45:39,894 - SUAS - DEBUG - [SUAS_main.main:745] - Waiting for mode change to: AUTO
2025-06-22 18:45:40,395 - SUAS - DEBUG - [SUAS_main.main:745] - Waiting for mode change to: AUTO
2025-06-22 18:45:40,896 - SUAS - DEBUG - [SUAS_main.main:745] - Waiting for mode change to: AUTO
2025-06-22 18:45:41,398 - SUAS - DEBUG - [SUAS_main.main:745] - Waiting for mode change to: AUTO
2025-06-22 18:45:41,899 - SUAS - DEBUG - [SUAS_main.main:745] - Waiting for mode change to: AUTO
2025-06-22 18:45:42,401 - SUAS - DEBUG - [SUAS_main.main:745] - Waiting for mode change to: AUTO
2025-06-22 18:45:42,902 - SUAS - DEBUG - [SUAS_main.main:745] - Waiting for mode change to: AUTO
2025-06-22 18:45:43,404 - SUAS - DEBUG - [SUAS_main.main:745] - Waiting for mode change to: AUTO
2025-06-22 18:45:43,905 - SUAS - DEBUG - [SUAS_main.main:745] - Waiting for mode change to: AUTO
2025-06-22 18:45:44,407 - SUAS - DEBUG - [SUAS_main.main:745] - Waiting for mode change to: AUTO
2025-06-22 18:45:44,908 - SUAS - DEBUG - [SUAS_main.main:745] - Waiting for mode change to: AUTO
2025-06-22 18:45:45,410 - SUAS - DEBUG - [SUAS_main.main:745] - Waiting for mode change to: AUTO
2025-06-22 18:45:45,911 - SUAS - DEBUG - [SUAS_main.main:745] - Waiting for mode change to: AUTO
2025-06-22 18:45:46,412 - SUAS - DEBUG - [SUAS_main.main:745] - Waiting for mode change to: AUTO
2025-06-22 18:45:46,914 - SUAS - DEBUG - [SUAS_main.main:745] - Waiting for mode change to: AUTO
2025-06-22 18:45:47,415 - SUAS - DEBUG - [SUAS_main.main:745] - Waiting for mode change to: AUTO
2025-06-22 18:45:47,917 - SUAS - DEBUG - [SUAS_main.main:745] - Waiting for mode change to: AUTO
2025-06-22 18:45:48,418 - SUAS - DEBUG - [SUAS_main.main:745] - Waiting for mode change to: AUTO
2025-06-22 18:45:48,920 - SUAS - DEBUG - [SUAS_main.main:745] - Waiting for mode change to: AUTO
2025-06-22 18:45:49,422 - SUAS - DEBUG - [SUAS_main.main:745] - Waiting for mode change to: AUTO
2025-06-22 18:45:49,923 - SUAS - DEBUG - [SUAS_main.main:745] - Waiting for mode change to: AUTO
2025-06-22 18:45:50,425 - SUAS - DEBUG - [SUAS_main.main:745] - Waiting for mode change to: AUTO
2025-06-22 18:45:50,926 - SUAS - DEBUG - [SUAS_main.main:745] - Waiting for mode change to: AUTO
2025-06-22 18:45:51,428 - SUAS - DEBUG - [SUAS_main.main:745] - Waiting for mode change to: AUTO
2025-06-22 18:45:51,929 - SUAS - DEBUG - [SUAS_main.main:745] - Waiting for mode change to: AUTO
2025-06-22 18:45:52,431 - SUAS - DEBUG - [SUAS_main.main:745] - Waiting for mode change to: AUTO
2025-06-22 18:45:52,932 - SUAS - DEBUG - [SUAS_main.main:745] - Waiting for mode change to: AUTO
2025-06-22 18:45:53,434 - SUAS - DEBUG - [SUAS_main.main:745] - Waiting for mode change to: AUTO
2025-06-22 18:45:53,935 - SUAS - DEBUG - [SUAS_main.main:745] - Waiting for mode change to: AUTO
2025-06-22 18:45:54,436 - SUAS - DEBUG - [SUAS_main.main:745] - Waiting for mode change to: AUTO
2025-06-22 18:45:54,938 - SUAS - DEBUG - [SUAS_main.main:745] - Waiting for mode change to: AUTO
2025-06-22 18:45:55,440 - SUAS - DEBUG - [SUAS_main.main:745] - Waiting for mode change to: AUTO
2025-06-22 18:45:55,941 - SUAS - DEBUG - [SUAS_main.main:745] - Waiting for mode change to: AUTO
2025-06-22 18:45:56,443 - SUAS - DEBUG - [SUAS_main.main:745] - Waiting for mode change to: AUTO
2025-06-22 18:45:56,944 - SUAS - DEBUG - [SUAS_main.main:745] - Waiting for mode change to: AUTO
2025-06-22 18:45:57,446 - SUAS - DEBUG - [SUAS_main.main:745] - Waiting for mode change to: AUTO
2025-06-22 18:45:57,947 - SUAS - DEBUG - [SUAS_main.main:745] - Waiting for mode change to: AUTO
2025-06-22 18:45:58,449 - SUAS - DEBUG - [SUAS_main.main:745] - Waiting for mode change to: AUTO
2025-06-22 18:45:58,950 - SUAS - DEBUG - [SUAS_main.main:745] - Waiting for mode change to: AUTO
2025-06-22 18:45:59,452 - SUAS - DEBUG - [SUAS_main.main:745] - Waiting for mode change to: AUTO
2025-06-22 18:45:59,953 - SUAS - DEBUG - [SUAS_main.main:745] - Waiting for mode change to: AUTO
2025-06-22 18:46:00,455 - SUAS - DEBUG - [SUAS_main.main:745] - Waiting for mode change to: AUTO
2025-06-22 18:46:00,956 - SUAS - DEBUG - [SUAS_main.main:745] - Waiting for mode change to: AUTO
2025-06-22 18:46:01,458 - SUAS - DEBUG - [SUAS_main.main:745] - Waiting for mode change to: AUTO
2025-06-22 18:46:01,960 - SUAS - DEBUG - [SUAS_main.main:745] - Waiting for mode change to: AUTO
2025-06-22 18:46:02,461 - SUAS - DEBUG - [SUAS_main.main:745] - Waiting for mode change to: AUTO
2025-06-22 18:46:02,963 - SUAS - DEBUG - [SUAS_main.main:745] - Waiting for mode change to: AUTO
2025-06-22 18:46:03,464 - SUAS - DEBUG - [SUAS_main.main:745] - Waiting for mode change to: AUTO
2025-06-22 18:46:03,965 - SUAS - DEBUG - [SUAS_main.main:745] - Waiting for mode change to: AUTO
2025-06-22 18:46:04,467 - SUAS - DEBUG - [SUAS_main.main:745] - Waiting for mode change to: AUTO
2025-06-22 18:46:04,968 - SUAS - DEBUG - [SUAS_main.main:745] - Waiting for mode change to: AUTO
2025-06-22 18:46:05,470 - SUAS - DEBUG - [SUAS_main.main:745] - Waiting for mode change to: AUTO
2025-06-22 18:46:05,971 - SUAS - DEBUG - [SUAS_main.main:745] - Waiting for mode change to: AUTO
2025-06-22 18:46:06,473 - SUAS - DEBUG - [SUAS_main.main:745] - Waiting for mode change to: AUTO
2025-06-22 18:46:06,975 - SUAS - DEBUG - [SUAS_main.main:745] - Waiting for mode change to: AUTO
2025-06-22 18:46:07,476 - SUAS - DEBUG - [SUAS_main.main:745] - Waiting for mode change to: AUTO
2025-06-22 18:46:07,978 - SUAS - DEBUG - [SUAS_main.main:745] - Waiting for mode change to: AUTO
2025-06-22 18:46:08,479 - SUAS - DEBUG - [SUAS_main.main:745] - Waiting for mode change to: AUTO
2025-06-22 18:46:08,981 - SUAS - DEBUG - [SUAS_main.main:745] - Waiting for mode change to: AUTO
2025-06-22 18:46:09,482 - SUAS - DEBUG - [SUAS_main.main:745] - Waiting for mode change to: AUTO
2025-06-22 18:46:09,984 - SUAS - DEBUG - [SUAS_main.main:745] - Waiting for mode change to: AUTO
2025-06-22 18:46:10,485 - SUAS - DEBUG - [SUAS_main.main:745] - Waiting for mode change to: AUTO
2025-06-22 18:46:10,987 - SUAS - DEBUG - [SUAS_main.main:745] - Waiting for mode change to: AUTO
2025-06-22 18:46:11,488 - SUAS - DEBUG - [SUAS_main.main:745] - Waiting for mode change to: AUTO
2025-06-22 18:46:11,990 - SUAS - DEBUG - [SUAS_main.main:745] - Waiting for mode change to: AUTO
2025-06-22 18:46:12,492 - SUAS - DEBUG - [SUAS_main.main:745] - Waiting for mode change to: AUTO
2025-06-22 18:46:12,993 - SUAS - DEBUG - [SUAS_main.main:745] - Waiting for mode change to: AUTO
2025-06-22 18:46:13,495 - SUAS - DEBUG - [SUAS_main.main:745] - Waiting for mode change to: AUTO
2025-06-22 18:46:13,996 - SUAS - DEBUG - [SUAS_main.main:745] - Waiting for mode change to: AUTO
2025-06-22 18:46:14,498 - SUAS - DEBUG - [SUAS_main.main:745] - Waiting for mode change to: AUTO
2025-06-22 18:46:14,999 - SUAS - DEBUG - [SUAS_main.main:745] - Waiting for mode change to: AUTO
2025-06-22 18:46:15,500 - SUAS - DEBUG - [SUAS_main.main:745] - Waiting for mode change to: AUTO
2025-06-22 18:46:16,002 - SUAS - DEBUG - [SUAS_main.main:745] - Waiting for mode change to: AUTO
2025-06-22 18:46:16,503 - SUAS - DEBUG - [SUAS_main.main:745] - Waiting for mode change to: AUTO
2025-06-22 18:46:17,004 - SUAS - DEBUG - [SUAS_main.main:745] - Waiting for mode change to: AUTO
2025-06-22 18:46:17,506 - SUAS - DEBUG - [SUAS_main.main:745] - Waiting for mode change to: AUTO
2025-06-22 18:46:18,007 - SUAS - DEBUG - [SUAS_main.main:745] - Waiting for mode change to: AUTO
2025-06-22 18:46:18,509 - SUAS - DEBUG - [SUAS_main.main:745] - Waiting for mode change to: AUTO
2025-06-22 18:46:19,011 - SUAS - DEBUG - [SUAS_main.main:745] - Waiting for mode change to: AUTO
2025-06-22 18:46:19,512 - SUAS - DEBUG - [SUAS_main.main:745] - Waiting for mode change to: AUTO
2025-06-22 18:46:20,014 - SUAS - DEBUG - [SUAS_main.main:745] - Waiting for mode change to: AUTO
2025-06-22 18:46:20,515 - SUAS - DEBUG - [SUAS_main.main:745] - Waiting for mode change to: AUTO
2025-06-22 18:46:21,017 - SUAS - DEBUG - [SUAS_main.main:745] - Waiting for mode change to: AUTO
2025-06-22 18:46:21,518 - SUAS - DEBUG - [SUAS_main.main:745] - Waiting for mode change to: AUTO
2025-06-22 18:46:22,020 - SUAS - DEBUG - [SUAS_main.main:745] - Waiting for mode change to: AUTO
2025-06-22 18:46:22,521 - SUAS - DEBUG - [SUAS_main.main:745] - Waiting for mode change to: AUTO
2025-06-22 18:46:23,023 - SUAS - DEBUG - [SUAS_main.main:745] - Waiting for mode change to: AUTO
2025-06-22 18:46:23,524 - SUAS - DEBUG - [SUAS_main.main:745] - Waiting for mode change to: AUTO
2025-06-22 18:46:24,027 - SUAS - DEBUG - [SUAS_main.main:745] - Waiting for mode change to: AUTO
2025-06-22 18:46:24,528 - SUAS - DEBUG - [SUAS_main.main:745] - Waiting for mode change to: AUTO
2025-06-22 18:46:25,030 - SUAS - DEBUG - [SUAS_main.main:745] - Waiting for mode change to: AUTO
2025-06-22 18:46:25,531 - SUAS - DEBUG - [SUAS_main.main:745] - Waiting for mode change to: AUTO
2025-06-22 18:46:26,033 - SUAS - DEBUG - [SUAS_main.main:745] - Waiting for mode change to: AUTO
2025-06-22 18:46:26,534 - SUAS - DEBUG - [SUAS_main.main:745] - Waiting for mode change to: AUTO
2025-06-22 18:46:27,036 - SUAS - DEBUG - [SUAS_main.main:745] - Waiting for mode change to: AUTO
2025-06-22 18:46:27,537 - SUAS - DEBUG - [SUAS_main.main:745] - Waiting for mode change to: AUTO
2025-06-22 18:46:28,039 - SUAS - DEBUG - [SUAS_main.main:745] - Waiting for mode change to: AUTO
2025-06-22 18:46:28,540 - SUAS - DEBUG - [SUAS_main.main:745] - Waiting for mode change to: AUTO
2025-06-22 18:46:29,042 - SUAS - DEBUG - [SUAS_main.main:745] - Waiting for mode change to: AUTO
2025-06-22 18:46:29,544 - SUAS - DEBUG - [SUAS_main.main:745] - Waiting for mode change to: AUTO
2025-06-22 18:46:30,045 - SUAS - DEBUG - [SUAS_main.main:745] - Waiting for mode change to: AUTO
2025-06-22 18:46:30,547 - SUAS - DEBUG - [SUAS_main.main:745] - Waiting for mode change to: AUTO
2025-06-22 18:46:31,048 - SUAS - DEBUG - [SUAS_main.main:745] - Waiting for mode change to: AUTO
2025-06-22 18:46:31,550 - SUAS - DEBUG - [SUAS_main.main:745] - Waiting for mode change to: AUTO
2025-06-22 18:46:32,051 - SUAS - DEBUG - [SUAS_main.main:745] - Waiting for mode change to: AUTO
2025-06-22 18:46:32,552 - SUAS - DEBUG - [SUAS_main.main:745] - Waiting for mode change to: AUTO
2025-06-22 18:46:33,054 - SUAS - DEBUG - [SUAS_main.main:745] - Waiting for mode change to: AUTO
2025-06-22 18:46:33,555 - SUAS - DEBUG - [SUAS_main.main:745] - Waiting for mode change to: AUTO
2025-06-22 18:46:34,056 - SUAS - DEBUG - [SUAS_main.main:745] - Waiting for mode change to: AUTO
2025-06-22 18:46:34,558 - SUAS - DEBUG - [SUAS_main.main:745] - Waiting for mode change to: AUTO
2025-06-22 18:46:35,059 - SUAS - DEBUG - [SUAS_main.main:745] - Waiting for mode change to: AUTO
2025-06-22 18:46:35,560 - SUAS - DEBUG - [SUAS_main.main:745] - Waiting for mode change to: AUTO
2025-06-22 18:46:36,061 - SUAS - DEBUG - [SUAS_main.main:745] - Waiting for mode change to: AUTO
2025-06-22 18:46:36,563 - SUAS - DEBUG - [SUAS_main.main:745] - Waiting for mode change to: AUTO
2025-06-22 18:46:37,064 - SUAS - DEBUG - [SUAS_main.main:745] - Waiting for mode change to: AUTO
2025-06-22 18:46:37,566 - SUAS - DEBUG - [SUAS_main.main:745] - Waiting for mode change to: AUTO
2025-06-22 18:46:38,067 - SUAS - DEBUG - [SUAS_main.main:745] - Waiting for mode change to: AUTO
2025-06-22 18:46:38,568 - SUAS - DEBUG - [SUAS_main.main:745] - Waiting for mode change to: AUTO
2025-06-22 18:46:39,070 - SUAS - DEBUG - [SUAS_main.main:745] - Waiting for mode change to: AUTO
2025-06-22 18:46:39,571 - SUAS - DEBUG - [SUAS_main.main:745] - Waiting for mode change to: AUTO
2025-06-22 18:46:40,072 - SUAS - DEBUG - [SUAS_main.main:745] - Waiting for mode change to: AUTO
2025-06-22 18:46:40,574 - SUAS - DEBUG - [SUAS_main.main:745] - Waiting for mode change to: AUTO
2025-06-22 18:46:41,075 - SUAS - DEBUG - [SUAS_main.main:745] - Waiting for mode change to: AUTO
2025-06-22 18:46:41,576 - SUAS - DEBUG - [SUAS_main.main:745] - Waiting for mode change to: AUTO
2025-06-22 18:46:42,078 - SUAS - DEBUG - [SUAS_main.main:745] - Waiting for mode change to: AUTO
2025-06-22 18:46:42,579 - SUAS - DEBUG - [SUAS_main.main:745] - Waiting for mode change to: AUTO
2025-06-22 18:46:43,081 - SUAS - DEBUG - [SUAS_main.main:745] - Waiting for mode change to: AUTO
2025-06-22 18:46:43,583 - SUAS - DEBUG - [SUAS_main.main:745] - Waiting for mode change to: AUTO
2025-06-22 18:46:44,084 - SUAS - DEBUG - [SUAS_main.main:745] - Waiting for mode change to: AUTO
2025-06-22 18:46:44,586 - SUAS - DEBUG - [SUAS_main.main:745] - Waiting for mode change to: AUTO
2025-06-22 18:46:45,087 - SUAS - DEBUG - [SUAS_main.main:745] - Waiting for mode change to: AUTO
2025-06-22 18:46:45,588 - SUAS - DEBUG - [SUAS_main.main:745] - Waiting for mode change to: AUTO
2025-06-22 18:46:46,090 - SUAS - DEBUG - [SUAS_main.main:745] - Waiting for mode change to: AUTO
2025-06-22 18:46:46,591 - SUAS - DEBUG - [SUAS_main.main:745] - Waiting for mode change to: AUTO
2025-06-22 18:46:47,092 - SUAS - DEBUG - [SUAS_main.main:745] - Waiting for mode change to: AUTO
2025-06-22 18:46:47,594 - SUAS - DEBUG - [SUAS_main.main:745] - Waiting for mode change to: AUTO
2025-06-22 18:46:48,095 - SUAS - DEBUG - [SUAS_main.main:745] - Waiting for mode change to: AUTO
2025-06-22 18:46:48,597 - SUAS - DEBUG - [SUAS_main.main:745] - Waiting for mode change to: AUTO
2025-06-22 18:46:49,099 - SUAS - DEBUG - [SUAS_main.main:745] - Waiting for mode change to: AUTO
2025-06-22 18:46:49,600 - SUAS - DEBUG - [SUAS_main.main:745] - Waiting for mode change to: AUTO
2025-06-22 18:46:50,102 - SUAS - DEBUG - [SUAS_main.main:745] - Waiting for mode change to: AUTO
2025-06-22 18:46:50,603 - SUAS - DEBUG - [SUAS_main.main:745] - Waiting for mode change to: AUTO
2025-06-22 18:46:51,104 - SUAS - DEBUG - [SUAS_main.main:745] - Waiting for mode change to: AUTO
2025-06-22 18:46:51,605 - SUAS - DEBUG - [SUAS_main.main:745] - Waiting for mode change to: AUTO
2025-06-22 18:46:52,107 - SUAS - DEBUG - [SUAS_main.main:745] - Waiting for mode change to: AUTO
2025-06-22 18:46:52,608 - SUAS - DEBUG - [SUAS_main.main:745] - Waiting for mode change to: AUTO
2025-06-22 18:46:53,110 - SUAS - DEBUG - [SUAS_main.main:745] - Waiting for mode change to: AUTO
2025-06-22 18:46:53,611 - SUAS - DEBUG - [SUAS_main.main:745] - Waiting for mode change to: AUTO
2025-06-22 18:46:54,112 - SUAS - DEBUG - [SUAS_main.main:745] - Waiting for mode change to: AUTO
2025-06-22 18:46:54,614 - SUAS - DEBUG - [SUAS_main.main:745] - Waiting for mode change to: AUTO
2025-06-22 18:46:55,116 - SUAS - DEBUG - [SUAS_main.main:745] - Waiting for mode change to: AUTO
2025-06-22 18:46:55,617 - SUAS - DEBUG - [SUAS_main.main:745] - Waiting for mode change to: AUTO
2025-06-22 18:46:56,118 - SUAS - DEBUG - [SUAS_main.main:745] - Waiting for mode change to: AUTO
2025-06-22 18:46:56,620 - SUAS - DEBUG - [SUAS_main.main:745] - Waiting for mode change to: AUTO
2025-06-22 18:46:57,121 - SUAS - DEBUG - [SUAS_main.main:745] - Waiting for mode change to: AUTO
2025-06-22 18:46:57,623 - SUAS - DEBUG - [SUAS_main.main:745] - Waiting for mode change to: AUTO
2025-06-22 18:46:58,124 - SUAS - DEBUG - [SUAS_main.main:745] - Waiting for mode change to: AUTO
2025-06-22 18:46:58,626 - SUAS - DEBUG - [SUAS_main.main:745] - Waiting for mode change to: AUTO
2025-06-22 18:46:59,127 - SUAS - DEBUG - [SUAS_main.main:745] - Waiting for mode change to: AUTO
2025-06-22 18:46:59,628 - SUAS - DEBUG - [SUAS_main.main:745] - Waiting for mode change to: AUTO
2025-06-22 18:47:00,130 - SUAS - DEBUG - [SUAS_main.main:745] - Waiting for mode change to: AUTO
2025-06-22 18:47:00,631 - SUAS - DEBUG - [SUAS_main.main:745] - Waiting for mode change to: AUTO
2025-06-22 18:47:01,133 - SUAS - DEBUG - [SUAS_main.main:745] - Waiting for mode change to: AUTO
2025-06-22 18:47:01,635 - SUAS - DEBUG - [SUAS_main.main:745] - Waiting for mode change to: AUTO
2025-06-22 18:47:02,136 - SUAS - DEBUG - [SUAS_main.main:745] - Waiting for mode change to: AUTO
2025-06-22 18:47:02,638 - SUAS - DEBUG - [SUAS_main.main:745] - Waiting for mode change to: AUTO
2025-06-22 18:47:03,139 - SUAS - DEBUG - [SUAS_main.main:745] - Waiting for mode change to: AUTO
2025-06-22 18:47:03,640 - SUAS - DEBUG - [SUAS_main.main:745] - Waiting for mode change to: AUTO
2025-06-22 18:47:04,142 - SUAS - DEBUG - [SUAS_main.main:745] - Waiting for mode change to: AUTO
2025-06-22 18:47:04,643 - SUAS - DEBUG - [SUAS_main.main:745] - Waiting for mode change to: AUTO
2025-06-22 18:47:05,144 - SUAS - DEBUG - [SUAS_main.main:745] - Waiting for mode change to: AUTO
2025-06-22 18:47:05,646 - SUAS - DEBUG - [SUAS_main.main:745] - Waiting for mode change to: AUTO
2025-06-22 18:47:06,147 - SUAS - DEBUG - [SUAS_main.main:745] - Waiting for mode change to: AUTO
2025-06-22 18:47:06,648 - SUAS - DEBUG - [SUAS_main.main:745] - Waiting for mode change to: AUTO
2025-06-22 18:47:07,151 - SUAS - DEBUG - [SUAS_main.main:745] - Waiting for mode change to: AUTO
2025-06-22 18:47:07,653 - SUAS - DEBUG - [SUAS_main.main:745] - Waiting for mode change to: AUTO
2025-06-22 18:47:08,154 - SUAS - DEBUG - [SUAS_main.main:745] - Waiting for mode change to: AUTO
2025-06-22 18:47:08,656 - SUAS - DEBUG - [SUAS_main.main:745] - Waiting for mode change to: AUTO
2025-06-22 18:47:09,157 - SUAS - DEBUG - [SUAS_main.main:745] - Waiting for mode change to: AUTO
2025-06-22 18:47:09,659 - SUAS - DEBUG - [SUAS_main.main:745] - Waiting for mode change to: AUTO
2025-06-22 18:47:10,160 - SUAS - DEBUG - [SUAS_main.main:745] - Waiting for mode change to: AUTO
2025-06-22 18:47:10,662 - SUAS - DEBUG - [SUAS_main.main:745] - Waiting for mode change to: AUTO
2025-06-22 18:47:11,163 - SUAS - DEBUG - [SUAS_main.main:745] - Waiting for mode change to: AUTO
2025-06-22 18:47:11,664 - SUAS - DEBUG - [SUAS_main.main:745] - Waiting for mode change to: AUTO
2025-06-22 18:47:12,166 - SUAS - DEBUG - [SUAS_main.main:745] - Waiting for mode change to: AUTO
2025-06-22 18:47:12,668 - SUAS - DEBUG - [SUAS_main.main:745] - Waiting for mode change to: AUTO
2025-06-22 18:47:13,169 - SUAS - DEBUG - [SUAS_main.main:745] - Waiting for mode change to: AUTO
2025-06-22 18:47:13,671 - SUAS - DEBUG - [SUAS_main.main:745] - Waiting for mode change to: AUTO
2025-06-22 18:47:14,172 - SUAS - DEBUG - [SUAS_main.main:745] - Waiting for mode change to: AUTO
2025-06-22 18:47:14,674 - SUAS - DEBUG - [SUAS_main.main:745] - Waiting for mode change to: AUTO
2025-06-22 18:47:15,175 - SUAS - DEBUG - [SUAS_main.main:745] - Waiting for mode change to: AUTO
2025-06-22 18:47:15,676 - SUAS - DEBUG - [SUAS_main.main:745] - Waiting for mode change to: AUTO
2025-06-22 18:47:16,178 - SUAS - DEBUG - [SUAS_main.main:745] - Waiting for mode change to: AUTO
2025-06-22 18:47:16,679 - SUAS - DEBUG - [SUAS_main.main:745] - Waiting for mode change to: AUTO
2025-06-22 18:47:17,181 - SUAS - DEBUG - [SUAS_main.main:745] - Waiting for mode change to: AUTO
2025-06-22 18:47:17,682 - SUAS - DEBUG - [SUAS_main.main:745] - Waiting for mode change to: AUTO
2025-06-22 18:47:18,184 - SUAS - DEBUG - [SUAS_main.main:745] - Waiting for mode change to: AUTO
2025-06-22 18:47:18,685 - SUAS - DEBUG - [SUAS_main.main:745] - Waiting for mode change to: AUTO
2025-06-22 18:47:19,187 - SUAS - DEBUG - [SUAS_main.main:745] - Waiting for mode change to: AUTO
2025-06-22 18:47:19,688 - SUAS - DEBUG - [SUAS_main.main:745] - Waiting for mode change to: AUTO
2025-06-22 18:47:20,190 - SUAS - DEBUG - [SUAS_main.main:745] - Waiting for mode change to: AUTO
2025-06-22 18:47:20,691 - SUAS - DEBUG - [SUAS_main.main:745] - Waiting for mode change to: AUTO
2025-06-22 18:47:21,192 - SUAS - DEBUG - [SUAS_main.main:745] - Waiting for mode change to: AUTO
2025-06-22 18:47:21,693 - SUAS - DEBUG - [SUAS_main.main:745] - Waiting for mode change to: AUTO
2025-06-22 18:47:22,195 - SUAS - DEBUG - [SUAS_main.main:745] - Waiting for mode change to: AUTO
2025-06-22 18:47:22,696 - SUAS - DEBUG - [SUAS_main.main:745] - Waiting for mode change to: AUTO
2025-06-22 18:47:23,198 - SUAS - DEBUG - [SUAS_main.main:745] - Waiting for mode change to: AUTO
2025-06-22 18:47:23,699 - SUAS - DEBUG - [SUAS_main.main:745] - Waiting for mode change to: AUTO
2025-06-22 18:47:24,200 - SUAS - DEBUG - [SUAS_main.main:745] - Waiting for mode change to: AUTO
2025-06-22 18:47:24,702 - SUAS - DEBUG - [SUAS_main.main:745] - Waiting for mode change to: AUTO
2025-06-22 18:47:25,203 - SUAS - DEBUG - [SUAS_main.main:745] - Waiting for mode change to: AUTO
2025-06-22 18:47:25,705 - SUAS - DEBUG - [SUAS_main.main:745] - Waiting for mode change to: AUTO
2025-06-22 18:47:26,207 - SUAS - DEBUG - [SUAS_main.main:745] - Waiting for mode change to: AUTO
2025-06-22 18:47:26,708 - SUAS - DEBUG - [SUAS_main.main:745] - Waiting for mode change to: AUTO
2025-06-22 18:47:27,210 - SUAS - DEBUG - [SUAS_main.main:745] - Waiting for mode change to: AUTO
2025-06-22 18:47:27,711 - SUAS - DEBUG - [SUAS_main.main:745] - Waiting for mode change to: AUTO
2025-06-22 18:47:28,212 - SUAS - DEBUG - [SUAS_main.main:745] - Waiting for mode change to: AUTO
2025-06-22 18:47:28,714 - SUAS - DEBUG - [SUAS_main.main:745] - Waiting for mode change to: AUTO
2025-06-22 18:47:29,215 - SUAS - DEBUG - [SUAS_main.main:745] - Waiting for mode change to: AUTO
2025-06-22 18:47:29,716 - SUAS - DEBUG - [SUAS_main.main:745] - Waiting for mode change to: AUTO
2025-06-22 18:47:30,218 - SUAS - DEBUG - [SUAS_main.main:745] - Waiting for mode change to: AUTO
2025-06-22 18:47:30,719 - SUAS - DEBUG - [SUAS_main.main:745] - Waiting for mode change to: AUTO
2025-06-22 18:47:31,221 - SUAS - DEBUG - [SUAS_main.main:745] - Waiting for mode change to: AUTO
2025-06-22 18:47:31,722 - SUAS - DEBUG - [SUAS_main.main:745] - Waiting for mode change to: AUTO
2025-06-22 18:47:32,223 - SUAS - DEBUG - [SUAS_main.main:745] - Waiting for mode change to: AUTO
2025-06-22 18:47:32,725 - SUAS - DEBUG - [SUAS_main.main:745] - Waiting for mode change to: AUTO
2025-06-22 18:47:33,226 - SUAS - DEBUG - [SUAS_main.main:745] - Waiting for mode change to: AUTO
2025-06-22 18:47:33,728 - SUAS - DEBUG - [SUAS_main.main:745] - Waiting for mode change to: AUTO
2025-06-22 18:47:34,229 - SUAS - DEBUG - [SUAS_main.main:745] - Waiting for mode change to: AUTO
2025-06-22 18:47:34,731 - SUAS - DEBUG - [SUAS_main.main:745] - Waiting for mode change to: AUTO
2025-06-22 18:47:35,232 - SUAS - DEBUG - [SUAS_main.main:745] - Waiting for mode change to: AUTO
2025-06-22 18:47:35,733 - SUAS - DEBUG - [SUAS_main.main:745] - Waiting for mode change to: AUTO
2025-06-22 18:47:36,235 - SUAS - DEBUG - [SUAS_main.main:745] - Waiting for mode change to: AUTO
2025-06-22 18:47:36,763 - SUAS - DEBUG - [SUAS_main.main:745] - Waiting for mode change to: AUTO
2025-06-22 18:47:37,264 - SUAS - DEBUG - [SUAS_main.main:745] - Waiting for mode change to: AUTO
2025-06-22 18:47:37,766 - SUAS - DEBUG - [SUAS_main.main:745] - Waiting for mode change to: AUTO
2025-06-22 18:47:38,267 - SUAS - DEBUG - [SUAS_main.main:745] - Waiting for mode change to: AUTO
2025-06-22 18:47:38,768 - SUAS - DEBUG - [SUAS_main.main:745] - Waiting for mode change to: AUTO
2025-06-22 18:47:39,270 - SUAS - DEBUG - [SUAS_main.main:745] - Waiting for mode change to: AUTO
2025-06-22 18:47:39,771 - SUAS - DEBUG - [SUAS_main.main:745] - Waiting for mode change to: AUTO
2025-06-22 18:47:40,273 - SUAS - DEBUG - [SUAS_main.main:745] - Waiting for mode change to: AUTO
2025-06-22 18:47:40,774 - SUAS - DEBUG - [SUAS_main.main:745] - Waiting for mode change to: AUTO
2025-06-22 18:47:41,276 - SUAS - DEBUG - [SUAS_main.main:745] - Waiting for mode change to: AUTO
2025-06-22 18:47:41,778 - SUAS - DEBUG - [SUAS_main.main:745] - Waiting for mode change to: AUTO
2025-06-22 18:47:42,279 - SUAS - DEBUG - [SUAS_main.main:745] - Waiting for mode change to: AUTO
2025-06-22 18:47:42,781 - SUAS - DEBUG - [SUAS_main.main:745] - Waiting for mode change to: AUTO
2025-06-22 18:47:43,283 - SUAS - DEBUG - [SUAS_main.main:745] - Waiting for mode change to: AUTO
2025-06-22 18:47:43,784 - SUAS - DEBUG - [SUAS_main.main:745] - Waiting for mode change to: AUTO
2025-06-22 18:47:44,286 - SUAS - DEBUG - [SUAS_main.main:745] - Waiting for mode change to: AUTO
2025-06-22 18:47:44,787 - SUAS - DEBUG - [SUAS_main.main:745] - Waiting for mode change to: AUTO
2025-06-22 18:47:45,288 - SUAS - DEBUG - [SUAS_main.main:745] - Waiting for mode change to: AUTO
2025-06-22 18:47:45,790 - SUAS - DEBUG - [SUAS_main.main:745] - Waiting for mode change to: AUTO
2025-06-22 18:47:46,291 - SUAS - DEBUG - [SUAS_main.main:745] - Waiting for mode change to: AUTO
2025-06-22 18:47:46,792 - SUAS - DEBUG - [SUAS_main.main:745] - Waiting for mode change to: AUTO
2025-06-22 18:47:47,294 - SUAS - DEBUG - [SUAS_main.main:745] - Waiting for mode change to: AUTO
2025-06-22 18:47:47,796 - SUAS - DEBUG - [SUAS_main.main:745] - Waiting for mode change to: AUTO
2025-06-22 18:47:48,297 - SUAS - DEBUG - [SUAS_main.main:745] - Waiting for mode change to: AUTO
2025-06-22 18:47:48,798 - SUAS - DEBUG - [SUAS_main.main:745] - Waiting for mode change to: AUTO
2025-06-22 18:47:49,300 - SUAS - DEBUG - [SUAS_main.main:745] - Waiting for mode change to: AUTO
2025-06-22 18:47:49,801 - SUAS - DEBUG - [SUAS_main.main:745] - Waiting for mode change to: AUTO
2025-06-22 18:47:50,303 - SUAS - DEBUG - [SUAS_main.main:745] - Waiting for mode change to: AUTO
2025-06-22 18:47:50,804 - SUAS - DEBUG - [SUAS_main.main:745] - Waiting for mode change to: AUTO
2025-06-22 18:47:51,305 - SUAS - DEBUG - [SUAS_main.main:745] - Waiting for mode change to: AUTO
2025-06-22 18:47:51,807 - SUAS - DEBUG - [SUAS_main.main:745] - Waiting for mode change to: AUTO
2025-06-22 18:47:52,308 - SUAS - DEBUG - [SUAS_main.main:745] - Waiting for mode change to: AUTO
2025-06-22 18:47:52,810 - SUAS - DEBUG - [SUAS_main.main:745] - Waiting for mode change to: AUTO
2025-06-22 18:47:53,311 - SUAS - DEBUG - [SUAS_main.main:745] - Waiting for mode change to: AUTO
2025-06-22 18:47:53,812 - SUAS - DEBUG - [SUAS_main.main:745] - Waiting for mode change to: AUTO
2025-06-22 18:47:54,314 - SUAS - DEBUG - [SUAS_main.main:745] - Waiting for mode change to: AUTO
2025-06-22 18:47:54,816 - SUAS - DEBUG - [SUAS_main.main:745] - Waiting for mode change to: AUTO
2025-06-22 18:47:55,317 - SUAS - DEBUG - [SUAS_main.main:745] - Waiting for mode change to: AUTO
2025-06-22 18:47:55,818 - SUAS - DEBUG - [SUAS_main.main:745] - Waiting for mode change to: AUTO
2025-06-22 18:47:56,319 - SUAS - DEBUG - [SUAS_main.main:745] - Waiting for mode change to: AUTO
2025-06-22 18:47:56,821 - SUAS - DEBUG - [SUAS_main.main:745] - Waiting for mode change to: AUTO
2025-06-22 18:47:57,323 - SUAS - DEBUG - [SUAS_main.main:745] - Waiting for mode change to: AUTO
2025-06-22 18:47:57,824 - SUAS - DEBUG - [SUAS_main.main:745] - Waiting for mode change to: AUTO
2025-06-22 18:47:58,326 - SUAS - DEBUG - [SUAS_main.main:745] - Waiting for mode change to: AUTO
2025-06-22 18:47:58,827 - SUAS - DEBUG - [SUAS_main.main:745] - Waiting for mode change to: AUTO
2025-06-22 18:47:59,328 - SUAS - DEBUG - [SUAS_main.main:745] - Waiting for mode change to: AUTO
2025-06-22 18:47:59,830 - SUAS - DEBUG - [SUAS_main.main:745] - Waiting for mode change to: AUTO
2025-06-22 18:48:00,332 - SUAS - DEBUG - [SUAS_main.main:745] - Waiting for mode change to: AUTO
2025-06-22 18:48:00,833 - SUAS - DEBUG - [SUAS_main.main:745] - Waiting for mode change to: AUTO
2025-06-22 18:48:01,334 - SUAS - DEBUG - [SUAS_main.main:745] - Waiting for mode change to: AUTO
2025-06-22 18:48:01,836 - SUAS - DEBUG - [SUAS_main.main:745] - Waiting for mode change to: AUTO
2025-06-22 18:48:02,337 - SUAS - DEBUG - [SUAS_main.main:745] - Waiting for mode change to: AUTO
2025-06-22 18:48:02,839 - SUAS - DEBUG - [SUAS_main.main:745] - Waiting for mode change to: AUTO
2025-06-22 18:48:03,340 - SUAS - DEBUG - [SUAS_main.main:745] - Waiting for mode change to: AUTO
2025-06-22 18:48:03,842 - SUAS - DEBUG - [SUAS_main.main:745] - Waiting for mode change to: AUTO
2025-06-22 18:48:04,343 - SUAS - DEBUG - [SUAS_main.main:745] - Waiting for mode change to: AUTO
2025-06-22 18:48:04,844 - SUAS - DEBUG - [SUAS_main.main:745] - Waiting for mode change to: AUTO
2025-06-22 18:48:05,346 - SUAS - DEBUG - [SUAS_main.main:745] - Waiting for mode change to: AUTO
2025-06-22 18:48:05,847 - SUAS - DEBUG - [SUAS_main.main:745] - Waiting for mode change to: AUTO
2025-06-22 18:48:06,349 - SUAS - DEBUG - [SUAS_main.main:745] - Waiting for mode change to: AUTO
2025-06-22 18:48:06,850 - SUAS - DEBUG - [SUAS_main.main:745] - Waiting for mode change to: AUTO
2025-06-22 18:48:07,352 - SUAS - DEBUG - [SUAS_main.main:745] - Waiting for mode change to: AUTO
2025-06-22 18:48:07,853 - SUAS - DEBUG - [SUAS_main.main:745] - Waiting for mode change to: AUTO
2025-06-22 18:48:08,355 - SUAS - DEBUG - [SUAS_main.main:745] - Waiting for mode change to: AUTO
2025-06-22 18:48:08,856 - SUAS - DEBUG - [SUAS_main.main:745] - Waiting for mode change to: AUTO
2025-06-22 18:48:09,358 - SUAS - DEBUG - [SUAS_main.main:745] - Waiting for mode change to: AUTO
2025-06-22 18:48:09,859 - SUAS - DEBUG - [SUAS_main.main:745] - Waiting for mode change to: AUTO
2025-06-22 18:48:10,361 - SUAS - DEBUG - [SUAS_main.main:745] - Waiting for mode change to: AUTO
2025-06-22 18:48:10,862 - SUAS - DEBUG - [SUAS_main.main:745] - Waiting for mode change to: AUTO
2025-06-22 18:48:11,364 - SUAS - DEBUG - [SUAS_main.main:745] - Waiting for mode change to: AUTO
2025-06-22 18:48:11,866 - SUAS - DEBUG - [SUAS_main.main:745] - Waiting for mode change to: AUTO
2025-06-22 18:48:12,367 - SUAS - DEBUG - [SUAS_main.main:745] - Waiting for mode change to: AUTO
2025-06-22 18:48:12,869 - SUAS - DEBUG - [SUAS_main.main:745] - Waiting for mode change to: AUTO
2025-06-22 18:48:13,370 - SUAS - DEBUG - [SUAS_main.main:745] - Waiting for mode change to: AUTO
2025-06-22 18:48:13,872 - SUAS - DEBUG - [SUAS_main.main:745] - Waiting for mode change to: AUTO
2025-06-22 18:48:14,374 - SUAS - DEBUG - [SUAS_main.main:745] - Waiting for mode change to: AUTO
2025-06-22 18:48:14,875 - SUAS - DEBUG - [SUAS_main.main:745] - Waiting for mode change to: AUTO
2025-06-22 18:48:15,376 - SUAS - DEBUG - [SUAS_main.main:745] - Waiting for mode change to: AUTO
2025-06-22 18:48:15,878 - SUAS - DEBUG - [SUAS_main.main:745] - Waiting for mode change to: AUTO
2025-06-22 18:48:16,379 - SUAS - DEBUG - [SUAS_main.main:745] - Waiting for mode change to: AUTO
2025-06-22 18:48:16,880 - SUAS - DEBUG - [SUAS_main.main:745] - Waiting for mode change to: AUTO
2025-06-22 18:48:17,382 - SUAS - DEBUG - [SUAS_main.main:745] - Waiting for mode change to: AUTO
2025-06-22 18:48:17,884 - SUAS - DEBUG - [SUAS_main.main:745] - Waiting for mode change to: AUTO
2025-06-22 18:48:18,386 - SUAS - DEBUG - [SUAS_main.main:745] - Waiting for mode change to: AUTO
2025-06-22 18:48:18,887 - SUAS - DEBUG - [SUAS_main.main:745] - Waiting for mode change to: AUTO
2025-06-22 18:48:19,389 - SUAS - DEBUG - [SUAS_main.main:745] - Waiting for mode change to: AUTO
2025-06-22 18:48:19,890 - SUAS - DEBUG - [SUAS_main.main:745] - Waiting for mode change to: AUTO
2025-06-22 18:48:20,392 - SUAS - DEBUG - [SUAS_main.main:745] - Waiting for mode change to: AUTO
2025-06-22 18:48:20,893 - SUAS - DEBUG - [SUAS_main.main:745] - Waiting for mode change to: AUTO
2025-06-22 18:48:21,395 - SUAS - DEBUG - [SUAS_main.main:745] - Waiting for mode change to: AUTO
2025-06-22 18:48:21,896 - SUAS - DEBUG - [SUAS_main.main:745] - Waiting for mode change to: AUTO
2025-06-22 18:48:22,398 - SUAS - DEBUG - [SUAS_main.main:745] - Waiting for mode change to: AUTO
2025-06-22 18:48:22,899 - SUAS - DEBUG - [SUAS_main.main:745] - Waiting for mode change to: AUTO
2025-06-22 18:48:23,401 - SUAS - DEBUG - [SUAS_main.main:745] - Waiting for mode change to: AUTO
2025-06-22 18:48:23,903 - SUAS - DEBUG - [SUAS_main.main:745] - Waiting for mode change to: AUTO
2025-06-22 18:48:24,405 - SUAS - DEBUG - [SUAS_main.main:745] - Waiting for mode change to: AUTO
2025-06-22 18:48:24,906 - SUAS - DEBUG - [SUAS_main.main:745] - Waiting for mode change to: AUTO
2025-06-22 18:48:25,408 - SUAS - DEBUG - [SUAS_main.main:745] - Waiting for mode change to: AUTO
2025-06-22 18:48:25,909 - SUAS - DEBUG - [SUAS_main.main:745] - Waiting for mode change to: AUTO
2025-06-22 18:48:26,411 - SUAS - DEBUG - [SUAS_main.main:745] - Waiting for mode change to: AUTO
2025-06-22 18:48:26,912 - SUAS - DEBUG - [SUAS_main.main:745] - Waiting for mode change to: AUTO
2025-06-22 18:48:27,414 - SUAS - DEBUG - [SUAS_main.main:745] - Waiting for mode change to: AUTO
2025-06-22 18:48:27,915 - SUAS - DEBUG - [SUAS_main.main:745] - Waiting for mode change to: AUTO
2025-06-22 18:48:28,416 - SUAS - DEBUG - [SUAS_main.main:745] - Waiting for mode change to: AUTO
2025-06-22 18:48:28,918 - SUAS - DEBUG - [SUAS_main.main:745] - Waiting for mode change to: AUTO
2025-06-22 18:48:29,419 - SUAS - DEBUG - [SUAS_main.main:745] - Waiting for mode change to: AUTO
2025-06-22 18:48:29,921 - SUAS - DEBUG - [SUAS_main.main:745] - Waiting for mode change to: AUTO
2025-06-22 18:48:30,422 - SUAS - DEBUG - [SUAS_main.main:745] - Waiting for mode change to: AUTO
2025-06-22 18:48:30,924 - SUAS - DEBUG - [SUAS_main.main:745] - Waiting for mode change to: AUTO
2025-06-22 18:48:31,425 - SUAS - DEBUG - [SUAS_main.main:745] - Waiting for mode change to: AUTO
2025-06-22 18:48:31,927 - SUAS - DEBUG - [SUAS_main.main:745] - Waiting for mode change to: AUTO
2025-06-22 18:48:32,428 - SUAS - DEBUG - [SUAS_main.main:745] - Waiting for mode change to: AUTO
2025-06-22 18:48:32,930 - SUAS - DEBUG - [SUAS_main.main:745] - Waiting for mode change to: AUTO
2025-06-22 18:48:33,431 - SUAS - DEBUG - [SUAS_main.main:745] - Waiting for mode change to: AUTO
2025-06-22 18:48:33,933 - SUAS - DEBUG - [SUAS_main.main:745] - Waiting for mode change to: AUTO
2025-06-22 18:48:34,434 - SUAS - DEBUG - [SUAS_main.main:745] - Waiting for mode change to: AUTO
2025-06-22 18:48:34,936 - SUAS - DEBUG - [SUAS_main.main:745] - Waiting for mode change to: AUTO
2025-06-22 18:48:35,438 - SUAS - DEBUG - [SUAS_main.main:745] - Waiting for mode change to: AUTO
2025-06-22 18:48:35,939 - SUAS - DEBUG - [SUAS_main.main:745] - Waiting for mode change to: AUTO
2025-06-22 18:48:36,441 - SUAS - DEBUG - [SUAS_main.main:745] - Waiting for mode change to: AUTO
2025-06-22 18:48:36,942 - SUAS - DEBUG - [SUAS_main.main:745] - Waiting for mode change to: AUTO
2025-06-22 18:48:37,444 - SUAS - DEBUG - [SUAS_main.main:745] - Waiting for mode change to: AUTO
2025-06-22 18:48:37,945 - SUAS - DEBUG - [SUAS_main.main:745] - Waiting for mode change to: AUTO
2025-06-22 18:48:38,447 - SUAS - DEBUG - [SUAS_main.main:745] - Waiting for mode change to: AUTO
2025-06-22 18:48:38,948 - SUAS - DEBUG - [SUAS_main.main:745] - Waiting for mode change to: AUTO
2025-06-22 18:48:39,450 - SUAS - DEBUG - [SUAS_main.main:745] - Waiting for mode change to: AUTO
2025-06-22 18:48:39,951 - SUAS - DEBUG - [SUAS_main.main:745] - Waiting for mode change to: AUTO
2025-06-22 18:48:40,452 - SUAS - DEBUG - [SUAS_main.main:745] - Waiting for mode change to: AUTO
2025-06-22 18:48:40,954 - SUAS - DEBUG - [SUAS_main.main:745] - Waiting for mode change to: AUTO
2025-06-22 18:48:41,455 - SUAS - DEBUG - [SUAS_main.main:745] - Waiting for mode change to: AUTO
2025-06-22 18:48:41,956 - SUAS - DEBUG - [SUAS_main.main:745] - Waiting for mode change to: AUTO
2025-06-22 18:48:42,458 - SUAS - DEBUG - [SUAS_main.main:745] - Waiting for mode change to: AUTO
2025-06-22 18:48:42,959 - SUAS - DEBUG - [SUAS_main.main:745] - Waiting for mode change to: AUTO
2025-06-22 18:48:43,461 - SUAS - DEBUG - [SUAS_main.main:745] - Waiting for mode change to: AUTO
2025-06-22 18:48:43,962 - SUAS - DEBUG - [SUAS_main.main:745] - Waiting for mode change to: AUTO
2025-06-22 18:48:44,464 - SUAS - DEBUG - [SUAS_main.main:745] - Waiting for mode change to: AUTO
2025-06-22 18:48:44,965 - SUAS - DEBUG - [SUAS_main.main:745] - Waiting for mode change to: AUTO
2025-06-22 18:48:45,467 - SUAS - DEBUG - [SUAS_main.main:745] - Waiting for mode change to: AUTO
2025-06-22 18:48:45,968 - SUAS - DEBUG - [SUAS_main.main:745] - Waiting for mode change to: AUTO
2025-06-22 18:48:46,470 - SUAS - DEBUG - [SUAS_main.main:745] - Waiting for mode change to: AUTO
2025-06-22 18:48:46,971 - SUAS - DEBUG - [SUAS_main.main:745] - Waiting for mode change to: AUTO
2025-06-22 18:48:47,473 - SUAS - DEBUG - [SUAS_main.main:745] - Waiting for mode change to: AUTO
2025-06-22 18:48:47,974 - SUAS - DEBUG - [SUAS_main.main:745] - Waiting for mode change to: AUTO
2025-06-22 18:48:48,476 - SUAS - DEBUG - [SUAS_main.main:745] - Waiting for mode change to: AUTO
2025-06-22 18:48:48,977 - SUAS - DEBUG - [SUAS_main.main:745] - Waiting for mode change to: AUTO
2025-06-22 18:48:49,479 - SUAS - DEBUG - [SUAS_main.main:745] - Waiting for mode change to: AUTO
2025-06-22 18:48:49,980 - SUAS - DEBUG - [SUAS_main.main:745] - Waiting for mode change to: AUTO
2025-06-22 18:48:50,482 - SUAS - DEBUG - [SUAS_main.main:745] - Waiting for mode change to: AUTO
2025-06-22 18:48:50,983 - SUAS - DEBUG - [SUAS_main.main:745] - Waiting for mode change to: AUTO
2025-06-22 18:48:51,484 - SUAS - DEBUG - [SUAS_main.main:745] - Waiting for mode change to: AUTO
2025-06-22 18:48:51,986 - SUAS - DEBUG - [SUAS_main.main:745] - Waiting for mode change to: AUTO
2025-06-22 18:48:52,487 - SUAS - DEBUG - [SUAS_main.main:745] - Waiting for mode change to: AUTO
2025-06-22 18:48:52,988 - SUAS - DEBUG - [SUAS_main.main:745] - Waiting for mode change to: AUTO
2025-06-22 18:48:53,490 - SUAS - DEBUG - [SUAS_main.main:745] - Waiting for mode change to: AUTO
2025-06-22 18:48:53,992 - SUAS - DEBUG - [SUAS_main.main:745] - Waiting for mode change to: AUTO
2025-06-22 18:48:54,493 - SUAS - DEBUG - [SUAS_main.main:745] - Waiting for mode change to: AUTO
2025-06-22 18:48:54,995 - SUAS - DEBUG - [SUAS_main.main:745] - Waiting for mode change to: AUTO
2025-06-22 18:48:55,496 - SUAS - DEBUG - [SUAS_main.main:745] - Waiting for mode change to: AUTO
2025-06-22 18:48:55,998 - SUAS - DEBUG - [SUAS_main.main:745] - Waiting for mode change to: AUTO
2025-06-22 18:48:56,499 - SUAS - DEBUG - [SUAS_main.main:745] - Waiting for mode change to: AUTO
2025-06-22 18:48:57,000 - SUAS - DEBUG - [SUAS_main.main:745] - Waiting for mode change to: AUTO
2025-06-22 18:48:57,502 - SUAS - DEBUG - [SUAS_main.main:745] - Waiting for mode change to: AUTO
2025-06-22 18:48:58,003 - SUAS - DEBUG - [SUAS_main.main:745] - Waiting for mode change to: AUTO
2025-06-22 18:48:58,505 - SUAS - DEBUG - [SUAS_main.main:745] - Waiting for mode change to: AUTO
2025-06-22 18:48:59,006 - SUAS - DEBUG - [SUAS_main.main:745] - Waiting for mode change to: AUTO
2025-06-22 18:48:59,508 - SUAS - DEBUG - [SUAS_main.main:745] - Waiting for mode change to: AUTO
2025-06-22 18:49:00,010 - SUAS - DEBUG - [SUAS_main.main:745] - Waiting for mode change to: AUTO
2025-06-22 18:49:00,512 - SUAS - DEBUG - [SUAS_main.main:745] - Waiting for mode change to: AUTO
2025-06-22 18:49:01,013 - SUAS - DEBUG - [SUAS_main.main:745] - Waiting for mode change to: AUTO
2025-06-22 18:49:01,515 - SUAS - DEBUG - [SUAS_main.main:745] - Waiting for mode change to: AUTO
2025-06-22 18:49:02,016 - SUAS - DEBUG - [SUAS_main.main:745] - Waiting for mode change to: AUTO
2025-06-22 18:49:02,517 - SUAS - DEBUG - [SUAS_main.main:745] - Waiting for mode change to: AUTO
2025-06-22 18:49:03,019 - SUAS - DEBUG - [SUAS_main.main:745] - Waiting for mode change to: AUTO
2025-06-22 18:49:03,520 - SUAS - DEBUG - [SUAS_main.main:745] - Waiting for mode change to: AUTO
2025-06-22 18:49:04,022 - SUAS - DEBUG - [SUAS_main.main:745] - Waiting for mode change to: AUTO
2025-06-22 18:49:04,523 - SUAS - DEBUG - [SUAS_main.main:745] - Waiting for mode change to: AUTO
2025-06-22 18:49:05,024 - SUAS - DEBUG - [SUAS_main.main:745] - Waiting for mode change to: AUTO
2025-06-22 18:49:05,526 - SUAS - DEBUG - [SUAS_main.main:745] - Waiting for mode change to: AUTO
2025-06-22 18:49:06,028 - SUAS - DEBUG - [SUAS_main.main:745] - Waiting for mode change to: AUTO
2025-06-22 18:49:06,529 - SUAS - DEBUG - [SUAS_main.main:745] - Waiting for mode change to: AUTO
2025-06-22 18:49:07,031 - SUAS - DEBUG - [SUAS_main.main:745] - Waiting for mode change to: AUTO
2025-06-22 18:49:07,532 - SUAS - DEBUG - [SUAS_main.main:745] - Waiting for mode change to: AUTO
2025-06-22 18:49:08,034 - SUAS - DEBUG - [SUAS_main.main:745] - Waiting for mode change to: AUTO
2025-06-22 18:49:08,535 - SUAS - DEBUG - [SUAS_main.main:745] - Waiting for mode change to: AUTO
2025-06-22 18:49:09,036 - SUAS - DEBUG - [SUAS_main.main:745] - Waiting for mode change to: AUTO
2025-06-22 18:49:09,538 - SUAS - DEBUG - [SUAS_main.main:745] - Waiting for mode change to: AUTO
2025-06-22 18:49:10,039 - SUAS - DEBUG - [SUAS_main.main:745] - Waiting for mode change to: AUTO
2025-06-22 18:49:10,541 - SUAS - DEBUG - [SUAS_main.main:745] - Waiting for mode change to: AUTO
2025-06-22 18:49:11,042 - SUAS - DEBUG - [SUAS_main.main:745] - Waiting for mode change to: AUTO
2025-06-22 18:49:11,544 - SUAS - DEBUG - [SUAS_main.main:745] - Waiting for mode change to: AUTO
2025-06-22 18:49:12,046 - SUAS - DEBUG - [SUAS_main.main:745] - Waiting for mode change to: AUTO
2025-06-22 18:49:12,547 - SUAS - DEBUG - [SUAS_main.main:745] - Waiting for mode change to: AUTO
2025-06-22 18:49:13,049 - SUAS - DEBUG - [SUAS_main.main:745] - Waiting for mode change to: AUTO
2025-06-22 18:49:13,550 - SUAS - DEBUG - [SUAS_main.main:745] - Waiting for mode change to: AUTO
2025-06-22 18:49:14,052 - SUAS - DEBUG - [SUAS_main.main:745] - Waiting for mode change to: AUTO
2025-06-22 18:49:14,553 - SUAS - DEBUG - [SUAS_main.main:745] - Waiting for mode change to: AUTO
2025-06-22 18:49:15,055 - SUAS - DEBUG - [SUAS_main.main:745] - Waiting for mode change to: AUTO
2025-06-22 18:49:15,556 - SUAS - DEBUG - [SUAS_main.main:745] - Waiting for mode change to: AUTO
2025-06-22 18:49:16,058 - SUAS - DEBUG - [SUAS_main.main:745] - Waiting for mode change to: AUTO
2025-06-22 18:49:16,559 - SUAS - DEBUG - [SUAS_main.main:745] - Waiting for mode change to: AUTO
2025-06-22 18:49:17,061 - SUAS - DEBUG - [SUAS_main.main:745] - Waiting for mode change to: AUTO
2025-06-22 18:49:17,562 - SUAS - DEBUG - [SUAS_main.main:745] - Waiting for mode change to: AUTO
2025-06-22 18:49:18,064 - SUAS - DEBUG - [SUAS_main.main:745] - Waiting for mode change to: AUTO
2025-06-22 18:49:18,565 - SUAS - DEBUG - [SUAS_main.main:745] - Waiting for mode change to: AUTO
2025-06-22 18:49:19,067 - SUAS - DEBUG - [SUAS_main.main:745] - Waiting for mode change to: AUTO
2025-06-22 18:49:19,568 - SUAS - DEBUG - [SUAS_main.main:745] - Waiting for mode change to: AUTO
2025-06-22 18:49:20,070 - SUAS - DEBUG - [SUAS_main.main:745] - Waiting for mode change to: AUTO
2025-06-22 18:49:20,571 - SUAS - DEBUG - [SUAS_main.main:745] - Waiting for mode change to: AUTO
2025-06-22 18:49:21,072 - SUAS - DEBUG - [SUAS_main.main:745] - Waiting for mode change to: AUTO
2025-06-22 18:49:21,574 - SUAS - DEBUG - [SUAS_main.main:745] - Waiting for mode change to: AUTO
2025-06-22 18:49:22,075 - SUAS - DEBUG - [SUAS_main.main:745] - Waiting for mode change to: AUTO
2025-06-22 18:49:22,576 - SUAS - DEBUG - [SUAS_main.main:745] - Waiting for mode change to: AUTO
2025-06-22 18:49:23,079 - SUAS - DEBUG - [SUAS_main.main:745] - Waiting for mode change to: AUTO
2025-06-22 18:49:23,581 - SUAS - DEBUG - [SUAS_main.main:745] - Waiting for mode change to: AUTO
2025-06-22 18:49:24,082 - SUAS - DEBUG - [SUAS_main.main:745] - Waiting for mode change to: AUTO
2025-06-22 18:49:24,584 - SUAS - DEBUG - [SUAS_main.main:745] - Waiting for mode change to: AUTO
2025-06-22 18:49:25,085 - SUAS - DEBUG - [SUAS_main.main:745] - Waiting for mode change to: AUTO
2025-06-22 18:49:25,587 - SUAS - DEBUG - [SUAS_main.main:745] - Waiting for mode change to: AUTO
2025-06-22 18:49:26,088 - SUAS - DEBUG - [SUAS_main.main:745] - Waiting for mode change to: AUTO
2025-06-22 18:49:26,590 - SUAS - DEBUG - [SUAS_main.main:745] - Waiting for mode change to: AUTO
2025-06-22 18:49:27,091 - SUAS - DEBUG - [SUAS_main.main:745] - Waiting for mode change to: AUTO
2025-06-22 18:49:27,592 - SUAS - DEBUG - [SUAS_main.main:745] - Waiting for mode change to: AUTO
2025-06-22 18:49:28,094 - SUAS - DEBUG - [SUAS_main.main:745] - Waiting for mode change to: AUTO
2025-06-22 18:49:28,596 - SUAS - DEBUG - [SUAS_main.main:745] - Waiting for mode change to: AUTO
2025-06-22 18:49:29,097 - SUAS - DEBUG - [SUAS_main.main:745] - Waiting for mode change to: AUTO
2025-06-22 18:49:29,599 - SUAS - DEBUG - [SUAS_main.main:745] - Waiting for mode change to: AUTO
2025-06-22 18:49:30,100 - SUAS - DEBUG - [SUAS_main.main:745] - Waiting for mode change to: AUTO
2025-06-22 18:49:30,602 - SUAS - DEBUG - [SUAS_main.main:745] - Waiting for mode change to: AUTO
2025-06-22 18:49:31,103 - SUAS - DEBUG - [SUAS_main.main:745] - Waiting for mode change to: AUTO
2025-06-22 18:49:31,605 - SUAS - DEBUG - [SUAS_main.main:745] - Waiting for mode change to: AUTO
2025-06-22 18:49:32,106 - SUAS - DEBUG - [SUAS_main.main:745] - Waiting for mode change to: AUTO
2025-06-22 18:49:32,608 - SUAS - DEBUG - [SUAS_main.main:745] - Waiting for mode change to: AUTO
2025-06-22 18:49:33,109 - SUAS - DEBUG - [SUAS_main.main:745] - Waiting for mode change to: AUTO
2025-06-22 18:49:33,611 - SUAS - DEBUG - [SUAS_main.main:745] - Waiting for mode change to: AUTO
2025-06-22 18:49:34,112 - SUAS - DEBUG - [SUAS_main.main:745] - Waiting for mode change to: AUTO
2025-06-22 18:49:34,614 - SUAS - DEBUG - [SUAS_main.main:745] - Waiting for mode change to: AUTO
2025-06-22 18:49:35,115 - SUAS - DEBUG - [SUAS_main.main:745] - Waiting for mode change to: AUTO
2025-06-22 18:49:35,617 - SUAS - DEBUG - [SUAS_main.main:745] - Waiting for mode change to: AUTO
2025-06-22 18:49:36,118 - SUAS - DEBUG - [SUAS_main.main:745] - Waiting for mode change to: AUTO
2025-06-22 18:49:36,620 - SUAS - DEBUG - [SUAS_main.main:745] - Waiting for mode change to: AUTO
2025-06-22 18:49:37,121 - SUAS - DEBUG - [SUAS_main.main:745] - Waiting for mode change to: AUTO
2025-06-22 18:49:37,623 - SUAS - DEBUG - [SUAS_main.main:745] - Waiting for mode change to: AUTO
2025-06-22 18:49:38,124 - SUAS - DEBUG - [SUAS_main.main:745] - Waiting for mode change to: AUTO
2025-06-22 18:49:38,626 - SUAS - DEBUG - [SUAS_main.main:745] - Waiting for mode change to: AUTO
2025-06-22 18:49:39,127 - SUAS - DEBUG - [SUAS_main.main:745] - Waiting for mode change to: AUTO
2025-06-22 18:49:39,628 - SUAS - DEBUG - [SUAS_main.main:745] - Waiting for mode change to: AUTO
2025-06-22 18:49:40,130 - SUAS - DEBUG - [SUAS_main.main:745] - Waiting for mode change to: AUTO
2025-06-22 18:49:40,632 - SUAS - DEBUG - [SUAS_main.main:745] - Waiting for mode change to: AUTO
2025-06-22 18:49:41,133 - SUAS - DEBUG - [SUAS_main.main:745] - Waiting for mode change to: AUTO
2025-06-22 18:49:41,635 - SUAS - DEBUG - [SUAS_main.main:745] - Waiting for mode change to: AUTO
2025-06-22 18:49:42,136 - SUAS - DEBUG - [SUAS_main.main:745] - Waiting for mode change to: AUTO
2025-06-22 18:49:42,638 - SUAS - DEBUG - [SUAS_main.main:745] - Waiting for mode change to: AUTO
2025-06-22 18:49:43,172 - SUAS - DEBUG - [SUAS_main.main:745] - Waiting for mode change to: AUTO
2025-06-22 18:49:43,674 - SUAS - DEBUG - [SUAS_main.main:745] - Waiting for mode change to: AUTO
2025-06-22 18:49:44,175 - SUAS - DEBUG - [SUAS_main.main:745] - Waiting for mode change to: AUTO
2025-06-22 18:49:44,676 - SUAS - DEBUG - [SUAS_main.main:745] - Waiting for mode change to: AUTO
2025-06-22 18:49:45,178 - SUAS - DEBUG - [SUAS_main.main:745] - Waiting for mode change to: AUTO
2025-06-22 18:49:45,679 - SUAS - DEBUG - [SUAS_main.main:745] - Waiting for mode change to: AUTO
2025-06-22 18:49:46,180 - SUAS - DEBUG - [SUAS_main.main:745] - Waiting for mode change to: AUTO
2025-06-22 18:49:46,682 - SUAS - DEBUG - [SUAS_main.main:745] - Waiting for mode change to: AUTO
2025-06-22 18:49:47,183 - SUAS - DEBUG - [SUAS_main.main:745] - Waiting for mode change to: AUTO
2025-06-22 18:49:47,684 - SUAS - DEBUG - [SUAS_main.main:745] - Waiting for mode change to: AUTO
2025-06-22 18:49:48,218 - SUAS - DEBUG - [SUAS_main.main:745] - Waiting for mode change to: AUTO
2025-06-22 18:49:48,720 - SUAS - DEBUG - [SUAS_main.main:745] - Waiting for mode change to: AUTO
2025-06-22 18:49:49,221 - SUAS - DEBUG - [SUAS_main.main:745] - Waiting for mode change to: AUTO
2025-06-22 18:49:49,723 - SUAS - DEBUG - [SUAS_main.main:745] - Waiting for mode change to: AUTO
2025-06-22 18:49:50,224 - SUAS - DEBUG - [SUAS_main.main:745] - Waiting for mode change to: AUTO
2025-06-22 18:49:50,726 - SUAS - DEBUG - [SUAS_main.main:745] - Waiting for mode change to: AUTO
2025-06-22 18:49:51,227 - SUAS - DEBUG - [SUAS_main.main:745] - Waiting for mode change to: AUTO
2025-06-22 18:49:51,729 - SUAS - DEBUG - [SUAS_main.main:745] - Waiting for mode change to: AUTO
2025-06-22 18:49:52,230 - SUAS - DEBUG - [SUAS_main.main:745] - Waiting for mode change to: AUTO
2025-06-22 18:49:52,732 - SUAS - DEBUG - [SUAS_main.main:745] - Waiting for mode change to: AUTO
2025-06-22 18:49:53,233 - SUAS - DEBUG - [SUAS_main.main:745] - Waiting for mode change to: AUTO
2025-06-22 18:49:53,734 - SUAS - DEBUG - [SUAS_main.main:745] - Waiting for mode change to: AUTO
2025-06-22 18:49:54,236 - SUAS - DEBUG - [SUAS_main.main:745] - Waiting for mode change to: AUTO
2025-06-22 18:49:54,737 - SUAS - DEBUG - [SUAS_main.main:745] - Waiting for mode change to: AUTO
2025-06-22 18:49:55,239 - SUAS - DEBUG - [SUAS_main.main:745] - Waiting for mode change to: AUTO
2025-06-22 18:49:55,740 - SUAS - DEBUG - [SUAS_main.main:745] - Waiting for mode change to: AUTO
2025-06-22 18:49:56,242 - SUAS - DEBUG - [SUAS_main.main:745] - Waiting for mode change to: AUTO
2025-06-22 18:49:56,743 - SUAS - DEBUG - [SUAS_main.main:745] - Waiting for mode change to: AUTO
2025-06-22 18:49:57,244 - SUAS - DEBUG - [SUAS_main.main:745] - Waiting for mode change to: AUTO
2025-06-22 18:49:57,746 - SUAS - DEBUG - [SUAS_main.main:745] - Waiting for mode change to: AUTO
2025-06-22 18:49:58,248 - SUAS - DEBUG - [SUAS_main.main:745] - Waiting for mode change to: AUTO
2025-06-22 18:49:58,750 - SUAS - DEBUG - [SUAS_main.main:745] - Waiting for mode change to: AUTO
2025-06-22 18:49:59,251 - SUAS - DEBUG - [SUAS_main.main:745] - Waiting for mode change to: AUTO
2025-06-22 18:49:59,752 - SUAS - DEBUG - [SUAS_main.main:745] - Waiting for mode change to: AUTO
2025-06-22 18:50:00,254 - SUAS - DEBUG - [SUAS_main.main:745] - Waiting for mode change to: AUTO
2025-06-22 18:50:00,755 - SUAS - DEBUG - [SUAS_main.main:745] - Waiting for mode change to: AUTO
2025-06-22 18:50:01,256 - SUAS - DEBUG - [SUAS_main.main:745] - Waiting for mode change to: AUTO
2025-06-22 18:50:01,758 - SUAS - DEBUG - [SUAS_main.main:745] - Waiting for mode change to: AUTO
2025-06-22 18:50:02,259 - SUAS - DEBUG - [SUAS_main.main:745] - Waiting for mode change to: AUTO
2025-06-22 18:50:02,760 - SUAS - DEBUG - [SUAS_main.main:745] - Waiting for mode change to: AUTO
2025-06-22 18:50:03,262 - SUAS - DEBUG - [SUAS_main.main:745] - Waiting for mode change to: AUTO
2025-06-22 18:50:03,764 - SUAS - DEBUG - [SUAS_main.main:745] - Waiting for mode change to: AUTO
2025-06-22 18:50:04,265 - SUAS - DEBUG - [SUAS_main.main:745] - Waiting for mode change to: AUTO
2025-06-22 18:50:04,767 - SUAS - DEBUG - [SUAS_main.main:745] - Waiting for mode change to: AUTO
2025-06-22 18:50:05,268 - SUAS - DEBUG - [SUAS_main.main:745] - Waiting for mode change to: AUTO
2025-06-22 18:50:05,770 - SUAS - DEBUG - [SUAS_main.main:745] - Waiting for mode change to: AUTO
2025-06-22 18:50:06,272 - SUAS - DEBUG - [SUAS_main.main:745] - Waiting for mode change to: AUTO
2025-06-22 18:50:06,773 - SUAS - DEBUG - [SUAS_main.main:745] - Waiting for mode change to: AUTO
2025-06-22 18:50:07,274 - SUAS - DEBUG - [SUAS_main.main:745] - Waiting for mode change to: AUTO
2025-06-22 18:50:07,776 - SUAS - DEBUG - [SUAS_main.main:745] - Waiting for mode change to: AUTO
2025-06-22 18:50:08,277 - SUAS - DEBUG - [SUAS_main.main:745] - Waiting for mode change to: AUTO
2025-06-22 18:50:08,779 - SUAS - DEBUG - [SUAS_main.main:745] - Waiting for mode change to: AUTO
2025-06-22 18:50:09,280 - SUAS - DEBUG - [SUAS_main.main:745] - Waiting for mode change to: AUTO
2025-06-22 18:50:09,782 - SUAS - DEBUG - [SUAS_main.main:745] - Waiting for mode change to: AUTO
2025-06-22 18:50:10,284 - SUAS - DEBUG - [SUAS_main.main:745] - Waiting for mode change to: AUTO
2025-06-22 18:50:10,785 - SUAS - DEBUG - [SUAS_main.main:745] - Waiting for mode change to: AUTO
2025-06-22 18:50:11,287 - SUAS - DEBUG - [SUAS_main.main:745] - Waiting for mode change to: AUTO
2025-06-22 18:50:11,788 - SUAS - DEBUG - [SUAS_main.main:745] - Waiting for mode change to: AUTO
2025-06-22 18:50:12,289 - SUAS - DEBUG - [SUAS_main.main:745] - Waiting for mode change to: AUTO
2025-06-22 18:50:12,791 - SUAS - DEBUG - [SUAS_main.main:745] - Waiting for mode change to: AUTO
2025-06-22 18:50:13,292 - SUAS - DEBUG - [SUAS_main.main:745] - Waiting for mode change to: AUTO
2025-06-22 18:50:13,794 - SUAS - DEBUG - [SUAS_main.main:745] - Waiting for mode change to: AUTO
2025-06-22 18:50:14,295 - SUAS - DEBUG - [SUAS_main.main:745] - Waiting for mode change to: AUTO
2025-06-22 18:50:14,796 - SUAS - DEBUG - [SUAS_main.main:745] - Waiting for mode change to: AUTO
2025-06-22 18:50:15,298 - SUAS - DEBUG - [SUAS_main.main:745] - Waiting for mode change to: AUTO
2025-06-22 18:50:15,799 - SUAS - DEBUG - [SUAS_main.main:745] - Waiting for mode change to: AUTO
2025-06-22 18:50:16,301 - SUAS - DEBUG - [SUAS_main.main:745] - Waiting for mode change to: AUTO
2025-06-22 18:50:16,802 - SUAS - DEBUG - [SUAS_main.main:745] - Waiting for mode change to: AUTO
2025-06-22 18:50:17,304 - SUAS - DEBUG - [SUAS_main.main:745] - Waiting for mode change to: AUTO
2025-06-22 18:50:17,805 - SUAS - DEBUG - [SUAS_main.main:745] - Waiting for mode change to: AUTO
2025-06-22 18:50:18,307 - SUAS - DEBUG - [SUAS_main.main:745] - Waiting for mode change to: AUTO
2025-06-22 18:50:18,808 - SUAS - DEBUG - [SUAS_main.main:745] - Waiting for mode change to: AUTO
2025-06-22 18:50:19,310 - SUAS - DEBUG - [SUAS_main.main:745] - Waiting for mode change to: AUTO
2025-06-22 18:50:19,811 - SUAS - DEBUG - [SUAS_main.main:745] - Waiting for mode change to: AUTO
2025-06-22 18:50:20,312 - SUAS - DEBUG - [SUAS_main.main:745] - Waiting for mode change to: AUTO
2025-06-22 18:50:20,814 - SUAS - DEBUG - [SUAS_main.main:745] - Waiting for mode change to: AUTO
2025-06-22 18:50:21,316 - SUAS - DEBUG - [SUAS_main.main:745] - Waiting for mode change to: AUTO
2025-06-22 18:50:21,818 - SUAS - DEBUG - [SUAS_main.main:745] - Waiting for mode change to: AUTO
2025-06-22 18:50:22,320 - SUAS - DEBUG - [SUAS_main.main:745] - Waiting for mode change to: AUTO
2025-06-22 18:50:22,821 - SUAS - DEBUG - [SUAS_main.main:745] - Waiting for mode change to: AUTO
2025-06-22 18:50:23,323 - SUAS - DEBUG - [SUAS_main.main:745] - Waiting for mode change to: AUTO
2025-06-22 18:50:23,824 - SUAS - DEBUG - [SUAS_main.main:745] - Waiting for mode change to: AUTO
2025-06-22 18:50:24,326 - SUAS - DEBUG - [SUAS_main.main:745] - Waiting for mode change to: AUTO
2025-06-22 18:50:24,827 - SUAS - DEBUG - [SUAS_main.main:745] - Waiting for mode change to: AUTO
2025-06-22 18:50:25,328 - SUAS - DEBUG - [SUAS_main.main:745] - Waiting for mode change to: AUTO
2025-06-22 18:50:25,830 - SUAS - DEBUG - [SUAS_main.main:745] - Waiting for mode change to: AUTO
2025-06-22 18:50:26,331 - SUAS - DEBUG - [SUAS_main.main:745] - Waiting for mode change to: AUTO
2025-06-22 18:50:26,832 - SUAS - DEBUG - [SUAS_main.main:745] - Waiting for mode change to: AUTO
2025-06-22 18:50:27,334 - SUAS - DEBUG - [SUAS_main.main:745] - Waiting for mode change to: AUTO
2025-06-22 18:50:27,836 - SUAS - DEBUG - [SUAS_main.main:745] - Waiting for mode change to: AUTO
2025-06-22 18:50:28,337 - SUAS - DEBUG - [SUAS_main.main:745] - Waiting for mode change to: AUTO
2025-06-22 18:50:28,839 - SUAS - DEBUG - [SUAS_main.main:745] - Waiting for mode change to: AUTO
2025-06-22 18:50:29,340 - SUAS - DEBUG - [SUAS_main.main:745] - Waiting for mode change to: AUTO
2025-06-22 18:50:29,842 - SUAS - DEBUG - [SUAS_main.main:745] - Waiting for mode change to: AUTO
2025-06-22 18:50:30,343 - SUAS - DEBUG - [SUAS_main.main:745] - Waiting for mode change to: AUTO
2025-06-22 18:50:30,844 - SUAS - DEBUG - [SUAS_main.main:745] - Waiting for mode change to: AUTO
2025-06-22 18:50:31,346 - SUAS - DEBUG - [SUAS_main.main:745] - Waiting for mode change to: AUTO
2025-06-22 18:50:31,847 - SUAS - DEBUG - [SUAS_main.main:745] - Waiting for mode change to: AUTO
2025-06-22 18:50:32,348 - SUAS - DEBUG - [SUAS_main.main:745] - Waiting for mode change to: AUTO
2025-06-22 18:50:32,850 - SUAS - DEBUG - [SUAS_main.main:745] - Waiting for mode change to: AUTO
2025-06-22 18:50:33,351 - SUAS - DEBUG - [SUAS_main.main:745] - Waiting for mode change to: AUTO
2025-06-22 18:50:33,853 - SUAS - DEBUG - [SUAS_main.main:745] - Waiting for mode change to: AUTO
2025-06-22 18:50:34,355 - SUAS - DEBUG - [SUAS_main.main:745] - Waiting for mode change to: AUTO
2025-06-22 18:50:34,856 - SUAS - DEBUG - [SUAS_main.main:745] - Waiting for mode change to: AUTO
2025-06-22 18:50:35,358 - SUAS - DEBUG - [SUAS_main.main:745] - Waiting for mode change to: AUTO
2025-06-22 18:50:35,859 - SUAS - DEBUG - [SUAS_main.main:745] - Waiting for mode change to: AUTO
2025-06-22 18:50:36,360 - SUAS - DEBUG - [SUAS_main.main:745] - Waiting for mode change to: AUTO
2025-06-22 18:50:36,862 - SUAS - DEBUG - [SUAS_main.main:745] - Waiting for mode change to: AUTO
2025-06-22 18:50:37,363 - SUAS - DEBUG - [SUAS_main.main:745] - Waiting for mode change to: AUTO
2025-06-22 18:50:37,864 - SUAS - DEBUG - [SUAS_main.main:745] - Waiting for mode change to: AUTO
2025-06-22 18:50:38,365 - SUAS - DEBUG - [SUAS_main.main:745] - Waiting for mode change to: AUTO
2025-06-22 18:50:38,867 - SUAS - DEBUG - [SUAS_main.main:745] - Waiting for mode change to: AUTO
2025-06-22 18:50:39,369 - SUAS - DEBUG - [SUAS_main.main:745] - Waiting for mode change to: AUTO
2025-06-22 18:50:39,871 - SUAS - DEBUG - [SUAS_main.main:745] - Waiting for mode change to: AUTO
2025-06-22 18:50:40,372 - SUAS - DEBUG - [SUAS_main.main:745] - Waiting for mode change to: AUTO
2025-06-22 18:50:40,874 - SUAS - DEBUG - [SUAS_main.main:745] - Waiting for mode change to: AUTO
2025-06-22 18:50:41,375 - SUAS - DEBUG - [SUAS_main.main:745] - Waiting for mode change to: AUTO
2025-06-22 18:50:41,877 - SUAS - DEBUG - [SUAS_main.main:745] - Waiting for mode change to: AUTO
2025-06-22 18:50:42,378 - SUAS - DEBUG - [SUAS_main.main:745] - Waiting for mode change to: AUTO
2025-06-22 18:50:42,880 - SUAS - DEBUG - [SUAS_main.main:745] - Waiting for mode change to: AUTO
2025-06-22 18:50:43,382 - SUAS - DEBUG - [SUAS_main.main:745] - Waiting for mode change to: AUTO
2025-06-22 18:50:43,884 - SUAS - DEBUG - [SUAS_main.main:745] - Waiting for mode change to: AUTO
2025-06-22 18:50:44,385 - SUAS - DEBUG - [SUAS_main.main:745] - Waiting for mode change to: AUTO
2025-06-22 18:50:44,887 - SUAS - DEBUG - [SUAS_main.main:745] - Waiting for mode change to: AUTO
2025-06-22 18:50:45,388 - SUAS - DEBUG - [SUAS_main.main:745] - Waiting for mode change to: AUTO
2025-06-22 18:50:45,890 - SUAS - DEBUG - [SUAS_main.main:745] - Waiting for mode change to: AUTO
2025-06-22 18:50:46,391 - SUAS - DEBUG - [SUAS_main.main:745] - Waiting for mode change to: AUTO
2025-06-22 18:50:46,893 - SUAS - DEBUG - [SUAS_main.main:745] - Waiting for mode change to: AUTO
2025-06-22 18:50:47,395 - SUAS - DEBUG - [SUAS_main.main:745] - Waiting for mode change to: AUTO
2025-06-22 18:50:47,896 - SUAS - DEBUG - [SUAS_main.main:745] - Waiting for mode change to: AUTO
2025-06-22 18:50:48,398 - SUAS - DEBUG - [SUAS_main.main:745] - Waiting for mode change to: AUTO
2025-06-22 18:50:48,899 - SUAS - DEBUG - [SUAS_main.main:745] - Waiting for mode change to: AUTO
2025-06-22 18:50:49,400 - SUAS - DEBUG - [SUAS_main.main:745] - Waiting for mode change to: AUTO
2025-06-22 18:50:49,902 - SUAS - DEBUG - [SUAS_main.main:745] - Waiting for mode change to: AUTO
2025-06-22 18:50:50,403 - SUAS - DEBUG - [SUAS_main.main:745] - Waiting for mode change to: AUTO
2025-06-22 18:50:50,905 - SUAS - DEBUG - [SUAS_main.main:745] - Waiting for mode change to: AUTO
2025-06-22 18:50:51,407 - SUAS - DEBUG - [SUAS_main.main:745] - Waiting for mode change to: AUTO
2025-06-22 18:50:51,908 - SUAS - DEBUG - [SUAS_main.main:745] - Waiting for mode change to: AUTO
2025-06-22 18:50:52,410 - SUAS - DEBUG - [SUAS_main.main:745] - Waiting for mode change to: AUTO
2025-06-22 18:50:52,911 - SUAS - DEBUG - [SUAS_main.main:745] - Waiting for mode change to: AUTO
2025-06-22 18:50:53,413 - SUAS - DEBUG - [SUAS_main.main:745] - Waiting for mode change to: AUTO
2025-06-22 18:50:53,914 - SUAS - DEBUG - [SUAS_main.main:745] - Waiting for mode change to: AUTO
2025-06-22 18:50:54,416 - SUAS - DEBUG - [SUAS_main.main:745] - Waiting for mode change to: AUTO
2025-06-22 18:50:54,917 - SUAS - DEBUG - [SUAS_main.main:745] - Waiting for mode change to: AUTO
2025-06-22 18:50:55,419 - SUAS - DEBUG - [SUAS_main.main:745] - Waiting for mode change to: AUTO
2025-06-22 18:50:55,920 - SUAS - DEBUG - [SUAS_main.main:745] - Waiting for mode change to: AUTO
2025-06-22 18:50:56,421 - SUAS - DEBUG - [SUAS_main.main:745] - Waiting for mode change to: AUTO
2025-06-22 18:50:56,923 - SUAS - DEBUG - [SUAS_main.main:745] - Waiting for mode change to: AUTO
2025-06-22 18:50:57,424 - SUAS - DEBUG - [SUAS_main.main:745] - Waiting for mode change to: AUTO
2025-06-22 18:50:57,926 - SUAS - DEBUG - [SUAS_main.main:745] - Waiting for mode change to: AUTO
2025-06-22 18:50:58,427 - SUAS - DEBUG - [SUAS_main.main:745] - Waiting for mode change to: AUTO
2025-06-22 18:50:58,929 - SUAS - DEBUG - [SUAS_main.main:745] - Waiting for mode change to: AUTO
2025-06-22 18:50:59,430 - SUAS - DEBUG - [SUAS_main.main:745] - Waiting for mode change to: AUTO
2025-06-22 18:50:59,932 - SUAS - DEBUG - [SUAS_main.main:745] - Waiting for mode change to: AUTO
2025-06-22 18:51:00,433 - SUAS - DEBUG - [SUAS_main.main:745] - Waiting for mode change to: AUTO
2025-06-22 18:51:00,935 - SUAS - DEBUG - [SUAS_main.main:745] - Waiting for mode change to: AUTO
2025-06-22 18:51:01,436 - SUAS - DEBUG - [SUAS_main.main:745] - Waiting for mode change to: AUTO
2025-06-22 18:51:01,938 - SUAS - DEBUG - [SUAS_main.main:745] - Waiting for mode change to: AUTO
2025-06-22 18:51:02,439 - SUAS - DEBUG - [SUAS_main.main:745] - Waiting for mode change to: AUTO
2025-06-22 18:51:02,941 - SUAS - DEBUG - [SUAS_main.main:745] - Waiting for mode change to: AUTO
2025-06-22 18:51:03,442 - SUAS - DEBUG - [SUAS_main.main:745] - Waiting for mode change to: AUTO
2025-06-22 18:51:03,944 - SUAS - DEBUG - [SUAS_main.main:745] - Waiting for mode change to: AUTO
2025-06-22 18:51:04,445 - SUAS - DEBUG - [SUAS_main.main:745] - Waiting for mode change to: AUTO
2025-06-22 18:51:04,947 - SUAS - DEBUG - [SUAS_main.main:745] - Waiting for mode change to: AUTO
2025-06-22 18:51:05,448 - SUAS - DEBUG - [SUAS_main.main:745] - Waiting for mode change to: AUTO
2025-06-22 18:51:05,950 - SUAS - DEBUG - [SUAS_main.main:745] - Waiting for mode change to: AUTO
2025-06-22 18:51:06,451 - SUAS - DEBUG - [SUAS_main.main:745] - Waiting for mode change to: AUTO
2025-06-22 18:51:06,952 - SUAS - DEBUG - [SUAS_main.main:745] - Waiting for mode change to: AUTO
2025-06-22 18:51:07,454 - SUAS - DEBUG - [SUAS_main.main:745] - Waiting for mode change to: AUTO
2025-06-22 18:51:07,955 - SUAS - DEBUG - [SUAS_main.main:745] - Waiting for mode change to: AUTO
2025-06-22 18:51:08,456 - SUAS - DEBUG - [SUAS_main.main:745] - Waiting for mode change to: AUTO
2025-06-22 18:51:08,958 - SUAS - DEBUG - [SUAS_main.main:745] - Waiting for mode change to: AUTO
2025-06-22 18:51:09,460 - SUAS - DEBUG - [SUAS_main.main:745] - Waiting for mode change to: AUTO
2025-06-22 18:51:09,962 - SUAS - DEBUG - [SUAS_main.main:745] - Waiting for mode change to: AUTO
2025-06-22 18:51:10,463 - SUAS - DEBUG - [SUAS_main.main:745] - Waiting for mode change to: AUTO
2025-06-22 18:51:10,964 - SUAS - DEBUG - [SUAS_main.main:745] - Waiting for mode change to: AUTO
2025-06-22 18:51:11,465 - SUAS - DEBUG - [SUAS_main.main:745] - Waiting for mode change to: AUTO
2025-06-22 18:51:11,967 - SUAS - DEBUG - [SUAS_main.main:745] - Waiting for mode change to: AUTO
2025-06-22 18:51:12,468 - SUAS - DEBUG - [SUAS_main.main:745] - Waiting for mode change to: AUTO
2025-06-22 18:51:12,970 - SUAS - DEBUG - [SUAS_main.main:745] - Waiting for mode change to: AUTO
2025-06-22 18:51:13,471 - SUAS - DEBUG - [SUAS_main.main:745] - Waiting for mode change to: AUTO
2025-06-22 18:51:13,972 - SUAS - DEBUG - [SUAS_main.main:745] - Waiting for mode change to: AUTO
2025-06-22 18:51:14,474 - SUAS - DEBUG - [SUAS_main.main:745] - Waiting for mode change to: AUTO
2025-06-22 18:51:14,975 - SUAS - DEBUG - [SUAS_main.main:745] - Waiting for mode change to: AUTO
2025-06-22 18:51:15,477 - SUAS - DEBUG - [SUAS_main.main:745] - Waiting for mode change to: AUTO
2025-06-22 18:51:15,978 - SUAS - DEBUG - [SUAS_main.main:745] - Waiting for mode change to: AUTO
2025-06-22 18:51:16,480 - SUAS - DEBUG - [SUAS_main.main:745] - Waiting for mode change to: AUTO
2025-06-22 18:51:16,981 - SUAS - DEBUG - [SUAS_main.main:745] - Waiting for mode change to: AUTO
2025-06-22 18:51:17,483 - SUAS - DEBUG - [SUAS_main.main:745] - Waiting for mode change to: AUTO
2025-06-22 18:51:17,984 - SUAS - DEBUG - [SUAS_main.main:745] - Waiting for mode change to: AUTO
2025-06-22 18:51:18,486 - SUAS - DEBUG - [SUAS_main.main:745] - Waiting for mode change to: AUTO
2025-06-22 18:51:18,987 - SUAS - DEBUG - [SUAS_main.main:745] - Waiting for mode change to: AUTO
2025-06-22 18:51:19,488 - SUAS - DEBUG - [SUAS_main.main:745] - Waiting for mode change to: AUTO
2025-06-22 18:51:19,990 - SUAS - DEBUG - [SUAS_main.main:745] - Waiting for mode change to: AUTO
2025-06-22 18:51:20,491 - SUAS - DEBUG - [SUAS_main.main:745] - Waiting for mode change to: AUTO
2025-06-22 18:51:20,993 - SUAS - DEBUG - [SUAS_main.main:745] - Waiting for mode change to: AUTO
2025-06-22 18:51:21,494 - SUAS - DEBUG - [SUAS_main.main:745] - Waiting for mode change to: AUTO
2025-06-22 18:51:21,996 - SUAS - DEBUG - [SUAS_main.main:745] - Waiting for mode change to: AUTO
2025-06-22 18:51:22,498 - SUAS - DEBUG - [SUAS_main.main:745] - Waiting for mode change to: AUTO
2025-06-22 18:51:22,999 - SUAS - DEBUG - [SUAS_main.main:745] - Waiting for mode change to: AUTO
2025-06-22 18:51:23,500 - SUAS - DEBUG - [SUAS_main.main:745] - Waiting for mode change to: AUTO
2025-06-22 18:51:24,002 - SUAS - DEBUG - [SUAS_main.main:745] - Waiting for mode change to: AUTO
2025-06-22 18:51:24,503 - SUAS - DEBUG - [SUAS_main.main:745] - Waiting for mode change to: AUTO
2025-06-22 18:51:25,004 - SUAS - DEBUG - [SUAS_main.main:745] - Waiting for mode change to: AUTO
2025-06-22 18:51:25,506 - SUAS - DEBUG - [SUAS_main.main:745] - Waiting for mode change to: AUTO
2025-06-22 18:51:26,007 - SUAS - DEBUG - [SUAS_main.main:745] - Waiting for mode change to: AUTO
2025-06-22 18:51:26,509 - SUAS - DEBUG - [SUAS_main.main:745] - Waiting for mode change to: AUTO
2025-06-22 18:51:27,011 - SUAS - DEBUG - [SUAS_main.main:745] - Waiting for mode change to: AUTO
2025-06-22 18:51:27,512 - SUAS - DEBUG - [SUAS_main.main:745] - Waiting for mode change to: AUTO
2025-06-22 18:51:28,014 - SUAS - DEBUG - [SUAS_main.main:745] - Waiting for mode change to: AUTO
2025-06-22 18:51:28,515 - SUAS - DEBUG - [SUAS_main.main:745] - Waiting for mode change to: AUTO
2025-06-22 18:51:29,017 - SUAS - DEBUG - [SUAS_main.main:745] - Waiting for mode change to: AUTO
2025-06-22 18:51:29,518 - SUAS - DEBUG - [SUAS_main.main:745] - Waiting for mode change to: AUTO
2025-06-22 18:51:30,020 - SUAS - DEBUG - [SUAS_main.main:745] - Waiting for mode change to: AUTO
2025-06-22 18:51:30,521 - SUAS - DEBUG - [SUAS_main.main:745] - Waiting for mode change to: AUTO
2025-06-22 18:51:31,022 - SUAS - DEBUG - [SUAS_main.main:745] - Waiting for mode change to: AUTO
2025-06-22 18:51:31,524 - SUAS - DEBUG - [SUAS_main.main:745] - Waiting for mode change to: AUTO
2025-06-22 18:51:32,025 - SUAS - DEBUG - [SUAS_main.main:745] - Waiting for mode change to: AUTO
2025-06-22 18:51:32,527 - SUAS - DEBUG - [SUAS_main.main:745] - Waiting for mode change to: AUTO
2025-06-22 18:51:33,028 - SUAS - DEBUG - [SUAS_main.main:745] - Waiting for mode change to: AUTO
2025-06-22 18:51:33,530 - SUAS - DEBUG - [SUAS_main.main:745] - Waiting for mode change to: AUTO
2025-06-22 18:51:34,031 - SUAS - DEBUG - [SUAS_main.main:745] - Waiting for mode change to: AUTO
2025-06-22 18:51:34,532 - SUAS - DEBUG - [SUAS_main.main:745] - Waiting for mode change to: AUTO
2025-06-22 18:51:35,034 - SUAS - DEBUG - [SUAS_main.main:745] - Waiting for mode change to: AUTO
2025-06-22 18:51:35,535 - SUAS - DEBUG - [SUAS_main.main:745] - Waiting for mode change to: AUTO
2025-06-22 18:51:36,036 - SUAS - DEBUG - [SUAS_main.main:745] - Waiting for mode change to: AUTO
2025-06-22 18:51:36,537 - SUAS - DEBUG - [SUAS_main.main:745] - Waiting for mode change to: AUTO
2025-06-22 18:51:37,039 - SUAS - DEBUG - [SUAS_main.main:745] - Waiting for mode change to: AUTO
2025-06-22 18:51:37,540 - SUAS - DEBUG - [SUAS_main.main:745] - Waiting for mode change to: AUTO
2025-06-22 18:51:38,042 - SUAS - DEBUG - [SUAS_main.main:745] - Waiting for mode change to: AUTO
2025-06-22 18:51:38,543 - SUAS - DEBUG - [SUAS_main.main:745] - Waiting for mode change to: AUTO
2025-06-22 18:51:39,044 - SUAS - DEBUG - [SUAS_main.main:745] - Waiting for mode change to: AUTO
2025-06-22 18:51:39,546 - SUAS - DEBUG - [SUAS_main.main:745] - Waiting for mode change to: AUTO
2025-06-22 18:51:40,048 - SUAS - DEBUG - [SUAS_main.main:745] - Waiting for mode change to: AUTO
2025-06-22 18:51:40,549 - SUAS - DEBUG - [SUAS_main.main:745] - Waiting for mode change to: AUTO
2025-06-22 18:51:41,051 - SUAS - DEBUG - [SUAS_main.main:745] - Waiting for mode change to: AUTO
2025-06-22 18:51:41,552 - SUAS - DEBUG - [SUAS_main.main:745] - Waiting for mode change to: AUTO
2025-06-22 18:51:42,054 - SUAS - DEBUG - [SUAS_main.main:745] - Waiting for mode change to: AUTO
2025-06-22 18:51:42,555 - SUAS - DEBUG - [SUAS_main.main:745] - Waiting for mode change to: AUTO
2025-06-22 18:51:43,056 - SUAS - DEBUG - [SUAS_main.main:745] - Waiting for mode change to: AUTO
2025-06-22 18:51:43,558 - SUAS - DEBUG - [SUAS_main.main:745] - Waiting for mode change to: AUTO
2025-06-22 18:51:44,059 - SUAS - DEBUG - [SUAS_main.main:745] - Waiting for mode change to: AUTO
2025-06-22 18:51:44,560 - SUAS - DEBUG - [SUAS_main.main:745] - Waiting for mode change to: AUTO
2025-06-22 18:51:45,062 - SUAS - DEBUG - [SUAS_main.main:745] - Waiting for mode change to: AUTO
2025-06-22 18:51:45,563 - SUAS - DEBUG - [SUAS_main.main:745] - Waiting for mode change to: AUTO
2025-06-22 18:51:46,064 - SUAS - DEBUG - [SUAS_main.main:745] - Waiting for mode change to: AUTO
2025-06-22 18:51:46,566 - SUAS - DEBUG - [SUAS_main.main:745] - Waiting for mode change to: AUTO
2025-06-22 18:51:47,067 - SUAS - DEBUG - [SUAS_main.main:745] - Waiting for mode change to: AUTO
2025-06-22 18:51:47,569 - SUAS - DEBUG - [SUAS_main.main:745] - Waiting for mode change to: AUTO
2025-06-22 18:51:48,070 - SUAS - DEBUG - [SUAS_main.main:745] - Waiting for mode change to: AUTO
2025-06-22 18:51:48,572 - SUAS - DEBUG - [SUAS_main.main:745] - Waiting for mode change to: AUTO
2025-06-22 18:51:49,073 - SUAS - DEBUG - [SUAS_main.main:745] - Waiting for mode change to: AUTO
2025-06-22 18:51:49,575 - SUAS - DEBUG - [SUAS_main.main:745] - Waiting for mode change to: AUTO
2025-06-22 18:51:50,076 - SUAS - DEBUG - [SUAS_main.main:745] - Waiting for mode change to: AUTO
2025-06-22 18:51:50,578 - SUAS - DEBUG - [SUAS_main.main:745] - Waiting for mode change to: AUTO
2025-06-22 18:51:51,079 - SUAS - DEBUG - [SUAS_main.main:745] - Waiting for mode change to: AUTO
2025-06-22 18:51:51,581 - SUAS - DEBUG - [SUAS_main.main:745] - Waiting for mode change to: AUTO
2025-06-22 18:51:52,082 - SUAS - DEBUG - [SUAS_main.main:745] - Waiting for mode change to: AUTO
2025-06-22 18:51:52,584 - SUAS - DEBUG - [SUAS_main.main:745] - Waiting for mode change to: AUTO
2025-06-22 18:51:53,085 - SUAS - DEBUG - [SUAS_main.main:745] - Waiting for mode change to: AUTO
2025-06-22 18:51:53,587 - SUAS - DEBUG - [SUAS_main.main:745] - Waiting for mode change to: AUTO
2025-06-22 18:51:54,088 - SUAS - DEBUG - [SUAS_main.main:745] - Waiting for mode change to: AUTO
2025-06-22 18:51:54,589 - SUAS - DEBUG - [SUAS_main.main:745] - Waiting for mode change to: AUTO
2025-06-22 18:51:55,091 - SUAS - DEBUG - [SUAS_main.main:745] - Waiting for mode change to: AUTO
2025-06-22 18:51:55,592 - SUAS - DEBUG - [SUAS_main.main:745] - Waiting for mode change to: AUTO
2025-06-22 18:51:56,094 - SUAS - DEBUG - [SUAS_main.main:745] - Waiting for mode change to: AUTO
2025-06-22 18:51:56,595 - SUAS - DEBUG - [SUAS_main.main:745] - Waiting for mode change to: AUTO
2025-06-22 18:51:57,096 - SUAS - DEBUG - [SUAS_main.main:745] - Waiting for mode change to: AUTO
2025-06-22 18:51:57,598 - SUAS - DEBUG - [SUAS_main.main:745] - Waiting for mode change to: AUTO
2025-06-22 18:51:58,100 - SUAS - DEBUG - [SUAS_main.main:745] - Waiting for mode change to: AUTO
2025-06-22 18:51:58,602 - SUAS - DEBUG - [SUAS_main.main:745] - Waiting for mode change to: AUTO
2025-06-22 18:51:59,103 - SUAS - DEBUG - [SUAS_main.main:745] - Waiting for mode change to: AUTO
2025-06-22 18:51:59,605 - SUAS - DEBUG - [SUAS_main.main:745] - Waiting for mode change to: AUTO
2025-06-22 18:52:00,106 - SUAS - DEBUG - [SUAS_main.main:745] - Waiting for mode change to: AUTO
2025-06-22 18:52:00,608 - SUAS - DEBUG - [SUAS_main.main:745] - Waiting for mode change to: AUTO
2025-06-22 18:52:01,109 - SUAS - DEBUG - [SUAS_main.main:745] - Waiting for mode change to: AUTO
2025-06-22 18:52:01,611 - SUAS - DEBUG - [SUAS_main.main:745] - Waiting for mode change to: AUTO
2025-06-22 18:52:02,112 - SUAS - DEBUG - [SUAS_main.main:745] - Waiting for mode change to: AUTO
2025-06-22 18:52:02,613 - SUAS - DEBUG - [SUAS_main.main:745] - Waiting for mode change to: AUTO
2025-06-22 18:52:03,115 - SUAS - DEBUG - [SUAS_main.main:745] - Waiting for mode change to: AUTO
2025-06-22 18:52:03,617 - SUAS - DEBUG - [SUAS_main.main:745] - Waiting for mode change to: AUTO
2025-06-22 18:52:04,119 - SUAS - DEBUG - [SUAS_main.main:745] - Waiting for mode change to: AUTO
2025-06-22 18:52:04,621 - SUAS - DEBUG - [SUAS_main.main:745] - Waiting for mode change to: AUTO
2025-06-22 18:52:05,122 - SUAS - DEBUG - [SUAS_main.main:745] - Waiting for mode change to: AUTO
2025-06-22 18:52:05,623 - SUAS - DEBUG - [SUAS_main.main:745] - Waiting for mode change to: AUTO
2025-06-22 18:52:06,124 - SUAS - DEBUG - [SUAS_main.main:745] - Waiting for mode change to: AUTO
2025-06-22 18:52:06,626 - SUAS - DEBUG - [SUAS_main.main:745] - Waiting for mode change to: AUTO
2025-06-22 18:52:07,127 - SUAS - DEBUG - [SUAS_main.main:745] - Waiting for mode change to: AUTO
2025-06-22 18:52:07,629 - SUAS - DEBUG - [SUAS_main.main:745] - Waiting for mode change to: AUTO
2025-06-22 18:52:08,130 - SUAS - DEBUG - [SUAS_main.main:745] - Waiting for mode change to: AUTO
2025-06-22 18:52:08,632 - SUAS - DEBUG - [SUAS_main.main:745] - Waiting for mode change to: AUTO
2025-06-22 18:52:09,133 - SUAS - DEBUG - [SUAS_main.main:745] - Waiting for mode change to: AUTO
2025-06-22 18:52:09,635 - SUAS - DEBUG - [SUAS_main.main:745] - Waiting for mode change to: AUTO
2025-06-22 18:52:10,136 - SUAS - DEBUG - [SUAS_main.main:745] - Waiting for mode change to: AUTO
2025-06-22 18:52:10,638 - SUAS - DEBUG - [SUAS_main.main:745] - Waiting for mode change to: AUTO
2025-06-22 18:52:11,139 - SUAS - DEBUG - [SUAS_main.main:745] - Waiting for mode change to: AUTO
2025-06-22 18:52:11,641 - SUAS - DEBUG - [SUAS_main.main:745] - Waiting for mode change to: AUTO
2025-06-22 18:52:12,142 - SUAS - DEBUG - [SUAS_main.main:745] - Waiting for mode change to: AUTO
2025-06-22 18:52:12,644 - SUAS - DEBUG - [SUAS_main.main:745] - Waiting for mode change to: AUTO
2025-06-22 18:52:13,145 - SUAS - DEBUG - [SUAS_main.main:745] - Waiting for mode change to: AUTO
2025-06-22 18:52:13,647 - SUAS - DEBUG - [SUAS_main.main:745] - Waiting for mode change to: AUTO
2025-06-22 18:52:14,148 - SUAS - DEBUG - [SUAS_main.main:745] - Waiting for mode change to: AUTO
2025-06-22 18:52:14,650 - SUAS - DEBUG - [SUAS_main.main:745] - Waiting for mode change to: AUTO
2025-06-22 18:52:15,151 - SUAS - DEBUG - [SUAS_main.main:745] - Waiting for mode change to: AUTO
2025-06-22 18:52:15,652 - SUAS - DEBUG - [SUAS_main.main:745] - Waiting for mode change to: AUTO
2025-06-22 18:52:16,154 - SUAS - DEBUG - [SUAS_main.main:745] - Waiting for mode change to: AUTO
2025-06-22 18:52:16,656 - SUAS - DEBUG - [SUAS_main.main:745] - Waiting for mode change to: AUTO
2025-06-22 18:52:17,157 - SUAS - DEBUG - [SUAS_main.main:745] - Waiting for mode change to: AUTO
2025-06-22 18:52:17,658 - SUAS - DEBUG - [SUAS_main.main:745] - Waiting for mode change to: AUTO
2025-06-22 18:52:18,160 - SUAS - DEBUG - [SUAS_main.main:745] - Waiting for mode change to: AUTO
2025-06-22 18:52:18,662 - SUAS - DEBUG - [SUAS_main.main:745] - Waiting for mode change to: AUTO
2025-06-22 18:52:19,163 - SUAS - DEBUG - [SUAS_main.main:745] - Waiting for mode change to: AUTO
2025-06-22 18:52:19,664 - SUAS - DEBUG - [SUAS_main.main:745] - Waiting for mode change to: AUTO
2025-06-22 18:52:20,166 - SUAS - DEBUG - [SUAS_main.main:745] - Waiting for mode change to: AUTO
2025-06-22 18:52:20,667 - SUAS - DEBUG - [SUAS_main.main:745] - Waiting for mode change to: AUTO
2025-06-22 18:52:21,169 - SUAS - DEBUG - [SUAS_main.main:745] - Waiting for mode change to: AUTO
2025-06-22 18:52:21,671 - SUAS - DEBUG - [SUAS_main.main:745] - Waiting for mode change to: AUTO
2025-06-22 18:52:22,172 - SUAS - DEBUG - [SUAS_main.main:745] - Waiting for mode change to: AUTO
2025-06-22 18:52:22,674 - SUAS - DEBUG - [SUAS_main.main:745] - Waiting for mode change to: AUTO
2025-06-22 18:52:23,175 - SUAS - DEBUG - [SUAS_main.main:745] - Waiting for mode change to: AUTO
2025-06-22 18:52:23,676 - SUAS - DEBUG - [SUAS_main.main:745] - Waiting for mode change to: AUTO
2025-06-22 18:52:24,178 - SUAS - DEBUG - [SUAS_main.main:745] - Waiting for mode change to: AUTO
2025-06-22 18:52:24,679 - SUAS - DEBUG - [SUAS_main.main:745] - Waiting for mode change to: AUTO
2025-06-22 18:52:25,180 - SUAS - DEBUG - [SUAS_main.main:745] - Waiting for mode change to: AUTO
2025-06-22 18:52:25,682 - SUAS - DEBUG - [SUAS_main.main:745] - Waiting for mode change to: AUTO
2025-06-22 18:52:26,183 - SUAS - DEBUG - [SUAS_main.main:745] - Waiting for mode change to: AUTO
2025-06-22 18:52:26,685 - SUAS - DEBUG - [SUAS_main.main:745] - Waiting for mode change to: AUTO
2025-06-22 18:52:27,187 - SUAS - DEBUG - [SUAS_main.main:745] - Waiting for mode change to: AUTO
2025-06-22 18:52:27,688 - SUAS - DEBUG - [SUAS_main.main:745] - Waiting for mode change to: AUTO
2025-06-22 18:52:28,190 - SUAS - DEBUG - [SUAS_main.main:745] - Waiting for mode change to: AUTO
2025-06-22 18:52:28,691 - SUAS - DEBUG - [SUAS_main.main:745] - Waiting for mode change to: AUTO
2025-06-22 18:52:29,193 - SUAS - DEBUG - [SUAS_main.main:745] - Waiting for mode change to: AUTO
2025-06-22 18:52:29,694 - SUAS - DEBUG - [SUAS_main.main:745] - Waiting for mode change to: AUTO
2025-06-22 18:52:30,196 - SUAS - DEBUG - [SUAS_main.main:745] - Waiting for mode change to: AUTO
2025-06-22 18:52:30,697 - SUAS - DEBUG - [SUAS_main.main:745] - Waiting for mode change to: AUTO
2025-06-22 18:52:31,198 - SUAS - DEBUG - [SUAS_main.main:745] - Waiting for mode change to: AUTO
2025-06-22 18:52:31,700 - SUAS - DEBUG - [SUAS_main.main:745] - Waiting for mode change to: AUTO
2025-06-22 18:52:32,202 - SUAS - DEBUG - [SUAS_main.main:745] - Waiting for mode change to: AUTO
2025-06-22 18:52:32,703 - SUAS - DEBUG - [SUAS_main.main:745] - Waiting for mode change to: AUTO
2025-06-22 18:52:33,205 - SUAS - DEBUG - [SUAS_main.main:745] - Waiting for mode change to: AUTO
2025-06-22 18:52:33,707 - SUAS - DEBUG - [SUAS_main.main:745] - Waiting for mode change to: AUTO
2025-06-22 18:52:34,208 - SUAS - DEBUG - [SUAS_main.main:745] - Waiting for mode change to: AUTO
2025-06-22 18:52:34,710 - SUAS - DEBUG - [SUAS_main.main:745] - Waiting for mode change to: AUTO
2025-06-22 18:52:35,211 - SUAS - DEBUG - [SUAS_main.main:745] - Waiting for mode change to: AUTO
2025-06-22 18:52:35,712 - SUAS - DEBUG - [SUAS_main.main:745] - Waiting for mode change to: AUTO
2025-06-22 18:52:36,214 - SUAS - DEBUG - [SUAS_main.main:745] - Waiting for mode change to: AUTO
2025-06-22 18:52:36,715 - SUAS - DEBUG - [SUAS_main.main:745] - Waiting for mode change to: AUTO
2025-06-22 18:52:37,216 - SUAS - DEBUG - [SUAS_main.main:745] - Waiting for mode change to: AUTO
2025-06-22 18:52:37,717 - SUAS - DEBUG - [SUAS_main.main:745] - Waiting for mode change to: AUTO
2025-06-22 18:52:38,251 - SUAS - DEBUG - [SUAS_main.main:745] - Waiting for mode change to: AUTO
2025-06-22 18:52:38,753 - SUAS - DEBUG - [SUAS_main.main:745] - Waiting for mode change to: AUTO
2025-06-22 18:52:39,254 - SUAS - DEBUG - [SUAS_main.main:745] - Waiting for mode change to: AUTO
2025-06-22 18:52:39,756 - SUAS - DEBUG - [SUAS_main.main:745] - Waiting for mode change to: AUTO
2025-06-22 18:52:40,257 - SUAS - DEBUG - [SUAS_main.main:745] - Waiting for mode change to: AUTO
2025-06-22 18:52:40,759 - SUAS - DEBUG - [SUAS_main.main:745] - Waiting for mode change to: AUTO
2025-06-22 18:52:41,260 - SUAS - DEBUG - [SUAS_main.main:745] - Waiting for mode change to: AUTO
2025-06-22 18:52:41,762 - SUAS - DEBUG - [SUAS_main.main:745] - Waiting for mode change to: AUTO
2025-06-22 18:52:42,263 - SUAS - DEBUG - [SUAS_main.main:745] - Waiting for mode change to: AUTO
2025-06-22 18:52:42,765 - SUAS - DEBUG - [SUAS_main.main:745] - Waiting for mode change to: AUTO
2025-06-22 18:52:43,266 - SUAS - DEBUG - [SUAS_main.main:745] - Waiting for mode change to: AUTO
2025-06-22 18:52:43,768 - SUAS - DEBUG - [SUAS_main.main:745] - Waiting for mode change to: AUTO
2025-06-22 18:52:44,269 - SUAS - DEBUG - [SUAS_main.main:745] - Waiting for mode change to: AUTO
2025-06-22 18:52:44,771 - SUAS - DEBUG - [SUAS_main.main:745] - Waiting for mode change to: AUTO
2025-06-22 18:52:45,272 - SUAS - DEBUG - [SUAS_main.main:745] - Waiting for mode change to: AUTO
2025-06-22 18:52:45,774 - SUAS - DEBUG - [SUAS_main.main:745] - Waiting for mode change to: AUTO
2025-06-22 18:52:46,275 - SUAS - DEBUG - [SUAS_main.main:745] - Waiting for mode change to: AUTO
2025-06-22 18:52:46,776 - SUAS - DEBUG - [SUAS_main.main:745] - Waiting for mode change to: AUTO
2025-06-22 18:52:47,278 - SUAS - DEBUG - [SUAS_main.main:745] - Waiting for mode change to: AUTO
2025-06-22 18:52:47,779 - SUAS - DEBUG - [SUAS_main.main:745] - Waiting for mode change to: AUTO
2025-06-22 18:52:48,281 - SUAS - DEBUG - [SUAS_main.main:745] - Waiting for mode change to: AUTO
2025-06-22 18:52:48,783 - SUAS - DEBUG - [SUAS_main.main:745] - Waiting for mode change to: AUTO
2025-06-22 18:52:49,284 - SUAS - DEBUG - [SUAS_main.main:745] - Waiting for mode change to: AUTO
2025-06-22 18:52:49,785 - SUAS - DEBUG - [SUAS_main.main:745] - Waiting for mode change to: AUTO
2025-06-22 18:52:50,287 - SUAS - DEBUG - [SUAS_main.main:745] - Waiting for mode change to: AUTO
2025-06-22 18:52:50,788 - SUAS - DEBUG - [SUAS_main.main:745] - Waiting for mode change to: AUTO
2025-06-22 18:52:51,290 - SUAS - DEBUG - [SUAS_main.main:745] - Waiting for mode change to: AUTO
2025-06-22 18:52:51,791 - SUAS - DEBUG - [SUAS_main.main:745] - Waiting for mode change to: AUTO
2025-06-22 18:52:52,292 - SUAS - DEBUG - [SUAS_main.main:745] - Waiting for mode change to: AUTO
2025-06-22 18:52:52,794 - SUAS - DEBUG - [SUAS_main.main:745] - Waiting for mode change to: AUTO
2025-06-22 18:52:53,295 - SUAS - DEBUG - [SUAS_main.main:745] - Waiting for mode change to: AUTO
2025-06-22 18:52:53,796 - SUAS - DEBUG - [SUAS_main.main:745] - Waiting for mode change to: AUTO
2025-06-22 18:52:54,298 - SUAS - DEBUG - [SUAS_main.main:745] - Waiting for mode change to: AUTO
2025-06-22 18:52:54,799 - SUAS - DEBUG - [SUAS_main.main:745] - Waiting for mode change to: AUTO
2025-06-22 18:52:55,301 - SUAS - DEBUG - [SUAS_main.main:745] - Waiting for mode change to: AUTO
2025-06-22 18:52:55,803 - SUAS - DEBUG - [SUAS_main.main:745] - Waiting for mode change to: AUTO
2025-06-22 18:52:56,304 - SUAS - DEBUG - [SUAS_main.main:745] - Waiting for mode change to: AUTO
2025-06-22 18:52:56,806 - SUAS - DEBUG - [SUAS_main.main:745] - Waiting for mode change to: AUTO
2025-06-22 18:52:57,307 - SUAS - DEBUG - [SUAS_main.main:745] - Waiting for mode change to: AUTO
2025-06-22 18:52:57,808 - SUAS - DEBUG - [SUAS_main.main:745] - Waiting for mode change to: AUTO
2025-06-22 18:52:58,310 - SUAS - DEBUG - [SUAS_main.main:745] - Waiting for mode change to: AUTO
2025-06-22 18:52:58,811 - SUAS - DEBUG - [SUAS_main.main:745] - Waiting for mode change to: AUTO
2025-06-22 18:52:59,312 - SUAS - DEBUG - [SUAS_main.main:745] - Waiting for mode change to: AUTO
2025-06-22 18:52:59,814 - SUAS - DEBUG - [SUAS_main.main:745] - Waiting for mode change to: AUTO
2025-06-22 18:53:00,315 - SUAS - DEBUG - [SUAS_main.main:745] - Waiting for mode change to: AUTO
2025-06-22 18:53:00,817 - SUAS - DEBUG - [SUAS_main.main:745] - Waiting for mode change to: AUTO
2025-06-22 18:53:01,318 - SUAS - DEBUG - [SUAS_main.main:745] - Waiting for mode change to: AUTO
2025-06-22 18:53:01,820 - SUAS - DEBUG - [SUAS_main.main:745] - Waiting for mode change to: AUTO
2025-06-22 18:53:02,321 - SUAS - DEBUG - [SUAS_main.main:745] - Waiting for mode change to: AUTO
2025-06-22 18:53:02,822 - SUAS - DEBUG - [SUAS_main.main:745] - Waiting for mode change to: AUTO
2025-06-22 18:53:03,324 - SUAS - DEBUG - [SUAS_main.main:745] - Waiting for mode change to: AUTO
2025-06-22 18:53:03,825 - SUAS - DEBUG - [SUAS_main.main:745] - Waiting for mode change to: AUTO
2025-06-22 18:53:04,327 - SUAS - DEBUG - [SUAS_main.main:745] - Waiting for mode change to: AUTO
2025-06-22 18:53:04,828 - SUAS - DEBUG - [SUAS_main.main:745] - Waiting for mode change to: AUTO
2025-06-22 18:53:05,330 - SUAS - DEBUG - [SUAS_main.main:745] - Waiting for mode change to: AUTO
2025-06-22 18:53:05,831 - SUAS - DEBUG - [SUAS_main.main:745] - Waiting for mode change to: AUTO
2025-06-22 18:53:06,333 - SUAS - DEBUG - [SUAS_main.main:745] - Waiting for mode change to: AUTO
2025-06-22 18:53:06,835 - SUAS - DEBUG - [SUAS_main.main:745] - Waiting for mode change to: AUTO
2025-06-22 18:53:07,336 - SUAS - DEBUG - [SUAS_main.main:745] - Waiting for mode change to: AUTO
2025-06-22 18:53:07,837 - SUAS - DEBUG - [SUAS_main.main:745] - Waiting for mode change to: AUTO
2025-06-22 18:53:08,339 - SUAS - DEBUG - [SUAS_main.main:745] - Waiting for mode change to: AUTO
2025-06-22 18:53:08,840 - SUAS - DEBUG - [SUAS_main.main:745] - Waiting for mode change to: AUTO
2025-06-22 18:53:09,342 - SUAS - DEBUG - [SUAS_main.main:745] - Waiting for mode change to: AUTO
2025-06-22 18:53:09,843 - SUAS - DEBUG - [SUAS_main.main:745] - Waiting for mode change to: AUTO
2025-06-22 18:53:10,344 - SUAS - DEBUG - [SUAS_main.main:745] - Waiting for mode change to: AUTO
2025-06-22 18:53:10,846 - SUAS - DEBUG - [SUAS_main.main:745] - Waiting for mode change to: AUTO
2025-06-22 18:53:11,347 - SUAS - DEBUG - [SUAS_main.main:745] - Waiting for mode change to: AUTO
2025-06-22 18:53:11,849 - SUAS - DEBUG - [SUAS_main.main:745] - Waiting for mode change to: AUTO
2025-06-22 18:53:12,350 - SUAS - DEBUG - [SUAS_main.main:745] - Waiting for mode change to: AUTO
2025-06-22 18:53:12,852 - SUAS - DEBUG - [SUAS_main.main:745] - Waiting for mode change to: AUTO
2025-06-22 18:53:13,353 - SUAS - DEBUG - [SUAS_main.main:745] - Waiting for mode change to: AUTO
2025-06-22 18:53:13,855 - SUAS - DEBUG - [SUAS_main.main:745] - Waiting for mode change to: AUTO
2025-06-22 18:53:14,357 - SUAS - DEBUG - [SUAS_main.main:745] - Waiting for mode change to: AUTO
2025-06-22 18:53:14,858 - SUAS - DEBUG - [SUAS_main.main:745] - Waiting for mode change to: AUTO
2025-06-22 18:53:15,360 - SUAS - DEBUG - [SUAS_main.main:745] - Waiting for mode change to: AUTO
2025-06-22 18:53:15,861 - SUAS - DEBUG - [SUAS_main.main:745] - Waiting for mode change to: AUTO
2025-06-22 18:53:16,363 - SUAS - DEBUG - [SUAS_main.main:745] - Waiting for mode change to: AUTO
2025-06-22 18:53:16,864 - SUAS - DEBUG - [SUAS_main.main:745] - Waiting for mode change to: AUTO
2025-06-22 18:53:17,365 - SUAS - DEBUG - [SUAS_main.main:745] - Waiting for mode change to: AUTO
2025-06-22 18:53:17,867 - SUAS - DEBUG - [SUAS_main.main:745] - Waiting for mode change to: AUTO
2025-06-22 18:53:18,368 - SUAS - DEBUG - [SUAS_main.main:745] - Waiting for mode change to: AUTO
2025-06-22 18:53:18,870 - SUAS - DEBUG - [SUAS_main.main:745] - Waiting for mode change to: AUTO
2025-06-22 18:53:19,372 - SUAS - DEBUG - [SUAS_main.main:745] - Waiting for mode change to: AUTO
2025-06-22 18:53:19,873 - SUAS - DEBUG - [SUAS_main.main:745] - Waiting for mode change to: AUTO
2025-06-22 18:53:20,375 - SUAS - DEBUG - [SUAS_main.main:745] - Waiting for mode change to: AUTO
2025-06-22 18:53:20,876 - SUAS - DEBUG - [SUAS_main.main:745] - Waiting for mode change to: AUTO
2025-06-22 18:53:21,377 - SUAS - DEBUG - [SUAS_main.main:745] - Waiting for mode change to: AUTO
2025-06-22 18:53:21,879 - SUAS - DEBUG - [SUAS_main.main:745] - Waiting for mode change to: AUTO
2025-06-22 18:53:22,380 - SUAS - DEBUG - [SUAS_main.main:745] - Waiting for mode change to: AUTO
2025-06-22 18:53:22,882 - SUAS - DEBUG - [SUAS_main.main:745] - Waiting for mode change to: AUTO
2025-06-22 18:53:23,383 - SUAS - DEBUG - [SUAS_main.main:745] - Waiting for mode change to: AUTO
2025-06-22 18:53:23,884 - SUAS - DEBUG - [SUAS_main.main:745] - Waiting for mode change to: AUTO
2025-06-22 18:53:24,386 - SUAS - DEBUG - [SUAS_main.main:745] - Waiting for mode change to: AUTO
2025-06-22 18:53:24,887 - SUAS - DEBUG - [SUAS_main.main:745] - Waiting for mode change to: AUTO
2025-06-22 18:53:25,389 - SUAS - DEBUG - [SUAS_main.main:745] - Waiting for mode change to: AUTO
2025-06-22 18:53:25,890 - SUAS - DEBUG - [SUAS_main.main:745] - Waiting for mode change to: AUTO
2025-06-22 18:53:26,392 - SUAS - DEBUG - [SUAS_main.main:745] - Waiting for mode change to: AUTO
2025-06-22 18:53:26,893 - SUAS - DEBUG - [SUAS_main.main:745] - Waiting for mode change to: AUTO
2025-06-22 18:53:27,395 - SUAS - DEBUG - [SUAS_main.main:745] - Waiting for mode change to: AUTO
2025-06-22 18:53:27,896 - SUAS - DEBUG - [SUAS_main.main:745] - Waiting for mode change to: AUTO
2025-06-22 18:53:28,398 - SUAS - DEBUG - [SUAS_main.main:745] - Waiting for mode change to: AUTO
2025-06-22 18:53:28,899 - SUAS - DEBUG - [SUAS_main.main:745] - Waiting for mode change to: AUTO
2025-06-22 18:53:29,400 - SUAS - DEBUG - [SUAS_main.main:745] - Waiting for mode change to: AUTO
2025-06-22 18:53:29,902 - SUAS - DEBUG - [SUAS_main.main:745] - Waiting for mode change to: AUTO
2025-06-22 18:53:30,403 - SUAS - DEBUG - [SUAS_main.main:745] - Waiting for mode change to: AUTO
2025-06-22 18:53:30,905 - SUAS - DEBUG - [SUAS_main.main:745] - Waiting for mode change to: AUTO
2025-06-22 18:53:31,407 - SUAS - DEBUG - [SUAS_main.main:745] - Waiting for mode change to: AUTO
2025-06-22 18:53:31,908 - SUAS - DEBUG - [SUAS_main.main:745] - Waiting for mode change to: AUTO
2025-06-22 18:53:32,409 - SUAS - DEBUG - [SUAS_main.main:745] - Waiting for mode change to: AUTO
2025-06-22 18:53:32,911 - SUAS - DEBUG - [SUAS_main.main:745] - Waiting for mode change to: AUTO
2025-06-22 18:53:33,412 - SUAS - DEBUG - [SUAS_main.main:745] - Waiting for mode change to: AUTO
2025-06-22 18:53:33,914 - SUAS - DEBUG - [SUAS_main.main:745] - Waiting for mode change to: AUTO
2025-06-22 18:53:34,415 - SUAS - DEBUG - [SUAS_main.main:745] - Waiting for mode change to: AUTO
2025-06-22 18:53:34,916 - SUAS - DEBUG - [SUAS_main.main:745] - Waiting for mode change to: AUTO
2025-06-22 18:53:35,418 - SUAS - DEBUG - [SUAS_main.main:745] - Waiting for mode change to: AUTO
2025-06-22 18:53:35,919 - SUAS - DEBUG - [SUAS_main.main:745] - Waiting for mode change to: AUTO
2025-06-22 18:53:36,420 - SUAS - DEBUG - [SUAS_main.main:745] - Waiting for mode change to: AUTO
2025-06-22 18:53:36,922 - SUAS - DEBUG - [SUAS_main.main:745] - Waiting for mode change to: AUTO
2025-06-22 18:53:37,424 - SUAS - DEBUG - [SUAS_main.main:745] - Waiting for mode change to: AUTO
2025-06-22 18:53:37,926 - SUAS - DEBUG - [SUAS_main.main:745] - Waiting for mode change to: AUTO
2025-06-22 18:53:38,427 - SUAS - DEBUG - [SUAS_main.main:745] - Waiting for mode change to: AUTO
2025-06-22 18:53:38,928 - SUAS - DEBUG - [SUAS_main.main:745] - Waiting for mode change to: AUTO
2025-06-22 18:53:39,430 - SUAS - DEBUG - [SUAS_main.main:745] - Waiting for mode change to: AUTO
2025-06-22 18:53:39,931 - SUAS - DEBUG - [SUAS_main.main:745] - Waiting for mode change to: AUTO
2025-06-22 18:53:40,432 - SUAS - DEBUG - [SUAS_main.main:745] - Waiting for mode change to: AUTO
2025-06-22 18:53:40,934 - SUAS - DEBUG - [SUAS_main.main:745] - Waiting for mode change to: AUTO
2025-06-22 18:53:41,435 - SUAS - DEBUG - [SUAS_main.main:745] - Waiting for mode change to: AUTO
2025-06-22 18:53:41,936 - SUAS - DEBUG - [SUAS_main.main:745] - Waiting for mode change to: AUTO
2025-06-22 18:53:42,438 - SUAS - DEBUG - [SUAS_main.main:745] - Waiting for mode change to: AUTO
2025-06-22 18:53:42,939 - SUAS - DEBUG - [SUAS_main.main:745] - Waiting for mode change to: AUTO
2025-06-22 18:53:43,441 - SUAS - DEBUG - [SUAS_main.main:745] - Waiting for mode change to: AUTO
2025-06-22 18:53:43,943 - SUAS - DEBUG - [SUAS_main.main:745] - Waiting for mode change to: AUTO
2025-06-22 18:53:44,444 - SUAS - DEBUG - [SUAS_main.main:745] - Waiting for mode change to: AUTO
2025-06-22 18:53:44,946 - SUAS - DEBUG - [SUAS_main.main:745] - Waiting for mode change to: AUTO
2025-06-22 18:53:45,447 - SUAS - DEBUG - [SUAS_main.main:745] - Waiting for mode change to: AUTO
2025-06-22 18:53:45,948 - SUAS - DEBUG - [SUAS_main.main:745] - Waiting for mode change to: AUTO
2025-06-22 18:53:46,450 - SUAS - DEBUG - [SUAS_main.main:745] - Waiting for mode change to: AUTO
2025-06-22 18:53:46,951 - SUAS - DEBUG - [SUAS_main.main:745] - Waiting for mode change to: AUTO
2025-06-22 18:53:47,452 - SUAS - DEBUG - [SUAS_main.main:745] - Waiting for mode change to: AUTO
2025-06-22 18:53:47,954 - SUAS - DEBUG - [SUAS_main.main:745] - Waiting for mode change to: AUTO
2025-06-22 18:53:48,455 - SUAS - DEBUG - [SUAS_main.main:745] - Waiting for mode change to: AUTO
2025-06-22 18:53:48,957 - SUAS - DEBUG - [SUAS_main.main:745] - Waiting for mode change to: AUTO
2025-06-22 18:53:49,459 - SUAS - DEBUG - [SUAS_main.main:745] - Waiting for mode change to: AUTO
2025-06-22 18:53:49,961 - SUAS - DEBUG - [SUAS_main.main:745] - Waiting for mode change to: AUTO
2025-06-22 18:53:50,462 - SUAS - DEBUG - [SUAS_main.main:745] - Waiting for mode change to: AUTO
2025-06-22 18:53:50,964 - SUAS - DEBUG - [SUAS_main.main:745] - Waiting for mode change to: AUTO
2025-06-22 18:53:51,465 - SUAS - DEBUG - [SUAS_main.main:745] - Waiting for mode change to: AUTO
2025-06-22 18:53:51,967 - SUAS - DEBUG - [SUAS_main.main:745] - Waiting for mode change to: AUTO
2025-06-22 18:53:52,468 - SUAS - DEBUG - [SUAS_main.main:745] - Waiting for mode change to: AUTO
2025-06-22 18:53:52,970 - SUAS - DEBUG - [SUAS_main.main:745] - Waiting for mode change to: AUTO
2025-06-22 18:53:53,471 - SUAS - DEBUG - [SUAS_main.main:745] - Waiting for mode change to: AUTO
2025-06-22 18:53:53,972 - SUAS - DEBUG - [SUAS_main.main:745] - Waiting for mode change to: AUTO
2025-06-22 18:53:54,474 - SUAS - DEBUG - [SUAS_main.main:745] - Waiting for mode change to: AUTO
2025-06-22 18:53:54,975 - SUAS - DEBUG - [SUAS_main.main:745] - Waiting for mode change to: AUTO
2025-06-22 18:53:55,477 - SUAS - DEBUG - [SUAS_main.main:745] - Waiting for mode change to: AUTO
2025-06-22 18:53:55,979 - SUAS - DEBUG - [SUAS_main.main:745] - Waiting for mode change to: AUTO
2025-06-22 18:53:56,480 - SUAS - DEBUG - [SUAS_main.main:745] - Waiting for mode change to: AUTO
2025-06-22 18:53:56,982 - SUAS - DEBUG - [SUAS_main.main:745] - Waiting for mode change to: AUTO
2025-06-22 18:53:57,483 - SUAS - DEBUG - [SUAS_main.main:745] - Waiting for mode change to: AUTO
2025-06-22 18:53:57,984 - SUAS - DEBUG - [SUAS_main.main:745] - Waiting for mode change to: AUTO
2025-06-22 18:53:58,486 - SUAS - DEBUG - [SUAS_main.main:745] - Waiting for mode change to: AUTO
2025-06-22 18:53:58,987 - SUAS - DEBUG - [SUAS_main.main:745] - Waiting for mode change to: AUTO
2025-06-22 18:53:59,488 - SUAS - DEBUG - [SUAS_main.main:745] - Waiting for mode change to: AUTO
2025-06-22 18:53:59,990 - SUAS - DEBUG - [SUAS_main.main:745] - Waiting for mode change to: AUTO
2025-06-22 18:54:00,491 - SUAS - DEBUG - [SUAS_main.main:745] - Waiting for mode change to: AUTO
2025-06-22 18:54:00,993 - SUAS - DEBUG - [SUAS_main.main:745] - Waiting for mode change to: AUTO
2025-06-22 18:54:01,495 - SUAS - DEBUG - [SUAS_main.main:745] - Waiting for mode change to: AUTO
2025-06-22 18:54:01,996 - SUAS - DEBUG - [SUAS_main.main:745] - Waiting for mode change to: AUTO
2025-06-22 18:54:02,498 - SUAS - DEBUG - [SUAS_main.main:745] - Waiting for mode change to: AUTO
2025-06-22 18:54:02,999 - SUAS - DEBUG - [SUAS_main.main:745] - Waiting for mode change to: AUTO
2025-06-22 18:54:03,500 - SUAS - DEBUG - [SUAS_main.main:745] - Waiting for mode change to: AUTO
2025-06-22 18:54:04,002 - SUAS - DEBUG - [SUAS_main.main:745] - Waiting for mode change to: AUTO
2025-06-22 18:54:04,503 - SUAS - DEBUG - [SUAS_main.main:745] - Waiting for mode change to: AUTO
2025-06-22 18:54:05,004 - SUAS - DEBUG - [SUAS_main.main:745] - Waiting for mode change to: AUTO
2025-06-22 18:54:05,506 - SUAS - DEBUG - [SUAS_main.main:745] - Waiting for mode change to: AUTO
2025-06-22 18:54:06,007 - SUAS - DEBUG - [SUAS_main.main:745] - Waiting for mode change to: AUTO
2025-06-22 18:54:06,508 - SUAS - DEBUG - [SUAS_main.main:745] - Waiting for mode change to: AUTO
2025-06-22 18:54:07,010 - SUAS - DEBUG - [SUAS_main.main:745] - Waiting for mode change to: AUTO
2025-06-22 18:54:07,512 - SUAS - DEBUG - [SUAS_main.main:745] - Waiting for mode change to: AUTO
2025-06-22 18:54:08,013 - SUAS - DEBUG - [SUAS_main.main:745] - Waiting for mode change to: AUTO
2025-06-22 18:54:08,515 - SUAS - DEBUG - [SUAS_main.main:745] - Waiting for mode change to: AUTO
2025-06-22 18:54:09,016 - SUAS - DEBUG - [SUAS_main.main:745] - Waiting for mode change to: AUTO
2025-06-22 18:54:09,518 - SUAS - DEBUG - [SUAS_main.main:745] - Waiting for mode change to: AUTO
2025-06-22 18:54:10,019 - SUAS - DEBUG - [SUAS_main.main:745] - Waiting for mode change to: AUTO
2025-06-22 18:54:10,520 - SUAS - DEBUG - [SUAS_main.main:745] - Waiting for mode change to: AUTO
2025-06-22 18:54:11,022 - SUAS - DEBUG - [SUAS_main.main:745] - Waiting for mode change to: AUTO
2025-06-22 18:54:11,523 - SUAS - DEBUG - [SUAS_main.main:745] - Waiting for mode change to: AUTO
2025-06-22 18:54:12,024 - SUAS - DEBUG - [SUAS_main.main:745] - Waiting for mode change to: AUTO
2025-06-22 18:54:12,526 - SUAS - DEBUG - [SUAS_main.main:745] - Waiting for mode change to: AUTO
2025-06-22 18:54:13,027 - SUAS - DEBUG - [SUAS_main.main:745] - Waiting for mode change to: AUTO
2025-06-22 18:54:13,529 - SUAS - DEBUG - [SUAS_main.main:745] - Waiting for mode change to: AUTO
2025-06-22 18:54:14,030 - SUAS - DEBUG - [SUAS_main.main:745] - Waiting for mode change to: AUTO
2025-06-22 18:54:14,532 - SUAS - DEBUG - [SUAS_main.main:745] - Waiting for mode change to: AUTO
2025-06-22 18:54:15,033 - SUAS - DEBUG - [SUAS_main.main:745] - Waiting for mode change to: AUTO
2025-06-22 18:54:15,535 - SUAS - DEBUG - [SUAS_main.main:745] - Waiting for mode change to: AUTO
2025-06-22 18:54:16,036 - SUAS - DEBUG - [SUAS_main.main:745] - Waiting for mode change to: AUTO
2025-06-22 18:54:16,538 - SUAS - DEBUG - [SUAS_main.main:745] - Waiting for mode change to: AUTO
2025-06-22 18:54:17,039 - SUAS - DEBUG - [SUAS_main.main:745] - Waiting for mode change to: AUTO
2025-06-22 18:54:17,541 - SUAS - DEBUG - [SUAS_main.main:745] - Waiting for mode change to: AUTO
2025-06-22 18:54:18,042 - SUAS - DEBUG - [SUAS_main.main:745] - Waiting for mode change to: AUTO
2025-06-22 18:54:18,544 - SUAS - DEBUG - [SUAS_main.main:745] - Waiting for mode change to: AUTO
2025-06-22 18:54:19,045 - SUAS - DEBUG - [SUAS_main.main:745] - Waiting for mode change to: AUTO
2025-06-22 18:54:19,547 - SUAS - DEBUG - [SUAS_main.main:745] - Waiting for mode change to: AUTO
2025-06-22 18:54:20,048 - SUAS - DEBUG - [SUAS_main.main:745] - Waiting for mode change to: AUTO
2025-06-22 18:54:20,549 - SUAS - DEBUG - [SUAS_main.main:745] - Waiting for mode change to: AUTO
2025-06-22 18:54:21,051 - SUAS - DEBUG - [SUAS_main.main:745] - Waiting for mode change to: AUTO
2025-06-22 18:54:21,552 - SUAS - DEBUG - [SUAS_main.main:745] - Waiting for mode change to: AUTO
2025-06-22 18:54:22,054 - SUAS - DEBUG - [SUAS_main.main:745] - Waiting for mode change to: AUTO
2025-06-22 18:54:22,555 - SUAS - DEBUG - [SUAS_main.main:745] - Waiting for mode change to: AUTO
2025-06-22 18:54:23,056 - SUAS - DEBUG - [SUAS_main.main:745] - Waiting for mode change to: AUTO
2025-06-22 18:54:23,558 - SUAS - DEBUG - [SUAS_main.main:745] - Waiting for mode change to: AUTO
2025-06-22 18:54:24,059 - SUAS - DEBUG - [SUAS_main.main:745] - Waiting for mode change to: AUTO
2025-06-22 18:54:24,561 - SUAS - DEBUG - [SUAS_main.main:745] - Waiting for mode change to: AUTO
2025-06-22 18:54:25,062 - SUAS - DEBUG - [SUAS_main.main:745] - Waiting for mode change to: AUTO
2025-06-22 18:54:25,564 - SUAS - DEBUG - [SUAS_main.main:745] - Waiting for mode change to: AUTO
2025-06-22 18:54:26,065 - SUAS - DEBUG - [SUAS_main.main:745] - Waiting for mode change to: AUTO
2025-06-22 18:54:26,567 - SUAS - DEBUG - [SUAS_main.main:745] - Waiting for mode change to: AUTO
2025-06-22 18:54:27,068 - SUAS - DEBUG - [SUAS_main.main:745] - Waiting for mode change to: AUTO
2025-06-22 18:54:27,570 - SUAS - DEBUG - [SUAS_main.main:745] - Waiting for mode change to: AUTO
2025-06-22 18:54:28,071 - SUAS - DEBUG - [SUAS_main.main:745] - Waiting for mode change to: AUTO
2025-06-22 18:54:28,572 - SUAS - DEBUG - [SUAS_main.main:745] - Waiting for mode change to: AUTO
2025-06-22 18:54:29,074 - SUAS - DEBUG - [SUAS_main.main:745] - Waiting for mode change to: AUTO
2025-06-22 18:54:29,575 - SUAS - DEBUG - [SUAS_main.main:745] - Waiting for mode change to: AUTO
2025-06-22 18:54:30,076 - SUAS - DEBUG - [SUAS_main.main:745] - Waiting for mode change to: AUTO
2025-06-22 18:54:30,578 - SUAS - DEBUG - [SUAS_main.main:745] - Waiting for mode change to: AUTO
2025-06-22 18:54:31,079 - SUAS - DEBUG - [SUAS_main.main:745] - Waiting for mode change to: AUTO
2025-06-22 18:54:31,581 - SUAS - DEBUG - [SUAS_main.main:745] - Waiting for mode change to: AUTO
2025-06-22 18:54:32,082 - SUAS - DEBUG - [SUAS_main.main:745] - Waiting for mode change to: AUTO
2025-06-22 18:54:32,584 - SUAS - DEBUG - [SUAS_main.main:745] - Waiting for mode change to: AUTO
2025-06-22 18:54:33,085 - SUAS - DEBUG - [SUAS_main.main:745] - Waiting for mode change to: AUTO
2025-06-22 18:54:33,587 - SUAS - DEBUG - [SUAS_main.main:745] - Waiting for mode change to: AUTO
2025-06-22 18:54:34,088 - SUAS - DEBUG - [SUAS_main.main:745] - Waiting for mode change to: AUTO
2025-06-22 18:54:34,589 - SUAS - DEBUG - [SUAS_main.main:745] - Waiting for mode change to: AUTO
2025-06-22 18:54:35,091 - SUAS - DEBUG - [SUAS_main.main:745] - Waiting for mode change to: AUTO
2025-06-22 18:54:35,592 - SUAS - DEBUG - [SUAS_main.main:745] - Waiting for mode change to: AUTO
2025-06-22 18:54:36,094 - SUAS - DEBUG - [SUAS_main.main:745] - Waiting for mode change to: AUTO
2025-06-22 18:54:36,595 - SUAS - DEBUG - [SUAS_main.main:745] - Waiting for mode change to: AUTO
2025-06-22 18:54:37,097 - SUAS - DEBUG - [SUAS_main.main:745] - Waiting for mode change to: AUTO
2025-06-22 18:54:37,599 - SUAS - DEBUG - [SUAS_main.main:745] - Waiting for mode change to: AUTO
2025-06-22 18:54:38,100 - SUAS - DEBUG - [SUAS_main.main:745] - Waiting for mode change to: AUTO
2025-06-22 18:54:38,602 - SUAS - DEBUG - [SUAS_main.main:745] - Waiting for mode change to: AUTO
2025-06-22 18:54:39,103 - SUAS - DEBUG - [SUAS_main.main:745] - Waiting for mode change to: AUTO
2025-06-22 18:54:39,605 - SUAS - DEBUG - [SUAS_main.main:745] - Waiting for mode change to: AUTO
2025-06-22 18:54:40,139 - SUAS - DEBUG - [SUAS_main.main:745] - Waiting for mode change to: AUTO
2025-06-22 18:54:40,641 - SUAS - DEBUG - [SUAS_main.main:745] - Waiting for mode change to: AUTO
2025-06-22 18:54:41,143 - SUAS - DEBUG - [SUAS_main.main:745] - Waiting for mode change to: AUTO
2025-06-22 18:54:41,644 - SUAS - DEBUG - [SUAS_main.main:745] - Waiting for mode change to: AUTO
2025-06-22 18:54:42,146 - SUAS - DEBUG - [SUAS_main.main:745] - Waiting for mode change to: AUTO
2025-06-22 18:54:42,647 - SUAS - DEBUG - [SUAS_main.main:745] - Waiting for mode change to: AUTO
2025-06-22 18:54:43,149 - SUAS - DEBUG - [SUAS_main.main:745] - Waiting for mode change to: AUTO
2025-06-22 18:54:43,650 - SUAS - DEBUG - [SUAS_main.main:745] - Waiting for mode change to: AUTO
2025-06-22 18:54:44,152 - SUAS - DEBUG - [SUAS_main.main:745] - Waiting for mode change to: AUTO
2025-06-22 18:54:44,653 - SUAS - DEBUG - [SUAS_main.main:745] - Waiting for mode change to: AUTO
2025-06-22 18:54:45,155 - SUAS - DEBUG - [SUAS_main.main:745] - Waiting for mode change to: AUTO
2025-06-22 18:54:45,657 - SUAS - DEBUG - [SUAS_main.main:745] - Waiting for mode change to: AUTO
2025-06-22 18:54:46,158 - SUAS - DEBUG - [SUAS_main.main:745] - Waiting for mode change to: AUTO
2025-06-22 18:54:46,660 - SUAS - DEBUG - [SUAS_main.main:745] - Waiting for mode change to: AUTO
2025-06-22 18:54:47,161 - SUAS - DEBUG - [SUAS_main.main:745] - Waiting for mode change to: AUTO
2025-06-22 18:54:47,663 - SUAS - DEBUG - [SUAS_main.main:745] - Waiting for mode change to: AUTO
2025-06-22 18:54:48,164 - SUAS - DEBUG - [SUAS_main.main:745] - Waiting for mode change to: AUTO
2025-06-22 18:54:48,666 - SUAS - DEBUG - [SUAS_main.main:745] - Waiting for mode change to: AUTO
2025-06-22 18:54:49,167 - SUAS - DEBUG - [SUAS_main.main:745] - Waiting for mode change to: AUTO
2025-06-22 18:54:49,669 - SUAS - DEBUG - [SUAS_main.main:745] - Waiting for mode change to: AUTO
2025-06-22 18:54:50,203 - SUAS - DEBUG - [SUAS_main.main:745] - Waiting for mode change to: AUTO
2025-06-22 18:54:50,704 - SUAS - DEBUG - [SUAS_main.main:745] - Waiting for mode change to: AUTO
2025-06-22 18:54:51,206 - SUAS - DEBUG - [SUAS_main.main:745] - Waiting for mode change to: AUTO
2025-06-22 18:54:51,707 - SUAS - DEBUG - [SUAS_main.main:745] - Waiting for mode change to: AUTO
2025-06-22 18:54:52,208 - SUAS - DEBUG - [SUAS_main.main:745] - Waiting for mode change to: AUTO
2025-06-22 18:54:52,710 - SUAS - DEBUG - [SUAS_main.main:745] - Waiting for mode change to: AUTO
2025-06-22 18:54:53,212 - SUAS - DEBUG - [SUAS_main.main:745] - Waiting for mode change to: AUTO
2025-06-22 18:54:53,713 - SUAS - DEBUG - [SUAS_main.main:745] - Waiting for mode change to: AUTO
2025-06-22 18:54:54,215 - SUAS - DEBUG - [SUAS_main.main:745] - Waiting for mode change to: AUTO
2025-06-22 18:54:54,716 - SUAS - DEBUG - [SUAS_main.main:745] - Waiting for mode change to: AUTO
2025-06-22 18:54:55,218 - SUAS - DEBUG - [SUAS_main.main:745] - Waiting for mode change to: AUTO
2025-06-22 18:54:55,719 - SUAS - DEBUG - [SUAS_main.main:745] - Waiting for mode change to: AUTO
2025-06-22 18:54:56,220 - SUAS - DEBUG - [SUAS_main.main:745] - Waiting for mode change to: AUTO
2025-06-22 18:54:56,722 - SUAS - DEBUG - [SUAS_main.main:745] - Waiting for mode change to: AUTO
2025-06-22 18:54:57,223 - SUAS - DEBUG - [SUAS_main.main:745] - Waiting for mode change to: AUTO
2025-06-22 18:54:57,724 - SUAS - DEBUG - [SUAS_main.main:745] - Waiting for mode change to: AUTO
2025-06-22 18:54:58,226 - SUAS - DEBUG - [SUAS_main.main:745] - Waiting for mode change to: AUTO
2025-06-22 18:54:58,727 - SUAS - DEBUG - [SUAS_main.main:745] - Waiting for mode change to: AUTO
2025-06-22 18:54:59,228 - SUAS - DEBUG - [SUAS_main.main:745] - Waiting for mode change to: AUTO
2025-06-22 18:54:59,730 - SUAS - DEBUG - [SUAS_main.main:745] - Waiting for mode change to: AUTO
2025-06-22 18:55:00,231 - SUAS - DEBUG - [SUAS_main.main:745] - Waiting for mode change to: AUTO
2025-06-22 18:55:00,733 - SUAS - DEBUG - [SUAS_main.main:745] - Waiting for mode change to: AUTO
2025-06-22 18:55:01,234 - SUAS - DEBUG - [SUAS_main.main:745] - Waiting for mode change to: AUTO
2025-06-22 18:55:01,736 - SUAS - DEBUG - [SUAS_main.main:745] - Waiting for mode change to: AUTO
2025-06-22 18:55:02,237 - SUAS - DEBUG - [SUAS_main.main:745] - Waiting for mode change to: AUTO
2025-06-22 18:55:02,739 - SUAS - DEBUG - [SUAS_main.main:745] - Waiting for mode change to: AUTO
2025-06-22 18:55:03,240 - SUAS - DEBUG - [SUAS_main.main:745] - Waiting for mode change to: AUTO
2025-06-22 18:55:03,742 - SUAS - DEBUG - [SUAS_main.main:745] - Waiting for mode change to: AUTO
2025-06-22 18:55:04,243 - SUAS - DEBUG - [SUAS_main.main:745] - Waiting for mode change to: AUTO
2025-06-22 18:55:04,744 - SUAS - DEBUG - [SUAS_main.main:745] - Waiting for mode change to: AUTO
2025-06-22 18:55:05,246 - SUAS - DEBUG - [SUAS_main.main:745] - Waiting for mode change to: AUTO
2025-06-22 18:55:05,747 - SUAS - DEBUG - [SUAS_main.main:745] - Waiting for mode change to: AUTO
2025-06-22 18:55:06,249 - SUAS - DEBUG - [SUAS_main.main:745] - Waiting for mode change to: AUTO
2025-06-22 18:55:06,751 - SUAS - DEBUG - [SUAS_main.main:745] - Waiting for mode change to: AUTO
2025-06-22 18:55:07,252 - SUAS - DEBUG - [SUAS_main.main:745] - Waiting for mode change to: AUTO
2025-06-22 18:55:07,754 - SUAS - DEBUG - [SUAS_main.main:745] - Waiting for mode change to: AUTO
2025-06-22 18:55:08,255 - SUAS - DEBUG - [SUAS_main.main:745] - Waiting for mode change to: AUTO
2025-06-22 18:55:08,756 - SUAS - DEBUG - [SUAS_main.main:745] - Waiting for mode change to: AUTO
2025-06-22 18:55:09,258 - SUAS - DEBUG - [SUAS_main.main:745] - Waiting for mode change to: AUTO
2025-06-22 18:55:09,759 - SUAS - DEBUG - [SUAS_main.main:745] - Waiting for mode change to: AUTO
2025-06-22 18:55:10,260 - SUAS - DEBUG - [SUAS_main.main:745] - Waiting for mode change to: AUTO
2025-06-22 18:55:10,762 - SUAS - DEBUG - [SUAS_main.main:745] - Waiting for mode change to: AUTO
2025-06-22 18:55:11,263 - SUAS - DEBUG - [SUAS_main.main:745] - Waiting for mode change to: AUTO
2025-06-22 18:55:11,764 - SUAS - DEBUG - [SUAS_main.main:745] - Waiting for mode change to: AUTO
2025-06-22 18:55:12,266 - SUAS - DEBUG - [SUAS_main.main:745] - Waiting for mode change to: AUTO
2025-06-22 18:55:12,768 - SUAS - DEBUG - [SUAS_main.main:745] - Waiting for mode change to: AUTO
2025-06-22 18:55:13,269 - SUAS - DEBUG - [SUAS_main.main:745] - Waiting for mode change to: AUTO
2025-06-22 18:55:13,771 - SUAS - DEBUG - [SUAS_main.main:745] - Waiting for mode change to: AUTO
2025-06-22 18:55:14,272 - SUAS - DEBUG - [SUAS_main.main:745] - Waiting for mode change to: AUTO
2025-06-22 18:55:14,774 - SUAS - DEBUG - [SUAS_main.main:745] - Waiting for mode change to: AUTO
2025-06-22 18:55:15,275 - SUAS - DEBUG - [SUAS_main.main:745] - Waiting for mode change to: AUTO
2025-06-22 18:55:15,777 - SUAS - DEBUG - [SUAS_main.main:745] - Waiting for mode change to: AUTO
2025-06-22 18:55:16,278 - SUAS - DEBUG - [SUAS_main.main:745] - Waiting for mode change to: AUTO
2025-06-22 18:55:16,780 - SUAS - DEBUG - [SUAS_main.main:745] - Waiting for mode change to: AUTO
2025-06-22 18:55:17,281 - SUAS - DEBUG - [SUAS_main.main:745] - Waiting for mode change to: AUTO
2025-06-22 18:55:17,783 - SUAS - DEBUG - [SUAS_main.main:745] - Waiting for mode change to: AUTO
2025-06-22 18:55:18,284 - SUAS - DEBUG - [SUAS_main.main:745] - Waiting for mode change to: AUTO
2025-06-22 18:55:18,786 - SUAS - DEBUG - [SUAS_main.main:745] - Waiting for mode change to: AUTO
2025-06-22 18:55:19,287 - SUAS - DEBUG - [SUAS_main.main:745] - Waiting for mode change to: AUTO
2025-06-22 18:55:19,789 - SUAS - DEBUG - [SUAS_main.main:745] - Waiting for mode change to: AUTO
2025-06-22 18:55:20,290 - SUAS - DEBUG - [SUAS_main.main:745] - Waiting for mode change to: AUTO
2025-06-22 18:55:20,792 - SUAS - DEBUG - [SUAS_main.main:745] - Waiting for mode change to: AUTO
2025-06-22 18:55:21,293 - SUAS - DEBUG - [SUAS_main.main:745] - Waiting for mode change to: AUTO
2025-06-22 18:55:21,795 - SUAS - DEBUG - [SUAS_main.main:745] - Waiting for mode change to: AUTO
2025-06-22 18:55:22,296 - SUAS - DEBUG - [SUAS_main.main:745] - Waiting for mode change to: AUTO
2025-06-22 18:55:22,798 - SUAS - DEBUG - [SUAS_main.main:745] - Waiting for mode change to: AUTO
2025-06-22 18:55:23,299 - SUAS - DEBUG - [SUAS_main.main:745] - Waiting for mode change to: AUTO
2025-06-22 18:55:23,800 - SUAS - DEBUG - [SUAS_main.main:745] - Waiting for mode change to: AUTO
2025-06-22 18:55:24,302 - SUAS - DEBUG - [SUAS_main.main:745] - Waiting for mode change to: AUTO
2025-06-22 18:55:24,803 - SUAS - DEBUG - [SUAS_main.main:745] - Waiting for mode change to: AUTO
2025-06-22 18:55:25,305 - SUAS - DEBUG - [SUAS_main.main:745] - Waiting for mode change to: AUTO
2025-06-22 18:55:25,806 - SUAS - DEBUG - [SUAS_main.main:745] - Waiting for mode change to: AUTO
2025-06-22 18:55:26,308 - SUAS - DEBUG - [SUAS_main.main:745] - Waiting for mode change to: AUTO
2025-06-22 18:55:26,809 - SUAS - DEBUG - [SUAS_main.main:745] - Waiting for mode change to: AUTO
2025-06-22 18:55:27,311 - SUAS - DEBUG - [SUAS_main.main:745] - Waiting for mode change to: AUTO
2025-06-22 18:55:27,812 - SUAS - DEBUG - [SUAS_main.main:745] - Waiting for mode change to: AUTO
2025-06-22 18:55:28,314 - SUAS - DEBUG - [SUAS_main.main:745] - Waiting for mode change to: AUTO
2025-06-22 18:55:28,815 - SUAS - DEBUG - [SUAS_main.main:745] - Waiting for mode change to: AUTO
2025-06-22 18:55:29,317 - SUAS - DEBUG - [SUAS_main.main:745] - Waiting for mode change to: AUTO
2025-06-22 18:55:29,819 - SUAS - DEBUG - [SUAS_main.main:745] - Waiting for mode change to: AUTO
2025-06-22 18:55:30,320 - SUAS - DEBUG - [SUAS_main.main:745] - Waiting for mode change to: AUTO
2025-06-22 18:55:30,822 - SUAS - DEBUG - [SUAS_main.main:745] - Waiting for mode change to: AUTO
2025-06-22 18:55:31,323 - SUAS - DEBUG - [SUAS_main.main:745] - Waiting for mode change to: AUTO
2025-06-22 18:55:31,824 - SUAS - DEBUG - [SUAS_main.main:745] - Waiting for mode change to: AUTO
2025-06-22 18:55:32,326 - SUAS - DEBUG - [SUAS_main.main:745] - Waiting for mode change to: AUTO
2025-06-22 18:55:32,827 - SUAS - DEBUG - [SUAS_main.main:745] - Waiting for mode change to: AUTO
2025-06-22 18:55:33,328 - SUAS - DEBUG - [SUAS_main.main:745] - Waiting for mode change to: AUTO
2025-06-22 18:55:33,830 - SUAS - DEBUG - [SUAS_main.main:745] - Waiting for mode change to: AUTO
2025-06-22 18:55:34,331 - SUAS - DEBUG - [SUAS_main.main:745] - Waiting for mode change to: AUTO
2025-06-22 18:55:34,832 - SUAS - DEBUG - [SUAS_main.main:745] - Waiting for mode change to: AUTO
2025-06-22 18:55:35,334 - SUAS - DEBUG - [SUAS_main.main:745] - Waiting for mode change to: AUTO
2025-06-22 18:55:35,835 - SUAS - DEBUG - [SUAS_main.main:745] - Waiting for mode change to: AUTO
2025-06-22 18:55:36,337 - SUAS - DEBUG - [SUAS_main.main:745] - Waiting for mode change to: AUTO
2025-06-22 18:55:36,839 - SUAS - DEBUG - [SUAS_main.main:745] - Waiting for mode change to: AUTO
2025-06-22 18:55:37,340 - SUAS - DEBUG - [SUAS_main.main:745] - Waiting for mode change to: AUTO
2025-06-22 18:55:37,842 - SUAS - DEBUG - [SUAS_main.main:745] - Waiting for mode change to: AUTO
2025-06-22 18:55:38,343 - SUAS - DEBUG - [SUAS_main.main:745] - Waiting for mode change to: AUTO
2025-06-22 18:55:38,844 - SUAS - DEBUG - [SUAS_main.main:745] - Waiting for mode change to: AUTO
2025-06-22 18:55:39,346 - SUAS - DEBUG - [SUAS_main.main:745] - Waiting for mode change to: AUTO
2025-06-22 18:55:39,847 - SUAS - DEBUG - [SUAS_main.main:745] - Waiting for mode change to: AUTO
2025-06-22 18:55:40,348 - SUAS - DEBUG - [SUAS_main.main:745] - Waiting for mode change to: AUTO
2025-06-22 18:55:40,850 - SUAS - DEBUG - [SUAS_main.main:745] - Waiting for mode change to: AUTO
2025-06-22 18:55:41,351 - SUAS - DEBUG - [SUAS_main.main:745] - Waiting for mode change to: AUTO
2025-06-22 18:55:41,852 - SUAS - DEBUG - [SUAS_main.main:745] - Waiting for mode change to: AUTO
2025-06-22 18:55:42,354 - SUAS - DEBUG - [SUAS_main.main:745] - Waiting for mode change to: AUTO
2025-06-22 18:55:42,855 - SUAS - DEBUG - [SUAS_main.main:745] - Waiting for mode change to: AUTO
2025-06-22 18:55:43,357 - SUAS - DEBUG - [SUAS_main.main:745] - Waiting for mode change to: AUTO
2025-06-22 18:55:43,858 - SUAS - DEBUG - [SUAS_main.main:745] - Waiting for mode change to: AUTO
2025-06-22 18:55:44,360 - SUAS - DEBUG - [SUAS_main.main:745] - Waiting for mode change to: AUTO
2025-06-22 18:55:44,861 - SUAS - DEBUG - [SUAS_main.main:745] - Waiting for mode change to: AUTO
2025-06-22 18:55:45,363 - SUAS - DEBUG - [SUAS_main.main:745] - Waiting for mode change to: AUTO
2025-06-22 18:55:45,864 - SUAS - DEBUG - [SUAS_main.main:745] - Waiting for mode change to: AUTO
2025-06-22 18:55:46,366 - SUAS - DEBUG - [SUAS_main.main:745] - Waiting for mode change to: AUTO
2025-06-22 18:55:46,867 - SUAS - DEBUG - [SUAS_main.main:745] - Waiting for mode change to: AUTO
2025-06-22 18:55:47,368 - SUAS - DEBUG - [SUAS_main.main:745] - Waiting for mode change to: AUTO
2025-06-22 18:55:47,870 - SUAS - DEBUG - [SUAS_main.main:745] - Waiting for mode change to: AUTO
2025-06-22 18:55:48,372 - SUAS - DEBUG - [SUAS_main.main:745] - Waiting for mode change to: AUTO
2025-06-22 18:55:48,873 - SUAS - DEBUG - [SUAS_main.main:745] - Waiting for mode change to: AUTO
2025-06-22 18:55:49,375 - SUAS - DEBUG - [SUAS_main.main:745] - Waiting for mode change to: AUTO
2025-06-22 18:55:49,877 - SUAS - DEBUG - [SUAS_main.main:745] - Waiting for mode change to: AUTO
2025-06-22 18:55:50,378 - SUAS - DEBUG - [SUAS_main.main:745] - Waiting for mode change to: AUTO
2025-06-22 18:55:50,880 - SUAS - DEBUG - [SUAS_main.main:745] - Waiting for mode change to: AUTO
2025-06-22 18:55:51,381 - SUAS - DEBUG - [SUAS_main.main:745] - Waiting for mode change to: AUTO
2025-06-22 18:55:51,883 - SUAS - DEBUG - [SUAS_main.main:745] - Waiting for mode change to: AUTO
2025-06-22 18:55:52,384 - SUAS - DEBUG - [SUAS_main.main:745] - Waiting for mode change to: AUTO
2025-06-22 18:55:52,886 - SUAS - DEBUG - [SUAS_main.main:745] - Waiting for mode change to: AUTO
2025-06-22 18:55:53,387 - SUAS - DEBUG - [SUAS_main.main:745] - Waiting for mode change to: AUTO
2025-06-22 18:55:53,889 - SUAS - DEBUG - [SUAS_main.main:745] - Waiting for mode change to: AUTO
2025-06-22 18:55:54,390 - SUAS - DEBUG - [SUAS_main.main:745] - Waiting for mode change to: AUTO
2025-06-22 18:55:54,892 - SUAS - DEBUG - [SUAS_main.main:745] - Waiting for mode change to: AUTO
2025-06-22 18:55:55,394 - SUAS - DEBUG - [SUAS_main.main:745] - Waiting for mode change to: AUTO
2025-06-22 18:55:55,895 - SUAS - DEBUG - [SUAS_main.main:745] - Waiting for mode change to: AUTO
2025-06-22 18:55:56,397 - SUAS - DEBUG - [SUAS_main.main:745] - Waiting for mode change to: AUTO
2025-06-22 18:55:56,898 - SUAS - DEBUG - [SUAS_main.main:745] - Waiting for mode change to: AUTO
2025-06-22 18:55:57,400 - SUAS - DEBUG - [SUAS_main.main:745] - Waiting for mode change to: AUTO
2025-06-22 18:55:57,901 - SUAS - DEBUG - [SUAS_main.main:745] - Waiting for mode change to: AUTO
2025-06-22 18:55:58,403 - SUAS - DEBUG - [SUAS_main.main:745] - Waiting for mode change to: AUTO
2025-06-22 18:55:58,904 - SUAS - DEBUG - [SUAS_main.main:745] - Waiting for mode change to: AUTO
2025-06-22 18:55:59,406 - SUAS - DEBUG - [SUAS_main.main:745] - Waiting for mode change to: AUTO
2025-06-22 18:55:59,907 - SUAS - DEBUG - [SUAS_main.main:745] - Waiting for mode change to: AUTO
2025-06-22 18:56:00,409 - SUAS - DEBUG - [SUAS_main.main:745] - Waiting for mode change to: AUTO
2025-06-22 18:56:00,911 - SUAS - DEBUG - [SUAS_main.main:745] - Waiting for mode change to: AUTO
2025-06-22 18:56:01,412 - SUAS - DEBUG - [SUAS_main.main:745] - Waiting for mode change to: AUTO
2025-06-22 18:56:01,914 - SUAS - DEBUG - [SUAS_main.main:745] - Waiting for mode change to: AUTO
2025-06-22 18:56:02,415 - SUAS - DEBUG - [SUAS_main.main:745] - Waiting for mode change to: AUTO
2025-06-22 18:56:02,916 - SUAS - DEBUG - [SUAS_main.main:745] - Waiting for mode change to: AUTO
2025-06-22 18:56:03,418 - SUAS - DEBUG - [SUAS_main.main:745] - Waiting for mode change to: AUTO
2025-06-22 18:56:03,919 - SUAS - DEBUG - [SUAS_main.main:745] - Waiting for mode change to: AUTO
2025-06-22 18:56:04,421 - SUAS - DEBUG - [SUAS_main.main:745] - Waiting for mode change to: AUTO
2025-06-22 18:56:04,922 - SUAS - DEBUG - [SUAS_main.main:745] - Waiting for mode change to: AUTO
2025-06-22 18:56:05,424 - SUAS - DEBUG - [SUAS_main.main:745] - Waiting for mode change to: AUTO
2025-06-22 18:56:05,925 - SUAS - DEBUG - [SUAS_main.main:745] - Waiting for mode change to: AUTO
2025-06-22 18:56:06,428 - SUAS - DEBUG - [SUAS_main.main:745] - Waiting for mode change to: AUTO
2025-06-22 18:56:06,929 - SUAS - DEBUG - [SUAS_main.main:745] - Waiting for mode change to: AUTO
2025-06-22 18:56:07,431 - SUAS - DEBUG - [SUAS_main.main:745] - Waiting for mode change to: AUTO
2025-06-22 18:56:07,932 - SUAS - DEBUG - [SUAS_main.main:745] - Waiting for mode change to: AUTO
2025-06-22 18:56:08,433 - SUAS - DEBUG - [SUAS_main.main:745] - Waiting for mode change to: AUTO
2025-06-22 18:56:08,935 - SUAS - DEBUG - [SUAS_main.main:745] - Waiting for mode change to: AUTO
2025-06-22 18:56:09,436 - SUAS - DEBUG - [SUAS_main.main:745] - Waiting for mode change to: AUTO
2025-06-22 18:56:09,937 - SUAS - DEBUG - [SUAS_main.main:745] - Waiting for mode change to: AUTO
2025-06-22 18:56:10,439 - SUAS - DEBUG - [SUAS_main.main:745] - Waiting for mode change to: AUTO
2025-06-22 18:56:10,940 - SUAS - DEBUG - [SUAS_main.main:745] - Waiting for mode change to: AUTO
2025-06-22 18:56:11,442 - SUAS - DEBUG - [SUAS_main.main:745] - Waiting for mode change to: AUTO
2025-06-22 18:56:11,943 - SUAS - DEBUG - [SUAS_main.main:745] - Waiting for mode change to: AUTO
2025-06-22 18:56:12,445 - SUAS - DEBUG - [SUAS_main.main:745] - Waiting for mode change to: AUTO
2025-06-22 18:56:12,947 - SUAS - DEBUG - [SUAS_main.main:745] - Waiting for mode change to: AUTO
2025-06-22 18:56:13,448 - SUAS - DEBUG - [SUAS_main.main:745] - Waiting for mode change to: AUTO
2025-06-22 18:56:13,950 - SUAS - DEBUG - [SUAS_main.main:745] - Waiting for mode change to: AUTO
2025-06-22 18:56:14,451 - SUAS - DEBUG - [SUAS_main.main:745] - Waiting for mode change to: AUTO
2025-06-22 18:56:14,952 - SUAS - DEBUG - [SUAS_main.main:745] - Waiting for mode change to: AUTO
2025-06-22 18:56:15,454 - SUAS - DEBUG - [SUAS_main.main:745] - Waiting for mode change to: AUTO
2025-06-22 18:56:15,955 - SUAS - DEBUG - [SUAS_main.main:745] - Waiting for mode change to: AUTO
2025-06-22 18:56:16,457 - SUAS - DEBUG - [SUAS_main.main:745] - Waiting for mode change to: AUTO
2025-06-22 18:56:16,959 - SUAS - DEBUG - [SUAS_main.main:745] - Waiting for mode change to: AUTO
2025-06-22 18:56:17,460 - SUAS - DEBUG - [SUAS_main.main:745] - Waiting for mode change to: AUTO
2025-06-22 18:56:17,962 - SUAS - DEBUG - [SUAS_main.main:745] - Waiting for mode change to: AUTO
2025-06-22 18:56:18,463 - SUAS - DEBUG - [SUAS_main.main:745] - Waiting for mode change to: AUTO
2025-06-22 18:56:18,965 - SUAS - DEBUG - [SUAS_main.main:745] - Waiting for mode change to: AUTO
2025-06-22 18:56:19,466 - SUAS - DEBUG - [SUAS_main.main:745] - Waiting for mode change to: AUTO
2025-06-22 18:56:19,968 - SUAS - DEBUG - [SUAS_main.main:745] - Waiting for mode change to: AUTO
2025-06-22 18:56:20,469 - SUAS - DEBUG - [SUAS_main.main:745] - Waiting for mode change to: AUTO
2025-06-22 18:56:20,971 - SUAS - DEBUG - [SUAS_main.main:745] - Waiting for mode change to: AUTO
2025-06-22 18:56:21,472 - SUAS - DEBUG - [SUAS_main.main:745] - Waiting for mode change to: AUTO
2025-06-22 18:56:21,974 - SUAS - DEBUG - [SUAS_main.main:745] - Waiting for mode change to: AUTO
2025-06-22 18:56:22,475 - SUAS - DEBUG - [SUAS_main.main:745] - Waiting for mode change to: AUTO
2025-06-22 18:56:22,976 - SUAS - DEBUG - [SUAS_main.main:745] - Waiting for mode change to: AUTO
2025-06-22 18:56:23,479 - SUAS - DEBUG - [SUAS_main.main:745] - Waiting for mode change to: AUTO
2025-06-22 18:56:23,980 - SUAS - DEBUG - [SUAS_main.main:745] - Waiting for mode change to: AUTO
2025-06-22 18:56:24,482 - SUAS - DEBUG - [SUAS_main.main:745] - Waiting for mode change to: AUTO
2025-06-22 18:56:24,984 - SUAS - DEBUG - [SUAS_main.main:745] - Waiting for mode change to: AUTO
2025-06-22 18:56:25,485 - SUAS - DEBUG - [SUAS_main.main:745] - Waiting for mode change to: AUTO
2025-06-22 18:56:25,987 - SUAS - DEBUG - [SUAS_main.main:745] - Waiting for mode change to: AUTO
2025-06-22 18:56:26,488 - SUAS - DEBUG - [SUAS_main.main:745] - Waiting for mode change to: AUTO
2025-06-22 18:56:26,990 - SUAS - DEBUG - [SUAS_main.main:745] - Waiting for mode change to: AUTO
2025-06-22 18:56:27,491 - SUAS - DEBUG - [SUAS_main.main:745] - Waiting for mode change to: AUTO
2025-06-22 18:56:27,992 - SUAS - DEBUG - [SUAS_main.main:745] - Waiting for mode change to: AUTO
2025-06-22 18:56:28,494 - SUAS - DEBUG - [SUAS_main.main:745] - Waiting for mode change to: AUTO
2025-06-22 18:56:28,995 - SUAS - DEBUG - [SUAS_main.main:745] - Waiting for mode change to: AUTO
2025-06-22 18:56:29,497 - SUAS - DEBUG - [SUAS_main.main:745] - Waiting for mode change to: AUTO
2025-06-22 18:56:29,998 - SUAS - DEBUG - [SUAS_main.main:745] - Waiting for mode change to: AUTO
2025-06-22 18:56:30,500 - SUAS - DEBUG - [SUAS_main.main:745] - Waiting for mode change to: AUTO
2025-06-22 18:56:31,001 - SUAS - DEBUG - [SUAS_main.main:745] - Waiting for mode change to: AUTO
2025-06-22 18:56:31,503 - SUAS - DEBUG - [SUAS_main.main:745] - Waiting for mode change to: AUTO
2025-06-22 18:56:32,004 - SUAS - DEBUG - [SUAS_main.main:745] - Waiting for mode change to: AUTO
2025-06-22 18:56:32,506 - SUAS - DEBUG - [SUAS_main.main:745] - Waiting for mode change to: AUTO
2025-06-22 18:56:33,007 - SUAS - DEBUG - [SUAS_main.main:745] - Waiting for mode change to: AUTO
2025-06-22 18:56:33,508 - SUAS - DEBUG - [SUAS_main.main:745] - Waiting for mode change to: AUTO
2025-06-22 18:56:34,010 - SUAS - DEBUG - [SUAS_main.main:745] - Waiting for mode change to: AUTO
2025-06-22 18:56:34,511 - SUAS - DEBUG - [SUAS_main.main:745] - Waiting for mode change to: AUTO
2025-06-22 18:56:35,012 - SUAS - DEBUG - [SUAS_main.main:745] - Waiting for mode change to: AUTO
2025-06-22 18:56:35,514 - SUAS - DEBUG - [SUAS_main.main:745] - Waiting for mode change to: AUTO
2025-06-22 18:56:36,016 - SUAS - DEBUG - [SUAS_main.main:745] - Waiting for mode change to: AUTO
2025-06-22 18:56:36,517 - SUAS - DEBUG - [SUAS_main.main:745] - Waiting for mode change to: AUTO
2025-06-22 18:56:37,019 - SUAS - DEBUG - [SUAS_main.main:745] - Waiting for mode change to: AUTO
2025-06-22 18:56:37,520 - SUAS - DEBUG - [SUAS_main.main:745] - Waiting for mode change to: AUTO
2025-06-22 18:56:38,022 - SUAS - DEBUG - [SUAS_main.main:745] - Waiting for mode change to: AUTO
2025-06-22 18:56:38,523 - SUAS - DEBUG - [SUAS_main.main:745] - Waiting for mode change to: AUTO
2025-06-22 18:56:39,025 - SUAS - DEBUG - [SUAS_main.main:745] - Waiting for mode change to: AUTO
2025-06-22 18:56:39,526 - SUAS - DEBUG - [SUAS_main.main:745] - Waiting for mode change to: AUTO
2025-06-22 18:56:40,028 - SUAS - DEBUG - [SUAS_main.main:745] - Waiting for mode change to: AUTO
2025-06-22 18:56:40,529 - SUAS - DEBUG - [SUAS_main.main:745] - Waiting for mode change to: AUTO
2025-06-22 18:56:41,031 - SUAS - DEBUG - [SUAS_main.main:745] - Waiting for mode change to: AUTO
2025-06-22 18:56:41,532 - SUAS - DEBUG - [SUAS_main.main:745] - Waiting for mode change to: AUTO
2025-06-22 18:56:42,034 - SUAS - DEBUG - [SUAS_main.main:745] - Waiting for mode change to: AUTO
2025-06-22 18:56:42,536 - SUAS - DEBUG - [SUAS_main.main:745] - Waiting for mode change to: AUTO
2025-06-22 18:56:43,037 - SUAS - DEBUG - [SUAS_main.main:745] - Waiting for mode change to: AUTO
2025-06-22 18:56:43,539 - SUAS - DEBUG - [SUAS_main.main:745] - Waiting for mode change to: AUTO
2025-06-22 18:56:44,040 - SUAS - DEBUG - [SUAS_main.main:745] - Waiting for mode change to: AUTO
2025-06-22 18:56:44,542 - SUAS - DEBUG - [SUAS_main.main:745] - Waiting for mode change to: AUTO
2025-06-22 18:56:45,043 - SUAS - DEBUG - [SUAS_main.main:745] - Waiting for mode change to: AUTO
2025-06-22 18:56:45,544 - SUAS - DEBUG - [SUAS_main.main:745] - Waiting for mode change to: AUTO
2025-06-22 18:56:46,046 - SUAS - DEBUG - [SUAS_main.main:745] - Waiting for mode change to: AUTO
2025-06-22 18:56:46,547 - SUAS - DEBUG - [SUAS_main.main:745] - Waiting for mode change to: AUTO
2025-06-22 18:56:47,048 - SUAS - DEBUG - [SUAS_main.main:745] - Waiting for mode change to: AUTO
2025-06-22 18:56:47,550 - SUAS - DEBUG - [SUAS_main.main:745] - Waiting for mode change to: AUTO
2025-06-22 18:56:48,051 - SUAS - DEBUG - [SUAS_main.main:745] - Waiting for mode change to: AUTO
2025-06-22 18:56:48,553 - SUAS - DEBUG - [SUAS_main.main:745] - Waiting for mode change to: AUTO
2025-06-22 18:56:49,054 - SUAS - DEBUG - [SUAS_main.main:745] - Waiting for mode change to: AUTO
2025-06-22 18:56:49,556 - SUAS - DEBUG - [SUAS_main.main:745] - Waiting for mode change to: AUTO
2025-06-22 18:56:50,057 - SUAS - DEBUG - [SUAS_main.main:745] - Waiting for mode change to: AUTO
2025-06-22 18:56:50,559 - SUAS - DEBUG - [SUAS_main.main:745] - Waiting for mode change to: AUTO
2025-06-22 18:56:51,060 - SUAS - DEBUG - [SUAS_main.main:745] - Waiting for mode change to: AUTO
2025-06-22 18:56:51,562 - SUAS - DEBUG - [SUAS_main.main:745] - Waiting for mode change to: AUTO
2025-06-22 18:56:52,063 - SUAS - DEBUG - [SUAS_main.main:745] - Waiting for mode change to: AUTO
2025-06-22 18:56:52,565 - SUAS - DEBUG - [SUAS_main.main:745] - Waiting for mode change to: AUTO
2025-06-22 18:56:53,066 - SUAS - DEBUG - [SUAS_main.main:745] - Waiting for mode change to: AUTO
2025-06-22 18:56:53,568 - SUAS - DEBUG - [SUAS_main.main:745] - Waiting for mode change to: AUTO
2025-06-22 18:56:54,070 - SUAS - DEBUG - [SUAS_main.main:745] - Waiting for mode change to: AUTO
2025-06-22 18:56:54,571 - SUAS - DEBUG - [SUAS_main.main:745] - Waiting for mode change to: AUTO
2025-06-22 18:56:55,072 - SUAS - DEBUG - [SUAS_main.main:745] - Waiting for mode change to: AUTO
2025-06-22 18:56:55,574 - SUAS - DEBUG - [SUAS_main.main:745] - Waiting for mode change to: AUTO
2025-06-22 18:56:56,075 - SUAS - DEBUG - [SUAS_main.main:745] - Waiting for mode change to: AUTO
2025-06-22 18:56:56,576 - SUAS - DEBUG - [SUAS_main.main:745] - Waiting for mode change to: AUTO
2025-06-22 18:56:57,078 - SUAS - DEBUG - [SUAS_main.main:745] - Waiting for mode change to: AUTO
2025-06-22 18:56:57,579 - SUAS - DEBUG - [SUAS_main.main:745] - Waiting for mode change to: AUTO
2025-06-22 18:56:58,081 - SUAS - DEBUG - [SUAS_main.main:745] - Waiting for mode change to: AUTO
2025-06-22 18:56:58,582 - SUAS - DEBUG - [SUAS_main.main:745] - Waiting for mode change to: AUTO
2025-06-22 18:56:59,084 - SUAS - DEBUG - [SUAS_main.main:745] - Waiting for mode change to: AUTO
2025-06-22 18:56:59,586 - SUAS - DEBUG - [SUAS_main.main:745] - Waiting for mode change to: AUTO
2025-06-22 18:57:00,087 - SUAS - DEBUG - [SUAS_main.main:745] - Waiting for mode change to: AUTO
2025-06-22 18:57:00,588 - SUAS - DEBUG - [SUAS_main.main:745] - Waiting for mode change to: AUTO
2025-06-22 18:57:01,090 - SUAS - DEBUG - [SUAS_main.main:745] - Waiting for mode change to: AUTO
2025-06-22 18:57:01,591 - SUAS - DEBUG - [SUAS_main.main:745] - Waiting for mode change to: AUTO
2025-06-22 18:57:02,093 - SUAS - DEBUG - [SUAS_main.main:745] - Waiting for mode change to: AUTO
2025-06-22 18:57:02,594 - SUAS - DEBUG - [SUAS_main.main:745] - Waiting for mode change to: AUTO
2025-06-22 18:57:03,096 - SUAS - DEBUG - [SUAS_main.main:745] - Waiting for mode change to: AUTO
2025-06-22 18:57:03,597 - SUAS - DEBUG - [SUAS_main.main:745] - Waiting for mode change to: AUTO
2025-06-22 18:57:04,099 - SUAS - DEBUG - [SUAS_main.main:745] - Waiting for mode change to: AUTO
2025-06-22 18:57:04,600 - SUAS - DEBUG - [SUAS_main.main:745] - Waiting for mode change to: AUTO
2025-06-22 18:57:05,102 - SUAS - DEBUG - [SUAS_main.main:745] - Waiting for mode change to: AUTO
2025-06-22 18:57:05,603 - SUAS - DEBUG - [SUAS_main.main:745] - Waiting for mode change to: AUTO
2025-06-22 18:57:06,104 - SUAS - DEBUG - [SUAS_main.main:745] - Waiting for mode change to: AUTO
2025-06-22 18:57:06,606 - SUAS - DEBUG - [SUAS_main.main:745] - Waiting for mode change to: AUTO
2025-06-22 18:57:07,107 - SUAS - DEBUG - [SUAS_main.main:745] - Waiting for mode change to: AUTO
2025-06-22 18:57:07,609 - SUAS - DEBUG - [SUAS_main.main:745] - Waiting for mode change to: AUTO
2025-06-22 18:57:08,110 - SUAS - DEBUG - [SUAS_main.main:745] - Waiting for mode change to: AUTO
2025-06-22 18:57:08,612 - SUAS - DEBUG - [SUAS_main.main:745] - Waiting for mode change to: AUTO
2025-06-22 18:57:09,113 - SUAS - DEBUG - [SUAS_main.main:745] - Waiting for mode change to: AUTO
2025-06-22 18:57:09,615 - SUAS - DEBUG - [SUAS_main.main:745] - Waiting for mode change to: AUTO
2025-06-22 18:57:10,116 - SUAS - DEBUG - [SUAS_main.main:745] - Waiting for mode change to: AUTO
2025-06-22 18:57:10,618 - SUAS - DEBUG - [SUAS_main.main:745] - Waiting for mode change to: AUTO
2025-06-22 18:57:11,120 - SUAS - DEBUG - [SUAS_main.main:745] - Waiting for mode change to: AUTO
2025-06-22 18:57:11,621 - SUAS - DEBUG - [SUAS_main.main:745] - Waiting for mode change to: AUTO
2025-06-22 18:57:12,123 - SUAS - DEBUG - [SUAS_main.main:745] - Waiting for mode change to: AUTO
2025-06-22 18:57:12,624 - SUAS - DEBUG - [SUAS_main.main:745] - Waiting for mode change to: AUTO
2025-06-22 18:57:13,125 - SUAS - DEBUG - [SUAS_main.main:745] - Waiting for mode change to: AUTO
2025-06-22 18:57:13,627 - SUAS - DEBUG - [SUAS_main.main:745] - Waiting for mode change to: AUTO
2025-06-22 18:57:14,128 - SUAS - DEBUG - [SUAS_main.main:745] - Waiting for mode change to: AUTO
2025-06-22 18:57:14,630 - SUAS - DEBUG - [SUAS_main.main:745] - Waiting for mode change to: AUTO
2025-06-22 18:57:15,131 - SUAS - DEBUG - [SUAS_main.main:745] - Waiting for mode change to: AUTO
2025-06-22 18:57:15,632 - SUAS - DEBUG - [SUAS_main.main:745] - Waiting for mode change to: AUTO
2025-06-22 18:57:16,134 - SUAS - DEBUG - [SUAS_main.main:745] - Waiting for mode change to: AUTO
2025-06-22 18:57:16,636 - SUAS - DEBUG - [SUAS_main.main:745] - Waiting for mode change to: AUTO
2025-06-22 18:57:17,137 - SUAS - DEBUG - [SUAS_main.main:745] - Waiting for mode change to: AUTO
2025-06-22 18:57:17,639 - SUAS - DEBUG - [SUAS_main.main:745] - Waiting for mode change to: AUTO
2025-06-22 18:57:18,140 - SUAS - DEBUG - [SUAS_main.main:745] - Waiting for mode change to: AUTO
2025-06-22 18:57:18,642 - SUAS - DEBUG - [SUAS_main.main:745] - Waiting for mode change to: AUTO
2025-06-22 18:57:19,143 - SUAS - DEBUG - [SUAS_main.main:745] - Waiting for mode change to: AUTO
2025-06-22 18:57:19,645 - SUAS - DEBUG - [SUAS_main.main:745] - Waiting for mode change to: AUTO
2025-06-22 18:57:20,146 - SUAS - DEBUG - [SUAS_main.main:745] - Waiting for mode change to: AUTO
2025-06-22 18:57:20,648 - SUAS - DEBUG - [SUAS_main.main:745] - Waiting for mode change to: AUTO
2025-06-22 18:57:21,149 - SUAS - DEBUG - [SUAS_main.main:745] - Waiting for mode change to: AUTO
2025-06-22 18:57:21,651 - SUAS - DEBUG - [SUAS_main.main:745] - Waiting for mode change to: AUTO
2025-06-22 18:57:22,152 - SUAS - DEBUG - [SUAS_main.main:745] - Waiting for mode change to: AUTO
2025-06-22 18:57:22,653 - SUAS - DEBUG - [SUAS_main.main:745] - Waiting for mode change to: AUTO
2025-06-22 18:57:23,155 - SUAS - DEBUG - [SUAS_main.main:745] - Waiting for mode change to: AUTO
2025-06-22 18:57:23,657 - SUAS - DEBUG - [SUAS_main.main:745] - Waiting for mode change to: AUTO
2025-06-22 18:57:24,159 - SUAS - DEBUG - [SUAS_main.main:745] - Waiting for mode change to: AUTO
2025-06-22 18:57:24,660 - SUAS - DEBUG - [SUAS_main.main:745] - Waiting for mode change to: AUTO
2025-06-22 18:57:25,162 - SUAS - DEBUG - [SUAS_main.main:745] - Waiting for mode change to: AUTO
2025-06-22 18:57:25,663 - SUAS - DEBUG - [SUAS_main.main:745] - Waiting for mode change to: AUTO
2025-06-22 18:57:26,164 - SUAS - DEBUG - [SUAS_main.main:745] - Waiting for mode change to: AUTO
2025-06-22 18:57:26,666 - SUAS - DEBUG - [SUAS_main.main:745] - Waiting for mode change to: AUTO
2025-06-22 18:57:27,167 - SUAS - DEBUG - [SUAS_main.main:745] - Waiting for mode change to: AUTO
2025-06-22 18:57:27,668 - SUAS - DEBUG - [SUAS_main.main:745] - Waiting for mode change to: AUTO
2025-06-22 18:57:28,170 - SUAS - DEBUG - [SUAS_main.main:745] - Waiting for mode change to: AUTO
2025-06-22 18:57:28,671 - SUAS - DEBUG - [SUAS_main.main:745] - Waiting for mode change to: AUTO
2025-06-22 18:57:29,173 - SUAS - DEBUG - [SUAS_main.main:745] - Waiting for mode change to: AUTO
2025-06-22 18:57:29,674 - SUAS - DEBUG - [SUAS_main.main:745] - Waiting for mode change to: AUTO
2025-06-22 18:57:30,176 - SUAS - DEBUG - [SUAS_main.main:745] - Waiting for mode change to: AUTO
2025-06-22 18:57:30,677 - SUAS - DEBUG - [SUAS_main.main:745] - Waiting for mode change to: AUTO
2025-06-22 18:57:31,178 - SUAS - DEBUG - [SUAS_main.main:745] - Waiting for mode change to: AUTO
2025-06-22 18:57:31,680 - SUAS - DEBUG - [SUAS_main.main:745] - Waiting for mode change to: AUTO
2025-06-22 18:57:32,181 - SUAS - DEBUG - [SUAS_main.main:745] - Waiting for mode change to: AUTO
2025-06-22 18:57:32,683 - SUAS - DEBUG - [SUAS_main.main:745] - Waiting for mode change to: AUTO
2025-06-22 18:57:33,185 - SUAS - DEBUG - [SUAS_main.main:745] - Waiting for mode change to: AUTO
2025-06-22 18:57:33,686 - SUAS - DEBUG - [SUAS_main.main:745] - Waiting for mode change to: AUTO
2025-06-22 18:57:34,187 - SUAS - DEBUG - [SUAS_main.main:745] - Waiting for mode change to: AUTO
2025-06-22 18:57:34,688 - SUAS - DEBUG - [SUAS_main.main:745] - Waiting for mode change to: AUTO
2025-06-22 18:57:35,190 - SUAS - DEBUG - [SUAS_main.main:745] - Waiting for mode change to: AUTO
2025-06-22 18:57:35,692 - SUAS - DEBUG - [SUAS_main.main:745] - Waiting for mode change to: AUTO
2025-06-22 18:57:36,193 - SUAS - DEBUG - [SUAS_main.main:745] - Waiting for mode change to: AUTO
2025-06-22 18:57:36,694 - SUAS - DEBUG - [SUAS_main.main:745] - Waiting for mode change to: AUTO
2025-06-22 18:57:37,196 - SUAS - DEBUG - [SUAS_main.main:745] - Waiting for mode change to: AUTO
2025-06-22 18:57:37,697 - SUAS - DEBUG - [SUAS_main.main:745] - Waiting for mode change to: AUTO
2025-06-22 18:57:38,199 - SUAS - DEBUG - [SUAS_main.main:745] - Waiting for mode change to: AUTO
2025-06-22 18:57:38,700 - SUAS - DEBUG - [SUAS_main.main:745] - Waiting for mode change to: AUTO
2025-06-22 18:57:39,202 - SUAS - DEBUG - [SUAS_main.main:745] - Waiting for mode change to: AUTO
2025-06-22 18:57:39,703 - SUAS - DEBUG - [SUAS_main.main:745] - Waiting for mode change to: AUTO
2025-06-22 18:57:40,205 - SUAS - DEBUG - [SUAS_main.main:745] - Waiting for mode change to: AUTO
2025-06-22 18:57:40,706 - SUAS - DEBUG - [SUAS_main.main:745] - Waiting for mode change to: AUTO
2025-06-22 18:57:41,208 - SUAS - DEBUG - [SUAS_main.main:745] - Waiting for mode change to: AUTO
2025-06-22 18:57:41,710 - SUAS - DEBUG - [SUAS_main.main:745] - Waiting for mode change to: AUTO
2025-06-22 18:57:42,212 - SUAS - DEBUG - [SUAS_main.main:745] - Waiting for mode change to: AUTO
2025-06-22 18:57:42,714 - SUAS - DEBUG - [SUAS_main.main:745] - Waiting for mode change to: AUTO
2025-06-22 18:57:43,215 - SUAS - DEBUG - [SUAS_main.main:745] - Waiting for mode change to: AUTO
2025-06-22 18:57:43,716 - SUAS - DEBUG - [SUAS_main.main:745] - Waiting for mode change to: AUTO
2025-06-22 18:57:44,218 - SUAS - DEBUG - [SUAS_main.main:745] - Waiting for mode change to: AUTO
2025-06-22 18:57:44,719 - SUAS - DEBUG - [SUAS_main.main:745] - Waiting for mode change to: AUTO
2025-06-22 18:57:45,220 - SUAS - DEBUG - [SUAS_main.main:745] - Waiting for mode change to: AUTO
2025-06-22 18:57:45,722 - SUAS - DEBUG - [SUAS_main.main:745] - Waiting for mode change to: AUTO
2025-06-22 18:57:46,223 - SUAS - DEBUG - [SUAS_main.main:745] - Waiting for mode change to: AUTO
2025-06-22 18:57:46,724 - SUAS - DEBUG - [SUAS_main.main:745] - Waiting for mode change to: AUTO
2025-06-22 18:57:47,226 - SUAS - DEBUG - [SUAS_main.main:745] - Waiting for mode change to: AUTO
2025-06-22 18:57:47,727 - SUAS - DEBUG - [SUAS_main.main:745] - Waiting for mode change to: AUTO
2025-06-22 18:57:48,229 - SUAS - DEBUG - [SUAS_main.main:745] - Waiting for mode change to: AUTO
2025-06-22 18:57:48,730 - SUAS - DEBUG - [SUAS_main.main:745] - Waiting for mode change to: AUTO
2025-06-22 18:57:49,232 - SUAS - DEBUG - [SUAS_main.main:745] - Waiting for mode change to: AUTO
2025-06-22 18:57:49,733 - SUAS - DEBUG - [SUAS_main.main:745] - Waiting for mode change to: AUTO
2025-06-22 18:57:50,235 - SUAS - DEBUG - [SUAS_main.main:745] - Waiting for mode change to: AUTO
2025-06-22 18:57:50,736 - SUAS - DEBUG - [SUAS_main.main:745] - Waiting for mode change to: AUTO
2025-06-22 18:57:51,238 - SUAS - DEBUG - [SUAS_main.main:745] - Waiting for mode change to: AUTO
2025-06-22 18:57:51,739 - SUAS - DEBUG - [SUAS_main.main:745] - Waiting for mode change to: AUTO
2025-06-22 18:57:52,240 - SUAS - DEBUG - [SUAS_main.main:745] - Waiting for mode change to: AUTO
2025-06-22 18:57:52,742 - SUAS - DEBUG - [SUAS_main.main:745] - Waiting for mode change to: AUTO
2025-06-22 18:57:53,243 - SUAS - DEBUG - [SUAS_main.main:745] - Waiting for mode change to: AUTO
2025-06-22 18:57:53,745 - SUAS - DEBUG - [SUAS_main.main:745] - Waiting for mode change to: AUTO
2025-06-22 18:57:54,246 - SUAS - DEBUG - [SUAS_main.main:745] - Waiting for mode change to: AUTO
2025-06-22 18:57:54,748 - SUAS - DEBUG - [SUAS_main.main:745] - Waiting for mode change to: AUTO
2025-06-22 18:57:55,249 - SUAS - DEBUG - [SUAS_main.main:745] - Waiting for mode change to: AUTO
2025-06-22 18:57:55,750 - SUAS - DEBUG - [SUAS_main.main:745] - Waiting for mode change to: AUTO
2025-06-22 18:57:56,252 - SUAS - DEBUG - [SUAS_main.main:745] - Waiting for mode change to: AUTO
2025-06-22 18:57:56,753 - SUAS - DEBUG - [SUAS_main.main:745] - Waiting for mode change to: AUTO
2025-06-22 18:57:57,255 - SUAS - DEBUG - [SUAS_main.main:745] - Waiting for mode change to: AUTO
2025-06-22 18:57:57,756 - SUAS - DEBUG - [SUAS_main.main:745] - Waiting for mode change to: AUTO
2025-06-22 18:57:58,257 - SUAS - DEBUG - [SUAS_main.main:745] - Waiting for mode change to: AUTO
2025-06-22 18:57:58,759 - SUAS - DEBUG - [SUAS_main.main:745] - Waiting for mode change to: AUTO
2025-06-22 18:57:59,260 - SUAS - DEBUG - [SUAS_main.main:745] - Waiting for mode change to: AUTO
2025-06-22 18:57:59,762 - SUAS - DEBUG - [SUAS_main.main:745] - Waiting for mode change to: AUTO
2025-06-22 18:58:00,264 - SUAS - DEBUG - [SUAS_main.main:745] - Waiting for mode change to: AUTO
2025-06-22 18:58:00,765 - SUAS - DEBUG - [SUAS_main.main:745] - Waiting for mode change to: AUTO
2025-06-22 18:58:01,266 - SUAS - DEBUG - [SUAS_main.main:745] - Waiting for mode change to: AUTO
2025-06-22 18:58:01,768 - SUAS - DEBUG - [SUAS_main.main:745] - Waiting for mode change to: AUTO
2025-06-22 18:58:02,269 - SUAS - DEBUG - [SUAS_main.main:745] - Waiting for mode change to: AUTO
2025-06-22 18:58:02,771 - SUAS - DEBUG - [SUAS_main.main:745] - Waiting for mode change to: AUTO
2025-06-22 18:58:03,272 - SUAS - DEBUG - [SUAS_main.main:745] - Waiting for mode change to: AUTO
2025-06-22 18:58:03,774 - SUAS - DEBUG - [SUAS_main.main:745] - Waiting for mode change to: AUTO
2025-06-22 18:58:04,275 - SUAS - DEBUG - [SUAS_main.main:745] - Waiting for mode change to: AUTO
2025-06-22 18:58:04,776 - SUAS - DEBUG - [SUAS_main.main:745] - Waiting for mode change to: AUTO
2025-06-22 18:58:05,278 - SUAS - DEBUG - [SUAS_main.main:745] - Waiting for mode change to: AUTO
2025-06-22 18:58:05,780 - SUAS - DEBUG - [SUAS_main.main:745] - Waiting for mode change to: AUTO
2025-06-22 18:58:06,281 - SUAS - DEBUG - [SUAS_main.main:745] - Waiting for mode change to: AUTO
2025-06-22 18:58:06,783 - SUAS - DEBUG - [SUAS_main.main:745] - Waiting for mode change to: AUTO
2025-06-22 18:58:07,285 - SUAS - DEBUG - [SUAS_main.main:745] - Waiting for mode change to: AUTO
2025-06-22 18:58:07,786 - SUAS - DEBUG - [SUAS_main.main:745] - Waiting for mode change to: AUTO
2025-06-22 18:58:08,288 - SUAS - DEBUG - [SUAS_main.main:745] - Waiting for mode change to: AUTO
2025-06-22 18:58:08,789 - SUAS - DEBUG - [SUAS_main.main:745] - Waiting for mode change to: AUTO
2025-06-22 18:58:09,291 - SUAS - DEBUG - [SUAS_main.main:745] - Waiting for mode change to: AUTO
2025-06-22 18:58:09,792 - SUAS - DEBUG - [SUAS_main.main:745] - Waiting for mode change to: AUTO
2025-06-22 18:58:10,294 - SUAS - DEBUG - [SUAS_main.main:745] - Waiting for mode change to: AUTO
2025-06-22 18:58:10,795 - SUAS - DEBUG - [SUAS_main.main:745] - Waiting for mode change to: AUTO
2025-06-22 18:58:11,297 - SUAS - DEBUG - [SUAS_main.main:745] - Waiting for mode change to: AUTO
2025-06-22 18:58:11,798 - SUAS - DEBUG - [SUAS_main.main:745] - Waiting for mode change to: AUTO
2025-06-22 18:58:12,300 - SUAS - DEBUG - [SUAS_main.main:745] - Waiting for mode change to: AUTO
2025-06-22 18:58:12,801 - SUAS - DEBUG - [SUAS_main.main:745] - Waiting for mode change to: AUTO
2025-06-22 18:58:13,303 - SUAS - DEBUG - [SUAS_main.main:745] - Waiting for mode change to: AUTO
2025-06-22 18:58:13,804 - SUAS - DEBUG - [SUAS_main.main:745] - Waiting for mode change to: AUTO
2025-06-22 18:58:14,306 - SUAS - DEBUG - [SUAS_main.main:745] - Waiting for mode change to: AUTO
2025-06-22 18:58:14,807 - SUAS - DEBUG - [SUAS_main.main:745] - Waiting for mode change to: AUTO
2025-06-22 18:58:15,308 - SUAS - DEBUG - [SUAS_main.main:745] - Waiting for mode change to: AUTO
2025-06-22 18:58:15,810 - SUAS - DEBUG - [SUAS_main.main:745] - Waiting for mode change to: AUTO
2025-06-22 18:58:16,311 - SUAS - DEBUG - [SUAS_main.main:745] - Waiting for mode change to: AUTO
2025-06-22 18:58:16,812 - SUAS - DEBUG - [SUAS_main.main:745] - Waiting for mode change to: AUTO
2025-06-22 18:58:17,314 - SUAS - DEBUG - [SUAS_main.main:745] - Waiting for mode change to: AUTO
2025-06-22 18:58:17,816 - SUAS - DEBUG - [SUAS_main.main:745] - Waiting for mode change to: AUTO
2025-06-22 18:58:18,318 - SUAS - DEBUG - [SUAS_main.main:745] - Waiting for mode change to: AUTO
2025-06-22 18:58:18,819 - SUAS - DEBUG - [SUAS_main.main:745] - Waiting for mode change to: AUTO
2025-06-22 18:58:19,321 - SUAS - DEBUG - [SUAS_main.main:745] - Waiting for mode change to: AUTO
2025-06-22 18:58:19,822 - SUAS - DEBUG - [SUAS_main.main:745] - Waiting for mode change to: AUTO
2025-06-22 18:58:20,324 - SUAS - DEBUG - [SUAS_main.main:745] - Waiting for mode change to: AUTO
2025-06-22 18:58:20,825 - SUAS - DEBUG - [SUAS_main.main:745] - Waiting for mode change to: AUTO
2025-06-22 18:58:21,327 - SUAS - DEBUG - [SUAS_main.main:745] - Waiting for mode change to: AUTO
2025-06-22 18:58:21,828 - SUAS - DEBUG - [SUAS_main.main:745] - Waiting for mode change to: AUTO
2025-06-22 18:58:22,330 - SUAS - DEBUG - [SUAS_main.main:745] - Waiting for mode change to: AUTO
2025-06-22 18:58:22,831 - SUAS - DEBUG - [SUAS_main.main:745] - Waiting for mode change to: AUTO
2025-06-22 18:58:23,332 - SUAS - DEBUG - [SUAS_main.main:745] - Waiting for mode change to: AUTO
2025-06-22 18:58:23,834 - SUAS - DEBUG - [SUAS_main.main:745] - Waiting for mode change to: AUTO
2025-06-22 18:58:24,336 - SUAS - DEBUG - [SUAS_main.main:745] - Waiting for mode change to: AUTO
2025-06-22 18:58:24,837 - SUAS - DEBUG - [SUAS_main.main:745] - Waiting for mode change to: AUTO
2025-06-22 18:58:25,338 - SUAS - DEBUG - [SUAS_main.main:745] - Waiting for mode change to: AUTO
2025-06-22 18:58:25,840 - SUAS - DEBUG - [SUAS_main.main:745] - Waiting for mode change to: AUTO
2025-06-22 18:58:26,341 - SUAS - DEBUG - [SUAS_main.main:745] - Waiting for mode change to: AUTO
2025-06-22 18:58:26,843 - SUAS - DEBUG - [SUAS_main.main:745] - Waiting for mode change to: AUTO
2025-06-22 18:58:27,344 - SUAS - DEBUG - [SUAS_main.main:745] - Waiting for mode change to: AUTO
2025-06-22 18:58:27,846 - SUAS - DEBUG - [SUAS_main.main:745] - Waiting for mode change to: AUTO
2025-06-22 18:58:28,347 - SUAS - DEBUG - [SUAS_main.main:745] - Waiting for mode change to: AUTO
2025-06-22 18:58:28,849 - SUAS - DEBUG - [SUAS_main.main:745] - Waiting for mode change to: AUTO
2025-06-22 18:58:29,350 - SUAS - DEBUG - [SUAS_main.main:745] - Waiting for mode change to: AUTO
2025-06-22 18:58:29,852 - SUAS - DEBUG - [SUAS_main.main:745] - Waiting for mode change to: AUTO
2025-06-22 18:58:30,353 - SUAS - DEBUG - [SUAS_main.main:745] - Waiting for mode change to: AUTO
2025-06-22 18:58:30,855 - SUAS - DEBUG - [SUAS_main.main:745] - Waiting for mode change to: AUTO
2025-06-22 18:58:31,356 - SUAS - DEBUG - [SUAS_main.main:745] - Waiting for mode change to: AUTO
2025-06-22 18:58:31,858 - SUAS - DEBUG - [SUAS_main.main:745] - Waiting for mode change to: AUTO
2025-06-22 18:58:32,359 - SUAS - DEBUG - [SUAS_main.main:745] - Waiting for mode change to: AUTO
2025-06-22 18:58:32,860 - SUAS - DEBUG - [SUAS_main.main:745] - Waiting for mode change to: AUTO
2025-06-22 18:58:33,362 - SUAS - DEBUG - [SUAS_main.main:745] - Waiting for mode change to: AUTO
2025-06-22 18:58:33,863 - SUAS - DEBUG - [SUAS_main.main:745] - Waiting for mode change to: AUTO
2025-06-22 18:58:34,364 - SUAS - DEBUG - [SUAS_main.main:745] - Waiting for mode change to: AUTO
2025-06-22 18:58:34,866 - SUAS - DEBUG - [SUAS_main.main:745] - Waiting for mode change to: AUTO
2025-06-22 18:58:35,367 - SUAS - DEBUG - [SUAS_main.main:745] - Waiting for mode change to: AUTO
2025-06-22 18:58:35,869 - SUAS - DEBUG - [SUAS_main.main:745] - Waiting for mode change to: AUTO
2025-06-22 18:58:36,371 - SUAS - DEBUG - [SUAS_main.main:745] - Waiting for mode change to: AUTO
2025-06-22 18:58:36,872 - SUAS - DEBUG - [SUAS_main.main:745] - Waiting for mode change to: AUTO
2025-06-22 18:58:37,374 - SUAS - DEBUG - [SUAS_main.main:745] - Waiting for mode change to: AUTO
2025-06-22 18:58:37,875 - SUAS - DEBUG - [SUAS_main.main:745] - Waiting for mode change to: AUTO
2025-06-22 18:58:38,376 - SUAS - DEBUG - [SUAS_main.main:745] - Waiting for mode change to: AUTO
2025-06-22 18:58:38,878 - SUAS - DEBUG - [SUAS_main.main:745] - Waiting for mode change to: AUTO
2025-06-22 18:58:39,379 - SUAS - DEBUG - [SUAS_main.main:745] - Waiting for mode change to: AUTO
2025-06-22 18:58:39,880 - SUAS - DEBUG - [SUAS_main.main:745] - Waiting for mode change to: AUTO
2025-06-22 18:58:40,382 - SUAS - DEBUG - [SUAS_main.main:745] - Waiting for mode change to: AUTO
2025-06-22 18:58:40,883 - SUAS - DEBUG - [SUAS_main.main:745] - Waiting for mode change to: AUTO
2025-06-22 18:58:41,385 - SUAS - DEBUG - [SUAS_main.main:745] - Waiting for mode change to: AUTO
2025-06-22 18:58:41,886 - SUAS - DEBUG - [SUAS_main.main:745] - Waiting for mode change to: AUTO
2025-06-22 18:58:42,388 - SUAS - DEBUG - [SUAS_main.main:745] - Waiting for mode change to: AUTO
2025-06-22 18:58:42,890 - SUAS - DEBUG - [SUAS_main.main:745] - Waiting for mode change to: AUTO
2025-06-22 18:58:43,391 - SUAS - DEBUG - [SUAS_main.main:745] - Waiting for mode change to: AUTO
2025-06-22 18:58:43,892 - SUAS - DEBUG - [SUAS_main.main:745] - Waiting for mode change to: AUTO
2025-06-22 18:58:44,394 - SUAS - DEBUG - [SUAS_main.main:745] - Waiting for mode change to: AUTO
2025-06-22 18:58:44,895 - SUAS - DEBUG - [SUAS_main.main:745] - Waiting for mode change to: AUTO
2025-06-22 18:58:45,397 - SUAS - DEBUG - [SUAS_main.main:745] - Waiting for mode change to: AUTO
2025-06-22 18:58:45,898 - SUAS - DEBUG - [SUAS_main.main:745] - Waiting for mode change to: AUTO
2025-06-22 18:58:46,400 - SUAS - DEBUG - [SUAS_main.main:745] - Waiting for mode change to: AUTO
2025-06-22 18:58:46,901 - SUAS - DEBUG - [SUAS_main.main:745] - Waiting for mode change to: AUTO
2025-06-22 18:58:47,403 - SUAS - DEBUG - [SUAS_main.main:745] - Waiting for mode change to: AUTO
2025-06-22 18:58:47,904 - SUAS - DEBUG - [SUAS_main.main:745] - Waiting for mode change to: AUTO
2025-06-22 18:58:48,406 - SUAS - DEBUG - [SUAS_main.main:745] - Waiting for mode change to: AUTO
2025-06-22 18:58:48,907 - SUAS - DEBUG - [SUAS_main.main:745] - Waiting for mode change to: AUTO
2025-06-22 18:58:49,408 - SUAS - DEBUG - [SUAS_main.main:745] - Waiting for mode change to: AUTO
2025-06-22 18:58:49,910 - SUAS - DEBUG - [SUAS_main.main:745] - Waiting for mode change to: AUTO
2025-06-22 18:58:50,411 - SUAS - DEBUG - [SUAS_main.main:745] - Waiting for mode change to: AUTO
2025-06-22 18:58:50,913 - SUAS - DEBUG - [SUAS_main.main:745] - Waiting for mode change to: AUTO
2025-06-22 18:58:51,414 - SUAS - DEBUG - [SUAS_main.main:745] - Waiting for mode change to: AUTO
2025-06-22 18:58:51,916 - SUAS - DEBUG - [SUAS_main.main:745] - Waiting for mode change to: AUTO
2025-06-22 18:58:52,417 - SUAS - DEBUG - [SUAS_main.main:745] - Waiting for mode change to: AUTO
2025-06-22 18:58:52,919 - SUAS - DEBUG - [SUAS_main.main:745] - Waiting for mode change to: AUTO
2025-06-22 18:58:53,420 - SUAS - DEBUG - [SUAS_main.main:745] - Waiting for mode change to: AUTO
2025-06-22 18:58:53,922 - SUAS - DEBUG - [SUAS_main.main:745] - Waiting for mode change to: AUTO
2025-06-22 18:58:54,423 - SUAS - DEBUG - [SUAS_main.main:745] - Waiting for mode change to: AUTO
2025-06-22 18:58:54,925 - SUAS - DEBUG - [SUAS_main.main:745] - Waiting for mode change to: AUTO
2025-06-22 18:58:55,426 - SUAS - DEBUG - [SUAS_main.main:745] - Waiting for mode change to: AUTO
2025-06-22 18:58:55,927 - SUAS - DEBUG - [SUAS_main.main:745] - Waiting for mode change to: AUTO
2025-06-22 18:58:56,429 - SUAS - DEBUG - [SUAS_main.main:745] - Waiting for mode change to: AUTO
2025-06-22 18:58:56,930 - SUAS - DEBUG - [SUAS_main.main:745] - Waiting for mode change to: AUTO
2025-06-22 18:58:57,432 - SUAS - DEBUG - [SUAS_main.main:745] - Waiting for mode change to: AUTO
2025-06-22 18:58:57,933 - SUAS - DEBUG - [SUAS_main.main:745] - Waiting for mode change to: AUTO
2025-06-22 18:58:58,435 - SUAS - DEBUG - [SUAS_main.main:745] - Waiting for mode change to: AUTO
2025-06-22 18:58:58,936 - SUAS - DEBUG - [SUAS_main.main:745] - Waiting for mode change to: AUTO
2025-06-22 18:58:59,438 - SUAS - DEBUG - [SUAS_main.main:745] - Waiting for mode change to: AUTO
2025-06-22 18:58:59,939 - SUAS - DEBUG - [SUAS_main.main:745] - Waiting for mode change to: AUTO
2025-06-22 18:59:00,441 - SUAS - DEBUG - [SUAS_main.main:745] - Waiting for mode change to: AUTO
2025-06-22 18:59:00,943 - SUAS - DEBUG - [SUAS_main.main:745] - Waiting for mode change to: AUTO
2025-06-22 18:59:01,444 - SUAS - DEBUG - [SUAS_main.main:745] - Waiting for mode change to: AUTO
2025-06-22 18:59:01,946 - SUAS - DEBUG - [SUAS_main.main:745] - Waiting for mode change to: AUTO
2025-06-22 18:59:02,447 - SUAS - DEBUG - [SUAS_main.main:745] - Waiting for mode change to: AUTO
2025-06-22 18:59:02,948 - SUAS - DEBUG - [SUAS_main.main:745] - Waiting for mode change to: AUTO
2025-06-22 18:59:03,450 - SUAS - DEBUG - [SUAS_main.main:745] - Waiting for mode change to: AUTO
2025-06-22 18:59:03,951 - SUAS - DEBUG - [SUAS_main.main:745] - Waiting for mode change to: AUTO
2025-06-22 18:59:04,452 - SUAS - DEBUG - [SUAS_main.main:745] - Waiting for mode change to: AUTO
2025-06-22 18:59:04,954 - SUAS - DEBUG - [SUAS_main.main:745] - Waiting for mode change to: AUTO
2025-06-22 18:59:05,455 - SUAS - DEBUG - [SUAS_main.main:745] - Waiting for mode change to: AUTO
2025-06-22 18:59:05,957 - SUAS - DEBUG - [SUAS_main.main:745] - Waiting for mode change to: AUTO
2025-06-22 18:59:06,458 - SUAS - DEBUG - [SUAS_main.main:745] - Waiting for mode change to: AUTO
2025-06-22 18:59:06,960 - SUAS - DEBUG - [SUAS_main.main:745] - Waiting for mode change to: AUTO
2025-06-22 18:59:07,461 - SUAS - DEBUG - [SUAS_main.main:745] - Waiting for mode change to: AUTO
2025-06-22 18:59:07,963 - SUAS - DEBUG - [SUAS_main.main:745] - Waiting for mode change to: AUTO
2025-06-22 18:59:08,464 - SUAS - DEBUG - [SUAS_main.main:745] - Waiting for mode change to: AUTO
2025-06-22 18:59:08,966 - SUAS - DEBUG - [SUAS_main.main:745] - Waiting for mode change to: AUTO
2025-06-22 18:59:09,467 - SUAS - DEBUG - [SUAS_main.main:745] - Waiting for mode change to: AUTO
2025-06-22 18:59:09,968 - SUAS - DEBUG - [SUAS_main.main:745] - Waiting for mode change to: AUTO
2025-06-22 18:59:10,470 - SUAS - DEBUG - [SUAS_main.main:745] - Waiting for mode change to: AUTO
2025-06-22 18:59:10,971 - SUAS - DEBUG - [SUAS_main.main:745] - Waiting for mode change to: AUTO
2025-06-22 18:59:11,472 - SUAS - DEBUG - [SUAS_main.main:745] - Waiting for mode change to: AUTO
2025-06-22 18:59:11,974 - SUAS - DEBUG - [SUAS_main.main:745] - Waiting for mode change to: AUTO
2025-06-22 18:59:12,476 - SUAS - DEBUG - [SUAS_main.main:745] - Waiting for mode change to: AUTO
2025-06-22 18:59:12,977 - SUAS - DEBUG - [SUAS_main.main:745] - Waiting for mode change to: AUTO
2025-06-22 18:59:13,479 - SUAS - DEBUG - [SUAS_main.main:745] - Waiting for mode change to: AUTO
2025-06-22 18:59:13,980 - SUAS - DEBUG - [SUAS_main.main:745] - Waiting for mode change to: AUTO
2025-06-22 18:59:14,481 - SUAS - DEBUG - [SUAS_main.main:745] - Waiting for mode change to: AUTO
2025-06-22 18:59:14,983 - SUAS - DEBUG - [SUAS_main.main:745] - Waiting for mode change to: AUTO
2025-06-22 18:59:15,484 - SUAS - DEBUG - [SUAS_main.main:745] - Waiting for mode change to: AUTO
2025-06-22 18:59:15,986 - SUAS - DEBUG - [SUAS_main.main:745] - Waiting for mode change to: AUTO
2025-06-22 18:59:16,487 - SUAS - DEBUG - [SUAS_main.main:745] - Waiting for mode change to: AUTO
2025-06-22 18:59:16,988 - SUAS - DEBUG - [SUAS_main.main:745] - Waiting for mode change to: AUTO
2025-06-22 18:59:17,490 - SUAS - DEBUG - [SUAS_main.main:745] - Waiting for mode change to: AUTO
2025-06-22 18:59:17,992 - SUAS - DEBUG - [SUAS_main.main:745] - Waiting for mode change to: AUTO
2025-06-22 18:59:18,493 - SUAS - DEBUG - [SUAS_main.main:745] - Waiting for mode change to: AUTO
2025-06-22 18:59:18,995 - SUAS - DEBUG - [SUAS_main.main:745] - Waiting for mode change to: AUTO
2025-06-22 18:59:19,496 - SUAS - DEBUG - [SUAS_main.main:745] - Waiting for mode change to: AUTO
2025-06-22 18:59:19,997 - SUAS - DEBUG - [SUAS_main.main:745] - Waiting for mode change to: AUTO
2025-06-22 18:59:20,499 - SUAS - DEBUG - [SUAS_main.main:745] - Waiting for mode change to: AUTO
2025-06-22 18:59:21,000 - SUAS - DEBUG - [SUAS_main.main:745] - Waiting for mode change to: AUTO
2025-06-22 18:59:21,502 - SUAS - DEBUG - [SUAS_main.main:745] - Waiting for mode change to: AUTO
2025-06-22 18:59:22,003 - SUAS - DEBUG - [SUAS_main.main:745] - Waiting for mode change to: AUTO
2025-06-22 18:59:22,504 - SUAS - DEBUG - [SUAS_main.main:745] - Waiting for mode change to: AUTO
2025-06-22 18:59:23,006 - SUAS - DEBUG - [SUAS_main.main:745] - Waiting for mode change to: AUTO
2025-06-22 18:59:23,507 - SUAS - DEBUG - [SUAS_main.main:745] - Waiting for mode change to: AUTO
2025-06-22 18:59:24,008 - SUAS - DEBUG - [SUAS_main.main:745] - Waiting for mode change to: AUTO
2025-06-22 18:59:24,510 - SUAS - DEBUG - [SUAS_main.main:745] - Waiting for mode change to: AUTO
2025-06-22 18:59:25,011 - SUAS - DEBUG - [SUAS_main.main:745] - Waiting for mode change to: AUTO
2025-06-22 18:59:25,513 - SUAS - DEBUG - [SUAS_main.main:745] - Waiting for mode change to: AUTO
2025-06-22 18:59:26,014 - SUAS - DEBUG - [SUAS_main.main:745] - Waiting for mode change to: AUTO
2025-06-22 18:59:26,516 - SUAS - DEBUG - [SUAS_main.main:745] - Waiting for mode change to: AUTO
2025-06-22 18:59:27,017 - SUAS - DEBUG - [SUAS_main.main:745] - Waiting for mode change to: AUTO
2025-06-22 18:59:27,519 - SUAS - DEBUG - [SUAS_main.main:745] - Waiting for mode change to: AUTO
2025-06-22 18:59:28,020 - SUAS - DEBUG - [SUAS_main.main:745] - Waiting for mode change to: AUTO
2025-06-22 18:59:28,522 - SUAS - DEBUG - [SUAS_main.main:745] - Waiting for mode change to: AUTO
2025-06-22 18:59:29,023 - SUAS - DEBUG - [SUAS_main.main:745] - Waiting for mode change to: AUTO
2025-06-22 18:59:29,524 - SUAS - DEBUG - [SUAS_main.main:745] - Waiting for mode change to: AUTO
2025-06-22 18:59:30,026 - SUAS - DEBUG - [SUAS_main.main:745] - Waiting for mode change to: AUTO
2025-06-22 18:59:30,527 - SUAS - DEBUG - [SUAS_main.main:745] - Waiting for mode change to: AUTO
2025-06-22 18:59:31,029 - SUAS - DEBUG - [SUAS_main.main:745] - Waiting for mode change to: AUTO
2025-06-22 18:59:31,531 - SUAS - DEBUG - [SUAS_main.main:745] - Waiting for mode change to: AUTO
2025-06-22 18:59:32,032 - SUAS - DEBUG - [SUAS_main.main:745] - Waiting for mode change to: AUTO
2025-06-22 18:59:32,534 - SUAS - DEBUG - [SUAS_main.main:745] - Waiting for mode change to: AUTO
2025-06-22 18:59:33,035 - SUAS - DEBUG - [SUAS_main.main:745] - Waiting for mode change to: AUTO
2025-06-22 18:59:33,536 - SUAS - DEBUG - [SUAS_main.main:745] - Waiting for mode change to: AUTO
2025-06-22 18:59:34,038 - SUAS - DEBUG - [SUAS_main.main:745] - Waiting for mode change to: AUTO
2025-06-22 18:59:34,539 - SUAS - DEBUG - [SUAS_main.main:745] - Waiting for mode change to: AUTO
2025-06-22 18:59:35,040 - SUAS - DEBUG - [SUAS_main.main:745] - Waiting for mode change to: AUTO
2025-06-22 18:59:35,542 - SUAS - DEBUG - [SUAS_main.main:745] - Waiting for mode change to: AUTO
2025-06-22 18:59:36,043 - SUAS - DEBUG - [SUAS_main.main:745] - Waiting for mode change to: AUTO
2025-06-22 18:59:36,545 - SUAS - DEBUG - [SUAS_main.main:745] - Waiting for mode change to: AUTO
2025-06-22 18:59:37,046 - SUAS - DEBUG - [SUAS_main.main:745] - Waiting for mode change to: AUTO
2025-06-22 18:59:37,548 - SUAS - DEBUG - [SUAS_main.main:745] - Waiting for mode change to: AUTO
2025-06-22 18:59:38,049 - SUAS - DEBUG - [SUAS_main.main:745] - Waiting for mode change to: AUTO
2025-06-22 18:59:38,551 - SUAS - DEBUG - [SUAS_main.main:745] - Waiting for mode change to: AUTO
2025-06-22 18:59:39,052 - SUAS - DEBUG - [SUAS_main.main:745] - Waiting for mode change to: AUTO
2025-06-22 18:59:39,554 - SUAS - DEBUG - [SUAS_main.main:745] - Waiting for mode change to: AUTO
2025-06-22 18:59:40,055 - SUAS - DEBUG - [SUAS_main.main:745] - Waiting for mode change to: AUTO
2025-06-22 18:59:40,557 - SUAS - DEBUG - [SUAS_main.main:745] - Waiting for mode change to: AUTO
2025-06-22 18:59:41,058 - SUAS - DEBUG - [SUAS_main.main:745] - Waiting for mode change to: AUTO
2025-06-22 18:59:41,560 - SUAS - DEBUG - [SUAS_main.main:745] - Waiting for mode change to: AUTO
2025-06-22 18:59:42,061 - SUAS - DEBUG - [SUAS_main.main:745] - Waiting for mode change to: AUTO
2025-06-22 18:59:42,563 - SUAS - DEBUG - [SUAS_main.main:745] - Waiting for mode change to: AUTO
2025-06-22 18:59:43,065 - SUAS - DEBUG - [SUAS_main.main:745] - Waiting for mode change to: AUTO
2025-06-22 18:59:43,566 - SUAS - DEBUG - [SUAS_main.main:745] - Waiting for mode change to: AUTO
2025-06-22 18:59:44,068 - SUAS - DEBUG - [SUAS_main.main:745] - Waiting for mode change to: AUTO
2025-06-22 18:59:44,569 - SUAS - DEBUG - [SUAS_main.main:745] - Waiting for mode change to: AUTO
2025-06-22 18:59:45,070 - SUAS - DEBUG - [SUAS_main.main:745] - Waiting for mode change to: AUTO
2025-06-22 18:59:45,572 - SUAS - DEBUG - [SUAS_main.main:745] - Waiting for mode change to: AUTO
2025-06-22 18:59:46,073 - SUAS - DEBUG - [SUAS_main.main:745] - Waiting for mode change to: AUTO
2025-06-22 18:59:46,575 - SUAS - DEBUG - [SUAS_main.main:745] - Waiting for mode change to: AUTO
2025-06-22 18:59:47,076 - SUAS - DEBUG - [SUAS_main.main:745] - Waiting for mode change to: AUTO
2025-06-22 18:59:47,578 - SUAS - DEBUG - [SUAS_main.main:745] - Waiting for mode change to: AUTO
2025-06-22 18:59:48,079 - SUAS - DEBUG - [SUAS_main.main:745] - Waiting for mode change to: AUTO
2025-06-22 18:59:48,581 - SUAS - DEBUG - [SUAS_main.main:745] - Waiting for mode change to: AUTO
2025-06-22 18:59:49,083 - SUAS - DEBUG - [SUAS_main.main:745] - Waiting for mode change to: AUTO
2025-06-22 18:59:49,584 - SUAS - DEBUG - [SUAS_main.main:745] - Waiting for mode change to: AUTO
2025-06-22 18:59:50,086 - SUAS - DEBUG - [SUAS_main.main:745] - Waiting for mode change to: AUTO
2025-06-22 18:59:50,587 - SUAS - DEBUG - [SUAS_main.main:745] - Waiting for mode change to: AUTO
2025-06-22 18:59:51,088 - SUAS - DEBUG - [SUAS_main.main:745] - Waiting for mode change to: AUTO
2025-06-22 18:59:51,589 - SUAS - DEBUG - [SUAS_main.main:745] - Waiting for mode change to: AUTO
2025-06-22 18:59:52,091 - SUAS - DEBUG - [SUAS_main.main:745] - Waiting for mode change to: AUTO
2025-06-22 18:59:52,592 - SUAS - DEBUG - [SUAS_main.main:745] - Waiting for mode change to: AUTO
2025-06-22 18:59:53,094 - SUAS - DEBUG - [SUAS_main.main:745] - Waiting for mode change to: AUTO
2025-06-22 18:59:53,596 - SUAS - DEBUG - [SUAS_main.main:745] - Waiting for mode change to: AUTO
2025-06-22 18:59:54,098 - SUAS - DEBUG - [SUAS_main.main:745] - Waiting for mode change to: AUTO
2025-06-22 18:59:54,599 - SUAS - DEBUG - [SUAS_main.main:745] - Waiting for mode change to: AUTO
2025-06-22 18:59:55,101 - SUAS - DEBUG - [SUAS_main.main:745] - Waiting for mode change to: AUTO
2025-06-22 18:59:55,602 - SUAS - DEBUG - [SUAS_main.main:745] - Waiting for mode change to: AUTO
2025-06-22 18:59:56,104 - SUAS - DEBUG - [SUAS_main.main:745] - Waiting for mode change to: AUTO
2025-06-22 18:59:56,605 - SUAS - DEBUG - [SUAS_main.main:745] - Waiting for mode change to: AUTO
2025-06-22 18:59:57,107 - SUAS - DEBUG - [SUAS_main.main:745] - Waiting for mode change to: AUTO
2025-06-22 18:59:57,608 - SUAS - DEBUG - [SUAS_main.main:745] - Waiting for mode change to: AUTO
2025-06-22 18:59:58,110 - SUAS - DEBUG - [SUAS_main.main:745] - Waiting for mode change to: AUTO
2025-06-22 18:59:58,611 - SUAS - DEBUG - [SUAS_main.main:745] - Waiting for mode change to: AUTO
2025-06-22 18:59:59,112 - SUAS - DEBUG - [SUAS_main.main:745] - Waiting for mode change to: AUTO
2025-06-22 18:59:59,614 - SUAS - DEBUG - [SUAS_main.main:745] - Waiting for mode change to: AUTO
2025-06-22 19:00:00,116 - SUAS - DEBUG - [SUAS_main.main:745] - Waiting for mode change to: AUTO
2025-06-22 19:00:00,617 - SUAS - DEBUG - [SUAS_main.main:745] - Waiting for mode change to: AUTO
2025-06-22 19:00:01,119 - SUAS - DEBUG - [SUAS_main.main:745] - Waiting for mode change to: AUTO
2025-06-22 19:00:01,620 - SUAS - DEBUG - [SUAS_main.main:745] - Waiting for mode change to: AUTO
2025-06-22 19:00:02,122 - SUAS - DEBUG - [SUAS_main.main:745] - Waiting for mode change to: AUTO
2025-06-22 19:00:02,623 - SUAS - DEBUG - [SUAS_main.main:745] - Waiting for mode change to: AUTO
2025-06-22 19:00:03,124 - SUAS - DEBUG - [SUAS_main.main:745] - Waiting for mode change to: AUTO
2025-06-22 19:00:03,626 - SUAS - DEBUG - [SUAS_main.main:745] - Waiting for mode change to: AUTO
2025-06-22 19:00:04,127 - SUAS - DEBUG - [SUAS_main.main:745] - Waiting for mode change to: AUTO
2025-06-22 19:00:04,628 - SUAS - DEBUG - [SUAS_main.main:745] - Waiting for mode change to: AUTO
2025-06-22 19:00:05,130 - SUAS - DEBUG - [SUAS_main.main:745] - Waiting for mode change to: AUTO
2025-06-22 19:00:05,631 - SUAS - DEBUG - [SUAS_main.main:745] - Waiting for mode change to: AUTO
2025-06-22 19:00:06,133 - SUAS - DEBUG - [SUAS_main.main:745] - Waiting for mode change to: AUTO
2025-06-22 19:00:06,635 - SUAS - DEBUG - [SUAS_main.main:745] - Waiting for mode change to: AUTO
2025-06-22 19:00:07,137 - SUAS - DEBUG - [SUAS_main.main:745] - Waiting for mode change to: AUTO
2025-06-22 19:00:07,639 - SUAS - DEBUG - [SUAS_main.main:745] - Waiting for mode change to: AUTO
2025-06-22 19:00:08,140 - SUAS - DEBUG - [SUAS_main.main:745] - Waiting for mode change to: AUTO
2025-06-22 19:00:08,642 - SUAS - DEBUG - [SUAS_main.main:745] - Waiting for mode change to: AUTO
2025-06-22 19:00:09,143 - SUAS - DEBUG - [SUAS_main.main:745] - Waiting for mode change to: AUTO
2025-06-22 19:00:09,644 - SUAS - DEBUG - [SUAS_main.main:745] - Waiting for mode change to: AUTO
2025-06-22 19:00:10,146 - SUAS - DEBUG - [SUAS_main.main:745] - Waiting for mode change to: AUTO
2025-06-22 19:00:10,647 - SUAS - DEBUG - [SUAS_main.main:745] - Waiting for mode change to: AUTO
2025-06-22 19:00:11,148 - SUAS - DEBUG - [SUAS_main.main:745] - Waiting for mode change to: AUTO
2025-06-22 19:00:11,650 - SUAS - DEBUG - [SUAS_main.main:745] - Waiting for mode change to: AUTO
2025-06-22 19:00:12,152 - SUAS - DEBUG - [SUAS_main.main:745] - Waiting for mode change to: AUTO
2025-06-22 19:00:12,653 - SUAS - DEBUG - [SUAS_main.main:745] - Waiting for mode change to: AUTO
2025-06-22 19:00:13,155 - SUAS - DEBUG - [SUAS_main.main:745] - Waiting for mode change to: AUTO
2025-06-22 19:00:13,656 - SUAS - DEBUG - [SUAS_main.main:745] - Waiting for mode change to: AUTO
2025-06-22 19:00:14,158 - SUAS - DEBUG - [SUAS_main.main:745] - Waiting for mode change to: AUTO
2025-06-22 19:00:14,659 - SUAS - DEBUG - [SUAS_main.main:745] - Waiting for mode change to: AUTO
2025-06-22 19:00:15,160 - SUAS - DEBUG - [SUAS_main.main:745] - Waiting for mode change to: AUTO
2025-06-22 19:00:15,662 - SUAS - DEBUG - [SUAS_main.main:745] - Waiting for mode change to: AUTO
2025-06-22 19:00:16,163 - SUAS - DEBUG - [SUAS_main.main:745] - Waiting for mode change to: AUTO
2025-06-22 19:00:16,664 - SUAS - DEBUG - [SUAS_main.main:745] - Waiting for mode change to: AUTO
2025-06-22 19:00:17,166 - SUAS - DEBUG - [SUAS_main.main:745] - Waiting for mode change to: AUTO
2025-06-22 19:00:17,667 - SUAS - DEBUG - [SUAS_main.main:745] - Waiting for mode change to: AUTO
2025-06-22 19:00:18,169 - SUAS - DEBUG - [SUAS_main.main:745] - Waiting for mode change to: AUTO
2025-06-22 19:00:18,670 - SUAS - DEBUG - [SUAS_main.main:745] - Waiting for mode change to: AUTO
2025-06-22 19:00:19,172 - SUAS - DEBUG - [SUAS_main.main:745] - Waiting for mode change to: AUTO
2025-06-22 19:00:19,673 - SUAS - DEBUG - [SUAS_main.main:745] - Waiting for mode change to: AUTO
2025-06-22 19:00:20,175 - SUAS - DEBUG - [SUAS_main.main:745] - Waiting for mode change to: AUTO
2025-06-22 19:00:20,676 - SUAS - DEBUG - [SUAS_main.main:745] - Waiting for mode change to: AUTO
2025-06-22 19:00:21,178 - SUAS - DEBUG - [SUAS_main.main:745] - Waiting for mode change to: AUTO
2025-06-22 19:00:21,679 - SUAS - DEBUG - [SUAS_main.main:745] - Waiting for mode change to: AUTO
2025-06-22 19:00:22,180 - SUAS - DEBUG - [SUAS_main.main:745] - Waiting for mode change to: AUTO
2025-06-22 19:00:22,682 - SUAS - DEBUG - [SUAS_main.main:745] - Waiting for mode change to: AUTO
2025-06-22 19:00:23,183 - SUAS - DEBUG - [SUAS_main.main:745] - Waiting for mode change to: AUTO
2025-06-22 19:00:23,684 - SUAS - DEBUG - [SUAS_main.main:745] - Waiting for mode change to: AUTO
2025-06-22 19:00:24,186 - SUAS - DEBUG - [SUAS_main.main:745] - Waiting for mode change to: AUTO
2025-06-22 19:00:24,687 - SUAS - DEBUG - [SUAS_main.main:745] - Waiting for mode change to: AUTO
2025-06-22 19:00:25,188 - SUAS - DEBUG - [SUAS_main.main:745] - Waiting for mode change to: AUTO
2025-06-22 19:00:25,690 - SUAS - DEBUG - [SUAS_main.main:745] - Waiting for mode change to: AUTO
2025-06-22 19:00:26,191 - SUAS - DEBUG - [SUAS_main.main:745] - Waiting for mode change to: AUTO
2025-06-22 19:00:26,693 - SUAS - DEBUG - [SUAS_main.main:745] - Waiting for mode change to: AUTO
2025-06-22 19:00:27,194 - SUAS - DEBUG - [SUAS_main.main:745] - Waiting for mode change to: AUTO
2025-06-22 19:00:27,696 - SUAS - DEBUG - [SUAS_main.main:745] - Waiting for mode change to: AUTO
2025-06-22 19:00:28,197 - SUAS - DEBUG - [SUAS_main.main:745] - Waiting for mode change to: AUTO
2025-06-22 19:00:28,699 - SUAS - DEBUG - [SUAS_main.main:745] - Waiting for mode change to: AUTO
2025-06-22 19:00:29,200 - SUAS - DEBUG - [SUAS_main.main:745] - Waiting for mode change to: AUTO
2025-06-22 19:00:29,702 - SUAS - DEBUG - [SUAS_main.main:745] - Waiting for mode change to: AUTO
2025-06-22 19:00:30,203 - SUAS - DEBUG - [SUAS_main.main:745] - Waiting for mode change to: AUTO
2025-06-22 19:00:30,705 - SUAS - DEBUG - [SUAS_main.main:745] - Waiting for mode change to: AUTO
2025-06-22 19:00:31,207 - SUAS - DEBUG - [SUAS_main.main:745] - Waiting for mode change to: AUTO
2025-06-22 19:00:31,708 - SUAS - DEBUG - [SUAS_main.main:745] - Waiting for mode change to: AUTO
2025-06-22 19:00:32,210 - SUAS - DEBUG - [SUAS_main.main:745] - Waiting for mode change to: AUTO
2025-06-22 19:00:32,711 - SUAS - DEBUG - [SUAS_main.main:745] - Waiting for mode change to: AUTO
2025-06-22 19:00:33,212 - SUAS - DEBUG - [SUAS_main.main:745] - Waiting for mode change to: AUTO
2025-06-22 19:00:33,714 - SUAS - DEBUG - [SUAS_main.main:745] - Waiting for mode change to: AUTO
2025-06-22 19:00:34,215 - SUAS - DEBUG - [SUAS_main.main:745] - Waiting for mode change to: AUTO
2025-06-22 19:00:34,716 - SUAS - DEBUG - [SUAS_main.main:745] - Waiting for mode change to: AUTO
2025-06-22 19:00:35,218 - SUAS - DEBUG - [SUAS_main.main:745] - Waiting for mode change to: AUTO
2025-06-22 19:00:35,719 - SUAS - DEBUG - [SUAS_main.main:745] - Waiting for mode change to: AUTO
2025-06-22 19:00:36,220 - SUAS - DEBUG - [SUAS_main.main:745] - Waiting for mode change to: AUTO
2025-06-22 19:00:36,722 - SUAS - DEBUG - [SUAS_main.main:745] - Waiting for mode change to: AUTO
2025-06-22 19:00:37,224 - SUAS - DEBUG - [SUAS_main.main:745] - Waiting for mode change to: AUTO
2025-06-22 19:00:37,725 - SUAS - DEBUG - [SUAS_main.main:745] - Waiting for mode change to: AUTO
2025-06-22 19:00:38,227 - SUAS - DEBUG - [SUAS_main.main:745] - Waiting for mode change to: AUTO
2025-06-22 19:00:38,728 - SUAS - DEBUG - [SUAS_main.main:745] - Waiting for mode change to: AUTO
2025-06-22 19:00:39,230 - SUAS - DEBUG - [SUAS_main.main:745] - Waiting for mode change to: AUTO
2025-06-22 19:00:39,731 - SUAS - DEBUG - [SUAS_main.main:745] - Waiting for mode change to: AUTO
2025-06-22 19:00:40,232 - SUAS - DEBUG - [SUAS_main.main:745] - Waiting for mode change to: AUTO
2025-06-22 19:00:40,734 - SUAS - DEBUG - [SUAS_main.main:745] - Waiting for mode change to: AUTO
2025-06-22 19:00:41,235 - SUAS - DEBUG - [SUAS_main.main:745] - Waiting for mode change to: AUTO
2025-06-22 19:00:41,737 - SUAS - DEBUG - [SUAS_main.main:745] - Waiting for mode change to: AUTO
2025-06-22 19:00:42,272 - SUAS - DEBUG - [SUAS_main.main:745] - Waiting for mode change to: AUTO
2025-06-22 19:00:42,773 - SUAS - DEBUG - [SUAS_main.main:745] - Waiting for mode change to: AUTO
2025-06-22 19:00:43,275 - SUAS - DEBUG - [SUAS_main.main:745] - Waiting for mode change to: AUTO
2025-06-22 19:00:43,776 - SUAS - DEBUG - [SUAS_main.main:745] - Waiting for mode change to: AUTO
2025-06-22 19:00:44,278 - SUAS - DEBUG - [SUAS_main.main:745] - Waiting for mode change to: AUTO
2025-06-22 19:00:44,780 - SUAS - DEBUG - [SUAS_main.main:745] - Waiting for mode change to: AUTO
2025-06-22 19:00:45,281 - SUAS - DEBUG - [SUAS_main.main:745] - Waiting for mode change to: AUTO
2025-06-22 19:00:45,783 - SUAS - DEBUG - [SUAS_main.main:745] - Waiting for mode change to: AUTO
2025-06-22 19:00:46,284 - SUAS - DEBUG - [SUAS_main.main:745] - Waiting for mode change to: AUTO
2025-06-22 19:00:46,786 - SUAS - DEBUG - [SUAS_main.main:745] - Waiting for mode change to: AUTO
2025-06-22 19:00:47,287 - SUAS - DEBUG - [SUAS_main.main:745] - Waiting for mode change to: AUTO
2025-06-22 19:00:47,788 - SUAS - DEBUG - [SUAS_main.main:745] - Waiting for mode change to: AUTO
2025-06-22 19:00:48,289 - SUAS - DEBUG - [SUAS_main.main:745] - Waiting for mode change to: AUTO
2025-06-22 19:00:48,791 - SUAS - DEBUG - [SUAS_main.main:745] - Waiting for mode change to: AUTO
2025-06-22 19:00:49,292 - SUAS - DEBUG - [SUAS_main.main:745] - Waiting for mode change to: AUTO
2025-06-22 19:00:49,794 - SUAS - DEBUG - [SUAS_main.main:745] - Waiting for mode change to: AUTO
2025-06-22 19:00:50,295 - SUAS - DEBUG - [SUAS_main.main:745] - Waiting for mode change to: AUTO
2025-06-22 19:00:50,797 - SUAS - DEBUG - [SUAS_main.main:745] - Waiting for mode change to: AUTO
2025-06-22 19:00:51,299 - SUAS - DEBUG - [SUAS_main.main:745] - Waiting for mode change to: AUTO
2025-06-22 19:00:51,800 - SUAS - DEBUG - [SUAS_main.main:745] - Waiting for mode change to: AUTO
2025-06-22 19:00:52,302 - SUAS - DEBUG - [SUAS_main.main:745] - Waiting for mode change to: AUTO
2025-06-22 19:00:52,803 - SUAS - DEBUG - [SUAS_main.main:745] - Waiting for mode change to: AUTO
2025-06-22 19:00:53,305 - SUAS - DEBUG - [SUAS_main.main:745] - Waiting for mode change to: AUTO
2025-06-22 19:00:53,806 - SUAS - DEBUG - [SUAS_main.main:745] - Waiting for mode change to: AUTO
2025-06-22 19:00:54,308 - SUAS - DEBUG - [SUAS_main.main:745] - Waiting for mode change to: AUTO
2025-06-22 19:00:54,809 - SUAS - DEBUG - [SUAS_main.main:745] - Waiting for mode change to: AUTO
2025-06-22 19:00:55,311 - SUAS - DEBUG - [SUAS_main.main:745] - Waiting for mode change to: AUTO
2025-06-22 19:00:55,812 - SUAS - DEBUG - [SUAS_main.main:745] - Waiting for mode change to: AUTO
2025-06-22 19:00:56,314 - SUAS - DEBUG - [SUAS_main.main:745] - Waiting for mode change to: AUTO
2025-06-22 19:00:56,815 - SUAS - DEBUG - [SUAS_main.main:745] - Waiting for mode change to: AUTO
2025-06-22 19:00:57,317 - SUAS - DEBUG - [SUAS_main.main:745] - Waiting for mode change to: AUTO
2025-06-22 19:00:57,818 - SUAS - DEBUG - [SUAS_main.main:745] - Waiting for mode change to: AUTO
2025-06-22 19:00:58,320 - SUAS - DEBUG - [SUAS_main.main:745] - Waiting for mode change to: AUTO
2025-06-22 19:00:58,821 - SUAS - DEBUG - [SUAS_main.main:745] - Waiting for mode change to: AUTO
2025-06-22 19:00:59,323 - SUAS - DEBUG - [SUAS_main.main:745] - Waiting for mode change to: AUTO
2025-06-22 19:00:59,824 - SUAS - DEBUG - [SUAS_main.main:745] - Waiting for mode change to: AUTO
2025-06-22 19:01:00,326 - SUAS - DEBUG - [SUAS_main.main:745] - Waiting for mode change to: AUTO
2025-06-22 19:01:00,827 - SUAS - DEBUG - [SUAS_main.main:745] - Waiting for mode change to: AUTO
2025-06-22 19:01:01,328 - SUAS - DEBUG - [SUAS_main.main:745] - Waiting for mode change to: AUTO
2025-06-22 19:01:01,830 - SUAS - DEBUG - [SUAS_main.main:745] - Waiting for mode change to: AUTO
2025-06-22 19:01:02,332 - SUAS - DEBUG - [SUAS_main.main:745] - Waiting for mode change to: AUTO
2025-06-22 19:01:02,833 - SUAS - DEBUG - [SUAS_main.main:745] - Waiting for mode change to: AUTO
2025-06-22 19:01:03,335 - SUAS - DEBUG - [SUAS_main.main:745] - Waiting for mode change to: AUTO
2025-06-22 19:01:03,836 - SUAS - DEBUG - [SUAS_main.main:745] - Waiting for mode change to: AUTO
2025-06-22 19:01:04,338 - SUAS - DEBUG - [SUAS_main.main:745] - Waiting for mode change to: AUTO
2025-06-22 19:01:04,839 - SUAS - DEBUG - [SUAS_main.main:745] - Waiting for mode change to: AUTO
2025-06-22 19:01:05,340 - SUAS - DEBUG - [SUAS_main.main:745] - Waiting for mode change to: AUTO
2025-06-22 19:01:05,842 - SUAS - DEBUG - [SUAS_main.main:745] - Waiting for mode change to: AUTO
2025-06-22 19:01:06,343 - SUAS - DEBUG - [SUAS_main.main:745] - Waiting for mode change to: AUTO
2025-06-22 19:01:06,844 - SUAS - DEBUG - [SUAS_main.main:745] - Waiting for mode change to: AUTO
2025-06-22 19:01:07,346 - SUAS - DEBUG - [SUAS_main.main:745] - Waiting for mode change to: AUTO
2025-06-22 19:01:07,847 - SUAS - DEBUG - [SUAS_main.main:745] - Waiting for mode change to: AUTO
2025-06-22 19:01:08,348 - SUAS - DEBUG - [SUAS_main.main:745] - Waiting for mode change to: AUTO
2025-06-22 19:01:08,850 - SUAS - DEBUG - [SUAS_main.main:745] - Waiting for mode change to: AUTO
2025-06-22 19:01:09,352 - SUAS - DEBUG - [SUAS_main.main:745] - Waiting for mode change to: AUTO
2025-06-22 19:01:09,853 - SUAS - DEBUG - [SUAS_main.main:745] - Waiting for mode change to: AUTO
2025-06-22 19:01:10,355 - SUAS - DEBUG - [SUAS_main.main:745] - Waiting for mode change to: AUTO
2025-06-22 19:01:10,856 - SUAS - DEBUG - [SUAS_main.main:745] - Waiting for mode change to: AUTO
2025-06-22 19:01:11,358 - SUAS - DEBUG - [SUAS_main.main:745] - Waiting for mode change to: AUTO
2025-06-22 19:01:11,859 - SUAS - DEBUG - [SUAS_main.main:745] - Waiting for mode change to: AUTO
2025-06-22 19:01:12,360 - SUAS - DEBUG - [SUAS_main.main:745] - Waiting for mode change to: AUTO
2025-06-22 19:01:12,861 - SUAS - DEBUG - [SUAS_main.main:745] - Waiting for mode change to: AUTO
2025-06-22 19:01:13,363 - SUAS - DEBUG - [SUAS_main.main:745] - Waiting for mode change to: AUTO
2025-06-22 19:01:13,864 - SUAS - DEBUG - [SUAS_main.main:745] - Waiting for mode change to: AUTO
2025-06-22 19:01:14,366 - SUAS - DEBUG - [SUAS_main.main:745] - Waiting for mode change to: AUTO
2025-06-22 19:01:14,867 - SUAS - DEBUG - [SUAS_main.main:745] - Waiting for mode change to: AUTO
2025-06-22 19:01:15,369 - SUAS - DEBUG - [SUAS_main.main:745] - Waiting for mode change to: AUTO
2025-06-22 19:01:15,872 - SUAS - DEBUG - [SUAS_main.main:745] - Waiting for mode change to: AUTO
2025-06-22 19:01:16,373 - SUAS - DEBUG - [SUAS_main.main:745] - Waiting for mode change to: AUTO
2025-06-22 19:01:16,875 - SUAS - DEBUG - [SUAS_main.main:745] - Waiting for mode change to: AUTO
2025-06-22 19:01:17,376 - SUAS - DEBUG - [SUAS_main.main:745] - Waiting for mode change to: AUTO
2025-06-22 19:01:17,877 - SUAS - DEBUG - [SUAS_main.main:745] - Waiting for mode change to: AUTO
2025-06-22 19:01:18,379 - SUAS - DEBUG - [SUAS_main.main:745] - Waiting for mode change to: AUTO
2025-06-22 19:01:18,880 - SUAS - DEBUG - [SUAS_main.main:745] - Waiting for mode change to: AUTO
2025-06-22 19:01:19,382 - SUAS - DEBUG - [SUAS_main.main:745] - Waiting for mode change to: AUTO
2025-06-22 19:01:19,883 - SUAS - DEBUG - [SUAS_main.main:745] - Waiting for mode change to: AUTO
2025-06-22 19:01:20,384 - SUAS - DEBUG - [SUAS_main.main:745] - Waiting for mode change to: AUTO
2025-06-22 19:01:20,886 - SUAS - DEBUG - [SUAS_main.main:745] - Waiting for mode change to: AUTO
2025-06-22 19:01:21,388 - SUAS - DEBUG - [SUAS_main.main:745] - Waiting for mode change to: AUTO
2025-06-22 19:01:21,890 - SUAS - DEBUG - [SUAS_main.main:745] - Waiting for mode change to: AUTO
2025-06-22 19:01:22,392 - SUAS - DEBUG - [SUAS_main.main:745] - Waiting for mode change to: AUTO
2025-06-22 19:01:22,894 - SUAS - DEBUG - [SUAS_main.main:745] - Waiting for mode change to: AUTO
2025-06-22 19:01:23,395 - SUAS - DEBUG - [SUAS_main.main:745] - Waiting for mode change to: AUTO
2025-06-22 19:01:23,897 - SUAS - DEBUG - [SUAS_main.main:745] - Waiting for mode change to: AUTO
2025-06-22 19:01:24,398 - SUAS - DEBUG - [SUAS_main.main:745] - Waiting for mode change to: AUTO
2025-06-22 19:01:24,900 - SUAS - DEBUG - [SUAS_main.main:745] - Waiting for mode change to: AUTO
2025-06-22 19:01:25,401 - SUAS - DEBUG - [SUAS_main.main:745] - Waiting for mode change to: AUTO
2025-06-22 19:01:25,903 - SUAS - DEBUG - [SUAS_main.main:745] - Waiting for mode change to: AUTO
2025-06-22 19:01:26,404 - SUAS - DEBUG - [SUAS_main.main:745] - Waiting for mode change to: AUTO
2025-06-22 19:01:26,906 - SUAS - DEBUG - [SUAS_main.main:745] - Waiting for mode change to: AUTO
2025-06-22 19:01:27,408 - SUAS - DEBUG - [SUAS_main.main:745] - Waiting for mode change to: AUTO
2025-06-22 19:01:27,909 - SUAS - DEBUG - [SUAS_main.main:745] - Waiting for mode change to: AUTO
2025-06-22 19:01:28,411 - SUAS - DEBUG - [SUAS_main.main:745] - Waiting for mode change to: AUTO
2025-06-22 19:01:28,912 - SUAS - DEBUG - [SUAS_main.main:745] - Waiting for mode change to: AUTO
2025-06-22 19:01:29,414 - SUAS - DEBUG - [SUAS_main.main:745] - Waiting for mode change to: AUTO
2025-06-22 19:01:29,915 - SUAS - DEBUG - [SUAS_main.main:745] - Waiting for mode change to: AUTO
2025-06-22 19:01:30,416 - SUAS - DEBUG - [SUAS_main.main:745] - Waiting for mode change to: AUTO
2025-06-22 19:01:30,918 - SUAS - DEBUG - [SUAS_main.main:745] - Waiting for mode change to: AUTO
2025-06-22 19:01:31,419 - SUAS - DEBUG - [SUAS_main.main:745] - Waiting for mode change to: AUTO
2025-06-22 19:01:31,920 - SUAS - DEBUG - [SUAS_main.main:745] - Waiting for mode change to: AUTO
2025-06-22 19:01:32,455 - SUAS - DEBUG - [SUAS_main.main:745] - Waiting for mode change to: AUTO
2025-06-22 19:01:32,956 - SUAS - DEBUG - [SUAS_main.main:745] - Waiting for mode change to: AUTO
2025-06-22 19:01:33,457 - SUAS - DEBUG - [SUAS_main.main:745] - Waiting for mode change to: AUTO
2025-06-22 19:01:33,959 - SUAS - DEBUG - [SUAS_main.main:745] - Waiting for mode change to: AUTO
2025-06-22 19:01:34,461 - SUAS - DEBUG - [SUAS_main.main:745] - Waiting for mode change to: AUTO
2025-06-22 19:01:34,962 - SUAS - DEBUG - [SUAS_main.main:745] - Waiting for mode change to: AUTO
2025-06-22 19:01:35,464 - SUAS - DEBUG - [SUAS_main.main:745] - Waiting for mode change to: AUTO
2025-06-22 19:01:35,965 - SUAS - DEBUG - [SUAS_main.main:745] - Waiting for mode change to: AUTO
2025-06-22 19:01:36,467 - SUAS - DEBUG - [SUAS_main.main:745] - Waiting for mode change to: AUTO
2025-06-22 19:01:36,969 - SUAS - DEBUG - [SUAS_main.main:745] - Waiting for mode change to: AUTO
2025-06-22 19:01:37,470 - SUAS - DEBUG - [SUAS_main.main:745] - Waiting for mode change to: AUTO
2025-06-22 19:01:37,972 - SUAS - DEBUG - [SUAS_main.main:745] - Waiting for mode change to: AUTO
2025-06-22 19:01:38,473 - SUAS - DEBUG - [SUAS_main.main:745] - Waiting for mode change to: AUTO
2025-06-22 19:01:38,975 - SUAS - DEBUG - [SUAS_main.main:745] - Waiting for mode change to: AUTO
2025-06-22 19:01:39,476 - SUAS - DEBUG - [SUAS_main.main:745] - Waiting for mode change to: AUTO
2025-06-22 19:01:39,978 - SUAS - DEBUG - [SUAS_main.main:745] - Waiting for mode change to: AUTO
2025-06-22 19:01:40,480 - SUAS - DEBUG - [SUAS_main.main:745] - Waiting for mode change to: AUTO
2025-06-22 19:01:40,981 - SUAS - DEBUG - [SUAS_main.main:745] - Waiting for mode change to: AUTO
2025-06-22 19:01:41,483 - SUAS - DEBUG - [SUAS_main.main:745] - Waiting for mode change to: AUTO
2025-06-22 19:01:41,984 - SUAS - DEBUG - [SUAS_main.main:745] - Waiting for mode change to: AUTO
2025-06-22 19:01:42,486 - SUAS - DEBUG - [SUAS_main.main:745] - Waiting for mode change to: AUTO
2025-06-22 19:01:42,987 - SUAS - DEBUG - [SUAS_main.main:745] - Waiting for mode change to: AUTO
2025-06-22 19:01:43,488 - SUAS - DEBUG - [SUAS_main.main:745] - Waiting for mode change to: AUTO
2025-06-22 19:01:43,990 - SUAS - DEBUG - [SUAS_main.main:745] - Waiting for mode change to: AUTO
2025-06-22 19:01:44,491 - SUAS - DEBUG - [SUAS_main.main:745] - Waiting for mode change to: AUTO
2025-06-22 19:01:44,992 - SUAS - DEBUG - [SUAS_main.main:745] - Waiting for mode change to: AUTO
2025-06-22 19:01:45,494 - SUAS - DEBUG - [SUAS_main.main:745] - Waiting for mode change to: AUTO
2025-06-22 19:01:45,996 - SUAS - DEBUG - [SUAS_main.main:745] - Waiting for mode change to: AUTO
2025-06-22 19:01:46,497 - SUAS - DEBUG - [SUAS_main.main:745] - Waiting for mode change to: AUTO
2025-06-22 19:01:46,999 - SUAS - DEBUG - [SUAS_main.main:745] - Waiting for mode change to: AUTO
2025-06-22 19:01:47,500 - SUAS - DEBUG - [SUAS_main.main:745] - Waiting for mode change to: AUTO
2025-06-22 19:01:48,002 - SUAS - DEBUG - [SUAS_main.main:745] - Waiting for mode change to: AUTO
2025-06-22 19:01:48,503 - SUAS - DEBUG - [SUAS_main.main:745] - Waiting for mode change to: AUTO
2025-06-22 19:01:49,004 - SUAS - DEBUG - [SUAS_main.main:745] - Waiting for mode change to: AUTO
2025-06-22 19:01:49,505 - SUAS - DEBUG - [SUAS_main.main:745] - Waiting for mode change to: AUTO
2025-06-22 19:01:50,007 - SUAS - DEBUG - [SUAS_main.main:745] - Waiting for mode change to: AUTO
2025-06-22 19:01:50,508 - SUAS - DEBUG - [SUAS_main.main:745] - Waiting for mode change to: AUTO
2025-06-22 19:01:51,010 - SUAS - DEBUG - [SUAS_main.main:745] - Waiting for mode change to: AUTO
2025-06-22 19:01:51,511 - SUAS - DEBUG - [SUAS_main.main:745] - Waiting for mode change to: AUTO
2025-06-22 19:01:52,012 - SUAS - DEBUG - [SUAS_main.main:745] - Waiting for mode change to: AUTO
2025-06-22 19:01:52,514 - SUAS - DEBUG - [SUAS_main.main:745] - Waiting for mode change to: AUTO
2025-06-22 19:01:53,016 - SUAS - DEBUG - [SUAS_main.main:745] - Waiting for mode change to: AUTO
2025-06-22 19:01:53,517 - SUAS - DEBUG - [SUAS_main.main:745] - Waiting for mode change to: AUTO
2025-06-22 19:01:54,018 - SUAS - DEBUG - [SUAS_main.main:745] - Waiting for mode change to: AUTO
2025-06-22 19:01:54,520 - SUAS - DEBUG - [SUAS_main.main:745] - Waiting for mode change to: AUTO
2025-06-22 19:01:55,021 - SUAS - DEBUG - [SUAS_main.main:745] - Waiting for mode change to: AUTO
2025-06-22 19:01:55,523 - SUAS - DEBUG - [SUAS_main.main:745] - Waiting for mode change to: AUTO
2025-06-22 19:01:56,024 - SUAS - DEBUG - [SUAS_main.main:745] - Waiting for mode change to: AUTO
2025-06-22 19:01:56,526 - SUAS - DEBUG - [SUAS_main.main:745] - Waiting for mode change to: AUTO
2025-06-22 19:01:57,027 - SUAS - DEBUG - [SUAS_main.main:745] - Waiting for mode change to: AUTO
2025-06-22 19:01:57,528 - SUAS - DEBUG - [SUAS_main.main:745] - Waiting for mode change to: AUTO
2025-06-22 19:01:58,030 - SUAS - DEBUG - [SUAS_main.main:745] - Waiting for mode change to: AUTO
2025-06-22 19:01:58,532 - SUAS - DEBUG - [SUAS_main.main:745] - Waiting for mode change to: AUTO
2025-06-22 19:01:59,033 - SUAS - DEBUG - [SUAS_main.main:745] - Waiting for mode change to: AUTO
2025-06-22 19:01:59,535 - SUAS - DEBUG - [SUAS_main.main:745] - Waiting for mode change to: AUTO
2025-06-22 19:02:00,036 - SUAS - DEBUG - [SUAS_main.main:745] - Waiting for mode change to: AUTO
2025-06-22 19:02:00,538 - SUAS - DEBUG - [SUAS_main.main:745] - Waiting for mode change to: AUTO
2025-06-22 19:02:01,039 - SUAS - DEBUG - [SUAS_main.main:745] - Waiting for mode change to: AUTO
2025-06-22 19:02:01,540 - SUAS - DEBUG - [SUAS_main.main:745] - Waiting for mode change to: AUTO
2025-06-22 19:02:02,042 - SUAS - DEBUG - [SUAS_main.main:745] - Waiting for mode change to: AUTO
2025-06-22 19:02:02,543 - SUAS - DEBUG - [SUAS_main.main:745] - Waiting for mode change to: AUTO
2025-06-22 19:02:03,044 - SUAS - DEBUG - [SUAS_main.main:745] - Waiting for mode change to: AUTO
2025-06-22 19:02:03,546 - SUAS - DEBUG - [SUAS_main.main:745] - Waiting for mode change to: AUTO
2025-06-22 19:02:04,047 - SUAS - DEBUG - [SUAS_main.main:745] - Waiting for mode change to: AUTO
2025-06-22 19:02:04,548 - SUAS - DEBUG - [SUAS_main.main:745] - Waiting for mode change to: AUTO
2025-06-22 19:02:05,050 - SUAS - DEBUG - [SUAS_main.main:745] - Waiting for mode change to: AUTO
2025-06-22 19:02:05,552 - SUAS - DEBUG - [SUAS_main.main:745] - Waiting for mode change to: AUTO
2025-06-22 19:02:06,053 - SUAS - DEBUG - [SUAS_main.main:745] - Waiting for mode change to: AUTO
2025-06-22 19:02:06,554 - SUAS - DEBUG - [SUAS_main.main:745] - Waiting for mode change to: AUTO
2025-06-22 19:02:07,056 - SUAS - DEBUG - [SUAS_main.main:745] - Waiting for mode change to: AUTO
2025-06-22 19:02:07,558 - SUAS - DEBUG - [SUAS_main.main:745] - Waiting for mode change to: AUTO
2025-06-22 19:02:08,059 - SUAS - DEBUG - [SUAS_main.main:745] - Waiting for mode change to: AUTO
2025-06-22 19:02:08,560 - SUAS - DEBUG - [SUAS_main.main:745] - Waiting for mode change to: AUTO
2025-06-22 19:02:09,062 - SUAS - DEBUG - [SUAS_main.main:745] - Waiting for mode change to: AUTO
2025-06-22 19:02:09,563 - SUAS - DEBUG - [SUAS_main.main:745] - Waiting for mode change to: AUTO
2025-06-22 19:02:10,065 - SUAS - DEBUG - [SUAS_main.main:745] - Waiting for mode change to: AUTO
2025-06-22 19:02:10,567 - SUAS - DEBUG - [SUAS_main.main:745] - Waiting for mode change to: AUTO
2025-06-22 19:02:11,068 - SUAS - DEBUG - [SUAS_main.main:745] - Waiting for mode change to: AUTO
2025-06-22 19:02:11,570 - SUAS - DEBUG - [SUAS_main.main:745] - Waiting for mode change to: AUTO
2025-06-22 19:02:12,071 - SUAS - DEBUG - [SUAS_main.main:745] - Waiting for mode change to: AUTO
2025-06-22 19:02:12,572 - SUAS - DEBUG - [SUAS_main.main:745] - Waiting for mode change to: AUTO
2025-06-22 19:02:13,074 - SUAS - DEBUG - [SUAS_main.main:745] - Waiting for mode change to: AUTO
2025-06-22 19:02:13,575 - SUAS - DEBUG - [SUAS_main.main:745] - Waiting for mode change to: AUTO
2025-06-22 19:02:14,076 - SUAS - DEBUG - [SUAS_main.main:745] - Waiting for mode change to: AUTO
2025-06-22 19:02:14,578 - SUAS - DEBUG - [SUAS_main.main:745] - Waiting for mode change to: AUTO
2025-06-22 19:02:15,079 - SUAS - DEBUG - [SUAS_main.main:745] - Waiting for mode change to: AUTO
2025-06-22 19:02:15,580 - SUAS - DEBUG - [SUAS_main.main:745] - Waiting for mode change to: AUTO
2025-06-22 19:02:16,082 - SUAS - DEBUG - [SUAS_main.main:745] - Waiting for mode change to: AUTO
2025-06-22 19:02:16,583 - SUAS - DEBUG - [SUAS_main.main:745] - Waiting for mode change to: AUTO
2025-06-22 19:02:17,085 - SUAS - DEBUG - [SUAS_main.main:745] - Waiting for mode change to: AUTO
2025-06-22 19:02:17,586 - SUAS - DEBUG - [SUAS_main.main:745] - Waiting for mode change to: AUTO
2025-06-22 19:02:18,088 - SUAS - DEBUG - [SUAS_main.main:745] - Waiting for mode change to: AUTO
2025-06-22 19:02:18,589 - SUAS - DEBUG - [SUAS_main.main:745] - Waiting for mode change to: AUTO
2025-06-22 19:02:19,091 - SUAS - DEBUG - [SUAS_main.main:745] - Waiting for mode change to: AUTO
2025-06-22 19:02:19,592 - SUAS - DEBUG - [SUAS_main.main:745] - Waiting for mode change to: AUTO
2025-06-22 19:02:20,093 - SUAS - DEBUG - [SUAS_main.main:745] - Waiting for mode change to: AUTO
2025-06-22 19:02:20,595 - SUAS - DEBUG - [SUAS_main.main:745] - Waiting for mode change to: AUTO
2025-06-22 19:02:21,096 - SUAS - DEBUG - [SUAS_main.main:745] - Waiting for mode change to: AUTO
2025-06-22 19:02:21,598 - SUAS - DEBUG - [SUAS_main.main:745] - Waiting for mode change to: AUTO
2025-06-22 19:02:22,099 - SUAS - DEBUG - [SUAS_main.main:745] - Waiting for mode change to: AUTO
2025-06-22 19:02:22,600 - SUAS - DEBUG - [SUAS_main.main:745] - Waiting for mode change to: AUTO
2025-06-22 19:02:23,102 - SUAS - DEBUG - [SUAS_main.main:745] - Waiting for mode change to: AUTO
2025-06-22 19:02:23,603 - SUAS - DEBUG - [SUAS_main.main:745] - Waiting for mode change to: AUTO
2025-06-22 19:02:24,105 - SUAS - DEBUG - [SUAS_main.main:745] - Waiting for mode change to: AUTO
2025-06-22 19:02:24,606 - SUAS - DEBUG - [SUAS_main.main:745] - Waiting for mode change to: AUTO
2025-06-22 19:02:25,108 - SUAS - DEBUG - [SUAS_main.main:745] - Waiting for mode change to: AUTO
2025-06-22 19:02:25,609 - SUAS - DEBUG - [SUAS_main.main:745] - Waiting for mode change to: AUTO
2025-06-22 19:02:26,111 - SUAS - DEBUG - [SUAS_main.main:745] - Waiting for mode change to: AUTO
2025-06-22 19:02:26,612 - SUAS - DEBUG - [SUAS_main.main:745] - Waiting for mode change to: AUTO
2025-06-22 19:02:27,114 - SUAS - DEBUG - [SUAS_main.main:745] - Waiting for mode change to: AUTO
2025-06-22 19:02:27,615 - SUAS - DEBUG - [SUAS_main.main:745] - Waiting for mode change to: AUTO
2025-06-22 19:02:28,117 - SUAS - DEBUG - [SUAS_main.main:745] - Waiting for mode change to: AUTO
2025-06-22 19:02:28,618 - SUAS - DEBUG - [SUAS_main.main:745] - Waiting for mode change to: AUTO
2025-06-22 19:02:29,120 - SUAS - DEBUG - [SUAS_main.main:745] - Waiting for mode change to: AUTO
2025-06-22 19:02:29,622 - SUAS - DEBUG - [SUAS_main.main:745] - Waiting for mode change to: AUTO
2025-06-22 19:02:30,123 - SUAS - DEBUG - [SUAS_main.main:745] - Waiting for mode change to: AUTO
2025-06-22 19:02:30,624 - SUAS - DEBUG - [SUAS_main.main:745] - Waiting for mode change to: AUTO
2025-06-22 19:02:31,126 - SUAS - DEBUG - [SUAS_main.main:745] - Waiting for mode change to: AUTO
2025-06-22 19:02:31,627 - SUAS - DEBUG - [SUAS_main.main:745] - Waiting for mode change to: AUTO
2025-06-22 19:02:32,128 - SUAS - DEBUG - [SUAS_main.main:745] - Waiting for mode change to: AUTO
2025-06-22 19:02:32,630 - SUAS - DEBUG - [SUAS_main.main:745] - Waiting for mode change to: AUTO
2025-06-22 19:02:33,131 - SUAS - DEBUG - [SUAS_main.main:745] - Waiting for mode change to: AUTO
2025-06-22 19:02:33,632 - SUAS - DEBUG - [SUAS_main.main:745] - Waiting for mode change to: AUTO
2025-06-22 19:02:34,134 - SUAS - DEBUG - [SUAS_main.main:745] - Waiting for mode change to: AUTO
2025-06-22 19:02:34,635 - SUAS - DEBUG - [SUAS_main.main:745] - Waiting for mode change to: AUTO
2025-06-22 19:02:35,136 - SUAS - DEBUG - [SUAS_main.main:745] - Waiting for mode change to: AUTO
2025-06-22 19:02:35,638 - SUAS - DEBUG - [SUAS_main.main:745] - Waiting for mode change to: AUTO
2025-06-22 19:02:36,139 - SUAS - DEBUG - [SUAS_main.main:745] - Waiting for mode change to: AUTO
2025-06-22 19:02:36,640 - SUAS - DEBUG - [SUAS_main.main:745] - Waiting for mode change to: AUTO
2025-06-22 19:02:37,142 - SUAS - DEBUG - [SUAS_main.main:745] - Waiting for mode change to: AUTO
2025-06-22 19:02:37,643 - SUAS - DEBUG - [SUAS_main.main:745] - Waiting for mode change to: AUTO
2025-06-22 19:02:38,144 - SUAS - DEBUG - [SUAS_main.main:745] - Waiting for mode change to: AUTO
2025-06-22 19:02:38,646 - SUAS - DEBUG - [SUAS_main.main:745] - Waiting for mode change to: AUTO
2025-06-22 19:02:39,147 - SUAS - DEBUG - [SUAS_main.main:745] - Waiting for mode change to: AUTO
2025-06-22 19:02:39,649 - SUAS - DEBUG - [SUAS_main.main:745] - Waiting for mode change to: AUTO
2025-06-22 19:02:40,150 - SUAS - DEBUG - [SUAS_main.main:745] - Waiting for mode change to: AUTO
2025-06-22 19:02:40,652 - SUAS - DEBUG - [SUAS_main.main:745] - Waiting for mode change to: AUTO
2025-06-22 19:02:41,153 - SUAS - DEBUG - [SUAS_main.main:745] - Waiting for mode change to: AUTO
2025-06-22 19:02:41,655 - SUAS - DEBUG - [SUAS_main.main:745] - Waiting for mode change to: AUTO
2025-06-22 19:02:42,156 - SUAS - DEBUG - [SUAS_main.main:745] - Waiting for mode change to: AUTO
2025-06-22 19:02:42,658 - SUAS - DEBUG - [SUAS_main.main:745] - Waiting for mode change to: AUTO
2025-06-22 19:02:43,159 - SUAS - DEBUG - [SUAS_main.main:745] - Waiting for mode change to: AUTO
2025-06-22 19:02:43,660 - SUAS - DEBUG - [SUAS_main.main:745] - Waiting for mode change to: AUTO
2025-06-22 19:02:44,162 - SUAS - DEBUG - [SUAS_main.main:745] - Waiting for mode change to: AUTO
2025-06-22 19:02:44,663 - SUAS - DEBUG - [SUAS_main.main:745] - Waiting for mode change to: AUTO
2025-06-22 19:02:45,165 - SUAS - DEBUG - [SUAS_main.main:745] - Waiting for mode change to: AUTO
2025-06-22 19:02:45,667 - SUAS - DEBUG - [SUAS_main.main:745] - Waiting for mode change to: AUTO
2025-06-22 19:02:46,168 - SUAS - DEBUG - [SUAS_main.main:745] - Waiting for mode change to: AUTO
2025-06-22 19:02:46,670 - SUAS - DEBUG - [SUAS_main.main:745] - Waiting for mode change to: AUTO
2025-06-22 19:02:47,171 - SUAS - DEBUG - [SUAS_main.main:745] - Waiting for mode change to: AUTO
2025-06-22 19:02:47,672 - SUAS - DEBUG - [SUAS_main.main:745] - Waiting for mode change to: AUTO
2025-06-22 19:02:48,174 - SUAS - DEBUG - [SUAS_main.main:745] - Waiting for mode change to: AUTO
2025-06-22 19:02:48,675 - SUAS - DEBUG - [SUAS_main.main:745] - Waiting for mode change to: AUTO
2025-06-22 19:02:49,176 - SUAS - DEBUG - [SUAS_main.main:745] - Waiting for mode change to: AUTO
2025-06-22 19:02:49,678 - SUAS - DEBUG - [SUAS_main.main:745] - Waiting for mode change to: AUTO
2025-06-22 19:02:50,179 - SUAS - DEBUG - [SUAS_main.main:745] - Waiting for mode change to: AUTO
2025-06-22 19:02:50,681 - SUAS - DEBUG - [SUAS_main.main:745] - Waiting for mode change to: AUTO
2025-06-22 19:02:51,183 - SUAS - DEBUG - [SUAS_main.main:745] - Waiting for mode change to: AUTO
2025-06-22 19:02:51,684 - SUAS - DEBUG - [SUAS_main.main:745] - Waiting for mode change to: AUTO
2025-06-22 19:02:52,186 - SUAS - DEBUG - [SUAS_main.main:745] - Waiting for mode change to: AUTO
2025-06-22 19:02:52,687 - SUAS - DEBUG - [SUAS_main.main:745] - Waiting for mode change to: AUTO
2025-06-22 19:02:53,189 - SUAS - DEBUG - [SUAS_main.main:745] - Waiting for mode change to: AUTO
2025-06-22 19:02:53,690 - SUAS - DEBUG - [SUAS_main.main:745] - Waiting for mode change to: AUTO
2025-06-22 19:02:54,192 - SUAS - DEBUG - [SUAS_main.main:745] - Waiting for mode change to: AUTO
2025-06-22 19:02:54,693 - SUAS - DEBUG - [SUAS_main.main:745] - Waiting for mode change to: AUTO
2025-06-22 19:02:55,195 - SUAS - DEBUG - [SUAS_main.main:745] - Waiting for mode change to: AUTO
2025-06-22 19:02:55,696 - SUAS - DEBUG - [SUAS_main.main:745] - Waiting for mode change to: AUTO
2025-06-22 19:02:56,198 - SUAS - DEBUG - [SUAS_main.main:745] - Waiting for mode change to: AUTO
2025-06-22 19:02:56,699 - SUAS - DEBUG - [SUAS_main.main:745] - Waiting for mode change to: AUTO
2025-06-22 19:02:57,201 - SUAS - DEBUG - [SUAS_main.main:745] - Waiting for mode change to: AUTO
2025-06-22 19:02:57,703 - SUAS - DEBUG - [SUAS_main.main:745] - Waiting for mode change to: AUTO
2025-06-22 19:02:58,204 - SUAS - DEBUG - [SUAS_main.main:745] - Waiting for mode change to: AUTO
2025-06-22 19:02:58,706 - SUAS - DEBUG - [SUAS_main.main:745] - Waiting for mode change to: AUTO
2025-06-22 19:02:59,207 - SUAS - DEBUG - [SUAS_main.main:745] - Waiting for mode change to: AUTO
2025-06-22 19:02:59,709 - SUAS - DEBUG - [SUAS_main.main:745] - Waiting for mode change to: AUTO
2025-06-22 19:03:00,210 - SUAS - DEBUG - [SUAS_main.main:745] - Waiting for mode change to: AUTO
2025-06-22 19:03:00,711 - SUAS - DEBUG - [SUAS_main.main:745] - Waiting for mode change to: AUTO
2025-06-22 19:03:01,213 - SUAS - DEBUG - [SUAS_main.main:745] - Waiting for mode change to: AUTO
2025-06-22 19:03:01,714 - SUAS - DEBUG - [SUAS_main.main:745] - Waiting for mode change to: AUTO
2025-06-22 19:03:02,216 - SUAS - DEBUG - [SUAS_main.main:745] - Waiting for mode change to: AUTO
2025-06-22 19:03:02,717 - SUAS - DEBUG - [SUAS_main.main:745] - Waiting for mode change to: AUTO
2025-06-22 19:03:03,219 - SUAS - DEBUG - [SUAS_main.main:745] - Waiting for mode change to: AUTO
2025-06-22 19:03:03,721 - SUAS - DEBUG - [SUAS_main.main:745] - Waiting for mode change to: AUTO
2025-06-22 19:03:04,222 - SUAS - DEBUG - [SUAS_main.main:745] - Waiting for mode change to: AUTO
2025-06-22 19:03:04,724 - SUAS - DEBUG - [SUAS_main.main:745] - Waiting for mode change to: AUTO
2025-06-22 19:03:05,225 - SUAS - DEBUG - [SUAS_main.main:745] - Waiting for mode change to: AUTO
2025-06-22 19:03:05,726 - SUAS - DEBUG - [SUAS_main.main:745] - Waiting for mode change to: AUTO
2025-06-22 19:03:06,228 - SUAS - DEBUG - [SUAS_main.main:745] - Waiting for mode change to: AUTO
2025-06-22 19:03:06,729 - SUAS - DEBUG - [SUAS_main.main:745] - Waiting for mode change to: AUTO
2025-06-22 19:03:07,231 - SUAS - DEBUG - [SUAS_main.main:745] - Waiting for mode change to: AUTO
2025-06-22 19:03:07,732 - SUAS - DEBUG - [SUAS_main.main:745] - Waiting for mode change to: AUTO
2025-06-22 19:03:08,234 - SUAS - DEBUG - [SUAS_main.main:745] - Waiting for mode change to: AUTO
2025-06-22 19:03:08,735 - SUAS - DEBUG - [SUAS_main.main:745] - Waiting for mode change to: AUTO
2025-06-22 19:03:09,237 - SUAS - DEBUG - [SUAS_main.main:745] - Waiting for mode change to: AUTO
2025-06-22 19:03:09,739 - SUAS - DEBUG - [SUAS_main.main:745] - Waiting for mode change to: AUTO
2025-06-22 19:03:10,240 - SUAS - DEBUG - [SUAS_main.main:745] - Waiting for mode change to: AUTO
2025-06-22 19:03:10,742 - SUAS - DEBUG - [SUAS_main.main:745] - Waiting for mode change to: AUTO
2025-06-22 19:03:11,248 - SUAS - DEBUG - [SUAS_main.main:745] - Waiting for mode change to: AUTO
2025-06-22 19:03:11,749 - SUAS - DEBUG - [SUAS_main.main:745] - Waiting for mode change to: AUTO
2025-06-22 19:03:12,251 - SUAS - DEBUG - [SUAS_main.main:745] - Waiting for mode change to: AUTO
2025-06-22 19:03:12,752 - SUAS - DEBUG - [SUAS_main.main:745] - Waiting for mode change to: AUTO
2025-06-22 19:03:13,254 - SUAS - DEBUG - [SUAS_main.main:745] - Waiting for mode change to: AUTO
2025-06-22 19:03:13,755 - SUAS - DEBUG - [SUAS_main.main:745] - Waiting for mode change to: AUTO
2025-06-22 19:03:14,257 - SUAS - DEBUG - [SUAS_main.main:745] - Waiting for mode change to: AUTO
2025-06-22 19:03:14,758 - SUAS - DEBUG - [SUAS_main.main:745] - Waiting for mode change to: AUTO
2025-06-22 19:03:15,260 - SUAS - DEBUG - [SUAS_main.main:745] - Waiting for mode change to: AUTO
2025-06-22 19:03:15,761 - SUAS - DEBUG - [SUAS_main.main:745] - Waiting for mode change to: AUTO
2025-06-22 19:03:16,295 - SUAS - DEBUG - [SUAS_main.main:745] - Waiting for mode change to: AUTO
2025-06-22 19:03:16,797 - SUAS - DEBUG - [SUAS_main.main:745] - Waiting for mode change to: AUTO
2025-06-22 19:03:17,298 - SUAS - DEBUG - [SUAS_main.main:745] - Waiting for mode change to: AUTO
2025-06-22 19:03:17,800 - SUAS - DEBUG - [SUAS_main.main:745] - Waiting for mode change to: AUTO
2025-06-22 19:03:18,301 - SUAS - DEBUG - [SUAS_main.main:745] - Waiting for mode change to: AUTO
2025-06-22 19:03:18,803 - SUAS - DEBUG - [SUAS_main.main:745] - Waiting for mode change to: AUTO
2025-06-22 19:03:19,304 - SUAS - DEBUG - [SUAS_main.main:745] - Waiting for mode change to: AUTO
2025-06-22 19:03:19,806 - SUAS - DEBUG - [SUAS_main.main:745] - Waiting for mode change to: AUTO
2025-06-22 19:03:20,307 - SUAS - DEBUG - [SUAS_main.main:745] - Waiting for mode change to: AUTO
2025-06-22 19:03:20,809 - SUAS - DEBUG - [SUAS_main.main:745] - Waiting for mode change to: AUTO
2025-06-22 19:03:21,343 - SUAS - DEBUG - [SUAS_main.main:745] - Waiting for mode change to: AUTO
2025-06-22 19:03:21,844 - SUAS - DEBUG - [SUAS_main.main:745] - Waiting for mode change to: AUTO
2025-06-22 19:03:22,346 - SUAS - DEBUG - [SUAS_main.main:745] - Waiting for mode change to: AUTO
2025-06-22 19:03:22,847 - SUAS - DEBUG - [SUAS_main.main:745] - Waiting for mode change to: AUTO
2025-06-22 19:03:23,348 - SUAS - DEBUG - [SUAS_main.main:745] - Waiting for mode change to: AUTO
2025-06-22 19:03:23,850 - SUAS - DEBUG - [SUAS_main.main:745] - Waiting for mode change to: AUTO
2025-06-22 19:03:24,352 - SUAS - DEBUG - [SUAS_main.main:745] - Waiting for mode change to: AUTO
2025-06-22 19:03:24,853 - SUAS - DEBUG - [SUAS_main.main:745] - Waiting for mode change to: AUTO
2025-06-22 19:03:25,355 - SUAS - DEBUG - [SUAS_main.main:745] - Waiting for mode change to: AUTO
2025-06-22 19:03:25,856 - SUAS - DEBUG - [SUAS_main.main:745] - Waiting for mode change to: AUTO
2025-06-22 19:03:26,358 - SUAS - DEBUG - [SUAS_main.main:745] - Waiting for mode change to: AUTO
2025-06-22 19:03:26,859 - SUAS - DEBUG - [SUAS_main.main:745] - Waiting for mode change to: AUTO
2025-06-22 19:03:27,361 - SUAS - DEBUG - [SUAS_main.main:745] - Waiting for mode change to: AUTO
2025-06-22 19:03:27,862 - SUAS - DEBUG - [SUAS_main.main:745] - Waiting for mode change to: AUTO
2025-06-22 19:03:28,364 - SUAS - DEBUG - [SUAS_main.main:745] - Waiting for mode change to: AUTO
2025-06-22 19:03:28,865 - SUAS - DEBUG - [SUAS_main.main:745] - Waiting for mode change to: AUTO
2025-06-22 19:03:29,367 - SUAS - DEBUG - [SUAS_main.main:745] - Waiting for mode change to: AUTO
2025-06-22 19:03:29,868 - SUAS - DEBUG - [SUAS_main.main:745] - Waiting for mode change to: AUTO
2025-06-22 19:03:30,370 - SUAS - DEBUG - [SUAS_main.main:745] - Waiting for mode change to: AUTO
2025-06-22 19:03:30,872 - SUAS - DEBUG - [SUAS_main.main:745] - Waiting for mode change to: AUTO
2025-06-22 19:03:31,373 - SUAS - DEBUG - [SUAS_main.main:745] - Waiting for mode change to: AUTO
2025-06-22 19:03:31,875 - SUAS - DEBUG - [SUAS_main.main:745] - Waiting for mode change to: AUTO
2025-06-22 19:03:32,376 - SUAS - DEBUG - [SUAS_main.main:745] - Waiting for mode change to: AUTO
2025-06-22 19:03:32,878 - SUAS - DEBUG - [SUAS_main.main:745] - Waiting for mode change to: AUTO
2025-06-22 19:03:33,379 - SUAS - DEBUG - [SUAS_main.main:745] - Waiting for mode change to: AUTO
2025-06-22 19:03:33,880 - SUAS - DEBUG - [SUAS_main.main:745] - Waiting for mode change to: AUTO
2025-06-22 19:03:34,382 - SUAS - DEBUG - [SUAS_main.main:745] - Waiting for mode change to: AUTO
2025-06-22 19:03:34,883 - SUAS - DEBUG - [SUAS_main.main:745] - Waiting for mode change to: AUTO
2025-06-22 19:03:35,385 - SUAS - DEBUG - [SUAS_main.main:745] - Waiting for mode change to: AUTO
2025-06-22 19:03:35,887 - SUAS - DEBUG - [SUAS_main.main:745] - Waiting for mode change to: AUTO
2025-06-22 19:03:36,390 - SUAS - DEBUG - [SUAS_main.main:745] - Waiting for mode change to: AUTO
2025-06-22 19:03:36,891 - SUAS - DEBUG - [SUAS_main.main:745] - Waiting for mode change to: AUTO
2025-06-22 19:03:37,393 - SUAS - DEBUG - [SUAS_main.main:745] - Waiting for mode change to: AUTO
2025-06-22 19:03:37,894 - SUAS - DEBUG - [SUAS_main.main:745] - Waiting for mode change to: AUTO
2025-06-22 19:03:38,396 - SUAS - DEBUG - [SUAS_main.main:745] - Waiting for mode change to: AUTO
2025-06-22 19:03:38,897 - SUAS - DEBUG - [SUAS_main.main:745] - Waiting for mode change to: AUTO
2025-06-22 19:03:39,399 - SUAS - DEBUG - [SUAS_main.main:745] - Waiting for mode change to: AUTO
2025-06-22 19:03:39,900 - SUAS - DEBUG - [SUAS_main.main:745] - Waiting for mode change to: AUTO
2025-06-22 19:03:40,402 - SUAS - DEBUG - [SUAS_main.main:745] - Waiting for mode change to: AUTO
2025-06-22 19:03:40,903 - SUAS - DEBUG - [SUAS_main.main:745] - Waiting for mode change to: AUTO
2025-06-22 19:03:41,405 - SUAS - DEBUG - [SUAS_main.main:745] - Waiting for mode change to: AUTO
2025-06-22 19:03:41,907 - SUAS - DEBUG - [SUAS_main.main:745] - Waiting for mode change to: AUTO
2025-06-22 19:03:42,408 - SUAS - DEBUG - [SUAS_main.main:745] - Waiting for mode change to: AUTO
2025-06-22 19:03:42,910 - SUAS - DEBUG - [SUAS_main.main:745] - Waiting for mode change to: AUTO
2025-06-22 19:03:43,411 - SUAS - DEBUG - [SUAS_main.main:745] - Waiting for mode change to: AUTO
2025-06-22 19:03:43,912 - SUAS - DEBUG - [SUAS_main.main:745] - Waiting for mode change to: AUTO
2025-06-22 19:03:44,414 - SUAS - DEBUG - [SUAS_main.main:745] - Waiting for mode change to: AUTO
2025-06-22 19:03:44,915 - SUAS - DEBUG - [SUAS_main.main:745] - Waiting for mode change to: AUTO
2025-06-22 19:03:45,416 - SUAS - DEBUG - [SUAS_main.main:745] - Waiting for mode change to: AUTO
2025-06-22 19:03:45,918 - SUAS - DEBUG - [SUAS_main.main:745] - Waiting for mode change to: AUTO
2025-06-22 19:03:46,419 - SUAS - DEBUG - [SUAS_main.main:745] - Waiting for mode change to: AUTO
2025-06-22 19:03:46,920 - SUAS - DEBUG - [SUAS_main.main:745] - Waiting for mode change to: AUTO
2025-06-22 19:03:47,422 - SUAS - DEBUG - [SUAS_main.main:745] - Waiting for mode change to: AUTO
2025-06-22 19:03:47,924 - SUAS - DEBUG - [SUAS_main.main:745] - Waiting for mode change to: AUTO
2025-06-22 19:03:48,426 - SUAS - DEBUG - [SUAS_main.main:745] - Waiting for mode change to: AUTO
2025-06-22 19:03:48,927 - SUAS - DEBUG - [SUAS_main.main:745] - Waiting for mode change to: AUTO
2025-06-22 19:03:49,428 - SUAS - DEBUG - [SUAS_main.main:745] - Waiting for mode change to: AUTO
2025-06-22 19:03:49,930 - SUAS - DEBUG - [SUAS_main.main:745] - Waiting for mode change to: AUTO
2025-06-22 19:03:50,431 - SUAS - DEBUG - [SUAS_main.main:745] - Waiting for mode change to: AUTO
2025-06-22 19:03:50,933 - SUAS - DEBUG - [SUAS_main.main:745] - Waiting for mode change to: AUTO
2025-06-22 19:03:51,435 - SUAS - DEBUG - [SUAS_main.main:745] - Waiting for mode change to: AUTO
2025-06-22 19:03:51,936 - SUAS - DEBUG - [SUAS_main.main:745] - Waiting for mode change to: AUTO
2025-06-22 19:03:52,439 - SUAS - DEBUG - [SUAS_main.main:745] - Waiting for mode change to: AUTO
2025-06-22 19:03:52,940 - SUAS - DEBUG - [SUAS_main.main:745] - Waiting for mode change to: AUTO
2025-06-22 19:03:53,442 - SUAS - DEBUG - [SUAS_main.main:745] - Waiting for mode change to: AUTO
2025-06-22 19:03:53,943 - SUAS - DEBUG - [SUAS_main.main:745] - Waiting for mode change to: AUTO
2025-06-22 19:03:54,445 - SUAS - DEBUG - [SUAS_main.main:745] - Waiting for mode change to: AUTO
2025-06-22 19:03:54,946 - SUAS - DEBUG - [SUAS_main.main:745] - Waiting for mode change to: AUTO
2025-06-22 19:03:55,448 - SUAS - DEBUG - [SUAS_main.main:745] - Waiting for mode change to: AUTO
2025-06-22 19:03:55,949 - SUAS - DEBUG - [SUAS_main.main:745] - Waiting for mode change to: AUTO
2025-06-22 19:03:56,451 - SUAS - DEBUG - [SUAS_main.main:745] - Waiting for mode change to: AUTO
2025-06-22 19:03:56,952 - SUAS - DEBUG - [SUAS_main.main:745] - Waiting for mode change to: AUTO
2025-06-22 19:03:57,454 - SUAS - DEBUG - [SUAS_main.main:745] - Waiting for mode change to: AUTO
2025-06-22 19:03:57,955 - SUAS - DEBUG - [SUAS_main.main:745] - Waiting for mode change to: AUTO
2025-06-22 19:03:58,456 - SUAS - DEBUG - [SUAS_main.main:745] - Waiting for mode change to: AUTO
2025-06-22 19:03:58,958 - SUAS - DEBUG - [SUAS_main.main:745] - Waiting for mode change to: AUTO
2025-06-22 19:03:59,460 - SUAS - DEBUG - [SUAS_main.main:745] - Waiting for mode change to: AUTO
2025-06-22 19:03:59,962 - SUAS - DEBUG - [SUAS_main.main:745] - Waiting for mode change to: AUTO
2025-06-22 19:04:00,463 - SUAS - DEBUG - [SUAS_main.main:745] - Waiting for mode change to: AUTO
2025-06-22 19:04:00,965 - SUAS - DEBUG - [SUAS_main.main:745] - Waiting for mode change to: AUTO
2025-06-22 19:04:01,466 - SUAS - DEBUG - [SUAS_main.main:745] - Waiting for mode change to: AUTO
2025-06-22 19:04:01,968 - SUAS - DEBUG - [SUAS_main.main:745] - Waiting for mode change to: AUTO
2025-06-22 19:04:02,469 - SUAS - DEBUG - [SUAS_main.main:745] - Waiting for mode change to: AUTO
2025-06-22 19:04:02,971 - SUAS - DEBUG - [SUAS_main.main:745] - Waiting for mode change to: AUTO
2025-06-22 19:04:03,472 - SUAS - DEBUG - [SUAS_main.main:745] - Waiting for mode change to: AUTO
2025-06-22 19:04:03,974 - SUAS - DEBUG - [SUAS_main.main:745] - Waiting for mode change to: AUTO
2025-06-22 19:04:04,476 - SUAS - DEBUG - [SUAS_main.main:745] - Waiting for mode change to: AUTO
2025-06-22 19:04:04,977 - SUAS - DEBUG - [SUAS_main.main:745] - Waiting for mode change to: AUTO
2025-06-22 19:04:05,479 - SUAS - DEBUG - [SUAS_main.main:745] - Waiting for mode change to: AUTO
2025-06-22 19:04:05,980 - SUAS - DEBUG - [SUAS_main.main:745] - Waiting for mode change to: AUTO
2025-06-22 19:04:06,482 - SUAS - DEBUG - [SUAS_main.main:745] - Waiting for mode change to: AUTO
2025-06-22 19:04:06,983 - SUAS - DEBUG - [SUAS_main.main:745] - Waiting for mode change to: AUTO
2025-06-22 19:04:07,484 - SUAS - DEBUG - [SUAS_main.main:745] - Waiting for mode change to: AUTO
2025-06-22 19:04:07,986 - SUAS - DEBUG - [SUAS_main.main:745] - Waiting for mode change to: AUTO
2025-06-22 19:04:08,487 - SUAS - DEBUG - [SUAS_main.main:745] - Waiting for mode change to: AUTO
2025-06-22 19:04:08,988 - SUAS - DEBUG - [SUAS_main.main:745] - Waiting for mode change to: AUTO
2025-06-22 19:04:09,490 - SUAS - DEBUG - [SUAS_main.main:745] - Waiting for mode change to: AUTO
2025-06-22 19:04:09,991 - SUAS - DEBUG - [SUAS_main.main:745] - Waiting for mode change to: AUTO
2025-06-22 19:04:10,493 - SUAS - DEBUG - [SUAS_main.main:745] - Waiting for mode change to: AUTO
2025-06-22 19:04:10,994 - SUAS - DEBUG - [SUAS_main.main:745] - Waiting for mode change to: AUTO
2025-06-22 19:04:11,496 - SUAS - DEBUG - [SUAS_main.main:745] - Waiting for mode change to: AUTO
2025-06-22 19:04:11,997 - SUAS - DEBUG - [SUAS_main.main:745] - Waiting for mode change to: AUTO
2025-06-22 19:04:12,499 - SUAS - DEBUG - [SUAS_main.main:745] - Waiting for mode change to: AUTO
2025-06-22 19:04:13,000 - SUAS - DEBUG - [SUAS_main.main:745] - Waiting for mode change to: AUTO
2025-06-22 19:04:13,502 - SUAS - DEBUG - [SUAS_main.main:745] - Waiting for mode change to: AUTO
2025-06-22 19:04:14,003 - SUAS - DEBUG - [SUAS_main.main:745] - Waiting for mode change to: AUTO
2025-06-22 19:04:14,504 - SUAS - DEBUG - [SUAS_main.main:745] - Waiting for mode change to: AUTO
2025-06-22 19:04:15,006 - SUAS - DEBUG - [SUAS_main.main:745] - Waiting for mode change to: AUTO
2025-06-22 19:04:15,507 - SUAS - DEBUG - [SUAS_main.main:745] - Waiting for mode change to: AUTO
2025-06-22 19:04:16,008 - SUAS - DEBUG - [SUAS_main.main:745] - Waiting for mode change to: AUTO
2025-06-22 19:04:16,510 - SUAS - DEBUG - [SUAS_main.main:745] - Waiting for mode change to: AUTO
2025-06-22 19:04:17,011 - SUAS - DEBUG - [SUAS_main.main:745] - Waiting for mode change to: AUTO
2025-06-22 19:04:17,513 - SUAS - DEBUG - [SUAS_main.main:745] - Waiting for mode change to: AUTO
2025-06-22 19:04:18,015 - SUAS - DEBUG - [SUAS_main.main:745] - Waiting for mode change to: AUTO
2025-06-22 19:04:18,516 - SUAS - DEBUG - [SUAS_main.main:745] - Waiting for mode change to: AUTO
2025-06-22 19:04:19,018 - SUAS - DEBUG - [SUAS_main.main:745] - Waiting for mode change to: AUTO
2025-06-22 19:04:19,519 - SUAS - DEBUG - [SUAS_main.main:745] - Waiting for mode change to: AUTO
2025-06-22 19:04:20,020 - SUAS - DEBUG - [SUAS_main.main:745] - Waiting for mode change to: AUTO
2025-06-22 19:04:20,522 - SUAS - DEBUG - [SUAS_main.main:745] - Waiting for mode change to: AUTO
2025-06-22 19:04:21,023 - SUAS - DEBUG - [SUAS_main.main:745] - Waiting for mode change to: AUTO
2025-06-22 19:04:21,524 - SUAS - DEBUG - [SUAS_main.main:745] - Waiting for mode change to: AUTO
2025-06-22 19:04:22,026 - SUAS - DEBUG - [SUAS_main.main:745] - Waiting for mode change to: AUTO
2025-06-22 19:04:22,527 - SUAS - DEBUG - [SUAS_main.main:745] - Waiting for mode change to: AUTO
2025-06-22 19:04:23,028 - SUAS - DEBUG - [SUAS_main.main:745] - Waiting for mode change to: AUTO
2025-06-22 19:04:23,530 - SUAS - DEBUG - [SUAS_main.main:745] - Waiting for mode change to: AUTO
2025-06-22 19:04:24,031 - SUAS - DEBUG - [SUAS_main.main:745] - Waiting for mode change to: AUTO
2025-06-22 19:04:24,533 - SUAS - DEBUG - [SUAS_main.main:745] - Waiting for mode change to: AUTO
2025-06-22 19:04:25,034 - SUAS - DEBUG - [SUAS_main.main:745] - Waiting for mode change to: AUTO
2025-06-22 19:04:25,536 - SUAS - DEBUG - [SUAS_main.main:745] - Waiting for mode change to: AUTO
2025-06-22 19:04:26,037 - SUAS - DEBUG - [SUAS_main.main:745] - Waiting for mode change to: AUTO
2025-06-22 19:04:26,539 - SUAS - DEBUG - [SUAS_main.main:745] - Waiting for mode change to: AUTO
2025-06-22 19:04:27,040 - SUAS - DEBUG - [SUAS_main.main:745] - Waiting for mode change to: AUTO
2025-06-22 19:04:27,542 - SUAS - DEBUG - [SUAS_main.main:745] - Waiting for mode change to: AUTO
2025-06-22 19:04:28,043 - SUAS - DEBUG - [SUAS_main.main:745] - Waiting for mode change to: AUTO
2025-06-22 19:04:28,544 - SUAS - DEBUG - [SUAS_main.main:745] - Waiting for mode change to: AUTO
2025-06-22 19:04:29,046 - SUAS - DEBUG - [SUAS_main.main:745] - Waiting for mode change to: AUTO
2025-06-22 19:04:29,547 - SUAS - DEBUG - [SUAS_main.main:745] - Waiting for mode change to: AUTO
2025-06-22 19:04:30,050 - SUAS - DEBUG - [SUAS_main.main:745] - Waiting for mode change to: AUTO
2025-06-22 19:04:30,552 - SUAS - DEBUG - [SUAS_main.main:745] - Waiting for mode change to: AUTO
2025-06-22 19:04:31,053 - SUAS - DEBUG - [SUAS_main.main:745] - Waiting for mode change to: AUTO
2025-06-22 19:04:31,555 - SUAS - DEBUG - [SUAS_main.main:745] - Waiting for mode change to: AUTO
2025-06-22 19:04:32,056 - SUAS - DEBUG - [SUAS_main.main:745] - Waiting for mode change to: AUTO
2025-06-22 19:04:32,558 - SUAS - DEBUG - [SUAS_main.main:745] - Waiting for mode change to: AUTO
2025-06-22 19:04:33,059 - SUAS - DEBUG - [SUAS_main.main:745] - Waiting for mode change to: AUTO
2025-06-22 19:04:33,560 - SUAS - DEBUG - [SUAS_main.main:745] - Waiting for mode change to: AUTO
2025-06-22 19:04:34,062 - SUAS - DEBUG - [SUAS_main.main:745] - Waiting for mode change to: AUTO
2025-06-22 19:04:34,564 - SUAS - DEBUG - [SUAS_main.main:745] - Waiting for mode change to: AUTO
2025-06-22 19:04:35,066 - SUAS - DEBUG - [SUAS_main.main:745] - Waiting for mode change to: AUTO
2025-06-22 19:04:35,568 - SUAS - DEBUG - [SUAS_main.main:745] - Waiting for mode change to: AUTO
2025-06-22 19:04:36,069 - SUAS - DEBUG - [SUAS_main.main:745] - Waiting for mode change to: AUTO
2025-06-22 19:04:36,571 - SUAS - DEBUG - [SUAS_main.main:745] - Waiting for mode change to: AUTO
2025-06-22 19:04:37,072 - SUAS - DEBUG - [SUAS_main.main:745] - Waiting for mode change to: AUTO
2025-06-22 19:04:37,573 - SUAS - DEBUG - [SUAS_main.main:745] - Waiting for mode change to: AUTO
2025-06-22 19:04:38,075 - SUAS - DEBUG - [SUAS_main.main:745] - Waiting for mode change to: AUTO
2025-06-22 19:04:38,576 - SUAS - DEBUG - [SUAS_main.main:745] - Waiting for mode change to: AUTO
2025-06-22 19:04:39,078 - SUAS - DEBUG - [SUAS_main.main:745] - Waiting for mode change to: AUTO
2025-06-22 19:04:39,579 - SUAS - DEBUG - [SUAS_main.main:745] - Waiting for mode change to: AUTO
2025-06-22 19:04:40,081 - SUAS - DEBUG - [SUAS_main.main:745] - Waiting for mode change to: AUTO
2025-06-22 19:04:40,583 - SUAS - DEBUG - [SUAS_main.main:745] - Waiting for mode change to: AUTO
2025-06-22 19:04:41,084 - SUAS - DEBUG - [SUAS_main.main:745] - Waiting for mode change to: AUTO
2025-06-22 19:04:41,586 - SUAS - DEBUG - [SUAS_main.main:745] - Waiting for mode change to: AUTO
2025-06-22 19:04:42,087 - SUAS - DEBUG - [SUAS_main.main:745] - Waiting for mode change to: AUTO
2025-06-22 19:04:42,588 - SUAS - DEBUG - [SUAS_main.main:745] - Waiting for mode change to: AUTO
2025-06-22 19:04:43,089 - SUAS - DEBUG - [SUAS_main.main:745] - Waiting for mode change to: AUTO
2025-06-22 19:04:43,591 - SUAS - DEBUG - [SUAS_main.main:745] - Waiting for mode change to: AUTO
2025-06-22 19:04:44,092 - SUAS - DEBUG - [SUAS_main.main:745] - Waiting for mode change to: AUTO
2025-06-22 19:04:44,594 - SUAS - DEBUG - [SUAS_main.main:745] - Waiting for mode change to: AUTO
2025-06-22 19:04:45,095 - SUAS - DEBUG - [SUAS_main.main:745] - Waiting for mode change to: AUTO
2025-06-22 19:04:45,596 - SUAS - DEBUG - [SUAS_main.main:745] - Waiting for mode change to: AUTO
2025-06-22 19:04:46,098 - SUAS - DEBUG - [SUAS_main.main:745] - Waiting for mode change to: AUTO
2025-06-22 19:04:46,600 - SUAS - DEBUG - [SUAS_main.main:745] - Waiting for mode change to: AUTO
2025-06-22 19:04:47,101 - SUAS - DEBUG - [SUAS_main.main:745] - Waiting for mode change to: AUTO
2025-06-22 19:04:47,603 - SUAS - DEBUG - [SUAS_main.main:745] - Waiting for mode change to: AUTO
2025-06-22 19:04:48,104 - SUAS - DEBUG - [SUAS_main.main:745] - Waiting for mode change to: AUTO
2025-06-22 19:04:48,605 - SUAS - DEBUG - [SUAS_main.main:745] - Waiting for mode change to: AUTO
2025-06-22 19:04:49,107 - SUAS - DEBUG - [SUAS_main.main:745] - Waiting for mode change to: AUTO
2025-06-22 19:04:49,608 - SUAS - DEBUG - [SUAS_main.main:745] - Waiting for mode change to: AUTO
2025-06-22 19:04:50,109 - SUAS - DEBUG - [SUAS_main.main:745] - Waiting for mode change to: AUTO
2025-06-22 19:04:50,611 - SUAS - DEBUG - [SUAS_main.main:745] - Waiting for mode change to: AUTO
2025-06-22 19:04:51,112 - SUAS - DEBUG - [SUAS_main.main:745] - Waiting for mode change to: AUTO
2025-06-22 19:04:51,614 - SUAS - DEBUG - [SUAS_main.main:745] - Waiting for mode change to: AUTO
2025-06-22 19:04:52,115 - SUAS - DEBUG - [SUAS_main.main:745] - Waiting for mode change to: AUTO
2025-06-22 19:04:52,617 - SUAS - DEBUG - [SUAS_main.main:745] - Waiting for mode change to: AUTO
2025-06-22 19:04:53,118 - SUAS - DEBUG - [SUAS_main.main:745] - Waiting for mode change to: AUTO
2025-06-22 19:04:53,620 - SUAS - DEBUG - [SUAS_main.main:745] - Waiting for mode change to: AUTO
2025-06-22 19:04:54,121 - SUAS - DEBUG - [SUAS_main.main:745] - Waiting for mode change to: AUTO
2025-06-22 19:04:54,623 - SUAS - DEBUG - [SUAS_main.main:745] - Waiting for mode change to: AUTO
2025-06-22 19:04:55,124 - SUAS - DEBUG - [SUAS_main.main:745] - Waiting for mode change to: AUTO
2025-06-22 19:04:55,626 - SUAS - DEBUG - [SUAS_main.main:745] - Waiting for mode change to: AUTO
2025-06-22 19:04:56,127 - SUAS - DEBUG - [SUAS_main.main:745] - Waiting for mode change to: AUTO
2025-06-22 19:04:56,628 - SUAS - DEBUG - [SUAS_main.main:745] - Waiting for mode change to: AUTO
2025-06-22 19:04:57,130 - SUAS - DEBUG - [SUAS_main.main:745] - Waiting for mode change to: AUTO
2025-06-22 19:04:57,631 - SUAS - DEBUG - [SUAS_main.main:745] - Waiting for mode change to: AUTO
2025-06-22 19:04:58,132 - SUAS - DEBUG - [SUAS_main.main:745] - Waiting for mode change to: AUTO
2025-06-22 19:04:58,634 - SUAS - DEBUG - [SUAS_main.main:745] - Waiting for mode change to: AUTO
2025-06-22 19:04:59,136 - SUAS - DEBUG - [SUAS_main.main:745] - Waiting for mode change to: AUTO
2025-06-22 19:04:59,637 - SUAS - DEBUG - [SUAS_main.main:745] - Waiting for mode change to: AUTO
2025-06-22 19:05:00,139 - SUAS - DEBUG - [SUAS_main.main:745] - Waiting for mode change to: AUTO
2025-06-22 19:05:00,640 - SUAS - DEBUG - [SUAS_main.main:745] - Waiting for mode change to: AUTO
2025-06-22 19:05:01,142 - SUAS - DEBUG - [SUAS_main.main:745] - Waiting for mode change to: AUTO
2025-06-22 19:05:01,643 - SUAS - DEBUG - [SUAS_main.main:745] - Waiting for mode change to: AUTO
2025-06-22 19:05:02,144 - SUAS - DEBUG - [SUAS_main.main:745] - Waiting for mode change to: AUTO
2025-06-22 19:05:02,646 - SUAS - DEBUG - [SUAS_main.main:745] - Waiting for mode change to: AUTO
2025-06-22 19:05:03,147 - SUAS - DEBUG - [SUAS_main.main:745] - Waiting for mode change to: AUTO
2025-06-22 19:05:03,648 - SUAS - DEBUG - [SUAS_main.main:745] - Waiting for mode change to: AUTO
2025-06-22 19:05:04,150 - SUAS - DEBUG - [SUAS_main.main:745] - Waiting for mode change to: AUTO
2025-06-22 19:05:04,652 - SUAS - DEBUG - [SUAS_main.main:745] - Waiting for mode change to: AUTO
2025-06-22 19:05:05,154 - SUAS - DEBUG - [SUAS_main.main:745] - Waiting for mode change to: AUTO
2025-06-22 19:05:05,655 - SUAS - DEBUG - [SUAS_main.main:745] - Waiting for mode change to: AUTO
2025-06-22 19:05:06,156 - SUAS - DEBUG - [SUAS_main.main:745] - Waiting for mode change to: AUTO
2025-06-22 19:05:06,658 - SUAS - DEBUG - [SUAS_main.main:745] - Waiting for mode change to: AUTO
2025-06-22 19:05:07,159 - SUAS - DEBUG - [SUAS_main.main:745] - Waiting for mode change to: AUTO
2025-06-22 19:05:07,660 - SUAS - DEBUG - [SUAS_main.main:745] - Waiting for mode change to: AUTO
2025-06-22 19:05:08,162 - SUAS - DEBUG - [SUAS_main.main:745] - Waiting for mode change to: AUTO
2025-06-22 19:05:08,663 - SUAS - DEBUG - [SUAS_main.main:745] - Waiting for mode change to: AUTO
2025-06-22 19:05:09,164 - SUAS - DEBUG - [SUAS_main.main:745] - Waiting for mode change to: AUTO
2025-06-22 19:05:09,666 - SUAS - DEBUG - [SUAS_main.main:745] - Waiting for mode change to: AUTO
2025-06-22 19:05:10,168 - SUAS - DEBUG - [SUAS_main.main:745] - Waiting for mode change to: AUTO
2025-06-22 19:05:10,670 - SUAS - DEBUG - [SUAS_main.main:745] - Waiting for mode change to: AUTO
2025-06-22 19:05:11,171 - SUAS - DEBUG - [SUAS_main.main:745] - Waiting for mode change to: AUTO
2025-06-22 19:05:11,673 - SUAS - DEBUG - [SUAS_main.main:745] - Waiting for mode change to: AUTO
2025-06-22 19:05:12,174 - SUAS - DEBUG - [SUAS_main.main:745] - Waiting for mode change to: AUTO
2025-06-22 19:05:12,676 - SUAS - DEBUG - [SUAS_main.main:745] - Waiting for mode change to: AUTO
2025-06-22 19:05:13,177 - SUAS - DEBUG - [SUAS_main.main:745] - Waiting for mode change to: AUTO
2025-06-22 19:05:13,679 - SUAS - DEBUG - [SUAS_main.main:745] - Waiting for mode change to: AUTO
2025-06-22 19:05:14,180 - SUAS - DEBUG - [SUAS_main.main:745] - Waiting for mode change to: AUTO
2025-06-22 19:05:14,681 - SUAS - DEBUG - [SUAS_main.main:745] - Waiting for mode change to: AUTO
2025-06-22 19:05:15,183 - SUAS - DEBUG - [SUAS_main.main:745] - Waiting for mode change to: AUTO
2025-06-22 19:05:15,684 - SUAS - DEBUG - [SUAS_main.main:745] - Waiting for mode change to: AUTO
2025-06-22 19:05:16,186 - SUAS - DEBUG - [SUAS_main.main:745] - Waiting for mode change to: AUTO
2025-06-22 19:05:16,687 - SUAS - DEBUG - [SUAS_main.main:745] - Waiting for mode change to: AUTO
2025-06-22 19:05:17,189 - SUAS - DEBUG - [SUAS_main.main:745] - Waiting for mode change to: AUTO
2025-06-22 19:05:17,691 - SUAS - DEBUG - [SUAS_main.main:745] - Waiting for mode change to: AUTO
2025-06-22 19:05:18,192 - SUAS - DEBUG - [SUAS_main.main:745] - Waiting for mode change to: AUTO
2025-06-22 19:05:18,694 - SUAS - DEBUG - [SUAS_main.main:745] - Waiting for mode change to: AUTO
2025-06-22 19:05:19,195 - SUAS - DEBUG - [SUAS_main.main:745] - Waiting for mode change to: AUTO
2025-06-22 19:05:19,696 - SUAS - DEBUG - [SUAS_main.main:745] - Waiting for mode change to: AUTO
2025-06-22 19:05:20,198 - SUAS - DEBUG - [SUAS_main.main:745] - Waiting for mode change to: AUTO
2025-06-22 19:05:20,699 - SUAS - DEBUG - [SUAS_main.main:745] - Waiting for mode change to: AUTO
2025-06-22 19:05:21,200 - SUAS - DEBUG - [SUAS_main.main:745] - Waiting for mode change to: AUTO
2025-06-22 19:05:21,702 - SUAS - DEBUG - [SUAS_main.main:745] - Waiting for mode change to: AUTO
2025-06-22 19:05:22,204 - SUAS - DEBUG - [SUAS_main.main:745] - Waiting for mode change to: AUTO
2025-06-22 19:05:22,705 - SUAS - DEBUG - [SUAS_main.main:745] - Waiting for mode change to: AUTO
2025-06-22 19:05:23,207 - SUAS - DEBUG - [SUAS_main.main:745] - Waiting for mode change to: AUTO
2025-06-22 19:05:23,708 - SUAS - DEBUG - [SUAS_main.main:745] - Waiting for mode change to: AUTO
2025-06-22 19:05:24,210 - SUAS - DEBUG - [SUAS_main.main:745] - Waiting for mode change to: AUTO
2025-06-22 19:05:24,711 - SUAS - DEBUG - [SUAS_main.main:745] - Waiting for mode change to: AUTO
2025-06-22 19:05:25,212 - SUAS - DEBUG - [SUAS_main.main:745] - Waiting for mode change to: AUTO
2025-06-22 19:05:25,714 - SUAS - DEBUG - [SUAS_main.main:745] - Waiting for mode change to: AUTO
2025-06-22 19:05:26,215 - SUAS - DEBUG - [SUAS_main.main:745] - Waiting for mode change to: AUTO
2025-06-22 19:05:26,716 - SUAS - DEBUG - [SUAS_main.main:745] - Waiting for mode change to: AUTO
2025-06-22 19:05:27,218 - SUAS - DEBUG - [SUAS_main.main:745] - Waiting for mode change to: AUTO
2025-06-22 19:05:27,719 - SUAS - DEBUG - [SUAS_main.main:745] - Waiting for mode change to: AUTO
2025-06-22 19:05:28,220 - SUAS - DEBUG - [SUAS_main.main:745] - Waiting for mode change to: AUTO
2025-06-22 19:05:28,722 - SUAS - DEBUG - [SUAS_main.main:745] - Waiting for mode change to: AUTO
2025-06-22 19:05:29,223 - SUAS - DEBUG - [SUAS_main.main:745] - Waiting for mode change to: AUTO
2025-06-22 19:05:29,725 - SUAS - DEBUG - [SUAS_main.main:745] - Waiting for mode change to: AUTO
2025-06-22 19:05:30,227 - SUAS - DEBUG - [SUAS_main.main:745] - Waiting for mode change to: AUTO
2025-06-22 19:05:30,728 - SUAS - DEBUG - [SUAS_main.main:745] - Waiting for mode change to: AUTO
2025-06-22 19:05:31,230 - SUAS - DEBUG - [SUAS_main.main:745] - Waiting for mode change to: AUTO
2025-06-22 19:05:31,731 - SUAS - DEBUG - [SUAS_main.main:745] - Waiting for mode change to: AUTO
2025-06-22 19:05:32,232 - SUAS - DEBUG - [SUAS_main.main:745] - Waiting for mode change to: AUTO
2025-06-22 19:05:32,734 - SUAS - DEBUG - [SUAS_main.main:745] - Waiting for mode change to: AUTO
2025-06-22 19:05:33,235 - SUAS - DEBUG - [SUAS_main.main:745] - Waiting for mode change to: AUTO
2025-06-22 19:05:33,736 - SUAS - DEBUG - [SUAS_main.main:745] - Waiting for mode change to: AUTO
2025-06-22 19:05:34,238 - SUAS - DEBUG - [SUAS_main.main:745] - Waiting for mode change to: AUTO
2025-06-22 19:05:34,739 - SUAS - DEBUG - [SUAS_main.main:745] - Waiting for mode change to: AUTO
2025-06-22 19:05:35,240 - SUAS - DEBUG - [SUAS_main.main:745] - Waiting for mode change to: AUTO
2025-06-22 19:05:35,742 - SUAS - DEBUG - [SUAS_main.main:745] - Waiting for mode change to: AUTO
2025-06-22 19:05:36,244 - SUAS - DEBUG - [SUAS_main.main:745] - Waiting for mode change to: AUTO
2025-06-22 19:05:36,745 - SUAS - DEBUG - [SUAS_main.main:745] - Waiting for mode change to: AUTO
2025-06-22 19:05:37,247 - SUAS - DEBUG - [SUAS_main.main:745] - Waiting for mode change to: AUTO
2025-06-22 19:05:37,748 - SUAS - DEBUG - [SUAS_main.main:745] - Waiting for mode change to: AUTO
2025-06-22 19:05:38,249 - SUAS - DEBUG - [SUAS_main.main:745] - Waiting for mode change to: AUTO
2025-06-22 19:05:38,751 - SUAS - DEBUG - [SUAS_main.main:745] - Waiting for mode change to: AUTO
2025-06-22 19:05:39,252 - SUAS - DEBUG - [SUAS_main.main:745] - Waiting for mode change to: AUTO
2025-06-22 19:05:39,754 - SUAS - DEBUG - [SUAS_main.main:745] - Waiting for mode change to: AUTO
2025-06-22 19:05:40,255 - SUAS - DEBUG - [SUAS_main.main:745] - Waiting for mode change to: AUTO
2025-06-22 19:05:40,757 - SUAS - DEBUG - [SUAS_main.main:745] - Waiting for mode change to: AUTO
2025-06-22 19:05:41,259 - SUAS - DEBUG - [SUAS_main.main:745] - Waiting for mode change to: AUTO
2025-06-22 19:05:41,760 - SUAS - DEBUG - [SUAS_main.main:745] - Waiting for mode change to: AUTO
2025-06-22 19:05:42,262 - SUAS - DEBUG - [SUAS_main.main:745] - Waiting for mode change to: AUTO
2025-06-22 19:05:42,763 - SUAS - DEBUG - [SUAS_main.main:745] - Waiting for mode change to: AUTO
2025-06-22 19:05:43,264 - SUAS - DEBUG - [SUAS_main.main:745] - Waiting for mode change to: AUTO
2025-06-22 19:05:43,766 - SUAS - DEBUG - [SUAS_main.main:745] - Waiting for mode change to: AUTO
2025-06-22 19:05:44,267 - SUAS - DEBUG - [SUAS_main.main:745] - Waiting for mode change to: AUTO
2025-06-22 19:05:44,768 - SUAS - DEBUG - [SUAS_main.main:745] - Waiting for mode change to: AUTO
2025-06-22 19:05:45,270 - SUAS - DEBUG - [SUAS_main.main:745] - Waiting for mode change to: AUTO
2025-06-22 19:05:45,771 - SUAS - DEBUG - [SUAS_main.main:745] - Waiting for mode change to: AUTO
2025-06-22 19:05:46,272 - SUAS - DEBUG - [SUAS_main.main:745] - Waiting for mode change to: AUTO
2025-06-22 19:05:46,774 - SUAS - DEBUG - [SUAS_main.main:745] - Waiting for mode change to: AUTO
2025-06-22 19:05:47,275 - SUAS - DEBUG - [SUAS_main.main:745] - Waiting for mode change to: AUTO
2025-06-22 19:05:47,777 - SUAS - DEBUG - [SUAS_main.main:745] - Waiting for mode change to: AUTO
2025-06-22 19:05:48,279 - SUAS - DEBUG - [SUAS_main.main:745] - Waiting for mode change to: AUTO
2025-06-22 19:05:48,780 - SUAS - DEBUG - [SUAS_main.main:745] - Waiting for mode change to: AUTO
2025-06-22 19:05:49,282 - SUAS - DEBUG - [SUAS_main.main:745] - Waiting for mode change to: AUTO
2025-06-22 19:05:49,783 - SUAS - DEBUG - [SUAS_main.main:745] - Waiting for mode change to: AUTO
2025-06-22 19:05:50,284 - SUAS - DEBUG - [SUAS_main.main:745] - Waiting for mode change to: AUTO
2025-06-22 19:05:50,786 - SUAS - DEBUG - [SUAS_main.main:745] - Waiting for mode change to: AUTO
2025-06-22 19:05:51,287 - SUAS - DEBUG - [SUAS_main.main:745] - Waiting for mode change to: AUTO
2025-06-22 19:05:51,789 - SUAS - DEBUG - [SUAS_main.main:745] - Waiting for mode change to: AUTO
2025-06-22 19:05:52,290 - SUAS - DEBUG - [SUAS_main.main:745] - Waiting for mode change to: AUTO
2025-06-22 19:05:52,792 - SUAS - DEBUG - [SUAS_main.main:745] - Waiting for mode change to: AUTO
2025-06-22 19:05:53,294 - SUAS - DEBUG - [SUAS_main.main:745] - Waiting for mode change to: AUTO
2025-06-22 19:05:53,795 - SUAS - DEBUG - [SUAS_main.main:745] - Waiting for mode change to: AUTO
2025-06-22 19:05:54,297 - SUAS - DEBUG - [SUAS_main.main:745] - Waiting for mode change to: AUTO
2025-06-22 19:05:54,798 - SUAS - DEBUG - [SUAS_main.main:745] - Waiting for mode change to: AUTO
2025-06-22 19:05:55,300 - SUAS - DEBUG - [SUAS_main.main:745] - Waiting for mode change to: AUTO
2025-06-22 19:05:55,801 - SUAS - DEBUG - [SUAS_main.main:745] - Waiting for mode change to: AUTO
2025-06-22 19:05:56,303 - SUAS - DEBUG - [SUAS_main.main:745] - Waiting for mode change to: AUTO
2025-06-22 19:05:56,804 - SUAS - DEBUG - [SUAS_main.main:745] - Waiting for mode change to: AUTO
2025-06-22 19:05:57,306 - SUAS - DEBUG - [SUAS_main.main:745] - Waiting for mode change to: AUTO
2025-06-22 19:05:57,807 - SUAS - DEBUG - [SUAS_main.main:745] - Waiting for mode change to: AUTO
2025-06-22 19:05:58,308 - SUAS - DEBUG - [SUAS_main.main:745] - Waiting for mode change to: AUTO
2025-06-22 19:05:58,810 - SUAS - DEBUG - [SUAS_main.main:745] - Waiting for mode change to: AUTO
2025-06-22 19:05:59,311 - SUAS - DEBUG - [SUAS_main.main:745] - Waiting for mode change to: AUTO
2025-06-22 19:05:59,813 - SUAS - DEBUG - [SUAS_main.main:745] - Waiting for mode change to: AUTO
2025-06-22 19:06:00,314 - SUAS - DEBUG - [SUAS_main.main:745] - Waiting for mode change to: AUTO
2025-06-22 19:06:00,816 - SUAS - DEBUG - [SUAS_main.main:745] - Waiting for mode change to: AUTO
2025-06-22 19:06:01,317 - SUAS - DEBUG - [SUAS_main.main:745] - Waiting for mode change to: AUTO
2025-06-22 19:06:01,819 - SUAS - DEBUG - [SUAS_main.main:745] - Waiting for mode change to: AUTO
2025-06-22 19:06:02,320 - SUAS - DEBUG - [SUAS_main.main:745] - Waiting for mode change to: AUTO
2025-06-22 19:06:02,822 - SUAS - DEBUG - [SUAS_main.main:745] - Waiting for mode change to: AUTO
2025-06-22 19:06:03,323 - SUAS - DEBUG - [SUAS_main.main:745] - Waiting for mode change to: AUTO
2025-06-22 19:06:03,824 - SUAS - DEBUG - [SUAS_main.main:745] - Waiting for mode change to: AUTO
2025-06-22 19:06:04,326 - SUAS - DEBUG - [SUAS_main.main:745] - Waiting for mode change to: AUTO
2025-06-22 19:06:04,828 - SUAS - DEBUG - [SUAS_main.main:745] - Waiting for mode change to: AUTO
2025-06-22 19:06:05,329 - SUAS - DEBUG - [SUAS_main.main:745] - Waiting for mode change to: AUTO
2025-06-22 19:06:05,831 - SUAS - DEBUG - [SUAS_main.main:745] - Waiting for mode change to: AUTO
2025-06-22 19:06:06,332 - SUAS - DEBUG - [SUAS_main.main:745] - Waiting for mode change to: AUTO
2025-06-22 19:06:06,834 - SUAS - DEBUG - [SUAS_main.main:745] - Waiting for mode change to: AUTO
2025-06-22 19:06:07,335 - SUAS - DEBUG - [SUAS_main.main:745] - Waiting for mode change to: AUTO
2025-06-22 19:06:07,836 - SUAS - DEBUG - [SUAS_main.main:745] - Waiting for mode change to: AUTO
2025-06-22 19:06:08,337 - SUAS - DEBUG - [SUAS_main.main:745] - Waiting for mode change to: AUTO
2025-06-22 19:06:08,839 - SUAS - DEBUG - [SUAS_main.main:745] - Waiting for mode change to: AUTO
2025-06-22 19:06:09,340 - SUAS - DEBUG - [SUAS_main.main:745] - Waiting for mode change to: AUTO
2025-06-22 19:06:09,842 - SUAS - DEBUG - [SUAS_main.main:745] - Waiting for mode change to: AUTO
2025-06-22 19:06:10,343 - SUAS - DEBUG - [SUAS_main.main:745] - Waiting for mode change to: AUTO
2025-06-22 19:06:10,844 - SUAS - DEBUG - [SUAS_main.main:745] - Waiting for mode change to: AUTO
2025-06-22 19:06:11,346 - SUAS - DEBUG - [SUAS_main.main:745] - Waiting for mode change to: AUTO
2025-06-22 19:06:11,847 - SUAS - DEBUG - [SUAS_main.main:745] - Waiting for mode change to: AUTO
2025-06-22 19:06:12,349 - SUAS - DEBUG - [SUAS_main.main:745] - Waiting for mode change to: AUTO
2025-06-22 19:06:12,850 - SUAS - DEBUG - [SUAS_main.main:745] - Waiting for mode change to: AUTO
2025-06-22 19:06:13,352 - SUAS - DEBUG - [SUAS_main.main:745] - Waiting for mode change to: AUTO
2025-06-22 19:06:13,853 - SUAS - DEBUG - [SUAS_main.main:745] - Waiting for mode change to: AUTO
2025-06-22 19:06:14,355 - SUAS - DEBUG - [SUAS_main.main:745] - Waiting for mode change to: AUTO
2025-06-22 19:06:14,856 - SUAS - DEBUG - [SUAS_main.main:745] - Waiting for mode change to: AUTO
2025-06-22 19:06:15,357 - SUAS - DEBUG - [SUAS_main.main:745] - Waiting for mode change to: AUTO
2025-06-22 19:06:15,859 - SUAS - DEBUG - [SUAS_main.main:745] - Waiting for mode change to: AUTO
2025-06-22 19:06:16,360 - SUAS - DEBUG - [SUAS_main.main:745] - Waiting for mode change to: AUTO
2025-06-22 19:06:16,862 - SUAS - DEBUG - [SUAS_main.main:745] - Waiting for mode change to: AUTO
2025-06-22 19:06:17,363 - SUAS - DEBUG - [SUAS_main.main:745] - Waiting for mode change to: AUTO
2025-06-22 19:06:17,864 - SUAS - DEBUG - [SUAS_main.main:745] - Waiting for mode change to: AUTO
2025-06-22 19:06:18,366 - SUAS - DEBUG - [SUAS_main.main:745] - Waiting for mode change to: AUTO
2025-06-22 19:06:18,868 - SUAS - DEBUG - [SUAS_main.main:745] - Waiting for mode change to: AUTO
2025-06-22 19:06:19,369 - SUAS - DEBUG - [SUAS_main.main:745] - Waiting for mode change to: AUTO
2025-06-22 19:06:19,871 - SUAS - DEBUG - [SUAS_main.main:745] - Waiting for mode change to: AUTO
2025-06-22 19:06:20,372 - SUAS - DEBUG - [SUAS_main.main:745] - Waiting for mode change to: AUTO
2025-06-22 19:06:20,873 - SUAS - DEBUG - [SUAS_main.main:745] - Waiting for mode change to: AUTO
2025-06-22 19:06:21,375 - SUAS - DEBUG - [SUAS_main.main:745] - Waiting for mode change to: AUTO
2025-06-22 19:06:21,876 - SUAS - DEBUG - [SUAS_main.main:745] - Waiting for mode change to: AUTO
2025-06-22 19:06:22,378 - SUAS - DEBUG - [SUAS_main.main:745] - Waiting for mode change to: AUTO
2025-06-22 19:06:22,879 - SUAS - DEBUG - [SUAS_main.main:745] - Waiting for mode change to: AUTO
2025-06-22 19:06:23,381 - SUAS - DEBUG - [SUAS_main.main:745] - Waiting for mode change to: AUTO
2025-06-22 19:06:23,882 - SUAS - DEBUG - [SUAS_main.main:745] - Waiting for mode change to: AUTO
2025-06-22 19:06:24,384 - SUAS - DEBUG - [SUAS_main.main:745] - Waiting for mode change to: AUTO
2025-06-22 19:06:24,885 - SUAS - DEBUG - [SUAS_main.main:745] - Waiting for mode change to: AUTO
2025-06-22 19:06:25,387 - SUAS - DEBUG - [SUAS_main.main:745] - Waiting for mode change to: AUTO
2025-06-22 19:06:25,888 - SUAS - DEBUG - [SUAS_main.main:745] - Waiting for mode change to: AUTO
2025-06-22 19:06:26,389 - SUAS - DEBUG - [SUAS_main.main:745] - Waiting for mode change to: AUTO
2025-06-22 19:06:26,891 - SUAS - DEBUG - [SUAS_main.main:745] - Waiting for mode change to: AUTO
2025-06-22 19:06:27,392 - SUAS - DEBUG - [SUAS_main.main:745] - Waiting for mode change to: AUTO
2025-06-22 19:06:27,894 - SUAS - DEBUG - [SUAS_main.main:745] - Waiting for mode change to: AUTO
2025-06-22 19:06:28,395 - SUAS - DEBUG - [SUAS_main.main:745] - Waiting for mode change to: AUTO
2025-06-22 19:06:28,896 - SUAS - DEBUG - [SUAS_main.main:745] - Waiting for mode change to: AUTO
2025-06-22 19:06:29,398 - SUAS - DEBUG - [SUAS_main.main:745] - Waiting for mode change to: AUTO
2025-06-22 19:06:29,899 - SUAS - DEBUG - [SUAS_main.main:745] - Waiting for mode change to: AUTO
2025-06-22 19:06:30,401 - SUAS - DEBUG - [SUAS_main.main:745] - Waiting for mode change to: AUTO
2025-06-22 19:06:30,903 - SUAS - DEBUG - [SUAS_main.main:745] - Waiting for mode change to: AUTO
2025-06-22 19:06:31,404 - SUAS - DEBUG - [SUAS_main.main:745] - Waiting for mode change to: AUTO
2025-06-22 19:06:31,906 - SUAS - DEBUG - [SUAS_main.main:745] - Waiting for mode change to: AUTO
2025-06-22 19:06:32,407 - SUAS - DEBUG - [SUAS_main.main:745] - Waiting for mode change to: AUTO
2025-06-22 19:06:32,908 - SUAS - DEBUG - [SUAS_main.main:745] - Waiting for mode change to: AUTO
2025-06-22 19:06:33,409 - SUAS - DEBUG - [SUAS_main.main:745] - Waiting for mode change to: AUTO
2025-06-22 19:06:33,911 - SUAS - DEBUG - [SUAS_main.main:745] - Waiting for mode change to: AUTO
2025-06-22 19:06:34,412 - SUAS - DEBUG - [SUAS_main.main:745] - Waiting for mode change to: AUTO
2025-06-22 19:06:34,914 - SUAS - DEBUG - [SUAS_main.main:745] - Waiting for mode change to: AUTO
2025-06-22 19:06:35,416 - SUAS - DEBUG - [SUAS_main.main:745] - Waiting for mode change to: AUTO
2025-06-22 19:06:35,917 - SUAS - DEBUG - [SUAS_main.main:745] - Waiting for mode change to: AUTO
2025-06-22 19:06:36,419 - SUAS - DEBUG - [SUAS_main.main:745] - Waiting for mode change to: AUTO
2025-06-22 19:06:36,920 - SUAS - DEBUG - [SUAS_main.main:745] - Waiting for mode change to: AUTO
2025-06-22 19:06:37,421 - SUAS - DEBUG - [SUAS_main.main:745] - Waiting for mode change to: AUTO
2025-06-22 19:06:37,923 - SUAS - DEBUG - [SUAS_main.main:745] - Waiting for mode change to: AUTO
2025-06-22 19:06:38,424 - SUAS - DEBUG - [SUAS_main.main:745] - Waiting for mode change to: AUTO
2025-06-22 19:06:38,926 - SUAS - DEBUG - [SUAS_main.main:745] - Waiting for mode change to: AUTO
2025-06-22 19:06:39,427 - SUAS - DEBUG - [SUAS_main.main:745] - Waiting for mode change to: AUTO
2025-06-22 19:06:39,928 - SUAS - DEBUG - [SUAS_main.main:745] - Waiting for mode change to: AUTO
2025-06-22 19:06:40,430 - SUAS - DEBUG - [SUAS_main.main:745] - Waiting for mode change to: AUTO
2025-06-22 19:06:40,931 - SUAS - DEBUG - [SUAS_main.main:745] - Waiting for mode change to: AUTO
2025-06-22 19:06:41,432 - SUAS - DEBUG - [SUAS_main.main:745] - Waiting for mode change to: AUTO
2025-06-22 19:06:41,934 - SUAS - DEBUG - [SUAS_main.main:745] - Waiting for mode change to: AUTO
2025-06-22 19:06:42,436 - SUAS - DEBUG - [SUAS_main.main:745] - Waiting for mode change to: AUTO
2025-06-22 19:06:42,937 - SUAS - DEBUG - [SUAS_main.main:745] - Waiting for mode change to: AUTO
2025-06-22 19:06:43,439 - SUAS - DEBUG - [SUAS_main.main:745] - Waiting for mode change to: AUTO
2025-06-22 19:06:43,940 - SUAS - DEBUG - [SUAS_main.main:745] - Waiting for mode change to: AUTO
2025-06-22 19:06:44,442 - SUAS - DEBUG - [SUAS_main.main:745] - Waiting for mode change to: AUTO
2025-06-22 19:06:44,943 - SUAS - DEBUG - [SUAS_main.main:745] - Waiting for mode change to: AUTO
2025-06-22 19:06:45,444 - SUAS - DEBUG - [SUAS_main.main:745] - Waiting for mode change to: AUTO
2025-06-22 19:06:45,946 - SUAS - DEBUG - [SUAS_main.main:745] - Waiting for mode change to: AUTO
2025-06-22 19:06:46,447 - SUAS - DEBUG - [SUAS_main.main:745] - Waiting for mode change to: AUTO
2025-06-22 19:06:46,948 - SUAS - DEBUG - [SUAS_main.main:745] - Waiting for mode change to: AUTO
2025-06-22 19:06:47,450 - SUAS - DEBUG - [SUAS_main.main:745] - Waiting for mode change to: AUTO
2025-06-22 19:06:47,951 - SUAS - DEBUG - [SUAS_main.main:745] - Waiting for mode change to: AUTO
2025-06-22 19:06:48,453 - SUAS - DEBUG - [SUAS_main.main:745] - Waiting for mode change to: AUTO
2025-06-22 19:06:48,954 - SUAS - DEBUG - [SUAS_main.main:745] - Waiting for mode change to: AUTO
2025-06-22 19:06:49,456 - SUAS - DEBUG - [SUAS_main.main:745] - Waiting for mode change to: AUTO
2025-06-22 19:06:49,957 - SUAS - DEBUG - [SUAS_main.main:745] - Waiting for mode change to: AUTO
2025-06-22 19:06:50,459 - SUAS - DEBUG - [SUAS_main.main:745] - Waiting for mode change to: AUTO
2025-06-22 19:06:50,960 - SUAS - DEBUG - [SUAS_main.main:745] - Waiting for mode change to: AUTO
2025-06-22 19:06:51,462 - SUAS - DEBUG - [SUAS_main.main:745] - Waiting for mode change to: AUTO
2025-06-22 19:06:51,963 - SUAS - DEBUG - [SUAS_main.main:745] - Waiting for mode change to: AUTO
2025-06-22 19:06:52,464 - SUAS - DEBUG - [SUAS_main.main:745] - Waiting for mode change to: AUTO
2025-06-22 19:06:52,966 - SUAS - DEBUG - [SUAS_main.main:745] - Waiting for mode change to: AUTO
2025-06-22 19:06:53,467 - SUAS - DEBUG - [SUAS_main.main:745] - Waiting for mode change to: AUTO
2025-06-22 19:06:53,969 - SUAS - DEBUG - [SUAS_main.main:745] - Waiting for mode change to: AUTO
2025-06-22 19:06:54,471 - SUAS - DEBUG - [SUAS_main.main:745] - Waiting for mode change to: AUTO
2025-06-22 19:06:54,972 - SUAS - DEBUG - [SUAS_main.main:745] - Waiting for mode change to: AUTO
2025-06-22 19:06:55,474 - SUAS - DEBUG - [SUAS_main.main:745] - Waiting for mode change to: AUTO
2025-06-22 19:06:55,975 - SUAS - DEBUG - [SUAS_main.main:745] - Waiting for mode change to: AUTO
2025-06-22 19:06:56,477 - SUAS - DEBUG - [SUAS_main.main:745] - Waiting for mode change to: AUTO
2025-06-22 19:06:56,978 - SUAS - DEBUG - [SUAS_main.main:745] - Waiting for mode change to: AUTO
2025-06-22 19:06:57,480 - SUAS - DEBUG - [SUAS_main.main:745] - Waiting for mode change to: AUTO
2025-06-22 19:06:57,981 - SUAS - DEBUG - [SUAS_main.main:745] - Waiting for mode change to: AUTO
2025-06-22 19:06:58,483 - SUAS - DEBUG - [SUAS_main.main:745] - Waiting for mode change to: AUTO
2025-06-22 19:06:58,984 - SUAS - DEBUG - [SUAS_main.main:745] - Waiting for mode change to: AUTO
2025-06-22 19:06:59,486 - SUAS - DEBUG - [SUAS_main.main:745] - Waiting for mode change to: AUTO
2025-06-22 19:06:59,987 - SUAS - DEBUG - [SUAS_main.main:745] - Waiting for mode change to: AUTO
2025-06-22 19:07:00,489 - SUAS - DEBUG - [SUAS_main.main:745] - Waiting for mode change to: AUTO
2025-06-22 19:07:00,990 - SUAS - DEBUG - [SUAS_main.main:745] - Waiting for mode change to: AUTO
2025-06-22 19:07:01,492 - SUAS - DEBUG - [SUAS_main.main:745] - Waiting for mode change to: AUTO
2025-06-22 19:07:01,993 - SUAS - DEBUG - [SUAS_main.main:745] - Waiting for mode change to: AUTO
2025-06-22 19:07:02,495 - SUAS - DEBUG - [SUAS_main.main:745] - Waiting for mode change to: AUTO
2025-06-22 19:07:02,996 - SUAS - DEBUG - [SUAS_main.main:745] - Waiting for mode change to: AUTO
2025-06-22 19:07:03,498 - SUAS - DEBUG - [SUAS_main.main:745] - Waiting for mode change to: AUTO
2025-06-22 19:07:03,999 - SUAS - DEBUG - [SUAS_main.main:745] - Waiting for mode change to: AUTO
2025-06-22 19:07:04,500 - SUAS - DEBUG - [SUAS_main.main:745] - Waiting for mode change to: AUTO
2025-06-22 19:07:05,002 - SUAS - DEBUG - [SUAS_main.main:745] - Waiting for mode change to: AUTO
2025-06-22 19:07:05,503 - SUAS - DEBUG - [SUAS_main.main:745] - Waiting for mode change to: AUTO
2025-06-22 19:07:06,005 - SUAS - DEBUG - [SUAS_main.main:745] - Waiting for mode change to: AUTO
2025-06-22 19:07:06,507 - SUAS - DEBUG - [SUAS_main.main:745] - Waiting for mode change to: AUTO
2025-06-22 19:07:07,008 - SUAS - DEBUG - [SUAS_main.main:745] - Waiting for mode change to: AUTO
2025-06-22 19:07:07,510 - SUAS - DEBUG - [SUAS_main.main:745] - Waiting for mode change to: AUTO
2025-06-22 19:07:08,011 - SUAS - DEBUG - [SUAS_main.main:745] - Waiting for mode change to: AUTO
2025-06-22 19:07:08,512 - SUAS - DEBUG - [SUAS_main.main:745] - Waiting for mode change to: AUTO
2025-06-22 19:07:09,014 - SUAS - DEBUG - [SUAS_main.main:745] - Waiting for mode change to: AUTO
2025-06-22 19:07:09,515 - SUAS - DEBUG - [SUAS_main.main:745] - Waiting for mode change to: AUTO
2025-06-22 19:07:10,016 - SUAS - DEBUG - [SUAS_main.main:745] - Waiting for mode change to: AUTO
2025-06-22 19:07:10,518 - SUAS - DEBUG - [SUAS_main.main:745] - Waiting for mode change to: AUTO
2025-06-22 19:07:11,019 - SUAS - DEBUG - [SUAS_main.main:745] - Waiting for mode change to: AUTO
2025-06-22 19:07:11,520 - SUAS - DEBUG - [SUAS_main.main:745] - Waiting for mode change to: AUTO
2025-06-22 19:07:12,021 - SUAS - DEBUG - [SUAS_main.main:745] - Waiting for mode change to: AUTO
2025-06-22 19:07:12,556 - SUAS - DEBUG - [SUAS_main.main:745] - Waiting for mode change to: AUTO
2025-06-22 19:07:13,057 - SUAS - DEBUG - [SUAS_main.main:745] - Waiting for mode change to: AUTO
2025-06-22 19:07:13,559 - SUAS - DEBUG - [SUAS_main.main:745] - Waiting for mode change to: AUTO
2025-06-22 19:07:14,061 - SUAS - DEBUG - [SUAS_main.main:745] - Waiting for mode change to: AUTO
2025-06-22 19:07:14,563 - SUAS - DEBUG - [SUAS_main.main:745] - Waiting for mode change to: AUTO
2025-06-22 19:07:15,064 - SUAS - DEBUG - [SUAS_main.main:745] - Waiting for mode change to: AUTO
2025-06-22 19:07:15,566 - SUAS - DEBUG - [SUAS_main.main:745] - Waiting for mode change to: AUTO
2025-06-22 19:07:16,067 - SUAS - DEBUG - [SUAS_main.main:745] - Waiting for mode change to: AUTO
2025-06-22 19:07:16,569 - SUAS - DEBUG - [SUAS_main.main:745] - Waiting for mode change to: AUTO
2025-06-22 19:07:17,070 - SUAS - DEBUG - [SUAS_main.main:745] - Waiting for mode change to: AUTO
2025-06-22 19:07:17,572 - SUAS - DEBUG - [SUAS_main.main:745] - Waiting for mode change to: AUTO
2025-06-22 19:07:18,073 - SUAS - DEBUG - [SUAS_main.main:745] - Waiting for mode change to: AUTO
2025-06-22 19:07:18,575 - SUAS - DEBUG - [SUAS_main.main:745] - Waiting for mode change to: AUTO
2025-06-22 19:07:19,076 - SUAS - DEBUG - [SUAS_main.main:745] - Waiting for mode change to: AUTO
2025-06-22 19:07:19,578 - SUAS - DEBUG - [SUAS_main.main:745] - Waiting for mode change to: AUTO
2025-06-22 19:07:20,079 - SUAS - DEBUG - [SUAS_main.main:745] - Waiting for mode change to: AUTO
2025-06-22 19:07:20,580 - SUAS - DEBUG - [SUAS_main.main:745] - Waiting for mode change to: AUTO
2025-06-22 19:07:21,083 - SUAS - DEBUG - [SUAS_main.main:745] - Waiting for mode change to: AUTO
2025-06-22 19:07:21,584 - SUAS - DEBUG - [SUAS_main.main:745] - Waiting for mode change to: AUTO
2025-06-22 19:07:22,086 - SUAS - DEBUG - [SUAS_main.main:745] - Waiting for mode change to: AUTO
2025-06-22 19:07:22,587 - SUAS - DEBUG - [SUAS_main.main:745] - Waiting for mode change to: AUTO
2025-06-22 19:07:23,089 - SUAS - DEBUG - [SUAS_main.main:745] - Waiting for mode change to: AUTO
2025-06-22 19:07:23,590 - SUAS - DEBUG - [SUAS_main.main:745] - Waiting for mode change to: AUTO
2025-06-22 19:07:24,092 - SUAS - DEBUG - [SUAS_main.main:745] - Waiting for mode change to: AUTO
2025-06-22 19:07:24,593 - SUAS - DEBUG - [SUAS_main.main:745] - Waiting for mode change to: AUTO
2025-06-22 19:07:25,095 - SUAS - DEBUG - [SUAS_main.main:745] - Waiting for mode change to: AUTO
2025-06-22 19:07:25,596 - SUAS - DEBUG - [SUAS_main.main:745] - Waiting for mode change to: AUTO
2025-06-22 19:07:26,098 - SUAS - DEBUG - [SUAS_main.main:745] - Waiting for mode change to: AUTO
2025-06-22 19:07:26,599 - SUAS - DEBUG - [SUAS_main.main:745] - Waiting for mode change to: AUTO
2025-06-22 19:07:27,101 - SUAS - DEBUG - [SUAS_main.main:745] - Waiting for mode change to: AUTO
2025-06-22 19:07:27,603 - SUAS - DEBUG - [SUAS_main.main:745] - Waiting for mode change to: AUTO
2025-06-22 19:07:28,104 - SUAS - DEBUG - [SUAS_main.main:745] - Waiting for mode change to: AUTO
2025-06-22 19:07:28,606 - SUAS - DEBUG - [SUAS_main.main:745] - Waiting for mode change to: AUTO
2025-06-22 19:07:29,107 - SUAS - DEBUG - [SUAS_main.main:745] - Waiting for mode change to: AUTO
2025-06-22 19:07:29,608 - SUAS - DEBUG - [SUAS_main.main:745] - Waiting for mode change to: AUTO
2025-06-22 19:07:30,109 - SUAS - DEBUG - [SUAS_main.main:745] - Waiting for mode change to: AUTO
2025-06-22 19:07:30,611 - SUAS - DEBUG - [SUAS_main.main:745] - Waiting for mode change to: AUTO
2025-06-22 19:07:31,112 - SUAS - DEBUG - [SUAS_main.main:745] - Waiting for mode change to: AUTO
2025-06-22 19:07:31,614 - SUAS - DEBUG - [SUAS_main.main:745] - Waiting for mode change to: AUTO
2025-06-22 19:07:32,116 - SUAS - DEBUG - [SUAS_main.main:745] - Waiting for mode change to: AUTO
2025-06-22 19:07:32,617 - SUAS - DEBUG - [SUAS_main.main:745] - Waiting for mode change to: AUTO
2025-06-22 19:07:33,119 - SUAS - DEBUG - [SUAS_main.main:745] - Waiting for mode change to: AUTO
2025-06-22 19:07:33,621 - SUAS - DEBUG - [SUAS_main.main:745] - Waiting for mode change to: AUTO
2025-06-22 19:07:34,122 - SUAS - DEBUG - [SUAS_main.main:745] - Waiting for mode change to: AUTO
2025-06-22 19:07:34,624 - SUAS - DEBUG - [SUAS_main.main:745] - Waiting for mode change to: AUTO
2025-06-22 19:07:35,126 - SUAS - DEBUG - [SUAS_main.main:745] - Waiting for mode change to: AUTO
2025-06-22 19:07:35,627 - SUAS - DEBUG - [SUAS_main.main:745] - Waiting for mode change to: AUTO
2025-06-22 19:07:36,129 - SUAS - DEBUG - [SUAS_main.main:745] - Waiting for mode change to: AUTO
2025-06-22 19:07:36,630 - SUAS - DEBUG - [SUAS_main.main:745] - Waiting for mode change to: AUTO
2025-06-22 19:07:37,132 - SUAS - DEBUG - [SUAS_main.main:745] - Waiting for mode change to: AUTO
2025-06-22 19:07:37,633 - SUAS - DEBUG - [SUAS_main.main:745] - Waiting for mode change to: AUTO
2025-06-22 19:07:38,135 - SUAS - DEBUG - [SUAS_main.main:745] - Waiting for mode change to: AUTO
2025-06-22 19:07:38,636 - SUAS - DEBUG - [SUAS_main.main:745] - Waiting for mode change to: AUTO
2025-06-22 19:07:39,138 - SUAS - DEBUG - [SUAS_main.main:745] - Waiting for mode change to: AUTO
2025-06-22 19:07:39,640 - SUAS - DEBUG - [SUAS_main.main:745] - Waiting for mode change to: AUTO
2025-06-22 19:07:40,141 - SUAS - DEBUG - [SUAS_main.main:745] - Waiting for mode change to: AUTO
2025-06-22 19:07:40,643 - SUAS - DEBUG - [SUAS_main.main:745] - Waiting for mode change to: AUTO
2025-06-22 19:07:41,144 - SUAS - DEBUG - [SUAS_main.main:745] - Waiting for mode change to: AUTO
2025-06-22 19:07:41,646 - SUAS - DEBUG - [SUAS_main.main:745] - Waiting for mode change to: AUTO
2025-06-22 19:07:42,147 - SUAS - DEBUG - [SUAS_main.main:745] - Waiting for mode change to: AUTO
2025-06-22 19:07:42,649 - SUAS - DEBUG - [SUAS_main.main:745] - Waiting for mode change to: AUTO
2025-06-22 19:07:43,150 - SUAS - DEBUG - [SUAS_main.main:745] - Waiting for mode change to: AUTO
2025-06-22 19:07:43,652 - SUAS - DEBUG - [SUAS_main.main:745] - Waiting for mode change to: AUTO
2025-06-22 19:07:44,154 - SUAS - DEBUG - [SUAS_main.main:745] - Waiting for mode change to: AUTO
2025-06-22 19:07:44,655 - SUAS - DEBUG - [SUAS_main.main:745] - Waiting for mode change to: AUTO
2025-06-22 19:07:45,156 - SUAS - DEBUG - [SUAS_main.main:745] - Waiting for mode change to: AUTO
2025-06-22 19:07:45,658 - SUAS - DEBUG - [SUAS_main.main:745] - Waiting for mode change to: AUTO
2025-06-22 19:07:46,159 - SUAS - DEBUG - [SUAS_main.main:745] - Waiting for mode change to: AUTO
2025-06-22 19:07:46,660 - SUAS - DEBUG - [SUAS_main.main:745] - Waiting for mode change to: AUTO
2025-06-22 19:07:47,162 - SUAS - DEBUG - [SUAS_main.main:745] - Waiting for mode change to: AUTO
2025-06-22 19:07:47,663 - SUAS - DEBUG - [SUAS_main.main:745] - Waiting for mode change to: AUTO
2025-06-22 19:07:48,164 - SUAS - DEBUG - [SUAS_main.main:745] - Waiting for mode change to: AUTO
2025-06-22 19:07:48,666 - SUAS - DEBUG - [SUAS_main.main:745] - Waiting for mode change to: AUTO
2025-06-22 19:07:49,167 - SUAS - DEBUG - [SUAS_main.main:745] - Waiting for mode change to: AUTO
2025-06-22 19:07:49,668 - SUAS - DEBUG - [SUAS_main.main:745] - Waiting for mode change to: AUTO
2025-06-22 19:07:50,170 - SUAS - DEBUG - [SUAS_main.main:745] - Waiting for mode change to: AUTO
2025-06-22 19:07:50,672 - SUAS - DEBUG - [SUAS_main.main:745] - Waiting for mode change to: AUTO
2025-06-22 19:07:51,173 - SUAS - DEBUG - [SUAS_main.main:745] - Waiting for mode change to: AUTO
2025-06-22 19:07:51,675 - SUAS - DEBUG - [SUAS_main.main:745] - Waiting for mode change to: AUTO
2025-06-22 19:07:52,176 - SUAS - DEBUG - [SUAS_main.main:745] - Waiting for mode change to: AUTO
2025-06-22 19:07:52,678 - SUAS - DEBUG - [SUAS_main.main:745] - Waiting for mode change to: AUTO
2025-06-22 19:07:53,179 - SUAS - DEBUG - [SUAS_main.main:745] - Waiting for mode change to: AUTO
2025-06-22 19:07:53,680 - SUAS - DEBUG - [SUAS_main.main:745] - Waiting for mode change to: AUTO
2025-06-22 19:07:54,182 - SUAS - DEBUG - [SUAS_main.main:745] - Waiting for mode change to: AUTO
2025-06-22 19:07:54,683 - SUAS - DEBUG - [SUAS_main.main:745] - Waiting for mode change to: AUTO
2025-06-22 19:07:55,184 - SUAS - DEBUG - [SUAS_main.main:745] - Waiting for mode change to: AUTO
2025-06-22 19:07:55,686 - SUAS - DEBUG - [SUAS_main.main:745] - Waiting for mode change to: AUTO
2025-06-22 19:07:56,187 - SUAS - DEBUG - [SUAS_main.main:745] - Waiting for mode change to: AUTO
2025-06-22 19:07:56,689 - SUAS - DEBUG - [SUAS_main.main:745] - Waiting for mode change to: AUTO
2025-06-22 19:07:57,191 - SUAS - DEBUG - [SUAS_main.main:745] - Waiting for mode change to: AUTO
2025-06-22 19:07:57,692 - SUAS - DEBUG - [SUAS_main.main:745] - Waiting for mode change to: AUTO
2025-06-22 19:07:58,193 - SUAS - DEBUG - [SUAS_main.main:745] - Waiting for mode change to: AUTO
2025-06-22 19:07:58,695 - SUAS - DEBUG - [SUAS_main.main:745] - Waiting for mode change to: AUTO
2025-06-22 19:07:59,196 - SUAS - DEBUG - [SUAS_main.main:745] - Waiting for mode change to: AUTO
2025-06-22 19:07:59,698 - SUAS - DEBUG - [SUAS_main.main:745] - Waiting for mode change to: AUTO
2025-06-22 19:08:00,199 - SUAS - DEBUG - [SUAS_main.main:745] - Waiting for mode change to: AUTO
2025-06-22 19:08:00,700 - SUAS - DEBUG - [SUAS_main.main:745] - Waiting for mode change to: AUTO
2025-06-22 19:08:01,201 - SUAS - DEBUG - [SUAS_main.main:745] - Waiting for mode change to: AUTO
2025-06-22 19:08:01,703 - SUAS - DEBUG - [SUAS_main.main:745] - Waiting for mode change to: AUTO
2025-06-22 19:08:02,204 - SUAS - DEBUG - [SUAS_main.main:745] - Waiting for mode change to: AUTO
2025-06-22 19:08:02,706 - SUAS - DEBUG - [SUAS_main.main:745] - Waiting for mode change to: AUTO
2025-06-22 19:08:03,208 - SUAS - DEBUG - [SUAS_main.main:745] - Waiting for mode change to: AUTO
2025-06-22 19:08:03,709 - SUAS - DEBUG - [SUAS_main.main:745] - Waiting for mode change to: AUTO
2025-06-22 19:08:04,211 - SUAS - DEBUG - [SUAS_main.main:745] - Waiting for mode change to: AUTO
2025-06-22 19:08:04,712 - SUAS - DEBUG - [SUAS_main.main:745] - Waiting for mode change to: AUTO
2025-06-22 19:08:05,213 - SUAS - DEBUG - [SUAS_main.main:745] - Waiting for mode change to: AUTO
2025-06-22 19:08:05,714 - SUAS - DEBUG - [SUAS_main.main:745] - Waiting for mode change to: AUTO
2025-06-22 19:08:06,216 - SUAS - DEBUG - [SUAS_main.main:745] - Waiting for mode change to: AUTO
2025-06-22 19:08:06,717 - SUAS - DEBUG - [SUAS_main.main:745] - Waiting for mode change to: AUTO
2025-06-22 19:08:07,219 - SUAS - DEBUG - [SUAS_main.main:745] - Waiting for mode change to: AUTO
2025-06-22 19:08:07,720 - SUAS - DEBUG - [SUAS_main.main:745] - Waiting for mode change to: AUTO
2025-06-22 19:08:08,222 - SUAS - DEBUG - [SUAS_main.main:745] - Waiting for mode change to: AUTO
2025-06-22 19:08:08,724 - SUAS - DEBUG - [SUAS_main.main:745] - Waiting for mode change to: AUTO
2025-06-22 19:08:09,226 - SUAS - DEBUG - [SUAS_main.main:745] - Waiting for mode change to: AUTO
2025-06-22 19:08:09,727 - SUAS - DEBUG - [SUAS_main.main:745] - Waiting for mode change to: AUTO
2025-06-22 19:08:10,229 - SUAS - DEBUG - [SUAS_main.main:745] - Waiting for mode change to: AUTO
2025-06-22 19:08:10,730 - SUAS - DEBUG - [SUAS_main.main:745] - Waiting for mode change to: AUTO
2025-06-22 19:08:11,232 - SUAS - DEBUG - [SUAS_main.main:745] - Waiting for mode change to: AUTO
2025-06-22 19:08:11,733 - SUAS - DEBUG - [SUAS_main.main:745] - Waiting for mode change to: AUTO
2025-06-22 19:08:12,235 - SUAS - DEBUG - [SUAS_main.main:745] - Waiting for mode change to: AUTO
2025-06-22 19:08:12,736 - SUAS - DEBUG - [SUAS_main.main:745] - Waiting for mode change to: AUTO
2025-06-22 19:08:13,238 - SUAS - DEBUG - [SUAS_main.main:745] - Waiting for mode change to: AUTO
2025-06-22 19:08:13,739 - SUAS - DEBUG - [SUAS_main.main:745] - Waiting for mode change to: AUTO
2025-06-22 19:08:14,241 - SUAS - DEBUG - [SUAS_main.main:745] - Waiting for mode change to: AUTO
2025-06-22 19:08:14,743 - SUAS - DEBUG - [SUAS_main.main:745] - Waiting for mode change to: AUTO
2025-06-22 19:08:15,244 - SUAS - DEBUG - [SUAS_main.main:745] - Waiting for mode change to: AUTO
2025-06-22 19:08:15,746 - SUAS - DEBUG - [SUAS_main.main:745] - Waiting for mode change to: AUTO
2025-06-22 19:08:16,247 - SUAS - DEBUG - [SUAS_main.main:745] - Waiting for mode change to: AUTO
2025-06-22 19:08:16,749 - SUAS - DEBUG - [SUAS_main.main:745] - Waiting for mode change to: AUTO
2025-06-22 19:08:17,250 - SUAS - DEBUG - [SUAS_main.main:745] - Waiting for mode change to: AUTO
2025-06-22 19:08:17,752 - SUAS - DEBUG - [SUAS_main.main:745] - Waiting for mode change to: AUTO
2025-06-22 19:08:18,253 - SUAS - DEBUG - [SUAS_main.main:745] - Waiting for mode change to: AUTO
2025-06-22 19:08:18,755 - SUAS - DEBUG - [SUAS_main.main:745] - Waiting for mode change to: AUTO
2025-06-22 19:08:19,256 - SUAS - DEBUG - [SUAS_main.main:745] - Waiting for mode change to: AUTO
2025-06-22 19:08:19,758 - SUAS - DEBUG - [SUAS_main.main:745] - Waiting for mode change to: AUTO
2025-06-22 19:08:20,260 - SUAS - DEBUG - [SUAS_main.main:745] - Waiting for mode change to: AUTO
2025-06-22 19:08:20,761 - SUAS - DEBUG - [SUAS_main.main:745] - Waiting for mode change to: AUTO
2025-06-22 19:08:21,263 - SUAS - DEBUG - [SUAS_main.main:745] - Waiting for mode change to: AUTO
2025-06-22 19:08:21,764 - SUAS - DEBUG - [SUAS_main.main:745] - Waiting for mode change to: AUTO
2025-06-22 19:08:22,266 - SUAS - DEBUG - [SUAS_main.main:745] - Waiting for mode change to: AUTO
2025-06-22 19:08:22,767 - SUAS - DEBUG - [SUAS_main.main:745] - Waiting for mode change to: AUTO
2025-06-22 19:08:23,269 - SUAS - DEBUG - [SUAS_main.main:745] - Waiting for mode change to: AUTO
2025-06-22 19:08:23,770 - SUAS - DEBUG - [SUAS_main.main:745] - Waiting for mode change to: AUTO
2025-06-22 19:08:24,272 - SUAS - DEBUG - [SUAS_main.main:745] - Waiting for mode change to: AUTO
2025-06-22 19:08:24,774 - SUAS - DEBUG - [SUAS_main.main:745] - Waiting for mode change to: AUTO
2025-06-22 19:08:25,275 - SUAS - DEBUG - [SUAS_main.main:745] - Waiting for mode change to: AUTO
2025-06-22 19:08:25,777 - SUAS - DEBUG - [SUAS_main.main:745] - Waiting for mode change to: AUTO
2025-06-22 19:08:26,278 - SUAS - DEBUG - [SUAS_main.main:745] - Waiting for mode change to: AUTO
2025-06-22 19:08:26,780 - SUAS - DEBUG - [SUAS_main.main:745] - Waiting for mode change to: AUTO
2025-06-22 19:08:27,282 - SUAS - DEBUG - [SUAS_main.main:745] - Waiting for mode change to: AUTO
2025-06-22 19:08:27,783 - SUAS - DEBUG - [SUAS_main.main:745] - Waiting for mode change to: AUTO
2025-06-22 19:08:28,284 - SUAS - DEBUG - [SUAS_main.main:745] - Waiting for mode change to: AUTO
2025-06-22 19:08:28,786 - SUAS - DEBUG - [SUAS_main.main:745] - Waiting for mode change to: AUTO
2025-06-22 19:08:29,287 - SUAS - DEBUG - [SUAS_main.main:745] - Waiting for mode change to: AUTO
2025-06-22 19:08:29,788 - SUAS - DEBUG - [SUAS_main.main:745] - Waiting for mode change to: AUTO
2025-06-22 19:08:30,291 - SUAS - DEBUG - [SUAS_main.main:745] - Waiting for mode change to: AUTO
2025-06-22 19:08:30,793 - SUAS - DEBUG - [SUAS_main.main:745] - Waiting for mode change to: AUTO
2025-06-22 19:08:31,295 - SUAS - DEBUG - [SUAS_main.main:745] - Waiting for mode change to: AUTO
2025-06-22 19:08:31,796 - SUAS - DEBUG - [SUAS_main.main:745] - Waiting for mode change to: AUTO
2025-06-22 19:08:32,298 - SUAS - DEBUG - [SUAS_main.main:745] - Waiting for mode change to: AUTO
2025-06-22 19:08:32,799 - SUAS - DEBUG - [SUAS_main.main:745] - Waiting for mode change to: AUTO
2025-06-22 19:08:33,333 - SUAS - DEBUG - [SUAS_main.main:745] - Waiting for mode change to: AUTO
2025-06-22 19:08:33,835 - SUAS - DEBUG - [SUAS_main.main:745] - Waiting for mode change to: AUTO
2025-06-22 19:08:34,336 - SUAS - DEBUG - [SUAS_main.main:745] - Waiting for mode change to: AUTO
2025-06-22 19:08:34,838 - SUAS - DEBUG - [SUAS_main.main:745] - Waiting for mode change to: AUTO
2025-06-22 19:08:35,339 - SUAS - DEBUG - [SUAS_main.main:745] - Waiting for mode change to: AUTO
2025-06-22 19:08:35,841 - SUAS - DEBUG - [SUAS_main.main:745] - Waiting for mode change to: AUTO
2025-06-22 19:08:36,342 - SUAS - DEBUG - [SUAS_main.main:745] - Waiting for mode change to: AUTO
2025-06-22 19:08:36,844 - SUAS - DEBUG - [SUAS_main.main:745] - Waiting for mode change to: AUTO
2025-06-22 19:08:37,345 - SUAS - DEBUG - [SUAS_main.main:745] - Waiting for mode change to: AUTO
2025-06-22 19:08:37,847 - SUAS - DEBUG - [SUAS_main.main:745] - Waiting for mode change to: AUTO
2025-06-22 19:08:38,348 - SUAS - DEBUG - [SUAS_main.main:745] - Waiting for mode change to: AUTO
2025-06-22 19:08:38,850 - SUAS - DEBUG - [SUAS_main.main:745] - Waiting for mode change to: AUTO
2025-06-22 19:08:39,352 - SUAS - DEBUG - [SUAS_main.main:745] - Waiting for mode change to: AUTO
2025-06-22 19:08:39,853 - SUAS - DEBUG - [SUAS_main.main:745] - Waiting for mode change to: AUTO
2025-06-22 19:08:40,355 - SUAS - DEBUG - [SUAS_main.main:745] - Waiting for mode change to: AUTO
2025-06-22 19:08:40,856 - SUAS - DEBUG - [SUAS_main.main:745] - Waiting for mode change to: AUTO
2025-06-22 19:08:41,357 - SUAS - DEBUG - [SUAS_main.main:745] - Waiting for mode change to: AUTO
2025-06-22 19:08:41,859 - SUAS - DEBUG - [SUAS_main.main:745] - Waiting for mode change to: AUTO
2025-06-22 19:08:42,360 - SUAS - DEBUG - [SUAS_main.main:745] - Waiting for mode change to: AUTO
2025-06-22 19:08:42,862 - SUAS - DEBUG - [SUAS_main.main:745] - Waiting for mode change to: AUTO
2025-06-22 19:08:43,363 - SUAS - DEBUG - [SUAS_main.main:745] - Waiting for mode change to: AUTO
2025-06-22 19:08:43,864 - SUAS - DEBUG - [SUAS_main.main:745] - Waiting for mode change to: AUTO
2025-06-22 19:08:44,366 - SUAS - DEBUG - [SUAS_main.main:745] - Waiting for mode change to: AUTO
2025-06-22 19:08:44,868 - SUAS - DEBUG - [SUAS_main.main:745] - Waiting for mode change to: AUTO
2025-06-22 19:08:45,369 - SUAS - DEBUG - [SUAS_main.main:745] - Waiting for mode change to: AUTO
2025-06-22 19:08:45,871 - SUAS - DEBUG - [SUAS_main.main:745] - Waiting for mode change to: AUTO
2025-06-22 19:08:46,372 - SUAS - DEBUG - [SUAS_main.main:745] - Waiting for mode change to: AUTO
2025-06-22 19:08:46,873 - SUAS - DEBUG - [SUAS_main.main:745] - Waiting for mode change to: AUTO
2025-06-22 19:08:47,375 - SUAS - DEBUG - [SUAS_main.main:745] - Waiting for mode change to: AUTO
2025-06-22 19:08:47,876 - SUAS - DEBUG - [SUAS_main.main:745] - Waiting for mode change to: AUTO
2025-06-22 19:08:48,377 - SUAS - DEBUG - [SUAS_main.main:745] - Waiting for mode change to: AUTO
2025-06-22 19:08:48,880 - SUAS - DEBUG - [SUAS_main.main:745] - Waiting for mode change to: AUTO
2025-06-22 19:08:49,381 - SUAS - DEBUG - [SUAS_main.main:745] - Waiting for mode change to: AUTO
2025-06-22 19:08:49,883 - SUAS - DEBUG - [SUAS_main.main:745] - Waiting for mode change to: AUTO
2025-06-22 19:08:50,384 - SUAS - DEBUG - [SUAS_main.main:745] - Waiting for mode change to: AUTO
2025-06-22 19:08:50,886 - SUAS - DEBUG - [SUAS_main.main:745] - Waiting for mode change to: AUTO
2025-06-22 19:08:51,387 - SUAS - DEBUG - [SUAS_main.main:745] - Waiting for mode change to: AUTO
2025-06-22 19:08:51,889 - SUAS - DEBUG - [SUAS_main.main:745] - Waiting for mode change to: AUTO
2025-06-22 19:08:52,390 - SUAS - DEBUG - [SUAS_main.main:745] - Waiting for mode change to: AUTO
2025-06-22 19:08:52,892 - SUAS - DEBUG - [SUAS_main.main:745] - Waiting for mode change to: AUTO
2025-06-22 19:08:53,393 - SUAS - DEBUG - [SUAS_main.main:745] - Waiting for mode change to: AUTO
2025-06-22 19:08:53,895 - SUAS - DEBUG - [SUAS_main.main:745] - Waiting for mode change to: AUTO
2025-06-22 19:08:54,396 - SUAS - DEBUG - [SUAS_main.main:745] - Waiting for mode change to: AUTO
2025-06-22 19:08:54,898 - SUAS - DEBUG - [SUAS_main.main:745] - Waiting for mode change to: AUTO
2025-06-22 19:08:55,399 - SUAS - DEBUG - [SUAS_main.main:745] - Waiting for mode change to: AUTO
2025-06-22 19:08:55,900 - SUAS - DEBUG - [SUAS_main.main:745] - Waiting for mode change to: AUTO
2025-06-22 19:08:56,402 - SUAS - DEBUG - [SUAS_main.main:745] - Waiting for mode change to: AUTO
2025-06-22 19:08:56,903 - SUAS - DEBUG - [SUAS_main.main:745] - Waiting for mode change to: AUTO
2025-06-22 19:08:57,405 - SUAS - DEBUG - [SUAS_main.main:745] - Waiting for mode change to: AUTO
2025-06-22 19:08:57,906 - SUAS - DEBUG - [SUAS_main.main:745] - Waiting for mode change to: AUTO
2025-06-22 19:08:58,408 - SUAS - DEBUG - [SUAS_main.main:745] - Waiting for mode change to: AUTO
2025-06-22 19:08:58,909 - SUAS - DEBUG - [SUAS_main.main:745] - Waiting for mode change to: AUTO
2025-06-22 19:08:59,411 - SUAS - DEBUG - [SUAS_main.main:745] - Waiting for mode change to: AUTO
2025-06-22 19:08:59,912 - SUAS - DEBUG - [SUAS_main.main:745] - Waiting for mode change to: AUTO
2025-06-22 19:09:00,414 - SUAS - DEBUG - [SUAS_main.main:745] - Waiting for mode change to: AUTO
2025-06-22 19:09:00,915 - SUAS - DEBUG - [SUAS_main.main:745] - Waiting for mode change to: AUTO
2025-06-22 19:09:01,416 - SUAS - DEBUG - [SUAS_main.main:745] - Waiting for mode change to: AUTO
2025-06-22 19:09:01,918 - SUAS - DEBUG - [SUAS_main.main:745] - Waiting for mode change to: AUTO
2025-06-22 19:09:02,420 - SUAS - DEBUG - [SUAS_main.main:745] - Waiting for mode change to: AUTO
2025-06-22 19:09:02,922 - SUAS - DEBUG - [SUAS_main.main:745] - Waiting for mode change to: AUTO
2025-06-22 19:09:03,423 - SUAS - DEBUG - [SUAS_main.main:745] - Waiting for mode change to: AUTO
2025-06-22 19:09:03,924 - SUAS - DEBUG - [SUAS_main.main:745] - Waiting for mode change to: AUTO
2025-06-22 19:09:04,426 - SUAS - DEBUG - [SUAS_main.main:745] - Waiting for mode change to: AUTO
2025-06-22 19:09:04,927 - SUAS - DEBUG - [SUAS_main.main:745] - Waiting for mode change to: AUTO
2025-06-22 19:09:05,428 - SUAS - DEBUG - [SUAS_main.main:745] - Waiting for mode change to: AUTO
2025-06-22 19:09:05,930 - SUAS - DEBUG - [SUAS_main.main:745] - Waiting for mode change to: AUTO
2025-06-22 19:09:06,431 - SUAS - DEBUG - [SUAS_main.main:745] - Waiting for mode change to: AUTO
2025-06-22 19:09:06,932 - SUAS - DEBUG - [SUAS_main.main:745] - Waiting for mode change to: AUTO
2025-06-22 19:09:07,434 - SUAS - DEBUG - [SUAS_main.main:745] - Waiting for mode change to: AUTO
2025-06-22 19:09:07,935 - SUAS - DEBUG - [SUAS_main.main:745] - Waiting for mode change to: AUTO
2025-06-22 19:09:08,437 - SUAS - DEBUG - [SUAS_main.main:745] - Waiting for mode change to: AUTO
2025-06-22 19:09:08,938 - SUAS - DEBUG - [SUAS_main.main:745] - Waiting for mode change to: AUTO
2025-06-22 19:09:09,440 - SUAS - DEBUG - [SUAS_main.main:745] - Waiting for mode change to: AUTO
2025-06-22 19:09:09,941 - SUAS - DEBUG - [SUAS_main.main:745] - Waiting for mode change to: AUTO
2025-06-22 19:09:10,443 - SUAS - DEBUG - [SUAS_main.main:745] - Waiting for mode change to: AUTO
2025-06-22 19:09:10,944 - SUAS - DEBUG - [SUAS_main.main:745] - Waiting for mode change to: AUTO
2025-06-22 19:09:11,446 - SUAS - DEBUG - [SUAS_main.main:745] - Waiting for mode change to: AUTO
2025-06-22 19:09:11,947 - SUAS - DEBUG - [SUAS_main.main:745] - Waiting for mode change to: AUTO
2025-06-22 19:09:12,449 - SUAS - DEBUG - [SUAS_main.main:745] - Waiting for mode change to: AUTO
2025-06-22 19:09:12,950 - SUAS - DEBUG - [SUAS_main.main:745] - Waiting for mode change to: AUTO
2025-06-22 19:09:13,452 - SUAS - DEBUG - [SUAS_main.main:745] - Waiting for mode change to: AUTO
2025-06-22 19:09:13,953 - SUAS - DEBUG - [SUAS_main.main:745] - Waiting for mode change to: AUTO
2025-06-22 19:09:14,455 - SUAS - DEBUG - [SUAS_main.main:745] - Waiting for mode change to: AUTO
2025-06-22 19:09:14,957 - SUAS - DEBUG - [SUAS_main.main:745] - Waiting for mode change to: AUTO
2025-06-22 19:09:15,459 - SUAS - DEBUG - [SUAS_main.main:745] - Waiting for mode change to: AUTO
2025-06-22 19:09:15,960 - SUAS - DEBUG - [SUAS_main.main:745] - Waiting for mode change to: AUTO
2025-06-22 19:09:16,461 - SUAS - DEBUG - [SUAS_main.main:745] - Waiting for mode change to: AUTO
2025-06-22 19:09:16,963 - SUAS - DEBUG - [SUAS_main.main:745] - Waiting for mode change to: AUTO
2025-06-22 19:09:17,464 - SUAS - DEBUG - [SUAS_main.main:745] - Waiting for mode change to: AUTO
2025-06-22 19:09:17,966 - SUAS - DEBUG - [SUAS_main.main:745] - Waiting for mode change to: AUTO
2025-06-22 19:09:18,467 - SUAS - DEBUG - [SUAS_main.main:745] - Waiting for mode change to: AUTO
2025-06-22 19:09:18,968 - SUAS - DEBUG - [SUAS_main.main:745] - Waiting for mode change to: AUTO
2025-06-22 19:09:19,470 - SUAS - DEBUG - [SUAS_main.main:745] - Waiting for mode change to: AUTO
2025-06-22 19:09:19,971 - SUAS - DEBUG - [SUAS_main.main:745] - Waiting for mode change to: AUTO
2025-06-22 19:09:20,473 - SUAS - DEBUG - [SUAS_main.main:745] - Waiting for mode change to: AUTO
2025-06-22 19:09:20,975 - SUAS - DEBUG - [SUAS_main.main:745] - Waiting for mode change to: AUTO
2025-06-22 19:09:21,476 - SUAS - DEBUG - [SUAS_main.main:745] - Waiting for mode change to: AUTO
2025-06-22 19:09:21,978 - SUAS - DEBUG - [SUAS_main.main:745] - Waiting for mode change to: AUTO
2025-06-22 19:09:22,479 - SUAS - DEBUG - [SUAS_main.main:745] - Waiting for mode change to: AUTO
2025-06-22 19:09:22,980 - SUAS - DEBUG - [SUAS_main.main:745] - Waiting for mode change to: AUTO
2025-06-22 19:09:23,482 - SUAS - DEBUG - [SUAS_main.main:745] - Waiting for mode change to: AUTO
2025-06-22 19:09:23,983 - SUAS - DEBUG - [SUAS_main.main:745] - Waiting for mode change to: AUTO
2025-06-22 19:09:24,484 - SUAS - DEBUG - [SUAS_main.main:745] - Waiting for mode change to: AUTO
2025-06-22 19:09:24,986 - SUAS - DEBUG - [SUAS_main.main:745] - Waiting for mode change to: AUTO
2025-06-22 19:09:25,487 - SUAS - DEBUG - [SUAS_main.main:745] - Waiting for mode change to: AUTO
2025-06-22 19:09:25,988 - SUAS - DEBUG - [SUAS_main.main:745] - Waiting for mode change to: AUTO
2025-06-22 19:09:26,490 - SUAS - DEBUG - [SUAS_main.main:745] - Waiting for mode change to: AUTO
2025-06-22 19:09:26,991 - SUAS - DEBUG - [SUAS_main.main:745] - Waiting for mode change to: AUTO
2025-06-22 19:09:27,493 - SUAS - DEBUG - [SUAS_main.main:745] - Waiting for mode change to: AUTO
2025-06-22 19:09:27,994 - SUAS - DEBUG - [SUAS_main.main:745] - Waiting for mode change to: AUTO
2025-06-22 19:09:28,496 - SUAS - DEBUG - [SUAS_main.main:745] - Waiting for mode change to: AUTO
2025-06-22 19:09:28,997 - SUAS - DEBUG - [SUAS_main.main:745] - Waiting for mode change to: AUTO
2025-06-22 19:09:29,499 - SUAS - DEBUG - [SUAS_main.main:745] - Waiting for mode change to: AUTO
2025-06-22 19:09:30,000 - SUAS - DEBUG - [SUAS_main.main:745] - Waiting for mode change to: AUTO
2025-06-22 19:09:30,502 - SUAS - DEBUG - [SUAS_main.main:745] - Waiting for mode change to: AUTO
2025-06-22 19:09:31,003 - SUAS - DEBUG - [SUAS_main.main:745] - Waiting for mode change to: AUTO
2025-06-22 19:09:31,504 - SUAS - DEBUG - [SUAS_main.main:745] - Waiting for mode change to: AUTO
2025-06-22 19:09:32,006 - SUAS - DEBUG - [SUAS_main.main:745] - Waiting for mode change to: AUTO
2025-06-22 19:09:32,508 - SUAS - DEBUG - [SUAS_main.main:745] - Waiting for mode change to: AUTO
2025-06-22 19:09:33,009 - SUAS - DEBUG - [SUAS_main.main:745] - Waiting for mode change to: AUTO
2025-06-22 19:09:33,511 - SUAS - DEBUG - [SUAS_main.main:745] - Waiting for mode change to: AUTO
2025-06-22 19:09:34,013 - SUAS - DEBUG - [SUAS_main.main:745] - Waiting for mode change to: AUTO
2025-06-22 19:09:34,514 - SUAS - DEBUG - [SUAS_main.main:745] - Waiting for mode change to: AUTO
2025-06-22 19:09:35,016 - SUAS - DEBUG - [SUAS_main.main:745] - Waiting for mode change to: AUTO
2025-06-22 19:09:35,517 - SUAS - DEBUG - [SUAS_main.main:745] - Waiting for mode change to: AUTO
2025-06-22 19:09:36,019 - SUAS - DEBUG - [SUAS_main.main:745] - Waiting for mode change to: AUTO
2025-06-22 19:09:36,520 - SUAS - DEBUG - [SUAS_main.main:745] - Waiting for mode change to: AUTO
2025-06-22 19:09:37,022 - SUAS - DEBUG - [SUAS_main.main:745] - Waiting for mode change to: AUTO
2025-06-22 19:09:37,523 - SUAS - DEBUG - [SUAS_main.main:745] - Waiting for mode change to: AUTO
2025-06-22 19:09:38,024 - SUAS - DEBUG - [SUAS_main.main:745] - Waiting for mode change to: AUTO
2025-06-22 19:09:38,526 - SUAS - DEBUG - [SUAS_main.main:745] - Waiting for mode change to: AUTO
2025-06-22 19:09:39,027 - SUAS - DEBUG - [SUAS_main.main:745] - Waiting for mode change to: AUTO
2025-06-22 19:09:39,529 - SUAS - DEBUG - [SUAS_main.main:745] - Waiting for mode change to: AUTO
2025-06-22 19:09:40,030 - SUAS - DEBUG - [SUAS_main.main:745] - Waiting for mode change to: AUTO
2025-06-22 19:09:40,532 - SUAS - DEBUG - [SUAS_main.main:745] - Waiting for mode change to: AUTO
2025-06-22 19:09:41,033 - SUAS - DEBUG - [SUAS_main.main:745] - Waiting for mode change to: AUTO
2025-06-22 19:09:41,535 - SUAS - DEBUG - [SUAS_main.main:745] - Waiting for mode change to: AUTO
2025-06-22 19:09:42,036 - SUAS - DEBUG - [SUAS_main.main:745] - Waiting for mode change to: AUTO
2025-06-22 19:09:42,538 - SUAS - DEBUG - [SUAS_main.main:745] - Waiting for mode change to: AUTO
2025-06-22 19:09:43,039 - SUAS - DEBUG - [SUAS_main.main:745] - Waiting for mode change to: AUTO
2025-06-22 19:09:43,540 - SUAS - DEBUG - [SUAS_main.main:745] - Waiting for mode change to: AUTO
2025-06-22 19:09:44,042 - SUAS - DEBUG - [SUAS_main.main:745] - Waiting for mode change to: AUTO
2025-06-22 19:09:44,544 - SUAS - DEBUG - [SUAS_main.main:745] - Waiting for mode change to: AUTO
2025-06-22 19:09:45,045 - SUAS - DEBUG - [SUAS_main.main:745] - Waiting for mode change to: AUTO
2025-06-22 19:09:45,547 - SUAS - DEBUG - [SUAS_main.main:745] - Waiting for mode change to: AUTO
2025-06-22 19:09:46,048 - SUAS - DEBUG - [SUAS_main.main:745] - Waiting for mode change to: AUTO
2025-06-22 19:09:46,550 - SUAS - DEBUG - [SUAS_main.main:745] - Waiting for mode change to: AUTO
2025-06-22 19:09:47,051 - SUAS - DEBUG - [SUAS_main.main:745] - Waiting for mode change to: AUTO
2025-06-22 19:09:47,552 - SUAS - DEBUG - [SUAS_main.main:745] - Waiting for mode change to: AUTO
2025-06-22 19:09:48,054 - SUAS - DEBUG - [SUAS_main.main:745] - Waiting for mode change to: AUTO
2025-06-22 19:09:48,555 - SUAS - DEBUG - [SUAS_main.main:745] - Waiting for mode change to: AUTO
2025-06-22 19:09:49,056 - SUAS - DEBUG - [SUAS_main.main:745] - Waiting for mode change to: AUTO
2025-06-22 19:09:49,558 - SUAS - DEBUG - [SUAS_main.main:745] - Waiting for mode change to: AUTO
2025-06-22 19:09:50,059 - SUAS - DEBUG - [SUAS_main.main:745] - Waiting for mode change to: AUTO
2025-06-22 19:09:50,560 - SUAS - DEBUG - [SUAS_main.main:745] - Waiting for mode change to: AUTO
2025-06-22 19:09:51,062 - SUAS - DEBUG - [SUAS_main.main:745] - Waiting for mode change to: AUTO
2025-06-22 19:09:51,564 - SUAS - DEBUG - [SUAS_main.main:745] - Waiting for mode change to: AUTO
2025-06-22 19:09:52,066 - SUAS - DEBUG - [SUAS_main.main:745] - Waiting for mode change to: AUTO
2025-06-22 19:09:52,567 - SUAS - DEBUG - [SUAS_main.main:745] - Waiting for mode change to: AUTO
2025-06-22 19:09:53,068 - SUAS - DEBUG - [SUAS_main.main:745] - Waiting for mode change to: AUTO
2025-06-22 19:09:53,570 - SUAS - DEBUG - [SUAS_main.main:745] - Waiting for mode change to: AUTO
2025-06-22 19:09:54,071 - SUAS - DEBUG - [SUAS_main.main:745] - Waiting for mode change to: AUTO
2025-06-22 19:09:54,572 - SUAS - DEBUG - [SUAS_main.main:745] - Waiting for mode change to: AUTO
2025-06-22 19:09:55,074 - SUAS - DEBUG - [SUAS_main.main:745] - Waiting for mode change to: AUTO
2025-06-22 19:09:55,575 - SUAS - DEBUG - [SUAS_main.main:745] - Waiting for mode change to: AUTO
2025-06-22 19:09:56,076 - SUAS - DEBUG - [SUAS_main.main:745] - Waiting for mode change to: AUTO
2025-06-22 19:09:56,578 - SUAS - DEBUG - [SUAS_main.main:745] - Waiting for mode change to: AUTO
2025-06-22 19:09:57,079 - SUAS - DEBUG - [SUAS_main.main:745] - Waiting for mode change to: AUTO
2025-06-22 19:09:57,581 - SUAS - DEBUG - [SUAS_main.main:745] - Waiting for mode change to: AUTO
2025-06-22 19:09:58,083 - SUAS - DEBUG - [SUAS_main.main:745] - Waiting for mode change to: AUTO
2025-06-22 19:09:58,584 - SUAS - DEBUG - [SUAS_main.main:745] - Waiting for mode change to: AUTO
2025-06-22 19:09:59,085 - SUAS - DEBUG - [SUAS_main.main:745] - Waiting for mode change to: AUTO
2025-06-22 19:09:59,587 - SUAS - DEBUG - [SUAS_main.main:745] - Waiting for mode change to: AUTO
2025-06-22 19:10:00,088 - SUAS - DEBUG - [SUAS_main.main:745] - Waiting for mode change to: AUTO
2025-06-22 19:10:00,590 - SUAS - DEBUG - [SUAS_main.main:745] - Waiting for mode change to: AUTO
2025-06-22 19:10:01,091 - SUAS - DEBUG - [SUAS_main.main:745] - Waiting for mode change to: AUTO
2025-06-22 19:10:01,592 - SUAS - DEBUG - [SUAS_main.main:745] - Waiting for mode change to: AUTO
2025-06-22 19:10:02,094 - SUAS - DEBUG - [SUAS_main.main:745] - Waiting for mode change to: AUTO
2025-06-22 19:10:02,595 - SUAS - DEBUG - [SUAS_main.main:745] - Waiting for mode change to: AUTO
2025-06-22 19:10:03,097 - SUAS - DEBUG - [SUAS_main.main:745] - Waiting for mode change to: AUTO
2025-06-22 19:10:03,599 - SUAS - DEBUG - [SUAS_main.main:745] - Waiting for mode change to: AUTO
2025-06-22 19:10:04,100 - SUAS - DEBUG - [SUAS_main.main:745] - Waiting for mode change to: AUTO
2025-06-22 19:10:04,602 - SUAS - DEBUG - [SUAS_main.main:745] - Waiting for mode change to: AUTO
2025-06-22 19:10:05,103 - SUAS - DEBUG - [SUAS_main.main:745] - Waiting for mode change to: AUTO
2025-06-22 19:10:05,604 - SUAS - DEBUG - [SUAS_main.main:745] - Waiting for mode change to: AUTO
2025-06-22 19:10:06,106 - SUAS - DEBUG - [SUAS_main.main:745] - Waiting for mode change to: AUTO
2025-06-22 19:10:06,607 - SUAS - DEBUG - [SUAS_main.main:745] - Waiting for mode change to: AUTO
2025-06-22 19:10:07,108 - SUAS - DEBUG - [SUAS_main.main:745] - Waiting for mode change to: AUTO
2025-06-22 19:10:07,610 - SUAS - DEBUG - [SUAS_main.main:745] - Waiting for mode change to: AUTO
2025-06-22 19:10:08,111 - SUAS - DEBUG - [SUAS_main.main:745] - Waiting for mode change to: AUTO
2025-06-22 19:10:08,613 - SUAS - DEBUG - [SUAS_main.main:745] - Waiting for mode change to: AUTO
2025-06-22 19:10:09,115 - SUAS - DEBUG - [SUAS_main.main:745] - Waiting for mode change to: AUTO
2025-06-22 19:10:09,616 - SUAS - DEBUG - [SUAS_main.main:745] - Waiting for mode change to: AUTO
2025-06-22 19:10:10,117 - SUAS - DEBUG - [SUAS_main.main:745] - Waiting for mode change to: AUTO
2025-06-22 19:10:10,619 - SUAS - DEBUG - [SUAS_main.main:745] - Waiting for mode change to: AUTO
2025-06-22 19:10:11,120 - SUAS - DEBUG - [SUAS_main.main:745] - Waiting for mode change to: AUTO
2025-06-22 19:10:11,621 - SUAS - DEBUG - [SUAS_main.main:745] - Waiting for mode change to: AUTO
2025-06-22 19:10:12,123 - SUAS - DEBUG - [SUAS_main.main:745] - Waiting for mode change to: AUTO
2025-06-22 19:10:12,624 - SUAS - DEBUG - [SUAS_main.main:745] - Waiting for mode change to: AUTO
2025-06-22 19:10:13,126 - SUAS - DEBUG - [SUAS_main.main:745] - Waiting for mode change to: AUTO
2025-06-22 19:10:13,627 - SUAS - DEBUG - [SUAS_main.main:745] - Waiting for mode change to: AUTO
2025-06-22 19:10:14,128 - SUAS - DEBUG - [SUAS_main.main:745] - Waiting for mode change to: AUTO
2025-06-22 19:10:14,630 - SUAS - DEBUG - [SUAS_main.main:745] - Waiting for mode change to: AUTO
2025-06-22 19:10:15,131 - SUAS - DEBUG - [SUAS_main.main:745] - Waiting for mode change to: AUTO
2025-06-22 19:10:15,633 - SUAS - DEBUG - [SUAS_main.main:745] - Waiting for mode change to: AUTO
2025-06-22 19:10:16,134 - SUAS - DEBUG - [SUAS_main.main:745] - Waiting for mode change to: AUTO
2025-06-22 19:10:16,636 - SUAS - DEBUG - [SUAS_main.main:745] - Waiting for mode change to: AUTO
2025-06-22 19:10:17,137 - SUAS - DEBUG - [SUAS_main.main:745] - Waiting for mode change to: AUTO
2025-06-22 19:10:17,639 - SUAS - DEBUG - [SUAS_main.main:745] - Waiting for mode change to: AUTO
2025-06-22 19:10:18,140 - SUAS - DEBUG - [SUAS_main.main:745] - Waiting for mode change to: AUTO
2025-06-22 19:10:18,641 - SUAS - DEBUG - [SUAS_main.main:745] - Waiting for mode change to: AUTO
2025-06-22 19:10:19,143 - SUAS - DEBUG - [SUAS_main.main:745] - Waiting for mode change to: AUTO
2025-06-22 19:10:19,644 - SUAS - DEBUG - [SUAS_main.main:745] - Waiting for mode change to: AUTO
2025-06-22 19:10:20,146 - SUAS - DEBUG - [SUAS_main.main:745] - Waiting for mode change to: AUTO
2025-06-22 19:10:20,647 - SUAS - DEBUG - [SUAS_main.main:745] - Waiting for mode change to: AUTO
2025-06-22 19:10:21,148 - SUAS - DEBUG - [SUAS_main.main:745] - Waiting for mode change to: AUTO
2025-06-22 19:10:21,650 - SUAS - DEBUG - [SUAS_main.main:745] - Waiting for mode change to: AUTO
2025-06-22 19:10:22,151 - SUAS - DEBUG - [SUAS_main.main:745] - Waiting for mode change to: AUTO
2025-06-22 19:10:22,653 - SUAS - DEBUG - [SUAS_main.main:745] - Waiting for mode change to: AUTO
2025-06-22 19:10:23,154 - SUAS - DEBUG - [SUAS_main.main:745] - Waiting for mode change to: AUTO
2025-06-22 19:10:23,656 - SUAS - DEBUG - [SUAS_main.main:745] - Waiting for mode change to: AUTO
2025-06-22 19:10:24,157 - SUAS - DEBUG - [SUAS_main.main:745] - Waiting for mode change to: AUTO
2025-06-22 19:10:24,659 - SUAS - DEBUG - [SUAS_main.main:745] - Waiting for mode change to: AUTO
2025-06-22 19:10:25,160 - SUAS - DEBUG - [SUAS_main.main:745] - Waiting for mode change to: AUTO
2025-06-22 19:10:25,662 - SUAS - DEBUG - [SUAS_main.main:745] - Waiting for mode change to: AUTO
2025-06-22 19:10:26,163 - SUAS - DEBUG - [SUAS_main.main:745] - Waiting for mode change to: AUTO
2025-06-22 19:10:26,664 - SUAS - DEBUG - [SUAS_main.main:745] - Waiting for mode change to: AUTO
2025-06-22 19:10:27,166 - SUAS - DEBUG - [SUAS_main.main:745] - Waiting for mode change to: AUTO
2025-06-22 19:10:27,668 - SUAS - DEBUG - [SUAS_main.main:745] - Waiting for mode change to: AUTO
2025-06-22 19:10:28,169 - SUAS - DEBUG - [SUAS_main.main:745] - Waiting for mode change to: AUTO
2025-06-22 19:10:28,671 - SUAS - DEBUG - [SUAS_main.main:745] - Waiting for mode change to: AUTO
2025-06-22 19:10:29,172 - SUAS - DEBUG - [SUAS_main.main:745] - Waiting for mode change to: AUTO
2025-06-22 19:10:29,674 - SUAS - DEBUG - [SUAS_main.main:745] - Waiting for mode change to: AUTO
2025-06-22 19:10:30,175 - SUAS - DEBUG - [SUAS_main.main:745] - Waiting for mode change to: AUTO
2025-06-22 19:10:30,677 - SUAS - DEBUG - [SUAS_main.main:745] - Waiting for mode change to: AUTO
2025-06-22 19:10:31,178 - SUAS - DEBUG - [SUAS_main.main:745] - Waiting for mode change to: AUTO
2025-06-22 19:10:31,680 - SUAS - DEBUG - [SUAS_main.main:745] - Waiting for mode change to: AUTO
2025-06-22 19:10:32,181 - SUAS - DEBUG - [SUAS_main.main:745] - Waiting for mode change to: AUTO
2025-06-22 19:10:32,683 - SUAS - DEBUG - [SUAS_main.main:745] - Waiting for mode change to: AUTO
2025-06-22 19:10:33,185 - SUAS - DEBUG - [SUAS_main.main:745] - Waiting for mode change to: AUTO
2025-06-22 19:10:33,687 - SUAS - DEBUG - [SUAS_main.main:745] - Waiting for mode change to: AUTO
2025-06-22 19:10:34,188 - SUAS - DEBUG - [SUAS_main.main:745] - Waiting for mode change to: AUTO
2025-06-22 19:10:34,690 - SUAS - DEBUG - [SUAS_main.main:745] - Waiting for mode change to: AUTO
2025-06-22 19:10:35,191 - SUAS - DEBUG - [SUAS_main.main:745] - Waiting for mode change to: AUTO
2025-06-22 19:10:35,692 - SUAS - DEBUG - [SUAS_main.main:745] - Waiting for mode change to: AUTO
2025-06-22 19:10:36,194 - SUAS - DEBUG - [SUAS_main.main:745] - Waiting for mode change to: AUTO
2025-06-22 19:10:36,695 - SUAS - DEBUG - [SUAS_main.main:745] - Waiting for mode change to: AUTO
2025-06-22 19:10:37,196 - SUAS - DEBUG - [SUAS_main.main:745] - Waiting for mode change to: AUTO
2025-06-22 19:10:37,698 - SUAS - DEBUG - [SUAS_main.main:745] - Waiting for mode change to: AUTO
2025-06-22 19:10:38,199 - SUAS - DEBUG - [SUAS_main.main:745] - Waiting for mode change to: AUTO
2025-06-22 19:10:38,700 - SUAS - DEBUG - [SUAS_main.main:745] - Waiting for mode change to: AUTO
2025-06-22 19:10:39,202 - SUAS - DEBUG - [SUAS_main.main:745] - Waiting for mode change to: AUTO
2025-06-22 19:10:39,704 - SUAS - DEBUG - [SUAS_main.main:745] - Waiting for mode change to: AUTO
2025-06-22 19:10:40,205 - SUAS - DEBUG - [SUAS_main.main:745] - Waiting for mode change to: AUTO
2025-06-22 19:10:40,707 - SUAS - DEBUG - [SUAS_main.main:745] - Waiting for mode change to: AUTO
2025-06-22 19:10:41,208 - SUAS - DEBUG - [SUAS_main.main:745] - Waiting for mode change to: AUTO
2025-06-22 19:10:41,709 - SUAS - DEBUG - [SUAS_main.main:745] - Waiting for mode change to: AUTO
2025-06-22 19:10:42,211 - SUAS - DEBUG - [SUAS_main.main:745] - Waiting for mode change to: AUTO
2025-06-22 19:10:42,712 - SUAS - DEBUG - [SUAS_main.main:745] - Waiting for mode change to: AUTO
2025-06-22 19:10:43,213 - SUAS - DEBUG - [SUAS_main.main:745] - Waiting for mode change to: AUTO
2025-06-22 19:10:43,715 - SUAS - DEBUG - [SUAS_main.main:745] - Waiting for mode change to: AUTO
2025-06-22 19:10:44,216 - SUAS - DEBUG - [SUAS_main.main:745] - Waiting for mode change to: AUTO
2025-06-22 19:10:44,718 - SUAS - DEBUG - [SUAS_main.main:745] - Waiting for mode change to: AUTO
2025-06-22 19:10:45,220 - SUAS - DEBUG - [SUAS_main.main:745] - Waiting for mode change to: AUTO
2025-06-22 19:10:45,721 - SUAS - DEBUG - [SUAS_main.main:745] - Waiting for mode change to: AUTO
2025-06-22 19:10:46,223 - SUAS - DEBUG - [SUAS_main.main:745] - Waiting for mode change to: AUTO
2025-06-22 19:10:46,725 - SUAS - DEBUG - [SUAS_main.main:745] - Waiting for mode change to: AUTO
2025-06-22 19:10:47,226 - SUAS - DEBUG - [SUAS_main.main:745] - Waiting for mode change to: AUTO
2025-06-22 19:10:47,728 - SUAS - DEBUG - [SUAS_main.main:745] - Waiting for mode change to: AUTO
2025-06-22 19:10:48,229 - SUAS - DEBUG - [SUAS_main.main:745] - Waiting for mode change to: AUTO
2025-06-22 19:10:48,731 - SUAS - DEBUG - [SUAS_main.main:745] - Waiting for mode change to: AUTO
2025-06-22 19:10:49,232 - SUAS - DEBUG - [SUAS_main.main:745] - Waiting for mode change to: AUTO
2025-06-22 19:10:49,734 - SUAS - DEBUG - [SUAS_main.main:745] - Waiting for mode change to: AUTO
2025-06-22 19:10:50,235 - SUAS - DEBUG - [SUAS_main.main:745] - Waiting for mode change to: AUTO
2025-06-22 19:10:50,736 - SUAS - DEBUG - [SUAS_main.main:745] - Waiting for mode change to: AUTO
2025-06-22 19:10:51,238 - SUAS - DEBUG - [SUAS_main.main:745] - Waiting for mode change to: AUTO
2025-06-22 19:10:51,740 - SUAS - DEBUG - [SUAS_main.main:745] - Waiting for mode change to: AUTO
2025-06-22 19:10:52,242 - SUAS - DEBUG - [SUAS_main.main:745] - Waiting for mode change to: AUTO
2025-06-22 19:10:52,743 - SUAS - DEBUG - [SUAS_main.main:745] - Waiting for mode change to: AUTO
2025-06-22 19:10:53,245 - SUAS - DEBUG - [SUAS_main.main:745] - Waiting for mode change to: AUTO
2025-06-22 19:10:53,746 - SUAS - DEBUG - [SUAS_main.main:745] - Waiting for mode change to: AUTO
2025-06-22 19:10:54,248 - SUAS - DEBUG - [SUAS_main.main:745] - Waiting for mode change to: AUTO
2025-06-22 19:10:54,749 - SUAS - DEBUG - [SUAS_main.main:745] - Waiting for mode change to: AUTO
2025-06-22 19:10:55,250 - SUAS - DEBUG - [SUAS_main.main:745] - Waiting for mode change to: AUTO
2025-06-22 19:10:55,752 - SUAS - DEBUG - [SUAS_main.main:745] - Waiting for mode change to: AUTO
2025-06-22 19:10:56,253 - SUAS - DEBUG - [SUAS_main.main:745] - Waiting for mode change to: AUTO
2025-06-22 19:10:56,755 - SUAS - DEBUG - [SUAS_main.main:745] - Waiting for mode change to: AUTO
2025-06-22 19:10:57,257 - SUAS - DEBUG - [SUAS_main.main:745] - Waiting for mode change to: AUTO
2025-06-22 19:10:57,759 - SUAS - DEBUG - [SUAS_main.main:745] - Waiting for mode change to: AUTO
2025-06-22 19:10:58,260 - SUAS - DEBUG - [SUAS_main.main:745] - Waiting for mode change to: AUTO
2025-06-22 19:10:58,761 - SUAS - DEBUG - [SUAS_main.main:745] - Waiting for mode change to: AUTO
2025-06-22 19:10:59,263 - SUAS - DEBUG - [SUAS_main.main:745] - Waiting for mode change to: AUTO
2025-06-22 19:10:59,764 - SUAS - DEBUG - [SUAS_main.main:745] - Waiting for mode change to: AUTO
2025-06-22 19:11:00,265 - SUAS - DEBUG - [SUAS_main.main:745] - Waiting for mode change to: AUTO
2025-06-22 19:11:00,767 - SUAS - DEBUG - [SUAS_main.main:745] - Waiting for mode change to: AUTO
2025-06-22 19:11:01,268 - SUAS - DEBUG - [SUAS_main.main:745] - Waiting for mode change to: AUTO
2025-06-22 19:11:01,770 - SUAS - DEBUG - [SUAS_main.main:745] - Waiting for mode change to: AUTO
2025-06-22 19:11:02,272 - SUAS - DEBUG - [SUAS_main.main:745] - Waiting for mode change to: AUTO
2025-06-22 19:11:02,773 - SUAS - DEBUG - [SUAS_main.main:745] - Waiting for mode change to: AUTO
2025-06-22 19:11:03,275 - SUAS - DEBUG - [SUAS_main.main:745] - Waiting for mode change to: AUTO
2025-06-22 19:11:03,776 - SUAS - DEBUG - [SUAS_main.main:745] - Waiting for mode change to: AUTO
2025-06-22 19:11:04,278 - SUAS - DEBUG - [SUAS_main.main:745] - Waiting for mode change to: AUTO
2025-06-22 19:11:04,779 - SUAS - DEBUG - [SUAS_main.main:745] - Waiting for mode change to: AUTO
2025-06-22 19:11:05,281 - SUAS - DEBUG - [SUAS_main.main:745] - Waiting for mode change to: AUTO
2025-06-22 19:11:05,782 - SUAS - DEBUG - [SUAS_main.main:745] - Waiting for mode change to: AUTO
2025-06-22 19:11:06,284 - SUAS - DEBUG - [SUAS_main.main:745] - Waiting for mode change to: AUTO
2025-06-22 19:11:06,785 - SUAS - DEBUG - [SUAS_main.main:745] - Waiting for mode change to: AUTO
2025-06-22 19:11:07,287 - SUAS - DEBUG - [SUAS_main.main:745] - Waiting for mode change to: AUTO
2025-06-22 19:11:07,788 - SUAS - DEBUG - [SUAS_main.main:745] - Waiting for mode change to: AUTO
2025-06-22 19:11:08,290 - SUAS - DEBUG - [SUAS_main.main:745] - Waiting for mode change to: AUTO
2025-06-22 19:11:08,792 - SUAS - DEBUG - [SUAS_main.main:745] - Waiting for mode change to: AUTO
2025-06-22 19:11:09,293 - SUAS - DEBUG - [SUAS_main.main:745] - Waiting for mode change to: AUTO
2025-06-22 19:11:09,795 - SUAS - DEBUG - [SUAS_main.main:745] - Waiting for mode change to: AUTO
2025-06-22 19:11:10,297 - SUAS - DEBUG - [SUAS_main.main:745] - Waiting for mode change to: AUTO
2025-06-22 19:11:10,798 - SUAS - DEBUG - [SUAS_main.main:745] - Waiting for mode change to: AUTO
2025-06-22 19:11:11,300 - SUAS - DEBUG - [SUAS_main.main:745] - Waiting for mode change to: AUTO
2025-06-22 19:11:11,801 - SUAS - DEBUG - [SUAS_main.main:745] - Waiting for mode change to: AUTO
2025-06-22 19:11:12,303 - SUAS - DEBUG - [SUAS_main.main:745] - Waiting for mode change to: AUTO
2025-06-22 19:11:12,804 - SUAS - DEBUG - [SUAS_main.main:745] - Waiting for mode change to: AUTO
2025-06-22 19:11:13,306 - SUAS - DEBUG - [SUAS_main.main:745] - Waiting for mode change to: AUTO
2025-06-22 19:11:13,807 - SUAS - DEBUG - [SUAS_main.main:745] - Waiting for mode change to: AUTO
2025-06-22 19:11:14,308 - SUAS - DEBUG - [SUAS_main.main:745] - Waiting for mode change to: AUTO
2025-06-22 19:11:14,810 - SUAS - DEBUG - [SUAS_main.main:745] - Waiting for mode change to: AUTO
2025-06-22 19:11:15,312 - SUAS - DEBUG - [SUAS_main.main:745] - Waiting for mode change to: AUTO
2025-06-22 19:11:15,813 - SUAS - DEBUG - [SUAS_main.main:745] - Waiting for mode change to: AUTO
2025-06-22 19:11:16,315 - SUAS - DEBUG - [SUAS_main.main:745] - Waiting for mode change to: AUTO
2025-06-22 19:11:16,816 - SUAS - DEBUG - [SUAS_main.main:745] - Waiting for mode change to: AUTO
2025-06-22 19:11:17,318 - SUAS - DEBUG - [SUAS_main.main:745] - Waiting for mode change to: AUTO
2025-06-22 19:11:17,819 - SUAS - DEBUG - [SUAS_main.main:745] - Waiting for mode change to: AUTO
2025-06-22 19:11:18,320 - SUAS - DEBUG - [SUAS_main.main:745] - Waiting for mode change to: AUTO
2025-06-22 19:11:18,822 - SUAS - DEBUG - [SUAS_main.main:745] - Waiting for mode change to: AUTO
2025-06-22 19:11:19,323 - SUAS - DEBUG - [SUAS_main.main:745] - Waiting for mode change to: AUTO
2025-06-22 19:11:19,824 - SUAS - DEBUG - [SUAS_main.main:745] - Waiting for mode change to: AUTO
2025-06-22 19:11:20,326 - SUAS - DEBUG - [SUAS_main.main:745] - Waiting for mode change to: AUTO
2025-06-22 19:11:20,827 - SUAS - DEBUG - [SUAS_main.main:745] - Waiting for mode change to: AUTO
2025-06-22 19:11:21,329 - SUAS - DEBUG - [SUAS_main.main:745] - Waiting for mode change to: AUTO
2025-06-22 19:11:21,831 - SUAS - DEBUG - [SUAS_main.main:745] - Waiting for mode change to: AUTO
2025-06-22 19:11:22,332 - SUAS - DEBUG - [SUAS_main.main:745] - Waiting for mode change to: AUTO
2025-06-22 19:11:22,833 - SUAS - DEBUG - [SUAS_main.main:745] - Waiting for mode change to: AUTO
2025-06-22 19:11:23,335 - SUAS - DEBUG - [SUAS_main.main:745] - Waiting for mode change to: AUTO
2025-06-22 19:11:23,836 - SUAS - DEBUG - [SUAS_main.main:745] - Waiting for mode change to: AUTO
2025-06-22 19:11:24,338 - SUAS - DEBUG - [SUAS_main.main:745] - Waiting for mode change to: AUTO
2025-06-22 19:11:24,839 - SUAS - DEBUG - [SUAS_main.main:745] - Waiting for mode change to: AUTO
2025-06-22 19:11:25,340 - SUAS - DEBUG - [SUAS_main.main:745] - Waiting for mode change to: AUTO
2025-06-22 19:11:25,842 - SUAS - DEBUG - [SUAS_main.main:745] - Waiting for mode change to: AUTO
2025-06-22 19:11:26,343 - SUAS - DEBUG - [SUAS_main.main:745] - Waiting for mode change to: AUTO
2025-06-22 19:11:26,845 - SUAS - DEBUG - [SUAS_main.main:745] - Waiting for mode change to: AUTO
2025-06-22 19:11:27,346 - SUAS - DEBUG - [SUAS_main.main:745] - Waiting for mode change to: AUTO
2025-06-22 19:11:27,848 - SUAS - DEBUG - [SUAS_main.main:745] - Waiting for mode change to: AUTO
2025-06-22 19:11:28,349 - SUAS - DEBUG - [SUAS_main.main:745] - Waiting for mode change to: AUTO
2025-06-22 19:11:28,851 - SUAS - DEBUG - [SUAS_main.main:745] - Waiting for mode change to: AUTO
2025-06-22 19:11:29,352 - SUAS - DEBUG - [SUAS_main.main:745] - Waiting for mode change to: AUTO
2025-06-22 19:11:29,853 - SUAS - DEBUG - [SUAS_main.main:745] - Waiting for mode change to: AUTO
2025-06-22 19:11:30,355 - SUAS - DEBUG - [SUAS_main.main:745] - Waiting for mode change to: AUTO
2025-06-22 19:11:30,856 - SUAS - DEBUG - [SUAS_main.main:745] - Waiting for mode change to: AUTO
2025-06-22 19:11:31,202 - SUAS - DEBUG - [SUAS_main.watcher:148] - Mode changed: ALT_HOLD -> POSHOLD
2025-06-22 19:11:31,203 - SUAS - DEBUG - [SUAS_main.pasue:121] - Pausing execution in mode: POSHOLD
2025-06-22 19:11:31,697 - SUAS - DEBUG - [SUAS_main.watcher:148] - Mode changed: POSHOLD -> ALT_HOLD
2025-06-22 19:11:31,698 - SUAS - DEBUG - [SUAS_main.on_mode_change:166] - Unhandled mode change: ALT_HOLD
2025-06-22 19:22:49,972 - SUAS - DEBUG - [SUAS_main.watcher:148] - Mode changed: ALT_HOLD -> AUTO
2025-06-22 19:22:49,973 - SUAS - DEBUG - [SUAS_main.main:750] - Land Location: (38.8507887, -76.6997705, 0.031)
2025-06-22 19:22:49,974 - SUAS - DEBUG - [SUAS_main.main:751] - Mode: AUTO
2025-06-22 19:22:49,974 - SUAS - DEBUG - [SUAS_main.main:753] - aga ilk otoyol
2025-06-22 19:22:50,976 - SUAS - DEBUG - [SUAS_main.main:759] - next wp: 1
2025-06-22 19:22:50,977 - SUAS - DEBUG - [SUAS_main.main:760] - wp_num:6
2025-06-22 19:22:51,979 - SUAS - DEBUG - [SUAS_main.main:759] - next wp: 1
2025-06-22 19:22:51,979 - SUAS - DEBUG - [SUAS_main.main:760] - wp_num:6
2025-06-22 19:22:52,981 - SUAS - DEBUG - [SUAS_main.main:759] - next wp: 1
2025-06-22 19:22:52,982 - SUAS - DEBUG - [SUAS_main.main:760] - wp_num:6
2025-06-22 19:22:53,984 - SUAS - DEBUG - [SUAS_main.main:759] - next wp: 1
2025-06-22 19:22:53,985 - SUAS - DEBUG - [SUAS_main.main:760] - wp_num:6
2025-06-22 19:22:54,987 - SUAS - DEBUG - [SUAS_main.main:759] - next wp: 1
2025-06-22 19:22:54,987 - SUAS - DEBUG - [SUAS_main.main:760] - wp_num:6
2025-06-22 19:22:55,990 - SUAS - DEBUG - [SUAS_main.main:759] - next wp: 1
2025-06-22 19:22:55,991 - SUAS - DEBUG - [SUAS_main.main:760] - wp_num:6
2025-06-22 19:22:56,992 - SUAS - DEBUG - [SUAS_main.main:759] - next wp: 1
2025-06-22 19:22:56,993 - SUAS - DEBUG - [SUAS_main.main:760] - wp_num:6
2025-06-22 19:22:57,995 - SUAS - DEBUG - [SUAS_main.main:759] - next wp: 1
2025-06-22 19:22:57,995 - SUAS - DEBUG - [SUAS_main.main:760] - wp_num:6
2025-06-22 19:22:58,997 - SUAS - DEBUG - [SUAS_main.main:759] - next wp: 1
2025-06-22 19:22:58,998 - SUAS - DEBUG - [SUAS_main.main:760] - wp_num:6
2025-06-22 19:23:00,000 - SUAS - DEBUG - [SUAS_main.main:759] - next wp: 1
2025-06-22 19:23:00,002 - SUAS - DEBUG - [SUAS_main.main:760] - wp_num:6
2025-06-22 19:23:01,004 - SUAS - DEBUG - [SUAS_main.main:759] - next wp: 1
2025-06-22 19:23:01,005 - SUAS - DEBUG - [SUAS_main.main:760] - wp_num:6
2025-06-22 19:23:02,006 - SUAS - DEBUG - [SUAS_main.main:759] - next wp: 1
2025-06-22 19:23:02,008 - SUAS - DEBUG - [SUAS_main.main:760] - wp_num:6
2025-06-22 19:23:03,010 - SUAS - DEBUG - [SUAS_main.main:759] - next wp: 2
2025-06-22 19:23:03,011 - SUAS - DEBUG - [SUAS_main.main:760] - wp_num:6
2025-06-22 19:23:04,013 - SUAS - DEBUG - [SUAS_main.main:759] - next wp: 2
2025-06-22 19:23:04,013 - SUAS - DEBUG - [SUAS_main.main:760] - wp_num:6
2025-06-22 19:23:05,015 - SUAS - DEBUG - [SUAS_main.main:759] - next wp: 2
2025-06-22 19:23:05,016 - SUAS - DEBUG - [SUAS_main.main:760] - wp_num:6
2025-06-22 19:23:06,018 - SUAS - DEBUG - [SUAS_main.main:759] - next wp: 2
2025-06-22 19:23:06,019 - SUAS - DEBUG - [SUAS_main.main:760] - wp_num:6
2025-06-22 19:23:07,021 - SUAS - DEBUG - [SUAS_main.main:759] - next wp: 2
2025-06-22 19:23:07,022 - SUAS - DEBUG - [SUAS_main.main:760] - wp_num:6
2025-06-22 19:23:08,023 - SUAS - DEBUG - [SUAS_main.main:759] - next wp: 2
2025-06-22 19:23:08,023 - SUAS - DEBUG - [SUAS_main.main:760] - wp_num:6
2025-06-22 19:23:09,025 - SUAS - DEBUG - [SUAS_main.main:759] - next wp: 2
2025-06-22 19:23:09,026 - SUAS - DEBUG - [SUAS_main.main:760] - wp_num:6
2025-06-22 19:23:10,028 - SUAS - DEBUG - [SUAS_main.main:759] - next wp: 2
2025-06-22 19:23:10,029 - SUAS - DEBUG - [SUAS_main.main:760] - wp_num:6
2025-06-22 19:23:11,030 - SUAS - DEBUG - [SUAS_main.main:759] - next wp: 2
2025-06-22 19:23:11,031 - SUAS - DEBUG - [SUAS_main.main:760] - wp_num:6
2025-06-22 19:23:12,033 - SUAS - DEBUG - [SUAS_main.main:759] - next wp: 3
2025-06-22 19:23:12,034 - SUAS - DEBUG - [SUAS_main.main:760] - wp_num:6
2025-06-22 19:23:13,036 - SUAS - DEBUG - [SUAS_main.main:759] - next wp: 3
2025-06-22 19:23:13,037 - SUAS - DEBUG - [SUAS_main.main:760] - wp_num:6
2025-06-22 19:23:14,039 - SUAS - DEBUG - [SUAS_main.main:759] - next wp: 3
2025-06-22 19:23:14,040 - SUAS - DEBUG - [SUAS_main.main:760] - wp_num:6
2025-06-22 19:23:15,041 - SUAS - DEBUG - [SUAS_main.main:759] - next wp: 3
2025-06-22 19:23:15,042 - SUAS - DEBUG - [SUAS_main.main:760] - wp_num:6
2025-06-22 19:23:16,044 - SUAS - DEBUG - [SUAS_main.main:759] - next wp: 3
2025-06-22 19:23:16,045 - SUAS - DEBUG - [SUAS_main.main:760] - wp_num:6
2025-06-22 19:23:17,047 - SUAS - DEBUG - [SUAS_main.main:759] - next wp: 3
2025-06-22 19:23:17,048 - SUAS - DEBUG - [SUAS_main.main:760] - wp_num:6
2025-06-22 19:23:18,049 - SUAS - DEBUG - [SUAS_main.main:759] - next wp: 3
2025-06-22 19:23:18,050 - SUAS - DEBUG - [SUAS_main.main:760] - wp_num:6
2025-06-22 19:23:19,053 - SUAS - DEBUG - [SUAS_main.main:759] - next wp: 4
2025-06-22 19:23:19,054 - SUAS - DEBUG - [SUAS_main.main:760] - wp_num:6
2025-06-22 19:23:20,056 - SUAS - DEBUG - [SUAS_main.main:759] - next wp: 4
2025-06-22 19:23:20,057 - SUAS - DEBUG - [SUAS_main.main:760] - wp_num:6
2025-06-22 19:23:21,059 - SUAS - DEBUG - [SUAS_main.main:759] - next wp: 4
2025-06-22 19:23:21,060 - SUAS - DEBUG - [SUAS_main.main:760] - wp_num:6
2025-06-22 19:23:22,061 - SUAS - DEBUG - [SUAS_main.main:759] - next wp: 4
2025-06-22 19:23:22,062 - SUAS - DEBUG - [SUAS_main.main:760] - wp_num:6
2025-06-22 19:23:23,064 - SUAS - DEBUG - [SUAS_main.main:759] - next wp: 4
2025-06-22 19:23:23,065 - SUAS - DEBUG - [SUAS_main.main:760] - wp_num:6
2025-06-22 19:23:24,067 - SUAS - DEBUG - [SUAS_main.main:759] - next wp: 4
2025-06-22 19:23:24,067 - SUAS - DEBUG - [SUAS_main.main:760] - wp_num:6
2025-06-22 19:23:25,069 - SUAS - DEBUG - [SUAS_main.main:759] - next wp: 4
2025-06-22 19:23:25,070 - SUAS - DEBUG - [SUAS_main.main:760] - wp_num:6
2025-06-22 19:23:26,072 - SUAS - DEBUG - [SUAS_main.main:759] - next wp: 5
2025-06-22 19:23:26,074 - SUAS - DEBUG - [SUAS_main.main:760] - wp_num:6
2025-06-22 19:23:27,076 - SUAS - DEBUG - [SUAS_main.main:759] - next wp: 5
2025-06-22 19:23:27,077 - SUAS - DEBUG - [SUAS_main.main:760] - wp_num:6
2025-06-22 19:23:28,078 - SUAS - DEBUG - [SUAS_main.main:759] - next wp: 5
2025-06-22 19:23:28,079 - SUAS - DEBUG - [SUAS_main.main:760] - wp_num:6
2025-06-22 19:23:29,080 - SUAS - DEBUG - [SUAS_main.main:759] - next wp: 5
2025-06-22 19:23:29,081 - SUAS - DEBUG - [SUAS_main.main:760] - wp_num:6
2025-06-22 19:23:30,083 - SUAS - DEBUG - [SUAS_main.main:759] - next wp: 5
2025-06-22 19:23:30,084 - SUAS - DEBUG - [SUAS_main.main:760] - wp_num:6
2025-06-22 19:23:31,085 - SUAS - DEBUG - [SUAS_main.main:759] - next wp: 5
2025-06-22 19:23:31,086 - SUAS - DEBUG - [SUAS_main.main:760] - wp_num:6
2025-06-22 19:23:32,089 - SUAS - DEBUG - [SUAS_main.main:759] - next wp: 5
2025-06-22 19:23:32,090 - SUAS - DEBUG - [SUAS_main.main:760] - wp_num:6
2025-06-22 19:23:32,722 - SUAS - DEBUG - [SUAS_main._rc_listener_thread:313] - WPNAV_SPEED changed: 600 → 800
2025-06-22 19:23:33,091 - SUAS - DEBUG - [SUAS_main.main:759] - next wp: 5
2025-06-22 19:23:33,092 - SUAS - DEBUG - [SUAS_main.main:760] - wp_num:6
2025-06-22 19:23:34,093 - SUAS - DEBUG - [SUAS_main.main:759] - next wp: 5
2025-06-22 19:23:34,094 - SUAS - DEBUG - [SUAS_main.main:760] - wp_num:6
2025-06-22 19:23:35,096 - SUAS - DEBUG - [SUAS_main.main:759] - next wp: 6
2025-06-22 19:23:35,097 - SUAS - DEBUG - [SUAS_main.main:760] - wp_num:6
2025-06-22 19:23:35,097 - SUAS - DEBUG - [SUAS_main.main:762] - Air Drop Stage
2025-06-22 19:23:36,612 - SUAS - DEBUG - [SUAS_main.watcher:148] - Mode changed: AUTO -> GUIDED
2025-06-22 19:23:36,612 - SUAS - DEBUG - [SUAS_main.on_mode_change:166] - Unhandled mode change: GUIDED
2025-06-22 19:23:36,650 - SUAS - DEBUG - [SUAS_main.main:770] - VehicleMode:GUIDED moduna geçildi
2025-06-22 19:23:38,155 - SUAS - DEBUG - [SUAS_main.start_scanning:479] - SET Yaw Behaviour: 0, Never change yaw
2025-06-22 19:23:39,657 - SUAS - DEBUG - [SUAS_main.start_scanning:488] - point to go: 38.8511427 -76.6995765
2025-06-22 19:23:39,658 - SUAS - DEBUG - [SUAS_main.start_scanning:490] - scanning noktasına gidiliyor: timestamp: 2025-06-22 19:23:39
2025-06-22 19:23:39,660 - SUAS - DEBUG - [SUAS_main.start_scanning:492] - simplegoto verildi: timestamp: 2025-06-22 19:23:39
2025-06-22 19:23:39,661 - SUAS - DEBUG - [SUAS_main.wait:320] - waite girildi timestamp: 2025-06-22 19:23:39
2025-06-22 19:23:39,761 - SUAS - DEBUG - [SUAS_main.wait:322] - Waiting for the vehicle to reach the target point...
2025-06-22 19:23:51,118 - SUAS - DEBUG - [SUAS_main.wait:331] - Reached the target point after the break
2025-06-22 19:23:51,119 - SUAS - DEBUG - [SUAS_main.start_scanning:494] - wait fonksiyonu bitti: timestamp: 2025-06-22 19:23:51
2025-06-22 19:23:51,120 - SUAS - DEBUG - [SUAS_main.start_scanning:495] - Reached the target point and going to take photo
2025-06-22 19:23:51,121 - SUAS - DEBUG - [SUAS_main.start_scanning:508] - fotoğraf çekilecek. timestamp: 2025-06-22 19:23:51
2025-06-22 19:23:53,292 - SUAS - DEBUG - [SUAS_main.take_photo_opencv:423] - Saved photo to images19/image_1.jpg
2025-06-22 19:23:53,293 - SUAS - DEBUG - [SUAS_main.start_scanning:515] - fotoğraf çekildi. timestamp: 2025-06-22 19:23:53
2025-06-22 19:23:53,794 - SUAS - DEBUG - [SUAS_main.start_scanning:488] - point to go: 38.8509765 -76.6996658
2025-06-22 19:23:53,795 - SUAS - DEBUG - [SUAS_main.start_scanning:490] - scanning noktasına gidiliyor: timestamp: 2025-06-22 19:23:53
2025-06-22 19:23:53,797 - SUAS - DEBUG - [SUAS_main.start_scanning:492] - simplegoto verildi: timestamp: 2025-06-22 19:23:53
2025-06-22 19:23:53,798 - SUAS - DEBUG - [SUAS_main.wait:320] - waite girildi timestamp: 2025-06-22 19:23:53
2025-06-22 19:23:53,899 - SUAS - DEBUG - [SUAS_main.wait:322] - Waiting for the vehicle to reach the target point...
2025-06-22 19:24:06,874 - SUAS - DEBUG - [SUAS_main.wait:331] - Reached the target point after the break
2025-06-22 19:24:06,875 - SUAS - DEBUG - [SUAS_main.start_scanning:494] - wait fonksiyonu bitti: timestamp: 2025-06-22 19:24:06
2025-06-22 19:24:06,876 - SUAS - DEBUG - [SUAS_main.start_scanning:495] - Reached the target point and going to take photo
2025-06-22 19:24:06,878 - SUAS - DEBUG - [SUAS_main.start_scanning:508] - fotoğraf çekilecek. timestamp: 2025-06-22 19:24:06
2025-06-22 19:24:08,076 - SUAS - DEBUG - [SUAS_main.take_photo_opencv:423] - Saved photo to images19/image_2.jpg
2025-06-22 19:24:08,078 - SUAS - DEBUG - [SUAS_main.start_scanning:515] - fotoğraf çekildi. timestamp: 2025-06-22 19:24:08
2025-06-22 19:24:08,580 - SUAS - DEBUG - [SUAS_main.start_scanning:488] - point to go: 38.8508395 -76.6997469
2025-06-22 19:24:08,581 - SUAS - DEBUG - [SUAS_main.start_scanning:490] - scanning noktasına gidiliyor: timestamp: 2025-06-22 19:24:08
2025-06-22 19:24:08,582 - SUAS - DEBUG - [SUAS_main.start_scanning:492] - simplegoto verildi: timestamp: 2025-06-22 19:24:08
2025-06-22 19:24:08,584 - SUAS - DEBUG - [SUAS_main.wait:320] - waite girildi timestamp: 2025-06-22 19:24:08
2025-06-22 19:24:08,685 - SUAS - DEBUG - [SUAS_main.wait:322] - Waiting for the vehicle to reach the target point...
2025-06-22 19:24:21,895 - SUAS - DEBUG - [SUAS_main.wait:331] - Reached the target point after the break
2025-06-22 19:24:21,896 - SUAS - DEBUG - [SUAS_main.start_scanning:494] - wait fonksiyonu bitti: timestamp: 2025-06-22 19:24:21
2025-06-22 19:24:21,897 - SUAS - DEBUG - [SUAS_main.start_scanning:495] - Reached the target point and going to take photo
2025-06-22 19:24:21,898 - SUAS - DEBUG - [SUAS_main.start_scanning:508] - fotoğraf çekilecek. timestamp: 2025-06-22 19:24:21
2025-06-22 19:24:23,069 - SUAS - DEBUG - [SUAS_main.take_photo_opencv:423] - Saved photo to images19/image_3.jpg
2025-06-22 19:24:23,070 - SUAS - DEBUG - [SUAS_main.start_scanning:515] - fotoğraf çekildi. timestamp: 2025-06-22 19:24:23
2025-06-22 19:24:23,571 - SUAS - DEBUG - [SUAS_main.start_scanning:488] - point to go: 38.8507058 -76.6998308
2025-06-22 19:24:23,572 - SUAS - DEBUG - [SUAS_main.start_scanning:490] - scanning noktasına gidiliyor: timestamp: 2025-06-22 19:24:23
2025-06-22 19:24:23,574 - SUAS - DEBUG - [SUAS_main.start_scanning:492] - simplegoto verildi: timestamp: 2025-06-22 19:24:23
2025-06-22 19:24:23,575 - SUAS - DEBUG - [SUAS_main.wait:320] - waite girildi timestamp: 2025-06-22 19:24:23
2025-06-22 19:24:23,676 - SUAS - DEBUG - [SUAS_main.wait:322] - Waiting for the vehicle to reach the target point...
2025-06-22 19:24:34,156 - SUAS - DEBUG - [SUAS_main.wait:331] - Reached the target point after the break
2025-06-22 19:24:34,157 - SUAS - DEBUG - [SUAS_main.start_scanning:494] - wait fonksiyonu bitti: timestamp: 2025-06-22 19:24:34
2025-06-22 19:24:34,158 - SUAS - DEBUG - [SUAS_main.start_scanning:495] - Reached the target point and going to take photo
2025-06-22 19:24:34,159 - SUAS - DEBUG - [SUAS_main.start_scanning:508] - fotoğraf çekilecek. timestamp: 2025-06-22 19:24:34
2025-06-22 19:24:35,329 - SUAS - DEBUG - [SUAS_main.take_photo_opencv:423] - Saved photo to images19/image_4.jpg
2025-06-22 19:24:35,331 - SUAS - DEBUG - [SUAS_main.start_scanning:515] - fotoğraf çekildi. timestamp: 2025-06-22 19:24:35
2025-06-22 19:24:35,832 - SUAS - DEBUG - [SUAS_main.start_scanning:488] - point to go: 38.8505558 -76.6999015
2025-06-22 19:24:35,833 - SUAS - DEBUG - [SUAS_main.start_scanning:490] - scanning noktasına gidiliyor: timestamp: 2025-06-22 19:24:35
2025-06-22 19:24:35,837 - SUAS - DEBUG - [SUAS_main.start_scanning:492] - simplegoto verildi: timestamp: 2025-06-22 19:24:35
2025-06-22 19:24:35,838 - SUAS - DEBUG - [SUAS_main.wait:320] - waite girildi timestamp: 2025-06-22 19:24:35
2025-06-22 19:24:35,939 - SUAS - DEBUG - [SUAS_main.wait:322] - Waiting for the vehicle to reach the target point...
2025-06-22 19:24:46,402 - SUAS - DEBUG - [SUAS_main.wait:331] - Reached the target point after the break
2025-06-22 19:24:46,403 - SUAS - DEBUG - [SUAS_main.start_scanning:494] - wait fonksiyonu bitti: timestamp: 2025-06-22 19:24:46
2025-06-22 19:24:46,404 - SUAS - DEBUG - [SUAS_main.start_scanning:495] - Reached the target point and going to take photo
2025-06-22 19:24:46,405 - SUAS - DEBUG - [SUAS_main.start_scanning:508] - fotoğraf çekilecek. timestamp: 2025-06-22 19:24:46
2025-06-22 19:24:47,616 - SUAS - DEBUG - [SUAS_main.take_photo_opencv:423] - Saved photo to images19/image_5.jpg
2025-06-22 19:24:47,618 - SUAS - DEBUG - [SUAS_main.start_scanning:515] - fotoğraf çekildi. timestamp: 2025-06-22 19:24:47
2025-06-22 19:24:48,119 - SUAS - DEBUG - [SUAS_main.start_scanning:488] - point to go: 38.8504058 -76.6999904
2025-06-22 19:24:48,120 - SUAS - DEBUG - [SUAS_main.start_scanning:490] - scanning noktasına gidiliyor: timestamp: 2025-06-22 19:24:48
2025-06-22 19:24:48,122 - SUAS - DEBUG - [SUAS_main.start_scanning:492] - simplegoto verildi: timestamp: 2025-06-22 19:24:48
2025-06-22 19:24:48,123 - SUAS - DEBUG - [SUAS_main.wait:320] - waite girildi timestamp: 2025-06-22 19:24:48
2025-06-22 19:24:48,223 - SUAS - DEBUG - [SUAS_main.wait:322] - Waiting for the vehicle to reach the target point...
2025-06-22 19:24:59,990 - SUAS - DEBUG - [SUAS_main.wait:331] - Reached the target point after the break
2025-06-22 19:24:59,991 - SUAS - DEBUG - [SUAS_main.start_scanning:494] - wait fonksiyonu bitti: timestamp: 2025-06-22 19:24:59
2025-06-22 19:24:59,992 - SUAS - DEBUG - [SUAS_main.start_scanning:495] - Reached the target point and going to take photo
2025-06-22 19:24:59,993 - SUAS - DEBUG - [SUAS_main.start_scanning:508] - fotoğraf çekilecek. timestamp: 2025-06-22 19:24:59
2025-06-22 19:25:01,149 - SUAS - DEBUG - [SUAS_main.take_photo_opencv:423] - Saved photo to images19/image_6.jpg
2025-06-22 19:25:01,151 - SUAS - DEBUG - [SUAS_main.start_scanning:515] - fotoğraf çekildi. timestamp: 2025-06-22 19:25:01
2025-06-22 19:25:01,168 - SUAS - DEBUG - [SUAS_main.start_scanning:526] - position_data19.csv dosyası ya mevcut değil ya da zaten boş.
2025-06-22 19:25:01,189 - SUAS - DEBUG - [SUAS_main.start_scanning:529] - Position data saved to position_data19.csv
2025-06-22 19:25:06,517 - SUAS - DEBUG - [SUAS_main.start_scanning:541] - SET Yaw Behaviour: 0, Face next waypoint
2025-06-22 19:25:06,519 - SUAS - DEBUG - [SUAS_main.main:786] - Image processing done
2025-06-22 19:25:06,521 - SUAS - DEBUG - [SUAS_main.main:792] - Waiting for 'cf_done' signal...
2025-06-22 19:25:08,523 - SUAS - DEBUG - [SUAS_main.main:801] - CF DONE
2025-06-22 19:25:08,542 - SUAS - DEBUG - [SUAS_main.main:812] - best_rois: [(38.85110814321266, -76.69957138611959), (38.850973175643304, -76.69967361472946), (38.85052989847512, -76.6998993601218), (38.85085487626478, -76.69967529341858)]
2025-06-22 19:25:08,544 - SUAS - DEBUG - [SUAS_main.real_drop:556] - konuma gidiliyor: (38.85110814321266, -76.69957138611959)
2025-06-22 19:25:08,546 - SUAS - DEBUG - [SUAS_main.wait:320] - waite girildi timestamp: 2025-06-22 19:25:08
2025-06-22 19:25:08,647 - SUAS - DEBUG - [SUAS_main.wait:322] - Waiting for the vehicle to reach the target point...
2025-06-22 19:25:29,735 - SUAS - DEBUG - [SUAS_main.wait:331] - Reached the target point after the break
2025-06-22 19:25:29,737 - SUAS - DEBUG - [SUAS_main.set_servo:270] - set_servo function has successfully executed. With arguments: Channel: 14, PWM Value: 1100
2025-06-22 19:25:29,738 - SUAS - DEBUG - [SUAS_main.real_drop:572] - Servo activated: channel=(14, 1100)
2025-06-22 19:25:31,742 - SUAS - DEBUG - [SUAS_main.set_servo:270] - set_servo function has successfully executed. With arguments: Channel: 14, PWM Value: 0
2025-06-22 19:25:31,743 - SUAS - DEBUG - [SUAS_main.real_drop:575] - Servo deactivated: channel=14
2025-06-22 19:26:01,771 - SUAS - DEBUG - [SUAS_main.real_drop:580] - ilk mapping pointe gidiliyor: (38.8502466, -76.7000837)
2025-06-22 19:26:01,773 - SUAS - DEBUG - [SUAS_main.wait:320] - waite girildi timestamp: 2025-06-22 19:26:01
2025-06-22 19:26:01,875 - SUAS - DEBUG - [SUAS_main.wait:322] - Waiting for the vehicle to reach the target point...
2025-06-22 19:26:24,881 - SUAS - DEBUG - [SUAS_main.wait:331] - Reached the target point after the break
2025-06-22 19:26:24,883 - SUAS - DEBUG - [SUAS_main.real_drop:587] - ikinci mapping pointe gidiliyor: (38.8513676, -76.6994487)
2025-06-22 19:26:24,885 - SUAS - DEBUG - [SUAS_main.wait:320] - waite girildi timestamp: 2025-06-22 19:26:24
2025-06-22 19:26:24,987 - SUAS - DEBUG - [SUAS_main.wait:322] - Waiting for the vehicle to reach the target point...
2025-06-22 19:26:51,237 - SUAS - DEBUG - [SUAS_main.wait:331] - Reached the target point after the break
2025-06-22 19:26:51,240 - SUAS - DEBUG - [SUAS_main.turn_lap:609] - Turn Lap
2025-06-22 19:26:51,342 - SUAS - DEBUG - [SUAS_main.turn_lap:616] - Download Waypoints - Completed
2025-06-22 19:26:51,343 - SUAS - DEBUG - [SUAS_main.turn_lap:618] - WP SET TO 2
2025-06-22 19:26:51,852 - SUAS - DEBUG - [SUAS_main.watcher:148] - Mode changed: GUIDED -> AUTO
2025-06-22 19:26:51,853 - SUAS - DEBUG - [SUAS_main.on_mode_change:166] - Unhandled mode change: AUTO
2025-06-22 19:26:51,896 - SUAS - DEBUG - [SUAS_main.turn_lap:623] - VehicleMode:AUTO moduna geçildi
2025-06-22 19:26:51,948 - SUAS - DEBUG - [SUAS_main.turn_lap:631] - next wp: 2
2025-06-22 19:26:51,949 - SUAS - DEBUG - [SUAS_main.turn_lap:632] - wp_num:6
2025-06-22 19:26:52,000 - SUAS - DEBUG - [SUAS_main.turn_lap:631] - next wp: 2
2025-06-22 19:26:52,001 - SUAS - DEBUG - [SUAS_main.turn_lap:632] - wp_num:6
2025-06-22 19:26:52,052 - SUAS - DEBUG - [SUAS_main.turn_lap:631] - next wp: 2
2025-06-22 19:26:52,053 - SUAS - DEBUG - [SUAS_main.turn_lap:632] - wp_num:6
2025-06-22 19:26:52,103 - SUAS - DEBUG - [SUAS_main.turn_lap:631] - next wp: 2
2025-06-22 19:26:52,104 - SUAS - DEBUG - [SUAS_main.turn_lap:632] - wp_num:6
2025-06-22 19:26:52,156 - SUAS - DEBUG - [SUAS_main.turn_lap:631] - next wp: 2
2025-06-22 19:26:52,157 - SUAS - DEBUG - [SUAS_main.turn_lap:632] - wp_num:6
2025-06-22 19:26:52,208 - SUAS - DEBUG - [SUAS_main.turn_lap:631] - next wp: 2
2025-06-22 19:26:52,209 - SUAS - DEBUG - [SUAS_main.turn_lap:632] - wp_num:6
2025-06-22 19:26:52,260 - SUAS - DEBUG - [SUAS_main.turn_lap:631] - next wp: 2
2025-06-22 19:26:52,261 - SUAS - DEBUG - [SUAS_main.turn_lap:632] - wp_num:6
2025-06-22 19:26:52,312 - SUAS - DEBUG - [SUAS_main.turn_lap:631] - next wp: 2
2025-06-22 19:26:52,312 - SUAS - DEBUG - [SUAS_main.turn_lap:632] - wp_num:6
2025-06-22 19:26:52,363 - SUAS - DEBUG - [SUAS_main.turn_lap:631] - next wp: 2
2025-06-22 19:26:52,364 - SUAS - DEBUG - [SUAS_main.turn_lap:632] - wp_num:6
2025-06-22 19:26:52,415 - SUAS - DEBUG - [SUAS_main.turn_lap:631] - next wp: 2
2025-06-22 19:26:52,416 - SUAS - DEBUG - [SUAS_main.turn_lap:632] - wp_num:6
2025-06-22 19:26:52,467 - SUAS - DEBUG - [SUAS_main.turn_lap:631] - next wp: 2
2025-06-22 19:26:52,468 - SUAS - DEBUG - [SUAS_main.turn_lap:632] - wp_num:6
2025-06-22 19:26:52,519 - SUAS - DEBUG - [SUAS_main.turn_lap:631] - next wp: 2
2025-06-22 19:26:52,520 - SUAS - DEBUG - [SUAS_main.turn_lap:632] - wp_num:6
2025-06-22 19:26:52,571 - SUAS - DEBUG - [SUAS_main.turn_lap:631] - next wp: 2
2025-06-22 19:26:52,572 - SUAS - DEBUG - [SUAS_main.turn_lap:632] - wp_num:6
2025-06-22 19:26:52,623 - SUAS - DEBUG - [SUAS_main.turn_lap:631] - next wp: 2
2025-06-22 19:26:52,624 - SUAS - DEBUG - [SUAS_main.turn_lap:632] - wp_num:6
2025-06-22 19:26:52,674 - SUAS - DEBUG - [SUAS_main.turn_lap:631] - next wp: 2
2025-06-22 19:26:52,676 - SUAS - DEBUG - [SUAS_main.turn_lap:632] - wp_num:6
2025-06-22 19:26:52,727 - SUAS - DEBUG - [SUAS_main.turn_lap:631] - next wp: 2
2025-06-22 19:26:52,728 - SUAS - DEBUG - [SUAS_main.turn_lap:632] - wp_num:6
2025-06-22 19:26:52,779 - SUAS - DEBUG - [SUAS_main.turn_lap:631] - next wp: 2
2025-06-22 19:26:52,780 - SUAS - DEBUG - [SUAS_main.turn_lap:632] - wp_num:6
2025-06-22 19:26:52,831 - SUAS - DEBUG - [SUAS_main.turn_lap:631] - next wp: 2
2025-06-22 19:26:52,832 - SUAS - DEBUG - [SUAS_main.turn_lap:632] - wp_num:6
2025-06-22 19:26:52,883 - SUAS - DEBUG - [SUAS_main.turn_lap:631] - next wp: 2
2025-06-22 19:26:52,884 - SUAS - DEBUG - [SUAS_main.turn_lap:632] - wp_num:6
2025-06-22 19:26:52,935 - SUAS - DEBUG - [SUAS_main.turn_lap:631] - next wp: 2
2025-06-22 19:26:52,936 - SUAS - DEBUG - [SUAS_main.turn_lap:632] - wp_num:6
2025-06-22 19:26:52,988 - SUAS - DEBUG - [SUAS_main.turn_lap:631] - next wp: 2
2025-06-22 19:26:52,989 - SUAS - DEBUG - [SUAS_main.turn_lap:632] - wp_num:6
2025-06-22 19:26:53,040 - SUAS - DEBUG - [SUAS_main.turn_lap:631] - next wp: 2
2025-06-22 19:26:53,041 - SUAS - DEBUG - [SUAS_main.turn_lap:632] - wp_num:6
2025-06-22 19:26:53,092 - SUAS - DEBUG - [SUAS_main.turn_lap:631] - next wp: 2
2025-06-22 19:26:53,092 - SUAS - DEBUG - [SUAS_main.turn_lap:632] - wp_num:6
2025-06-22 19:26:53,143 - SUAS - DEBUG - [SUAS_main.turn_lap:631] - next wp: 2
2025-06-22 19:26:53,144 - SUAS - DEBUG - [SUAS_main.turn_lap:632] - wp_num:6
2025-06-22 19:26:53,195 - SUAS - DEBUG - [SUAS_main.turn_lap:631] - next wp: 2
2025-06-22 19:26:53,196 - SUAS - DEBUG - [SUAS_main.turn_lap:632] - wp_num:6
2025-06-22 19:26:53,247 - SUAS - DEBUG - [SUAS_main.turn_lap:631] - next wp: 2
2025-06-22 19:26:53,248 - SUAS - DEBUG - [SUAS_main.turn_lap:632] - wp_num:6
2025-06-22 19:26:53,299 - SUAS - DEBUG - [SUAS_main.turn_lap:631] - next wp: 2
2025-06-22 19:26:53,300 - SUAS - DEBUG - [SUAS_main.turn_lap:632] - wp_num:6
2025-06-22 19:26:53,351 - SUAS - DEBUG - [SUAS_main.turn_lap:631] - next wp: 2
2025-06-22 19:26:53,351 - SUAS - DEBUG - [SUAS_main.turn_lap:632] - wp_num:6
2025-06-22 19:26:53,402 - SUAS - DEBUG - [SUAS_main.turn_lap:631] - next wp: 2
2025-06-22 19:26:53,403 - SUAS - DEBUG - [SUAS_main.turn_lap:632] - wp_num:6
2025-06-22 19:26:53,454 - SUAS - DEBUG - [SUAS_main.turn_lap:631] - next wp: 2
2025-06-22 19:26:53,455 - SUAS - DEBUG - [SUAS_main.turn_lap:632] - wp_num:6
2025-06-22 19:26:53,506 - SUAS - DEBUG - [SUAS_main.turn_lap:631] - next wp: 2
2025-06-22 19:26:53,507 - SUAS - DEBUG - [SUAS_main.turn_lap:632] - wp_num:6
2025-06-22 19:26:53,558 - SUAS - DEBUG - [SUAS_main.turn_lap:631] - next wp: 2
2025-06-22 19:26:53,559 - SUAS - DEBUG - [SUAS_main.turn_lap:632] - wp_num:6
2025-06-22 19:26:53,609 - SUAS - DEBUG - [SUAS_main.turn_lap:631] - next wp: 2
2025-06-22 19:26:53,610 - SUAS - DEBUG - [SUAS_main.turn_lap:632] - wp_num:6
2025-06-22 19:26:53,661 - SUAS - DEBUG - [SUAS_main.turn_lap:631] - next wp: 2
2025-06-22 19:26:53,662 - SUAS - DEBUG - [SUAS_main.turn_lap:632] - wp_num:6
2025-06-22 19:26:53,713 - SUAS - DEBUG - [SUAS_main.turn_lap:631] - next wp: 2
2025-06-22 19:26:53,714 - SUAS - DEBUG - [SUAS_main.turn_lap:632] - wp_num:6
2025-06-22 19:26:53,764 - SUAS - DEBUG - [SUAS_main.turn_lap:631] - next wp: 2
2025-06-22 19:26:53,765 - SUAS - DEBUG - [SUAS_main.turn_lap:632] - wp_num:6
2025-06-22 19:26:53,816 - SUAS - DEBUG - [SUAS_main.turn_lap:631] - next wp: 2
2025-06-22 19:26:53,817 - SUAS - DEBUG - [SUAS_main.turn_lap:632] - wp_num:6
2025-06-22 19:26:53,868 - SUAS - DEBUG - [SUAS_main.turn_lap:631] - next wp: 2
2025-06-22 19:26:53,869 - SUAS - DEBUG - [SUAS_main.turn_lap:632] - wp_num:6
2025-06-22 19:26:53,920 - SUAS - DEBUG - [SUAS_main.turn_lap:631] - next wp: 2
2025-06-22 19:26:53,921 - SUAS - DEBUG - [SUAS_main.turn_lap:632] - wp_num:6
2025-06-22 19:26:53,972 - SUAS - DEBUG - [SUAS_main.turn_lap:631] - next wp: 2
2025-06-22 19:26:53,973 - SUAS - DEBUG - [SUAS_main.turn_lap:632] - wp_num:6
2025-06-22 19:26:54,024 - SUAS - DEBUG - [SUAS_main.turn_lap:631] - next wp: 2
2025-06-22 19:26:54,025 - SUAS - DEBUG - [SUAS_main.turn_lap:632] - wp_num:6
2025-06-22 19:26:54,075 - SUAS - DEBUG - [SUAS_main.turn_lap:631] - next wp: 2
2025-06-22 19:26:54,076 - SUAS - DEBUG - [SUAS_main.turn_lap:632] - wp_num:6
2025-06-22 19:26:54,127 - SUAS - DEBUG - [SUAS_main.turn_lap:631] - next wp: 2
2025-06-22 19:26:54,128 - SUAS - DEBUG - [SUAS_main.turn_lap:632] - wp_num:6
2025-06-22 19:26:54,179 - SUAS - DEBUG - [SUAS_main.turn_lap:631] - next wp: 2
2025-06-22 19:26:54,180 - SUAS - DEBUG - [SUAS_main.turn_lap:632] - wp_num:6
2025-06-22 19:26:54,231 - SUAS - DEBUG - [SUAS_main.turn_lap:631] - next wp: 2
2025-06-22 19:26:54,232 - SUAS - DEBUG - [SUAS_main.turn_lap:632] - wp_num:6
2025-06-22 19:26:54,282 - SUAS - DEBUG - [SUAS_main.turn_lap:631] - next wp: 2
2025-06-22 19:26:54,283 - SUAS - DEBUG - [SUAS_main.turn_lap:632] - wp_num:6
2025-06-22 19:26:54,334 - SUAS - DEBUG - [SUAS_main.turn_lap:631] - next wp: 2
2025-06-22 19:26:54,335 - SUAS - DEBUG - [SUAS_main.turn_lap:632] - wp_num:6
2025-06-22 19:26:54,386 - SUAS - DEBUG - [SUAS_main.turn_lap:631] - next wp: 2
2025-06-22 19:26:54,387 - SUAS - DEBUG - [SUAS_main.turn_lap:632] - wp_num:6
2025-06-22 19:26:54,438 - SUAS - DEBUG - [SUAS_main.turn_lap:631] - next wp: 2
2025-06-22 19:26:54,439 - SUAS - DEBUG - [SUAS_main.turn_lap:632] - wp_num:6
2025-06-22 19:26:54,490 - SUAS - DEBUG - [SUAS_main.turn_lap:631] - next wp: 2
2025-06-22 19:26:54,491 - SUAS - DEBUG - [SUAS_main.turn_lap:632] - wp_num:6
2025-06-22 19:26:54,542 - SUAS - DEBUG - [SUAS_main.turn_lap:631] - next wp: 2
2025-06-22 19:26:54,543 - SUAS - DEBUG - [SUAS_main.turn_lap:632] - wp_num:6
2025-06-22 19:26:54,594 - SUAS - DEBUG - [SUAS_main.turn_lap:631] - next wp: 2
2025-06-22 19:26:54,595 - SUAS - DEBUG - [SUAS_main.turn_lap:632] - wp_num:6
2025-06-22 19:26:54,646 - SUAS - DEBUG - [SUAS_main.turn_lap:631] - next wp: 2
2025-06-22 19:26:54,651 - SUAS - DEBUG - [SUAS_main.turn_lap:632] - wp_num:6
2025-06-22 19:26:54,702 - SUAS - DEBUG - [SUAS_main.turn_lap:631] - next wp: 2
2025-06-22 19:26:54,703 - SUAS - DEBUG - [SUAS_main.turn_lap:632] - wp_num:6
2025-06-22 19:26:54,755 - SUAS - DEBUG - [SUAS_main.turn_lap:631] - next wp: 2
2025-06-22 19:26:54,756 - SUAS - DEBUG - [SUAS_main.turn_lap:632] - wp_num:6
2025-06-22 19:26:54,807 - SUAS - DEBUG - [SUAS_main.turn_lap:631] - next wp: 2
2025-06-22 19:26:54,808 - SUAS - DEBUG - [SUAS_main.turn_lap:632] - wp_num:6
2025-06-22 19:26:54,859 - SUAS - DEBUG - [SUAS_main.turn_lap:631] - next wp: 2
2025-06-22 19:26:54,859 - SUAS - DEBUG - [SUAS_main.turn_lap:632] - wp_num:6
2025-06-22 19:26:54,910 - SUAS - DEBUG - [SUAS_main.turn_lap:631] - next wp: 2
2025-06-22 19:26:54,911 - SUAS - DEBUG - [SUAS_main.turn_lap:632] - wp_num:6
2025-06-22 19:26:54,962 - SUAS - DEBUG - [SUAS_main.turn_lap:631] - next wp: 2
2025-06-22 19:26:54,963 - SUAS - DEBUG - [SUAS_main.turn_lap:632] - wp_num:6
2025-06-22 19:26:55,014 - SUAS - DEBUG - [SUAS_main.turn_lap:631] - next wp: 2
2025-06-22 19:26:55,015 - SUAS - DEBUG - [SUAS_main.turn_lap:632] - wp_num:6
2025-06-22 19:26:55,066 - SUAS - DEBUG - [SUAS_main.turn_lap:631] - next wp: 2
2025-06-22 19:26:55,067 - SUAS - DEBUG - [SUAS_main.turn_lap:632] - wp_num:6
2025-06-22 19:26:55,118 - SUAS - DEBUG - [SUAS_main.turn_lap:631] - next wp: 2
2025-06-22 19:26:55,119 - SUAS - DEBUG - [SUAS_main.turn_lap:632] - wp_num:6
2025-06-22 19:26:55,170 - SUAS - DEBUG - [SUAS_main.turn_lap:631] - next wp: 2
2025-06-22 19:26:55,171 - SUAS - DEBUG - [SUAS_main.turn_lap:632] - wp_num:6
2025-06-22 19:26:55,222 - SUAS - DEBUG - [SUAS_main.turn_lap:631] - next wp: 2
2025-06-22 19:26:55,223 - SUAS - DEBUG - [SUAS_main.turn_lap:632] - wp_num:6
2025-06-22 19:26:55,273 - SUAS - DEBUG - [SUAS_main.turn_lap:631] - next wp: 2
2025-06-22 19:26:55,275 - SUAS - DEBUG - [SUAS_main.turn_lap:632] - wp_num:6
2025-06-22 19:26:55,325 - SUAS - DEBUG - [SUAS_main.turn_lap:631] - next wp: 2
2025-06-22 19:26:55,326 - SUAS - DEBUG - [SUAS_main.turn_lap:632] - wp_num:6
2025-06-22 19:26:55,377 - SUAS - DEBUG - [SUAS_main.turn_lap:631] - next wp: 2
2025-06-22 19:26:55,378 - SUAS - DEBUG - [SUAS_main.turn_lap:632] - wp_num:6
2025-06-22 19:26:55,430 - SUAS - DEBUG - [SUAS_main.turn_lap:631] - next wp: 2
2025-06-22 19:26:55,430 - SUAS - DEBUG - [SUAS_main.turn_lap:632] - wp_num:6
2025-06-22 19:26:55,481 - SUAS - DEBUG - [SUAS_main.turn_lap:631] - next wp: 2
2025-06-22 19:26:55,482 - SUAS - DEBUG - [SUAS_main.turn_lap:632] - wp_num:6
2025-06-22 19:26:55,533 - SUAS - DEBUG - [SUAS_main.turn_lap:631] - next wp: 2
2025-06-22 19:26:55,534 - SUAS - DEBUG - [SUAS_main.turn_lap:632] - wp_num:6
2025-06-22 19:26:55,585 - SUAS - DEBUG - [SUAS_main.turn_lap:631] - next wp: 2
2025-06-22 19:26:55,586 - SUAS - DEBUG - [SUAS_main.turn_lap:632] - wp_num:6
2025-06-22 19:26:55,637 - SUAS - DEBUG - [SUAS_main.turn_lap:631] - next wp: 2
2025-06-22 19:26:55,638 - SUAS - DEBUG - [SUAS_main.turn_lap:632] - wp_num:6
2025-06-22 19:26:55,689 - SUAS - DEBUG - [SUAS_main.turn_lap:631] - next wp: 2
2025-06-22 19:26:55,690 - SUAS - DEBUG - [SUAS_main.turn_lap:632] - wp_num:6
2025-06-22 19:26:55,741 - SUAS - DEBUG - [SUAS_main.turn_lap:631] - next wp: 2
2025-06-22 19:26:55,742 - SUAS - DEBUG - [SUAS_main.turn_lap:632] - wp_num:6
2025-06-22 19:26:55,793 - SUAS - DEBUG - [SUAS_main.turn_lap:631] - next wp: 2
2025-06-22 19:26:55,795 - SUAS - DEBUG - [SUAS_main.turn_lap:632] - wp_num:6
2025-06-22 19:26:55,846 - SUAS - DEBUG - [SUAS_main.turn_lap:631] - next wp: 2
2025-06-22 19:26:55,847 - SUAS - DEBUG - [SUAS_main.turn_lap:632] - wp_num:6
2025-06-22 19:26:55,898 - SUAS - DEBUG - [SUAS_main.turn_lap:631] - next wp: 2
2025-06-22 19:26:55,899 - SUAS - DEBUG - [SUAS_main.turn_lap:632] - wp_num:6
2025-06-22 19:26:55,950 - SUAS - DEBUG - [SUAS_main.turn_lap:631] - next wp: 2
2025-06-22 19:26:55,951 - SUAS - DEBUG - [SUAS_main.turn_lap:632] - wp_num:6
2025-06-22 19:26:56,002 - SUAS - DEBUG - [SUAS_main.turn_lap:631] - next wp: 2
2025-06-22 19:26:56,003 - SUAS - DEBUG - [SUAS_main.turn_lap:632] - wp_num:6
2025-06-22 19:26:56,053 - SUAS - DEBUG - [SUAS_main.turn_lap:631] - next wp: 2
2025-06-22 19:26:56,055 - SUAS - DEBUG - [SUAS_main.turn_lap:632] - wp_num:6
2025-06-22 19:26:56,106 - SUAS - DEBUG - [SUAS_main.turn_lap:631] - next wp: 2
2025-06-22 19:26:56,107 - SUAS - DEBUG - [SUAS_main.turn_lap:632] - wp_num:6
2025-06-22 19:26:56,158 - SUAS - DEBUG - [SUAS_main.turn_lap:631] - next wp: 2
2025-06-22 19:26:56,159 - SUAS - DEBUG - [SUAS_main.turn_lap:632] - wp_num:6
2025-06-22 19:26:56,210 - SUAS - DEBUG - [SUAS_main.turn_lap:631] - next wp: 2
2025-06-22 19:26:56,211 - SUAS - DEBUG - [SUAS_main.turn_lap:632] - wp_num:6
2025-06-22 19:26:56,261 - SUAS - DEBUG - [SUAS_main.turn_lap:631] - next wp: 2
2025-06-22 19:26:56,262 - SUAS - DEBUG - [SUAS_main.turn_lap:632] - wp_num:6
2025-06-22 19:26:56,313 - SUAS - DEBUG - [SUAS_main.turn_lap:631] - next wp: 2
2025-06-22 19:26:56,314 - SUAS - DEBUG - [SUAS_main.turn_lap:632] - wp_num:6
2025-06-22 19:26:56,365 - SUAS - DEBUG - [SUAS_main.turn_lap:631] - next wp: 2
2025-06-22 19:26:56,366 - SUAS - DEBUG - [SUAS_main.turn_lap:632] - wp_num:6
2025-06-22 19:26:56,417 - SUAS - DEBUG - [SUAS_main.turn_lap:631] - next wp: 2
2025-06-22 19:26:56,418 - SUAS - DEBUG - [SUAS_main.turn_lap:632] - wp_num:6
2025-06-22 19:26:56,468 - SUAS - DEBUG - [SUAS_main.turn_lap:631] - next wp: 2
2025-06-22 19:26:56,469 - SUAS - DEBUG - [SUAS_main.turn_lap:632] - wp_num:6
2025-06-22 19:26:56,520 - SUAS - DEBUG - [SUAS_main.turn_lap:631] - next wp: 2
2025-06-22 19:26:56,521 - SUAS - DEBUG - [SUAS_main.turn_lap:632] - wp_num:6
2025-06-22 19:26:56,572 - SUAS - DEBUG - [SUAS_main.turn_lap:631] - next wp: 2
2025-06-22 19:26:56,572 - SUAS - DEBUG - [SUAS_main.turn_lap:632] - wp_num:6
2025-06-22 19:26:56,623 - SUAS - DEBUG - [SUAS_main.turn_lap:631] - next wp: 2
2025-06-22 19:26:56,624 - SUAS - DEBUG - [SUAS_main.turn_lap:632] - wp_num:6
2025-06-22 19:26:56,675 - SUAS - DEBUG - [SUAS_main.turn_lap:631] - next wp: 2
2025-06-22 19:26:56,676 - SUAS - DEBUG - [SUAS_main.turn_lap:632] - wp_num:6
2025-06-22 19:26:56,727 - SUAS - DEBUG - [SUAS_main.turn_lap:631] - next wp: 2
2025-06-22 19:26:56,728 - SUAS - DEBUG - [SUAS_main.turn_lap:632] - wp_num:6
2025-06-22 19:26:56,779 - SUAS - DEBUG - [SUAS_main.turn_lap:631] - next wp: 2
2025-06-22 19:26:56,779 - SUAS - DEBUG - [SUAS_main.turn_lap:632] - wp_num:6
2025-06-22 19:26:56,830 - SUAS - DEBUG - [SUAS_main.turn_lap:631] - next wp: 2
2025-06-22 19:26:56,831 - SUAS - DEBUG - [SUAS_main.turn_lap:632] - wp_num:6
2025-06-22 19:26:56,882 - SUAS - DEBUG - [SUAS_main.turn_lap:631] - next wp: 2
2025-06-22 19:26:56,883 - SUAS - DEBUG - [SUAS_main.turn_lap:632] - wp_num:6
2025-06-22 19:26:56,934 - SUAS - DEBUG - [SUAS_main.turn_lap:631] - next wp: 2
2025-06-22 19:26:56,935 - SUAS - DEBUG - [SUAS_main.turn_lap:632] - wp_num:6
2025-06-22 19:26:56,986 - SUAS - DEBUG - [SUAS_main.turn_lap:631] - next wp: 2
2025-06-22 19:26:56,987 - SUAS - DEBUG - [SUAS_main.turn_lap:632] - wp_num:6
2025-06-22 19:26:57,038 - SUAS - DEBUG - [SUAS_main.turn_lap:631] - next wp: 2
2025-06-22 19:26:57,039 - SUAS - DEBUG - [SUAS_main.turn_lap:632] - wp_num:6
2025-06-22 19:26:57,090 - SUAS - DEBUG - [SUAS_main.turn_lap:631] - next wp: 2
2025-06-22 19:26:57,090 - SUAS - DEBUG - [SUAS_main.turn_lap:632] - wp_num:6
2025-06-22 19:26:57,141 - SUAS - DEBUG - [SUAS_main.turn_lap:631] - next wp: 2
2025-06-22 19:26:57,142 - SUAS - DEBUG - [SUAS_main.turn_lap:632] - wp_num:6
2025-06-22 19:26:57,193 - SUAS - DEBUG - [SUAS_main.turn_lap:631] - next wp: 2
2025-06-22 19:26:57,194 - SUAS - DEBUG - [SUAS_main.turn_lap:632] - wp_num:6
2025-06-22 19:26:57,245 - SUAS - DEBUG - [SUAS_main.turn_lap:631] - next wp: 2
2025-06-22 19:26:57,246 - SUAS - DEBUG - [SUAS_main.turn_lap:632] - wp_num:6
2025-06-22 19:26:57,297 - SUAS - DEBUG - [SUAS_main.turn_lap:631] - next wp: 2
2025-06-22 19:26:57,298 - SUAS - DEBUG - [SUAS_main.turn_lap:632] - wp_num:6
2025-06-22 19:26:57,349 - SUAS - DEBUG - [SUAS_main.turn_lap:631] - next wp: 2
2025-06-22 19:26:57,350 - SUAS - DEBUG - [SUAS_main.turn_lap:632] - wp_num:6
2025-06-22 19:26:57,401 - SUAS - DEBUG - [SUAS_main.turn_lap:631] - next wp: 2
2025-06-22 19:26:57,401 - SUAS - DEBUG - [SUAS_main.turn_lap:632] - wp_num:6
2025-06-22 19:26:57,452 - SUAS - DEBUG - [SUAS_main.turn_lap:631] - next wp: 2
2025-06-22 19:26:57,454 - SUAS - DEBUG - [SUAS_main.turn_lap:632] - wp_num:6
2025-06-22 19:26:57,505 - SUAS - DEBUG - [SUAS_main.turn_lap:631] - next wp: 2
2025-06-22 19:26:57,506 - SUAS - DEBUG - [SUAS_main.turn_lap:632] - wp_num:6
2025-06-22 19:26:57,557 - SUAS - DEBUG - [SUAS_main.turn_lap:631] - next wp: 2
2025-06-22 19:26:57,558 - SUAS - DEBUG - [SUAS_main.turn_lap:632] - wp_num:6
2025-06-22 19:26:57,609 - SUAS - DEBUG - [SUAS_main.turn_lap:631] - next wp: 2
2025-06-22 19:26:57,610 - SUAS - DEBUG - [SUAS_main.turn_lap:632] - wp_num:6
2025-06-22 19:26:57,661 - SUAS - DEBUG - [SUAS_main.turn_lap:631] - next wp: 2
2025-06-22 19:26:57,662 - SUAS - DEBUG - [SUAS_main.turn_lap:632] - wp_num:6
2025-06-22 19:26:57,713 - SUAS - DEBUG - [SUAS_main.turn_lap:631] - next wp: 2
2025-06-22 19:26:57,717 - SUAS - DEBUG - [SUAS_main.turn_lap:632] - wp_num:6
2025-06-22 19:26:57,768 - SUAS - DEBUG - [SUAS_main.turn_lap:631] - next wp: 2
2025-06-22 19:26:57,769 - SUAS - DEBUG - [SUAS_main.turn_lap:632] - wp_num:6
2025-06-22 19:26:57,820 - SUAS - DEBUG - [SUAS_main.turn_lap:631] - next wp: 2
2025-06-22 19:26:57,821 - SUAS - DEBUG - [SUAS_main.turn_lap:632] - wp_num:6
2025-06-22 19:26:57,872 - SUAS - DEBUG - [SUAS_main.turn_lap:631] - next wp: 2
2025-06-22 19:26:57,873 - SUAS - DEBUG - [SUAS_main.turn_lap:632] - wp_num:6
2025-06-22 19:26:57,924 - SUAS - DEBUG - [SUAS_main.turn_lap:631] - next wp: 2
2025-06-22 19:26:57,925 - SUAS - DEBUG - [SUAS_main.turn_lap:632] - wp_num:6
2025-06-22 19:26:57,976 - SUAS - DEBUG - [SUAS_main.turn_lap:631] - next wp: 2
2025-06-22 19:26:57,984 - SUAS - DEBUG - [SUAS_main.turn_lap:632] - wp_num:6
2025-06-22 19:26:58,035 - SUAS - DEBUG - [SUAS_main.turn_lap:631] - next wp: 2
2025-06-22 19:26:58,036 - SUAS - DEBUG - [SUAS_main.turn_lap:632] - wp_num:6
2025-06-22 19:26:58,087 - SUAS - DEBUG - [SUAS_main.turn_lap:631] - next wp: 2
2025-06-22 19:26:58,088 - SUAS - DEBUG - [SUAS_main.turn_lap:632] - wp_num:6
2025-06-22 19:26:58,139 - SUAS - DEBUG - [SUAS_main.turn_lap:631] - next wp: 2
2025-06-22 19:26:58,139 - SUAS - DEBUG - [SUAS_main.turn_lap:632] - wp_num:6
2025-06-22 19:26:58,190 - SUAS - DEBUG - [SUAS_main.turn_lap:631] - next wp: 2
2025-06-22 19:26:58,191 - SUAS - DEBUG - [SUAS_main.turn_lap:632] - wp_num:6
2025-06-22 19:26:58,242 - SUAS - DEBUG - [SUAS_main.turn_lap:631] - next wp: 2
2025-06-22 19:26:58,243 - SUAS - DEBUG - [SUAS_main.turn_lap:632] - wp_num:6
2025-06-22 19:26:58,294 - SUAS - DEBUG - [SUAS_main.turn_lap:631] - next wp: 2
2025-06-22 19:26:58,295 - SUAS - DEBUG - [SUAS_main.turn_lap:632] - wp_num:6
2025-06-22 19:26:58,346 - SUAS - DEBUG - [SUAS_main.turn_lap:631] - next wp: 2
2025-06-22 19:26:58,347 - SUAS - DEBUG - [SUAS_main.turn_lap:632] - wp_num:6
2025-06-22 19:26:58,398 - SUAS - DEBUG - [SUAS_main.turn_lap:631] - next wp: 2
2025-06-22 19:26:58,399 - SUAS - DEBUG - [SUAS_main.turn_lap:632] - wp_num:6
2025-06-22 19:26:58,450 - SUAS - DEBUG - [SUAS_main.turn_lap:631] - next wp: 2
2025-06-22 19:26:58,450 - SUAS - DEBUG - [SUAS_main.turn_lap:632] - wp_num:6
2025-06-22 19:26:58,501 - SUAS - DEBUG - [SUAS_main.turn_lap:631] - next wp: 2
2025-06-22 19:26:58,502 - SUAS - DEBUG - [SUAS_main.turn_lap:632] - wp_num:6
2025-06-22 19:26:58,553 - SUAS - DEBUG - [SUAS_main.turn_lap:631] - next wp: 2
2025-06-22 19:26:58,554 - SUAS - DEBUG - [SUAS_main.turn_lap:632] - wp_num:6
2025-06-22 19:26:58,605 - SUAS - DEBUG - [SUAS_main.turn_lap:631] - next wp: 2
2025-06-22 19:26:58,606 - SUAS - DEBUG - [SUAS_main.turn_lap:632] - wp_num:6
2025-06-22 19:26:58,657 - SUAS - DEBUG - [SUAS_main.turn_lap:631] - next wp: 2
2025-06-22 19:26:58,658 - SUAS - DEBUG - [SUAS_main.turn_lap:632] - wp_num:6
2025-06-22 19:26:58,709 - SUAS - DEBUG - [SUAS_main.turn_lap:631] - next wp: 2
2025-06-22 19:26:58,710 - SUAS - DEBUG - [SUAS_main.turn_lap:632] - wp_num:6
2025-06-22 19:26:58,761 - SUAS - DEBUG - [SUAS_main.turn_lap:631] - next wp: 2
2025-06-22 19:26:58,761 - SUAS - DEBUG - [SUAS_main.turn_lap:632] - wp_num:6
2025-06-22 19:26:58,813 - SUAS - DEBUG - [SUAS_main.turn_lap:631] - next wp: 2
2025-06-22 19:26:58,814 - SUAS - DEBUG - [SUAS_main.turn_lap:632] - wp_num:6
2025-06-22 19:26:58,865 - SUAS - DEBUG - [SUAS_main.turn_lap:631] - next wp: 2
2025-06-22 19:26:58,866 - SUAS - DEBUG - [SUAS_main.turn_lap:632] - wp_num:6
2025-06-22 19:26:58,917 - SUAS - DEBUG - [SUAS_main.turn_lap:631] - next wp: 2
2025-06-22 19:26:58,918 - SUAS - DEBUG - [SUAS_main.turn_lap:632] - wp_num:6
2025-06-22 19:26:58,969 - SUAS - DEBUG - [SUAS_main.turn_lap:631] - next wp: 2
2025-06-22 19:26:58,970 - SUAS - DEBUG - [SUAS_main.turn_lap:632] - wp_num:6
2025-06-22 19:26:59,021 - SUAS - DEBUG - [SUAS_main.turn_lap:631] - next wp: 2
2025-06-22 19:26:59,022 - SUAS - DEBUG - [SUAS_main.turn_lap:632] - wp_num:6
2025-06-22 19:26:59,073 - SUAS - DEBUG - [SUAS_main.turn_lap:631] - next wp: 2
2025-06-22 19:26:59,074 - SUAS - DEBUG - [SUAS_main.turn_lap:632] - wp_num:6
2025-06-22 19:26:59,125 - SUAS - DEBUG - [SUAS_main.turn_lap:631] - next wp: 2
2025-06-22 19:26:59,126 - SUAS - DEBUG - [SUAS_main.turn_lap:632] - wp_num:6
2025-06-22 19:26:59,177 - SUAS - DEBUG - [SUAS_main.turn_lap:631] - next wp: 2
2025-06-22 19:26:59,178 - SUAS - DEBUG - [SUAS_main.turn_lap:632] - wp_num:6
2025-06-22 19:26:59,229 - SUAS - DEBUG - [SUAS_main.turn_lap:631] - next wp: 2
2025-06-22 19:26:59,230 - SUAS - DEBUG - [SUAS_main.turn_lap:632] - wp_num:6
2025-06-22 19:26:59,280 - SUAS - DEBUG - [SUAS_main.turn_lap:631] - next wp: 2
2025-06-22 19:26:59,281 - SUAS - DEBUG - [SUAS_main.turn_lap:632] - wp_num:6
2025-06-22 19:26:59,332 - SUAS - DEBUG - [SUAS_main.turn_lap:631] - next wp: 2
2025-06-22 19:26:59,333 - SUAS - DEBUG - [SUAS_main.turn_lap:632] - wp_num:6
2025-06-22 19:26:59,384 - SUAS - DEBUG - [SUAS_main.turn_lap:631] - next wp: 2
2025-06-22 19:26:59,385 - SUAS - DEBUG - [SUAS_main.turn_lap:632] - wp_num:6
2025-06-22 19:26:59,436 - SUAS - DEBUG - [SUAS_main.turn_lap:631] - next wp: 2
2025-06-22 19:26:59,437 - SUAS - DEBUG - [SUAS_main.turn_lap:632] - wp_num:6
2025-06-22 19:26:59,488 - SUAS - DEBUG - [SUAS_main.turn_lap:631] - next wp: 2
2025-06-22 19:26:59,489 - SUAS - DEBUG - [SUAS_main.turn_lap:632] - wp_num:6
2025-06-22 19:26:59,540 - SUAS - DEBUG - [SUAS_main.turn_lap:631] - next wp: 2
2025-06-22 19:26:59,541 - SUAS - DEBUG - [SUAS_main.turn_lap:632] - wp_num:6
2025-06-22 19:26:59,591 - SUAS - DEBUG - [SUAS_main.turn_lap:631] - next wp: 2
2025-06-22 19:26:59,593 - SUAS - DEBUG - [SUAS_main.turn_lap:632] - wp_num:6
2025-06-22 19:26:59,644 - SUAS - DEBUG - [SUAS_main.turn_lap:631] - next wp: 2
2025-06-22 19:26:59,645 - SUAS - DEBUG - [SUAS_main.turn_lap:632] - wp_num:6
2025-06-22 19:26:59,696 - SUAS - DEBUG - [SUAS_main.turn_lap:631] - next wp: 2
2025-06-22 19:26:59,696 - SUAS - DEBUG - [SUAS_main.turn_lap:632] - wp_num:6
2025-06-22 19:26:59,747 - SUAS - DEBUG - [SUAS_main.turn_lap:631] - next wp: 2
2025-06-22 19:26:59,748 - SUAS - DEBUG - [SUAS_main.turn_lap:632] - wp_num:6
2025-06-22 19:26:59,799 - SUAS - DEBUG - [SUAS_main.turn_lap:631] - next wp: 2
2025-06-22 19:26:59,800 - SUAS - DEBUG - [SUAS_main.turn_lap:632] - wp_num:6
2025-06-22 19:26:59,851 - SUAS - DEBUG - [SUAS_main.turn_lap:631] - next wp: 2
2025-06-22 19:26:59,852 - SUAS - DEBUG - [SUAS_main.turn_lap:632] - wp_num:6
2025-06-22 19:26:59,904 - SUAS - DEBUG - [SUAS_main.turn_lap:631] - next wp: 2
2025-06-22 19:26:59,905 - SUAS - DEBUG - [SUAS_main.turn_lap:632] - wp_num:6
2025-06-22 19:26:59,956 - SUAS - DEBUG - [SUAS_main.turn_lap:631] - next wp: 2
2025-06-22 19:26:59,957 - SUAS - DEBUG - [SUAS_main.turn_lap:632] - wp_num:6
2025-06-22 19:27:00,008 - SUAS - DEBUG - [SUAS_main.turn_lap:631] - next wp: 2
2025-06-22 19:27:00,009 - SUAS - DEBUG - [SUAS_main.turn_lap:632] - wp_num:6
2025-06-22 19:27:00,060 - SUAS - DEBUG - [SUAS_main.turn_lap:631] - next wp: 2
2025-06-22 19:27:00,061 - SUAS - DEBUG - [SUAS_main.turn_lap:632] - wp_num:6
2025-06-22 19:27:00,112 - SUAS - DEBUG - [SUAS_main.turn_lap:631] - next wp: 2
2025-06-22 19:27:00,114 - SUAS - DEBUG - [SUAS_main.turn_lap:632] - wp_num:6
2025-06-22 19:27:00,166 - SUAS - DEBUG - [SUAS_main.turn_lap:631] - next wp: 2
2025-06-22 19:27:00,167 - SUAS - DEBUG - [SUAS_main.turn_lap:632] - wp_num:6
2025-06-22 19:27:00,218 - SUAS - DEBUG - [SUAS_main.turn_lap:631] - next wp: 2
2025-06-22 19:27:00,219 - SUAS - DEBUG - [SUAS_main.turn_lap:632] - wp_num:6
2025-06-22 19:27:00,269 - SUAS - DEBUG - [SUAS_main.turn_lap:631] - next wp: 2
2025-06-22 19:27:00,270 - SUAS - DEBUG - [SUAS_main.turn_lap:632] - wp_num:6
2025-06-22 19:27:00,321 - SUAS - DEBUG - [SUAS_main.turn_lap:631] - next wp: 2
2025-06-22 19:27:00,322 - SUAS - DEBUG - [SUAS_main.turn_lap:632] - wp_num:6
2025-06-22 19:27:00,373 - SUAS - DEBUG - [SUAS_main.turn_lap:631] - next wp: 2
2025-06-22 19:27:00,374 - SUAS - DEBUG - [SUAS_main.turn_lap:632] - wp_num:6
2025-06-22 19:27:00,425 - SUAS - DEBUG - [SUAS_main.turn_lap:631] - next wp: 2
2025-06-22 19:27:00,426 - SUAS - DEBUG - [SUAS_main.turn_lap:632] - wp_num:6
2025-06-22 19:27:00,477 - SUAS - DEBUG - [SUAS_main.turn_lap:631] - next wp: 2
2025-06-22 19:27:00,478 - SUAS - DEBUG - [SUAS_main.turn_lap:632] - wp_num:6
2025-06-22 19:27:00,529 - SUAS - DEBUG - [SUAS_main.turn_lap:631] - next wp: 2
2025-06-22 19:27:00,530 - SUAS - DEBUG - [SUAS_main.turn_lap:632] - wp_num:6
2025-06-22 19:27:00,580 - SUAS - DEBUG - [SUAS_main.turn_lap:631] - next wp: 2
2025-06-22 19:27:00,581 - SUAS - DEBUG - [SUAS_main.turn_lap:632] - wp_num:6
2025-06-22 19:27:00,632 - SUAS - DEBUG - [SUAS_main.turn_lap:631] - next wp: 2
2025-06-22 19:27:00,634 - SUAS - DEBUG - [SUAS_main.turn_lap:632] - wp_num:6
2025-06-22 19:27:00,685 - SUAS - DEBUG - [SUAS_main.turn_lap:631] - next wp: 2
2025-06-22 19:27:00,686 - SUAS - DEBUG - [SUAS_main.turn_lap:632] - wp_num:6
2025-06-22 19:27:00,737 - SUAS - DEBUG - [SUAS_main.turn_lap:631] - next wp: 2
2025-06-22 19:27:00,738 - SUAS - DEBUG - [SUAS_main.turn_lap:632] - wp_num:6
2025-06-22 19:27:00,789 - SUAS - DEBUG - [SUAS_main.turn_lap:631] - next wp: 2
2025-06-22 19:27:00,790 - SUAS - DEBUG - [SUAS_main.turn_lap:632] - wp_num:6
2025-06-22 19:27:00,841 - SUAS - DEBUG - [SUAS_main.turn_lap:631] - next wp: 2
2025-06-22 19:27:00,842 - SUAS - DEBUG - [SUAS_main.turn_lap:632] - wp_num:6
2025-06-22 19:27:00,892 - SUAS - DEBUG - [SUAS_main.turn_lap:631] - next wp: 2
2025-06-22 19:27:00,894 - SUAS - DEBUG - [SUAS_main.turn_lap:632] - wp_num:6
2025-06-22 19:27:00,945 - SUAS - DEBUG - [SUAS_main.turn_lap:631] - next wp: 2
2025-06-22 19:27:00,945 - SUAS - DEBUG - [SUAS_main.turn_lap:632] - wp_num:6
2025-06-22 19:27:00,996 - SUAS - DEBUG - [SUAS_main.turn_lap:631] - next wp: 2
2025-06-22 19:27:00,997 - SUAS - DEBUG - [SUAS_main.turn_lap:632] - wp_num:6
2025-06-22 19:27:01,048 - SUAS - DEBUG - [SUAS_main.turn_lap:631] - next wp: 2
2025-06-22 19:27:01,049 - SUAS - DEBUG - [SUAS_main.turn_lap:632] - wp_num:6
2025-06-22 19:27:01,100 - SUAS - DEBUG - [SUAS_main.turn_lap:631] - next wp: 2
2025-06-22 19:27:01,100 - SUAS - DEBUG - [SUAS_main.turn_lap:632] - wp_num:6
2025-06-22 19:27:01,151 - SUAS - DEBUG - [SUAS_main.turn_lap:631] - next wp: 2
2025-06-22 19:27:01,152 - SUAS - DEBUG - [SUAS_main.turn_lap:632] - wp_num:6
2025-06-22 19:27:01,203 - SUAS - DEBUG - [SUAS_main.turn_lap:631] - next wp: 2
2025-06-22 19:27:01,204 - SUAS - DEBUG - [SUAS_main.turn_lap:632] - wp_num:6
2025-06-22 19:27:01,255 - SUAS - DEBUG - [SUAS_main.turn_lap:631] - next wp: 2
2025-06-22 19:27:01,256 - SUAS - DEBUG - [SUAS_main.turn_lap:632] - wp_num:6
2025-06-22 19:27:01,307 - SUAS - DEBUG - [SUAS_main.turn_lap:631] - next wp: 2
2025-06-22 19:27:01,308 - SUAS - DEBUG - [SUAS_main.turn_lap:632] - wp_num:6
2025-06-22 19:27:01,359 - SUAS - DEBUG - [SUAS_main.turn_lap:631] - next wp: 2
2025-06-22 19:27:01,359 - SUAS - DEBUG - [SUAS_main.turn_lap:632] - wp_num:6
2025-06-22 19:27:01,410 - SUAS - DEBUG - [SUAS_main.turn_lap:631] - next wp: 2
2025-06-22 19:27:01,411 - SUAS - DEBUG - [SUAS_main.turn_lap:632] - wp_num:6
2025-06-22 19:27:01,463 - SUAS - DEBUG - [SUAS_main.turn_lap:631] - next wp: 2
2025-06-22 19:27:01,463 - SUAS - DEBUG - [SUAS_main.turn_lap:632] - wp_num:6
2025-06-22 19:27:01,514 - SUAS - DEBUG - [SUAS_main.turn_lap:631] - next wp: 2
2025-06-22 19:27:01,515 - SUAS - DEBUG - [SUAS_main.turn_lap:632] - wp_num:6
2025-06-22 19:27:01,567 - SUAS - DEBUG - [SUAS_main.turn_lap:631] - next wp: 2
2025-06-22 19:27:01,568 - SUAS - DEBUG - [SUAS_main.turn_lap:632] - wp_num:6
2025-06-22 19:27:01,618 - SUAS - DEBUG - [SUAS_main.turn_lap:631] - next wp: 2
2025-06-22 19:27:01,619 - SUAS - DEBUG - [SUAS_main.turn_lap:632] - wp_num:6
2025-06-22 19:27:01,670 - SUAS - DEBUG - [SUAS_main.turn_lap:631] - next wp: 2
2025-06-22 19:27:01,671 - SUAS - DEBUG - [SUAS_main.turn_lap:632] - wp_num:6
2025-06-22 19:27:01,723 - SUAS - DEBUG - [SUAS_main.turn_lap:631] - next wp: 2
2025-06-22 19:27:01,723 - SUAS - DEBUG - [SUAS_main.turn_lap:632] - wp_num:6
2025-06-22 19:27:01,774 - SUAS - DEBUG - [SUAS_main.turn_lap:631] - next wp: 2
2025-06-22 19:27:01,775 - SUAS - DEBUG - [SUAS_main.turn_lap:632] - wp_num:6
2025-06-22 19:27:01,826 - SUAS - DEBUG - [SUAS_main.turn_lap:631] - next wp: 2
2025-06-22 19:27:01,827 - SUAS - DEBUG - [SUAS_main.turn_lap:632] - wp_num:6
2025-06-22 19:27:01,878 - SUAS - DEBUG - [SUAS_main.turn_lap:631] - next wp: 2
2025-06-22 19:27:01,879 - SUAS - DEBUG - [SUAS_main.turn_lap:632] - wp_num:6
2025-06-22 19:27:01,929 - SUAS - DEBUG - [SUAS_main.turn_lap:631] - next wp: 2
2025-06-22 19:27:01,930 - SUAS - DEBUG - [SUAS_main.turn_lap:632] - wp_num:6
2025-06-22 19:27:01,981 - SUAS - DEBUG - [SUAS_main.turn_lap:631] - next wp: 2
2025-06-22 19:27:01,982 - SUAS - DEBUG - [SUAS_main.turn_lap:632] - wp_num:6
2025-06-22 19:27:02,033 - SUAS - DEBUG - [SUAS_main.turn_lap:631] - next wp: 2
2025-06-22 19:27:02,034 - SUAS - DEBUG - [SUAS_main.turn_lap:632] - wp_num:6
2025-06-22 19:27:02,085 - SUAS - DEBUG - [SUAS_main.turn_lap:631] - next wp: 2
2025-06-22 19:27:02,086 - SUAS - DEBUG - [SUAS_main.turn_lap:632] - wp_num:6
2025-06-22 19:27:02,136 - SUAS - DEBUG - [SUAS_main.turn_lap:631] - next wp: 2
2025-06-22 19:27:02,137 - SUAS - DEBUG - [SUAS_main.turn_lap:632] - wp_num:6
2025-06-22 19:27:02,188 - SUAS - DEBUG - [SUAS_main.turn_lap:631] - next wp: 2
2025-06-22 19:27:02,189 - SUAS - DEBUG - [SUAS_main.turn_lap:632] - wp_num:6
2025-06-22 19:27:02,240 - SUAS - DEBUG - [SUAS_main.turn_lap:631] - next wp: 2
2025-06-22 19:27:02,241 - SUAS - DEBUG - [SUAS_main.turn_lap:632] - wp_num:6
2025-06-22 19:27:02,292 - SUAS - DEBUG - [SUAS_main.turn_lap:631] - next wp: 2
2025-06-22 19:27:02,292 - SUAS - DEBUG - [SUAS_main.turn_lap:632] - wp_num:6
2025-06-22 19:27:02,343 - SUAS - DEBUG - [SUAS_main.turn_lap:631] - next wp: 2
2025-06-22 19:27:02,344 - SUAS - DEBUG - [SUAS_main.turn_lap:632] - wp_num:6
2025-06-22 19:27:02,395 - SUAS - DEBUG - [SUAS_main.turn_lap:631] - next wp: 2
2025-06-22 19:27:02,396 - SUAS - DEBUG - [SUAS_main.turn_lap:632] - wp_num:6
2025-06-22 19:27:02,447 - SUAS - DEBUG - [SUAS_main.turn_lap:631] - next wp: 2
2025-06-22 19:27:02,448 - SUAS - DEBUG - [SUAS_main.turn_lap:632] - wp_num:6
2025-06-22 19:27:02,499 - SUAS - DEBUG - [SUAS_main.turn_lap:631] - next wp: 2
2025-06-22 19:27:02,499 - SUAS - DEBUG - [SUAS_main.turn_lap:632] - wp_num:6
2025-06-22 19:27:02,550 - SUAS - DEBUG - [SUAS_main.turn_lap:631] - next wp: 2
2025-06-22 19:27:02,552 - SUAS - DEBUG - [SUAS_main.turn_lap:632] - wp_num:6
2025-06-22 19:27:02,603 - SUAS - DEBUG - [SUAS_main.turn_lap:631] - next wp: 2
2025-06-22 19:27:02,604 - SUAS - DEBUG - [SUAS_main.turn_lap:632] - wp_num:6
2025-06-22 19:27:02,654 - SUAS - DEBUG - [SUAS_main.turn_lap:631] - next wp: 2
2025-06-22 19:27:02,655 - SUAS - DEBUG - [SUAS_main.turn_lap:632] - wp_num:6
2025-06-22 19:27:02,706 - SUAS - DEBUG - [SUAS_main.turn_lap:631] - next wp: 2
2025-06-22 19:27:02,707 - SUAS - DEBUG - [SUAS_main.turn_lap:632] - wp_num:6
2025-06-22 19:27:02,758 - SUAS - DEBUG - [SUAS_main.turn_lap:631] - next wp: 2
2025-06-22 19:27:02,759 - SUAS - DEBUG - [SUAS_main.turn_lap:632] - wp_num:6
2025-06-22 19:27:02,809 - SUAS - DEBUG - [SUAS_main.turn_lap:631] - next wp: 2
2025-06-22 19:27:02,810 - SUAS - DEBUG - [SUAS_main.turn_lap:632] - wp_num:6
2025-06-22 19:27:02,861 - SUAS - DEBUG - [SUAS_main.turn_lap:631] - next wp: 2
2025-06-22 19:27:02,862 - SUAS - DEBUG - [SUAS_main.turn_lap:632] - wp_num:6
2025-06-22 19:27:02,913 - SUAS - DEBUG - [SUAS_main.turn_lap:631] - next wp: 2
2025-06-22 19:27:02,914 - SUAS - DEBUG - [SUAS_main.turn_lap:632] - wp_num:6
2025-06-22 19:27:02,965 - SUAS - DEBUG - [SUAS_main.turn_lap:631] - next wp: 2
2025-06-22 19:27:02,966 - SUAS - DEBUG - [SUAS_main.turn_lap:632] - wp_num:6
2025-06-22 19:27:03,017 - SUAS - DEBUG - [SUAS_main.turn_lap:631] - next wp: 2
2025-06-22 19:27:03,018 - SUAS - DEBUG - [SUAS_main.turn_lap:632] - wp_num:6
2025-06-22 19:27:03,069 - SUAS - DEBUG - [SUAS_main.turn_lap:631] - next wp: 2
2025-06-22 19:27:03,069 - SUAS - DEBUG - [SUAS_main.turn_lap:632] - wp_num:6
2025-06-22 19:27:03,120 - SUAS - DEBUG - [SUAS_main.turn_lap:631] - next wp: 2
2025-06-22 19:27:03,121 - SUAS - DEBUG - [SUAS_main.turn_lap:632] - wp_num:6
2025-06-22 19:27:03,172 - SUAS - DEBUG - [SUAS_main.turn_lap:631] - next wp: 2
2025-06-22 19:27:03,173 - SUAS - DEBUG - [SUAS_main.turn_lap:632] - wp_num:6
2025-06-22 19:27:03,224 - SUAS - DEBUG - [SUAS_main.turn_lap:631] - next wp: 2
2025-06-22 19:27:03,225 - SUAS - DEBUG - [SUAS_main.turn_lap:632] - wp_num:6
2025-06-22 19:27:03,276 - SUAS - DEBUG - [SUAS_main.turn_lap:631] - next wp: 2
2025-06-22 19:27:03,279 - SUAS - DEBUG - [SUAS_main.turn_lap:632] - wp_num:6
2025-06-22 19:27:03,330 - SUAS - DEBUG - [SUAS_main.turn_lap:631] - next wp: 2
2025-06-22 19:27:03,331 - SUAS - DEBUG - [SUAS_main.turn_lap:632] - wp_num:6
2025-06-22 19:27:03,383 - SUAS - DEBUG - [SUAS_main.turn_lap:631] - next wp: 2
2025-06-22 19:27:03,384 - SUAS - DEBUG - [SUAS_main.turn_lap:632] - wp_num:6
2025-06-22 19:27:03,435 - SUAS - DEBUG - [SUAS_main.turn_lap:631] - next wp: 2
2025-06-22 19:27:03,436 - SUAS - DEBUG - [SUAS_main.turn_lap:632] - wp_num:6
2025-06-22 19:27:03,487 - SUAS - DEBUG - [SUAS_main.turn_lap:631] - next wp: 2
2025-06-22 19:27:03,488 - SUAS - DEBUG - [SUAS_main.turn_lap:632] - wp_num:6
2025-06-22 19:27:03,539 - SUAS - DEBUG - [SUAS_main.turn_lap:631] - next wp: 2
2025-06-22 19:27:03,540 - SUAS - DEBUG - [SUAS_main.turn_lap:632] - wp_num:6
2025-06-22 19:27:03,591 - SUAS - DEBUG - [SUAS_main.turn_lap:631] - next wp: 2
2025-06-22 19:27:03,592 - SUAS - DEBUG - [SUAS_main.turn_lap:632] - wp_num:6
2025-06-22 19:27:03,643 - SUAS - DEBUG - [SUAS_main.turn_lap:631] - next wp: 2
2025-06-22 19:27:03,644 - SUAS - DEBUG - [SUAS_main.turn_lap:632] - wp_num:6
2025-06-22 19:27:03,694 - SUAS - DEBUG - [SUAS_main.turn_lap:631] - next wp: 2
2025-06-22 19:27:03,696 - SUAS - DEBUG - [SUAS_main.turn_lap:632] - wp_num:6
2025-06-22 19:27:03,746 - SUAS - DEBUG - [SUAS_main.turn_lap:631] - next wp: 2
2025-06-22 19:27:03,747 - SUAS - DEBUG - [SUAS_main.turn_lap:632] - wp_num:6
2025-06-22 19:27:03,798 - SUAS - DEBUG - [SUAS_main.turn_lap:631] - next wp: 2
2025-06-22 19:27:03,799 - SUAS - DEBUG - [SUAS_main.turn_lap:632] - wp_num:6
2025-06-22 19:27:03,850 - SUAS - DEBUG - [SUAS_main.turn_lap:631] - next wp: 2
2025-06-22 19:27:03,851 - SUAS - DEBUG - [SUAS_main.turn_lap:632] - wp_num:6
2025-06-22 19:27:03,902 - SUAS - DEBUG - [SUAS_main.turn_lap:631] - next wp: 2
2025-06-22 19:27:03,903 - SUAS - DEBUG - [SUAS_main.turn_lap:632] - wp_num:6
2025-06-22 19:27:03,954 - SUAS - DEBUG - [SUAS_main.turn_lap:631] - next wp: 2
2025-06-22 19:27:03,955 - SUAS - DEBUG - [SUAS_main.turn_lap:632] - wp_num:6
2025-06-22 19:27:04,006 - SUAS - DEBUG - [SUAS_main.turn_lap:631] - next wp: 2
2025-06-22 19:27:04,007 - SUAS - DEBUG - [SUAS_main.turn_lap:632] - wp_num:6
2025-06-22 19:27:04,058 - SUAS - DEBUG - [SUAS_main.turn_lap:631] - next wp: 2
2025-06-22 19:27:04,059 - SUAS - DEBUG - [SUAS_main.turn_lap:632] - wp_num:6
2025-06-22 19:27:04,109 - SUAS - DEBUG - [SUAS_main.turn_lap:631] - next wp: 2
2025-06-22 19:27:04,111 - SUAS - DEBUG - [SUAS_main.turn_lap:632] - wp_num:6
2025-06-22 19:27:04,163 - SUAS - DEBUG - [SUAS_main.turn_lap:631] - next wp: 2
2025-06-22 19:27:04,164 - SUAS - DEBUG - [SUAS_main.turn_lap:632] - wp_num:6
2025-06-22 19:27:04,214 - SUAS - DEBUG - [SUAS_main.turn_lap:631] - next wp: 2
2025-06-22 19:27:04,215 - SUAS - DEBUG - [SUAS_main.turn_lap:632] - wp_num:6
2025-06-22 19:27:04,266 - SUAS - DEBUG - [SUAS_main.turn_lap:631] - next wp: 2
2025-06-22 19:27:04,267 - SUAS - DEBUG - [SUAS_main.turn_lap:632] - wp_num:6
2025-06-22 19:27:04,318 - SUAS - DEBUG - [SUAS_main.turn_lap:631] - next wp: 2
2025-06-22 19:27:04,319 - SUAS - DEBUG - [SUAS_main.turn_lap:632] - wp_num:6
2025-06-22 19:27:04,369 - SUAS - DEBUG - [SUAS_main.turn_lap:631] - next wp: 2
2025-06-22 19:27:04,370 - SUAS - DEBUG - [SUAS_main.turn_lap:632] - wp_num:6
2025-06-22 19:27:04,421 - SUAS - DEBUG - [SUAS_main.turn_lap:631] - next wp: 2
2025-06-22 19:27:04,422 - SUAS - DEBUG - [SUAS_main.turn_lap:632] - wp_num:6
2025-06-22 19:27:04,473 - SUAS - DEBUG - [SUAS_main.turn_lap:631] - next wp: 2
2025-06-22 19:27:04,474 - SUAS - DEBUG - [SUAS_main.turn_lap:632] - wp_num:6
2025-06-22 19:27:04,525 - SUAS - DEBUG - [SUAS_main.turn_lap:631] - next wp: 2
2025-06-22 19:27:04,526 - SUAS - DEBUG - [SUAS_main.turn_lap:632] - wp_num:6
2025-06-22 19:27:04,577 - SUAS - DEBUG - [SUAS_main.turn_lap:631] - next wp: 2
2025-06-22 19:27:04,577 - SUAS - DEBUG - [SUAS_main.turn_lap:632] - wp_num:6
2025-06-22 19:27:04,628 - SUAS - DEBUG - [SUAS_main.turn_lap:631] - next wp: 2
2025-06-22 19:27:04,630 - SUAS - DEBUG - [SUAS_main.turn_lap:632] - wp_num:6
2025-06-22 19:27:04,681 - SUAS - DEBUG - [SUAS_main.turn_lap:631] - next wp: 2
2025-06-22 19:27:04,681 - SUAS - DEBUG - [SUAS_main.turn_lap:632] - wp_num:6
2025-06-22 19:27:04,732 - SUAS - DEBUG - [SUAS_main.turn_lap:631] - next wp: 2
2025-06-22 19:27:04,733 - SUAS - DEBUG - [SUAS_main.turn_lap:632] - wp_num:6
2025-06-22 19:27:04,784 - SUAS - DEBUG - [SUAS_main.turn_lap:631] - next wp: 2
2025-06-22 19:27:04,785 - SUAS - DEBUG - [SUAS_main.turn_lap:632] - wp_num:6
2025-06-22 19:27:04,836 - SUAS - DEBUG - [SUAS_main.turn_lap:631] - next wp: 2
2025-06-22 19:27:04,837 - SUAS - DEBUG - [SUAS_main.turn_lap:632] - wp_num:6
2025-06-22 19:27:04,888 - SUAS - DEBUG - [SUAS_main.turn_lap:631] - next wp: 2
2025-06-22 19:27:04,888 - SUAS - DEBUG - [SUAS_main.turn_lap:632] - wp_num:6
2025-06-22 19:27:04,939 - SUAS - DEBUG - [SUAS_main.turn_lap:631] - next wp: 2
2025-06-22 19:27:04,940 - SUAS - DEBUG - [SUAS_main.turn_lap:632] - wp_num:6
2025-06-22 19:27:04,991 - SUAS - DEBUG - [SUAS_main.turn_lap:631] - next wp: 2
2025-06-22 19:27:04,992 - SUAS - DEBUG - [SUAS_main.turn_lap:632] - wp_num:6
2025-06-22 19:27:05,043 - SUAS - DEBUG - [SUAS_main.turn_lap:631] - next wp: 2
2025-06-22 19:27:05,044 - SUAS - DEBUG - [SUAS_main.turn_lap:632] - wp_num:6
2025-06-22 19:27:05,095 - SUAS - DEBUG - [SUAS_main.turn_lap:631] - next wp: 2
2025-06-22 19:27:05,096 - SUAS - DEBUG - [SUAS_main.turn_lap:632] - wp_num:6
2025-06-22 19:27:05,147 - SUAS - DEBUG - [SUAS_main.turn_lap:631] - next wp: 2
2025-06-22 19:27:05,148 - SUAS - DEBUG - [SUAS_main.turn_lap:632] - wp_num:6
2025-06-22 19:27:05,199 - SUAS - DEBUG - [SUAS_main.turn_lap:631] - next wp: 2
2025-06-22 19:27:05,200 - SUAS - DEBUG - [SUAS_main.turn_lap:632] - wp_num:6
2025-06-22 19:27:05,250 - SUAS - DEBUG - [SUAS_main.turn_lap:631] - next wp: 2
2025-06-22 19:27:05,251 - SUAS - DEBUG - [SUAS_main.turn_lap:632] - wp_num:6
2025-06-22 19:27:05,302 - SUAS - DEBUG - [SUAS_main.turn_lap:631] - next wp: 2
2025-06-22 19:27:05,303 - SUAS - DEBUG - [SUAS_main.turn_lap:632] - wp_num:6
2025-06-22 19:27:05,354 - SUAS - DEBUG - [SUAS_main.turn_lap:631] - next wp: 2
2025-06-22 19:27:05,355 - SUAS - DEBUG - [SUAS_main.turn_lap:632] - wp_num:6
2025-06-22 19:27:05,406 - SUAS - DEBUG - [SUAS_main.turn_lap:631] - next wp: 2
2025-06-22 19:27:05,407 - SUAS - DEBUG - [SUAS_main.turn_lap:632] - wp_num:6
2025-06-22 19:27:05,457 - SUAS - DEBUG - [SUAS_main.turn_lap:631] - next wp: 2
2025-06-22 19:27:05,458 - SUAS - DEBUG - [SUAS_main.turn_lap:632] - wp_num:6
2025-06-22 19:27:05,509 - SUAS - DEBUG - [SUAS_main.turn_lap:631] - next wp: 2
2025-06-22 19:27:05,510 - SUAS - DEBUG - [SUAS_main.turn_lap:632] - wp_num:6
2025-06-22 19:27:05,562 - SUAS - DEBUG - [SUAS_main.turn_lap:631] - next wp: 2
2025-06-22 19:27:05,563 - SUAS - DEBUG - [SUAS_main.turn_lap:632] - wp_num:6
2025-06-22 19:27:05,613 - SUAS - DEBUG - [SUAS_main.turn_lap:631] - next wp: 2
2025-06-22 19:27:05,614 - SUAS - DEBUG - [SUAS_main.turn_lap:632] - wp_num:6
2025-06-22 19:27:05,665 - SUAS - DEBUG - [SUAS_main.turn_lap:631] - next wp: 2
2025-06-22 19:27:05,666 - SUAS - DEBUG - [SUAS_main.turn_lap:632] - wp_num:6
2025-06-22 19:27:05,717 - SUAS - DEBUG - [SUAS_main.turn_lap:631] - next wp: 2
2025-06-22 19:27:05,718 - SUAS - DEBUG - [SUAS_main.turn_lap:632] - wp_num:6
2025-06-22 19:27:05,769 - SUAS - DEBUG - [SUAS_main.turn_lap:631] - next wp: 2
2025-06-22 19:27:05,769 - SUAS - DEBUG - [SUAS_main.turn_lap:632] - wp_num:6
2025-06-22 19:27:05,820 - SUAS - DEBUG - [SUAS_main.turn_lap:631] - next wp: 2
2025-06-22 19:27:05,821 - SUAS - DEBUG - [SUAS_main.turn_lap:632] - wp_num:6
2025-06-22 19:27:05,872 - SUAS - DEBUG - [SUAS_main.turn_lap:631] - next wp: 2
2025-06-22 19:27:05,873 - SUAS - DEBUG - [SUAS_main.turn_lap:632] - wp_num:6
2025-06-22 19:27:05,924 - SUAS - DEBUG - [SUAS_main.turn_lap:631] - next wp: 2
2025-06-22 19:27:05,925 - SUAS - DEBUG - [SUAS_main.turn_lap:632] - wp_num:6
2025-06-22 19:27:05,976 - SUAS - DEBUG - [SUAS_main.turn_lap:631] - next wp: 2
2025-06-22 19:27:05,978 - SUAS - DEBUG - [SUAS_main.turn_lap:632] - wp_num:6
2025-06-22 19:27:06,029 - SUAS - DEBUG - [SUAS_main.turn_lap:631] - next wp: 2
2025-06-22 19:27:06,030 - SUAS - DEBUG - [SUAS_main.turn_lap:632] - wp_num:6
2025-06-22 19:27:06,080 - SUAS - DEBUG - [SUAS_main.turn_lap:631] - next wp: 2
2025-06-22 19:27:06,081 - SUAS - DEBUG - [SUAS_main.turn_lap:632] - wp_num:6
2025-06-22 19:27:06,132 - SUAS - DEBUG - [SUAS_main.turn_lap:631] - next wp: 2
2025-06-22 19:27:06,133 - SUAS - DEBUG - [SUAS_main.turn_lap:632] - wp_num:6
2025-06-22 19:27:06,184 - SUAS - DEBUG - [SUAS_main.turn_lap:631] - next wp: 2
2025-06-22 19:27:06,184 - SUAS - DEBUG - [SUAS_main.turn_lap:632] - wp_num:6
2025-06-22 19:27:06,235 - SUAS - DEBUG - [SUAS_main.turn_lap:631] - next wp: 2
2025-06-22 19:27:06,236 - SUAS - DEBUG - [SUAS_main.turn_lap:632] - wp_num:6
2025-06-22 19:27:06,287 - SUAS - DEBUG - [SUAS_main.turn_lap:631] - next wp: 2
2025-06-22 19:27:06,288 - SUAS - DEBUG - [SUAS_main.turn_lap:632] - wp_num:6
2025-06-22 19:27:06,339 - SUAS - DEBUG - [SUAS_main.turn_lap:631] - next wp: 2
2025-06-22 19:27:06,340 - SUAS - DEBUG - [SUAS_main.turn_lap:632] - wp_num:6
2025-06-22 19:27:06,391 - SUAS - DEBUG - [SUAS_main.turn_lap:631] - next wp: 2
2025-06-22 19:27:06,392 - SUAS - DEBUG - [SUAS_main.turn_lap:632] - wp_num:6
2025-06-22 19:27:06,442 - SUAS - DEBUG - [SUAS_main.turn_lap:631] - next wp: 2
2025-06-22 19:27:06,443 - SUAS - DEBUG - [SUAS_main.turn_lap:632] - wp_num:6
2025-06-22 19:27:06,494 - SUAS - DEBUG - [SUAS_main.turn_lap:631] - next wp: 2
2025-06-22 19:27:06,495 - SUAS - DEBUG - [SUAS_main.turn_lap:632] - wp_num:6
2025-06-22 19:27:06,546 - SUAS - DEBUG - [SUAS_main.turn_lap:631] - next wp: 2
2025-06-22 19:27:06,547 - SUAS - DEBUG - [SUAS_main.turn_lap:632] - wp_num:6
2025-06-22 19:27:06,597 - SUAS - DEBUG - [SUAS_main.turn_lap:631] - next wp: 2
2025-06-22 19:27:06,598 - SUAS - DEBUG - [SUAS_main.turn_lap:632] - wp_num:6
2025-06-22 19:27:06,649 - SUAS - DEBUG - [SUAS_main.turn_lap:631] - next wp: 2
2025-06-22 19:27:06,650 - SUAS - DEBUG - [SUAS_main.turn_lap:632] - wp_num:6
2025-06-22 19:27:06,701 - SUAS - DEBUG - [SUAS_main.turn_lap:631] - next wp: 2
2025-06-22 19:27:06,702 - SUAS - DEBUG - [SUAS_main.turn_lap:632] - wp_num:6
2025-06-22 19:27:06,753 - SUAS - DEBUG - [SUAS_main.turn_lap:631] - next wp: 2
2025-06-22 19:27:06,754 - SUAS - DEBUG - [SUAS_main.turn_lap:632] - wp_num:6
2025-06-22 19:27:06,805 - SUAS - DEBUG - [SUAS_main.turn_lap:631] - next wp: 2
2025-06-22 19:27:06,806 - SUAS - DEBUG - [SUAS_main.turn_lap:632] - wp_num:6
2025-06-22 19:27:06,857 - SUAS - DEBUG - [SUAS_main.turn_lap:631] - next wp: 2
2025-06-22 19:27:06,857 - SUAS - DEBUG - [SUAS_main.turn_lap:632] - wp_num:6
2025-06-22 19:27:06,908 - SUAS - DEBUG - [SUAS_main.turn_lap:631] - next wp: 2
2025-06-22 19:27:06,910 - SUAS - DEBUG - [SUAS_main.turn_lap:632] - wp_num:6
2025-06-22 19:27:06,961 - SUAS - DEBUG - [SUAS_main.turn_lap:631] - next wp: 2
2025-06-22 19:27:06,962 - SUAS - DEBUG - [SUAS_main.turn_lap:632] - wp_num:6
2025-06-22 19:27:07,013 - SUAS - DEBUG - [SUAS_main.turn_lap:631] - next wp: 2
2025-06-22 19:27:07,014 - SUAS - DEBUG - [SUAS_main.turn_lap:632] - wp_num:6
2025-06-22 19:27:07,065 - SUAS - DEBUG - [SUAS_main.turn_lap:631] - next wp: 2
2025-06-22 19:27:07,066 - SUAS - DEBUG - [SUAS_main.turn_lap:632] - wp_num:6
2025-06-22 19:27:07,117 - SUAS - DEBUG - [SUAS_main.turn_lap:631] - next wp: 2
2025-06-22 19:27:07,117 - SUAS - DEBUG - [SUAS_main.turn_lap:632] - wp_num:6
2025-06-22 19:27:07,168 - SUAS - DEBUG - [SUAS_main.turn_lap:631] - next wp: 2
2025-06-22 19:27:07,169 - SUAS - DEBUG - [SUAS_main.turn_lap:632] - wp_num:6
2025-06-22 19:27:07,221 - SUAS - DEBUG - [SUAS_main.turn_lap:631] - next wp: 2
2025-06-22 19:27:07,221 - SUAS - DEBUG - [SUAS_main.turn_lap:632] - wp_num:6
2025-06-22 19:27:07,272 - SUAS - DEBUG - [SUAS_main.turn_lap:631] - next wp: 2
2025-06-22 19:27:07,273 - SUAS - DEBUG - [SUAS_main.turn_lap:632] - wp_num:6
2025-06-22 19:27:07,325 - SUAS - DEBUG - [SUAS_main.turn_lap:631] - next wp: 2
2025-06-22 19:27:07,326 - SUAS - DEBUG - [SUAS_main.turn_lap:632] - wp_num:6
2025-06-22 19:27:07,376 - SUAS - DEBUG - [SUAS_main.turn_lap:631] - next wp: 2
2025-06-22 19:27:07,377 - SUAS - DEBUG - [SUAS_main.turn_lap:632] - wp_num:6
2025-06-22 19:27:07,428 - SUAS - DEBUG - [SUAS_main.turn_lap:631] - next wp: 2
2025-06-22 19:27:07,429 - SUAS - DEBUG - [SUAS_main.turn_lap:632] - wp_num:6
2025-06-22 19:27:07,481 - SUAS - DEBUG - [SUAS_main.turn_lap:631] - next wp: 2
2025-06-22 19:27:07,481 - SUAS - DEBUG - [SUAS_main.turn_lap:632] - wp_num:6
2025-06-22 19:27:07,532 - SUAS - DEBUG - [SUAS_main.turn_lap:631] - next wp: 2
2025-06-22 19:27:07,533 - SUAS - DEBUG - [SUAS_main.turn_lap:632] - wp_num:6
2025-06-22 19:27:07,584 - SUAS - DEBUG - [SUAS_main.turn_lap:631] - next wp: 2
2025-06-22 19:27:07,585 - SUAS - DEBUG - [SUAS_main.turn_lap:632] - wp_num:6
2025-06-22 19:27:07,636 - SUAS - DEBUG - [SUAS_main.turn_lap:631] - next wp: 2
2025-06-22 19:27:07,636 - SUAS - DEBUG - [SUAS_main.turn_lap:632] - wp_num:6
2025-06-22 19:27:07,687 - SUAS - DEBUG - [SUAS_main.turn_lap:631] - next wp: 2
2025-06-22 19:27:07,688 - SUAS - DEBUG - [SUAS_main.turn_lap:632] - wp_num:6
2025-06-22 19:27:07,739 - SUAS - DEBUG - [SUAS_main.turn_lap:631] - next wp: 2
2025-06-22 19:27:07,740 - SUAS - DEBUG - [SUAS_main.turn_lap:632] - wp_num:6
2025-06-22 19:27:07,791 - SUAS - DEBUG - [SUAS_main.turn_lap:631] - next wp: 2
2025-06-22 19:27:07,793 - SUAS - DEBUG - [SUAS_main.turn_lap:632] - wp_num:6
2025-06-22 19:27:07,844 - SUAS - DEBUG - [SUAS_main.turn_lap:631] - next wp: 2
2025-06-22 19:27:07,844 - SUAS - DEBUG - [SUAS_main.turn_lap:632] - wp_num:6
2025-06-22 19:27:07,895 - SUAS - DEBUG - [SUAS_main.turn_lap:631] - next wp: 2
2025-06-22 19:27:07,896 - SUAS - DEBUG - [SUAS_main.turn_lap:632] - wp_num:6
2025-06-22 19:27:07,947 - SUAS - DEBUG - [SUAS_main.turn_lap:631] - next wp: 2
2025-06-22 19:27:07,948 - SUAS - DEBUG - [SUAS_main.turn_lap:632] - wp_num:6
2025-06-22 19:27:07,999 - SUAS - DEBUG - [SUAS_main.turn_lap:631] - next wp: 2
2025-06-22 19:27:08,000 - SUAS - DEBUG - [SUAS_main.turn_lap:632] - wp_num:6
2025-06-22 19:27:08,051 - SUAS - DEBUG - [SUAS_main.turn_lap:631] - next wp: 2
2025-06-22 19:27:08,052 - SUAS - DEBUG - [SUAS_main.turn_lap:632] - wp_num:6
2025-06-22 19:27:08,104 - SUAS - DEBUG - [SUAS_main.turn_lap:631] - next wp: 2
2025-06-22 19:27:08,105 - SUAS - DEBUG - [SUAS_main.turn_lap:632] - wp_num:6
2025-06-22 19:27:08,155 - SUAS - DEBUG - [SUAS_main.turn_lap:631] - next wp: 2
2025-06-22 19:27:08,156 - SUAS - DEBUG - [SUAS_main.turn_lap:632] - wp_num:6
2025-06-22 19:27:08,207 - SUAS - DEBUG - [SUAS_main.turn_lap:631] - next wp: 2
2025-06-22 19:27:08,208 - SUAS - DEBUG - [SUAS_main.turn_lap:632] - wp_num:6
2025-06-22 19:27:08,259 - SUAS - DEBUG - [SUAS_main.turn_lap:631] - next wp: 2
2025-06-22 19:27:08,262 - SUAS - DEBUG - [SUAS_main.turn_lap:632] - wp_num:6
2025-06-22 19:27:08,314 - SUAS - DEBUG - [SUAS_main.turn_lap:631] - next wp: 2
2025-06-22 19:27:08,315 - SUAS - DEBUG - [SUAS_main.turn_lap:632] - wp_num:6
2025-06-22 19:27:08,366 - SUAS - DEBUG - [SUAS_main.turn_lap:631] - next wp: 2
2025-06-22 19:27:08,367 - SUAS - DEBUG - [SUAS_main.turn_lap:632] - wp_num:6
2025-06-22 19:27:08,418 - SUAS - DEBUG - [SUAS_main.turn_lap:631] - next wp: 2
2025-06-22 19:27:08,419 - SUAS - DEBUG - [SUAS_main.turn_lap:632] - wp_num:6
2025-06-22 19:27:08,469 - SUAS - DEBUG - [SUAS_main.turn_lap:631] - next wp: 2
2025-06-22 19:27:08,470 - SUAS - DEBUG - [SUAS_main.turn_lap:632] - wp_num:6
2025-06-22 19:27:08,522 - SUAS - DEBUG - [SUAS_main.turn_lap:631] - next wp: 2
2025-06-22 19:27:08,522 - SUAS - DEBUG - [SUAS_main.turn_lap:632] - wp_num:6
2025-06-22 19:27:08,573 - SUAS - DEBUG - [SUAS_main.turn_lap:631] - next wp: 2
2025-06-22 19:27:08,574 - SUAS - DEBUG - [SUAS_main.turn_lap:632] - wp_num:6
2025-06-22 19:27:08,625 - SUAS - DEBUG - [SUAS_main.turn_lap:631] - next wp: 2
2025-06-22 19:27:08,626 - SUAS - DEBUG - [SUAS_main.turn_lap:632] - wp_num:6
2025-06-22 19:27:08,677 - SUAS - DEBUG - [SUAS_main.turn_lap:631] - next wp: 2
2025-06-22 19:27:08,678 - SUAS - DEBUG - [SUAS_main.turn_lap:632] - wp_num:6
2025-06-22 19:27:08,729 - SUAS - DEBUG - [SUAS_main.turn_lap:631] - next wp: 2
2025-06-22 19:27:08,730 - SUAS - DEBUG - [SUAS_main.turn_lap:632] - wp_num:6
2025-06-22 19:27:08,781 - SUAS - DEBUG - [SUAS_main.turn_lap:631] - next wp: 2
2025-06-22 19:27:08,782 - SUAS - DEBUG - [SUAS_main.turn_lap:632] - wp_num:6
2025-06-22 19:27:08,833 - SUAS - DEBUG - [SUAS_main.turn_lap:631] - next wp: 2
2025-06-22 19:27:08,834 - SUAS - DEBUG - [SUAS_main.turn_lap:632] - wp_num:6
2025-06-22 19:27:08,884 - SUAS - DEBUG - [SUAS_main.turn_lap:631] - next wp: 2
2025-06-22 19:27:08,885 - SUAS - DEBUG - [SUAS_main.turn_lap:632] - wp_num:6
2025-06-22 19:27:08,936 - SUAS - DEBUG - [SUAS_main.turn_lap:631] - next wp: 2
2025-06-22 19:27:08,937 - SUAS - DEBUG - [SUAS_main.turn_lap:632] - wp_num:6
2025-06-22 19:27:08,988 - SUAS - DEBUG - [SUAS_main.turn_lap:631] - next wp: 2
2025-06-22 19:27:08,989 - SUAS - DEBUG - [SUAS_main.turn_lap:632] - wp_num:6
2025-06-22 19:27:09,040 - SUAS - DEBUG - [SUAS_main.turn_lap:631] - next wp: 2
2025-06-22 19:27:09,041 - SUAS - DEBUG - [SUAS_main.turn_lap:632] - wp_num:6
2025-06-22 19:27:09,092 - SUAS - DEBUG - [SUAS_main.turn_lap:631] - next wp: 2
2025-06-22 19:27:09,093 - SUAS - DEBUG - [SUAS_main.turn_lap:632] - wp_num:6
2025-06-22 19:27:09,144 - SUAS - DEBUG - [SUAS_main.turn_lap:631] - next wp: 2
2025-06-22 19:27:09,145 - SUAS - DEBUG - [SUAS_main.turn_lap:632] - wp_num:6
2025-06-22 19:27:09,196 - SUAS - DEBUG - [SUAS_main.turn_lap:631] - next wp: 2
2025-06-22 19:27:09,197 - SUAS - DEBUG - [SUAS_main.turn_lap:632] - wp_num:6
2025-06-22 19:27:09,248 - SUAS - DEBUG - [SUAS_main.turn_lap:631] - next wp: 2
2025-06-22 19:27:09,249 - SUAS - DEBUG - [SUAS_main.turn_lap:632] - wp_num:6
2025-06-22 19:27:09,300 - SUAS - DEBUG - [SUAS_main.turn_lap:631] - next wp: 2
2025-06-22 19:27:09,300 - SUAS - DEBUG - [SUAS_main.turn_lap:632] - wp_num:6
2025-06-22 19:27:09,351 - SUAS - DEBUG - [SUAS_main.turn_lap:631] - next wp: 2
2025-06-22 19:27:09,352 - SUAS - DEBUG - [SUAS_main.turn_lap:632] - wp_num:6
2025-06-22 19:27:09,403 - SUAS - DEBUG - [SUAS_main.turn_lap:631] - next wp: 2
2025-06-22 19:27:09,404 - SUAS - DEBUG - [SUAS_main.turn_lap:632] - wp_num:6
2025-06-22 19:27:09,455 - SUAS - DEBUG - [SUAS_main.turn_lap:631] - next wp: 2
2025-06-22 19:27:09,455 - SUAS - DEBUG - [SUAS_main.turn_lap:632] - wp_num:6
2025-06-22 19:27:09,506 - SUAS - DEBUG - [SUAS_main.turn_lap:631] - next wp: 2
2025-06-22 19:27:09,508 - SUAS - DEBUG - [SUAS_main.turn_lap:632] - wp_num:6
2025-06-22 19:27:09,559 - SUAS - DEBUG - [SUAS_main.turn_lap:631] - next wp: 2
2025-06-22 19:27:09,561 - SUAS - DEBUG - [SUAS_main.turn_lap:632] - wp_num:6
2025-06-22 19:27:09,612 - SUAS - DEBUG - [SUAS_main.turn_lap:631] - next wp: 2
2025-06-22 19:27:09,613 - SUAS - DEBUG - [SUAS_main.turn_lap:632] - wp_num:6
2025-06-22 19:27:09,664 - SUAS - DEBUG - [SUAS_main.turn_lap:631] - next wp: 2
2025-06-22 19:27:09,665 - SUAS - DEBUG - [SUAS_main.turn_lap:632] - wp_num:6
2025-06-22 19:27:09,715 - SUAS - DEBUG - [SUAS_main.turn_lap:631] - next wp: 2
2025-06-22 19:27:09,716 - SUAS - DEBUG - [SUAS_main.turn_lap:632] - wp_num:6
2025-06-22 19:27:09,767 - SUAS - DEBUG - [SUAS_main.turn_lap:631] - next wp: 2
2025-06-22 19:27:09,768 - SUAS - DEBUG - [SUAS_main.turn_lap:632] - wp_num:6
2025-06-22 19:27:09,819 - SUAS - DEBUG - [SUAS_main.turn_lap:631] - next wp: 2
2025-06-22 19:27:09,820 - SUAS - DEBUG - [SUAS_main.turn_lap:632] - wp_num:6
2025-06-22 19:27:09,871 - SUAS - DEBUG - [SUAS_main.turn_lap:631] - next wp: 2
2025-06-22 19:27:09,872 - SUAS - DEBUG - [SUAS_main.turn_lap:632] - wp_num:6
2025-06-22 19:27:09,923 - SUAS - DEBUG - [SUAS_main.turn_lap:631] - next wp: 2
2025-06-22 19:27:09,924 - SUAS - DEBUG - [SUAS_main.turn_lap:632] - wp_num:6
2025-06-22 19:27:09,975 - SUAS - DEBUG - [SUAS_main.turn_lap:631] - next wp: 2
2025-06-22 19:27:09,975 - SUAS - DEBUG - [SUAS_main.turn_lap:632] - wp_num:6
2025-06-22 19:27:10,026 - SUAS - DEBUG - [SUAS_main.turn_lap:631] - next wp: 2
2025-06-22 19:27:10,027 - SUAS - DEBUG - [SUAS_main.turn_lap:632] - wp_num:6
2025-06-22 19:27:10,079 - SUAS - DEBUG - [SUAS_main.turn_lap:631] - next wp: 2
2025-06-22 19:27:10,080 - SUAS - DEBUG - [SUAS_main.turn_lap:632] - wp_num:6
2025-06-22 19:27:10,130 - SUAS - DEBUG - [SUAS_main.turn_lap:631] - next wp: 2
2025-06-22 19:27:10,132 - SUAS - DEBUG - [SUAS_main.turn_lap:632] - wp_num:6
2025-06-22 19:27:10,183 - SUAS - DEBUG - [SUAS_main.turn_lap:631] - next wp: 2
2025-06-22 19:27:10,183 - SUAS - DEBUG - [SUAS_main.turn_lap:632] - wp_num:6
2025-06-22 19:27:10,234 - SUAS - DEBUG - [SUAS_main.turn_lap:631] - next wp: 2
2025-06-22 19:27:10,235 - SUAS - DEBUG - [SUAS_main.turn_lap:632] - wp_num:6
2025-06-22 19:27:10,286 - SUAS - DEBUG - [SUAS_main.turn_lap:631] - next wp: 2
2025-06-22 19:27:10,287 - SUAS - DEBUG - [SUAS_main.turn_lap:632] - wp_num:6
2025-06-22 19:27:10,338 - SUAS - DEBUG - [SUAS_main.turn_lap:631] - next wp: 2
2025-06-22 19:27:10,339 - SUAS - DEBUG - [SUAS_main.turn_lap:632] - wp_num:6
2025-06-22 19:27:10,390 - SUAS - DEBUG - [SUAS_main.turn_lap:631] - next wp: 2
2025-06-22 19:27:10,391 - SUAS - DEBUG - [SUAS_main.turn_lap:632] - wp_num:6
2025-06-22 19:27:10,442 - SUAS - DEBUG - [SUAS_main.turn_lap:631] - next wp: 2
2025-06-22 19:27:10,442 - SUAS - DEBUG - [SUAS_main.turn_lap:632] - wp_num:6
2025-06-22 19:27:10,493 - SUAS - DEBUG - [SUAS_main.turn_lap:631] - next wp: 2
2025-06-22 19:27:10,494 - SUAS - DEBUG - [SUAS_main.turn_lap:632] - wp_num:6
2025-06-22 19:27:10,545 - SUAS - DEBUG - [SUAS_main.turn_lap:631] - next wp: 2
2025-06-22 19:27:10,546 - SUAS - DEBUG - [SUAS_main.turn_lap:632] - wp_num:6
2025-06-22 19:27:10,597 - SUAS - DEBUG - [SUAS_main.turn_lap:631] - next wp: 2
2025-06-22 19:27:10,597 - SUAS - DEBUG - [SUAS_main.turn_lap:632] - wp_num:6
2025-06-22 19:27:10,648 - SUAS - DEBUG - [SUAS_main.turn_lap:631] - next wp: 2
2025-06-22 19:27:10,649 - SUAS - DEBUG - [SUAS_main.turn_lap:632] - wp_num:6
2025-06-22 19:27:10,700 - SUAS - DEBUG - [SUAS_main.turn_lap:631] - next wp: 2
2025-06-22 19:27:10,701 - SUAS - DEBUG - [SUAS_main.turn_lap:632] - wp_num:6
2025-06-22 19:27:10,752 - SUAS - DEBUG - [SUAS_main.turn_lap:631] - next wp: 2
2025-06-22 19:27:10,753 - SUAS - DEBUG - [SUAS_main.turn_lap:632] - wp_num:6
2025-06-22 19:27:10,804 - SUAS - DEBUG - [SUAS_main.turn_lap:631] - next wp: 2
2025-06-22 19:27:10,805 - SUAS - DEBUG - [SUAS_main.turn_lap:632] - wp_num:6
2025-06-22 19:27:10,856 - SUAS - DEBUG - [SUAS_main.turn_lap:631] - next wp: 2
2025-06-22 19:27:10,857 - SUAS - DEBUG - [SUAS_main.turn_lap:632] - wp_num:6
2025-06-22 19:27:10,908 - SUAS - DEBUG - [SUAS_main.turn_lap:631] - next wp: 2
2025-06-22 19:27:10,909 - SUAS - DEBUG - [SUAS_main.turn_lap:632] - wp_num:6
2025-06-22 19:27:10,960 - SUAS - DEBUG - [SUAS_main.turn_lap:631] - next wp: 2
2025-06-22 19:27:10,961 - SUAS - DEBUG - [SUAS_main.turn_lap:632] - wp_num:6
2025-06-22 19:27:11,011 - SUAS - DEBUG - [SUAS_main.turn_lap:631] - next wp: 2
2025-06-22 19:27:11,013 - SUAS - DEBUG - [SUAS_main.turn_lap:632] - wp_num:6
2025-06-22 19:27:11,064 - SUAS - DEBUG - [SUAS_main.turn_lap:631] - next wp: 2
2025-06-22 19:27:11,065 - SUAS - DEBUG - [SUAS_main.turn_lap:632] - wp_num:6
2025-06-22 19:27:11,116 - SUAS - DEBUG - [SUAS_main.turn_lap:631] - next wp: 2
2025-06-22 19:27:11,117 - SUAS - DEBUG - [SUAS_main.turn_lap:632] - wp_num:6
2025-06-22 19:27:11,167 - SUAS - DEBUG - [SUAS_main.turn_lap:631] - next wp: 2
2025-06-22 19:27:11,169 - SUAS - DEBUG - [SUAS_main.turn_lap:632] - wp_num:6
2025-06-22 19:27:11,220 - SUAS - DEBUG - [SUAS_main.turn_lap:631] - next wp: 2
2025-06-22 19:27:11,221 - SUAS - DEBUG - [SUAS_main.turn_lap:632] - wp_num:6
2025-06-22 19:27:11,272 - SUAS - DEBUG - [SUAS_main.turn_lap:631] - next wp: 2
2025-06-22 19:27:11,273 - SUAS - DEBUG - [SUAS_main.turn_lap:632] - wp_num:6
2025-06-22 19:27:11,324 - SUAS - DEBUG - [SUAS_main.turn_lap:631] - next wp: 2
2025-06-22 19:27:11,324 - SUAS - DEBUG - [SUAS_main.turn_lap:632] - wp_num:6
2025-06-22 19:27:11,375 - SUAS - DEBUG - [SUAS_main.turn_lap:631] - next wp: 2
2025-06-22 19:27:11,376 - SUAS - DEBUG - [SUAS_main.turn_lap:632] - wp_num:6
2025-06-22 19:27:11,427 - SUAS - DEBUG - [SUAS_main.turn_lap:631] - next wp: 2
2025-06-22 19:27:11,428 - SUAS - DEBUG - [SUAS_main.turn_lap:632] - wp_num:6
2025-06-22 19:27:11,479 - SUAS - DEBUG - [SUAS_main.turn_lap:631] - next wp: 2
2025-06-22 19:27:11,480 - SUAS - DEBUG - [SUAS_main.turn_lap:632] - wp_num:6
2025-06-22 19:27:11,531 - SUAS - DEBUG - [SUAS_main.turn_lap:631] - next wp: 2
2025-06-22 19:27:11,532 - SUAS - DEBUG - [SUAS_main.turn_lap:632] - wp_num:6
2025-06-22 19:27:11,583 - SUAS - DEBUG - [SUAS_main.turn_lap:631] - next wp: 2
2025-06-22 19:27:11,584 - SUAS - DEBUG - [SUAS_main.turn_lap:632] - wp_num:6
2025-06-22 19:27:11,635 - SUAS - DEBUG - [SUAS_main.turn_lap:631] - next wp: 2
2025-06-22 19:27:11,636 - SUAS - DEBUG - [SUAS_main.turn_lap:632] - wp_num:6
2025-06-22 19:27:11,687 - SUAS - DEBUG - [SUAS_main.turn_lap:631] - next wp: 2
2025-06-22 19:27:11,688 - SUAS - DEBUG - [SUAS_main.turn_lap:632] - wp_num:6
2025-06-22 19:27:11,739 - SUAS - DEBUG - [SUAS_main.turn_lap:631] - next wp: 2
2025-06-22 19:27:11,740 - SUAS - DEBUG - [SUAS_main.turn_lap:632] - wp_num:6
2025-06-22 19:27:11,791 - SUAS - DEBUG - [SUAS_main.turn_lap:631] - next wp: 2
2025-06-22 19:27:11,791 - SUAS - DEBUG - [SUAS_main.turn_lap:632] - wp_num:6
2025-06-22 19:27:11,842 - SUAS - DEBUG - [SUAS_main.turn_lap:631] - next wp: 2
2025-06-22 19:27:11,843 - SUAS - DEBUG - [SUAS_main.turn_lap:632] - wp_num:6
2025-06-22 19:27:11,894 - SUAS - DEBUG - [SUAS_main.turn_lap:631] - next wp: 2
2025-06-22 19:27:11,895 - SUAS - DEBUG - [SUAS_main.turn_lap:632] - wp_num:6
2025-06-22 19:27:11,946 - SUAS - DEBUG - [SUAS_main.turn_lap:631] - next wp: 2
2025-06-22 19:27:11,947 - SUAS - DEBUG - [SUAS_main.turn_lap:632] - wp_num:6
2025-06-22 19:27:11,998 - SUAS - DEBUG - [SUAS_main.turn_lap:631] - next wp: 2
2025-06-22 19:27:11,999 - SUAS - DEBUG - [SUAS_main.turn_lap:632] - wp_num:6
2025-06-22 19:27:12,050 - SUAS - DEBUG - [SUAS_main.turn_lap:631] - next wp: 2
2025-06-22 19:27:12,051 - SUAS - DEBUG - [SUAS_main.turn_lap:632] - wp_num:6
2025-06-22 19:27:12,102 - SUAS - DEBUG - [SUAS_main.turn_lap:631] - next wp: 2
2025-06-22 19:27:12,103 - SUAS - DEBUG - [SUAS_main.turn_lap:632] - wp_num:6
2025-06-22 19:27:12,154 - SUAS - DEBUG - [SUAS_main.turn_lap:631] - next wp: 2
2025-06-22 19:27:12,155 - SUAS - DEBUG - [SUAS_main.turn_lap:632] - wp_num:6
2025-06-22 19:27:12,205 - SUAS - DEBUG - [SUAS_main.turn_lap:631] - next wp: 2
2025-06-22 19:27:12,206 - SUAS - DEBUG - [SUAS_main.turn_lap:632] - wp_num:6
2025-06-22 19:27:12,258 - SUAS - DEBUG - [SUAS_main.turn_lap:631] - next wp: 2
2025-06-22 19:27:12,259 - SUAS - DEBUG - [SUAS_main.turn_lap:632] - wp_num:6
2025-06-22 19:27:12,309 - SUAS - DEBUG - [SUAS_main.turn_lap:631] - next wp: 2
2025-06-22 19:27:12,310 - SUAS - DEBUG - [SUAS_main.turn_lap:632] - wp_num:6
2025-06-22 19:27:12,361 - SUAS - DEBUG - [SUAS_main.turn_lap:631] - next wp: 2
2025-06-22 19:27:12,362 - SUAS - DEBUG - [SUAS_main.turn_lap:632] - wp_num:6
2025-06-22 19:27:12,413 - SUAS - DEBUG - [SUAS_main.turn_lap:631] - next wp: 2
2025-06-22 19:27:12,414 - SUAS - DEBUG - [SUAS_main.turn_lap:632] - wp_num:6
2025-06-22 19:27:12,465 - SUAS - DEBUG - [SUAS_main.turn_lap:631] - next wp: 2
2025-06-22 19:27:12,466 - SUAS - DEBUG - [SUAS_main.turn_lap:632] - wp_num:6
2025-06-22 19:27:12,516 - SUAS - DEBUG - [SUAS_main.turn_lap:631] - next wp: 2
2025-06-22 19:27:12,517 - SUAS - DEBUG - [SUAS_main.turn_lap:632] - wp_num:6
2025-06-22 19:27:12,568 - SUAS - DEBUG - [SUAS_main.turn_lap:631] - next wp: 2
2025-06-22 19:27:12,569 - SUAS - DEBUG - [SUAS_main.turn_lap:632] - wp_num:6
2025-06-22 19:27:12,620 - SUAS - DEBUG - [SUAS_main.turn_lap:631] - next wp: 2
2025-06-22 19:27:12,621 - SUAS - DEBUG - [SUAS_main.turn_lap:632] - wp_num:6
2025-06-22 19:27:12,672 - SUAS - DEBUG - [SUAS_main.turn_lap:631] - next wp: 2
2025-06-22 19:27:12,673 - SUAS - DEBUG - [SUAS_main.turn_lap:632] - wp_num:6
2025-06-22 19:27:12,724 - SUAS - DEBUG - [SUAS_main.turn_lap:631] - next wp: 2
2025-06-22 19:27:12,724 - SUAS - DEBUG - [SUAS_main.turn_lap:632] - wp_num:6
2025-06-22 19:27:12,775 - SUAS - DEBUG - [SUAS_main.turn_lap:631] - next wp: 2
2025-06-22 19:27:12,776 - SUAS - DEBUG - [SUAS_main.turn_lap:632] - wp_num:6
2025-06-22 19:27:12,827 - SUAS - DEBUG - [SUAS_main.turn_lap:631] - next wp: 2
2025-06-22 19:27:12,828 - SUAS - DEBUG - [SUAS_main.turn_lap:632] - wp_num:6
2025-06-22 19:27:12,879 - SUAS - DEBUG - [SUAS_main.turn_lap:631] - next wp: 2
2025-06-22 19:27:12,880 - SUAS - DEBUG - [SUAS_main.turn_lap:632] - wp_num:6
2025-06-22 19:27:12,931 - SUAS - DEBUG - [SUAS_main.turn_lap:631] - next wp: 2
2025-06-22 19:27:12,932 - SUAS - DEBUG - [SUAS_main.turn_lap:632] - wp_num:6
2025-06-22 19:27:12,983 - SUAS - DEBUG - [SUAS_main.turn_lap:631] - next wp: 2
2025-06-22 19:27:12,984 - SUAS - DEBUG - [SUAS_main.turn_lap:632] - wp_num:6
2025-06-22 19:27:13,034 - SUAS - DEBUG - [SUAS_main.turn_lap:631] - next wp: 2
2025-06-22 19:27:13,035 - SUAS - DEBUG - [SUAS_main.turn_lap:632] - wp_num:6
2025-06-22 19:27:13,086 - SUAS - DEBUG - [SUAS_main.turn_lap:631] - next wp: 2
2025-06-22 19:27:13,088 - SUAS - DEBUG - [SUAS_main.turn_lap:632] - wp_num:6
2025-06-22 19:27:13,139 - SUAS - DEBUG - [SUAS_main.turn_lap:631] - next wp: 2
2025-06-22 19:27:13,140 - SUAS - DEBUG - [SUAS_main.turn_lap:632] - wp_num:6
2025-06-22 19:27:13,190 - SUAS - DEBUG - [SUAS_main.turn_lap:631] - next wp: 2
2025-06-22 19:27:13,191 - SUAS - DEBUG - [SUAS_main.turn_lap:632] - wp_num:6
2025-06-22 19:27:13,243 - SUAS - DEBUG - [SUAS_main.turn_lap:631] - next wp: 2
2025-06-22 19:27:13,244 - SUAS - DEBUG - [SUAS_main.turn_lap:632] - wp_num:6
2025-06-22 19:27:13,295 - SUAS - DEBUG - [SUAS_main.turn_lap:631] - next wp: 2
2025-06-22 19:27:13,295 - SUAS - DEBUG - [SUAS_main.turn_lap:632] - wp_num:6
2025-06-22 19:27:13,346 - SUAS - DEBUG - [SUAS_main.turn_lap:631] - next wp: 2
2025-06-22 19:27:13,347 - SUAS - DEBUG - [SUAS_main.turn_lap:632] - wp_num:6
2025-06-22 19:27:13,398 - SUAS - DEBUG - [SUAS_main.turn_lap:631] - next wp: 2
2025-06-22 19:27:13,399 - SUAS - DEBUG - [SUAS_main.turn_lap:632] - wp_num:6
2025-06-22 19:27:13,450 - SUAS - DEBUG - [SUAS_main.turn_lap:631] - next wp: 2
2025-06-22 19:27:13,451 - SUAS - DEBUG - [SUAS_main.turn_lap:632] - wp_num:6
2025-06-22 19:27:13,502 - SUAS - DEBUG - [SUAS_main.turn_lap:631] - next wp: 2
2025-06-22 19:27:13,503 - SUAS - DEBUG - [SUAS_main.turn_lap:632] - wp_num:6
2025-06-22 19:27:13,554 - SUAS - DEBUG - [SUAS_main.turn_lap:631] - next wp: 3
2025-06-22 19:27:13,555 - SUAS - DEBUG - [SUAS_main.turn_lap:632] - wp_num:6
2025-06-22 19:27:13,606 - SUAS - DEBUG - [SUAS_main.turn_lap:631] - next wp: 3
2025-06-22 19:27:13,607 - SUAS - DEBUG - [SUAS_main.turn_lap:632] - wp_num:6
2025-06-22 19:27:13,658 - SUAS - DEBUG - [SUAS_main.turn_lap:631] - next wp: 3
2025-06-22 19:27:13,659 - SUAS - DEBUG - [SUAS_main.turn_lap:632] - wp_num:6
2025-06-22 19:27:13,710 - SUAS - DEBUG - [SUAS_main.turn_lap:631] - next wp: 3
2025-06-22 19:27:13,711 - SUAS - DEBUG - [SUAS_main.turn_lap:632] - wp_num:6
2025-06-22 19:27:13,761 - SUAS - DEBUG - [SUAS_main.turn_lap:631] - next wp: 3
2025-06-22 19:27:13,762 - SUAS - DEBUG - [SUAS_main.turn_lap:632] - wp_num:6
2025-06-22 19:27:13,813 - SUAS - DEBUG - [SUAS_main.turn_lap:631] - next wp: 3
2025-06-22 19:27:13,814 - SUAS - DEBUG - [SUAS_main.turn_lap:632] - wp_num:6
2025-06-22 19:27:13,865 - SUAS - DEBUG - [SUAS_main.turn_lap:631] - next wp: 3
2025-06-22 19:27:13,866 - SUAS - DEBUG - [SUAS_main.turn_lap:632] - wp_num:6
2025-06-22 19:27:13,917 - SUAS - DEBUG - [SUAS_main.turn_lap:631] - next wp: 3
2025-06-22 19:27:13,918 - SUAS - DEBUG - [SUAS_main.turn_lap:632] - wp_num:6
2025-06-22 19:27:13,969 - SUAS - DEBUG - [SUAS_main.turn_lap:631] - next wp: 3
2025-06-22 19:27:13,970 - SUAS - DEBUG - [SUAS_main.turn_lap:632] - wp_num:6
2025-06-22 19:27:14,021 - SUAS - DEBUG - [SUAS_main.turn_lap:631] - next wp: 3
2025-06-22 19:27:14,022 - SUAS - DEBUG - [SUAS_main.turn_lap:632] - wp_num:6
2025-06-22 19:27:14,073 - SUAS - DEBUG - [SUAS_main.turn_lap:631] - next wp: 3
2025-06-22 19:27:14,074 - SUAS - DEBUG - [SUAS_main.turn_lap:632] - wp_num:6
2025-06-22 19:27:14,125 - SUAS - DEBUG - [SUAS_main.turn_lap:631] - next wp: 3
2025-06-22 19:27:14,126 - SUAS - DEBUG - [SUAS_main.turn_lap:632] - wp_num:6
2025-06-22 19:27:14,177 - SUAS - DEBUG - [SUAS_main.turn_lap:631] - next wp: 3
2025-06-22 19:27:14,178 - SUAS - DEBUG - [SUAS_main.turn_lap:632] - wp_num:6
2025-06-22 19:27:14,228 - SUAS - DEBUG - [SUAS_main.turn_lap:631] - next wp: 3
2025-06-22 19:27:14,229 - SUAS - DEBUG - [SUAS_main.turn_lap:632] - wp_num:6
2025-06-22 19:27:14,280 - SUAS - DEBUG - [SUAS_main.turn_lap:631] - next wp: 3
2025-06-22 19:27:14,281 - SUAS - DEBUG - [SUAS_main.turn_lap:632] - wp_num:6
2025-06-22 19:27:14,332 - SUAS - DEBUG - [SUAS_main.turn_lap:631] - next wp: 3
2025-06-22 19:27:14,333 - SUAS - DEBUG - [SUAS_main.turn_lap:632] - wp_num:6
2025-06-22 19:27:14,384 - SUAS - DEBUG - [SUAS_main.turn_lap:631] - next wp: 3
2025-06-22 19:27:14,385 - SUAS - DEBUG - [SUAS_main.turn_lap:632] - wp_num:6
2025-06-22 19:27:14,436 - SUAS - DEBUG - [SUAS_main.turn_lap:631] - next wp: 3
2025-06-22 19:27:14,437 - SUAS - DEBUG - [SUAS_main.turn_lap:632] - wp_num:6
2025-06-22 19:27:14,488 - SUAS - DEBUG - [SUAS_main.turn_lap:631] - next wp: 3
2025-06-22 19:27:14,489 - SUAS - DEBUG - [SUAS_main.turn_lap:632] - wp_num:6
2025-06-22 19:27:14,539 - SUAS - DEBUG - [SUAS_main.turn_lap:631] - next wp: 3
2025-06-22 19:27:14,540 - SUAS - DEBUG - [SUAS_main.turn_lap:632] - wp_num:6
2025-06-22 19:27:14,591 - SUAS - DEBUG - [SUAS_main.turn_lap:631] - next wp: 3
2025-06-22 19:27:14,592 - SUAS - DEBUG - [SUAS_main.turn_lap:632] - wp_num:6
2025-06-22 19:27:14,643 - SUAS - DEBUG - [SUAS_main.turn_lap:631] - next wp: 3
2025-06-22 19:27:14,644 - SUAS - DEBUG - [SUAS_main.turn_lap:632] - wp_num:6
2025-06-22 19:27:14,694 - SUAS - DEBUG - [SUAS_main.turn_lap:631] - next wp: 3
2025-06-22 19:27:14,695 - SUAS - DEBUG - [SUAS_main.turn_lap:632] - wp_num:6
2025-06-22 19:27:14,746 - SUAS - DEBUG - [SUAS_main.turn_lap:631] - next wp: 3
2025-06-22 19:27:14,747 - SUAS - DEBUG - [SUAS_main.turn_lap:632] - wp_num:6
2025-06-22 19:27:14,798 - SUAS - DEBUG - [SUAS_main.turn_lap:631] - next wp: 3
2025-06-22 19:27:14,799 - SUAS - DEBUG - [SUAS_main.turn_lap:632] - wp_num:6
2025-06-22 19:27:14,850 - SUAS - DEBUG - [SUAS_main.turn_lap:631] - next wp: 3
2025-06-22 19:27:14,851 - SUAS - DEBUG - [SUAS_main.turn_lap:632] - wp_num:6
2025-06-22 19:27:14,902 - SUAS - DEBUG - [SUAS_main.turn_lap:631] - next wp: 3
2025-06-22 19:27:14,903 - SUAS - DEBUG - [SUAS_main.turn_lap:632] - wp_num:6
2025-06-22 19:27:14,954 - SUAS - DEBUG - [SUAS_main.turn_lap:631] - next wp: 3
2025-06-22 19:27:14,955 - SUAS - DEBUG - [SUAS_main.turn_lap:632] - wp_num:6
2025-06-22 19:27:15,006 - SUAS - DEBUG - [SUAS_main.turn_lap:631] - next wp: 3
2025-06-22 19:27:15,007 - SUAS - DEBUG - [SUAS_main.turn_lap:632] - wp_num:6
2025-06-22 19:27:15,058 - SUAS - DEBUG - [SUAS_main.turn_lap:631] - next wp: 3
2025-06-22 19:27:15,059 - SUAS - DEBUG - [SUAS_main.turn_lap:632] - wp_num:6
2025-06-22 19:27:15,110 - SUAS - DEBUG - [SUAS_main.turn_lap:631] - next wp: 3
2025-06-22 19:27:15,111 - SUAS - DEBUG - [SUAS_main.turn_lap:632] - wp_num:6
2025-06-22 19:27:15,162 - SUAS - DEBUG - [SUAS_main.turn_lap:631] - next wp: 3
2025-06-22 19:27:15,163 - SUAS - DEBUG - [SUAS_main.turn_lap:632] - wp_num:6
2025-06-22 19:27:15,214 - SUAS - DEBUG - [SUAS_main.turn_lap:631] - next wp: 3
2025-06-22 19:27:15,214 - SUAS - DEBUG - [SUAS_main.turn_lap:632] - wp_num:6
2025-06-22 19:27:15,266 - SUAS - DEBUG - [SUAS_main.turn_lap:631] - next wp: 3
2025-06-22 19:27:15,268 - SUAS - DEBUG - [SUAS_main.turn_lap:632] - wp_num:6
2025-06-22 19:27:15,319 - SUAS - DEBUG - [SUAS_main.turn_lap:631] - next wp: 3
2025-06-22 19:27:15,320 - SUAS - DEBUG - [SUAS_main.turn_lap:632] - wp_num:6
2025-06-22 19:27:15,371 - SUAS - DEBUG - [SUAS_main.turn_lap:631] - next wp: 3
2025-06-22 19:27:15,372 - SUAS - DEBUG - [SUAS_main.turn_lap:632] - wp_num:6
2025-06-22 19:27:15,423 - SUAS - DEBUG - [SUAS_main.turn_lap:631] - next wp: 3
2025-06-22 19:27:15,424 - SUAS - DEBUG - [SUAS_main.turn_lap:632] - wp_num:6
2025-06-22 19:27:15,475 - SUAS - DEBUG - [SUAS_main.turn_lap:631] - next wp: 3
2025-06-22 19:27:15,477 - SUAS - DEBUG - [SUAS_main.turn_lap:632] - wp_num:6
2025-06-22 19:27:15,529 - SUAS - DEBUG - [SUAS_main.turn_lap:631] - next wp: 3
2025-06-22 19:27:15,530 - SUAS - DEBUG - [SUAS_main.turn_lap:632] - wp_num:6
2025-06-22 19:27:15,581 - SUAS - DEBUG - [SUAS_main.turn_lap:631] - next wp: 3
2025-06-22 19:27:15,582 - SUAS - DEBUG - [SUAS_main.turn_lap:632] - wp_num:6
2025-06-22 19:27:15,633 - SUAS - DEBUG - [SUAS_main.turn_lap:631] - next wp: 3
2025-06-22 19:27:15,634 - SUAS - DEBUG - [SUAS_main.turn_lap:632] - wp_num:6
2025-06-22 19:27:15,685 - SUAS - DEBUG - [SUAS_main.turn_lap:631] - next wp: 3
2025-06-22 19:27:15,687 - SUAS - DEBUG - [SUAS_main.turn_lap:632] - wp_num:6
2025-06-22 19:27:15,738 - SUAS - DEBUG - [SUAS_main.turn_lap:631] - next wp: 3
2025-06-22 19:27:15,739 - SUAS - DEBUG - [SUAS_main.turn_lap:632] - wp_num:6
2025-06-22 19:27:15,789 - SUAS - DEBUG - [SUAS_main.turn_lap:631] - next wp: 3
2025-06-22 19:27:15,791 - SUAS - DEBUG - [SUAS_main.turn_lap:632] - wp_num:6
2025-06-22 19:27:15,842 - SUAS - DEBUG - [SUAS_main.turn_lap:631] - next wp: 3
2025-06-22 19:27:15,843 - SUAS - DEBUG - [SUAS_main.turn_lap:632] - wp_num:6
2025-06-22 19:27:15,893 - SUAS - DEBUG - [SUAS_main.turn_lap:631] - next wp: 3
2025-06-22 19:27:15,895 - SUAS - DEBUG - [SUAS_main.turn_lap:632] - wp_num:6
2025-06-22 19:27:15,946 - SUAS - DEBUG - [SUAS_main.turn_lap:631] - next wp: 3
2025-06-22 19:27:15,947 - SUAS - DEBUG - [SUAS_main.turn_lap:632] - wp_num:6
2025-06-22 19:27:15,998 - SUAS - DEBUG - [SUAS_main.turn_lap:631] - next wp: 3
2025-06-22 19:27:15,999 - SUAS - DEBUG - [SUAS_main.turn_lap:632] - wp_num:6
2025-06-22 19:27:16,050 - SUAS - DEBUG - [SUAS_main.turn_lap:631] - next wp: 3
2025-06-22 19:27:16,051 - SUAS - DEBUG - [SUAS_main.turn_lap:632] - wp_num:6
2025-06-22 19:27:16,102 - SUAS - DEBUG - [SUAS_main.turn_lap:631] - next wp: 3
2025-06-22 19:27:16,103 - SUAS - DEBUG - [SUAS_main.turn_lap:632] - wp_num:6
2025-06-22 19:27:16,154 - SUAS - DEBUG - [SUAS_main.turn_lap:631] - next wp: 3
2025-06-22 19:27:16,155 - SUAS - DEBUG - [SUAS_main.turn_lap:632] - wp_num:6
2025-06-22 19:27:16,206 - SUAS - DEBUG - [SUAS_main.turn_lap:631] - next wp: 3
2025-06-22 19:27:16,207 - SUAS - DEBUG - [SUAS_main.turn_lap:632] - wp_num:6
2025-06-22 19:27:16,258 - SUAS - DEBUG - [SUAS_main.turn_lap:631] - next wp: 3
2025-06-22 19:27:16,259 - SUAS - DEBUG - [SUAS_main.turn_lap:632] - wp_num:6
2025-06-22 19:27:16,310 - SUAS - DEBUG - [SUAS_main.turn_lap:631] - next wp: 3
2025-06-22 19:27:16,311 - SUAS - DEBUG - [SUAS_main.turn_lap:632] - wp_num:6
2025-06-22 19:27:16,362 - SUAS - DEBUG - [SUAS_main.turn_lap:631] - next wp: 3
2025-06-22 19:27:16,363 - SUAS - DEBUG - [SUAS_main.turn_lap:632] - wp_num:6
2025-06-22 19:27:16,414 - SUAS - DEBUG - [SUAS_main.turn_lap:631] - next wp: 3
2025-06-22 19:27:16,415 - SUAS - DEBUG - [SUAS_main.turn_lap:632] - wp_num:6
2025-06-22 19:27:16,466 - SUAS - DEBUG - [SUAS_main.turn_lap:631] - next wp: 3
2025-06-22 19:27:16,467 - SUAS - DEBUG - [SUAS_main.turn_lap:632] - wp_num:6
2025-06-22 19:27:16,518 - SUAS - DEBUG - [SUAS_main.turn_lap:631] - next wp: 3
2025-06-22 19:27:16,519 - SUAS - DEBUG - [SUAS_main.turn_lap:632] - wp_num:6
2025-06-22 19:27:16,570 - SUAS - DEBUG - [SUAS_main.turn_lap:631] - next wp: 3
2025-06-22 19:27:16,571 - SUAS - DEBUG - [SUAS_main.turn_lap:632] - wp_num:6
2025-06-22 19:27:16,622 - SUAS - DEBUG - [SUAS_main.turn_lap:631] - next wp: 3
2025-06-22 19:27:16,623 - SUAS - DEBUG - [SUAS_main.turn_lap:632] - wp_num:6
2025-06-22 19:27:16,674 - SUAS - DEBUG - [SUAS_main.turn_lap:631] - next wp: 3
2025-06-22 19:27:16,675 - SUAS - DEBUG - [SUAS_main.turn_lap:632] - wp_num:6
2025-06-22 19:27:16,726 - SUAS - DEBUG - [SUAS_main.turn_lap:631] - next wp: 3
2025-06-22 19:27:16,727 - SUAS - DEBUG - [SUAS_main.turn_lap:632] - wp_num:6
2025-06-22 19:27:16,778 - SUAS - DEBUG - [SUAS_main.turn_lap:631] - next wp: 3
2025-06-22 19:27:16,779 - SUAS - DEBUG - [SUAS_main.turn_lap:632] - wp_num:6
2025-06-22 19:27:16,830 - SUAS - DEBUG - [SUAS_main.turn_lap:631] - next wp: 3
2025-06-22 19:27:16,831 - SUAS - DEBUG - [SUAS_main.turn_lap:632] - wp_num:6
2025-06-22 19:27:16,882 - SUAS - DEBUG - [SUAS_main.turn_lap:631] - next wp: 3
2025-06-22 19:27:16,883 - SUAS - DEBUG - [SUAS_main.turn_lap:632] - wp_num:6
2025-06-22 19:27:16,934 - SUAS - DEBUG - [SUAS_main.turn_lap:631] - next wp: 3
2025-06-22 19:27:16,935 - SUAS - DEBUG - [SUAS_main.turn_lap:632] - wp_num:6
2025-06-22 19:27:16,986 - SUAS - DEBUG - [SUAS_main.turn_lap:631] - next wp: 3
2025-06-22 19:27:16,987 - SUAS - DEBUG - [SUAS_main.turn_lap:632] - wp_num:6
2025-06-22 19:27:17,039 - SUAS - DEBUG - [SUAS_main.turn_lap:631] - next wp: 3
2025-06-22 19:27:17,040 - SUAS - DEBUG - [SUAS_main.turn_lap:632] - wp_num:6
2025-06-22 19:27:17,090 - SUAS - DEBUG - [SUAS_main.turn_lap:631] - next wp: 3
2025-06-22 19:27:17,092 - SUAS - DEBUG - [SUAS_main.turn_lap:632] - wp_num:6
2025-06-22 19:27:17,143 - SUAS - DEBUG - [SUAS_main.turn_lap:631] - next wp: 3
2025-06-22 19:27:17,144 - SUAS - DEBUG - [SUAS_main.turn_lap:632] - wp_num:6
2025-06-22 19:27:17,195 - SUAS - DEBUG - [SUAS_main.turn_lap:631] - next wp: 3
2025-06-22 19:27:17,196 - SUAS - DEBUG - [SUAS_main.turn_lap:632] - wp_num:6
2025-06-22 19:27:17,247 - SUAS - DEBUG - [SUAS_main.turn_lap:631] - next wp: 3
2025-06-22 19:27:17,248 - SUAS - DEBUG - [SUAS_main.turn_lap:632] - wp_num:6
2025-06-22 19:27:17,299 - SUAS - DEBUG - [SUAS_main.turn_lap:631] - next wp: 3
2025-06-22 19:27:17,300 - SUAS - DEBUG - [SUAS_main.turn_lap:632] - wp_num:6
2025-06-22 19:27:17,351 - SUAS - DEBUG - [SUAS_main.turn_lap:631] - next wp: 3
2025-06-22 19:27:17,351 - SUAS - DEBUG - [SUAS_main.turn_lap:632] - wp_num:6
2025-06-22 19:27:17,402 - SUAS - DEBUG - [SUAS_main.turn_lap:631] - next wp: 3
2025-06-22 19:27:17,403 - SUAS - DEBUG - [SUAS_main.turn_lap:632] - wp_num:6
2025-06-22 19:27:17,454 - SUAS - DEBUG - [SUAS_main.turn_lap:631] - next wp: 3
2025-06-22 19:27:17,455 - SUAS - DEBUG - [SUAS_main.turn_lap:632] - wp_num:6
2025-06-22 19:27:17,506 - SUAS - DEBUG - [SUAS_main.turn_lap:631] - next wp: 3
2025-06-22 19:27:17,507 - SUAS - DEBUG - [SUAS_main.turn_lap:632] - wp_num:6
2025-06-22 19:27:17,557 - SUAS - DEBUG - [SUAS_main.turn_lap:631] - next wp: 3
2025-06-22 19:27:17,558 - SUAS - DEBUG - [SUAS_main.turn_lap:632] - wp_num:6
2025-06-22 19:27:17,609 - SUAS - DEBUG - [SUAS_main.turn_lap:631] - next wp: 3
2025-06-22 19:27:17,610 - SUAS - DEBUG - [SUAS_main.turn_lap:632] - wp_num:6
2025-06-22 19:27:17,661 - SUAS - DEBUG - [SUAS_main.turn_lap:631] - next wp: 3
2025-06-22 19:27:17,662 - SUAS - DEBUG - [SUAS_main.turn_lap:632] - wp_num:6
2025-06-22 19:27:17,713 - SUAS - DEBUG - [SUAS_main.turn_lap:631] - next wp: 3
2025-06-22 19:27:17,714 - SUAS - DEBUG - [SUAS_main.turn_lap:632] - wp_num:6
2025-06-22 19:27:17,765 - SUAS - DEBUG - [SUAS_main.turn_lap:631] - next wp: 3
2025-06-22 19:27:17,766 - SUAS - DEBUG - [SUAS_main.turn_lap:632] - wp_num:6
2025-06-22 19:27:17,817 - SUAS - DEBUG - [SUAS_main.turn_lap:631] - next wp: 3
2025-06-22 19:27:17,817 - SUAS - DEBUG - [SUAS_main.turn_lap:632] - wp_num:6
2025-06-22 19:27:17,868 - SUAS - DEBUG - [SUAS_main.turn_lap:631] - next wp: 3
2025-06-22 19:27:17,869 - SUAS - DEBUG - [SUAS_main.turn_lap:632] - wp_num:6
2025-06-22 19:27:17,920 - SUAS - DEBUG - [SUAS_main.turn_lap:631] - next wp: 3
2025-06-22 19:27:17,921 - SUAS - DEBUG - [SUAS_main.turn_lap:632] - wp_num:6
2025-06-22 19:27:17,972 - SUAS - DEBUG - [SUAS_main.turn_lap:631] - next wp: 3
2025-06-22 19:27:17,973 - SUAS - DEBUG - [SUAS_main.turn_lap:632] - wp_num:6
2025-06-22 19:27:18,024 - SUAS - DEBUG - [SUAS_main.turn_lap:631] - next wp: 3
2025-06-22 19:27:18,025 - SUAS - DEBUG - [SUAS_main.turn_lap:632] - wp_num:6
2025-06-22 19:27:18,075 - SUAS - DEBUG - [SUAS_main.turn_lap:631] - next wp: 3
2025-06-22 19:27:18,076 - SUAS - DEBUG - [SUAS_main.turn_lap:632] - wp_num:6
2025-06-22 19:27:18,127 - SUAS - DEBUG - [SUAS_main.turn_lap:631] - next wp: 3
2025-06-22 19:27:18,138 - SUAS - DEBUG - [SUAS_main.turn_lap:632] - wp_num:6
2025-06-22 19:27:18,189 - SUAS - DEBUG - [SUAS_main.turn_lap:631] - next wp: 3
2025-06-22 19:27:18,190 - SUAS - DEBUG - [SUAS_main.turn_lap:632] - wp_num:6
2025-06-22 19:27:18,241 - SUAS - DEBUG - [SUAS_main.turn_lap:631] - next wp: 3
2025-06-22 19:27:18,242 - SUAS - DEBUG - [SUAS_main.turn_lap:632] - wp_num:6
2025-06-22 19:27:18,293 - SUAS - DEBUG - [SUAS_main.turn_lap:631] - next wp: 3
2025-06-22 19:27:18,294 - SUAS - DEBUG - [SUAS_main.turn_lap:632] - wp_num:6
2025-06-22 19:27:18,345 - SUAS - DEBUG - [SUAS_main.turn_lap:631] - next wp: 3
2025-06-22 19:27:18,346 - SUAS - DEBUG - [SUAS_main.turn_lap:632] - wp_num:6
2025-06-22 19:27:18,398 - SUAS - DEBUG - [SUAS_main.turn_lap:631] - next wp: 3
2025-06-22 19:27:18,399 - SUAS - DEBUG - [SUAS_main.turn_lap:632] - wp_num:6
2025-06-22 19:27:18,450 - SUAS - DEBUG - [SUAS_main.turn_lap:631] - next wp: 3
2025-06-22 19:27:18,451 - SUAS - DEBUG - [SUAS_main.turn_lap:632] - wp_num:6
2025-06-22 19:27:18,502 - SUAS - DEBUG - [SUAS_main.turn_lap:631] - next wp: 3
2025-06-22 19:27:18,503 - SUAS - DEBUG - [SUAS_main.turn_lap:632] - wp_num:6
2025-06-22 19:27:18,553 - SUAS - DEBUG - [SUAS_main.turn_lap:631] - next wp: 3
2025-06-22 19:27:18,555 - SUAS - DEBUG - [SUAS_main.turn_lap:632] - wp_num:6
2025-06-22 19:27:18,605 - SUAS - DEBUG - [SUAS_main.turn_lap:631] - next wp: 3
2025-06-22 19:27:18,606 - SUAS - DEBUG - [SUAS_main.turn_lap:632] - wp_num:6
2025-06-22 19:27:18,657 - SUAS - DEBUG - [SUAS_main.turn_lap:631] - next wp: 3
2025-06-22 19:27:18,658 - SUAS - DEBUG - [SUAS_main.turn_lap:632] - wp_num:6
2025-06-22 19:27:18,709 - SUAS - DEBUG - [SUAS_main.turn_lap:631] - next wp: 3
2025-06-22 19:27:18,710 - SUAS - DEBUG - [SUAS_main.turn_lap:632] - wp_num:6
2025-06-22 19:27:18,761 - SUAS - DEBUG - [SUAS_main.turn_lap:631] - next wp: 3
2025-06-22 19:27:18,762 - SUAS - DEBUG - [SUAS_main.turn_lap:632] - wp_num:6
2025-06-22 19:27:18,813 - SUAS - DEBUG - [SUAS_main.turn_lap:631] - next wp: 3
2025-06-22 19:27:18,814 - SUAS - DEBUG - [SUAS_main.turn_lap:632] - wp_num:6
2025-06-22 19:27:18,865 - SUAS - DEBUG - [SUAS_main.turn_lap:631] - next wp: 3
2025-06-22 19:27:18,866 - SUAS - DEBUG - [SUAS_main.turn_lap:632] - wp_num:6
2025-06-22 19:27:18,917 - SUAS - DEBUG - [SUAS_main.turn_lap:631] - next wp: 3
2025-06-22 19:27:18,918 - SUAS - DEBUG - [SUAS_main.turn_lap:632] - wp_num:6
2025-06-22 19:27:18,969 - SUAS - DEBUG - [SUAS_main.turn_lap:631] - next wp: 3
2025-06-22 19:27:18,970 - SUAS - DEBUG - [SUAS_main.turn_lap:632] - wp_num:6
2025-06-22 19:27:19,021 - SUAS - DEBUG - [SUAS_main.turn_lap:631] - next wp: 3
2025-06-22 19:27:19,022 - SUAS - DEBUG - [SUAS_main.turn_lap:632] - wp_num:6
2025-06-22 19:27:19,073 - SUAS - DEBUG - [SUAS_main.turn_lap:631] - next wp: 3
2025-06-22 19:27:19,073 - SUAS - DEBUG - [SUAS_main.turn_lap:632] - wp_num:6
2025-06-22 19:27:19,124 - SUAS - DEBUG - [SUAS_main.turn_lap:631] - next wp: 3
2025-06-22 19:27:19,125 - SUAS - DEBUG - [SUAS_main.turn_lap:632] - wp_num:6
2025-06-22 19:27:19,176 - SUAS - DEBUG - [SUAS_main.turn_lap:631] - next wp: 3
2025-06-22 19:27:19,177 - SUAS - DEBUG - [SUAS_main.turn_lap:632] - wp_num:6
2025-06-22 19:27:19,228 - SUAS - DEBUG - [SUAS_main.turn_lap:631] - next wp: 3
2025-06-22 19:27:19,229 - SUAS - DEBUG - [SUAS_main.turn_lap:632] - wp_num:6
2025-06-22 19:27:19,280 - SUAS - DEBUG - [SUAS_main.turn_lap:631] - next wp: 3
2025-06-22 19:27:19,281 - SUAS - DEBUG - [SUAS_main.turn_lap:632] - wp_num:6
2025-06-22 19:27:19,331 - SUAS - DEBUG - [SUAS_main.turn_lap:631] - next wp: 3
2025-06-22 19:27:19,332 - SUAS - DEBUG - [SUAS_main.turn_lap:632] - wp_num:6
2025-06-22 19:27:19,383 - SUAS - DEBUG - [SUAS_main.turn_lap:631] - next wp: 3
2025-06-22 19:27:19,385 - SUAS - DEBUG - [SUAS_main.turn_lap:632] - wp_num:6
2025-06-22 19:27:19,436 - SUAS - DEBUG - [SUAS_main.turn_lap:631] - next wp: 3
2025-06-22 19:27:19,437 - SUAS - DEBUG - [SUAS_main.turn_lap:632] - wp_num:6
2025-06-22 19:27:19,488 - SUAS - DEBUG - [SUAS_main.turn_lap:631] - next wp: 3
2025-06-22 19:27:19,489 - SUAS - DEBUG - [SUAS_main.turn_lap:632] - wp_num:6
2025-06-22 19:27:19,540 - SUAS - DEBUG - [SUAS_main.turn_lap:631] - next wp: 3
2025-06-22 19:27:19,541 - SUAS - DEBUG - [SUAS_main.turn_lap:632] - wp_num:6
2025-06-22 19:27:19,591 - SUAS - DEBUG - [SUAS_main.turn_lap:631] - next wp: 3
2025-06-22 19:27:19,592 - SUAS - DEBUG - [SUAS_main.turn_lap:632] - wp_num:6
2025-06-22 19:27:19,643 - SUAS - DEBUG - [SUAS_main.turn_lap:631] - next wp: 3
2025-06-22 19:27:19,644 - SUAS - DEBUG - [SUAS_main.turn_lap:632] - wp_num:6
2025-06-22 19:27:19,695 - SUAS - DEBUG - [SUAS_main.turn_lap:631] - next wp: 3
2025-06-22 19:27:19,696 - SUAS - DEBUG - [SUAS_main.turn_lap:632] - wp_num:6
2025-06-22 19:27:19,747 - SUAS - DEBUG - [SUAS_main.turn_lap:631] - next wp: 3
2025-06-22 19:27:19,748 - SUAS - DEBUG - [SUAS_main.turn_lap:632] - wp_num:6
2025-06-22 19:27:19,799 - SUAS - DEBUG - [SUAS_main.turn_lap:631] - next wp: 3
2025-06-22 19:27:19,800 - SUAS - DEBUG - [SUAS_main.turn_lap:632] - wp_num:6
2025-06-22 19:27:19,851 - SUAS - DEBUG - [SUAS_main.turn_lap:631] - next wp: 3
2025-06-22 19:27:19,852 - SUAS - DEBUG - [SUAS_main.turn_lap:632] - wp_num:6
2025-06-22 19:27:19,903 - SUAS - DEBUG - [SUAS_main.turn_lap:631] - next wp: 3
2025-06-22 19:27:19,904 - SUAS - DEBUG - [SUAS_main.turn_lap:632] - wp_num:6
2025-06-22 19:27:19,955 - SUAS - DEBUG - [SUAS_main.turn_lap:631] - next wp: 3
2025-06-22 19:27:19,955 - SUAS - DEBUG - [SUAS_main.turn_lap:632] - wp_num:6
2025-06-22 19:27:20,006 - SUAS - DEBUG - [SUAS_main.turn_lap:631] - next wp: 3
2025-06-22 19:27:20,007 - SUAS - DEBUG - [SUAS_main.turn_lap:632] - wp_num:6
2025-06-22 19:27:20,058 - SUAS - DEBUG - [SUAS_main.turn_lap:631] - next wp: 3
2025-06-22 19:27:20,059 - SUAS - DEBUG - [SUAS_main.turn_lap:632] - wp_num:6
2025-06-22 19:27:20,110 - SUAS - DEBUG - [SUAS_main.turn_lap:631] - next wp: 3
2025-06-22 19:27:20,111 - SUAS - DEBUG - [SUAS_main.turn_lap:632] - wp_num:6
2025-06-22 19:27:20,162 - SUAS - DEBUG - [SUAS_main.turn_lap:631] - next wp: 3
2025-06-22 19:27:20,162 - SUAS - DEBUG - [SUAS_main.turn_lap:632] - wp_num:6
2025-06-22 19:27:20,213 - SUAS - DEBUG - [SUAS_main.turn_lap:631] - next wp: 3
2025-06-22 19:27:20,214 - SUAS - DEBUG - [SUAS_main.turn_lap:632] - wp_num:6
2025-06-22 19:27:20,265 - SUAS - DEBUG - [SUAS_main.turn_lap:631] - next wp: 3
2025-06-22 19:27:20,266 - SUAS - DEBUG - [SUAS_main.turn_lap:632] - wp_num:6
2025-06-22 19:27:20,317 - SUAS - DEBUG - [SUAS_main.turn_lap:631] - next wp: 3
2025-06-22 19:27:20,318 - SUAS - DEBUG - [SUAS_main.turn_lap:632] - wp_num:6
2025-06-22 19:27:20,368 - SUAS - DEBUG - [SUAS_main.turn_lap:631] - next wp: 3
2025-06-22 19:27:20,369 - SUAS - DEBUG - [SUAS_main.turn_lap:632] - wp_num:6
2025-06-22 19:27:20,420 - SUAS - DEBUG - [SUAS_main.turn_lap:631] - next wp: 3
2025-06-22 19:27:20,421 - SUAS - DEBUG - [SUAS_main.turn_lap:632] - wp_num:6
2025-06-22 19:27:20,472 - SUAS - DEBUG - [SUAS_main.turn_lap:631] - next wp: 3
2025-06-22 19:27:20,473 - SUAS - DEBUG - [SUAS_main.turn_lap:632] - wp_num:6
2025-06-22 19:27:20,524 - SUAS - DEBUG - [SUAS_main.turn_lap:631] - next wp: 3
2025-06-22 19:27:20,525 - SUAS - DEBUG - [SUAS_main.turn_lap:632] - wp_num:6
2025-06-22 19:27:20,576 - SUAS - DEBUG - [SUAS_main.turn_lap:631] - next wp: 3
2025-06-22 19:27:20,577 - SUAS - DEBUG - [SUAS_main.turn_lap:632] - wp_num:6
2025-06-22 19:27:20,627 - SUAS - DEBUG - [SUAS_main.turn_lap:631] - next wp: 3
2025-06-22 19:27:20,628 - SUAS - DEBUG - [SUAS_main.turn_lap:632] - wp_num:6
2025-06-22 19:27:20,679 - SUAS - DEBUG - [SUAS_main.turn_lap:631] - next wp: 3
2025-06-22 19:27:20,680 - SUAS - DEBUG - [SUAS_main.turn_lap:632] - wp_num:6
2025-06-22 19:27:20,731 - SUAS - DEBUG - [SUAS_main.turn_lap:631] - next wp: 3
2025-06-22 19:27:20,732 - SUAS - DEBUG - [SUAS_main.turn_lap:632] - wp_num:6
2025-06-22 19:27:20,783 - SUAS - DEBUG - [SUAS_main.turn_lap:631] - next wp: 3
2025-06-22 19:27:20,784 - SUAS - DEBUG - [SUAS_main.turn_lap:632] - wp_num:6
2025-06-22 19:27:20,836 - SUAS - DEBUG - [SUAS_main.turn_lap:631] - next wp: 3
2025-06-22 19:27:20,837 - SUAS - DEBUG - [SUAS_main.turn_lap:632] - wp_num:6
2025-06-22 19:27:20,887 - SUAS - DEBUG - [SUAS_main.turn_lap:631] - next wp: 3
2025-06-22 19:27:20,888 - SUAS - DEBUG - [SUAS_main.turn_lap:632] - wp_num:6
2025-06-22 19:27:20,940 - SUAS - DEBUG - [SUAS_main.turn_lap:631] - next wp: 3
2025-06-22 19:27:20,940 - SUAS - DEBUG - [SUAS_main.turn_lap:632] - wp_num:6
2025-06-22 19:27:20,991 - SUAS - DEBUG - [SUAS_main.turn_lap:631] - next wp: 3
2025-06-22 19:27:20,992 - SUAS - DEBUG - [SUAS_main.turn_lap:632] - wp_num:6
2025-06-22 19:27:21,043 - SUAS - DEBUG - [SUAS_main.turn_lap:631] - next wp: 3
2025-06-22 19:27:21,044 - SUAS - DEBUG - [SUAS_main.turn_lap:632] - wp_num:6
2025-06-22 19:27:21,095 - SUAS - DEBUG - [SUAS_main.turn_lap:631] - next wp: 3
2025-06-22 19:27:21,096 - SUAS - DEBUG - [SUAS_main.turn_lap:632] - wp_num:6
2025-06-22 19:27:21,147 - SUAS - DEBUG - [SUAS_main.turn_lap:631] - next wp: 3
2025-06-22 19:27:21,148 - SUAS - DEBUG - [SUAS_main.turn_lap:632] - wp_num:6
2025-06-22 19:27:21,199 - SUAS - DEBUG - [SUAS_main.turn_lap:631] - next wp: 4
2025-06-22 19:27:21,200 - SUAS - DEBUG - [SUAS_main.turn_lap:632] - wp_num:6
2025-06-22 19:27:21,251 - SUAS - DEBUG - [SUAS_main.turn_lap:631] - next wp: 4
2025-06-22 19:27:21,252 - SUAS - DEBUG - [SUAS_main.turn_lap:632] - wp_num:6
2025-06-22 19:27:21,302 - SUAS - DEBUG - [SUAS_main.turn_lap:631] - next wp: 4
2025-06-22 19:27:21,303 - SUAS - DEBUG - [SUAS_main.turn_lap:632] - wp_num:6
2025-06-22 19:27:21,354 - SUAS - DEBUG - [SUAS_main.turn_lap:631] - next wp: 4
2025-06-22 19:27:21,355 - SUAS - DEBUG - [SUAS_main.turn_lap:632] - wp_num:6
2025-06-22 19:27:21,406 - SUAS - DEBUG - [SUAS_main.turn_lap:631] - next wp: 4
2025-06-22 19:27:21,407 - SUAS - DEBUG - [SUAS_main.turn_lap:632] - wp_num:6
2025-06-22 19:27:21,458 - SUAS - DEBUG - [SUAS_main.turn_lap:631] - next wp: 4
2025-06-22 19:27:21,459 - SUAS - DEBUG - [SUAS_main.turn_lap:632] - wp_num:6
2025-06-22 19:27:21,509 - SUAS - DEBUG - [SUAS_main.turn_lap:631] - next wp: 4
2025-06-22 19:27:21,510 - SUAS - DEBUG - [SUAS_main.turn_lap:632] - wp_num:6
2025-06-22 19:27:21,561 - SUAS - DEBUG - [SUAS_main.turn_lap:631] - next wp: 4
2025-06-22 19:27:21,562 - SUAS - DEBUG - [SUAS_main.turn_lap:632] - wp_num:6
2025-06-22 19:27:21,613 - SUAS - DEBUG - [SUAS_main.turn_lap:631] - next wp: 4
2025-06-22 19:27:21,614 - SUAS - DEBUG - [SUAS_main.turn_lap:632] - wp_num:6
2025-06-22 19:27:21,665 - SUAS - DEBUG - [SUAS_main.turn_lap:631] - next wp: 4
2025-06-22 19:27:21,665 - SUAS - DEBUG - [SUAS_main.turn_lap:632] - wp_num:6
2025-06-22 19:27:21,716 - SUAS - DEBUG - [SUAS_main.turn_lap:631] - next wp: 4
2025-06-22 19:27:21,717 - SUAS - DEBUG - [SUAS_main.turn_lap:632] - wp_num:6
2025-06-22 19:27:21,768 - SUAS - DEBUG - [SUAS_main.turn_lap:631] - next wp: 4
2025-06-22 19:27:21,770 - SUAS - DEBUG - [SUAS_main.turn_lap:632] - wp_num:6
2025-06-22 19:27:21,821 - SUAS - DEBUG - [SUAS_main.turn_lap:631] - next wp: 4
2025-06-22 19:27:21,821 - SUAS - DEBUG - [SUAS_main.turn_lap:632] - wp_num:6
2025-06-22 19:27:21,872 - SUAS - DEBUG - [SUAS_main.turn_lap:631] - next wp: 4
2025-06-22 19:27:21,873 - SUAS - DEBUG - [SUAS_main.turn_lap:632] - wp_num:6
2025-06-22 19:27:21,924 - SUAS - DEBUG - [SUAS_main.turn_lap:631] - next wp: 4
2025-06-22 19:27:21,925 - SUAS - DEBUG - [SUAS_main.turn_lap:632] - wp_num:6
2025-06-22 19:27:21,976 - SUAS - DEBUG - [SUAS_main.turn_lap:631] - next wp: 4
2025-06-22 19:27:21,977 - SUAS - DEBUG - [SUAS_main.turn_lap:632] - wp_num:6
2025-06-22 19:27:22,028 - SUAS - DEBUG - [SUAS_main.turn_lap:631] - next wp: 4
2025-06-22 19:27:22,029 - SUAS - DEBUG - [SUAS_main.turn_lap:632] - wp_num:6
2025-06-22 19:27:22,080 - SUAS - DEBUG - [SUAS_main.turn_lap:631] - next wp: 4
2025-06-22 19:27:22,081 - SUAS - DEBUG - [SUAS_main.turn_lap:632] - wp_num:6
2025-06-22 19:27:22,132 - SUAS - DEBUG - [SUAS_main.turn_lap:631] - next wp: 4
2025-06-22 19:27:22,133 - SUAS - DEBUG - [SUAS_main.turn_lap:632] - wp_num:6
2025-06-22 19:27:22,183 - SUAS - DEBUG - [SUAS_main.turn_lap:631] - next wp: 4
2025-06-22 19:27:22,184 - SUAS - DEBUG - [SUAS_main.turn_lap:632] - wp_num:6
2025-06-22 19:27:22,236 - SUAS - DEBUG - [SUAS_main.turn_lap:631] - next wp: 4
2025-06-22 19:27:22,236 - SUAS - DEBUG - [SUAS_main.turn_lap:632] - wp_num:6
2025-06-22 19:27:22,290 - SUAS - DEBUG - [SUAS_main.turn_lap:631] - next wp: 4
2025-06-22 19:27:22,291 - SUAS - DEBUG - [SUAS_main.turn_lap:632] - wp_num:6
2025-06-22 19:27:22,347 - SUAS - DEBUG - [SUAS_main.turn_lap:631] - next wp: 4
2025-06-22 19:27:22,348 - SUAS - DEBUG - [SUAS_main.turn_lap:632] - wp_num:6
2025-06-22 19:27:22,399 - SUAS - DEBUG - [SUAS_main.turn_lap:631] - next wp: 4
2025-06-22 19:27:22,400 - SUAS - DEBUG - [SUAS_main.turn_lap:632] - wp_num:6
2025-06-22 19:27:22,451 - SUAS - DEBUG - [SUAS_main.turn_lap:631] - next wp: 4
2025-06-22 19:27:22,452 - SUAS - DEBUG - [SUAS_main.turn_lap:632] - wp_num:6
2025-06-22 19:27:22,505 - SUAS - DEBUG - [SUAS_main.turn_lap:631] - next wp: 4
2025-06-22 19:27:22,506 - SUAS - DEBUG - [SUAS_main.turn_lap:632] - wp_num:6
2025-06-22 19:27:22,557 - SUAS - DEBUG - [SUAS_main.turn_lap:631] - next wp: 4
2025-06-22 19:27:22,558 - SUAS - DEBUG - [SUAS_main.turn_lap:632] - wp_num:6
2025-06-22 19:27:22,608 - SUAS - DEBUG - [SUAS_main.turn_lap:631] - next wp: 4
2025-06-22 19:27:22,609 - SUAS - DEBUG - [SUAS_main.turn_lap:632] - wp_num:6
2025-06-22 19:27:22,660 - SUAS - DEBUG - [SUAS_main.turn_lap:631] - next wp: 4
2025-06-22 19:27:22,661 - SUAS - DEBUG - [SUAS_main.turn_lap:632] - wp_num:6
2025-06-22 19:27:22,712 - SUAS - DEBUG - [SUAS_main.turn_lap:631] - next wp: 4
2025-06-22 19:27:22,713 - SUAS - DEBUG - [SUAS_main.turn_lap:632] - wp_num:6
2025-06-22 19:27:22,764 - SUAS - DEBUG - [SUAS_main.turn_lap:631] - next wp: 4
2025-06-22 19:27:22,765 - SUAS - DEBUG - [SUAS_main.turn_lap:632] - wp_num:6
2025-06-22 19:27:22,816 - SUAS - DEBUG - [SUAS_main.turn_lap:631] - next wp: 4
2025-06-22 19:27:22,817 - SUAS - DEBUG - [SUAS_main.turn_lap:632] - wp_num:6
2025-06-22 19:27:22,867 - SUAS - DEBUG - [SUAS_main.turn_lap:631] - next wp: 4
2025-06-22 19:27:22,868 - SUAS - DEBUG - [SUAS_main.turn_lap:632] - wp_num:6
2025-06-22 19:27:22,919 - SUAS - DEBUG - [SUAS_main.turn_lap:631] - next wp: 4
2025-06-22 19:27:22,920 - SUAS - DEBUG - [SUAS_main.turn_lap:632] - wp_num:6
2025-06-22 19:27:22,971 - SUAS - DEBUG - [SUAS_main.turn_lap:631] - next wp: 4
2025-06-22 19:27:22,972 - SUAS - DEBUG - [SUAS_main.turn_lap:632] - wp_num:6
2025-06-22 19:27:23,023 - SUAS - DEBUG - [SUAS_main.turn_lap:631] - next wp: 4
2025-06-22 19:27:23,025 - SUAS - DEBUG - [SUAS_main.turn_lap:632] - wp_num:6
2025-06-22 19:27:23,076 - SUAS - DEBUG - [SUAS_main.turn_lap:631] - next wp: 4
2025-06-22 19:27:23,077 - SUAS - DEBUG - [SUAS_main.turn_lap:632] - wp_num:6
2025-06-22 19:27:23,128 - SUAS - DEBUG - [SUAS_main.turn_lap:631] - next wp: 4
2025-06-22 19:27:23,129 - SUAS - DEBUG - [SUAS_main.turn_lap:632] - wp_num:6
2025-06-22 19:27:23,180 - SUAS - DEBUG - [SUAS_main.turn_lap:631] - next wp: 4
2025-06-22 19:27:23,181 - SUAS - DEBUG - [SUAS_main.turn_lap:632] - wp_num:6
2025-06-22 19:27:23,232 - SUAS - DEBUG - [SUAS_main.turn_lap:631] - next wp: 4
2025-06-22 19:27:23,232 - SUAS - DEBUG - [SUAS_main.turn_lap:632] - wp_num:6
2025-06-22 19:27:23,283 - SUAS - DEBUG - [SUAS_main.turn_lap:631] - next wp: 4
2025-06-22 19:27:23,284 - SUAS - DEBUG - [SUAS_main.turn_lap:632] - wp_num:6
2025-06-22 19:27:23,335 - SUAS - DEBUG - [SUAS_main.turn_lap:631] - next wp: 4
2025-06-22 19:27:23,336 - SUAS - DEBUG - [SUAS_main.turn_lap:632] - wp_num:6
2025-06-22 19:27:23,387 - SUAS - DEBUG - [SUAS_main.turn_lap:631] - next wp: 4
2025-06-22 19:27:23,388 - SUAS - DEBUG - [SUAS_main.turn_lap:632] - wp_num:6
2025-06-22 19:27:23,439 - SUAS - DEBUG - [SUAS_main.turn_lap:631] - next wp: 4
2025-06-22 19:27:23,440 - SUAS - DEBUG - [SUAS_main.turn_lap:632] - wp_num:6
2025-06-22 19:27:23,491 - SUAS - DEBUG - [SUAS_main.turn_lap:631] - next wp: 4
2025-06-22 19:27:23,492 - SUAS - DEBUG - [SUAS_main.turn_lap:632] - wp_num:6
2025-06-22 19:27:23,543 - SUAS - DEBUG - [SUAS_main.turn_lap:631] - next wp: 4
2025-06-22 19:27:23,544 - SUAS - DEBUG - [SUAS_main.turn_lap:632] - wp_num:6
2025-06-22 19:27:23,595 - SUAS - DEBUG - [SUAS_main.turn_lap:631] - next wp: 4
2025-06-22 19:27:23,596 - SUAS - DEBUG - [SUAS_main.turn_lap:632] - wp_num:6
2025-06-22 19:27:23,646 - SUAS - DEBUG - [SUAS_main.turn_lap:631] - next wp: 4
2025-06-22 19:27:23,648 - SUAS - DEBUG - [SUAS_main.turn_lap:632] - wp_num:6
2025-06-22 19:27:23,699 - SUAS - DEBUG - [SUAS_main.turn_lap:631] - next wp: 4
2025-06-22 19:27:23,700 - SUAS - DEBUG - [SUAS_main.turn_lap:632] - wp_num:6
2025-06-22 19:27:23,751 - SUAS - DEBUG - [SUAS_main.turn_lap:631] - next wp: 4
2025-06-22 19:27:23,752 - SUAS - DEBUG - [SUAS_main.turn_lap:632] - wp_num:6
2025-06-22 19:27:23,803 - SUAS - DEBUG - [SUAS_main.turn_lap:631] - next wp: 4
2025-06-22 19:27:23,804 - SUAS - DEBUG - [SUAS_main.turn_lap:632] - wp_num:6
2025-06-22 19:27:23,855 - SUAS - DEBUG - [SUAS_main.turn_lap:631] - next wp: 4
2025-06-22 19:27:23,856 - SUAS - DEBUG - [SUAS_main.turn_lap:632] - wp_num:6
2025-06-22 19:27:23,906 - SUAS - DEBUG - [SUAS_main.turn_lap:631] - next wp: 4
2025-06-22 19:27:23,907 - SUAS - DEBUG - [SUAS_main.turn_lap:632] - wp_num:6
2025-06-22 19:27:23,958 - SUAS - DEBUG - [SUAS_main.turn_lap:631] - next wp: 4
2025-06-22 19:27:23,959 - SUAS - DEBUG - [SUAS_main.turn_lap:632] - wp_num:6
2025-06-22 19:27:24,010 - SUAS - DEBUG - [SUAS_main.turn_lap:631] - next wp: 4
2025-06-22 19:27:24,011 - SUAS - DEBUG - [SUAS_main.turn_lap:632] - wp_num:6
2025-06-22 19:27:24,062 - SUAS - DEBUG - [SUAS_main.turn_lap:631] - next wp: 4
2025-06-22 19:27:24,063 - SUAS - DEBUG - [SUAS_main.turn_lap:632] - wp_num:6
2025-06-22 19:27:24,114 - SUAS - DEBUG - [SUAS_main.turn_lap:631] - next wp: 4
2025-06-22 19:27:24,115 - SUAS - DEBUG - [SUAS_main.turn_lap:632] - wp_num:6
2025-06-22 19:27:24,166 - SUAS - DEBUG - [SUAS_main.turn_lap:631] - next wp: 4
2025-06-22 19:27:24,167 - SUAS - DEBUG - [SUAS_main.turn_lap:632] - wp_num:6
2025-06-22 19:27:24,218 - SUAS - DEBUG - [SUAS_main.turn_lap:631] - next wp: 4
2025-06-22 19:27:24,219 - SUAS - DEBUG - [SUAS_main.turn_lap:632] - wp_num:6
2025-06-22 19:27:24,269 - SUAS - DEBUG - [SUAS_main.turn_lap:631] - next wp: 4
2025-06-22 19:27:24,270 - SUAS - DEBUG - [SUAS_main.turn_lap:632] - wp_num:6
2025-06-22 19:27:24,321 - SUAS - DEBUG - [SUAS_main.turn_lap:631] - next wp: 4
2025-06-22 19:27:24,322 - SUAS - DEBUG - [SUAS_main.turn_lap:632] - wp_num:6
2025-06-22 19:27:24,373 - SUAS - DEBUG - [SUAS_main.turn_lap:631] - next wp: 4
2025-06-22 19:27:24,374 - SUAS - DEBUG - [SUAS_main.turn_lap:632] - wp_num:6
2025-06-22 19:27:24,425 - SUAS - DEBUG - [SUAS_main.turn_lap:631] - next wp: 4
2025-06-22 19:27:24,426 - SUAS - DEBUG - [SUAS_main.turn_lap:632] - wp_num:6
2025-06-22 19:27:24,477 - SUAS - DEBUG - [SUAS_main.turn_lap:631] - next wp: 4
2025-06-22 19:27:24,477 - SUAS - DEBUG - [SUAS_main.turn_lap:632] - wp_num:6
2025-06-22 19:27:24,528 - SUAS - DEBUG - [SUAS_main.turn_lap:631] - next wp: 4
2025-06-22 19:27:24,529 - SUAS - DEBUG - [SUAS_main.turn_lap:632] - wp_num:6
2025-06-22 19:27:24,580 - SUAS - DEBUG - [SUAS_main.turn_lap:631] - next wp: 4
2025-06-22 19:27:24,581 - SUAS - DEBUG - [SUAS_main.turn_lap:632] - wp_num:6
2025-06-22 19:27:24,632 - SUAS - DEBUG - [SUAS_main.turn_lap:631] - next wp: 4
2025-06-22 19:27:24,632 - SUAS - DEBUG - [SUAS_main.turn_lap:632] - wp_num:6
2025-06-22 19:27:24,683 - SUAS - DEBUG - [SUAS_main.turn_lap:631] - next wp: 4
2025-06-22 19:27:24,685 - SUAS - DEBUG - [SUAS_main.turn_lap:632] - wp_num:6
2025-06-22 19:27:24,736 - SUAS - DEBUG - [SUAS_main.turn_lap:631] - next wp: 4
2025-06-22 19:27:24,737 - SUAS - DEBUG - [SUAS_main.turn_lap:632] - wp_num:6
2025-06-22 19:27:24,788 - SUAS - DEBUG - [SUAS_main.turn_lap:631] - next wp: 4
2025-06-22 19:27:24,788 - SUAS - DEBUG - [SUAS_main.turn_lap:632] - wp_num:6
2025-06-22 19:27:24,839 - SUAS - DEBUG - [SUAS_main.turn_lap:631] - next wp: 4
2025-06-22 19:27:24,840 - SUAS - DEBUG - [SUAS_main.turn_lap:632] - wp_num:6
2025-06-22 19:27:24,891 - SUAS - DEBUG - [SUAS_main.turn_lap:631] - next wp: 4
2025-06-22 19:27:24,892 - SUAS - DEBUG - [SUAS_main.turn_lap:632] - wp_num:6
2025-06-22 19:27:24,943 - SUAS - DEBUG - [SUAS_main.turn_lap:631] - next wp: 4
2025-06-22 19:27:24,944 - SUAS - DEBUG - [SUAS_main.turn_lap:632] - wp_num:6
2025-06-22 19:27:24,995 - SUAS - DEBUG - [SUAS_main.turn_lap:631] - next wp: 4
2025-06-22 19:27:24,996 - SUAS - DEBUG - [SUAS_main.turn_lap:632] - wp_num:6
2025-06-22 19:27:25,046 - SUAS - DEBUG - [SUAS_main.turn_lap:631] - next wp: 4
2025-06-22 19:27:25,048 - SUAS - DEBUG - [SUAS_main.turn_lap:632] - wp_num:6
2025-06-22 19:27:25,099 - SUAS - DEBUG - [SUAS_main.turn_lap:631] - next wp: 4
2025-06-22 19:27:25,100 - SUAS - DEBUG - [SUAS_main.turn_lap:632] - wp_num:6
2025-06-22 19:27:25,150 - SUAS - DEBUG - [SUAS_main.turn_lap:631] - next wp: 4
2025-06-22 19:27:25,151 - SUAS - DEBUG - [SUAS_main.turn_lap:632] - wp_num:6
2025-06-22 19:27:25,202 - SUAS - DEBUG - [SUAS_main.turn_lap:631] - next wp: 4
2025-06-22 19:27:25,203 - SUAS - DEBUG - [SUAS_main.turn_lap:632] - wp_num:6
2025-06-22 19:27:25,255 - SUAS - DEBUG - [SUAS_main.turn_lap:631] - next wp: 4
2025-06-22 19:27:25,256 - SUAS - DEBUG - [SUAS_main.turn_lap:632] - wp_num:6
2025-06-22 19:27:25,306 - SUAS - DEBUG - [SUAS_main.turn_lap:631] - next wp: 4
2025-06-22 19:27:25,308 - SUAS - DEBUG - [SUAS_main.turn_lap:632] - wp_num:6
2025-06-22 19:27:25,359 - SUAS - DEBUG - [SUAS_main.turn_lap:631] - next wp: 4
2025-06-22 19:27:25,359 - SUAS - DEBUG - [SUAS_main.turn_lap:632] - wp_num:6
2025-06-22 19:27:25,410 - SUAS - DEBUG - [SUAS_main.turn_lap:631] - next wp: 4
2025-06-22 19:27:25,411 - SUAS - DEBUG - [SUAS_main.turn_lap:632] - wp_num:6
2025-06-22 19:27:25,462 - SUAS - DEBUG - [SUAS_main.turn_lap:631] - next wp: 4
2025-06-22 19:27:25,463 - SUAS - DEBUG - [SUAS_main.turn_lap:632] - wp_num:6
2025-06-22 19:27:25,514 - SUAS - DEBUG - [SUAS_main.turn_lap:631] - next wp: 4
2025-06-22 19:27:25,515 - SUAS - DEBUG - [SUAS_main.turn_lap:632] - wp_num:6
2025-06-22 19:27:25,566 - SUAS - DEBUG - [SUAS_main.turn_lap:631] - next wp: 4
2025-06-22 19:27:25,567 - SUAS - DEBUG - [SUAS_main.turn_lap:632] - wp_num:6
2025-06-22 19:27:25,618 - SUAS - DEBUG - [SUAS_main.turn_lap:631] - next wp: 4
2025-06-22 19:27:25,619 - SUAS - DEBUG - [SUAS_main.turn_lap:632] - wp_num:6
2025-06-22 19:27:25,670 - SUAS - DEBUG - [SUAS_main.turn_lap:631] - next wp: 4
2025-06-22 19:27:25,671 - SUAS - DEBUG - [SUAS_main.turn_lap:632] - wp_num:6
2025-06-22 19:27:25,722 - SUAS - DEBUG - [SUAS_main.turn_lap:631] - next wp: 4
2025-06-22 19:27:25,723 - SUAS - DEBUG - [SUAS_main.turn_lap:632] - wp_num:6
2025-06-22 19:27:25,774 - SUAS - DEBUG - [SUAS_main.turn_lap:631] - next wp: 4
2025-06-22 19:27:25,775 - SUAS - DEBUG - [SUAS_main.turn_lap:632] - wp_num:6
2025-06-22 19:27:25,826 - SUAS - DEBUG - [SUAS_main.turn_lap:631] - next wp: 4
2025-06-22 19:27:25,827 - SUAS - DEBUG - [SUAS_main.turn_lap:632] - wp_num:6
2025-06-22 19:27:25,878 - SUAS - DEBUG - [SUAS_main.turn_lap:631] - next wp: 4
2025-06-22 19:27:25,879 - SUAS - DEBUG - [SUAS_main.turn_lap:632] - wp_num:6
2025-06-22 19:27:25,930 - SUAS - DEBUG - [SUAS_main.turn_lap:631] - next wp: 4
2025-06-22 19:27:25,931 - SUAS - DEBUG - [SUAS_main.turn_lap:632] - wp_num:6
2025-06-22 19:27:25,981 - SUAS - DEBUG - [SUAS_main.turn_lap:631] - next wp: 4
2025-06-22 19:27:25,983 - SUAS - DEBUG - [SUAS_main.turn_lap:632] - wp_num:6
2025-06-22 19:27:26,034 - SUAS - DEBUG - [SUAS_main.turn_lap:631] - next wp: 4
2025-06-22 19:27:26,035 - SUAS - DEBUG - [SUAS_main.turn_lap:632] - wp_num:6
2025-06-22 19:27:26,086 - SUAS - DEBUG - [SUAS_main.turn_lap:631] - next wp: 4
2025-06-22 19:27:26,086 - SUAS - DEBUG - [SUAS_main.turn_lap:632] - wp_num:6
2025-06-22 19:27:26,137 - SUAS - DEBUG - [SUAS_main.turn_lap:631] - next wp: 4
2025-06-22 19:27:26,138 - SUAS - DEBUG - [SUAS_main.turn_lap:632] - wp_num:6
2025-06-22 19:27:26,189 - SUAS - DEBUG - [SUAS_main.turn_lap:631] - next wp: 4
2025-06-22 19:27:26,190 - SUAS - DEBUG - [SUAS_main.turn_lap:632] - wp_num:6
2025-06-22 19:27:26,241 - SUAS - DEBUG - [SUAS_main.turn_lap:631] - next wp: 4
2025-06-22 19:27:26,242 - SUAS - DEBUG - [SUAS_main.turn_lap:632] - wp_num:6
2025-06-22 19:27:26,293 - SUAS - DEBUG - [SUAS_main.turn_lap:631] - next wp: 4
2025-06-22 19:27:26,294 - SUAS - DEBUG - [SUAS_main.turn_lap:632] - wp_num:6
2025-06-22 19:27:26,345 - SUAS - DEBUG - [SUAS_main.turn_lap:631] - next wp: 4
2025-06-22 19:27:26,346 - SUAS - DEBUG - [SUAS_main.turn_lap:632] - wp_num:6
2025-06-22 19:27:26,396 - SUAS - DEBUG - [SUAS_main.turn_lap:631] - next wp: 4
2025-06-22 19:27:26,397 - SUAS - DEBUG - [SUAS_main.turn_lap:632] - wp_num:6
2025-06-22 19:27:26,448 - SUAS - DEBUG - [SUAS_main.turn_lap:631] - next wp: 4
2025-06-22 19:27:26,449 - SUAS - DEBUG - [SUAS_main.turn_lap:632] - wp_num:6
2025-06-22 19:27:26,500 - SUAS - DEBUG - [SUAS_main.turn_lap:631] - next wp: 4
2025-06-22 19:27:26,501 - SUAS - DEBUG - [SUAS_main.turn_lap:632] - wp_num:6
2025-06-22 19:27:26,552 - SUAS - DEBUG - [SUAS_main.turn_lap:631] - next wp: 4
2025-06-22 19:27:26,552 - SUAS - DEBUG - [SUAS_main.turn_lap:632] - wp_num:6
2025-06-22 19:27:26,604 - SUAS - DEBUG - [SUAS_main.turn_lap:631] - next wp: 4
2025-06-22 19:27:26,606 - SUAS - DEBUG - [SUAS_main.turn_lap:632] - wp_num:6
2025-06-22 19:27:26,657 - SUAS - DEBUG - [SUAS_main.turn_lap:631] - next wp: 4
2025-06-22 19:27:26,658 - SUAS - DEBUG - [SUAS_main.turn_lap:632] - wp_num:6
2025-06-22 19:27:26,709 - SUAS - DEBUG - [SUAS_main.turn_lap:631] - next wp: 4
2025-06-22 19:27:26,710 - SUAS - DEBUG - [SUAS_main.turn_lap:632] - wp_num:6
2025-06-22 19:27:26,761 - SUAS - DEBUG - [SUAS_main.turn_lap:631] - next wp: 4
2025-06-22 19:27:26,762 - SUAS - DEBUG - [SUAS_main.turn_lap:632] - wp_num:6
2025-06-22 19:27:26,814 - SUAS - DEBUG - [SUAS_main.turn_lap:631] - next wp: 4
2025-06-22 19:27:26,814 - SUAS - DEBUG - [SUAS_main.turn_lap:632] - wp_num:6
2025-06-22 19:27:26,865 - SUAS - DEBUG - [SUAS_main.turn_lap:631] - next wp: 4
2025-06-22 19:27:26,866 - SUAS - DEBUG - [SUAS_main.turn_lap:632] - wp_num:6
2025-06-22 19:27:26,917 - SUAS - DEBUG - [SUAS_main.turn_lap:631] - next wp: 4
2025-06-22 19:27:26,918 - SUAS - DEBUG - [SUAS_main.turn_lap:632] - wp_num:6
2025-06-22 19:27:26,969 - SUAS - DEBUG - [SUAS_main.turn_lap:631] - next wp: 4
2025-06-22 19:27:26,970 - SUAS - DEBUG - [SUAS_main.turn_lap:632] - wp_num:6
2025-06-22 19:27:27,021 - SUAS - DEBUG - [SUAS_main.turn_lap:631] - next wp: 4
2025-06-22 19:27:27,022 - SUAS - DEBUG - [SUAS_main.turn_lap:632] - wp_num:6
2025-06-22 19:27:27,073 - SUAS - DEBUG - [SUAS_main.turn_lap:631] - next wp: 4
2025-06-22 19:27:27,074 - SUAS - DEBUG - [SUAS_main.turn_lap:632] - wp_num:6
2025-06-22 19:27:27,125 - SUAS - DEBUG - [SUAS_main.turn_lap:631] - next wp: 4
2025-06-22 19:27:27,126 - SUAS - DEBUG - [SUAS_main.turn_lap:632] - wp_num:6
2025-06-22 19:27:27,177 - SUAS - DEBUG - [SUAS_main.turn_lap:631] - next wp: 4
2025-06-22 19:27:27,178 - SUAS - DEBUG - [SUAS_main.turn_lap:632] - wp_num:6
2025-06-22 19:27:27,229 - SUAS - DEBUG - [SUAS_main.turn_lap:631] - next wp: 4
2025-06-22 19:27:27,229 - SUAS - DEBUG - [SUAS_main.turn_lap:632] - wp_num:6
2025-06-22 19:27:27,280 - SUAS - DEBUG - [SUAS_main.turn_lap:631] - next wp: 4
2025-06-22 19:27:27,281 - SUAS - DEBUG - [SUAS_main.turn_lap:632] - wp_num:6
2025-06-22 19:27:27,332 - SUAS - DEBUG - [SUAS_main.turn_lap:631] - next wp: 4
2025-06-22 19:27:27,333 - SUAS - DEBUG - [SUAS_main.turn_lap:632] - wp_num:6
2025-06-22 19:27:27,384 - SUAS - DEBUG - [SUAS_main.turn_lap:631] - next wp: 4
2025-06-22 19:27:27,385 - SUAS - DEBUG - [SUAS_main.turn_lap:632] - wp_num:6
2025-06-22 19:27:27,436 - SUAS - DEBUG - [SUAS_main.turn_lap:631] - next wp: 4
2025-06-22 19:27:27,437 - SUAS - DEBUG - [SUAS_main.turn_lap:632] - wp_num:6
2025-06-22 19:27:27,488 - SUAS - DEBUG - [SUAS_main.turn_lap:631] - next wp: 4
2025-06-22 19:27:27,489 - SUAS - DEBUG - [SUAS_main.turn_lap:632] - wp_num:6
2025-06-22 19:27:27,539 - SUAS - DEBUG - [SUAS_main.turn_lap:631] - next wp: 4
2025-06-22 19:27:27,540 - SUAS - DEBUG - [SUAS_main.turn_lap:632] - wp_num:6
2025-06-22 19:27:27,591 - SUAS - DEBUG - [SUAS_main.turn_lap:631] - next wp: 4
2025-06-22 19:27:27,592 - SUAS - DEBUG - [SUAS_main.turn_lap:632] - wp_num:6
2025-06-22 19:27:27,643 - SUAS - DEBUG - [SUAS_main.turn_lap:631] - next wp: 4
2025-06-22 19:27:27,644 - SUAS - DEBUG - [SUAS_main.turn_lap:632] - wp_num:6
2025-06-22 19:27:27,695 - SUAS - DEBUG - [SUAS_main.turn_lap:631] - next wp: 4
2025-06-22 19:27:27,696 - SUAS - DEBUG - [SUAS_main.turn_lap:632] - wp_num:6
2025-06-22 19:27:27,747 - SUAS - DEBUG - [SUAS_main.turn_lap:631] - next wp: 4
2025-06-22 19:27:27,747 - SUAS - DEBUG - [SUAS_main.turn_lap:632] - wp_num:6
2025-06-22 19:27:27,798 - SUAS - DEBUG - [SUAS_main.turn_lap:631] - next wp: 4
2025-06-22 19:27:27,799 - SUAS - DEBUG - [SUAS_main.turn_lap:632] - wp_num:6
2025-06-22 19:27:27,850 - SUAS - DEBUG - [SUAS_main.turn_lap:631] - next wp: 4
2025-06-22 19:27:27,851 - SUAS - DEBUG - [SUAS_main.turn_lap:632] - wp_num:6
2025-06-22 19:27:27,902 - SUAS - DEBUG - [SUAS_main.turn_lap:631] - next wp: 4
2025-06-22 19:27:27,903 - SUAS - DEBUG - [SUAS_main.turn_lap:632] - wp_num:6
2025-06-22 19:27:27,955 - SUAS - DEBUG - [SUAS_main.turn_lap:631] - next wp: 4
2025-06-22 19:27:27,956 - SUAS - DEBUG - [SUAS_main.turn_lap:632] - wp_num:6
2025-06-22 19:27:28,007 - SUAS - DEBUG - [SUAS_main.turn_lap:631] - next wp: 4
2025-06-22 19:27:28,008 - SUAS - DEBUG - [SUAS_main.turn_lap:632] - wp_num:6
2025-06-22 19:27:28,059 - SUAS - DEBUG - [SUAS_main.turn_lap:631] - next wp: 4
2025-06-22 19:27:28,059 - SUAS - DEBUG - [SUAS_main.turn_lap:632] - wp_num:6
2025-06-22 19:27:28,110 - SUAS - DEBUG - [SUAS_main.turn_lap:631] - next wp: 4
2025-06-22 19:27:28,111 - SUAS - DEBUG - [SUAS_main.turn_lap:632] - wp_num:6
2025-06-22 19:27:28,162 - SUAS - DEBUG - [SUAS_main.turn_lap:631] - next wp: 4
2025-06-22 19:27:28,163 - SUAS - DEBUG - [SUAS_main.turn_lap:632] - wp_num:6
2025-06-22 19:27:28,214 - SUAS - DEBUG - [SUAS_main.turn_lap:631] - next wp: 5
2025-06-22 19:27:28,215 - SUAS - DEBUG - [SUAS_main.turn_lap:632] - wp_num:6
2025-06-22 19:27:28,266 - SUAS - DEBUG - [SUAS_main.turn_lap:631] - next wp: 5
2025-06-22 19:27:28,267 - SUAS - DEBUG - [SUAS_main.turn_lap:632] - wp_num:6
2025-06-22 19:27:28,318 - SUAS - DEBUG - [SUAS_main.turn_lap:631] - next wp: 5
2025-06-22 19:27:28,319 - SUAS - DEBUG - [SUAS_main.turn_lap:632] - wp_num:6
2025-06-22 19:27:28,370 - SUAS - DEBUG - [SUAS_main.turn_lap:631] - next wp: 5
2025-06-22 19:27:28,371 - SUAS - DEBUG - [SUAS_main.turn_lap:632] - wp_num:6
2025-06-22 19:27:28,421 - SUAS - DEBUG - [SUAS_main.turn_lap:631] - next wp: 5
2025-06-22 19:27:28,422 - SUAS - DEBUG - [SUAS_main.turn_lap:632] - wp_num:6
2025-06-22 19:27:28,473 - SUAS - DEBUG - [SUAS_main.turn_lap:631] - next wp: 5
2025-06-22 19:27:28,474 - SUAS - DEBUG - [SUAS_main.turn_lap:632] - wp_num:6
2025-06-22 19:27:28,525 - SUAS - DEBUG - [SUAS_main.turn_lap:631] - next wp: 5
2025-06-22 19:27:28,526 - SUAS - DEBUG - [SUAS_main.turn_lap:632] - wp_num:6
2025-06-22 19:27:28,577 - SUAS - DEBUG - [SUAS_main.turn_lap:631] - next wp: 5
2025-06-22 19:27:28,578 - SUAS - DEBUG - [SUAS_main.turn_lap:632] - wp_num:6
2025-06-22 19:27:28,629 - SUAS - DEBUG - [SUAS_main.turn_lap:631] - next wp: 5
2025-06-22 19:27:28,630 - SUAS - DEBUG - [SUAS_main.turn_lap:632] - wp_num:6
2025-06-22 19:27:28,681 - SUAS - DEBUG - [SUAS_main.turn_lap:631] - next wp: 5
2025-06-22 19:27:28,682 - SUAS - DEBUG - [SUAS_main.turn_lap:632] - wp_num:6
2025-06-22 19:27:28,733 - SUAS - DEBUG - [SUAS_main.turn_lap:631] - next wp: 5
2025-06-22 19:27:28,734 - SUAS - DEBUG - [SUAS_main.turn_lap:632] - wp_num:6
2025-06-22 19:27:28,785 - SUAS - DEBUG - [SUAS_main.turn_lap:631] - next wp: 5
2025-06-22 19:27:28,787 - SUAS - DEBUG - [SUAS_main.turn_lap:632] - wp_num:6
2025-06-22 19:27:28,838 - SUAS - DEBUG - [SUAS_main.turn_lap:631] - next wp: 5
2025-06-22 19:27:28,839 - SUAS - DEBUG - [SUAS_main.turn_lap:632] - wp_num:6
2025-06-22 19:27:28,890 - SUAS - DEBUG - [SUAS_main.turn_lap:631] - next wp: 5
2025-06-22 19:27:28,891 - SUAS - DEBUG - [SUAS_main.turn_lap:632] - wp_num:6
2025-06-22 19:27:28,942 - SUAS - DEBUG - [SUAS_main.turn_lap:631] - next wp: 5
2025-06-22 19:27:28,944 - SUAS - DEBUG - [SUAS_main.turn_lap:632] - wp_num:6
2025-06-22 19:27:28,995 - SUAS - DEBUG - [SUAS_main.turn_lap:631] - next wp: 5
2025-06-22 19:27:28,996 - SUAS - DEBUG - [SUAS_main.turn_lap:632] - wp_num:6
2025-06-22 19:27:29,047 - SUAS - DEBUG - [SUAS_main.turn_lap:631] - next wp: 5
2025-06-22 19:27:29,048 - SUAS - DEBUG - [SUAS_main.turn_lap:632] - wp_num:6
2025-06-22 19:27:29,099 - SUAS - DEBUG - [SUAS_main.turn_lap:631] - next wp: 5
2025-06-22 19:27:29,100 - SUAS - DEBUG - [SUAS_main.turn_lap:632] - wp_num:6
2025-06-22 19:27:29,150 - SUAS - DEBUG - [SUAS_main.turn_lap:631] - next wp: 5
2025-06-22 19:27:29,151 - SUAS - DEBUG - [SUAS_main.turn_lap:632] - wp_num:6
2025-06-22 19:27:29,202 - SUAS - DEBUG - [SUAS_main.turn_lap:631] - next wp: 5
2025-06-22 19:27:29,203 - SUAS - DEBUG - [SUAS_main.turn_lap:632] - wp_num:6
2025-06-22 19:27:29,254 - SUAS - DEBUG - [SUAS_main.turn_lap:631] - next wp: 5
2025-06-22 19:27:29,255 - SUAS - DEBUG - [SUAS_main.turn_lap:632] - wp_num:6
2025-06-22 19:27:29,306 - SUAS - DEBUG - [SUAS_main.turn_lap:631] - next wp: 5
2025-06-22 19:27:29,306 - SUAS - DEBUG - [SUAS_main.turn_lap:632] - wp_num:6
2025-06-22 19:27:29,357 - SUAS - DEBUG - [SUAS_main.turn_lap:631] - next wp: 5
2025-06-22 19:27:29,358 - SUAS - DEBUG - [SUAS_main.turn_lap:632] - wp_num:6
2025-06-22 19:27:29,409 - SUAS - DEBUG - [SUAS_main.turn_lap:631] - next wp: 5
2025-06-22 19:27:29,410 - SUAS - DEBUG - [SUAS_main.turn_lap:632] - wp_num:6
2025-06-22 19:27:29,461 - SUAS - DEBUG - [SUAS_main.turn_lap:631] - next wp: 5
2025-06-22 19:27:29,462 - SUAS - DEBUG - [SUAS_main.turn_lap:632] - wp_num:6
2025-06-22 19:27:29,514 - SUAS - DEBUG - [SUAS_main.turn_lap:631] - next wp: 5
2025-06-22 19:27:29,515 - SUAS - DEBUG - [SUAS_main.turn_lap:632] - wp_num:6
2025-06-22 19:27:29,566 - SUAS - DEBUG - [SUAS_main.turn_lap:631] - next wp: 5
2025-06-22 19:27:29,566 - SUAS - DEBUG - [SUAS_main.turn_lap:632] - wp_num:6
2025-06-22 19:27:29,617 - SUAS - DEBUG - [SUAS_main.turn_lap:631] - next wp: 5
2025-06-22 19:27:29,618 - SUAS - DEBUG - [SUAS_main.turn_lap:632] - wp_num:6
2025-06-22 19:27:29,669 - SUAS - DEBUG - [SUAS_main.turn_lap:631] - next wp: 5
2025-06-22 19:27:29,670 - SUAS - DEBUG - [SUAS_main.turn_lap:632] - wp_num:6
2025-06-22 19:27:29,721 - SUAS - DEBUG - [SUAS_main.turn_lap:631] - next wp: 5
2025-06-22 19:27:29,722 - SUAS - DEBUG - [SUAS_main.turn_lap:632] - wp_num:6
2025-06-22 19:27:29,773 - SUAS - DEBUG - [SUAS_main.turn_lap:631] - next wp: 5
2025-06-22 19:27:29,774 - SUAS - DEBUG - [SUAS_main.turn_lap:632] - wp_num:6
2025-06-22 19:27:29,824 - SUAS - DEBUG - [SUAS_main.turn_lap:631] - next wp: 5
2025-06-22 19:27:29,825 - SUAS - DEBUG - [SUAS_main.turn_lap:632] - wp_num:6
2025-06-22 19:27:29,876 - SUAS - DEBUG - [SUAS_main.turn_lap:631] - next wp: 5
2025-06-22 19:27:29,877 - SUAS - DEBUG - [SUAS_main.turn_lap:632] - wp_num:6
2025-06-22 19:27:29,928 - SUAS - DEBUG - [SUAS_main.turn_lap:631] - next wp: 5
2025-06-22 19:27:29,929 - SUAS - DEBUG - [SUAS_main.turn_lap:632] - wp_num:6
2025-06-22 19:27:29,980 - SUAS - DEBUG - [SUAS_main.turn_lap:631] - next wp: 5
2025-06-22 19:27:29,981 - SUAS - DEBUG - [SUAS_main.turn_lap:632] - wp_num:6
2025-06-22 19:27:30,032 - SUAS - DEBUG - [SUAS_main.turn_lap:631] - next wp: 5
2025-06-22 19:27:30,032 - SUAS - DEBUG - [SUAS_main.turn_lap:632] - wp_num:6
2025-06-22 19:27:30,083 - SUAS - DEBUG - [SUAS_main.turn_lap:631] - next wp: 5
2025-06-22 19:27:30,084 - SUAS - DEBUG - [SUAS_main.turn_lap:632] - wp_num:6
2025-06-22 19:27:30,135 - SUAS - DEBUG - [SUAS_main.turn_lap:631] - next wp: 5
2025-06-22 19:27:30,136 - SUAS - DEBUG - [SUAS_main.turn_lap:632] - wp_num:6
2025-06-22 19:27:30,187 - SUAS - DEBUG - [SUAS_main.turn_lap:631] - next wp: 5
2025-06-22 19:27:30,188 - SUAS - DEBUG - [SUAS_main.turn_lap:632] - wp_num:6
2025-06-22 19:27:30,239 - SUAS - DEBUG - [SUAS_main.turn_lap:631] - next wp: 5
2025-06-22 19:27:30,239 - SUAS - DEBUG - [SUAS_main.turn_lap:632] - wp_num:6
2025-06-22 19:27:30,290 - SUAS - DEBUG - [SUAS_main.turn_lap:631] - next wp: 5
2025-06-22 19:27:30,291 - SUAS - DEBUG - [SUAS_main.turn_lap:632] - wp_num:6
2025-06-22 19:27:30,342 - SUAS - DEBUG - [SUAS_main.turn_lap:631] - next wp: 5
2025-06-22 19:27:30,343 - SUAS - DEBUG - [SUAS_main.turn_lap:632] - wp_num:6
2025-06-22 19:27:30,394 - SUAS - DEBUG - [SUAS_main.turn_lap:631] - next wp: 5
2025-06-22 19:27:30,395 - SUAS - DEBUG - [SUAS_main.turn_lap:632] - wp_num:6
2025-06-22 19:27:30,446 - SUAS - DEBUG - [SUAS_main.turn_lap:631] - next wp: 5
2025-06-22 19:27:30,447 - SUAS - DEBUG - [SUAS_main.turn_lap:632] - wp_num:6
2025-06-22 19:27:30,498 - SUAS - DEBUG - [SUAS_main.turn_lap:631] - next wp: 5
2025-06-22 19:27:30,499 - SUAS - DEBUG - [SUAS_main.turn_lap:632] - wp_num:6
2025-06-22 19:27:30,550 - SUAS - DEBUG - [SUAS_main.turn_lap:631] - next wp: 5
2025-06-22 19:27:30,551 - SUAS - DEBUG - [SUAS_main.turn_lap:632] - wp_num:6
2025-06-22 19:27:30,602 - SUAS - DEBUG - [SUAS_main.turn_lap:631] - next wp: 5
2025-06-22 19:27:30,603 - SUAS - DEBUG - [SUAS_main.turn_lap:632] - wp_num:6
2025-06-22 19:27:30,654 - SUAS - DEBUG - [SUAS_main.turn_lap:631] - next wp: 5
2025-06-22 19:27:30,655 - SUAS - DEBUG - [SUAS_main.turn_lap:632] - wp_num:6
2025-06-22 19:27:30,706 - SUAS - DEBUG - [SUAS_main.turn_lap:631] - next wp: 5
2025-06-22 19:27:30,707 - SUAS - DEBUG - [SUAS_main.turn_lap:632] - wp_num:6
2025-06-22 19:27:30,758 - SUAS - DEBUG - [SUAS_main.turn_lap:631] - next wp: 5
2025-06-22 19:27:30,759 - SUAS - DEBUG - [SUAS_main.turn_lap:632] - wp_num:6
2025-06-22 19:27:30,809 - SUAS - DEBUG - [SUAS_main.turn_lap:631] - next wp: 5
2025-06-22 19:27:30,810 - SUAS - DEBUG - [SUAS_main.turn_lap:632] - wp_num:6
2025-06-22 19:27:30,861 - SUAS - DEBUG - [SUAS_main.turn_lap:631] - next wp: 5
2025-06-22 19:27:30,862 - SUAS - DEBUG - [SUAS_main.turn_lap:632] - wp_num:6
2025-06-22 19:27:30,913 - SUAS - DEBUG - [SUAS_main.turn_lap:631] - next wp: 5
2025-06-22 19:27:30,914 - SUAS - DEBUG - [SUAS_main.turn_lap:632] - wp_num:6
2025-06-22 19:27:30,965 - SUAS - DEBUG - [SUAS_main.turn_lap:631] - next wp: 5
2025-06-22 19:27:30,966 - SUAS - DEBUG - [SUAS_main.turn_lap:632] - wp_num:6
2025-06-22 19:27:31,017 - SUAS - DEBUG - [SUAS_main.turn_lap:631] - next wp: 5
2025-06-22 19:27:31,018 - SUAS - DEBUG - [SUAS_main.turn_lap:632] - wp_num:6
2025-06-22 19:27:31,069 - SUAS - DEBUG - [SUAS_main.turn_lap:631] - next wp: 5
2025-06-22 19:27:31,070 - SUAS - DEBUG - [SUAS_main.turn_lap:632] - wp_num:6
2025-06-22 19:27:31,120 - SUAS - DEBUG - [SUAS_main.turn_lap:631] - next wp: 5
2025-06-22 19:27:31,121 - SUAS - DEBUG - [SUAS_main.turn_lap:632] - wp_num:6
2025-06-22 19:27:31,172 - SUAS - DEBUG - [SUAS_main.turn_lap:631] - next wp: 5
2025-06-22 19:27:31,173 - SUAS - DEBUG - [SUAS_main.turn_lap:632] - wp_num:6
2025-06-22 19:27:31,224 - SUAS - DEBUG - [SUAS_main.turn_lap:631] - next wp: 5
2025-06-22 19:27:31,225 - SUAS - DEBUG - [SUAS_main.turn_lap:632] - wp_num:6
2025-06-22 19:27:31,277 - SUAS - DEBUG - [SUAS_main.turn_lap:631] - next wp: 5
2025-06-22 19:27:31,278 - SUAS - DEBUG - [SUAS_main.turn_lap:632] - wp_num:6
2025-06-22 19:27:31,329 - SUAS - DEBUG - [SUAS_main.turn_lap:631] - next wp: 5
2025-06-22 19:27:31,330 - SUAS - DEBUG - [SUAS_main.turn_lap:632] - wp_num:6
2025-06-22 19:27:31,381 - SUAS - DEBUG - [SUAS_main.turn_lap:631] - next wp: 5
2025-06-22 19:27:31,382 - SUAS - DEBUG - [SUAS_main.turn_lap:632] - wp_num:6
2025-06-22 19:27:31,432 - SUAS - DEBUG - [SUAS_main.turn_lap:631] - next wp: 5
2025-06-22 19:27:31,433 - SUAS - DEBUG - [SUAS_main.turn_lap:632] - wp_num:6
2025-06-22 19:27:31,484 - SUAS - DEBUG - [SUAS_main.turn_lap:631] - next wp: 5
2025-06-22 19:27:31,485 - SUAS - DEBUG - [SUAS_main.turn_lap:632] - wp_num:6
2025-06-22 19:27:31,536 - SUAS - DEBUG - [SUAS_main.turn_lap:631] - next wp: 5
2025-06-22 19:27:31,537 - SUAS - DEBUG - [SUAS_main.turn_lap:632] - wp_num:6
2025-06-22 19:27:31,588 - SUAS - DEBUG - [SUAS_main.turn_lap:631] - next wp: 5
2025-06-22 19:27:31,589 - SUAS - DEBUG - [SUAS_main.turn_lap:632] - wp_num:6
2025-06-22 19:27:31,640 - SUAS - DEBUG - [SUAS_main.turn_lap:631] - next wp: 5
2025-06-22 19:27:31,642 - SUAS - DEBUG - [SUAS_main.turn_lap:632] - wp_num:6
2025-06-22 19:27:31,693 - SUAS - DEBUG - [SUAS_main.turn_lap:631] - next wp: 5
2025-06-22 19:27:31,694 - SUAS - DEBUG - [SUAS_main.turn_lap:632] - wp_num:6
2025-06-22 19:27:31,745 - SUAS - DEBUG - [SUAS_main.turn_lap:631] - next wp: 5
2025-06-22 19:27:31,746 - SUAS - DEBUG - [SUAS_main.turn_lap:632] - wp_num:6
2025-06-22 19:27:31,797 - SUAS - DEBUG - [SUAS_main.turn_lap:631] - next wp: 5
2025-06-22 19:27:31,797 - SUAS - DEBUG - [SUAS_main.turn_lap:632] - wp_num:6
2025-06-22 19:27:31,848 - SUAS - DEBUG - [SUAS_main.turn_lap:631] - next wp: 5
2025-06-22 19:27:31,849 - SUAS - DEBUG - [SUAS_main.turn_lap:632] - wp_num:6
2025-06-22 19:27:31,900 - SUAS - DEBUG - [SUAS_main.turn_lap:631] - next wp: 5
2025-06-22 19:27:31,902 - SUAS - DEBUG - [SUAS_main.turn_lap:632] - wp_num:6
2025-06-22 19:27:31,953 - SUAS - DEBUG - [SUAS_main.turn_lap:631] - next wp: 5
2025-06-22 19:27:31,954 - SUAS - DEBUG - [SUAS_main.turn_lap:632] - wp_num:6
2025-06-22 19:27:32,004 - SUAS - DEBUG - [SUAS_main.turn_lap:631] - next wp: 5
2025-06-22 19:27:32,005 - SUAS - DEBUG - [SUAS_main.turn_lap:632] - wp_num:6
2025-06-22 19:27:32,056 - SUAS - DEBUG - [SUAS_main.turn_lap:631] - next wp: 5
2025-06-22 19:27:32,057 - SUAS - DEBUG - [SUAS_main.turn_lap:632] - wp_num:6
2025-06-22 19:27:32,108 - SUAS - DEBUG - [SUAS_main.turn_lap:631] - next wp: 5
2025-06-22 19:27:32,109 - SUAS - DEBUG - [SUAS_main.turn_lap:632] - wp_num:6
2025-06-22 19:27:32,160 - SUAS - DEBUG - [SUAS_main.turn_lap:631] - next wp: 5
2025-06-22 19:27:32,161 - SUAS - DEBUG - [SUAS_main.turn_lap:632] - wp_num:6
2025-06-22 19:27:32,212 - SUAS - DEBUG - [SUAS_main.turn_lap:631] - next wp: 5
2025-06-22 19:27:32,213 - SUAS - DEBUG - [SUAS_main.turn_lap:632] - wp_num:6
2025-06-22 19:27:32,264 - SUAS - DEBUG - [SUAS_main.turn_lap:631] - next wp: 5
2025-06-22 19:27:32,265 - SUAS - DEBUG - [SUAS_main.turn_lap:632] - wp_num:6
2025-06-22 19:27:32,316 - SUAS - DEBUG - [SUAS_main.turn_lap:631] - next wp: 5
2025-06-22 19:27:32,316 - SUAS - DEBUG - [SUAS_main.turn_lap:632] - wp_num:6
2025-06-22 19:27:32,367 - SUAS - DEBUG - [SUAS_main.turn_lap:631] - next wp: 5
2025-06-22 19:27:32,368 - SUAS - DEBUG - [SUAS_main.turn_lap:632] - wp_num:6
2025-06-22 19:27:32,419 - SUAS - DEBUG - [SUAS_main.turn_lap:631] - next wp: 5
2025-06-22 19:27:32,420 - SUAS - DEBUG - [SUAS_main.turn_lap:632] - wp_num:6
2025-06-22 19:27:32,471 - SUAS - DEBUG - [SUAS_main.turn_lap:631] - next wp: 5
2025-06-22 19:27:32,472 - SUAS - DEBUG - [SUAS_main.turn_lap:632] - wp_num:6
2025-06-22 19:27:32,523 - SUAS - DEBUG - [SUAS_main.turn_lap:631] - next wp: 5
2025-06-22 19:27:32,524 - SUAS - DEBUG - [SUAS_main.turn_lap:632] - wp_num:6
2025-06-22 19:27:32,575 - SUAS - DEBUG - [SUAS_main.turn_lap:631] - next wp: 5
2025-06-22 19:27:32,576 - SUAS - DEBUG - [SUAS_main.turn_lap:632] - wp_num:6
2025-06-22 19:27:32,627 - SUAS - DEBUG - [SUAS_main.turn_lap:631] - next wp: 5
2025-06-22 19:27:32,628 - SUAS - DEBUG - [SUAS_main.turn_lap:632] - wp_num:6
2025-06-22 19:27:32,678 - SUAS - DEBUG - [SUAS_main.turn_lap:631] - next wp: 5
2025-06-22 19:27:32,680 - SUAS - DEBUG - [SUAS_main.turn_lap:632] - wp_num:6
2025-06-22 19:27:32,731 - SUAS - DEBUG - [SUAS_main.turn_lap:631] - next wp: 5
2025-06-22 19:27:32,732 - SUAS - DEBUG - [SUAS_main.turn_lap:632] - wp_num:6
2025-06-22 19:27:32,782 - SUAS - DEBUG - [SUAS_main.turn_lap:631] - next wp: 5
2025-06-22 19:27:32,783 - SUAS - DEBUG - [SUAS_main.turn_lap:632] - wp_num:6
2025-06-22 19:27:32,834 - SUAS - DEBUG - [SUAS_main.turn_lap:631] - next wp: 5
2025-06-22 19:27:32,835 - SUAS - DEBUG - [SUAS_main.turn_lap:632] - wp_num:6
2025-06-22 19:27:32,886 - SUAS - DEBUG - [SUAS_main.turn_lap:631] - next wp: 5
2025-06-22 19:27:32,887 - SUAS - DEBUG - [SUAS_main.turn_lap:632] - wp_num:6
2025-06-22 19:27:32,937 - SUAS - DEBUG - [SUAS_main.turn_lap:631] - next wp: 5
2025-06-22 19:27:32,938 - SUAS - DEBUG - [SUAS_main.turn_lap:632] - wp_num:6
2025-06-22 19:27:32,989 - SUAS - DEBUG - [SUAS_main.turn_lap:631] - next wp: 5
2025-06-22 19:27:32,990 - SUAS - DEBUG - [SUAS_main.turn_lap:632] - wp_num:6
2025-06-22 19:27:33,041 - SUAS - DEBUG - [SUAS_main.turn_lap:631] - next wp: 5
2025-06-22 19:27:33,042 - SUAS - DEBUG - [SUAS_main.turn_lap:632] - wp_num:6
2025-06-22 19:27:33,093 - SUAS - DEBUG - [SUAS_main.turn_lap:631] - next wp: 5
2025-06-22 19:27:33,094 - SUAS - DEBUG - [SUAS_main.turn_lap:632] - wp_num:6
2025-06-22 19:27:33,145 - SUAS - DEBUG - [SUAS_main.turn_lap:631] - next wp: 5
2025-06-22 19:27:33,146 - SUAS - DEBUG - [SUAS_main.turn_lap:632] - wp_num:6
2025-06-22 19:27:33,197 - SUAS - DEBUG - [SUAS_main.turn_lap:631] - next wp: 5
2025-06-22 19:27:33,197 - SUAS - DEBUG - [SUAS_main.turn_lap:632] - wp_num:6
2025-06-22 19:27:33,248 - SUAS - DEBUG - [SUAS_main.turn_lap:631] - next wp: 5
2025-06-22 19:27:33,249 - SUAS - DEBUG - [SUAS_main.turn_lap:632] - wp_num:6
2025-06-22 19:27:33,300 - SUAS - DEBUG - [SUAS_main.turn_lap:631] - next wp: 5
2025-06-22 19:27:33,302 - SUAS - DEBUG - [SUAS_main.turn_lap:632] - wp_num:6
2025-06-22 19:27:33,353 - SUAS - DEBUG - [SUAS_main.turn_lap:631] - next wp: 5
2025-06-22 19:27:33,354 - SUAS - DEBUG - [SUAS_main.turn_lap:632] - wp_num:6
2025-06-22 19:27:33,405 - SUAS - DEBUG - [SUAS_main.turn_lap:631] - next wp: 5
2025-06-22 19:27:33,406 - SUAS - DEBUG - [SUAS_main.turn_lap:632] - wp_num:6
2025-06-22 19:27:33,456 - SUAS - DEBUG - [SUAS_main.turn_lap:631] - next wp: 5
2025-06-22 19:27:33,457 - SUAS - DEBUG - [SUAS_main.turn_lap:632] - wp_num:6
2025-06-22 19:27:33,508 - SUAS - DEBUG - [SUAS_main.turn_lap:631] - next wp: 5
2025-06-22 19:27:33,509 - SUAS - DEBUG - [SUAS_main.turn_lap:632] - wp_num:6
2025-06-22 19:27:33,560 - SUAS - DEBUG - [SUAS_main.turn_lap:631] - next wp: 5
2025-06-22 19:27:33,561 - SUAS - DEBUG - [SUAS_main.turn_lap:632] - wp_num:6
2025-06-22 19:27:33,612 - SUAS - DEBUG - [SUAS_main.turn_lap:631] - next wp: 5
2025-06-22 19:27:33,613 - SUAS - DEBUG - [SUAS_main.turn_lap:632] - wp_num:6
2025-06-22 19:27:33,664 - SUAS - DEBUG - [SUAS_main.turn_lap:631] - next wp: 5
2025-06-22 19:27:33,665 - SUAS - DEBUG - [SUAS_main.turn_lap:632] - wp_num:6
2025-06-22 19:27:33,715 - SUAS - DEBUG - [SUAS_main.turn_lap:631] - next wp: 5
2025-06-22 19:27:33,716 - SUAS - DEBUG - [SUAS_main.turn_lap:632] - wp_num:6
2025-06-22 19:27:33,767 - SUAS - DEBUG - [SUAS_main.turn_lap:631] - next wp: 5
2025-06-22 19:27:33,768 - SUAS - DEBUG - [SUAS_main.turn_lap:632] - wp_num:6
2025-06-22 19:27:33,819 - SUAS - DEBUG - [SUAS_main.turn_lap:631] - next wp: 5
2025-06-22 19:27:33,821 - SUAS - DEBUG - [SUAS_main.turn_lap:632] - wp_num:6
2025-06-22 19:27:33,872 - SUAS - DEBUG - [SUAS_main.turn_lap:631] - next wp: 5
2025-06-22 19:27:33,873 - SUAS - DEBUG - [SUAS_main.turn_lap:632] - wp_num:6
2025-06-22 19:27:33,924 - SUAS - DEBUG - [SUAS_main.turn_lap:631] - next wp: 5
2025-06-22 19:27:33,925 - SUAS - DEBUG - [SUAS_main.turn_lap:632] - wp_num:6
2025-06-22 19:27:33,976 - SUAS - DEBUG - [SUAS_main.turn_lap:631] - next wp: 5
2025-06-22 19:27:33,977 - SUAS - DEBUG - [SUAS_main.turn_lap:632] - wp_num:6
2025-06-22 19:27:34,028 - SUAS - DEBUG - [SUAS_main.turn_lap:631] - next wp: 5
2025-06-22 19:27:34,028 - SUAS - DEBUG - [SUAS_main.turn_lap:632] - wp_num:6
2025-06-22 19:27:34,079 - SUAS - DEBUG - [SUAS_main.turn_lap:631] - next wp: 5
2025-06-22 19:27:34,080 - SUAS - DEBUG - [SUAS_main.turn_lap:632] - wp_num:6
2025-06-22 19:27:34,132 - SUAS - DEBUG - [SUAS_main.turn_lap:631] - next wp: 5
2025-06-22 19:27:34,132 - SUAS - DEBUG - [SUAS_main.turn_lap:632] - wp_num:6
2025-06-22 19:27:34,183 - SUAS - DEBUG - [SUAS_main.turn_lap:631] - next wp: 5
2025-06-22 19:27:34,184 - SUAS - DEBUG - [SUAS_main.turn_lap:632] - wp_num:6
2025-06-22 19:27:34,235 - SUAS - DEBUG - [SUAS_main.turn_lap:631] - next wp: 5
2025-06-22 19:27:34,236 - SUAS - DEBUG - [SUAS_main.turn_lap:632] - wp_num:6
2025-06-22 19:27:34,287 - SUAS - DEBUG - [SUAS_main.turn_lap:631] - next wp: 5
2025-06-22 19:27:34,288 - SUAS - DEBUG - [SUAS_main.turn_lap:632] - wp_num:6
2025-06-22 19:27:34,343 - SUAS - DEBUG - [SUAS_main.turn_lap:631] - next wp: 5
2025-06-22 19:27:34,344 - SUAS - DEBUG - [SUAS_main.turn_lap:632] - wp_num:6
2025-06-22 19:27:34,395 - SUAS - DEBUG - [SUAS_main.turn_lap:631] - next wp: 5
2025-06-22 19:27:34,396 - SUAS - DEBUG - [SUAS_main.turn_lap:632] - wp_num:6
2025-06-22 19:27:34,447 - SUAS - DEBUG - [SUAS_main.turn_lap:631] - next wp: 5
2025-06-22 19:27:34,448 - SUAS - DEBUG - [SUAS_main.turn_lap:632] - wp_num:6
2025-06-22 19:27:34,499 - SUAS - DEBUG - [SUAS_main.turn_lap:631] - next wp: 5
2025-06-22 19:27:34,500 - SUAS - DEBUG - [SUAS_main.turn_lap:632] - wp_num:6
2025-06-22 19:27:34,551 - SUAS - DEBUG - [SUAS_main.turn_lap:631] - next wp: 5
2025-06-22 19:27:34,552 - SUAS - DEBUG - [SUAS_main.turn_lap:632] - wp_num:6
2025-06-22 19:27:34,603 - SUAS - DEBUG - [SUAS_main.turn_lap:631] - next wp: 5
2025-06-22 19:27:34,604 - SUAS - DEBUG - [SUAS_main.turn_lap:632] - wp_num:6
2025-06-22 19:27:34,655 - SUAS - DEBUG - [SUAS_main.turn_lap:631] - next wp: 5
2025-06-22 19:27:34,656 - SUAS - DEBUG - [SUAS_main.turn_lap:632] - wp_num:6
2025-06-22 19:27:34,707 - SUAS - DEBUG - [SUAS_main.turn_lap:631] - next wp: 5
2025-06-22 19:27:34,708 - SUAS - DEBUG - [SUAS_main.turn_lap:632] - wp_num:6
2025-06-22 19:27:34,759 - SUAS - DEBUG - [SUAS_main.turn_lap:631] - next wp: 5
2025-06-22 19:27:34,761 - SUAS - DEBUG - [SUAS_main.turn_lap:632] - wp_num:6
2025-06-22 19:27:34,812 - SUAS - DEBUG - [SUAS_main.turn_lap:631] - next wp: 5
2025-06-22 19:27:34,813 - SUAS - DEBUG - [SUAS_main.turn_lap:632] - wp_num:6
2025-06-22 19:27:34,864 - SUAS - DEBUG - [SUAS_main.turn_lap:631] - next wp: 5
2025-06-22 19:27:34,865 - SUAS - DEBUG - [SUAS_main.turn_lap:632] - wp_num:6
2025-06-22 19:27:34,916 - SUAS - DEBUG - [SUAS_main.turn_lap:631] - next wp: 5
2025-06-22 19:27:34,916 - SUAS - DEBUG - [SUAS_main.turn_lap:632] - wp_num:6
2025-06-22 19:27:34,967 - SUAS - DEBUG - [SUAS_main.turn_lap:631] - next wp: 5
2025-06-22 19:27:34,968 - SUAS - DEBUG - [SUAS_main.turn_lap:632] - wp_num:6
2025-06-22 19:27:35,019 - SUAS - DEBUG - [SUAS_main.turn_lap:631] - next wp: 5
2025-06-22 19:27:35,020 - SUAS - DEBUG - [SUAS_main.turn_lap:632] - wp_num:6
2025-06-22 19:27:35,071 - SUAS - DEBUG - [SUAS_main.turn_lap:631] - next wp: 5
2025-06-22 19:27:35,072 - SUAS - DEBUG - [SUAS_main.turn_lap:632] - wp_num:6
2025-06-22 19:27:35,123 - SUAS - DEBUG - [SUAS_main.turn_lap:631] - next wp: 5
2025-06-22 19:27:35,124 - SUAS - DEBUG - [SUAS_main.turn_lap:632] - wp_num:6
2025-06-22 19:27:35,175 - SUAS - DEBUG - [SUAS_main.turn_lap:631] - next wp: 5
2025-06-22 19:27:35,176 - SUAS - DEBUG - [SUAS_main.turn_lap:632] - wp_num:6
2025-06-22 19:27:35,227 - SUAS - DEBUG - [SUAS_main.turn_lap:631] - next wp: 5
2025-06-22 19:27:35,228 - SUAS - DEBUG - [SUAS_main.turn_lap:632] - wp_num:6
2025-06-22 19:27:35,279 - SUAS - DEBUG - [SUAS_main.turn_lap:631] - next wp: 5
2025-06-22 19:27:35,280 - SUAS - DEBUG - [SUAS_main.turn_lap:632] - wp_num:6
2025-06-22 19:27:35,331 - SUAS - DEBUG - [SUAS_main.turn_lap:631] - next wp: 5
2025-06-22 19:27:35,332 - SUAS - DEBUG - [SUAS_main.turn_lap:632] - wp_num:6
2025-06-22 19:27:35,383 - SUAS - DEBUG - [SUAS_main.turn_lap:631] - next wp: 5
2025-06-22 19:27:35,384 - SUAS - DEBUG - [SUAS_main.turn_lap:632] - wp_num:6
2025-06-22 19:27:35,435 - SUAS - DEBUG - [SUAS_main.turn_lap:631] - next wp: 5
2025-06-22 19:27:35,436 - SUAS - DEBUG - [SUAS_main.turn_lap:632] - wp_num:6
2025-06-22 19:27:35,487 - SUAS - DEBUG - [SUAS_main.turn_lap:631] - next wp: 5
2025-06-22 19:27:35,488 - SUAS - DEBUG - [SUAS_main.turn_lap:632] - wp_num:6
2025-06-22 19:27:35,539 - SUAS - DEBUG - [SUAS_main.turn_lap:631] - next wp: 5
2025-06-22 19:27:35,540 - SUAS - DEBUG - [SUAS_main.turn_lap:632] - wp_num:6
2025-06-22 19:27:35,591 - SUAS - DEBUG - [SUAS_main.turn_lap:631] - next wp: 5
2025-06-22 19:27:35,592 - SUAS - DEBUG - [SUAS_main.turn_lap:632] - wp_num:6
2025-06-22 19:27:35,646 - SUAS - DEBUG - [SUAS_main.turn_lap:631] - next wp: 5
2025-06-22 19:27:35,646 - SUAS - DEBUG - [SUAS_main.turn_lap:632] - wp_num:6
2025-06-22 19:27:35,697 - SUAS - DEBUG - [SUAS_main.turn_lap:631] - next wp: 5
2025-06-22 19:27:35,699 - SUAS - DEBUG - [SUAS_main.turn_lap:632] - wp_num:6
2025-06-22 19:27:35,750 - SUAS - DEBUG - [SUAS_main.turn_lap:631] - next wp: 5
2025-06-22 19:27:35,751 - SUAS - DEBUG - [SUAS_main.turn_lap:632] - wp_num:6
2025-06-22 19:27:35,802 - SUAS - DEBUG - [SUAS_main.turn_lap:631] - next wp: 5
2025-06-22 19:27:35,802 - SUAS - DEBUG - [SUAS_main.turn_lap:632] - wp_num:6
2025-06-22 19:27:35,854 - SUAS - DEBUG - [SUAS_main.turn_lap:631] - next wp: 5
2025-06-22 19:27:35,854 - SUAS - DEBUG - [SUAS_main.turn_lap:632] - wp_num:6
2025-06-22 19:27:35,905 - SUAS - DEBUG - [SUAS_main.turn_lap:631] - next wp: 5
2025-06-22 19:27:35,906 - SUAS - DEBUG - [SUAS_main.turn_lap:632] - wp_num:6
2025-06-22 19:27:35,957 - SUAS - DEBUG - [SUAS_main.turn_lap:631] - next wp: 5
2025-06-22 19:27:35,958 - SUAS - DEBUG - [SUAS_main.turn_lap:632] - wp_num:6
2025-06-22 19:27:36,009 - SUAS - DEBUG - [SUAS_main.turn_lap:631] - next wp: 5
2025-06-22 19:27:36,010 - SUAS - DEBUG - [SUAS_main.turn_lap:632] - wp_num:6
2025-06-22 19:27:36,061 - SUAS - DEBUG - [SUAS_main.turn_lap:631] - next wp: 5
2025-06-22 19:27:36,062 - SUAS - DEBUG - [SUAS_main.turn_lap:632] - wp_num:6
2025-06-22 19:27:36,113 - SUAS - DEBUG - [SUAS_main.turn_lap:631] - next wp: 5
2025-06-22 19:27:36,114 - SUAS - DEBUG - [SUAS_main.turn_lap:632] - wp_num:6
2025-06-22 19:27:36,165 - SUAS - DEBUG - [SUAS_main.turn_lap:631] - next wp: 5
2025-06-22 19:27:36,165 - SUAS - DEBUG - [SUAS_main.turn_lap:632] - wp_num:6
2025-06-22 19:27:36,216 - SUAS - DEBUG - [SUAS_main.turn_lap:631] - next wp: 5
2025-06-22 19:27:36,217 - SUAS - DEBUG - [SUAS_main.turn_lap:632] - wp_num:6
2025-06-22 19:27:36,268 - SUAS - DEBUG - [SUAS_main.turn_lap:631] - next wp: 5
2025-06-22 19:27:36,269 - SUAS - DEBUG - [SUAS_main.turn_lap:632] - wp_num:6
2025-06-22 19:27:36,320 - SUAS - DEBUG - [SUAS_main.turn_lap:631] - next wp: 5
2025-06-22 19:27:36,321 - SUAS - DEBUG - [SUAS_main.turn_lap:632] - wp_num:6
2025-06-22 19:27:36,372 - SUAS - DEBUG - [SUAS_main.turn_lap:631] - next wp: 5
2025-06-22 19:27:36,372 - SUAS - DEBUG - [SUAS_main.turn_lap:632] - wp_num:6
2025-06-22 19:27:36,423 - SUAS - DEBUG - [SUAS_main.turn_lap:631] - next wp: 5
2025-06-22 19:27:36,425 - SUAS - DEBUG - [SUAS_main.turn_lap:632] - wp_num:6
2025-06-22 19:27:36,475 - SUAS - DEBUG - [SUAS_main.turn_lap:631] - next wp: 5
2025-06-22 19:27:36,476 - SUAS - DEBUG - [SUAS_main.turn_lap:632] - wp_num:6
2025-06-22 19:27:36,527 - SUAS - DEBUG - [SUAS_main.turn_lap:631] - next wp: 5
2025-06-22 19:27:36,528 - SUAS - DEBUG - [SUAS_main.turn_lap:632] - wp_num:6
2025-06-22 19:27:36,579 - SUAS - DEBUG - [SUAS_main.turn_lap:631] - next wp: 5
2025-06-22 19:27:36,580 - SUAS - DEBUG - [SUAS_main.turn_lap:632] - wp_num:6
2025-06-22 19:27:36,631 - SUAS - DEBUG - [SUAS_main.turn_lap:631] - next wp: 5
2025-06-22 19:27:36,632 - SUAS - DEBUG - [SUAS_main.turn_lap:632] - wp_num:6
2025-06-22 19:27:36,683 - SUAS - DEBUG - [SUAS_main.turn_lap:631] - next wp: 5
2025-06-22 19:27:36,684 - SUAS - DEBUG - [SUAS_main.turn_lap:632] - wp_num:6
2025-06-22 19:27:36,735 - SUAS - DEBUG - [SUAS_main.turn_lap:631] - next wp: 5
2025-06-22 19:27:36,736 - SUAS - DEBUG - [SUAS_main.turn_lap:632] - wp_num:6
2025-06-22 19:27:36,787 - SUAS - DEBUG - [SUAS_main.turn_lap:631] - next wp: 5
2025-06-22 19:27:36,788 - SUAS - DEBUG - [SUAS_main.turn_lap:632] - wp_num:6
2025-06-22 19:27:36,838 - SUAS - DEBUG - [SUAS_main.turn_lap:631] - next wp: 5
2025-06-22 19:27:36,839 - SUAS - DEBUG - [SUAS_main.turn_lap:632] - wp_num:6
2025-06-22 19:27:36,890 - SUAS - DEBUG - [SUAS_main.turn_lap:631] - next wp: 5
2025-06-22 19:27:36,891 - SUAS - DEBUG - [SUAS_main.turn_lap:632] - wp_num:6
2025-06-22 19:27:36,942 - SUAS - DEBUG - [SUAS_main.turn_lap:631] - next wp: 5
2025-06-22 19:27:36,943 - SUAS - DEBUG - [SUAS_main.turn_lap:632] - wp_num:6
2025-06-22 19:27:36,994 - SUAS - DEBUG - [SUAS_main.turn_lap:631] - next wp: 5
2025-06-22 19:27:36,995 - SUAS - DEBUG - [SUAS_main.turn_lap:632] - wp_num:6
2025-06-22 19:27:37,046 - SUAS - DEBUG - [SUAS_main.turn_lap:631] - next wp: 5
2025-06-22 19:27:37,047 - SUAS - DEBUG - [SUAS_main.turn_lap:632] - wp_num:6
2025-06-22 19:27:37,098 - SUAS - DEBUG - [SUAS_main.turn_lap:631] - next wp: 5
2025-06-22 19:27:37,099 - SUAS - DEBUG - [SUAS_main.turn_lap:632] - wp_num:6
2025-06-22 19:27:37,150 - SUAS - DEBUG - [SUAS_main.turn_lap:631] - next wp: 5
2025-06-22 19:27:37,151 - SUAS - DEBUG - [SUAS_main.turn_lap:632] - wp_num:6
2025-06-22 19:27:37,202 - SUAS - DEBUG - [SUAS_main.turn_lap:631] - next wp: 5
2025-06-22 19:27:37,203 - SUAS - DEBUG - [SUAS_main.turn_lap:632] - wp_num:6
2025-06-22 19:27:37,254 - SUAS - DEBUG - [SUAS_main.turn_lap:631] - next wp: 5
2025-06-22 19:27:37,255 - SUAS - DEBUG - [SUAS_main.turn_lap:632] - wp_num:6
2025-06-22 19:27:37,306 - SUAS - DEBUG - [SUAS_main.turn_lap:631] - next wp: 5
2025-06-22 19:27:37,306 - SUAS - DEBUG - [SUAS_main.turn_lap:632] - wp_num:6
2025-06-22 19:27:37,357 - SUAS - DEBUG - [SUAS_main.turn_lap:631] - next wp: 5
2025-06-22 19:27:37,359 - SUAS - DEBUG - [SUAS_main.turn_lap:632] - wp_num:6
2025-06-22 19:27:37,410 - SUAS - DEBUG - [SUAS_main.turn_lap:631] - next wp: 5
2025-06-22 19:27:37,411 - SUAS - DEBUG - [SUAS_main.turn_lap:632] - wp_num:6
2025-06-22 19:27:37,461 - SUAS - DEBUG - [SUAS_main.turn_lap:631] - next wp: 6
2025-06-22 19:27:37,462 - SUAS - DEBUG - [SUAS_main.turn_lap:632] - wp_num:6
2025-06-22 19:27:37,464 - SUAS - DEBUG - [SUAS_main.turn_lap:634] - Air Drop Stage
2025-06-22 19:27:37,976 - SUAS - DEBUG - [SUAS_main.watcher:148] - Mode changed: AUTO -> GUIDED
2025-06-22 19:27:37,976 - SUAS - DEBUG - [SUAS_main.on_mode_change:166] - Unhandled mode change: GUIDED
2025-06-22 19:27:38,016 - SUAS - DEBUG - [SUAS_main.turn_lap:642] - VehicleMode:GUIDED moduna geçildi
2025-06-22 19:27:38,017 - SUAS - DEBUG - [SUAS_main.real_drop:600] - Pathe gidiliyor 2
2025-06-22 19:27:38,018 - SUAS - DEBUG - [SUAS_main.real_drop:556] - konuma gidiliyor: (38.850973175643304, -76.69967361472946)
2025-06-22 19:27:38,021 - SUAS - DEBUG - [SUAS_main.wait:320] - waite girildi timestamp: 2025-06-22 19:27:38
2025-06-22 19:27:38,122 - SUAS - DEBUG - [SUAS_main.wait:322] - Waiting for the vehicle to reach the target point...
2025-06-22 19:27:50,124 - SUAS - DEBUG - [SUAS_main.wait:331] - Reached the target point after the break
2025-06-22 19:27:50,126 - SUAS - DEBUG - [SUAS_main.set_servo:270] - set_servo function has successfully executed. With arguments: Channel: 14, PWM Value: 1400
2025-06-22 19:27:50,127 - SUAS - DEBUG - [SUAS_main.real_drop:572] - Servo activated: channel=(14, 1400)
2025-06-22 19:27:52,131 - SUAS - DEBUG - [SUAS_main.set_servo:270] - set_servo function has successfully executed. With arguments: Channel: 14, PWM Value: 0
2025-06-22 19:27:52,132 - SUAS - DEBUG - [SUAS_main.real_drop:575] - Servo deactivated: channel=14
2025-06-22 19:28:22,159 - SUAS - DEBUG - [SUAS_main.turn_lap:609] - Turn Lap
2025-06-22 19:28:22,261 - SUAS - DEBUG - [SUAS_main.turn_lap:616] - Download Waypoints - Completed
2025-06-22 19:28:22,262 - SUAS - DEBUG - [SUAS_main.turn_lap:618] - WP SET TO 2
2025-06-22 19:28:22,773 - SUAS - DEBUG - [SUAS_main.watcher:148] - Mode changed: GUIDED -> AUTO
2025-06-22 19:28:22,773 - SUAS - DEBUG - [SUAS_main.on_mode_change:166] - Unhandled mode change: AUTO
2025-06-22 19:28:22,815 - SUAS - DEBUG - [SUAS_main.turn_lap:623] - VehicleMode:AUTO moduna geçildi
2025-06-22 19:28:22,866 - SUAS - DEBUG - [SUAS_main.turn_lap:631] - next wp: 2
2025-06-22 19:28:22,867 - SUAS - DEBUG - [SUAS_main.turn_lap:632] - wp_num:6
2025-06-22 19:28:22,918 - SUAS - DEBUG - [SUAS_main.turn_lap:631] - next wp: 2
2025-06-22 19:28:22,918 - SUAS - DEBUG - [SUAS_main.turn_lap:632] - wp_num:6
2025-06-22 19:28:22,969 - SUAS - DEBUG - [SUAS_main.turn_lap:631] - next wp: 2
2025-06-22 19:28:22,970 - SUAS - DEBUG - [SUAS_main.turn_lap:632] - wp_num:6
2025-06-22 19:28:23,021 - SUAS - DEBUG - [SUAS_main.turn_lap:631] - next wp: 2
2025-06-22 19:28:23,022 - SUAS - DEBUG - [SUAS_main.turn_lap:632] - wp_num:6
2025-06-22 19:28:23,073 - SUAS - DEBUG - [SUAS_main.turn_lap:631] - next wp: 2
2025-06-22 19:28:23,074 - SUAS - DEBUG - [SUAS_main.turn_lap:632] - wp_num:6
2025-06-22 19:28:23,131 - SUAS - DEBUG - [SUAS_main.turn_lap:631] - next wp: 2
2025-06-22 19:28:23,134 - SUAS - DEBUG - [SUAS_main.turn_lap:632] - wp_num:6
2025-06-22 19:28:23,192 - SUAS - DEBUG - [SUAS_main.turn_lap:631] - next wp: 2
2025-06-22 19:28:23,193 - SUAS - DEBUG - [SUAS_main.turn_lap:632] - wp_num:6
2025-06-22 19:28:23,244 - SUAS - DEBUG - [SUAS_main.turn_lap:631] - next wp: 2
2025-06-22 19:28:23,246 - SUAS - DEBUG - [SUAS_main.turn_lap:632] - wp_num:6
2025-06-22 19:28:23,297 - SUAS - DEBUG - [SUAS_main.turn_lap:631] - next wp: 2
2025-06-22 19:28:23,298 - SUAS - DEBUG - [SUAS_main.turn_lap:632] - wp_num:6
2025-06-22 19:28:23,349 - SUAS - DEBUG - [SUAS_main.turn_lap:631] - next wp: 2
2025-06-22 19:28:23,350 - SUAS - DEBUG - [SUAS_main.turn_lap:632] - wp_num:6
2025-06-22 19:28:23,401 - SUAS - DEBUG - [SUAS_main.turn_lap:631] - next wp: 2
2025-06-22 19:28:23,402 - SUAS - DEBUG - [SUAS_main.turn_lap:632] - wp_num:6
2025-06-22 19:28:23,453 - SUAS - DEBUG - [SUAS_main.turn_lap:631] - next wp: 2
2025-06-22 19:28:23,454 - SUAS - DEBUG - [SUAS_main.turn_lap:632] - wp_num:6
2025-06-22 19:28:23,505 - SUAS - DEBUG - [SUAS_main.turn_lap:631] - next wp: 2
2025-06-22 19:28:23,506 - SUAS - DEBUG - [SUAS_main.turn_lap:632] - wp_num:6
2025-06-22 19:28:23,557 - SUAS - DEBUG - [SUAS_main.turn_lap:631] - next wp: 2
2025-06-22 19:28:23,558 - SUAS - DEBUG - [SUAS_main.turn_lap:632] - wp_num:6
2025-06-22 19:28:23,609 - SUAS - DEBUG - [SUAS_main.turn_lap:631] - next wp: 2
2025-06-22 19:28:23,610 - SUAS - DEBUG - [SUAS_main.turn_lap:632] - wp_num:6
2025-06-22 19:28:23,661 - SUAS - DEBUG - [SUAS_main.turn_lap:631] - next wp: 2
2025-06-22 19:28:23,662 - SUAS - DEBUG - [SUAS_main.turn_lap:632] - wp_num:6
2025-06-22 19:28:23,713 - SUAS - DEBUG - [SUAS_main.turn_lap:631] - next wp: 2
2025-06-22 19:28:23,714 - SUAS - DEBUG - [SUAS_main.turn_lap:632] - wp_num:6
2025-06-22 19:28:23,764 - SUAS - DEBUG - [SUAS_main.turn_lap:631] - next wp: 2
2025-06-22 19:28:23,766 - SUAS - DEBUG - [SUAS_main.turn_lap:632] - wp_num:6
2025-06-22 19:28:23,817 - SUAS - DEBUG - [SUAS_main.turn_lap:631] - next wp: 2
2025-06-22 19:28:23,818 - SUAS - DEBUG - [SUAS_main.turn_lap:632] - wp_num:6
2025-06-22 19:28:23,869 - SUAS - DEBUG - [SUAS_main.turn_lap:631] - next wp: 2
2025-06-22 19:28:23,870 - SUAS - DEBUG - [SUAS_main.turn_lap:632] - wp_num:6
2025-06-22 19:28:23,921 - SUAS - DEBUG - [SUAS_main.turn_lap:631] - next wp: 2
2025-06-22 19:28:23,922 - SUAS - DEBUG - [SUAS_main.turn_lap:632] - wp_num:6
2025-06-22 19:28:23,973 - SUAS - DEBUG - [SUAS_main.turn_lap:631] - next wp: 2
2025-06-22 19:28:23,974 - SUAS - DEBUG - [SUAS_main.turn_lap:632] - wp_num:6
2025-06-22 19:28:24,024 - SUAS - DEBUG - [SUAS_main.turn_lap:631] - next wp: 2
2025-06-22 19:28:24,026 - SUAS - DEBUG - [SUAS_main.turn_lap:632] - wp_num:6
2025-06-22 19:28:24,079 - SUAS - DEBUG - [SUAS_main.turn_lap:631] - next wp: 2
2025-06-22 19:28:24,080 - SUAS - DEBUG - [SUAS_main.turn_lap:632] - wp_num:6
2025-06-22 19:28:24,131 - SUAS - DEBUG - [SUAS_main.turn_lap:631] - next wp: 2
2025-06-22 19:28:24,132 - SUAS - DEBUG - [SUAS_main.turn_lap:632] - wp_num:6
2025-06-22 19:28:24,183 - SUAS - DEBUG - [SUAS_main.turn_lap:631] - next wp: 2
2025-06-22 19:28:24,184 - SUAS - DEBUG - [SUAS_main.turn_lap:632] - wp_num:6
2025-06-22 19:28:24,235 - SUAS - DEBUG - [SUAS_main.turn_lap:631] - next wp: 2
2025-06-22 19:28:24,236 - SUAS - DEBUG - [SUAS_main.turn_lap:632] - wp_num:6
2025-06-22 19:28:24,287 - SUAS - DEBUG - [SUAS_main.turn_lap:631] - next wp: 2
2025-06-22 19:28:24,288 - SUAS - DEBUG - [SUAS_main.turn_lap:632] - wp_num:6
2025-06-22 19:28:24,339 - SUAS - DEBUG - [SUAS_main.turn_lap:631] - next wp: 2
2025-06-22 19:28:24,340 - SUAS - DEBUG - [SUAS_main.turn_lap:632] - wp_num:6
2025-06-22 19:28:24,391 - SUAS - DEBUG - [SUAS_main.turn_lap:631] - next wp: 2
2025-06-22 19:28:24,392 - SUAS - DEBUG - [SUAS_main.turn_lap:632] - wp_num:6
2025-06-22 19:28:24,443 - SUAS - DEBUG - [SUAS_main.turn_lap:631] - next wp: 2
2025-06-22 19:28:24,444 - SUAS - DEBUG - [SUAS_main.turn_lap:632] - wp_num:6
2025-06-22 19:28:24,494 - SUAS - DEBUG - [SUAS_main.turn_lap:631] - next wp: 2
2025-06-22 19:28:24,495 - SUAS - DEBUG - [SUAS_main.turn_lap:632] - wp_num:6
2025-06-22 19:28:24,546 - SUAS - DEBUG - [SUAS_main.turn_lap:631] - next wp: 2
2025-06-22 19:28:24,547 - SUAS - DEBUG - [SUAS_main.turn_lap:632] - wp_num:6
2025-06-22 19:28:24,598 - SUAS - DEBUG - [SUAS_main.turn_lap:631] - next wp: 2
2025-06-22 19:28:24,600 - SUAS - DEBUG - [SUAS_main.turn_lap:632] - wp_num:6
2025-06-22 19:28:24,651 - SUAS - DEBUG - [SUAS_main.turn_lap:631] - next wp: 2
2025-06-22 19:28:24,652 - SUAS - DEBUG - [SUAS_main.turn_lap:632] - wp_num:6
2025-06-22 19:28:24,703 - SUAS - DEBUG - [SUAS_main.turn_lap:631] - next wp: 2
2025-06-22 19:28:24,704 - SUAS - DEBUG - [SUAS_main.turn_lap:632] - wp_num:6
2025-06-22 19:28:24,754 - SUAS - DEBUG - [SUAS_main.turn_lap:631] - next wp: 2
2025-06-22 19:28:24,755 - SUAS - DEBUG - [SUAS_main.turn_lap:632] - wp_num:6
2025-06-22 19:28:24,807 - SUAS - DEBUG - [SUAS_main.turn_lap:631] - next wp: 2
2025-06-22 19:28:24,808 - SUAS - DEBUG - [SUAS_main.turn_lap:632] - wp_num:6
2025-06-22 19:28:24,860 - SUAS - DEBUG - [SUAS_main.turn_lap:631] - next wp: 2
2025-06-22 19:28:24,860 - SUAS - DEBUG - [SUAS_main.turn_lap:632] - wp_num:6
2025-06-22 19:28:24,911 - SUAS - DEBUG - [SUAS_main.turn_lap:631] - next wp: 2
2025-06-22 19:28:24,912 - SUAS - DEBUG - [SUAS_main.turn_lap:632] - wp_num:6
2025-06-22 19:28:24,963 - SUAS - DEBUG - [SUAS_main.turn_lap:631] - next wp: 2
2025-06-22 19:28:24,964 - SUAS - DEBUG - [SUAS_main.turn_lap:632] - wp_num:6
2025-06-22 19:28:25,014 - SUAS - DEBUG - [SUAS_main.turn_lap:631] - next wp: 2
2025-06-22 19:28:25,015 - SUAS - DEBUG - [SUAS_main.turn_lap:632] - wp_num:6
2025-06-22 19:28:25,066 - SUAS - DEBUG - [SUAS_main.turn_lap:631] - next wp: 2
2025-06-22 19:28:25,067 - SUAS - DEBUG - [SUAS_main.turn_lap:632] - wp_num:6
2025-06-22 19:28:25,118 - SUAS - DEBUG - [SUAS_main.turn_lap:631] - next wp: 2
2025-06-22 19:28:25,119 - SUAS - DEBUG - [SUAS_main.turn_lap:632] - wp_num:6
2025-06-22 19:28:25,170 - SUAS - DEBUG - [SUAS_main.turn_lap:631] - next wp: 2
2025-06-22 19:28:25,171 - SUAS - DEBUG - [SUAS_main.turn_lap:632] - wp_num:6
2025-06-22 19:28:25,221 - SUAS - DEBUG - [SUAS_main.turn_lap:631] - next wp: 2
2025-06-22 19:28:25,222 - SUAS - DEBUG - [SUAS_main.turn_lap:632] - wp_num:6
2025-06-22 19:28:25,273 - SUAS - DEBUG - [SUAS_main.turn_lap:631] - next wp: 2
2025-06-22 19:28:25,274 - SUAS - DEBUG - [SUAS_main.turn_lap:632] - wp_num:6
2025-06-22 19:28:25,325 - SUAS - DEBUG - [SUAS_main.turn_lap:631] - next wp: 2
2025-06-22 19:28:25,326 - SUAS - DEBUG - [SUAS_main.turn_lap:632] - wp_num:6
2025-06-22 19:28:25,377 - SUAS - DEBUG - [SUAS_main.turn_lap:631] - next wp: 2
2025-06-22 19:28:25,378 - SUAS - DEBUG - [SUAS_main.turn_lap:632] - wp_num:6
2025-06-22 19:28:25,429 - SUAS - DEBUG - [SUAS_main.turn_lap:631] - next wp: 2
2025-06-22 19:28:25,431 - SUAS - DEBUG - [SUAS_main.turn_lap:632] - wp_num:6
2025-06-22 19:28:25,482 - SUAS - DEBUG - [SUAS_main.turn_lap:631] - next wp: 2
2025-06-22 19:28:25,482 - SUAS - DEBUG - [SUAS_main.turn_lap:632] - wp_num:6
2025-06-22 19:28:25,533 - SUAS - DEBUG - [SUAS_main.turn_lap:631] - next wp: 2
2025-06-22 19:28:25,534 - SUAS - DEBUG - [SUAS_main.turn_lap:632] - wp_num:6
2025-06-22 19:28:25,585 - SUAS - DEBUG - [SUAS_main.turn_lap:631] - next wp: 2
2025-06-22 19:28:25,586 - SUAS - DEBUG - [SUAS_main.turn_lap:632] - wp_num:6
2025-06-22 19:28:25,637 - SUAS - DEBUG - [SUAS_main.turn_lap:631] - next wp: 2
2025-06-22 19:28:25,638 - SUAS - DEBUG - [SUAS_main.turn_lap:632] - wp_num:6
2025-06-22 19:28:25,689 - SUAS - DEBUG - [SUAS_main.turn_lap:631] - next wp: 2
2025-06-22 19:28:25,690 - SUAS - DEBUG - [SUAS_main.turn_lap:632] - wp_num:6
2025-06-22 19:28:25,741 - SUAS - DEBUG - [SUAS_main.turn_lap:631] - next wp: 2
2025-06-22 19:28:25,742 - SUAS - DEBUG - [SUAS_main.turn_lap:632] - wp_num:6
2025-06-22 19:28:25,793 - SUAS - DEBUG - [SUAS_main.turn_lap:631] - next wp: 2
2025-06-22 19:28:25,793 - SUAS - DEBUG - [SUAS_main.turn_lap:632] - wp_num:6
2025-06-22 19:28:25,844 - SUAS - DEBUG - [SUAS_main.turn_lap:631] - next wp: 2
2025-06-22 19:28:25,845 - SUAS - DEBUG - [SUAS_main.turn_lap:632] - wp_num:6
2025-06-22 19:28:25,897 - SUAS - DEBUG - [SUAS_main.turn_lap:631] - next wp: 2
2025-06-22 19:28:25,897 - SUAS - DEBUG - [SUAS_main.turn_lap:632] - wp_num:6
2025-06-22 19:28:25,948 - SUAS - DEBUG - [SUAS_main.turn_lap:631] - next wp: 2
2025-06-22 19:28:25,949 - SUAS - DEBUG - [SUAS_main.turn_lap:632] - wp_num:6
2025-06-22 19:28:26,000 - SUAS - DEBUG - [SUAS_main.turn_lap:631] - next wp: 2
2025-06-22 19:28:26,001 - SUAS - DEBUG - [SUAS_main.turn_lap:632] - wp_num:6
2025-06-22 19:28:26,052 - SUAS - DEBUG - [SUAS_main.turn_lap:631] - next wp: 2
2025-06-22 19:28:26,053 - SUAS - DEBUG - [SUAS_main.turn_lap:632] - wp_num:6
2025-06-22 19:28:26,104 - SUAS - DEBUG - [SUAS_main.turn_lap:631] - next wp: 2
2025-06-22 19:28:26,105 - SUAS - DEBUG - [SUAS_main.turn_lap:632] - wp_num:6
2025-06-22 19:28:26,156 - SUAS - DEBUG - [SUAS_main.turn_lap:631] - next wp: 2
2025-06-22 19:28:26,157 - SUAS - DEBUG - [SUAS_main.turn_lap:632] - wp_num:6
2025-06-22 19:28:26,208 - SUAS - DEBUG - [SUAS_main.turn_lap:631] - next wp: 2
2025-06-22 19:28:26,209 - SUAS - DEBUG - [SUAS_main.turn_lap:632] - wp_num:6
2025-06-22 19:28:26,260 - SUAS - DEBUG - [SUAS_main.turn_lap:631] - next wp: 2
2025-06-22 19:28:26,261 - SUAS - DEBUG - [SUAS_main.turn_lap:632] - wp_num:6
2025-06-22 19:28:26,312 - SUAS - DEBUG - [SUAS_main.turn_lap:631] - next wp: 2
2025-06-22 19:28:26,313 - SUAS - DEBUG - [SUAS_main.turn_lap:632] - wp_num:6
2025-06-22 19:28:26,364 - SUAS - DEBUG - [SUAS_main.turn_lap:631] - next wp: 2
2025-06-22 19:28:26,365 - SUAS - DEBUG - [SUAS_main.turn_lap:632] - wp_num:6
2025-06-22 19:28:26,417 - SUAS - DEBUG - [SUAS_main.turn_lap:631] - next wp: 2
2025-06-22 19:28:26,417 - SUAS - DEBUG - [SUAS_main.turn_lap:632] - wp_num:6
2025-06-22 19:28:26,468 - SUAS - DEBUG - [SUAS_main.turn_lap:631] - next wp: 2
2025-06-22 19:28:26,469 - SUAS - DEBUG - [SUAS_main.turn_lap:632] - wp_num:6
2025-06-22 19:28:26,520 - SUAS - DEBUG - [SUAS_main.turn_lap:631] - next wp: 2
2025-06-22 19:28:26,521 - SUAS - DEBUG - [SUAS_main.turn_lap:632] - wp_num:6
2025-06-22 19:28:26,572 - SUAS - DEBUG - [SUAS_main.turn_lap:631] - next wp: 2
2025-06-22 19:28:26,573 - SUAS - DEBUG - [SUAS_main.turn_lap:632] - wp_num:6
2025-06-22 19:28:26,624 - SUAS - DEBUG - [SUAS_main.turn_lap:631] - next wp: 2
2025-06-22 19:28:26,625 - SUAS - DEBUG - [SUAS_main.turn_lap:632] - wp_num:6
2025-06-22 19:28:26,676 - SUAS - DEBUG - [SUAS_main.turn_lap:631] - next wp: 2
2025-06-22 19:28:26,677 - SUAS - DEBUG - [SUAS_main.turn_lap:632] - wp_num:6
2025-06-22 19:28:26,728 - SUAS - DEBUG - [SUAS_main.turn_lap:631] - next wp: 2
2025-06-22 19:28:26,729 - SUAS - DEBUG - [SUAS_main.turn_lap:632] - wp_num:6
2025-06-22 19:28:26,780 - SUAS - DEBUG - [SUAS_main.turn_lap:631] - next wp: 2
2025-06-22 19:28:26,781 - SUAS - DEBUG - [SUAS_main.turn_lap:632] - wp_num:6
2025-06-22 19:28:26,832 - SUAS - DEBUG - [SUAS_main.turn_lap:631] - next wp: 2
2025-06-22 19:28:26,833 - SUAS - DEBUG - [SUAS_main.turn_lap:632] - wp_num:6
2025-06-22 19:28:26,885 - SUAS - DEBUG - [SUAS_main.turn_lap:631] - next wp: 2
2025-06-22 19:28:26,886 - SUAS - DEBUG - [SUAS_main.turn_lap:632] - wp_num:6
2025-06-22 19:28:26,937 - SUAS - DEBUG - [SUAS_main.turn_lap:631] - next wp: 2
2025-06-22 19:28:26,938 - SUAS - DEBUG - [SUAS_main.turn_lap:632] - wp_num:6
2025-06-22 19:28:26,989 - SUAS - DEBUG - [SUAS_main.turn_lap:631] - next wp: 2
2025-06-22 19:28:26,990 - SUAS - DEBUG - [SUAS_main.turn_lap:632] - wp_num:6
2025-06-22 19:28:27,041 - SUAS - DEBUG - [SUAS_main.turn_lap:631] - next wp: 2
2025-06-22 19:28:27,042 - SUAS - DEBUG - [SUAS_main.turn_lap:632] - wp_num:6
2025-06-22 19:28:27,093 - SUAS - DEBUG - [SUAS_main.turn_lap:631] - next wp: 2
2025-06-22 19:28:27,094 - SUAS - DEBUG - [SUAS_main.turn_lap:632] - wp_num:6
2025-06-22 19:28:27,145 - SUAS - DEBUG - [SUAS_main.turn_lap:631] - next wp: 2
2025-06-22 19:28:27,146 - SUAS - DEBUG - [SUAS_main.turn_lap:632] - wp_num:6
2025-06-22 19:28:27,197 - SUAS - DEBUG - [SUAS_main.turn_lap:631] - next wp: 2
2025-06-22 19:28:27,197 - SUAS - DEBUG - [SUAS_main.turn_lap:632] - wp_num:6
2025-06-22 19:28:27,248 - SUAS - DEBUG - [SUAS_main.turn_lap:631] - next wp: 2
2025-06-22 19:28:27,249 - SUAS - DEBUG - [SUAS_main.turn_lap:632] - wp_num:6
2025-06-22 19:28:27,300 - SUAS - DEBUG - [SUAS_main.turn_lap:631] - next wp: 2
2025-06-22 19:28:27,301 - SUAS - DEBUG - [SUAS_main.turn_lap:632] - wp_num:6
2025-06-22 19:28:27,352 - SUAS - DEBUG - [SUAS_main.turn_lap:631] - next wp: 2
2025-06-22 19:28:27,353 - SUAS - DEBUG - [SUAS_main.turn_lap:632] - wp_num:6
2025-06-22 19:28:27,404 - SUAS - DEBUG - [SUAS_main.turn_lap:631] - next wp: 2
2025-06-22 19:28:27,405 - SUAS - DEBUG - [SUAS_main.turn_lap:632] - wp_num:6
2025-06-22 19:28:27,456 - SUAS - DEBUG - [SUAS_main.turn_lap:631] - next wp: 2
2025-06-22 19:28:27,457 - SUAS - DEBUG - [SUAS_main.turn_lap:632] - wp_num:6
2025-06-22 19:28:27,508 - SUAS - DEBUG - [SUAS_main.turn_lap:631] - next wp: 2
2025-06-22 19:28:27,510 - SUAS - DEBUG - [SUAS_main.turn_lap:632] - wp_num:6
2025-06-22 19:28:27,561 - SUAS - DEBUG - [SUAS_main.turn_lap:631] - next wp: 2
2025-06-22 19:28:27,562 - SUAS - DEBUG - [SUAS_main.turn_lap:632] - wp_num:6
2025-06-22 19:28:27,613 - SUAS - DEBUG - [SUAS_main.turn_lap:631] - next wp: 2
2025-06-22 19:28:27,614 - SUAS - DEBUG - [SUAS_main.turn_lap:632] - wp_num:6
2025-06-22 19:28:27,664 - SUAS - DEBUG - [SUAS_main.turn_lap:631] - next wp: 2
2025-06-22 19:28:27,665 - SUAS - DEBUG - [SUAS_main.turn_lap:632] - wp_num:6
2025-06-22 19:28:27,716 - SUAS - DEBUG - [SUAS_main.turn_lap:631] - next wp: 2
2025-06-22 19:28:27,717 - SUAS - DEBUG - [SUAS_main.turn_lap:632] - wp_num:6
2025-06-22 19:28:27,768 - SUAS - DEBUG - [SUAS_main.turn_lap:631] - next wp: 2
2025-06-22 19:28:27,769 - SUAS - DEBUG - [SUAS_main.turn_lap:632] - wp_num:6
2025-06-22 19:28:27,820 - SUAS - DEBUG - [SUAS_main.turn_lap:631] - next wp: 2
2025-06-22 19:28:27,821 - SUAS - DEBUG - [SUAS_main.turn_lap:632] - wp_num:6
2025-06-22 19:28:27,872 - SUAS - DEBUG - [SUAS_main.turn_lap:631] - next wp: 2
2025-06-22 19:28:27,873 - SUAS - DEBUG - [SUAS_main.turn_lap:632] - wp_num:6
2025-06-22 19:28:27,924 - SUAS - DEBUG - [SUAS_main.turn_lap:631] - next wp: 2
2025-06-22 19:28:27,925 - SUAS - DEBUG - [SUAS_main.turn_lap:632] - wp_num:6
2025-06-22 19:28:27,976 - SUAS - DEBUG - [SUAS_main.turn_lap:631] - next wp: 2
2025-06-22 19:28:27,977 - SUAS - DEBUG - [SUAS_main.turn_lap:632] - wp_num:6
2025-06-22 19:28:28,028 - SUAS - DEBUG - [SUAS_main.turn_lap:631] - next wp: 2
2025-06-22 19:28:28,029 - SUAS - DEBUG - [SUAS_main.turn_lap:632] - wp_num:6
2025-06-22 19:28:28,080 - SUAS - DEBUG - [SUAS_main.turn_lap:631] - next wp: 2
2025-06-22 19:28:28,080 - SUAS - DEBUG - [SUAS_main.turn_lap:632] - wp_num:6
2025-06-22 19:28:28,131 - SUAS - DEBUG - [SUAS_main.turn_lap:631] - next wp: 2
2025-06-22 19:28:28,132 - SUAS - DEBUG - [SUAS_main.turn_lap:632] - wp_num:6
2025-06-22 19:28:28,183 - SUAS - DEBUG - [SUAS_main.turn_lap:631] - next wp: 2
2025-06-22 19:28:28,184 - SUAS - DEBUG - [SUAS_main.turn_lap:632] - wp_num:6
2025-06-22 19:28:28,235 - SUAS - DEBUG - [SUAS_main.turn_lap:631] - next wp: 2
2025-06-22 19:28:28,236 - SUAS - DEBUG - [SUAS_main.turn_lap:632] - wp_num:6
2025-06-22 19:28:28,287 - SUAS - DEBUG - [SUAS_main.turn_lap:631] - next wp: 2
2025-06-22 19:28:28,288 - SUAS - DEBUG - [SUAS_main.turn_lap:632] - wp_num:6
2025-06-22 19:28:28,339 - SUAS - DEBUG - [SUAS_main.turn_lap:631] - next wp: 2
2025-06-22 19:28:28,340 - SUAS - DEBUG - [SUAS_main.turn_lap:632] - wp_num:6
2025-06-22 19:28:28,391 - SUAS - DEBUG - [SUAS_main.turn_lap:631] - next wp: 2
2025-06-22 19:28:28,391 - SUAS - DEBUG - [SUAS_main.turn_lap:632] - wp_num:6
2025-06-22 19:28:28,442 - SUAS - DEBUG - [SUAS_main.turn_lap:631] - next wp: 2
2025-06-22 19:28:28,443 - SUAS - DEBUG - [SUAS_main.turn_lap:632] - wp_num:6
2025-06-22 19:28:28,494 - SUAS - DEBUG - [SUAS_main.turn_lap:631] - next wp: 2
2025-06-22 19:28:28,495 - SUAS - DEBUG - [SUAS_main.turn_lap:632] - wp_num:6
2025-06-22 19:28:28,546 - SUAS - DEBUG - [SUAS_main.turn_lap:631] - next wp: 2
2025-06-22 19:28:28,547 - SUAS - DEBUG - [SUAS_main.turn_lap:632] - wp_num:6
2025-06-22 19:28:28,598 - SUAS - DEBUG - [SUAS_main.turn_lap:631] - next wp: 2
2025-06-22 19:28:28,599 - SUAS - DEBUG - [SUAS_main.turn_lap:632] - wp_num:6
2025-06-22 19:28:28,649 - SUAS - DEBUG - [SUAS_main.turn_lap:631] - next wp: 2
2025-06-22 19:28:28,650 - SUAS - DEBUG - [SUAS_main.turn_lap:632] - wp_num:6
2025-06-22 19:28:28,701 - SUAS - DEBUG - [SUAS_main.turn_lap:631] - next wp: 2
2025-06-22 19:28:28,702 - SUAS - DEBUG - [SUAS_main.turn_lap:632] - wp_num:6
2025-06-22 19:28:28,753 - SUAS - DEBUG - [SUAS_main.turn_lap:631] - next wp: 2
2025-06-22 19:28:28,754 - SUAS - DEBUG - [SUAS_main.turn_lap:632] - wp_num:6
2025-06-22 19:28:28,805 - SUAS - DEBUG - [SUAS_main.turn_lap:631] - next wp: 2
2025-06-22 19:28:28,806 - SUAS - DEBUG - [SUAS_main.turn_lap:632] - wp_num:6
2025-06-22 19:28:28,857 - SUAS - DEBUG - [SUAS_main.turn_lap:631] - next wp: 2
2025-06-22 19:28:28,858 - SUAS - DEBUG - [SUAS_main.turn_lap:632] - wp_num:6
2025-06-22 19:28:28,909 - SUAS - DEBUG - [SUAS_main.turn_lap:631] - next wp: 2
2025-06-22 19:28:28,910 - SUAS - DEBUG - [SUAS_main.turn_lap:632] - wp_num:6
2025-06-22 19:28:28,961 - SUAS - DEBUG - [SUAS_main.turn_lap:631] - next wp: 2
2025-06-22 19:28:28,962 - SUAS - DEBUG - [SUAS_main.turn_lap:632] - wp_num:6
2025-06-22 19:28:29,013 - SUAS - DEBUG - [SUAS_main.turn_lap:631] - next wp: 2
2025-06-22 19:28:29,013 - SUAS - DEBUG - [SUAS_main.turn_lap:632] - wp_num:6
2025-06-22 19:28:29,064 - SUAS - DEBUG - [SUAS_main.turn_lap:631] - next wp: 2
2025-06-22 19:28:29,066 - SUAS - DEBUG - [SUAS_main.turn_lap:632] - wp_num:6
2025-06-22 19:28:29,117 - SUAS - DEBUG - [SUAS_main.turn_lap:631] - next wp: 2
2025-06-22 19:28:29,118 - SUAS - DEBUG - [SUAS_main.turn_lap:632] - wp_num:6
2025-06-22 19:28:29,169 - SUAS - DEBUG - [SUAS_main.turn_lap:631] - next wp: 2
2025-06-22 19:28:29,170 - SUAS - DEBUG - [SUAS_main.turn_lap:632] - wp_num:6
2025-06-22 19:28:29,221 - SUAS - DEBUG - [SUAS_main.turn_lap:631] - next wp: 2
2025-06-22 19:28:29,221 - SUAS - DEBUG - [SUAS_main.turn_lap:632] - wp_num:6
2025-06-22 19:28:29,272 - SUAS - DEBUG - [SUAS_main.turn_lap:631] - next wp: 2
2025-06-22 19:28:29,273 - SUAS - DEBUG - [SUAS_main.turn_lap:632] - wp_num:6
2025-06-22 19:28:29,324 - SUAS - DEBUG - [SUAS_main.turn_lap:631] - next wp: 2
2025-06-22 19:28:29,325 - SUAS - DEBUG - [SUAS_main.turn_lap:632] - wp_num:6
2025-06-22 19:28:29,376 - SUAS - DEBUG - [SUAS_main.turn_lap:631] - next wp: 2
2025-06-22 19:28:29,376 - SUAS - DEBUG - [SUAS_main.turn_lap:632] - wp_num:6
2025-06-22 19:28:29,427 - SUAS - DEBUG - [SUAS_main.turn_lap:631] - next wp: 2
2025-06-22 19:28:29,428 - SUAS - DEBUG - [SUAS_main.turn_lap:632] - wp_num:6
2025-06-22 19:28:29,479 - SUAS - DEBUG - [SUAS_main.turn_lap:631] - next wp: 2
2025-06-22 19:28:29,480 - SUAS - DEBUG - [SUAS_main.turn_lap:632] - wp_num:6
2025-06-22 19:28:29,531 - SUAS - DEBUG - [SUAS_main.turn_lap:631] - next wp: 2
2025-06-22 19:28:29,532 - SUAS - DEBUG - [SUAS_main.turn_lap:632] - wp_num:6
2025-06-22 19:28:29,583 - SUAS - DEBUG - [SUAS_main.turn_lap:631] - next wp: 3
2025-06-22 19:28:29,584 - SUAS - DEBUG - [SUAS_main.turn_lap:632] - wp_num:6
2025-06-22 19:28:29,635 - SUAS - DEBUG - [SUAS_main.turn_lap:631] - next wp: 3
2025-06-22 19:28:29,636 - SUAS - DEBUG - [SUAS_main.turn_lap:632] - wp_num:6
2025-06-22 19:28:29,687 - SUAS - DEBUG - [SUAS_main.turn_lap:631] - next wp: 3
2025-06-22 19:28:29,688 - SUAS - DEBUG - [SUAS_main.turn_lap:632] - wp_num:6
2025-06-22 19:28:29,739 - SUAS - DEBUG - [SUAS_main.turn_lap:631] - next wp: 3
2025-06-22 19:28:29,740 - SUAS - DEBUG - [SUAS_main.turn_lap:632] - wp_num:6
2025-06-22 19:28:29,791 - SUAS - DEBUG - [SUAS_main.turn_lap:631] - next wp: 3
2025-06-22 19:28:29,791 - SUAS - DEBUG - [SUAS_main.turn_lap:632] - wp_num:6
2025-06-22 19:28:29,842 - SUAS - DEBUG - [SUAS_main.turn_lap:631] - next wp: 3
2025-06-22 19:28:29,843 - SUAS - DEBUG - [SUAS_main.turn_lap:632] - wp_num:6
2025-06-22 19:28:29,895 - SUAS - DEBUG - [SUAS_main.turn_lap:631] - next wp: 3
2025-06-22 19:28:29,896 - SUAS - DEBUG - [SUAS_main.turn_lap:632] - wp_num:6
2025-06-22 19:28:29,946 - SUAS - DEBUG - [SUAS_main.turn_lap:631] - next wp: 3
2025-06-22 19:28:29,947 - SUAS - DEBUG - [SUAS_main.turn_lap:632] - wp_num:6
2025-06-22 19:28:29,998 - SUAS - DEBUG - [SUAS_main.turn_lap:631] - next wp: 3
2025-06-22 19:28:29,999 - SUAS - DEBUG - [SUAS_main.turn_lap:632] - wp_num:6
2025-06-22 19:28:30,050 - SUAS - DEBUG - [SUAS_main.turn_lap:631] - next wp: 3
2025-06-22 19:28:30,051 - SUAS - DEBUG - [SUAS_main.turn_lap:632] - wp_num:6
2025-06-22 19:28:30,102 - SUAS - DEBUG - [SUAS_main.turn_lap:631] - next wp: 3
2025-06-22 19:28:30,103 - SUAS - DEBUG - [SUAS_main.turn_lap:632] - wp_num:6
2025-06-22 19:28:30,154 - SUAS - DEBUG - [SUAS_main.turn_lap:631] - next wp: 3
2025-06-22 19:28:30,155 - SUAS - DEBUG - [SUAS_main.turn_lap:632] - wp_num:6
2025-06-22 19:28:30,206 - SUAS - DEBUG - [SUAS_main.turn_lap:631] - next wp: 3
2025-06-22 19:28:30,208 - SUAS - DEBUG - [SUAS_main.turn_lap:632] - wp_num:6
2025-06-22 19:28:30,259 - SUAS - DEBUG - [SUAS_main.turn_lap:631] - next wp: 3
2025-06-22 19:28:30,260 - SUAS - DEBUG - [SUAS_main.turn_lap:632] - wp_num:6
2025-06-22 19:28:30,311 - SUAS - DEBUG - [SUAS_main.turn_lap:631] - next wp: 3
2025-06-22 19:28:30,311 - SUAS - DEBUG - [SUAS_main.turn_lap:632] - wp_num:6
2025-06-22 19:28:30,362 - SUAS - DEBUG - [SUAS_main.turn_lap:631] - next wp: 3
2025-06-22 19:28:30,363 - SUAS - DEBUG - [SUAS_main.turn_lap:632] - wp_num:6
2025-06-22 19:28:30,415 - SUAS - DEBUG - [SUAS_main.turn_lap:631] - next wp: 3
2025-06-22 19:28:30,416 - SUAS - DEBUG - [SUAS_main.turn_lap:632] - wp_num:6
2025-06-22 19:28:30,467 - SUAS - DEBUG - [SUAS_main.turn_lap:631] - next wp: 3
2025-06-22 19:28:30,468 - SUAS - DEBUG - [SUAS_main.turn_lap:632] - wp_num:6
2025-06-22 19:28:30,519 - SUAS - DEBUG - [SUAS_main.turn_lap:631] - next wp: 3
2025-06-22 19:28:30,520 - SUAS - DEBUG - [SUAS_main.turn_lap:632] - wp_num:6
2025-06-22 19:28:30,570 - SUAS - DEBUG - [SUAS_main.turn_lap:631] - next wp: 3
2025-06-22 19:28:30,571 - SUAS - DEBUG - [SUAS_main.turn_lap:632] - wp_num:6
2025-06-22 19:28:30,622 - SUAS - DEBUG - [SUAS_main.turn_lap:631] - next wp: 3
2025-06-22 19:28:30,623 - SUAS - DEBUG - [SUAS_main.turn_lap:632] - wp_num:6
2025-06-22 19:28:30,674 - SUAS - DEBUG - [SUAS_main.turn_lap:631] - next wp: 3
2025-06-22 19:28:30,675 - SUAS - DEBUG - [SUAS_main.turn_lap:632] - wp_num:6
2025-06-22 19:28:30,726 - SUAS - DEBUG - [SUAS_main.turn_lap:631] - next wp: 3
2025-06-22 19:28:30,727 - SUAS - DEBUG - [SUAS_main.turn_lap:632] - wp_num:6
2025-06-22 19:28:30,778 - SUAS - DEBUG - [SUAS_main.turn_lap:631] - next wp: 3
2025-06-22 19:28:30,779 - SUAS - DEBUG - [SUAS_main.turn_lap:632] - wp_num:6
2025-06-22 19:28:30,830 - SUAS - DEBUG - [SUAS_main.turn_lap:631] - next wp: 3
2025-06-22 19:28:30,831 - SUAS - DEBUG - [SUAS_main.turn_lap:632] - wp_num:6
2025-06-22 19:28:30,882 - SUAS - DEBUG - [SUAS_main.turn_lap:631] - next wp: 3
2025-06-22 19:28:30,883 - SUAS - DEBUG - [SUAS_main.turn_lap:632] - wp_num:6
2025-06-22 19:28:30,935 - SUAS - DEBUG - [SUAS_main.turn_lap:631] - next wp: 3
2025-06-22 19:28:30,937 - SUAS - DEBUG - [SUAS_main.turn_lap:632] - wp_num:6
2025-06-22 19:28:30,988 - SUAS - DEBUG - [SUAS_main.turn_lap:631] - next wp: 3
2025-06-22 19:28:30,990 - SUAS - DEBUG - [SUAS_main.turn_lap:632] - wp_num:6
2025-06-22 19:28:31,042 - SUAS - DEBUG - [SUAS_main.turn_lap:631] - next wp: 3
2025-06-22 19:28:31,044 - SUAS - DEBUG - [SUAS_main.turn_lap:632] - wp_num:6
2025-06-22 19:28:31,095 - SUAS - DEBUG - [SUAS_main.turn_lap:631] - next wp: 3
2025-06-22 19:28:31,096 - SUAS - DEBUG - [SUAS_main.turn_lap:632] - wp_num:6
2025-06-22 19:28:31,147 - SUAS - DEBUG - [SUAS_main.turn_lap:631] - next wp: 3
2025-06-22 19:28:31,148 - SUAS - DEBUG - [SUAS_main.turn_lap:632] - wp_num:6
2025-06-22 19:28:31,199 - SUAS - DEBUG - [SUAS_main.turn_lap:631] - next wp: 3
2025-06-22 19:28:31,200 - SUAS - DEBUG - [SUAS_main.turn_lap:632] - wp_num:6
2025-06-22 19:28:31,251 - SUAS - DEBUG - [SUAS_main.turn_lap:631] - next wp: 3
2025-06-22 19:28:31,252 - SUAS - DEBUG - [SUAS_main.turn_lap:632] - wp_num:6
2025-06-22 19:28:31,303 - SUAS - DEBUG - [SUAS_main.turn_lap:631] - next wp: 3
2025-06-22 19:28:31,304 - SUAS - DEBUG - [SUAS_main.turn_lap:632] - wp_num:6
2025-06-22 19:28:31,355 - SUAS - DEBUG - [SUAS_main.turn_lap:631] - next wp: 3
2025-06-22 19:28:31,356 - SUAS - DEBUG - [SUAS_main.turn_lap:632] - wp_num:6
2025-06-22 19:28:31,407 - SUAS - DEBUG - [SUAS_main.turn_lap:631] - next wp: 3
2025-06-22 19:28:31,408 - SUAS - DEBUG - [SUAS_main.turn_lap:632] - wp_num:6
2025-06-22 19:28:31,459 - SUAS - DEBUG - [SUAS_main.turn_lap:631] - next wp: 3
2025-06-22 19:28:31,460 - SUAS - DEBUG - [SUAS_main.turn_lap:632] - wp_num:6
2025-06-22 19:28:31,511 - SUAS - DEBUG - [SUAS_main.turn_lap:631] - next wp: 3
2025-06-22 19:28:31,512 - SUAS - DEBUG - [SUAS_main.turn_lap:632] - wp_num:6
2025-06-22 19:28:31,563 - SUAS - DEBUG - [SUAS_main.turn_lap:631] - next wp: 3
2025-06-22 19:28:31,564 - SUAS - DEBUG - [SUAS_main.turn_lap:632] - wp_num:6
2025-06-22 19:28:31,617 - SUAS - DEBUG - [SUAS_main.turn_lap:631] - next wp: 3
2025-06-22 19:28:31,618 - SUAS - DEBUG - [SUAS_main.turn_lap:632] - wp_num:6
2025-06-22 19:28:31,669 - SUAS - DEBUG - [SUAS_main.turn_lap:631] - next wp: 3
2025-06-22 19:28:31,670 - SUAS - DEBUG - [SUAS_main.turn_lap:632] - wp_num:6
2025-06-22 19:28:31,720 - SUAS - DEBUG - [SUAS_main.turn_lap:631] - next wp: 3
2025-06-22 19:28:31,721 - SUAS - DEBUG - [SUAS_main.turn_lap:632] - wp_num:6
2025-06-22 19:28:31,773 - SUAS - DEBUG - [SUAS_main.turn_lap:631] - next wp: 3
2025-06-22 19:28:31,774 - SUAS - DEBUG - [SUAS_main.turn_lap:632] - wp_num:6
2025-06-22 19:28:31,824 - SUAS - DEBUG - [SUAS_main.turn_lap:631] - next wp: 3
2025-06-22 19:28:31,825 - SUAS - DEBUG - [SUAS_main.turn_lap:632] - wp_num:6
2025-06-22 19:28:31,908 - SUAS - DEBUG - [SUAS_main.turn_lap:631] - next wp: 3
2025-06-22 19:28:31,909 - SUAS - DEBUG - [SUAS_main.turn_lap:632] - wp_num:6
2025-06-22 19:28:31,960 - SUAS - DEBUG - [SUAS_main.turn_lap:631] - next wp: 3
2025-06-22 19:28:31,961 - SUAS - DEBUG - [SUAS_main.turn_lap:632] - wp_num:6
2025-06-22 19:28:32,012 - SUAS - DEBUG - [SUAS_main.turn_lap:631] - next wp: 3
2025-06-22 19:28:32,013 - SUAS - DEBUG - [SUAS_main.turn_lap:632] - wp_num:6
2025-06-22 19:28:32,063 - SUAS - DEBUG - [SUAS_main.turn_lap:631] - next wp: 3
2025-06-22 19:28:32,064 - SUAS - DEBUG - [SUAS_main.turn_lap:632] - wp_num:6
2025-06-22 19:28:32,116 - SUAS - DEBUG - [SUAS_main.turn_lap:631] - next wp: 3
2025-06-22 19:28:32,117 - SUAS - DEBUG - [SUAS_main.turn_lap:632] - wp_num:6
2025-06-22 19:28:32,168 - SUAS - DEBUG - [SUAS_main.turn_lap:631] - next wp: 3
2025-06-22 19:28:32,168 - SUAS - DEBUG - [SUAS_main.turn_lap:632] - wp_num:6
2025-06-22 19:28:32,219 - SUAS - DEBUG - [SUAS_main.turn_lap:631] - next wp: 3
2025-06-22 19:28:32,220 - SUAS - DEBUG - [SUAS_main.turn_lap:632] - wp_num:6
2025-06-22 19:28:32,271 - SUAS - DEBUG - [SUAS_main.turn_lap:631] - next wp: 3
2025-06-22 19:28:32,272 - SUAS - DEBUG - [SUAS_main.turn_lap:632] - wp_num:6
2025-06-22 19:28:32,323 - SUAS - DEBUG - [SUAS_main.turn_lap:631] - next wp: 3
2025-06-22 19:28:32,324 - SUAS - DEBUG - [SUAS_main.turn_lap:632] - wp_num:6
2025-06-22 19:28:32,375 - SUAS - DEBUG - [SUAS_main.turn_lap:631] - next wp: 3
2025-06-22 19:28:32,376 - SUAS - DEBUG - [SUAS_main.turn_lap:632] - wp_num:6
2025-06-22 19:28:32,427 - SUAS - DEBUG - [SUAS_main.turn_lap:631] - next wp: 3
2025-06-22 19:28:32,428 - SUAS - DEBUG - [SUAS_main.turn_lap:632] - wp_num:6
2025-06-22 19:28:32,478 - SUAS - DEBUG - [SUAS_main.turn_lap:631] - next wp: 3
2025-06-22 19:28:32,479 - SUAS - DEBUG - [SUAS_main.turn_lap:632] - wp_num:6
2025-06-22 19:28:32,530 - SUAS - DEBUG - [SUAS_main.turn_lap:631] - next wp: 3
2025-06-22 19:28:32,531 - SUAS - DEBUG - [SUAS_main.turn_lap:632] - wp_num:6
2025-06-22 19:28:32,582 - SUAS - DEBUG - [SUAS_main.turn_lap:631] - next wp: 3
2025-06-22 19:28:32,583 - SUAS - DEBUG - [SUAS_main.turn_lap:632] - wp_num:6
2025-06-22 19:28:32,634 - SUAS - DEBUG - [SUAS_main.turn_lap:631] - next wp: 3
2025-06-22 19:28:32,635 - SUAS - DEBUG - [SUAS_main.turn_lap:632] - wp_num:6
2025-06-22 19:28:32,686 - SUAS - DEBUG - [SUAS_main.turn_lap:631] - next wp: 3
2025-06-22 19:28:32,687 - SUAS - DEBUG - [SUAS_main.turn_lap:632] - wp_num:6
2025-06-22 19:28:32,738 - SUAS - DEBUG - [SUAS_main.turn_lap:631] - next wp: 3
2025-06-22 19:28:32,739 - SUAS - DEBUG - [SUAS_main.turn_lap:632] - wp_num:6
2025-06-22 19:28:32,790 - SUAS - DEBUG - [SUAS_main.turn_lap:631] - next wp: 3
2025-06-22 19:28:32,791 - SUAS - DEBUG - [SUAS_main.turn_lap:632] - wp_num:6
2025-06-22 19:28:32,841 - SUAS - DEBUG - [SUAS_main.turn_lap:631] - next wp: 3
2025-06-22 19:28:32,843 - SUAS - DEBUG - [SUAS_main.turn_lap:632] - wp_num:6
2025-06-22 19:28:32,894 - SUAS - DEBUG - [SUAS_main.turn_lap:631] - next wp: 3
2025-06-22 19:28:32,895 - SUAS - DEBUG - [SUAS_main.turn_lap:632] - wp_num:6
2025-06-22 19:28:32,946 - SUAS - DEBUG - [SUAS_main.turn_lap:631] - next wp: 3
2025-06-22 19:28:32,947 - SUAS - DEBUG - [SUAS_main.turn_lap:632] - wp_num:6
2025-06-22 19:28:32,998 - SUAS - DEBUG - [SUAS_main.turn_lap:631] - next wp: 3
2025-06-22 19:28:32,999 - SUAS - DEBUG - [SUAS_main.turn_lap:632] - wp_num:6
2025-06-22 19:28:33,049 - SUAS - DEBUG - [SUAS_main.turn_lap:631] - next wp: 3
2025-06-22 19:28:33,050 - SUAS - DEBUG - [SUAS_main.turn_lap:632] - wp_num:6
2025-06-22 19:28:33,101 - SUAS - DEBUG - [SUAS_main.turn_lap:631] - next wp: 3
2025-06-22 19:28:33,102 - SUAS - DEBUG - [SUAS_main.turn_lap:632] - wp_num:6
2025-06-22 19:28:33,153 - SUAS - DEBUG - [SUAS_main.turn_lap:631] - next wp: 3
2025-06-22 19:28:33,154 - SUAS - DEBUG - [SUAS_main.turn_lap:632] - wp_num:6
2025-06-22 19:28:33,206 - SUAS - DEBUG - [SUAS_main.turn_lap:631] - next wp: 3
2025-06-22 19:28:33,207 - SUAS - DEBUG - [SUAS_main.turn_lap:632] - wp_num:6
2025-06-22 19:28:33,258 - SUAS - DEBUG - [SUAS_main.turn_lap:631] - next wp: 3
2025-06-22 19:28:33,259 - SUAS - DEBUG - [SUAS_main.turn_lap:632] - wp_num:6
2025-06-22 19:28:33,310 - SUAS - DEBUG - [SUAS_main.turn_lap:631] - next wp: 3
2025-06-22 19:28:33,311 - SUAS - DEBUG - [SUAS_main.turn_lap:632] - wp_num:6
2025-06-22 19:28:33,362 - SUAS - DEBUG - [SUAS_main.turn_lap:631] - next wp: 3
2025-06-22 19:28:33,363 - SUAS - DEBUG - [SUAS_main.turn_lap:632] - wp_num:6
2025-06-22 19:28:33,414 - SUAS - DEBUG - [SUAS_main.turn_lap:631] - next wp: 3
2025-06-22 19:28:33,415 - SUAS - DEBUG - [SUAS_main.turn_lap:632] - wp_num:6
2025-06-22 19:28:33,466 - SUAS - DEBUG - [SUAS_main.turn_lap:631] - next wp: 3
2025-06-22 19:28:33,467 - SUAS - DEBUG - [SUAS_main.turn_lap:632] - wp_num:6
2025-06-22 19:28:33,518 - SUAS - DEBUG - [SUAS_main.turn_lap:631] - next wp: 3
2025-06-22 19:28:33,519 - SUAS - DEBUG - [SUAS_main.turn_lap:632] - wp_num:6
2025-06-22 19:28:33,570 - SUAS - DEBUG - [SUAS_main.turn_lap:631] - next wp: 3
2025-06-22 19:28:33,571 - SUAS - DEBUG - [SUAS_main.turn_lap:632] - wp_num:6
2025-06-22 19:28:33,622 - SUAS - DEBUG - [SUAS_main.turn_lap:631] - next wp: 3
2025-06-22 19:28:33,623 - SUAS - DEBUG - [SUAS_main.turn_lap:632] - wp_num:6
2025-06-22 19:28:33,674 - SUAS - DEBUG - [SUAS_main.turn_lap:631] - next wp: 3
2025-06-22 19:28:33,675 - SUAS - DEBUG - [SUAS_main.turn_lap:632] - wp_num:6
2025-06-22 19:28:33,726 - SUAS - DEBUG - [SUAS_main.turn_lap:631] - next wp: 3
2025-06-22 19:28:33,727 - SUAS - DEBUG - [SUAS_main.turn_lap:632] - wp_num:6
2025-06-22 19:28:33,778 - SUAS - DEBUG - [SUAS_main.turn_lap:631] - next wp: 3
2025-06-22 19:28:33,779 - SUAS - DEBUG - [SUAS_main.turn_lap:632] - wp_num:6
2025-06-22 19:28:33,830 - SUAS - DEBUG - [SUAS_main.turn_lap:631] - next wp: 3
2025-06-22 19:28:33,831 - SUAS - DEBUG - [SUAS_main.turn_lap:632] - wp_num:6
2025-06-22 19:28:33,882 - SUAS - DEBUG - [SUAS_main.turn_lap:631] - next wp: 3
2025-06-22 19:28:33,883 - SUAS - DEBUG - [SUAS_main.turn_lap:632] - wp_num:6
2025-06-22 19:28:33,934 - SUAS - DEBUG - [SUAS_main.turn_lap:631] - next wp: 3
2025-06-22 19:28:33,935 - SUAS - DEBUG - [SUAS_main.turn_lap:632] - wp_num:6
2025-06-22 19:28:33,986 - SUAS - DEBUG - [SUAS_main.turn_lap:631] - next wp: 3
2025-06-22 19:28:33,987 - SUAS - DEBUG - [SUAS_main.turn_lap:632] - wp_num:6
2025-06-22 19:28:34,038 - SUAS - DEBUG - [SUAS_main.turn_lap:631] - next wp: 3
2025-06-22 19:28:34,039 - SUAS - DEBUG - [SUAS_main.turn_lap:632] - wp_num:6
2025-06-22 19:28:34,092 - SUAS - DEBUG - [SUAS_main.turn_lap:631] - next wp: 3
2025-06-22 19:28:34,093 - SUAS - DEBUG - [SUAS_main.turn_lap:632] - wp_num:6
2025-06-22 19:28:34,144 - SUAS - DEBUG - [SUAS_main.turn_lap:631] - next wp: 3
2025-06-22 19:28:34,145 - SUAS - DEBUG - [SUAS_main.turn_lap:632] - wp_num:6
2025-06-22 19:28:34,195 - SUAS - DEBUG - [SUAS_main.turn_lap:631] - next wp: 3
2025-06-22 19:28:34,196 - SUAS - DEBUG - [SUAS_main.turn_lap:632] - wp_num:6
2025-06-22 19:28:34,247 - SUAS - DEBUG - [SUAS_main.turn_lap:631] - next wp: 3
2025-06-22 19:28:34,248 - SUAS - DEBUG - [SUAS_main.turn_lap:632] - wp_num:6
2025-06-22 19:28:34,299 - SUAS - DEBUG - [SUAS_main.turn_lap:631] - next wp: 3
2025-06-22 19:28:34,300 - SUAS - DEBUG - [SUAS_main.turn_lap:632] - wp_num:6
2025-06-22 19:28:34,351 - SUAS - DEBUG - [SUAS_main.turn_lap:631] - next wp: 3
2025-06-22 19:28:34,351 - SUAS - DEBUG - [SUAS_main.turn_lap:632] - wp_num:6
2025-06-22 19:28:34,402 - SUAS - DEBUG - [SUAS_main.turn_lap:631] - next wp: 3
2025-06-22 19:28:34,403 - SUAS - DEBUG - [SUAS_main.turn_lap:632] - wp_num:6
2025-06-22 19:28:34,455 - SUAS - DEBUG - [SUAS_main.turn_lap:631] - next wp: 3
2025-06-22 19:28:34,455 - SUAS - DEBUG - [SUAS_main.turn_lap:632] - wp_num:6
2025-06-22 19:28:34,506 - SUAS - DEBUG - [SUAS_main.turn_lap:631] - next wp: 3
2025-06-22 19:28:34,507 - SUAS - DEBUG - [SUAS_main.turn_lap:632] - wp_num:6
2025-06-22 19:28:34,558 - SUAS - DEBUG - [SUAS_main.turn_lap:631] - next wp: 3
2025-06-22 19:28:34,559 - SUAS - DEBUG - [SUAS_main.turn_lap:632] - wp_num:6
2025-06-22 19:28:34,610 - SUAS - DEBUG - [SUAS_main.turn_lap:631] - next wp: 3
2025-06-22 19:28:34,611 - SUAS - DEBUG - [SUAS_main.turn_lap:632] - wp_num:6
2025-06-22 19:28:34,662 - SUAS - DEBUG - [SUAS_main.turn_lap:631] - next wp: 3
2025-06-22 19:28:34,663 - SUAS - DEBUG - [SUAS_main.turn_lap:632] - wp_num:6
2025-06-22 19:28:34,714 - SUAS - DEBUG - [SUAS_main.turn_lap:631] - next wp: 3
2025-06-22 19:28:34,715 - SUAS - DEBUG - [SUAS_main.turn_lap:632] - wp_num:6
2025-06-22 19:28:34,766 - SUAS - DEBUG - [SUAS_main.turn_lap:631] - next wp: 3
2025-06-22 19:28:34,767 - SUAS - DEBUG - [SUAS_main.turn_lap:632] - wp_num:6
2025-06-22 19:28:34,818 - SUAS - DEBUG - [SUAS_main.turn_lap:631] - next wp: 3
2025-06-22 19:28:34,819 - SUAS - DEBUG - [SUAS_main.turn_lap:632] - wp_num:6
2025-06-22 19:28:34,870 - SUAS - DEBUG - [SUAS_main.turn_lap:631] - next wp: 3
2025-06-22 19:28:34,871 - SUAS - DEBUG - [SUAS_main.turn_lap:632] - wp_num:6
2025-06-22 19:28:34,922 - SUAS - DEBUG - [SUAS_main.turn_lap:631] - next wp: 3
2025-06-22 19:28:34,923 - SUAS - DEBUG - [SUAS_main.turn_lap:632] - wp_num:6
2025-06-22 19:28:34,974 - SUAS - DEBUG - [SUAS_main.turn_lap:631] - next wp: 3
2025-06-22 19:28:34,975 - SUAS - DEBUG - [SUAS_main.turn_lap:632] - wp_num:6
2025-06-22 19:28:35,026 - SUAS - DEBUG - [SUAS_main.turn_lap:631] - next wp: 3
2025-06-22 19:28:35,027 - SUAS - DEBUG - [SUAS_main.turn_lap:632] - wp_num:6
2025-06-22 19:28:35,078 - SUAS - DEBUG - [SUAS_main.turn_lap:631] - next wp: 3
2025-06-22 19:28:35,079 - SUAS - DEBUG - [SUAS_main.turn_lap:632] - wp_num:6
2025-06-22 19:28:35,130 - SUAS - DEBUG - [SUAS_main.turn_lap:631] - next wp: 3
2025-06-22 19:28:35,131 - SUAS - DEBUG - [SUAS_main.turn_lap:632] - wp_num:6
2025-06-22 19:28:35,182 - SUAS - DEBUG - [SUAS_main.turn_lap:631] - next wp: 3
2025-06-22 19:28:35,183 - SUAS - DEBUG - [SUAS_main.turn_lap:632] - wp_num:6
2025-06-22 19:28:35,234 - SUAS - DEBUG - [SUAS_main.turn_lap:631] - next wp: 3
2025-06-22 19:28:35,235 - SUAS - DEBUG - [SUAS_main.turn_lap:632] - wp_num:6
2025-06-22 19:28:35,286 - SUAS - DEBUG - [SUAS_main.turn_lap:631] - next wp: 3
2025-06-22 19:28:35,287 - SUAS - DEBUG - [SUAS_main.turn_lap:632] - wp_num:6
2025-06-22 19:28:35,338 - SUAS - DEBUG - [SUAS_main.turn_lap:631] - next wp: 3
2025-06-22 19:28:35,339 - SUAS - DEBUG - [SUAS_main.turn_lap:632] - wp_num:6
2025-06-22 19:28:35,389 - SUAS - DEBUG - [SUAS_main.turn_lap:631] - next wp: 3
2025-06-22 19:28:35,390 - SUAS - DEBUG - [SUAS_main.turn_lap:632] - wp_num:6
2025-06-22 19:28:35,441 - SUAS - DEBUG - [SUAS_main.turn_lap:631] - next wp: 3
2025-06-22 19:28:35,443 - SUAS - DEBUG - [SUAS_main.turn_lap:632] - wp_num:6
2025-06-22 19:28:35,494 - SUAS - DEBUG - [SUAS_main.turn_lap:631] - next wp: 3
2025-06-22 19:28:35,495 - SUAS - DEBUG - [SUAS_main.turn_lap:632] - wp_num:6
2025-06-22 19:28:35,545 - SUAS - DEBUG - [SUAS_main.turn_lap:631] - next wp: 3
2025-06-22 19:28:35,546 - SUAS - DEBUG - [SUAS_main.turn_lap:632] - wp_num:6
2025-06-22 19:28:35,597 - SUAS - DEBUG - [SUAS_main.turn_lap:631] - next wp: 3
2025-06-22 19:28:35,598 - SUAS - DEBUG - [SUAS_main.turn_lap:632] - wp_num:6
2025-06-22 19:28:35,649 - SUAS - DEBUG - [SUAS_main.turn_lap:631] - next wp: 3
2025-06-22 19:28:35,650 - SUAS - DEBUG - [SUAS_main.turn_lap:632] - wp_num:6
2025-06-22 19:28:35,701 - SUAS - DEBUG - [SUAS_main.turn_lap:631] - next wp: 3
2025-06-22 19:28:35,702 - SUAS - DEBUG - [SUAS_main.turn_lap:632] - wp_num:6
2025-06-22 19:28:35,753 - SUAS - DEBUG - [SUAS_main.turn_lap:631] - next wp: 3
2025-06-22 19:28:35,754 - SUAS - DEBUG - [SUAS_main.turn_lap:632] - wp_num:6
2025-06-22 19:28:35,805 - SUAS - DEBUG - [SUAS_main.turn_lap:631] - next wp: 3
2025-06-22 19:28:35,806 - SUAS - DEBUG - [SUAS_main.turn_lap:632] - wp_num:6
2025-06-22 19:28:35,857 - SUAS - DEBUG - [SUAS_main.turn_lap:631] - next wp: 3
2025-06-22 19:28:35,858 - SUAS - DEBUG - [SUAS_main.turn_lap:632] - wp_num:6
2025-06-22 19:28:35,909 - SUAS - DEBUG - [SUAS_main.turn_lap:631] - next wp: 3
2025-06-22 19:28:35,910 - SUAS - DEBUG - [SUAS_main.turn_lap:632] - wp_num:6
2025-06-22 19:28:35,961 - SUAS - DEBUG - [SUAS_main.turn_lap:631] - next wp: 3
2025-06-22 19:28:35,962 - SUAS - DEBUG - [SUAS_main.turn_lap:632] - wp_num:6
2025-06-22 19:28:36,013 - SUAS - DEBUG - [SUAS_main.turn_lap:631] - next wp: 3
2025-06-22 19:28:36,014 - SUAS - DEBUG - [SUAS_main.turn_lap:632] - wp_num:6
2025-06-22 19:28:36,065 - SUAS - DEBUG - [SUAS_main.turn_lap:631] - next wp: 3
2025-06-22 19:28:36,065 - SUAS - DEBUG - [SUAS_main.turn_lap:632] - wp_num:6
2025-06-22 19:28:36,116 - SUAS - DEBUG - [SUAS_main.turn_lap:631] - next wp: 3
2025-06-22 19:28:36,117 - SUAS - DEBUG - [SUAS_main.turn_lap:632] - wp_num:6
2025-06-22 19:28:36,168 - SUAS - DEBUG - [SUAS_main.turn_lap:631] - next wp: 3
2025-06-22 19:28:36,169 - SUAS - DEBUG - [SUAS_main.turn_lap:632] - wp_num:6
2025-06-22 19:28:36,220 - SUAS - DEBUG - [SUAS_main.turn_lap:631] - next wp: 3
2025-06-22 19:28:36,221 - SUAS - DEBUG - [SUAS_main.turn_lap:632] - wp_num:6
2025-06-22 19:28:36,272 - SUAS - DEBUG - [SUAS_main.turn_lap:631] - next wp: 3
2025-06-22 19:28:36,273 - SUAS - DEBUG - [SUAS_main.turn_lap:632] - wp_num:6
2025-06-22 19:28:36,323 - SUAS - DEBUG - [SUAS_main.turn_lap:631] - next wp: 3
2025-06-22 19:28:36,324 - SUAS - DEBUG - [SUAS_main.turn_lap:632] - wp_num:6
2025-06-22 19:28:36,375 - SUAS - DEBUG - [SUAS_main.turn_lap:631] - next wp: 3
2025-06-22 19:28:36,376 - SUAS - DEBUG - [SUAS_main.turn_lap:632] - wp_num:6
2025-06-22 19:28:36,427 - SUAS - DEBUG - [SUAS_main.turn_lap:631] - next wp: 3
2025-06-22 19:28:36,428 - SUAS - DEBUG - [SUAS_main.turn_lap:632] - wp_num:6
2025-06-22 19:28:36,479 - SUAS - DEBUG - [SUAS_main.turn_lap:631] - next wp: 3
2025-06-22 19:28:36,479 - SUAS - DEBUG - [SUAS_main.turn_lap:632] - wp_num:6
2025-06-22 19:28:36,530 - SUAS - DEBUG - [SUAS_main.turn_lap:631] - next wp: 3
2025-06-22 19:28:36,531 - SUAS - DEBUG - [SUAS_main.turn_lap:632] - wp_num:6
2025-06-22 19:28:36,582 - SUAS - DEBUG - [SUAS_main.turn_lap:631] - next wp: 3
2025-06-22 19:28:36,583 - SUAS - DEBUG - [SUAS_main.turn_lap:632] - wp_num:6
2025-06-22 19:28:36,634 - SUAS - DEBUG - [SUAS_main.turn_lap:631] - next wp: 3
2025-06-22 19:28:36,635 - SUAS - DEBUG - [SUAS_main.turn_lap:632] - wp_num:6
2025-06-22 19:28:36,686 - SUAS - DEBUG - [SUAS_main.turn_lap:631] - next wp: 3
2025-06-22 19:28:36,687 - SUAS - DEBUG - [SUAS_main.turn_lap:632] - wp_num:6
2025-06-22 19:28:36,738 - SUAS - DEBUG - [SUAS_main.turn_lap:631] - next wp: 3
2025-06-22 19:28:36,739 - SUAS - DEBUG - [SUAS_main.turn_lap:632] - wp_num:6
2025-06-22 19:28:36,789 - SUAS - DEBUG - [SUAS_main.turn_lap:631] - next wp: 3
2025-06-22 19:28:36,790 - SUAS - DEBUG - [SUAS_main.turn_lap:632] - wp_num:6
2025-06-22 19:28:36,841 - SUAS - DEBUG - [SUAS_main.turn_lap:631] - next wp: 4
2025-06-22 19:28:36,842 - SUAS - DEBUG - [SUAS_main.turn_lap:632] - wp_num:6
2025-06-22 19:28:36,925 - SUAS - DEBUG - [SUAS_main.turn_lap:631] - next wp: 4
2025-06-22 19:28:36,927 - SUAS - DEBUG - [SUAS_main.turn_lap:632] - wp_num:6
2025-06-22 19:28:36,978 - SUAS - DEBUG - [SUAS_main.turn_lap:631] - next wp: 4
2025-06-22 19:28:36,978 - SUAS - DEBUG - [SUAS_main.turn_lap:632] - wp_num:6
2025-06-22 19:28:37,029 - SUAS - DEBUG - [SUAS_main.turn_lap:631] - next wp: 4
2025-06-22 19:28:37,030 - SUAS - DEBUG - [SUAS_main.turn_lap:632] - wp_num:6
2025-06-22 19:28:37,081 - SUAS - DEBUG - [SUAS_main.turn_lap:631] - next wp: 4
2025-06-22 19:28:37,082 - SUAS - DEBUG - [SUAS_main.turn_lap:632] - wp_num:6
2025-06-22 19:28:37,133 - SUAS - DEBUG - [SUAS_main.turn_lap:631] - next wp: 4
2025-06-22 19:28:37,134 - SUAS - DEBUG - [SUAS_main.turn_lap:632] - wp_num:6
2025-06-22 19:28:37,184 - SUAS - DEBUG - [SUAS_main.turn_lap:631] - next wp: 4
2025-06-22 19:28:37,186 - SUAS - DEBUG - [SUAS_main.turn_lap:632] - wp_num:6
2025-06-22 19:28:37,237 - SUAS - DEBUG - [SUAS_main.turn_lap:631] - next wp: 4
2025-06-22 19:28:37,238 - SUAS - DEBUG - [SUAS_main.turn_lap:632] - wp_num:6
2025-06-22 19:28:37,289 - SUAS - DEBUG - [SUAS_main.turn_lap:631] - next wp: 4
2025-06-22 19:28:37,290 - SUAS - DEBUG - [SUAS_main.turn_lap:632] - wp_num:6
2025-06-22 19:28:37,341 - SUAS - DEBUG - [SUAS_main.turn_lap:631] - next wp: 4
2025-06-22 19:28:37,342 - SUAS - DEBUG - [SUAS_main.turn_lap:632] - wp_num:6
2025-06-22 19:28:37,393 - SUAS - DEBUG - [SUAS_main.turn_lap:631] - next wp: 4
2025-06-22 19:28:37,394 - SUAS - DEBUG - [SUAS_main.turn_lap:632] - wp_num:6
2025-06-22 19:28:37,447 - SUAS - DEBUG - [SUAS_main.turn_lap:631] - next wp: 4
2025-06-22 19:28:37,448 - SUAS - DEBUG - [SUAS_main.turn_lap:632] - wp_num:6
2025-06-22 19:28:37,499 - SUAS - DEBUG - [SUAS_main.turn_lap:631] - next wp: 4
2025-06-22 19:28:37,500 - SUAS - DEBUG - [SUAS_main.turn_lap:632] - wp_num:6
2025-06-22 19:28:37,551 - SUAS - DEBUG - [SUAS_main.turn_lap:631] - next wp: 4
2025-06-22 19:28:37,551 - SUAS - DEBUG - [SUAS_main.turn_lap:632] - wp_num:6
2025-06-22 19:28:37,603 - SUAS - DEBUG - [SUAS_main.turn_lap:631] - next wp: 4
2025-06-22 19:28:37,604 - SUAS - DEBUG - [SUAS_main.turn_lap:632] - wp_num:6
2025-06-22 19:28:37,654 - SUAS - DEBUG - [SUAS_main.turn_lap:631] - next wp: 4
2025-06-22 19:28:37,656 - SUAS - DEBUG - [SUAS_main.turn_lap:632] - wp_num:6
2025-06-22 19:28:37,706 - SUAS - DEBUG - [SUAS_main.turn_lap:631] - next wp: 4
2025-06-22 19:28:37,707 - SUAS - DEBUG - [SUAS_main.turn_lap:632] - wp_num:6
2025-06-22 19:28:37,758 - SUAS - DEBUG - [SUAS_main.turn_lap:631] - next wp: 4
2025-06-22 19:28:37,759 - SUAS - DEBUG - [SUAS_main.turn_lap:632] - wp_num:6
2025-06-22 19:28:37,810 - SUAS - DEBUG - [SUAS_main.turn_lap:631] - next wp: 4
2025-06-22 19:28:37,811 - SUAS - DEBUG - [SUAS_main.turn_lap:632] - wp_num:6
2025-06-22 19:28:37,862 - SUAS - DEBUG - [SUAS_main.turn_lap:631] - next wp: 4
2025-06-22 19:28:37,865 - SUAS - DEBUG - [SUAS_main.turn_lap:632] - wp_num:6
2025-06-22 19:28:37,915 - SUAS - DEBUG - [SUAS_main.turn_lap:631] - next wp: 4
2025-06-22 19:28:37,916 - SUAS - DEBUG - [SUAS_main.turn_lap:632] - wp_num:6
2025-06-22 19:28:37,967 - SUAS - DEBUG - [SUAS_main.turn_lap:631] - next wp: 4
2025-06-22 19:28:37,968 - SUAS - DEBUG - [SUAS_main.turn_lap:632] - wp_num:6
2025-06-22 19:28:38,019 - SUAS - DEBUG - [SUAS_main.turn_lap:631] - next wp: 4
2025-06-22 19:28:38,020 - SUAS - DEBUG - [SUAS_main.turn_lap:632] - wp_num:6
2025-06-22 19:28:38,072 - SUAS - DEBUG - [SUAS_main.turn_lap:631] - next wp: 4
2025-06-22 19:28:38,072 - SUAS - DEBUG - [SUAS_main.turn_lap:632] - wp_num:6
2025-06-22 19:28:38,123 - SUAS - DEBUG - [SUAS_main.turn_lap:631] - next wp: 4
2025-06-22 19:28:38,124 - SUAS - DEBUG - [SUAS_main.turn_lap:632] - wp_num:6
2025-06-22 19:28:38,175 - SUAS - DEBUG - [SUAS_main.turn_lap:631] - next wp: 4
2025-06-22 19:28:38,176 - SUAS - DEBUG - [SUAS_main.turn_lap:632] - wp_num:6
2025-06-22 19:28:38,227 - SUAS - DEBUG - [SUAS_main.turn_lap:631] - next wp: 4
2025-06-22 19:28:38,228 - SUAS - DEBUG - [SUAS_main.turn_lap:632] - wp_num:6
2025-06-22 19:28:38,279 - SUAS - DEBUG - [SUAS_main.turn_lap:631] - next wp: 4
2025-06-22 19:28:38,280 - SUAS - DEBUG - [SUAS_main.turn_lap:632] - wp_num:6
2025-06-22 19:28:38,331 - SUAS - DEBUG - [SUAS_main.turn_lap:631] - next wp: 4
2025-06-22 19:28:38,332 - SUAS - DEBUG - [SUAS_main.turn_lap:632] - wp_num:6
2025-06-22 19:28:38,383 - SUAS - DEBUG - [SUAS_main.turn_lap:631] - next wp: 4
2025-06-22 19:28:38,383 - SUAS - DEBUG - [SUAS_main.turn_lap:632] - wp_num:6
2025-06-22 19:28:38,434 - SUAS - DEBUG - [SUAS_main.turn_lap:631] - next wp: 4
2025-06-22 19:28:38,435 - SUAS - DEBUG - [SUAS_main.turn_lap:632] - wp_num:6
2025-06-22 19:28:38,486 - SUAS - DEBUG - [SUAS_main.turn_lap:631] - next wp: 4
2025-06-22 19:28:38,487 - SUAS - DEBUG - [SUAS_main.turn_lap:632] - wp_num:6
2025-06-22 19:28:38,538 - SUAS - DEBUG - [SUAS_main.turn_lap:631] - next wp: 4
2025-06-22 19:28:38,539 - SUAS - DEBUG - [SUAS_main.turn_lap:632] - wp_num:6
2025-06-22 19:28:38,590 - SUAS - DEBUG - [SUAS_main.turn_lap:631] - next wp: 4
2025-06-22 19:28:38,591 - SUAS - DEBUG - [SUAS_main.turn_lap:632] - wp_num:6
2025-06-22 19:28:38,642 - SUAS - DEBUG - [SUAS_main.turn_lap:631] - next wp: 4
2025-06-22 19:28:38,643 - SUAS - DEBUG - [SUAS_main.turn_lap:632] - wp_num:6
2025-06-22 19:28:38,694 - SUAS - DEBUG - [SUAS_main.turn_lap:631] - next wp: 4
2025-06-22 19:28:38,695 - SUAS - DEBUG - [SUAS_main.turn_lap:632] - wp_num:6
2025-06-22 19:28:38,746 - SUAS - DEBUG - [SUAS_main.turn_lap:631] - next wp: 4
2025-06-22 19:28:38,747 - SUAS - DEBUG - [SUAS_main.turn_lap:632] - wp_num:6
2025-06-22 19:28:38,797 - SUAS - DEBUG - [SUAS_main.turn_lap:631] - next wp: 4
2025-06-22 19:28:38,798 - SUAS - DEBUG - [SUAS_main.turn_lap:632] - wp_num:6
2025-06-22 19:28:38,849 - SUAS - DEBUG - [SUAS_main.turn_lap:631] - next wp: 4
2025-06-22 19:28:38,850 - SUAS - DEBUG - [SUAS_main.turn_lap:632] - wp_num:6
2025-06-22 19:28:38,901 - SUAS - DEBUG - [SUAS_main.turn_lap:631] - next wp: 4
2025-06-22 19:28:38,902 - SUAS - DEBUG - [SUAS_main.turn_lap:632] - wp_num:6
2025-06-22 19:28:38,953 - SUAS - DEBUG - [SUAS_main.turn_lap:631] - next wp: 4
2025-06-22 19:28:38,954 - SUAS - DEBUG - [SUAS_main.turn_lap:632] - wp_num:6
2025-06-22 19:28:39,005 - SUAS - DEBUG - [SUAS_main.turn_lap:631] - next wp: 4
2025-06-22 19:28:39,006 - SUAS - DEBUG - [SUAS_main.turn_lap:632] - wp_num:6
2025-06-22 19:28:39,057 - SUAS - DEBUG - [SUAS_main.turn_lap:631] - next wp: 4
2025-06-22 19:28:39,057 - SUAS - DEBUG - [SUAS_main.turn_lap:632] - wp_num:6
2025-06-22 19:28:39,108 - SUAS - DEBUG - [SUAS_main.turn_lap:631] - next wp: 4
2025-06-22 19:28:39,109 - SUAS - DEBUG - [SUAS_main.turn_lap:632] - wp_num:6
2025-06-22 19:28:39,160 - SUAS - DEBUG - [SUAS_main.turn_lap:631] - next wp: 4
2025-06-22 19:28:39,161 - SUAS - DEBUG - [SUAS_main.turn_lap:632] - wp_num:6
2025-06-22 19:28:39,212 - SUAS - DEBUG - [SUAS_main.turn_lap:631] - next wp: 4
2025-06-22 19:28:39,213 - SUAS - DEBUG - [SUAS_main.turn_lap:632] - wp_num:6
2025-06-22 19:28:39,264 - SUAS - DEBUG - [SUAS_main.turn_lap:631] - next wp: 4
2025-06-22 19:28:39,265 - SUAS - DEBUG - [SUAS_main.turn_lap:632] - wp_num:6
2025-06-22 19:28:39,315 - SUAS - DEBUG - [SUAS_main.turn_lap:631] - next wp: 4
2025-06-22 19:28:39,316 - SUAS - DEBUG - [SUAS_main.turn_lap:632] - wp_num:6
2025-06-22 19:28:39,367 - SUAS - DEBUG - [SUAS_main.turn_lap:631] - next wp: 4
2025-06-22 19:28:39,368 - SUAS - DEBUG - [SUAS_main.turn_lap:632] - wp_num:6
2025-06-22 19:28:39,419 - SUAS - DEBUG - [SUAS_main.turn_lap:631] - next wp: 4
2025-06-22 19:28:39,421 - SUAS - DEBUG - [SUAS_main.turn_lap:632] - wp_num:6
2025-06-22 19:28:39,472 - SUAS - DEBUG - [SUAS_main.turn_lap:631] - next wp: 4
2025-06-22 19:28:39,473 - SUAS - DEBUG - [SUAS_main.turn_lap:632] - wp_num:6
2025-06-22 19:28:39,523 - SUAS - DEBUG - [SUAS_main.turn_lap:631] - next wp: 4
2025-06-22 19:28:39,524 - SUAS - DEBUG - [SUAS_main.turn_lap:632] - wp_num:6
2025-06-22 19:28:39,576 - SUAS - DEBUG - [SUAS_main.turn_lap:631] - next wp: 4
2025-06-22 19:28:39,577 - SUAS - DEBUG - [SUAS_main.turn_lap:632] - wp_num:6
2025-06-22 19:28:39,627 - SUAS - DEBUG - [SUAS_main.turn_lap:631] - next wp: 4
2025-06-22 19:28:39,628 - SUAS - DEBUG - [SUAS_main.turn_lap:632] - wp_num:6
2025-06-22 19:28:39,679 - SUAS - DEBUG - [SUAS_main.turn_lap:631] - next wp: 4
2025-06-22 19:28:39,680 - SUAS - DEBUG - [SUAS_main.turn_lap:632] - wp_num:6
2025-06-22 19:28:39,731 - SUAS - DEBUG - [SUAS_main.turn_lap:631] - next wp: 4
2025-06-22 19:28:39,732 - SUAS - DEBUG - [SUAS_main.turn_lap:632] - wp_num:6
2025-06-22 19:28:39,783 - SUAS - DEBUG - [SUAS_main.turn_lap:631] - next wp: 4
2025-06-22 19:28:39,784 - SUAS - DEBUG - [SUAS_main.turn_lap:632] - wp_num:6
2025-06-22 19:28:39,835 - SUAS - DEBUG - [SUAS_main.turn_lap:631] - next wp: 4
2025-06-22 19:28:39,836 - SUAS - DEBUG - [SUAS_main.turn_lap:632] - wp_num:6
2025-06-22 19:28:39,887 - SUAS - DEBUG - [SUAS_main.turn_lap:631] - next wp: 4
2025-06-22 19:28:39,888 - SUAS - DEBUG - [SUAS_main.turn_lap:632] - wp_num:6
2025-06-22 19:28:39,940 - SUAS - DEBUG - [SUAS_main.turn_lap:631] - next wp: 4
2025-06-22 19:28:39,940 - SUAS - DEBUG - [SUAS_main.turn_lap:632] - wp_num:6
2025-06-22 19:28:39,991 - SUAS - DEBUG - [SUAS_main.turn_lap:631] - next wp: 4
2025-06-22 19:28:39,992 - SUAS - DEBUG - [SUAS_main.turn_lap:632] - wp_num:6
2025-06-22 19:28:40,043 - SUAS - DEBUG - [SUAS_main.turn_lap:631] - next wp: 4
2025-06-22 19:28:40,044 - SUAS - DEBUG - [SUAS_main.turn_lap:632] - wp_num:6
2025-06-22 19:28:40,096 - SUAS - DEBUG - [SUAS_main.turn_lap:631] - next wp: 4
2025-06-22 19:28:40,097 - SUAS - DEBUG - [SUAS_main.turn_lap:632] - wp_num:6
2025-06-22 19:28:40,147 - SUAS - DEBUG - [SUAS_main.turn_lap:631] - next wp: 4
2025-06-22 19:28:40,148 - SUAS - DEBUG - [SUAS_main.turn_lap:632] - wp_num:6
2025-06-22 19:28:40,199 - SUAS - DEBUG - [SUAS_main.turn_lap:631] - next wp: 4
2025-06-22 19:28:40,201 - SUAS - DEBUG - [SUAS_main.turn_lap:632] - wp_num:6
2025-06-22 19:28:40,252 - SUAS - DEBUG - [SUAS_main.turn_lap:631] - next wp: 4
2025-06-22 19:28:40,253 - SUAS - DEBUG - [SUAS_main.turn_lap:632] - wp_num:6
2025-06-22 19:28:40,304 - SUAS - DEBUG - [SUAS_main.turn_lap:631] - next wp: 4
2025-06-22 19:28:40,305 - SUAS - DEBUG - [SUAS_main.turn_lap:632] - wp_num:6
2025-06-22 19:28:40,356 - SUAS - DEBUG - [SUAS_main.turn_lap:631] - next wp: 4
2025-06-22 19:28:40,356 - SUAS - DEBUG - [SUAS_main.turn_lap:632] - wp_num:6
2025-06-22 19:28:40,407 - SUAS - DEBUG - [SUAS_main.turn_lap:631] - next wp: 4
2025-06-22 19:28:40,408 - SUAS - DEBUG - [SUAS_main.turn_lap:632] - wp_num:6
2025-06-22 19:28:40,459 - SUAS - DEBUG - [SUAS_main.turn_lap:631] - next wp: 4
2025-06-22 19:28:40,461 - SUAS - DEBUG - [SUAS_main.turn_lap:632] - wp_num:6
2025-06-22 19:28:40,512 - SUAS - DEBUG - [SUAS_main.turn_lap:631] - next wp: 4
2025-06-22 19:28:40,512 - SUAS - DEBUG - [SUAS_main.turn_lap:632] - wp_num:6
2025-06-22 19:28:40,564 - SUAS - DEBUG - [SUAS_main.turn_lap:631] - next wp: 4
2025-06-22 19:28:40,565 - SUAS - DEBUG - [SUAS_main.turn_lap:632] - wp_num:6
2025-06-22 19:28:40,616 - SUAS - DEBUG - [SUAS_main.turn_lap:631] - next wp: 4
2025-06-22 19:28:40,617 - SUAS - DEBUG - [SUAS_main.turn_lap:632] - wp_num:6
2025-06-22 19:28:40,668 - SUAS - DEBUG - [SUAS_main.turn_lap:631] - next wp: 4
2025-06-22 19:28:40,668 - SUAS - DEBUG - [SUAS_main.turn_lap:632] - wp_num:6
2025-06-22 19:28:40,719 - SUAS - DEBUG - [SUAS_main.turn_lap:631] - next wp: 4
2025-06-22 19:28:40,721 - SUAS - DEBUG - [SUAS_main.turn_lap:632] - wp_num:6
2025-06-22 19:28:40,772 - SUAS - DEBUG - [SUAS_main.turn_lap:631] - next wp: 4
2025-06-22 19:28:40,772 - SUAS - DEBUG - [SUAS_main.turn_lap:632] - wp_num:6
2025-06-22 19:28:40,823 - SUAS - DEBUG - [SUAS_main.turn_lap:631] - next wp: 4
2025-06-22 19:28:40,825 - SUAS - DEBUG - [SUAS_main.turn_lap:632] - wp_num:6
2025-06-22 19:28:40,876 - SUAS - DEBUG - [SUAS_main.turn_lap:631] - next wp: 4
2025-06-22 19:28:40,876 - SUAS - DEBUG - [SUAS_main.turn_lap:632] - wp_num:6
2025-06-22 19:28:40,927 - SUAS - DEBUG - [SUAS_main.turn_lap:631] - next wp: 4
2025-06-22 19:28:40,928 - SUAS - DEBUG - [SUAS_main.turn_lap:632] - wp_num:6
2025-06-22 19:28:40,979 - SUAS - DEBUG - [SUAS_main.turn_lap:631] - next wp: 4
2025-06-22 19:28:40,980 - SUAS - DEBUG - [SUAS_main.turn_lap:632] - wp_num:6
2025-06-22 19:28:41,031 - SUAS - DEBUG - [SUAS_main.turn_lap:631] - next wp: 4
2025-06-22 19:28:41,032 - SUAS - DEBUG - [SUAS_main.turn_lap:632] - wp_num:6
2025-06-22 19:28:41,083 - SUAS - DEBUG - [SUAS_main.turn_lap:631] - next wp: 4
2025-06-22 19:28:41,084 - SUAS - DEBUG - [SUAS_main.turn_lap:632] - wp_num:6
2025-06-22 19:28:41,135 - SUAS - DEBUG - [SUAS_main.turn_lap:631] - next wp: 4
2025-06-22 19:28:41,136 - SUAS - DEBUG - [SUAS_main.turn_lap:632] - wp_num:6
2025-06-22 19:28:41,187 - SUAS - DEBUG - [SUAS_main.turn_lap:631] - next wp: 4
2025-06-22 19:28:41,188 - SUAS - DEBUG - [SUAS_main.turn_lap:632] - wp_num:6
2025-06-22 19:28:41,239 - SUAS - DEBUG - [SUAS_main.turn_lap:631] - next wp: 4
2025-06-22 19:28:41,240 - SUAS - DEBUG - [SUAS_main.turn_lap:632] - wp_num:6
2025-06-22 19:28:41,291 - SUAS - DEBUG - [SUAS_main.turn_lap:631] - next wp: 4
2025-06-22 19:28:41,292 - SUAS - DEBUG - [SUAS_main.turn_lap:632] - wp_num:6
2025-06-22 19:28:41,343 - SUAS - DEBUG - [SUAS_main.turn_lap:631] - next wp: 4
2025-06-22 19:28:41,344 - SUAS - DEBUG - [SUAS_main.turn_lap:632] - wp_num:6
2025-06-22 19:28:41,395 - SUAS - DEBUG - [SUAS_main.turn_lap:631] - next wp: 4
2025-06-22 19:28:41,396 - SUAS - DEBUG - [SUAS_main.turn_lap:632] - wp_num:6
2025-06-22 19:28:41,446 - SUAS - DEBUG - [SUAS_main.turn_lap:631] - next wp: 4
2025-06-22 19:28:41,447 - SUAS - DEBUG - [SUAS_main.turn_lap:632] - wp_num:6
2025-06-22 19:28:41,498 - SUAS - DEBUG - [SUAS_main.turn_lap:631] - next wp: 4
2025-06-22 19:28:41,500 - SUAS - DEBUG - [SUAS_main.turn_lap:632] - wp_num:6
2025-06-22 19:28:41,551 - SUAS - DEBUG - [SUAS_main.turn_lap:631] - next wp: 4
2025-06-22 19:28:41,552 - SUAS - DEBUG - [SUAS_main.turn_lap:632] - wp_num:6
2025-06-22 19:28:41,602 - SUAS - DEBUG - [SUAS_main.turn_lap:631] - next wp: 4
2025-06-22 19:28:41,603 - SUAS - DEBUG - [SUAS_main.turn_lap:632] - wp_num:6
2025-06-22 19:28:41,654 - SUAS - DEBUG - [SUAS_main.turn_lap:631] - next wp: 4
2025-06-22 19:28:41,655 - SUAS - DEBUG - [SUAS_main.turn_lap:632] - wp_num:6
2025-06-22 19:28:41,706 - SUAS - DEBUG - [SUAS_main.turn_lap:631] - next wp: 4
2025-06-22 19:28:41,707 - SUAS - DEBUG - [SUAS_main.turn_lap:632] - wp_num:6
2025-06-22 19:28:41,758 - SUAS - DEBUG - [SUAS_main.turn_lap:631] - next wp: 4
2025-06-22 19:28:41,759 - SUAS - DEBUG - [SUAS_main.turn_lap:632] - wp_num:6
2025-06-22 19:28:41,810 - SUAS - DEBUG - [SUAS_main.turn_lap:631] - next wp: 4
2025-06-22 19:28:41,811 - SUAS - DEBUG - [SUAS_main.turn_lap:632] - wp_num:6
2025-06-22 19:28:41,861 - SUAS - DEBUG - [SUAS_main.turn_lap:631] - next wp: 4
2025-06-22 19:28:41,863 - SUAS - DEBUG - [SUAS_main.turn_lap:632] - wp_num:6
2025-06-22 19:28:41,913 - SUAS - DEBUG - [SUAS_main.turn_lap:631] - next wp: 4
2025-06-22 19:28:41,914 - SUAS - DEBUG - [SUAS_main.turn_lap:632] - wp_num:6
2025-06-22 19:28:41,965 - SUAS - DEBUG - [SUAS_main.turn_lap:631] - next wp: 4
2025-06-22 19:28:41,966 - SUAS - DEBUG - [SUAS_main.turn_lap:632] - wp_num:6
2025-06-22 19:28:42,017 - SUAS - DEBUG - [SUAS_main.turn_lap:631] - next wp: 4
2025-06-22 19:28:42,018 - SUAS - DEBUG - [SUAS_main.turn_lap:632] - wp_num:6
2025-06-22 19:28:42,069 - SUAS - DEBUG - [SUAS_main.turn_lap:631] - next wp: 4
2025-06-22 19:28:42,070 - SUAS - DEBUG - [SUAS_main.turn_lap:632] - wp_num:6
2025-06-22 19:28:42,121 - SUAS - DEBUG - [SUAS_main.turn_lap:631] - next wp: 4
2025-06-22 19:28:42,122 - SUAS - DEBUG - [SUAS_main.turn_lap:632] - wp_num:6
2025-06-22 19:28:42,173 - SUAS - DEBUG - [SUAS_main.turn_lap:631] - next wp: 4
2025-06-22 19:28:42,174 - SUAS - DEBUG - [SUAS_main.turn_lap:632] - wp_num:6
2025-06-22 19:28:42,225 - SUAS - DEBUG - [SUAS_main.turn_lap:631] - next wp: 4
2025-06-22 19:28:42,225 - SUAS - DEBUG - [SUAS_main.turn_lap:632] - wp_num:6
2025-06-22 19:28:42,276 - SUAS - DEBUG - [SUAS_main.turn_lap:631] - next wp: 4
2025-06-22 19:28:42,277 - SUAS - DEBUG - [SUAS_main.turn_lap:632] - wp_num:6
2025-06-22 19:28:42,328 - SUAS - DEBUG - [SUAS_main.turn_lap:631] - next wp: 4
2025-06-22 19:28:42,329 - SUAS - DEBUG - [SUAS_main.turn_lap:632] - wp_num:6
2025-06-22 19:28:42,380 - SUAS - DEBUG - [SUAS_main.turn_lap:631] - next wp: 4
2025-06-22 19:28:42,381 - SUAS - DEBUG - [SUAS_main.turn_lap:632] - wp_num:6
2025-06-22 19:28:42,432 - SUAS - DEBUG - [SUAS_main.turn_lap:631] - next wp: 4
2025-06-22 19:28:42,433 - SUAS - DEBUG - [SUAS_main.turn_lap:632] - wp_num:6
2025-06-22 19:28:42,484 - SUAS - DEBUG - [SUAS_main.turn_lap:631] - next wp: 4
2025-06-22 19:28:42,485 - SUAS - DEBUG - [SUAS_main.turn_lap:632] - wp_num:6
2025-06-22 19:28:42,536 - SUAS - DEBUG - [SUAS_main.turn_lap:631] - next wp: 4
2025-06-22 19:28:42,536 - SUAS - DEBUG - [SUAS_main.turn_lap:632] - wp_num:6
2025-06-22 19:28:42,588 - SUAS - DEBUG - [SUAS_main.turn_lap:631] - next wp: 4
2025-06-22 19:28:42,589 - SUAS - DEBUG - [SUAS_main.turn_lap:632] - wp_num:6
2025-06-22 19:28:42,639 - SUAS - DEBUG - [SUAS_main.turn_lap:631] - next wp: 4
2025-06-22 19:28:42,640 - SUAS - DEBUG - [SUAS_main.turn_lap:632] - wp_num:6
2025-06-22 19:28:42,691 - SUAS - DEBUG - [SUAS_main.turn_lap:631] - next wp: 4
2025-06-22 19:28:42,692 - SUAS - DEBUG - [SUAS_main.turn_lap:632] - wp_num:6
2025-06-22 19:28:42,743 - SUAS - DEBUG - [SUAS_main.turn_lap:631] - next wp: 4
2025-06-22 19:28:42,744 - SUAS - DEBUG - [SUAS_main.turn_lap:632] - wp_num:6
2025-06-22 19:28:42,795 - SUAS - DEBUG - [SUAS_main.turn_lap:631] - next wp: 4
2025-06-22 19:28:42,796 - SUAS - DEBUG - [SUAS_main.turn_lap:632] - wp_num:6
2025-06-22 19:28:42,847 - SUAS - DEBUG - [SUAS_main.turn_lap:631] - next wp: 4
2025-06-22 19:28:42,847 - SUAS - DEBUG - [SUAS_main.turn_lap:632] - wp_num:6
2025-06-22 19:28:42,898 - SUAS - DEBUG - [SUAS_main.turn_lap:631] - next wp: 4
2025-06-22 19:28:42,899 - SUAS - DEBUG - [SUAS_main.turn_lap:632] - wp_num:6
2025-06-22 19:28:42,950 - SUAS - DEBUG - [SUAS_main.turn_lap:631] - next wp: 4
2025-06-22 19:28:42,951 - SUAS - DEBUG - [SUAS_main.turn_lap:632] - wp_num:6
2025-06-22 19:28:43,002 - SUAS - DEBUG - [SUAS_main.turn_lap:631] - next wp: 4
2025-06-22 19:28:43,003 - SUAS - DEBUG - [SUAS_main.turn_lap:632] - wp_num:6
2025-06-22 19:28:43,054 - SUAS - DEBUG - [SUAS_main.turn_lap:631] - next wp: 4
2025-06-22 19:28:43,055 - SUAS - DEBUG - [SUAS_main.turn_lap:632] - wp_num:6
2025-06-22 19:28:43,106 - SUAS - DEBUG - [SUAS_main.turn_lap:631] - next wp: 4
2025-06-22 19:28:43,107 - SUAS - DEBUG - [SUAS_main.turn_lap:632] - wp_num:6
2025-06-22 19:28:43,158 - SUAS - DEBUG - [SUAS_main.turn_lap:631] - next wp: 4
2025-06-22 19:28:43,160 - SUAS - DEBUG - [SUAS_main.turn_lap:632] - wp_num:6
2025-06-22 19:28:43,211 - SUAS - DEBUG - [SUAS_main.turn_lap:631] - next wp: 4
2025-06-22 19:28:43,212 - SUAS - DEBUG - [SUAS_main.turn_lap:632] - wp_num:6
2025-06-22 19:28:43,262 - SUAS - DEBUG - [SUAS_main.turn_lap:631] - next wp: 4
2025-06-22 19:28:43,263 - SUAS - DEBUG - [SUAS_main.turn_lap:632] - wp_num:6
2025-06-22 19:28:43,314 - SUAS - DEBUG - [SUAS_main.turn_lap:631] - next wp: 4
2025-06-22 19:28:43,315 - SUAS - DEBUG - [SUAS_main.turn_lap:632] - wp_num:6
2025-06-22 19:28:43,366 - SUAS - DEBUG - [SUAS_main.turn_lap:631] - next wp: 4
2025-06-22 19:28:43,367 - SUAS - DEBUG - [SUAS_main.turn_lap:632] - wp_num:6
2025-06-22 19:28:43,418 - SUAS - DEBUG - [SUAS_main.turn_lap:631] - next wp: 4
2025-06-22 19:28:43,419 - SUAS - DEBUG - [SUAS_main.turn_lap:632] - wp_num:6
2025-06-22 19:28:43,471 - SUAS - DEBUG - [SUAS_main.turn_lap:631] - next wp: 4
2025-06-22 19:28:43,472 - SUAS - DEBUG - [SUAS_main.turn_lap:632] - wp_num:6
2025-06-22 19:28:43,523 - SUAS - DEBUG - [SUAS_main.turn_lap:631] - next wp: 4
2025-06-22 19:28:43,523 - SUAS - DEBUG - [SUAS_main.turn_lap:632] - wp_num:6
2025-06-22 19:28:43,574 - SUAS - DEBUG - [SUAS_main.turn_lap:631] - next wp: 4
2025-06-22 19:28:43,575 - SUAS - DEBUG - [SUAS_main.turn_lap:632] - wp_num:6
2025-06-22 19:28:43,626 - SUAS - DEBUG - [SUAS_main.turn_lap:631] - next wp: 4
2025-06-22 19:28:43,627 - SUAS - DEBUG - [SUAS_main.turn_lap:632] - wp_num:6
2025-06-22 19:28:43,681 - SUAS - DEBUG - [SUAS_main.turn_lap:631] - next wp: 4
2025-06-22 19:28:43,682 - SUAS - DEBUG - [SUAS_main.turn_lap:632] - wp_num:6
2025-06-22 19:28:43,733 - SUAS - DEBUG - [SUAS_main.turn_lap:631] - next wp: 4
2025-06-22 19:28:43,734 - SUAS - DEBUG - [SUAS_main.turn_lap:632] - wp_num:6
2025-06-22 19:28:43,785 - SUAS - DEBUG - [SUAS_main.turn_lap:631] - next wp: 4
2025-06-22 19:28:43,786 - SUAS - DEBUG - [SUAS_main.turn_lap:632] - wp_num:6
2025-06-22 19:28:43,836 - SUAS - DEBUG - [SUAS_main.turn_lap:631] - next wp: 4
2025-06-22 19:28:43,838 - SUAS - DEBUG - [SUAS_main.turn_lap:632] - wp_num:6
2025-06-22 19:28:43,889 - SUAS - DEBUG - [SUAS_main.turn_lap:631] - next wp: 5
2025-06-22 19:28:43,889 - SUAS - DEBUG - [SUAS_main.turn_lap:632] - wp_num:6
2025-06-22 19:28:43,940 - SUAS - DEBUG - [SUAS_main.turn_lap:631] - next wp: 5
2025-06-22 19:28:43,941 - SUAS - DEBUG - [SUAS_main.turn_lap:632] - wp_num:6
2025-06-22 19:28:43,992 - SUAS - DEBUG - [SUAS_main.turn_lap:631] - next wp: 5
2025-06-22 19:28:43,993 - SUAS - DEBUG - [SUAS_main.turn_lap:632] - wp_num:6
2025-06-22 19:28:44,044 - SUAS - DEBUG - [SUAS_main.turn_lap:631] - next wp: 5
2025-06-22 19:28:44,045 - SUAS - DEBUG - [SUAS_main.turn_lap:632] - wp_num:6
2025-06-22 19:28:44,095 - SUAS - DEBUG - [SUAS_main.turn_lap:631] - next wp: 5
2025-06-22 19:28:44,096 - SUAS - DEBUG - [SUAS_main.turn_lap:632] - wp_num:6
2025-06-22 19:28:44,147 - SUAS - DEBUG - [SUAS_main.turn_lap:631] - next wp: 5
2025-06-22 19:28:44,148 - SUAS - DEBUG - [SUAS_main.turn_lap:632] - wp_num:6
2025-06-22 19:28:44,199 - SUAS - DEBUG - [SUAS_main.turn_lap:631] - next wp: 5
2025-06-22 19:28:44,200 - SUAS - DEBUG - [SUAS_main.turn_lap:632] - wp_num:6
2025-06-22 19:28:44,251 - SUAS - DEBUG - [SUAS_main.turn_lap:631] - next wp: 5
2025-06-22 19:28:44,252 - SUAS - DEBUG - [SUAS_main.turn_lap:632] - wp_num:6
2025-06-22 19:28:44,303 - SUAS - DEBUG - [SUAS_main.turn_lap:631] - next wp: 5
2025-06-22 19:28:44,304 - SUAS - DEBUG - [SUAS_main.turn_lap:632] - wp_num:6
2025-06-22 19:28:44,355 - SUAS - DEBUG - [SUAS_main.turn_lap:631] - next wp: 5
2025-06-22 19:28:44,356 - SUAS - DEBUG - [SUAS_main.turn_lap:632] - wp_num:6
2025-06-22 19:28:44,406 - SUAS - DEBUG - [SUAS_main.turn_lap:631] - next wp: 5
2025-06-22 19:28:44,407 - SUAS - DEBUG - [SUAS_main.turn_lap:632] - wp_num:6
2025-06-22 19:28:44,458 - SUAS - DEBUG - [SUAS_main.turn_lap:631] - next wp: 5
2025-06-22 19:28:44,459 - SUAS - DEBUG - [SUAS_main.turn_lap:632] - wp_num:6
2025-06-22 19:28:44,510 - SUAS - DEBUG - [SUAS_main.turn_lap:631] - next wp: 5
2025-06-22 19:28:44,511 - SUAS - DEBUG - [SUAS_main.turn_lap:632] - wp_num:6
2025-06-22 19:28:44,562 - SUAS - DEBUG - [SUAS_main.turn_lap:631] - next wp: 5
2025-06-22 19:28:44,563 - SUAS - DEBUG - [SUAS_main.turn_lap:632] - wp_num:6
2025-06-22 19:28:44,614 - SUAS - DEBUG - [SUAS_main.turn_lap:631] - next wp: 5
2025-06-22 19:28:44,615 - SUAS - DEBUG - [SUAS_main.turn_lap:632] - wp_num:6
2025-06-22 19:28:44,665 - SUAS - DEBUG - [SUAS_main.turn_lap:631] - next wp: 5
2025-06-22 19:28:44,666 - SUAS - DEBUG - [SUAS_main.turn_lap:632] - wp_num:6
2025-06-22 19:28:44,717 - SUAS - DEBUG - [SUAS_main.turn_lap:631] - next wp: 5
2025-06-22 19:28:44,718 - SUAS - DEBUG - [SUAS_main.turn_lap:632] - wp_num:6
2025-06-22 19:28:44,769 - SUAS - DEBUG - [SUAS_main.turn_lap:631] - next wp: 5
2025-06-22 19:28:44,770 - SUAS - DEBUG - [SUAS_main.turn_lap:632] - wp_num:6
2025-06-22 19:28:44,821 - SUAS - DEBUG - [SUAS_main.turn_lap:631] - next wp: 5
2025-06-22 19:28:44,822 - SUAS - DEBUG - [SUAS_main.turn_lap:632] - wp_num:6
2025-06-22 19:28:44,873 - SUAS - DEBUG - [SUAS_main.turn_lap:631] - next wp: 5
2025-06-22 19:28:44,874 - SUAS - DEBUG - [SUAS_main.turn_lap:632] - wp_num:6
2025-06-22 19:28:44,925 - SUAS - DEBUG - [SUAS_main.turn_lap:631] - next wp: 5
2025-06-22 19:28:44,926 - SUAS - DEBUG - [SUAS_main.turn_lap:632] - wp_num:6
2025-06-22 19:28:44,977 - SUAS - DEBUG - [SUAS_main.turn_lap:631] - next wp: 5
2025-06-22 19:28:44,978 - SUAS - DEBUG - [SUAS_main.turn_lap:632] - wp_num:6
2025-06-22 19:28:45,029 - SUAS - DEBUG - [SUAS_main.turn_lap:631] - next wp: 5
2025-06-22 19:28:45,030 - SUAS - DEBUG - [SUAS_main.turn_lap:632] - wp_num:6
2025-06-22 19:28:45,081 - SUAS - DEBUG - [SUAS_main.turn_lap:631] - next wp: 5
2025-06-22 19:28:45,082 - SUAS - DEBUG - [SUAS_main.turn_lap:632] - wp_num:6
2025-06-22 19:28:45,133 - SUAS - DEBUG - [SUAS_main.turn_lap:631] - next wp: 5
2025-06-22 19:28:45,134 - SUAS - DEBUG - [SUAS_main.turn_lap:632] - wp_num:6
2025-06-22 19:28:45,184 - SUAS - DEBUG - [SUAS_main.turn_lap:631] - next wp: 5
2025-06-22 19:28:45,185 - SUAS - DEBUG - [SUAS_main.turn_lap:632] - wp_num:6
2025-06-22 19:28:45,236 - SUAS - DEBUG - [SUAS_main.turn_lap:631] - next wp: 5
2025-06-22 19:28:45,237 - SUAS - DEBUG - [SUAS_main.turn_lap:632] - wp_num:6
2025-06-22 19:28:45,288 - SUAS - DEBUG - [SUAS_main.turn_lap:631] - next wp: 5
2025-06-22 19:28:45,289 - SUAS - DEBUG - [SUAS_main.turn_lap:632] - wp_num:6
2025-06-22 19:28:45,340 - SUAS - DEBUG - [SUAS_main.turn_lap:631] - next wp: 5
2025-06-22 19:28:45,341 - SUAS - DEBUG - [SUAS_main.turn_lap:632] - wp_num:6
2025-06-22 19:28:45,392 - SUAS - DEBUG - [SUAS_main.turn_lap:631] - next wp: 5
2025-06-22 19:28:45,393 - SUAS - DEBUG - [SUAS_main.turn_lap:632] - wp_num:6
2025-06-22 19:28:45,444 - SUAS - DEBUG - [SUAS_main.turn_lap:631] - next wp: 5
2025-06-22 19:28:45,444 - SUAS - DEBUG - [SUAS_main.turn_lap:632] - wp_num:6
2025-06-22 19:28:45,495 - SUAS - DEBUG - [SUAS_main.turn_lap:631] - next wp: 5
2025-06-22 19:28:45,496 - SUAS - DEBUG - [SUAS_main.turn_lap:632] - wp_num:6
2025-06-22 19:28:45,547 - SUAS - DEBUG - [SUAS_main.turn_lap:631] - next wp: 5
2025-06-22 19:28:45,548 - SUAS - DEBUG - [SUAS_main.turn_lap:632] - wp_num:6
2025-06-22 19:28:45,599 - SUAS - DEBUG - [SUAS_main.turn_lap:631] - next wp: 5
2025-06-22 19:28:45,600 - SUAS - DEBUG - [SUAS_main.turn_lap:632] - wp_num:6
2025-06-22 19:28:45,651 - SUAS - DEBUG - [SUAS_main.turn_lap:631] - next wp: 5
2025-06-22 19:28:45,652 - SUAS - DEBUG - [SUAS_main.turn_lap:632] - wp_num:6
2025-06-22 19:28:45,703 - SUAS - DEBUG - [SUAS_main.turn_lap:631] - next wp: 5
2025-06-22 19:28:45,704 - SUAS - DEBUG - [SUAS_main.turn_lap:632] - wp_num:6
2025-06-22 19:28:45,755 - SUAS - DEBUG - [SUAS_main.turn_lap:631] - next wp: 5
2025-06-22 19:28:45,756 - SUAS - DEBUG - [SUAS_main.turn_lap:632] - wp_num:6
2025-06-22 19:28:45,807 - SUAS - DEBUG - [SUAS_main.turn_lap:631] - next wp: 5
2025-06-22 19:28:45,808 - SUAS - DEBUG - [SUAS_main.turn_lap:632] - wp_num:6
2025-06-22 19:28:45,859 - SUAS - DEBUG - [SUAS_main.turn_lap:631] - next wp: 5
2025-06-22 19:28:45,860 - SUAS - DEBUG - [SUAS_main.turn_lap:632] - wp_num:6
2025-06-22 19:28:45,911 - SUAS - DEBUG - [SUAS_main.turn_lap:631] - next wp: 5
2025-06-22 19:28:45,912 - SUAS - DEBUG - [SUAS_main.turn_lap:632] - wp_num:6
2025-06-22 19:28:45,962 - SUAS - DEBUG - [SUAS_main.turn_lap:631] - next wp: 5
2025-06-22 19:28:45,963 - SUAS - DEBUG - [SUAS_main.turn_lap:632] - wp_num:6
2025-06-22 19:28:46,014 - SUAS - DEBUG - [SUAS_main.turn_lap:631] - next wp: 5
2025-06-22 19:28:46,015 - SUAS - DEBUG - [SUAS_main.turn_lap:632] - wp_num:6
2025-06-22 19:28:46,066 - SUAS - DEBUG - [SUAS_main.turn_lap:631] - next wp: 5
2025-06-22 19:28:46,067 - SUAS - DEBUG - [SUAS_main.turn_lap:632] - wp_num:6
2025-06-22 19:28:46,118 - SUAS - DEBUG - [SUAS_main.turn_lap:631] - next wp: 5
2025-06-22 19:28:46,118 - SUAS - DEBUG - [SUAS_main.turn_lap:632] - wp_num:6
2025-06-22 19:28:46,169 - SUAS - DEBUG - [SUAS_main.turn_lap:631] - next wp: 5
2025-06-22 19:28:46,170 - SUAS - DEBUG - [SUAS_main.turn_lap:632] - wp_num:6
2025-06-22 19:28:46,221 - SUAS - DEBUG - [SUAS_main.turn_lap:631] - next wp: 5
2025-06-22 19:28:46,222 - SUAS - DEBUG - [SUAS_main.turn_lap:632] - wp_num:6
2025-06-22 19:28:46,273 - SUAS - DEBUG - [SUAS_main.turn_lap:631] - next wp: 5
2025-06-22 19:28:46,274 - SUAS - DEBUG - [SUAS_main.turn_lap:632] - wp_num:6
2025-06-22 19:28:46,325 - SUAS - DEBUG - [SUAS_main.turn_lap:631] - next wp: 5
2025-06-22 19:28:46,326 - SUAS - DEBUG - [SUAS_main.turn_lap:632] - wp_num:6
2025-06-22 19:28:46,377 - SUAS - DEBUG - [SUAS_main.turn_lap:631] - next wp: 5
2025-06-22 19:28:46,378 - SUAS - DEBUG - [SUAS_main.turn_lap:632] - wp_num:6
2025-06-22 19:28:46,429 - SUAS - DEBUG - [SUAS_main.turn_lap:631] - next wp: 5
2025-06-22 19:28:46,430 - SUAS - DEBUG - [SUAS_main.turn_lap:632] - wp_num:6
2025-06-22 19:28:46,482 - SUAS - DEBUG - [SUAS_main.turn_lap:631] - next wp: 5
2025-06-22 19:28:46,483 - SUAS - DEBUG - [SUAS_main.turn_lap:632] - wp_num:6
2025-06-22 19:28:46,534 - SUAS - DEBUG - [SUAS_main.turn_lap:631] - next wp: 5
2025-06-22 19:28:46,536 - SUAS - DEBUG - [SUAS_main.turn_lap:632] - wp_num:6
2025-06-22 19:28:46,587 - SUAS - DEBUG - [SUAS_main.turn_lap:631] - next wp: 5
2025-06-22 19:28:46,589 - SUAS - DEBUG - [SUAS_main.turn_lap:632] - wp_num:6
2025-06-22 19:28:46,641 - SUAS - DEBUG - [SUAS_main.turn_lap:631] - next wp: 5
2025-06-22 19:28:46,642 - SUAS - DEBUG - [SUAS_main.turn_lap:632] - wp_num:6
2025-06-22 19:28:46,693 - SUAS - DEBUG - [SUAS_main.turn_lap:631] - next wp: 5
2025-06-22 19:28:46,694 - SUAS - DEBUG - [SUAS_main.turn_lap:632] - wp_num:6
2025-06-22 19:28:46,745 - SUAS - DEBUG - [SUAS_main.turn_lap:631] - next wp: 5
2025-06-22 19:28:46,746 - SUAS - DEBUG - [SUAS_main.turn_lap:632] - wp_num:6
2025-06-22 19:28:46,797 - SUAS - DEBUG - [SUAS_main.turn_lap:631] - next wp: 5
2025-06-22 19:28:46,798 - SUAS - DEBUG - [SUAS_main.turn_lap:632] - wp_num:6
2025-06-22 19:28:46,849 - SUAS - DEBUG - [SUAS_main.turn_lap:631] - next wp: 5
2025-06-22 19:28:46,850 - SUAS - DEBUG - [SUAS_main.turn_lap:632] - wp_num:6
2025-06-22 19:28:46,901 - SUAS - DEBUG - [SUAS_main.turn_lap:631] - next wp: 5
2025-06-22 19:28:46,909 - SUAS - DEBUG - [SUAS_main.turn_lap:632] - wp_num:6
2025-06-22 19:28:46,960 - SUAS - DEBUG - [SUAS_main.turn_lap:631] - next wp: 5
2025-06-22 19:28:46,960 - SUAS - DEBUG - [SUAS_main.turn_lap:632] - wp_num:6
2025-06-22 19:28:47,011 - SUAS - DEBUG - [SUAS_main.turn_lap:631] - next wp: 5
2025-06-22 19:28:47,012 - SUAS - DEBUG - [SUAS_main.turn_lap:632] - wp_num:6
2025-06-22 19:28:47,063 - SUAS - DEBUG - [SUAS_main.turn_lap:631] - next wp: 5
2025-06-22 19:28:47,064 - SUAS - DEBUG - [SUAS_main.turn_lap:632] - wp_num:6
2025-06-22 19:28:47,115 - SUAS - DEBUG - [SUAS_main.turn_lap:631] - next wp: 5
2025-06-22 19:28:47,116 - SUAS - DEBUG - [SUAS_main.turn_lap:632] - wp_num:6
2025-06-22 19:28:47,168 - SUAS - DEBUG - [SUAS_main.turn_lap:631] - next wp: 5
2025-06-22 19:28:47,169 - SUAS - DEBUG - [SUAS_main.turn_lap:632] - wp_num:6
2025-06-22 19:28:47,219 - SUAS - DEBUG - [SUAS_main.turn_lap:631] - next wp: 5
2025-06-22 19:28:47,220 - SUAS - DEBUG - [SUAS_main.turn_lap:632] - wp_num:6
2025-06-22 19:28:47,271 - SUAS - DEBUG - [SUAS_main.turn_lap:631] - next wp: 5
2025-06-22 19:28:47,272 - SUAS - DEBUG - [SUAS_main.turn_lap:632] - wp_num:6
2025-06-22 19:28:47,323 - SUAS - DEBUG - [SUAS_main.turn_lap:631] - next wp: 5
2025-06-22 19:28:47,324 - SUAS - DEBUG - [SUAS_main.turn_lap:632] - wp_num:6
2025-06-22 19:28:47,375 - SUAS - DEBUG - [SUAS_main.turn_lap:631] - next wp: 5
2025-06-22 19:28:47,376 - SUAS - DEBUG - [SUAS_main.turn_lap:632] - wp_num:6
2025-06-22 19:28:47,427 - SUAS - DEBUG - [SUAS_main.turn_lap:631] - next wp: 5
2025-06-22 19:28:47,428 - SUAS - DEBUG - [SUAS_main.turn_lap:632] - wp_num:6
2025-06-22 19:28:47,478 - SUAS - DEBUG - [SUAS_main.turn_lap:631] - next wp: 5
2025-06-22 19:28:47,480 - SUAS - DEBUG - [SUAS_main.turn_lap:632] - wp_num:6
2025-06-22 19:28:47,530 - SUAS - DEBUG - [SUAS_main.turn_lap:631] - next wp: 5
2025-06-22 19:28:47,531 - SUAS - DEBUG - [SUAS_main.turn_lap:632] - wp_num:6
2025-06-22 19:28:47,582 - SUAS - DEBUG - [SUAS_main.turn_lap:631] - next wp: 5
2025-06-22 19:28:47,583 - SUAS - DEBUG - [SUAS_main.turn_lap:632] - wp_num:6
2025-06-22 19:28:47,634 - SUAS - DEBUG - [SUAS_main.turn_lap:631] - next wp: 5
2025-06-22 19:28:47,635 - SUAS - DEBUG - [SUAS_main.turn_lap:632] - wp_num:6
2025-06-22 19:28:47,686 - SUAS - DEBUG - [SUAS_main.turn_lap:631] - next wp: 5
2025-06-22 19:28:47,687 - SUAS - DEBUG - [SUAS_main.turn_lap:632] - wp_num:6
2025-06-22 19:28:47,737 - SUAS - DEBUG - [SUAS_main.turn_lap:631] - next wp: 5
2025-06-22 19:28:47,738 - SUAS - DEBUG - [SUAS_main.turn_lap:632] - wp_num:6
2025-06-22 19:28:47,789 - SUAS - DEBUG - [SUAS_main.turn_lap:631] - next wp: 5
2025-06-22 19:28:47,790 - SUAS - DEBUG - [SUAS_main.turn_lap:632] - wp_num:6
2025-06-22 19:28:47,841 - SUAS - DEBUG - [SUAS_main.turn_lap:631] - next wp: 5
2025-06-22 19:28:47,842 - SUAS - DEBUG - [SUAS_main.turn_lap:632] - wp_num:6
2025-06-22 19:28:47,893 - SUAS - DEBUG - [SUAS_main.turn_lap:631] - next wp: 5
2025-06-22 19:28:47,894 - SUAS - DEBUG - [SUAS_main.turn_lap:632] - wp_num:6
2025-06-22 19:28:47,945 - SUAS - DEBUG - [SUAS_main.turn_lap:631] - next wp: 5
2025-06-22 19:28:47,946 - SUAS - DEBUG - [SUAS_main.turn_lap:632] - wp_num:6
2025-06-22 19:28:47,996 - SUAS - DEBUG - [SUAS_main.turn_lap:631] - next wp: 5
2025-06-22 19:28:47,997 - SUAS - DEBUG - [SUAS_main.turn_lap:632] - wp_num:6
2025-06-22 19:28:48,048 - SUAS - DEBUG - [SUAS_main.turn_lap:631] - next wp: 5
2025-06-22 19:28:48,049 - SUAS - DEBUG - [SUAS_main.turn_lap:632] - wp_num:6
2025-06-22 19:28:48,101 - SUAS - DEBUG - [SUAS_main.turn_lap:631] - next wp: 5
2025-06-22 19:28:48,102 - SUAS - DEBUG - [SUAS_main.turn_lap:632] - wp_num:6
2025-06-22 19:28:48,153 - SUAS - DEBUG - [SUAS_main.turn_lap:631] - next wp: 5
2025-06-22 19:28:48,154 - SUAS - DEBUG - [SUAS_main.turn_lap:632] - wp_num:6
2025-06-22 19:28:48,204 - SUAS - DEBUG - [SUAS_main.turn_lap:631] - next wp: 5
2025-06-22 19:28:48,205 - SUAS - DEBUG - [SUAS_main.turn_lap:632] - wp_num:6
2025-06-22 19:28:48,256 - SUAS - DEBUG - [SUAS_main.turn_lap:631] - next wp: 5
2025-06-22 19:28:48,258 - SUAS - DEBUG - [SUAS_main.turn_lap:632] - wp_num:6
2025-06-22 19:28:48,309 - SUAS - DEBUG - [SUAS_main.turn_lap:631] - next wp: 5
2025-06-22 19:28:48,310 - SUAS - DEBUG - [SUAS_main.turn_lap:632] - wp_num:6
2025-06-22 19:28:48,360 - SUAS - DEBUG - [SUAS_main.turn_lap:631] - next wp: 5
2025-06-22 19:28:48,362 - SUAS - DEBUG - [SUAS_main.turn_lap:632] - wp_num:6
2025-06-22 19:28:48,413 - SUAS - DEBUG - [SUAS_main.turn_lap:631] - next wp: 5
2025-06-22 19:28:48,414 - SUAS - DEBUG - [SUAS_main.turn_lap:632] - wp_num:6
2025-06-22 19:28:48,465 - SUAS - DEBUG - [SUAS_main.turn_lap:631] - next wp: 5
2025-06-22 19:28:48,465 - SUAS - DEBUG - [SUAS_main.turn_lap:632] - wp_num:6
2025-06-22 19:28:48,516 - SUAS - DEBUG - [SUAS_main.turn_lap:631] - next wp: 5
2025-06-22 19:28:48,517 - SUAS - DEBUG - [SUAS_main.turn_lap:632] - wp_num:6
2025-06-22 19:28:48,568 - SUAS - DEBUG - [SUAS_main.turn_lap:631] - next wp: 5
2025-06-22 19:28:48,569 - SUAS - DEBUG - [SUAS_main.turn_lap:632] - wp_num:6
2025-06-22 19:28:48,620 - SUAS - DEBUG - [SUAS_main.turn_lap:631] - next wp: 5
2025-06-22 19:28:48,621 - SUAS - DEBUG - [SUAS_main.turn_lap:632] - wp_num:6
2025-06-22 19:28:48,672 - SUAS - DEBUG - [SUAS_main.turn_lap:631] - next wp: 5
2025-06-22 19:28:48,673 - SUAS - DEBUG - [SUAS_main.turn_lap:632] - wp_num:6
2025-06-22 19:28:48,723 - SUAS - DEBUG - [SUAS_main.turn_lap:631] - next wp: 5
2025-06-22 19:28:48,724 - SUAS - DEBUG - [SUAS_main.turn_lap:632] - wp_num:6
2025-06-22 19:28:48,775 - SUAS - DEBUG - [SUAS_main.turn_lap:631] - next wp: 5
2025-06-22 19:28:48,777 - SUAS - DEBUG - [SUAS_main.turn_lap:632] - wp_num:6
2025-06-22 19:28:48,828 - SUAS - DEBUG - [SUAS_main.turn_lap:631] - next wp: 5
2025-06-22 19:28:48,829 - SUAS - DEBUG - [SUAS_main.turn_lap:632] - wp_num:6
2025-06-22 19:28:48,879 - SUAS - DEBUG - [SUAS_main.turn_lap:631] - next wp: 5
2025-06-22 19:28:48,880 - SUAS - DEBUG - [SUAS_main.turn_lap:632] - wp_num:6
2025-06-22 19:28:48,931 - SUAS - DEBUG - [SUAS_main.turn_lap:631] - next wp: 5
2025-06-22 19:28:48,932 - SUAS - DEBUG - [SUAS_main.turn_lap:632] - wp_num:6
2025-06-22 19:28:48,983 - SUAS - DEBUG - [SUAS_main.turn_lap:631] - next wp: 5
2025-06-22 19:28:48,984 - SUAS - DEBUG - [SUAS_main.turn_lap:632] - wp_num:6
2025-06-22 19:28:49,035 - SUAS - DEBUG - [SUAS_main.turn_lap:631] - next wp: 5
2025-06-22 19:28:49,036 - SUAS - DEBUG - [SUAS_main.turn_lap:632] - wp_num:6
2025-06-22 19:28:49,087 - SUAS - DEBUG - [SUAS_main.turn_lap:631] - next wp: 5
2025-06-22 19:28:49,088 - SUAS - DEBUG - [SUAS_main.turn_lap:632] - wp_num:6
2025-06-22 19:28:49,138 - SUAS - DEBUG - [SUAS_main.turn_lap:631] - next wp: 5
2025-06-22 19:28:49,139 - SUAS - DEBUG - [SUAS_main.turn_lap:632] - wp_num:6
2025-06-22 19:28:49,191 - SUAS - DEBUG - [SUAS_main.turn_lap:631] - next wp: 5
2025-06-22 19:28:49,193 - SUAS - DEBUG - [SUAS_main.turn_lap:632] - wp_num:6
2025-06-22 19:28:49,244 - SUAS - DEBUG - [SUAS_main.turn_lap:631] - next wp: 5
2025-06-22 19:28:49,245 - SUAS - DEBUG - [SUAS_main.turn_lap:632] - wp_num:6
2025-06-22 19:28:49,296 - SUAS - DEBUG - [SUAS_main.turn_lap:631] - next wp: 5
2025-06-22 19:28:49,298 - SUAS - DEBUG - [SUAS_main.turn_lap:632] - wp_num:6
2025-06-22 19:28:49,349 - SUAS - DEBUG - [SUAS_main.turn_lap:631] - next wp: 5
2025-06-22 19:28:49,350 - SUAS - DEBUG - [SUAS_main.turn_lap:632] - wp_num:6
2025-06-22 19:28:49,401 - SUAS - DEBUG - [SUAS_main.turn_lap:631] - next wp: 5
2025-06-22 19:28:49,402 - SUAS - DEBUG - [SUAS_main.turn_lap:632] - wp_num:6
2025-06-22 19:28:49,453 - SUAS - DEBUG - [SUAS_main.turn_lap:631] - next wp: 5
2025-06-22 19:28:49,454 - SUAS - DEBUG - [SUAS_main.turn_lap:632] - wp_num:6
2025-06-22 19:28:49,508 - SUAS - DEBUG - [SUAS_main.turn_lap:631] - next wp: 5
2025-06-22 19:28:49,508 - SUAS - DEBUG - [SUAS_main.turn_lap:632] - wp_num:6
2025-06-22 19:28:49,559 - SUAS - DEBUG - [SUAS_main.turn_lap:631] - next wp: 5
2025-06-22 19:28:49,560 - SUAS - DEBUG - [SUAS_main.turn_lap:632] - wp_num:6
2025-06-22 19:28:49,611 - SUAS - DEBUG - [SUAS_main.turn_lap:631] - next wp: 5
2025-06-22 19:28:49,612 - SUAS - DEBUG - [SUAS_main.turn_lap:632] - wp_num:6
2025-06-22 19:28:49,663 - SUAS - DEBUG - [SUAS_main.turn_lap:631] - next wp: 5
2025-06-22 19:28:49,664 - SUAS - DEBUG - [SUAS_main.turn_lap:632] - wp_num:6
2025-06-22 19:28:49,715 - SUAS - DEBUG - [SUAS_main.turn_lap:631] - next wp: 5
2025-06-22 19:28:49,716 - SUAS - DEBUG - [SUAS_main.turn_lap:632] - wp_num:6
2025-06-22 19:28:49,767 - SUAS - DEBUG - [SUAS_main.turn_lap:631] - next wp: 5
2025-06-22 19:28:49,768 - SUAS - DEBUG - [SUAS_main.turn_lap:632] - wp_num:6
2025-06-22 19:28:49,819 - SUAS - DEBUG - [SUAS_main.turn_lap:631] - next wp: 5
2025-06-22 19:28:49,819 - SUAS - DEBUG - [SUAS_main.turn_lap:632] - wp_num:6
2025-06-22 19:28:49,871 - SUAS - DEBUG - [SUAS_main.turn_lap:631] - next wp: 5
2025-06-22 19:28:49,871 - SUAS - DEBUG - [SUAS_main.turn_lap:632] - wp_num:6
2025-06-22 19:28:49,922 - SUAS - DEBUG - [SUAS_main.turn_lap:631] - next wp: 5
2025-06-22 19:28:49,923 - SUAS - DEBUG - [SUAS_main.turn_lap:632] - wp_num:6
2025-06-22 19:28:49,974 - SUAS - DEBUG - [SUAS_main.turn_lap:631] - next wp: 5
2025-06-22 19:28:49,975 - SUAS - DEBUG - [SUAS_main.turn_lap:632] - wp_num:6
2025-06-22 19:28:50,026 - SUAS - DEBUG - [SUAS_main.turn_lap:631] - next wp: 5
2025-06-22 19:28:50,027 - SUAS - DEBUG - [SUAS_main.turn_lap:632] - wp_num:6
2025-06-22 19:28:50,078 - SUAS - DEBUG - [SUAS_main.turn_lap:631] - next wp: 5
2025-06-22 19:28:50,079 - SUAS - DEBUG - [SUAS_main.turn_lap:632] - wp_num:6
2025-06-22 19:28:50,130 - SUAS - DEBUG - [SUAS_main.turn_lap:631] - next wp: 5
2025-06-22 19:28:50,131 - SUAS - DEBUG - [SUAS_main.turn_lap:632] - wp_num:6
2025-06-22 19:28:50,182 - SUAS - DEBUG - [SUAS_main.turn_lap:631] - next wp: 5
2025-06-22 19:28:50,183 - SUAS - DEBUG - [SUAS_main.turn_lap:632] - wp_num:6
2025-06-22 19:28:50,233 - SUAS - DEBUG - [SUAS_main.turn_lap:631] - next wp: 5
2025-06-22 19:28:50,234 - SUAS - DEBUG - [SUAS_main.turn_lap:632] - wp_num:6
2025-06-22 19:28:50,286 - SUAS - DEBUG - [SUAS_main.turn_lap:631] - next wp: 5
2025-06-22 19:28:50,286 - SUAS - DEBUG - [SUAS_main.turn_lap:632] - wp_num:6
2025-06-22 19:28:50,337 - SUAS - DEBUG - [SUAS_main.turn_lap:631] - next wp: 5
2025-06-22 19:28:50,338 - SUAS - DEBUG - [SUAS_main.turn_lap:632] - wp_num:6
2025-06-22 19:28:50,389 - SUAS - DEBUG - [SUAS_main.turn_lap:631] - next wp: 5
2025-06-22 19:28:50,390 - SUAS - DEBUG - [SUAS_main.turn_lap:632] - wp_num:6
2025-06-22 19:28:50,441 - SUAS - DEBUG - [SUAS_main.turn_lap:631] - next wp: 5
2025-06-22 19:28:50,442 - SUAS - DEBUG - [SUAS_main.turn_lap:632] - wp_num:6
2025-06-22 19:28:50,492 - SUAS - DEBUG - [SUAS_main.turn_lap:631] - next wp: 5
2025-06-22 19:28:50,493 - SUAS - DEBUG - [SUAS_main.turn_lap:632] - wp_num:6
2025-06-22 19:28:50,544 - SUAS - DEBUG - [SUAS_main.turn_lap:631] - next wp: 5
2025-06-22 19:28:50,545 - SUAS - DEBUG - [SUAS_main.turn_lap:632] - wp_num:6
2025-06-22 19:28:50,596 - SUAS - DEBUG - [SUAS_main.turn_lap:631] - next wp: 5
2025-06-22 19:28:50,597 - SUAS - DEBUG - [SUAS_main.turn_lap:632] - wp_num:6
2025-06-22 19:28:50,647 - SUAS - DEBUG - [SUAS_main.turn_lap:631] - next wp: 5
2025-06-22 19:28:50,648 - SUAS - DEBUG - [SUAS_main.turn_lap:632] - wp_num:6
2025-06-22 19:28:50,699 - SUAS - DEBUG - [SUAS_main.turn_lap:631] - next wp: 5
2025-06-22 19:28:50,700 - SUAS - DEBUG - [SUAS_main.turn_lap:632] - wp_num:6
2025-06-22 19:28:50,751 - SUAS - DEBUG - [SUAS_main.turn_lap:631] - next wp: 5
2025-06-22 19:28:50,752 - SUAS - DEBUG - [SUAS_main.turn_lap:632] - wp_num:6
2025-06-22 19:28:50,803 - SUAS - DEBUG - [SUAS_main.turn_lap:631] - next wp: 5
2025-06-22 19:28:50,804 - SUAS - DEBUG - [SUAS_main.turn_lap:632] - wp_num:6
2025-06-22 19:28:50,855 - SUAS - DEBUG - [SUAS_main.turn_lap:631] - next wp: 5
2025-06-22 19:28:50,856 - SUAS - DEBUG - [SUAS_main.turn_lap:632] - wp_num:6
2025-06-22 19:28:50,907 - SUAS - DEBUG - [SUAS_main.turn_lap:631] - next wp: 5
2025-06-22 19:28:50,908 - SUAS - DEBUG - [SUAS_main.turn_lap:632] - wp_num:6
2025-06-22 19:28:50,959 - SUAS - DEBUG - [SUAS_main.turn_lap:631] - next wp: 5
2025-06-22 19:28:50,961 - SUAS - DEBUG - [SUAS_main.turn_lap:632] - wp_num:6
2025-06-22 19:28:51,012 - SUAS - DEBUG - [SUAS_main.turn_lap:631] - next wp: 5
2025-06-22 19:28:51,013 - SUAS - DEBUG - [SUAS_main.turn_lap:632] - wp_num:6
2025-06-22 19:28:51,063 - SUAS - DEBUG - [SUAS_main.turn_lap:631] - next wp: 5
2025-06-22 19:28:51,064 - SUAS - DEBUG - [SUAS_main.turn_lap:632] - wp_num:6
2025-06-22 19:28:51,115 - SUAS - DEBUG - [SUAS_main.turn_lap:631] - next wp: 5
2025-06-22 19:28:51,116 - SUAS - DEBUG - [SUAS_main.turn_lap:632] - wp_num:6
2025-06-22 19:28:51,167 - SUAS - DEBUG - [SUAS_main.turn_lap:631] - next wp: 5
2025-06-22 19:28:51,168 - SUAS - DEBUG - [SUAS_main.turn_lap:632] - wp_num:6
2025-06-22 19:28:51,219 - SUAS - DEBUG - [SUAS_main.turn_lap:631] - next wp: 5
2025-06-22 19:28:51,220 - SUAS - DEBUG - [SUAS_main.turn_lap:632] - wp_num:6
2025-06-22 19:28:51,271 - SUAS - DEBUG - [SUAS_main.turn_lap:631] - next wp: 5
2025-06-22 19:28:51,272 - SUAS - DEBUG - [SUAS_main.turn_lap:632] - wp_num:6
2025-06-22 19:28:51,322 - SUAS - DEBUG - [SUAS_main.turn_lap:631] - next wp: 5
2025-06-22 19:28:51,323 - SUAS - DEBUG - [SUAS_main.turn_lap:632] - wp_num:6
2025-06-22 19:28:51,374 - SUAS - DEBUG - [SUAS_main.turn_lap:631] - next wp: 5
2025-06-22 19:28:51,376 - SUAS - DEBUG - [SUAS_main.turn_lap:632] - wp_num:6
2025-06-22 19:28:51,427 - SUAS - DEBUG - [SUAS_main.turn_lap:631] - next wp: 5
2025-06-22 19:28:51,428 - SUAS - DEBUG - [SUAS_main.turn_lap:632] - wp_num:6
2025-06-22 19:28:51,479 - SUAS - DEBUG - [SUAS_main.turn_lap:631] - next wp: 5
2025-06-22 19:28:51,480 - SUAS - DEBUG - [SUAS_main.turn_lap:632] - wp_num:6
2025-06-22 19:28:51,530 - SUAS - DEBUG - [SUAS_main.turn_lap:631] - next wp: 5
2025-06-22 19:28:51,531 - SUAS - DEBUG - [SUAS_main.turn_lap:632] - wp_num:6
2025-06-22 19:28:51,582 - SUAS - DEBUG - [SUAS_main.turn_lap:631] - next wp: 5
2025-06-22 19:28:51,583 - SUAS - DEBUG - [SUAS_main.turn_lap:632] - wp_num:6
2025-06-22 19:28:51,634 - SUAS - DEBUG - [SUAS_main.turn_lap:631] - next wp: 5
2025-06-22 19:28:51,635 - SUAS - DEBUG - [SUAS_main.turn_lap:632] - wp_num:6
2025-06-22 19:28:51,686 - SUAS - DEBUG - [SUAS_main.turn_lap:631] - next wp: 5
2025-06-22 19:28:51,687 - SUAS - DEBUG - [SUAS_main.turn_lap:632] - wp_num:6
2025-06-22 19:28:51,738 - SUAS - DEBUG - [SUAS_main.turn_lap:631] - next wp: 5
2025-06-22 19:28:51,739 - SUAS - DEBUG - [SUAS_main.turn_lap:632] - wp_num:6
2025-06-22 19:28:51,790 - SUAS - DEBUG - [SUAS_main.turn_lap:631] - next wp: 5
2025-06-22 19:28:51,791 - SUAS - DEBUG - [SUAS_main.turn_lap:632] - wp_num:6
2025-06-22 19:28:51,842 - SUAS - DEBUG - [SUAS_main.turn_lap:631] - next wp: 5
2025-06-22 19:28:51,842 - SUAS - DEBUG - [SUAS_main.turn_lap:632] - wp_num:6
2025-06-22 19:28:51,893 - SUAS - DEBUG - [SUAS_main.turn_lap:631] - next wp: 5
2025-06-22 19:28:51,894 - SUAS - DEBUG - [SUAS_main.turn_lap:632] - wp_num:6
2025-06-22 19:28:51,945 - SUAS - DEBUG - [SUAS_main.turn_lap:631] - next wp: 5
2025-06-22 19:28:51,946 - SUAS - DEBUG - [SUAS_main.turn_lap:632] - wp_num:6
2025-06-22 19:28:51,997 - SUAS - DEBUG - [SUAS_main.turn_lap:631] - next wp: 5
2025-06-22 19:28:51,999 - SUAS - DEBUG - [SUAS_main.turn_lap:632] - wp_num:6
2025-06-22 19:28:52,049 - SUAS - DEBUG - [SUAS_main.turn_lap:631] - next wp: 5
2025-06-22 19:28:52,050 - SUAS - DEBUG - [SUAS_main.turn_lap:632] - wp_num:6
2025-06-22 19:28:52,101 - SUAS - DEBUG - [SUAS_main.turn_lap:631] - next wp: 5
2025-06-22 19:28:52,103 - SUAS - DEBUG - [SUAS_main.turn_lap:632] - wp_num:6
2025-06-22 19:28:52,156 - SUAS - DEBUG - [SUAS_main.turn_lap:631] - next wp: 5
2025-06-22 19:28:52,156 - SUAS - DEBUG - [SUAS_main.turn_lap:632] - wp_num:6
2025-06-22 19:28:52,207 - SUAS - DEBUG - [SUAS_main.turn_lap:631] - next wp: 5
2025-06-22 19:28:52,208 - SUAS - DEBUG - [SUAS_main.turn_lap:632] - wp_num:6
2025-06-22 19:28:52,259 - SUAS - DEBUG - [SUAS_main.turn_lap:631] - next wp: 5
2025-06-22 19:28:52,260 - SUAS - DEBUG - [SUAS_main.turn_lap:632] - wp_num:6
2025-06-22 19:28:52,311 - SUAS - DEBUG - [SUAS_main.turn_lap:631] - next wp: 5
2025-06-22 19:28:52,312 - SUAS - DEBUG - [SUAS_main.turn_lap:632] - wp_num:6
2025-06-22 19:28:52,363 - SUAS - DEBUG - [SUAS_main.turn_lap:631] - next wp: 5
2025-06-22 19:28:52,364 - SUAS - DEBUG - [SUAS_main.turn_lap:632] - wp_num:6
2025-06-22 19:28:52,414 - SUAS - DEBUG - [SUAS_main.turn_lap:631] - next wp: 5
2025-06-22 19:28:52,416 - SUAS - DEBUG - [SUAS_main.turn_lap:632] - wp_num:6
2025-06-22 19:28:52,466 - SUAS - DEBUG - [SUAS_main.turn_lap:631] - next wp: 5
2025-06-22 19:28:52,467 - SUAS - DEBUG - [SUAS_main.turn_lap:632] - wp_num:6
2025-06-22 19:28:52,518 - SUAS - DEBUG - [SUAS_main.turn_lap:631] - next wp: 5
2025-06-22 19:28:52,519 - SUAS - DEBUG - [SUAS_main.turn_lap:632] - wp_num:6
2025-06-22 19:28:52,570 - SUAS - DEBUG - [SUAS_main.turn_lap:631] - next wp: 5
2025-06-22 19:28:52,571 - SUAS - DEBUG - [SUAS_main.turn_lap:632] - wp_num:6
2025-06-22 19:28:52,622 - SUAS - DEBUG - [SUAS_main.turn_lap:631] - next wp: 5
2025-06-22 19:28:52,623 - SUAS - DEBUG - [SUAS_main.turn_lap:632] - wp_num:6
2025-06-22 19:28:52,674 - SUAS - DEBUG - [SUAS_main.turn_lap:631] - next wp: 5
2025-06-22 19:28:52,675 - SUAS - DEBUG - [SUAS_main.turn_lap:632] - wp_num:6
2025-06-22 19:28:52,726 - SUAS - DEBUG - [SUAS_main.turn_lap:631] - next wp: 5
2025-06-22 19:28:52,727 - SUAS - DEBUG - [SUAS_main.turn_lap:632] - wp_num:6
2025-06-22 19:28:52,778 - SUAS - DEBUG - [SUAS_main.turn_lap:631] - next wp: 5
2025-06-22 19:28:52,779 - SUAS - DEBUG - [SUAS_main.turn_lap:632] - wp_num:6
2025-06-22 19:28:52,830 - SUAS - DEBUG - [SUAS_main.turn_lap:631] - next wp: 5
2025-06-22 19:28:52,831 - SUAS - DEBUG - [SUAS_main.turn_lap:632] - wp_num:6
2025-06-22 19:28:52,882 - SUAS - DEBUG - [SUAS_main.turn_lap:631] - next wp: 5
2025-06-22 19:28:52,883 - SUAS - DEBUG - [SUAS_main.turn_lap:632] - wp_num:6
2025-06-22 19:28:52,934 - SUAS - DEBUG - [SUAS_main.turn_lap:631] - next wp: 5
2025-06-22 19:28:52,935 - SUAS - DEBUG - [SUAS_main.turn_lap:632] - wp_num:6
2025-06-22 19:28:52,987 - SUAS - DEBUG - [SUAS_main.turn_lap:631] - next wp: 5
2025-06-22 19:28:52,987 - SUAS - DEBUG - [SUAS_main.turn_lap:632] - wp_num:6
2025-06-22 19:28:53,038 - SUAS - DEBUG - [SUAS_main.turn_lap:631] - next wp: 5
2025-06-22 19:28:53,040 - SUAS - DEBUG - [SUAS_main.turn_lap:632] - wp_num:6
2025-06-22 19:28:53,091 - SUAS - DEBUG - [SUAS_main.turn_lap:631] - next wp: 6
2025-06-22 19:28:53,091 - SUAS - DEBUG - [SUAS_main.turn_lap:632] - wp_num:6
2025-06-22 19:28:53,092 - SUAS - DEBUG - [SUAS_main.turn_lap:634] - Air Drop Stage
2025-06-22 19:28:53,608 - SUAS - DEBUG - [SUAS_main.watcher:148] - Mode changed: AUTO -> GUIDED
2025-06-22 19:28:53,608 - SUAS - DEBUG - [SUAS_main.on_mode_change:166] - Unhandled mode change: GUIDED
2025-06-22 19:28:53,644 - SUAS - DEBUG - [SUAS_main.turn_lap:642] - VehicleMode:GUIDED moduna geçildi
2025-06-22 19:28:53,645 - SUAS - DEBUG - [SUAS_main.real_drop:600] - Pathe gidiliyor 3
2025-06-22 19:28:53,646 - SUAS - DEBUG - [SUAS_main.real_drop:556] - konuma gidiliyor: (38.85052989847512, -76.6998993601218)
2025-06-22 19:28:53,649 - SUAS - DEBUG - [SUAS_main.wait:320] - waite girildi timestamp: 2025-06-22 19:28:53
2025-06-22 19:28:53,750 - SUAS - DEBUG - [SUAS_main.wait:322] - Waiting for the vehicle to reach the target point...
2025-06-22 19:29:12,604 - SUAS - DEBUG - [SUAS_main.wait:331] - Reached the target point after the break
2025-06-22 19:29:12,606 - SUAS - DEBUG - [SUAS_main.set_servo:270] - set_servo function has successfully executed. With arguments: Channel: 14, PWM Value: 1650
2025-06-22 19:29:12,607 - SUAS - DEBUG - [SUAS_main.real_drop:572] - Servo activated: channel=(14, 1650)
2025-06-22 19:29:14,611 - SUAS - DEBUG - [SUAS_main.set_servo:270] - set_servo function has successfully executed. With arguments: Channel: 14, PWM Value: 0
2025-06-22 19:29:14,612 - SUAS - DEBUG - [SUAS_main.real_drop:575] - Servo deactivated: channel=14
2025-06-22 19:29:44,639 - SUAS - DEBUG - [SUAS_main.turn_lap:609] - Turn Lap
2025-06-22 19:29:44,741 - SUAS - DEBUG - [SUAS_main.turn_lap:616] - Download Waypoints - Completed
2025-06-22 19:29:44,742 - SUAS - DEBUG - [SUAS_main.turn_lap:618] - WP SET TO 2
2025-06-22 19:29:45,251 - SUAS - DEBUG - [SUAS_main.watcher:148] - Mode changed: GUIDED -> AUTO
2025-06-22 19:29:45,252 - SUAS - DEBUG - [SUAS_main.on_mode_change:166] - Unhandled mode change: AUTO
2025-06-22 19:29:45,295 - SUAS - DEBUG - [SUAS_main.turn_lap:623] - VehicleMode:AUTO moduna geçildi
2025-06-22 19:29:45,346 - SUAS - DEBUG - [SUAS_main.turn_lap:631] - next wp: 2
2025-06-22 19:29:45,347 - SUAS - DEBUG - [SUAS_main.turn_lap:632] - wp_num:6
2025-06-22 19:29:45,398 - SUAS - DEBUG - [SUAS_main.turn_lap:631] - next wp: 2
2025-06-22 19:29:45,399 - SUAS - DEBUG - [SUAS_main.turn_lap:632] - wp_num:6
2025-06-22 19:29:45,449 - SUAS - DEBUG - [SUAS_main.turn_lap:631] - next wp: 2
2025-06-22 19:29:45,450 - SUAS - DEBUG - [SUAS_main.turn_lap:632] - wp_num:6
2025-06-22 19:29:45,502 - SUAS - DEBUG - [SUAS_main.turn_lap:631] - next wp: 2
2025-06-22 19:29:45,503 - SUAS - DEBUG - [SUAS_main.turn_lap:632] - wp_num:6
2025-06-22 19:29:45,553 - SUAS - DEBUG - [SUAS_main.turn_lap:631] - next wp: 2
2025-06-22 19:29:45,554 - SUAS - DEBUG - [SUAS_main.turn_lap:632] - wp_num:6
2025-06-22 19:29:45,606 - SUAS - DEBUG - [SUAS_main.turn_lap:631] - next wp: 2
2025-06-22 19:29:45,607 - SUAS - DEBUG - [SUAS_main.turn_lap:632] - wp_num:6
2025-06-22 19:29:45,659 - SUAS - DEBUG - [SUAS_main.turn_lap:631] - next wp: 2
2025-06-22 19:29:45,660 - SUAS - DEBUG - [SUAS_main.turn_lap:632] - wp_num:6
2025-06-22 19:29:45,710 - SUAS - DEBUG - [SUAS_main.turn_lap:631] - next wp: 2
2025-06-22 19:29:45,711 - SUAS - DEBUG - [SUAS_main.turn_lap:632] - wp_num:6
2025-06-22 19:29:45,762 - SUAS - DEBUG - [SUAS_main.turn_lap:631] - next wp: 2
2025-06-22 19:29:45,764 - SUAS - DEBUG - [SUAS_main.turn_lap:632] - wp_num:6
2025-06-22 19:29:45,814 - SUAS - DEBUG - [SUAS_main.turn_lap:631] - next wp: 2
2025-06-22 19:29:45,815 - SUAS - DEBUG - [SUAS_main.turn_lap:632] - wp_num:6
2025-06-22 19:29:45,866 - SUAS - DEBUG - [SUAS_main.turn_lap:631] - next wp: 2
2025-06-22 19:29:45,867 - SUAS - DEBUG - [SUAS_main.turn_lap:632] - wp_num:6
2025-06-22 19:29:45,919 - SUAS - DEBUG - [SUAS_main.turn_lap:631] - next wp: 2
2025-06-22 19:29:45,920 - SUAS - DEBUG - [SUAS_main.turn_lap:632] - wp_num:6
2025-06-22 19:29:45,970 - SUAS - DEBUG - [SUAS_main.turn_lap:631] - next wp: 2
2025-06-22 19:29:45,971 - SUAS - DEBUG - [SUAS_main.turn_lap:632] - wp_num:6
2025-06-22 19:29:46,022 - SUAS - DEBUG - [SUAS_main.turn_lap:631] - next wp: 2
2025-06-22 19:29:46,023 - SUAS - DEBUG - [SUAS_main.turn_lap:632] - wp_num:6
2025-06-22 19:29:46,074 - SUAS - DEBUG - [SUAS_main.turn_lap:631] - next wp: 2
2025-06-22 19:29:46,075 - SUAS - DEBUG - [SUAS_main.turn_lap:632] - wp_num:6
2025-06-22 19:29:46,126 - SUAS - DEBUG - [SUAS_main.turn_lap:631] - next wp: 2
2025-06-22 19:29:46,127 - SUAS - DEBUG - [SUAS_main.turn_lap:632] - wp_num:6
2025-06-22 19:29:46,178 - SUAS - DEBUG - [SUAS_main.turn_lap:631] - next wp: 2
2025-06-22 19:29:46,179 - SUAS - DEBUG - [SUAS_main.turn_lap:632] - wp_num:6
2025-06-22 19:29:46,230 - SUAS - DEBUG - [SUAS_main.turn_lap:631] - next wp: 2
2025-06-22 19:29:46,231 - SUAS - DEBUG - [SUAS_main.turn_lap:632] - wp_num:6
2025-06-22 19:29:46,282 - SUAS - DEBUG - [SUAS_main.turn_lap:631] - next wp: 2
2025-06-22 19:29:46,283 - SUAS - DEBUG - [SUAS_main.turn_lap:632] - wp_num:6
2025-06-22 19:29:46,334 - SUAS - DEBUG - [SUAS_main.turn_lap:631] - next wp: 2
2025-06-22 19:29:46,335 - SUAS - DEBUG - [SUAS_main.turn_lap:632] - wp_num:6
2025-06-22 19:29:46,385 - SUAS - DEBUG - [SUAS_main.turn_lap:631] - next wp: 2
2025-06-22 19:29:46,386 - SUAS - DEBUG - [SUAS_main.turn_lap:632] - wp_num:6
2025-06-22 19:29:46,437 - SUAS - DEBUG - [SUAS_main.turn_lap:631] - next wp: 2
2025-06-22 19:29:46,438 - SUAS - DEBUG - [SUAS_main.turn_lap:632] - wp_num:6
2025-06-22 19:29:46,489 - SUAS - DEBUG - [SUAS_main.turn_lap:631] - next wp: 2
2025-06-22 19:29:46,490 - SUAS - DEBUG - [SUAS_main.turn_lap:632] - wp_num:6
2025-06-22 19:29:46,541 - SUAS - DEBUG - [SUAS_main.turn_lap:631] - next wp: 2
2025-06-22 19:29:46,542 - SUAS - DEBUG - [SUAS_main.turn_lap:632] - wp_num:6
2025-06-22 19:29:46,593 - SUAS - DEBUG - [SUAS_main.turn_lap:631] - next wp: 2
2025-06-22 19:29:46,594 - SUAS - DEBUG - [SUAS_main.turn_lap:632] - wp_num:6
2025-06-22 19:29:46,645 - SUAS - DEBUG - [SUAS_main.turn_lap:631] - next wp: 2
2025-06-22 19:29:46,648 - SUAS - DEBUG - [SUAS_main.turn_lap:632] - wp_num:6
2025-06-22 19:29:46,698 - SUAS - DEBUG - [SUAS_main.turn_lap:631] - next wp: 2
2025-06-22 19:29:46,701 - SUAS - DEBUG - [SUAS_main.turn_lap:632] - wp_num:6
2025-06-22 19:29:46,753 - SUAS - DEBUG - [SUAS_main.turn_lap:631] - next wp: 2
2025-06-22 19:29:46,754 - SUAS - DEBUG - [SUAS_main.turn_lap:632] - wp_num:6
2025-06-22 19:29:46,806 - SUAS - DEBUG - [SUAS_main.turn_lap:631] - next wp: 2
2025-06-22 19:29:46,807 - SUAS - DEBUG - [SUAS_main.turn_lap:632] - wp_num:6
2025-06-22 19:29:46,858 - SUAS - DEBUG - [SUAS_main.turn_lap:631] - next wp: 2
2025-06-22 19:29:46,860 - SUAS - DEBUG - [SUAS_main.turn_lap:632] - wp_num:6
2025-06-22 19:29:46,910 - SUAS - DEBUG - [SUAS_main.turn_lap:631] - next wp: 2
2025-06-22 19:29:46,911 - SUAS - DEBUG - [SUAS_main.turn_lap:632] - wp_num:6
2025-06-22 19:29:46,962 - SUAS - DEBUG - [SUAS_main.turn_lap:631] - next wp: 2
2025-06-22 19:29:46,964 - SUAS - DEBUG - [SUAS_main.turn_lap:632] - wp_num:6
2025-06-22 19:29:47,015 - SUAS - DEBUG - [SUAS_main.turn_lap:631] - next wp: 2
2025-06-22 19:29:47,016 - SUAS - DEBUG - [SUAS_main.turn_lap:632] - wp_num:6
2025-06-22 19:29:47,066 - SUAS - DEBUG - [SUAS_main.turn_lap:631] - next wp: 2
2025-06-22 19:29:47,067 - SUAS - DEBUG - [SUAS_main.turn_lap:632] - wp_num:6
2025-06-22 19:29:47,118 - SUAS - DEBUG - [SUAS_main.turn_lap:631] - next wp: 2
2025-06-22 19:29:47,119 - SUAS - DEBUG - [SUAS_main.turn_lap:632] - wp_num:6
2025-06-22 19:29:47,170 - SUAS - DEBUG - [SUAS_main.turn_lap:631] - next wp: 2
2025-06-22 19:29:47,171 - SUAS - DEBUG - [SUAS_main.turn_lap:632] - wp_num:6
2025-06-22 19:29:47,221 - SUAS - DEBUG - [SUAS_main.turn_lap:631] - next wp: 2
2025-06-22 19:29:47,222 - SUAS - DEBUG - [SUAS_main.turn_lap:632] - wp_num:6
2025-06-22 19:29:47,273 - SUAS - DEBUG - [SUAS_main.turn_lap:631] - next wp: 2
2025-06-22 19:29:47,274 - SUAS - DEBUG - [SUAS_main.turn_lap:632] - wp_num:6
2025-06-22 19:29:47,325 - SUAS - DEBUG - [SUAS_main.turn_lap:631] - next wp: 2
2025-06-22 19:29:47,326 - SUAS - DEBUG - [SUAS_main.turn_lap:632] - wp_num:6
2025-06-22 19:29:47,377 - SUAS - DEBUG - [SUAS_main.turn_lap:631] - next wp: 2
2025-06-22 19:29:47,378 - SUAS - DEBUG - [SUAS_main.turn_lap:632] - wp_num:6
2025-06-22 19:29:47,430 - SUAS - DEBUG - [SUAS_main.turn_lap:631] - next wp: 2
2025-06-22 19:29:47,431 - SUAS - DEBUG - [SUAS_main.turn_lap:632] - wp_num:6
2025-06-22 19:29:47,482 - SUAS - DEBUG - [SUAS_main.turn_lap:631] - next wp: 2
2025-06-22 19:29:47,483 - SUAS - DEBUG - [SUAS_main.turn_lap:632] - wp_num:6
2025-06-22 19:29:47,534 - SUAS - DEBUG - [SUAS_main.turn_lap:631] - next wp: 2
2025-06-22 19:29:47,535 - SUAS - DEBUG - [SUAS_main.turn_lap:632] - wp_num:6
2025-06-22 19:29:47,586 - SUAS - DEBUG - [SUAS_main.turn_lap:631] - next wp: 2
2025-06-22 19:29:47,587 - SUAS - DEBUG - [SUAS_main.turn_lap:632] - wp_num:6
2025-06-22 19:29:47,638 - SUAS - DEBUG - [SUAS_main.turn_lap:631] - next wp: 2
2025-06-22 19:29:47,639 - SUAS - DEBUG - [SUAS_main.turn_lap:632] - wp_num:6
2025-06-22 19:29:47,690 - SUAS - DEBUG - [SUAS_main.turn_lap:631] - next wp: 2
2025-06-22 19:29:47,691 - SUAS - DEBUG - [SUAS_main.turn_lap:632] - wp_num:6
2025-06-22 19:29:47,742 - SUAS - DEBUG - [SUAS_main.turn_lap:631] - next wp: 2
2025-06-22 19:29:47,743 - SUAS - DEBUG - [SUAS_main.turn_lap:632] - wp_num:6
2025-06-22 19:29:47,794 - SUAS - DEBUG - [SUAS_main.turn_lap:631] - next wp: 2
2025-06-22 19:29:47,795 - SUAS - DEBUG - [SUAS_main.turn_lap:632] - wp_num:6
2025-06-22 19:29:47,846 - SUAS - DEBUG - [SUAS_main.turn_lap:631] - next wp: 2
2025-06-22 19:29:47,847 - SUAS - DEBUG - [SUAS_main.turn_lap:632] - wp_num:6
2025-06-22 19:29:47,898 - SUAS - DEBUG - [SUAS_main.turn_lap:631] - next wp: 2
2025-06-22 19:29:47,899 - SUAS - DEBUG - [SUAS_main.turn_lap:632] - wp_num:6
2025-06-22 19:29:47,949 - SUAS - DEBUG - [SUAS_main.turn_lap:631] - next wp: 2
2025-06-22 19:29:47,950 - SUAS - DEBUG - [SUAS_main.turn_lap:632] - wp_num:6
2025-06-22 19:29:48,001 - SUAS - DEBUG - [SUAS_main.turn_lap:631] - next wp: 2
2025-06-22 19:29:48,002 - SUAS - DEBUG - [SUAS_main.turn_lap:632] - wp_num:6
2025-06-22 19:29:48,053 - SUAS - DEBUG - [SUAS_main.turn_lap:631] - next wp: 2
2025-06-22 19:29:48,054 - SUAS - DEBUG - [SUAS_main.turn_lap:632] - wp_num:6
2025-06-22 19:29:48,105 - SUAS - DEBUG - [SUAS_main.turn_lap:631] - next wp: 2
2025-06-22 19:29:48,107 - SUAS - DEBUG - [SUAS_main.turn_lap:632] - wp_num:6
2025-06-22 19:29:48,159 - SUAS - DEBUG - [SUAS_main.turn_lap:631] - next wp: 2
2025-06-22 19:29:48,160 - SUAS - DEBUG - [SUAS_main.turn_lap:632] - wp_num:6
2025-06-22 19:29:48,214 - SUAS - DEBUG - [SUAS_main.turn_lap:631] - next wp: 2
2025-06-22 19:29:48,224 - SUAS - DEBUG - [SUAS_main.turn_lap:632] - wp_num:6
2025-06-22 19:29:48,275 - SUAS - DEBUG - [SUAS_main.turn_lap:631] - next wp: 2
2025-06-22 19:29:48,277 - SUAS - DEBUG - [SUAS_main.turn_lap:632] - wp_num:6
2025-06-22 19:29:48,328 - SUAS - DEBUG - [SUAS_main.turn_lap:631] - next wp: 2
2025-06-22 19:29:48,329 - SUAS - DEBUG - [SUAS_main.turn_lap:632] - wp_num:6
2025-06-22 19:29:48,380 - SUAS - DEBUG - [SUAS_main.turn_lap:631] - next wp: 2
2025-06-22 19:29:48,381 - SUAS - DEBUG - [SUAS_main.turn_lap:632] - wp_num:6
2025-06-22 19:29:48,432 - SUAS - DEBUG - [SUAS_main.turn_lap:631] - next wp: 2
2025-06-22 19:29:48,433 - SUAS - DEBUG - [SUAS_main.turn_lap:632] - wp_num:6
2025-06-22 19:29:48,484 - SUAS - DEBUG - [SUAS_main.turn_lap:631] - next wp: 2
2025-06-22 19:29:48,485 - SUAS - DEBUG - [SUAS_main.turn_lap:632] - wp_num:6
2025-06-22 19:29:48,536 - SUAS - DEBUG - [SUAS_main.turn_lap:631] - next wp: 2
2025-06-22 19:29:48,537 - SUAS - DEBUG - [SUAS_main.turn_lap:632] - wp_num:6
2025-06-22 19:29:48,587 - SUAS - DEBUG - [SUAS_main.turn_lap:631] - next wp: 2
2025-06-22 19:29:48,588 - SUAS - DEBUG - [SUAS_main.turn_lap:632] - wp_num:6
2025-06-22 19:29:48,639 - SUAS - DEBUG - [SUAS_main.turn_lap:631] - next wp: 2
2025-06-22 19:29:48,640 - SUAS - DEBUG - [SUAS_main.turn_lap:632] - wp_num:6
2025-06-22 19:29:48,692 - SUAS - DEBUG - [SUAS_main.turn_lap:631] - next wp: 2
2025-06-22 19:29:48,693 - SUAS - DEBUG - [SUAS_main.turn_lap:632] - wp_num:6
2025-06-22 19:29:48,744 - SUAS - DEBUG - [SUAS_main.turn_lap:631] - next wp: 2
2025-06-22 19:29:48,744 - SUAS - DEBUG - [SUAS_main.turn_lap:632] - wp_num:6
2025-06-22 19:29:48,795 - SUAS - DEBUG - [SUAS_main.turn_lap:631] - next wp: 2
2025-06-22 19:29:48,796 - SUAS - DEBUG - [SUAS_main.turn_lap:632] - wp_num:6
2025-06-22 19:29:48,847 - SUAS - DEBUG - [SUAS_main.turn_lap:631] - next wp: 2
2025-06-22 19:29:48,848 - SUAS - DEBUG - [SUAS_main.turn_lap:632] - wp_num:6
2025-06-22 19:29:48,898 - SUAS - DEBUG - [SUAS_main.turn_lap:631] - next wp: 2
2025-06-22 19:29:48,899 - SUAS - DEBUG - [SUAS_main.turn_lap:632] - wp_num:6
2025-06-22 19:29:48,950 - SUAS - DEBUG - [SUAS_main.turn_lap:631] - next wp: 2
2025-06-22 19:29:48,951 - SUAS - DEBUG - [SUAS_main.turn_lap:632] - wp_num:6
2025-06-22 19:29:49,002 - SUAS - DEBUG - [SUAS_main.turn_lap:631] - next wp: 2
2025-06-22 19:29:49,003 - SUAS - DEBUG - [SUAS_main.turn_lap:632] - wp_num:6
2025-06-22 19:29:49,054 - SUAS - DEBUG - [SUAS_main.turn_lap:631] - next wp: 2
2025-06-22 19:29:49,055 - SUAS - DEBUG - [SUAS_main.turn_lap:632] - wp_num:6
2025-06-22 19:29:49,106 - SUAS - DEBUG - [SUAS_main.turn_lap:631] - next wp: 2
2025-06-22 19:29:49,107 - SUAS - DEBUG - [SUAS_main.turn_lap:632] - wp_num:6
2025-06-22 19:29:49,159 - SUAS - DEBUG - [SUAS_main.turn_lap:631] - next wp: 2
2025-06-22 19:29:49,160 - SUAS - DEBUG - [SUAS_main.turn_lap:632] - wp_num:6
2025-06-22 19:29:49,210 - SUAS - DEBUG - [SUAS_main.turn_lap:631] - next wp: 2
2025-06-22 19:29:49,211 - SUAS - DEBUG - [SUAS_main.turn_lap:632] - wp_num:6
2025-06-22 19:29:49,262 - SUAS - DEBUG - [SUAS_main.turn_lap:631] - next wp: 2
2025-06-22 19:29:49,263 - SUAS - DEBUG - [SUAS_main.turn_lap:632] - wp_num:6
2025-06-22 19:29:49,314 - SUAS - DEBUG - [SUAS_main.turn_lap:631] - next wp: 2
2025-06-22 19:29:49,315 - SUAS - DEBUG - [SUAS_main.turn_lap:632] - wp_num:6
2025-06-22 19:29:49,366 - SUAS - DEBUG - [SUAS_main.turn_lap:631] - next wp: 2
2025-06-22 19:29:49,367 - SUAS - DEBUG - [SUAS_main.turn_lap:632] - wp_num:6
2025-06-22 19:29:49,418 - SUAS - DEBUG - [SUAS_main.turn_lap:631] - next wp: 2
2025-06-22 19:29:49,419 - SUAS - DEBUG - [SUAS_main.turn_lap:632] - wp_num:6
2025-06-22 19:29:49,469 - SUAS - DEBUG - [SUAS_main.turn_lap:631] - next wp: 2
2025-06-22 19:29:49,470 - SUAS - DEBUG - [SUAS_main.turn_lap:632] - wp_num:6
2025-06-22 19:29:49,521 - SUAS - DEBUG - [SUAS_main.turn_lap:631] - next wp: 2
2025-06-22 19:29:49,522 - SUAS - DEBUG - [SUAS_main.turn_lap:632] - wp_num:6
2025-06-22 19:29:49,573 - SUAS - DEBUG - [SUAS_main.turn_lap:631] - next wp: 2
2025-06-22 19:29:49,574 - SUAS - DEBUG - [SUAS_main.turn_lap:632] - wp_num:6
2025-06-22 19:29:49,625 - SUAS - DEBUG - [SUAS_main.turn_lap:631] - next wp: 2
2025-06-22 19:29:49,626 - SUAS - DEBUG - [SUAS_main.turn_lap:632] - wp_num:6
2025-06-22 19:29:49,677 - SUAS - DEBUG - [SUAS_main.turn_lap:631] - next wp: 2
2025-06-22 19:29:49,685 - SUAS - DEBUG - [SUAS_main.turn_lap:632] - wp_num:6
2025-06-22 19:29:49,736 - SUAS - DEBUG - [SUAS_main.turn_lap:631] - next wp: 2
2025-06-22 19:29:49,737 - SUAS - DEBUG - [SUAS_main.turn_lap:632] - wp_num:6
2025-06-22 19:29:49,788 - SUAS - DEBUG - [SUAS_main.turn_lap:631] - next wp: 2
2025-06-22 19:29:49,789 - SUAS - DEBUG - [SUAS_main.turn_lap:632] - wp_num:6
2025-06-22 19:29:49,839 - SUAS - DEBUG - [SUAS_main.turn_lap:631] - next wp: 2
2025-06-22 19:29:49,841 - SUAS - DEBUG - [SUAS_main.turn_lap:632] - wp_num:6
2025-06-22 19:29:49,892 - SUAS - DEBUG - [SUAS_main.turn_lap:631] - next wp: 2
2025-06-22 19:29:49,893 - SUAS - DEBUG - [SUAS_main.turn_lap:632] - wp_num:6
2025-06-22 19:29:49,944 - SUAS - DEBUG - [SUAS_main.turn_lap:631] - next wp: 2
2025-06-22 19:29:49,944 - SUAS - DEBUG - [SUAS_main.turn_lap:632] - wp_num:6
2025-06-22 19:29:49,995 - SUAS - DEBUG - [SUAS_main.turn_lap:631] - next wp: 2
2025-06-22 19:29:49,996 - SUAS - DEBUG - [SUAS_main.turn_lap:632] - wp_num:6
2025-06-22 19:29:50,047 - SUAS - DEBUG - [SUAS_main.turn_lap:631] - next wp: 2
2025-06-22 19:29:50,048 - SUAS - DEBUG - [SUAS_main.turn_lap:632] - wp_num:6
2025-06-22 19:29:50,099 - SUAS - DEBUG - [SUAS_main.turn_lap:631] - next wp: 2
2025-06-22 19:29:50,100 - SUAS - DEBUG - [SUAS_main.turn_lap:632] - wp_num:6
2025-06-22 19:29:50,151 - SUAS - DEBUG - [SUAS_main.turn_lap:631] - next wp: 2
2025-06-22 19:29:50,151 - SUAS - DEBUG - [SUAS_main.turn_lap:632] - wp_num:6
2025-06-22 19:29:50,202 - SUAS - DEBUG - [SUAS_main.turn_lap:631] - next wp: 2
2025-06-22 19:29:50,203 - SUAS - DEBUG - [SUAS_main.turn_lap:632] - wp_num:6
2025-06-22 19:29:50,254 - SUAS - DEBUG - [SUAS_main.turn_lap:631] - next wp: 2
2025-06-22 19:29:50,255 - SUAS - DEBUG - [SUAS_main.turn_lap:632] - wp_num:6
2025-06-22 19:29:50,306 - SUAS - DEBUG - [SUAS_main.turn_lap:631] - next wp: 2
2025-06-22 19:29:50,308 - SUAS - DEBUG - [SUAS_main.turn_lap:632] - wp_num:6
2025-06-22 19:29:50,359 - SUAS - DEBUG - [SUAS_main.turn_lap:631] - next wp: 2
2025-06-22 19:29:50,359 - SUAS - DEBUG - [SUAS_main.turn_lap:632] - wp_num:6
2025-06-22 19:29:50,411 - SUAS - DEBUG - [SUAS_main.turn_lap:631] - next wp: 2
2025-06-22 19:29:50,411 - SUAS - DEBUG - [SUAS_main.turn_lap:632] - wp_num:6
2025-06-22 19:29:50,462 - SUAS - DEBUG - [SUAS_main.turn_lap:631] - next wp: 2
2025-06-22 19:29:50,464 - SUAS - DEBUG - [SUAS_main.turn_lap:632] - wp_num:6
2025-06-22 19:29:50,515 - SUAS - DEBUG - [SUAS_main.turn_lap:631] - next wp: 2
2025-06-22 19:29:50,516 - SUAS - DEBUG - [SUAS_main.turn_lap:632] - wp_num:6
2025-06-22 19:29:50,566 - SUAS - DEBUG - [SUAS_main.turn_lap:631] - next wp: 2
2025-06-22 19:29:50,568 - SUAS - DEBUG - [SUAS_main.turn_lap:632] - wp_num:6
2025-06-22 19:29:50,618 - SUAS - DEBUG - [SUAS_main.turn_lap:631] - next wp: 2
2025-06-22 19:29:50,619 - SUAS - DEBUG - [SUAS_main.turn_lap:632] - wp_num:6
2025-06-22 19:29:50,670 - SUAS - DEBUG - [SUAS_main.turn_lap:631] - next wp: 2
2025-06-22 19:29:50,671 - SUAS - DEBUG - [SUAS_main.turn_lap:632] - wp_num:6
2025-06-22 19:29:50,722 - SUAS - DEBUG - [SUAS_main.turn_lap:631] - next wp: 2
2025-06-22 19:29:50,723 - SUAS - DEBUG - [SUAS_main.turn_lap:632] - wp_num:6
2025-06-22 19:29:50,774 - SUAS - DEBUG - [SUAS_main.turn_lap:631] - next wp: 2
2025-06-22 19:29:50,775 - SUAS - DEBUG - [SUAS_main.turn_lap:632] - wp_num:6
2025-06-22 19:29:50,825 - SUAS - DEBUG - [SUAS_main.turn_lap:631] - next wp: 2
2025-06-22 19:29:50,827 - SUAS - DEBUG - [SUAS_main.turn_lap:632] - wp_num:6
2025-06-22 19:29:50,877 - SUAS - DEBUG - [SUAS_main.turn_lap:631] - next wp: 2
2025-06-22 19:29:50,878 - SUAS - DEBUG - [SUAS_main.turn_lap:632] - wp_num:6
2025-06-22 19:29:50,929 - SUAS - DEBUG - [SUAS_main.turn_lap:631] - next wp: 2
2025-06-22 19:29:50,930 - SUAS - DEBUG - [SUAS_main.turn_lap:632] - wp_num:6
2025-06-22 19:29:50,981 - SUAS - DEBUG - [SUAS_main.turn_lap:631] - next wp: 2
2025-06-22 19:29:50,985 - SUAS - DEBUG - [SUAS_main.turn_lap:632] - wp_num:6
2025-06-22 19:29:51,041 - SUAS - DEBUG - [SUAS_main.turn_lap:631] - next wp: 2
2025-06-22 19:29:51,043 - SUAS - DEBUG - [SUAS_main.turn_lap:632] - wp_num:6
2025-06-22 19:29:51,094 - SUAS - DEBUG - [SUAS_main.turn_lap:631] - next wp: 2
2025-06-22 19:29:51,095 - SUAS - DEBUG - [SUAS_main.turn_lap:632] - wp_num:6
2025-06-22 19:29:51,146 - SUAS - DEBUG - [SUAS_main.turn_lap:631] - next wp: 2
2025-06-22 19:29:51,147 - SUAS - DEBUG - [SUAS_main.turn_lap:632] - wp_num:6
2025-06-22 19:29:51,198 - SUAS - DEBUG - [SUAS_main.turn_lap:631] - next wp: 2
2025-06-22 19:29:51,199 - SUAS - DEBUG - [SUAS_main.turn_lap:632] - wp_num:6
2025-06-22 19:29:51,249 - SUAS - DEBUG - [SUAS_main.turn_lap:631] - next wp: 2
2025-06-22 19:29:51,250 - SUAS - DEBUG - [SUAS_main.turn_lap:632] - wp_num:6
2025-06-22 19:29:51,301 - SUAS - DEBUG - [SUAS_main.turn_lap:631] - next wp: 2
2025-06-22 19:29:51,302 - SUAS - DEBUG - [SUAS_main.turn_lap:632] - wp_num:6
2025-06-22 19:29:51,353 - SUAS - DEBUG - [SUAS_main.turn_lap:631] - next wp: 2
2025-06-22 19:29:51,354 - SUAS - DEBUG - [SUAS_main.turn_lap:632] - wp_num:6
2025-06-22 19:29:51,405 - SUAS - DEBUG - [SUAS_main.turn_lap:631] - next wp: 2
2025-06-22 19:29:51,406 - SUAS - DEBUG - [SUAS_main.turn_lap:632] - wp_num:6
2025-06-22 19:29:51,457 - SUAS - DEBUG - [SUAS_main.turn_lap:631] - next wp: 2
2025-06-22 19:29:51,458 - SUAS - DEBUG - [SUAS_main.turn_lap:632] - wp_num:6
2025-06-22 19:29:51,508 - SUAS - DEBUG - [SUAS_main.turn_lap:631] - next wp: 2
2025-06-22 19:29:51,509 - SUAS - DEBUG - [SUAS_main.turn_lap:632] - wp_num:6
2025-06-22 19:29:51,560 - SUAS - DEBUG - [SUAS_main.turn_lap:631] - next wp: 2
2025-06-22 19:29:51,561 - SUAS - DEBUG - [SUAS_main.turn_lap:632] - wp_num:6
2025-06-22 19:29:51,612 - SUAS - DEBUG - [SUAS_main.turn_lap:631] - next wp: 2
2025-06-22 19:29:51,613 - SUAS - DEBUG - [SUAS_main.turn_lap:632] - wp_num:6
2025-06-22 19:29:51,664 - SUAS - DEBUG - [SUAS_main.turn_lap:631] - next wp: 2
2025-06-22 19:29:51,665 - SUAS - DEBUG - [SUAS_main.turn_lap:632] - wp_num:6
2025-06-22 19:29:51,716 - SUAS - DEBUG - [SUAS_main.turn_lap:631] - next wp: 2
2025-06-22 19:29:51,717 - SUAS - DEBUG - [SUAS_main.turn_lap:632] - wp_num:6
2025-06-22 19:29:51,768 - SUAS - DEBUG - [SUAS_main.turn_lap:631] - next wp: 2
2025-06-22 19:29:51,769 - SUAS - DEBUG - [SUAS_main.turn_lap:632] - wp_num:6
2025-06-22 19:29:51,819 - SUAS - DEBUG - [SUAS_main.turn_lap:631] - next wp: 2
2025-06-22 19:29:51,820 - SUAS - DEBUG - [SUAS_main.turn_lap:632] - wp_num:6
2025-06-22 19:29:51,871 - SUAS - DEBUG - [SUAS_main.turn_lap:631] - next wp: 2
2025-06-22 19:29:51,872 - SUAS - DEBUG - [SUAS_main.turn_lap:632] - wp_num:6
2025-06-22 19:29:51,923 - SUAS - DEBUG - [SUAS_main.turn_lap:631] - next wp: 2
2025-06-22 19:29:51,924 - SUAS - DEBUG - [SUAS_main.turn_lap:632] - wp_num:6
2025-06-22 19:29:51,975 - SUAS - DEBUG - [SUAS_main.turn_lap:631] - next wp: 2
2025-06-22 19:29:51,976 - SUAS - DEBUG - [SUAS_main.turn_lap:632] - wp_num:6
2025-06-22 19:29:52,026 - SUAS - DEBUG - [SUAS_main.turn_lap:631] - next wp: 2
2025-06-22 19:29:52,028 - SUAS - DEBUG - [SUAS_main.turn_lap:632] - wp_num:6
2025-06-22 19:29:52,079 - SUAS - DEBUG - [SUAS_main.turn_lap:631] - next wp: 2
2025-06-22 19:29:52,080 - SUAS - DEBUG - [SUAS_main.turn_lap:632] - wp_num:6
2025-06-22 19:29:52,130 - SUAS - DEBUG - [SUAS_main.turn_lap:631] - next wp: 2
2025-06-22 19:29:52,131 - SUAS - DEBUG - [SUAS_main.turn_lap:632] - wp_num:6
2025-06-22 19:29:52,182 - SUAS - DEBUG - [SUAS_main.turn_lap:631] - next wp: 2
2025-06-22 19:29:52,183 - SUAS - DEBUG - [SUAS_main.turn_lap:632] - wp_num:6
2025-06-22 19:29:52,235 - SUAS - DEBUG - [SUAS_main.turn_lap:631] - next wp: 2
2025-06-22 19:29:52,236 - SUAS - DEBUG - [SUAS_main.turn_lap:632] - wp_num:6
2025-06-22 19:29:52,287 - SUAS - DEBUG - [SUAS_main.turn_lap:631] - next wp: 2
2025-06-22 19:29:52,287 - SUAS - DEBUG - [SUAS_main.turn_lap:632] - wp_num:6
2025-06-22 19:29:52,338 - SUAS - DEBUG - [SUAS_main.turn_lap:631] - next wp: 2
2025-06-22 19:29:52,339 - SUAS - DEBUG - [SUAS_main.turn_lap:632] - wp_num:6
2025-06-22 19:29:52,390 - SUAS - DEBUG - [SUAS_main.turn_lap:631] - next wp: 2
2025-06-22 19:29:52,391 - SUAS - DEBUG - [SUAS_main.turn_lap:632] - wp_num:6
2025-06-22 19:29:52,442 - SUAS - DEBUG - [SUAS_main.turn_lap:631] - next wp: 2
2025-06-22 19:29:52,443 - SUAS - DEBUG - [SUAS_main.turn_lap:632] - wp_num:6
2025-06-22 19:29:52,493 - SUAS - DEBUG - [SUAS_main.turn_lap:631] - next wp: 2
2025-06-22 19:29:52,494 - SUAS - DEBUG - [SUAS_main.turn_lap:632] - wp_num:6
2025-06-22 19:29:52,545 - SUAS - DEBUG - [SUAS_main.turn_lap:631] - next wp: 2
2025-06-22 19:29:52,546 - SUAS - DEBUG - [SUAS_main.turn_lap:632] - wp_num:6
2025-06-22 19:29:52,597 - SUAS - DEBUG - [SUAS_main.turn_lap:631] - next wp: 2
2025-06-22 19:29:52,598 - SUAS - DEBUG - [SUAS_main.turn_lap:632] - wp_num:6
2025-06-22 19:29:52,649 - SUAS - DEBUG - [SUAS_main.turn_lap:631] - next wp: 2
2025-06-22 19:29:52,649 - SUAS - DEBUG - [SUAS_main.turn_lap:632] - wp_num:6
2025-06-22 19:29:52,700 - SUAS - DEBUG - [SUAS_main.turn_lap:631] - next wp: 2
2025-06-22 19:29:52,702 - SUAS - DEBUG - [SUAS_main.turn_lap:632] - wp_num:6
2025-06-22 19:29:52,753 - SUAS - DEBUG - [SUAS_main.turn_lap:631] - next wp: 2
2025-06-22 19:29:52,754 - SUAS - DEBUG - [SUAS_main.turn_lap:632] - wp_num:6
2025-06-22 19:29:52,804 - SUAS - DEBUG - [SUAS_main.turn_lap:631] - next wp: 2
2025-06-22 19:29:52,805 - SUAS - DEBUG - [SUAS_main.turn_lap:632] - wp_num:6
2025-06-22 19:29:52,856 - SUAS - DEBUG - [SUAS_main.turn_lap:631] - next wp: 2
2025-06-22 19:29:52,857 - SUAS - DEBUG - [SUAS_main.turn_lap:632] - wp_num:6
2025-06-22 19:29:52,908 - SUAS - DEBUG - [SUAS_main.turn_lap:631] - next wp: 2
2025-06-22 19:29:52,909 - SUAS - DEBUG - [SUAS_main.turn_lap:632] - wp_num:6
2025-06-22 19:29:52,960 - SUAS - DEBUG - [SUAS_main.turn_lap:631] - next wp: 2
2025-06-22 19:29:52,961 - SUAS - DEBUG - [SUAS_main.turn_lap:632] - wp_num:6
2025-06-22 19:29:53,012 - SUAS - DEBUG - [SUAS_main.turn_lap:631] - next wp: 2
2025-06-22 19:29:53,013 - SUAS - DEBUG - [SUAS_main.turn_lap:632] - wp_num:6
2025-06-22 19:29:53,064 - SUAS - DEBUG - [SUAS_main.turn_lap:631] - next wp: 2
2025-06-22 19:29:53,065 - SUAS - DEBUG - [SUAS_main.turn_lap:632] - wp_num:6
2025-06-22 19:29:53,115 - SUAS - DEBUG - [SUAS_main.turn_lap:631] - next wp: 2
2025-06-22 19:29:53,116 - SUAS - DEBUG - [SUAS_main.turn_lap:632] - wp_num:6
2025-06-22 19:29:53,167 - SUAS - DEBUG - [SUAS_main.turn_lap:631] - next wp: 2
2025-06-22 19:29:53,168 - SUAS - DEBUG - [SUAS_main.turn_lap:632] - wp_num:6
2025-06-22 19:29:53,219 - SUAS - DEBUG - [SUAS_main.turn_lap:631] - next wp: 2
2025-06-22 19:29:53,220 - SUAS - DEBUG - [SUAS_main.turn_lap:632] - wp_num:6
2025-06-22 19:29:53,271 - SUAS - DEBUG - [SUAS_main.turn_lap:631] - next wp: 2
2025-06-22 19:29:53,271 - SUAS - DEBUG - [SUAS_main.turn_lap:632] - wp_num:6
2025-06-22 19:29:53,322 - SUAS - DEBUG - [SUAS_main.turn_lap:631] - next wp: 2
2025-06-22 19:29:53,323 - SUAS - DEBUG - [SUAS_main.turn_lap:632] - wp_num:6
2025-06-22 19:29:53,374 - SUAS - DEBUG - [SUAS_main.turn_lap:631] - next wp: 2
2025-06-22 19:29:53,375 - SUAS - DEBUG - [SUAS_main.turn_lap:632] - wp_num:6
2025-06-22 19:29:53,426 - SUAS - DEBUG - [SUAS_main.turn_lap:631] - next wp: 2
2025-06-22 19:29:53,427 - SUAS - DEBUG - [SUAS_main.turn_lap:632] - wp_num:6
2025-06-22 19:29:53,478 - SUAS - DEBUG - [SUAS_main.turn_lap:631] - next wp: 2
2025-06-22 19:29:53,479 - SUAS - DEBUG - [SUAS_main.turn_lap:632] - wp_num:6
2025-06-22 19:29:53,535 - SUAS - DEBUG - [SUAS_main.turn_lap:631] - next wp: 2
2025-06-22 19:29:53,537 - SUAS - DEBUG - [SUAS_main.turn_lap:632] - wp_num:6
2025-06-22 19:29:53,588 - SUAS - DEBUG - [SUAS_main.turn_lap:631] - next wp: 2
2025-06-22 19:29:53,589 - SUAS - DEBUG - [SUAS_main.turn_lap:632] - wp_num:6
2025-06-22 19:29:53,640 - SUAS - DEBUG - [SUAS_main.turn_lap:631] - next wp: 2
2025-06-22 19:29:53,641 - SUAS - DEBUG - [SUAS_main.turn_lap:632] - wp_num:6
2025-06-22 19:29:53,692 - SUAS - DEBUG - [SUAS_main.turn_lap:631] - next wp: 2
2025-06-22 19:29:53,693 - SUAS - DEBUG - [SUAS_main.turn_lap:632] - wp_num:6
2025-06-22 19:29:53,744 - SUAS - DEBUG - [SUAS_main.turn_lap:631] - next wp: 2
2025-06-22 19:29:53,745 - SUAS - DEBUG - [SUAS_main.turn_lap:632] - wp_num:6
2025-06-22 19:29:53,796 - SUAS - DEBUG - [SUAS_main.turn_lap:631] - next wp: 2
2025-06-22 19:29:53,797 - SUAS - DEBUG - [SUAS_main.turn_lap:632] - wp_num:6
2025-06-22 19:29:53,847 - SUAS - DEBUG - [SUAS_main.turn_lap:631] - next wp: 2
2025-06-22 19:29:53,848 - SUAS - DEBUG - [SUAS_main.turn_lap:632] - wp_num:6
2025-06-22 19:29:53,899 - SUAS - DEBUG - [SUAS_main.turn_lap:631] - next wp: 2
2025-06-22 19:29:53,900 - SUAS - DEBUG - [SUAS_main.turn_lap:632] - wp_num:6
2025-06-22 19:29:53,951 - SUAS - DEBUG - [SUAS_main.turn_lap:631] - next wp: 2
2025-06-22 19:29:53,952 - SUAS - DEBUG - [SUAS_main.turn_lap:632] - wp_num:6
2025-06-22 19:29:54,003 - SUAS - DEBUG - [SUAS_main.turn_lap:631] - next wp: 2
2025-06-22 19:29:54,004 - SUAS - DEBUG - [SUAS_main.turn_lap:632] - wp_num:6
2025-06-22 19:29:54,055 - SUAS - DEBUG - [SUAS_main.turn_lap:631] - next wp: 2
2025-06-22 19:29:54,056 - SUAS - DEBUG - [SUAS_main.turn_lap:632] - wp_num:6
2025-06-22 19:29:54,107 - SUAS - DEBUG - [SUAS_main.turn_lap:631] - next wp: 2
2025-06-22 19:29:54,108 - SUAS - DEBUG - [SUAS_main.turn_lap:632] - wp_num:6
2025-06-22 19:29:54,159 - SUAS - DEBUG - [SUAS_main.turn_lap:631] - next wp: 2
2025-06-22 19:29:54,160 - SUAS - DEBUG - [SUAS_main.turn_lap:632] - wp_num:6
2025-06-22 19:29:54,212 - SUAS - DEBUG - [SUAS_main.turn_lap:631] - next wp: 2
2025-06-22 19:29:54,213 - SUAS - DEBUG - [SUAS_main.turn_lap:632] - wp_num:6
2025-06-22 19:29:54,263 - SUAS - DEBUG - [SUAS_main.turn_lap:631] - next wp: 2
2025-06-22 19:29:54,265 - SUAS - DEBUG - [SUAS_main.turn_lap:632] - wp_num:6
2025-06-22 19:29:54,316 - SUAS - DEBUG - [SUAS_main.turn_lap:631] - next wp: 2
2025-06-22 19:29:54,317 - SUAS - DEBUG - [SUAS_main.turn_lap:632] - wp_num:6
2025-06-22 19:29:54,368 - SUAS - DEBUG - [SUAS_main.turn_lap:631] - next wp: 2
2025-06-22 19:29:54,369 - SUAS - DEBUG - [SUAS_main.turn_lap:632] - wp_num:6
2025-06-22 19:29:54,420 - SUAS - DEBUG - [SUAS_main.turn_lap:631] - next wp: 2
2025-06-22 19:29:54,420 - SUAS - DEBUG - [SUAS_main.turn_lap:632] - wp_num:6
2025-06-22 19:29:54,471 - SUAS - DEBUG - [SUAS_main.turn_lap:631] - next wp: 2
2025-06-22 19:29:54,472 - SUAS - DEBUG - [SUAS_main.turn_lap:632] - wp_num:6
2025-06-22 19:29:54,523 - SUAS - DEBUG - [SUAS_main.turn_lap:631] - next wp: 2
2025-06-22 19:29:54,524 - SUAS - DEBUG - [SUAS_main.turn_lap:632] - wp_num:6
2025-06-22 19:29:54,575 - SUAS - DEBUG - [SUAS_main.turn_lap:631] - next wp: 2
2025-06-22 19:29:54,576 - SUAS - DEBUG - [SUAS_main.turn_lap:632] - wp_num:6
2025-06-22 19:29:54,627 - SUAS - DEBUG - [SUAS_main.turn_lap:631] - next wp: 2
2025-06-22 19:29:54,628 - SUAS - DEBUG - [SUAS_main.turn_lap:632] - wp_num:6
2025-06-22 19:29:54,679 - SUAS - DEBUG - [SUAS_main.turn_lap:631] - next wp: 2
2025-06-22 19:29:54,680 - SUAS - DEBUG - [SUAS_main.turn_lap:632] - wp_num:6
2025-06-22 19:29:54,731 - SUAS - DEBUG - [SUAS_main.turn_lap:631] - next wp: 2
2025-06-22 19:29:54,732 - SUAS - DEBUG - [SUAS_main.turn_lap:632] - wp_num:6
2025-06-22 19:29:54,783 - SUAS - DEBUG - [SUAS_main.turn_lap:631] - next wp: 2
2025-06-22 19:29:54,784 - SUAS - DEBUG - [SUAS_main.turn_lap:632] - wp_num:6
2025-06-22 19:29:54,835 - SUAS - DEBUG - [SUAS_main.turn_lap:631] - next wp: 2
2025-06-22 19:29:54,835 - SUAS - DEBUG - [SUAS_main.turn_lap:632] - wp_num:6
2025-06-22 19:29:54,886 - SUAS - DEBUG - [SUAS_main.turn_lap:631] - next wp: 2
2025-06-22 19:29:54,887 - SUAS - DEBUG - [SUAS_main.turn_lap:632] - wp_num:6
2025-06-22 19:29:54,938 - SUAS - DEBUG - [SUAS_main.turn_lap:631] - next wp: 2
2025-06-22 19:29:54,940 - SUAS - DEBUG - [SUAS_main.turn_lap:632] - wp_num:6
2025-06-22 19:29:54,991 - SUAS - DEBUG - [SUAS_main.turn_lap:631] - next wp: 2
2025-06-22 19:29:54,992 - SUAS - DEBUG - [SUAS_main.turn_lap:632] - wp_num:6
2025-06-22 19:29:55,043 - SUAS - DEBUG - [SUAS_main.turn_lap:631] - next wp: 2
2025-06-22 19:29:55,044 - SUAS - DEBUG - [SUAS_main.turn_lap:632] - wp_num:6
2025-06-22 19:29:55,094 - SUAS - DEBUG - [SUAS_main.turn_lap:631] - next wp: 2
2025-06-22 19:29:55,095 - SUAS - DEBUG - [SUAS_main.turn_lap:632] - wp_num:6
2025-06-22 19:29:55,146 - SUAS - DEBUG - [SUAS_main.turn_lap:631] - next wp: 2
2025-06-22 19:29:55,147 - SUAS - DEBUG - [SUAS_main.turn_lap:632] - wp_num:6
2025-06-22 19:29:55,198 - SUAS - DEBUG - [SUAS_main.turn_lap:631] - next wp: 2
2025-06-22 19:29:55,199 - SUAS - DEBUG - [SUAS_main.turn_lap:632] - wp_num:6
2025-06-22 19:29:55,250 - SUAS - DEBUG - [SUAS_main.turn_lap:631] - next wp: 2
2025-06-22 19:29:55,251 - SUAS - DEBUG - [SUAS_main.turn_lap:632] - wp_num:6
2025-06-22 19:29:55,302 - SUAS - DEBUG - [SUAS_main.turn_lap:631] - next wp: 2
2025-06-22 19:29:55,303 - SUAS - DEBUG - [SUAS_main.turn_lap:632] - wp_num:6
2025-06-22 19:29:55,354 - SUAS - DEBUG - [SUAS_main.turn_lap:631] - next wp: 2
2025-06-22 19:29:55,355 - SUAS - DEBUG - [SUAS_main.turn_lap:632] - wp_num:6
2025-06-22 19:29:55,405 - SUAS - DEBUG - [SUAS_main.turn_lap:631] - next wp: 2
2025-06-22 19:29:55,406 - SUAS - DEBUG - [SUAS_main.turn_lap:632] - wp_num:6
2025-06-22 19:29:55,457 - SUAS - DEBUG - [SUAS_main.turn_lap:631] - next wp: 2
2025-06-22 19:29:55,459 - SUAS - DEBUG - [SUAS_main.turn_lap:632] - wp_num:6
2025-06-22 19:29:55,510 - SUAS - DEBUG - [SUAS_main.turn_lap:631] - next wp: 2
2025-06-22 19:29:55,511 - SUAS - DEBUG - [SUAS_main.turn_lap:632] - wp_num:6
2025-06-22 19:29:55,561 - SUAS - DEBUG - [SUAS_main.turn_lap:631] - next wp: 2
2025-06-22 19:29:55,563 - SUAS - DEBUG - [SUAS_main.turn_lap:632] - wp_num:6
2025-06-22 19:29:55,614 - SUAS - DEBUG - [SUAS_main.turn_lap:631] - next wp: 2
2025-06-22 19:29:55,615 - SUAS - DEBUG - [SUAS_main.turn_lap:632] - wp_num:6
2025-06-22 19:29:55,666 - SUAS - DEBUG - [SUAS_main.turn_lap:631] - next wp: 2
2025-06-22 19:29:55,666 - SUAS - DEBUG - [SUAS_main.turn_lap:632] - wp_num:6
2025-06-22 19:29:55,717 - SUAS - DEBUG - [SUAS_main.turn_lap:631] - next wp: 2
2025-06-22 19:29:55,718 - SUAS - DEBUG - [SUAS_main.turn_lap:632] - wp_num:6
2025-06-22 19:29:55,769 - SUAS - DEBUG - [SUAS_main.turn_lap:631] - next wp: 2
2025-06-22 19:29:55,770 - SUAS - DEBUG - [SUAS_main.turn_lap:632] - wp_num:6
2025-06-22 19:29:55,821 - SUAS - DEBUG - [SUAS_main.turn_lap:631] - next wp: 2
2025-06-22 19:29:55,822 - SUAS - DEBUG - [SUAS_main.turn_lap:632] - wp_num:6
2025-06-22 19:29:55,873 - SUAS - DEBUG - [SUAS_main.turn_lap:631] - next wp: 2
2025-06-22 19:29:55,874 - SUAS - DEBUG - [SUAS_main.turn_lap:632] - wp_num:6
2025-06-22 19:29:55,924 - SUAS - DEBUG - [SUAS_main.turn_lap:631] - next wp: 2
2025-06-22 19:29:55,926 - SUAS - DEBUG - [SUAS_main.turn_lap:632] - wp_num:6
2025-06-22 19:29:55,977 - SUAS - DEBUG - [SUAS_main.turn_lap:631] - next wp: 2
2025-06-22 19:29:55,978 - SUAS - DEBUG - [SUAS_main.turn_lap:632] - wp_num:6
2025-06-22 19:29:56,029 - SUAS - DEBUG - [SUAS_main.turn_lap:631] - next wp: 2
2025-06-22 19:29:56,030 - SUAS - DEBUG - [SUAS_main.turn_lap:632] - wp_num:6
2025-06-22 19:29:56,081 - SUAS - DEBUG - [SUAS_main.turn_lap:631] - next wp: 2
2025-06-22 19:29:56,082 - SUAS - DEBUG - [SUAS_main.turn_lap:632] - wp_num:6
2025-06-22 19:29:56,133 - SUAS - DEBUG - [SUAS_main.turn_lap:631] - next wp: 2
2025-06-22 19:29:56,134 - SUAS - DEBUG - [SUAS_main.turn_lap:632] - wp_num:6
2025-06-22 19:29:56,184 - SUAS - DEBUG - [SUAS_main.turn_lap:631] - next wp: 2
2025-06-22 19:29:56,186 - SUAS - DEBUG - [SUAS_main.turn_lap:632] - wp_num:6
2025-06-22 19:29:56,237 - SUAS - DEBUG - [SUAS_main.turn_lap:631] - next wp: 2
2025-06-22 19:29:56,238 - SUAS - DEBUG - [SUAS_main.turn_lap:632] - wp_num:6
2025-06-22 19:29:56,289 - SUAS - DEBUG - [SUAS_main.turn_lap:631] - next wp: 2
2025-06-22 19:29:56,290 - SUAS - DEBUG - [SUAS_main.turn_lap:632] - wp_num:6
2025-06-22 19:29:56,341 - SUAS - DEBUG - [SUAS_main.turn_lap:631] - next wp: 2
2025-06-22 19:29:56,342 - SUAS - DEBUG - [SUAS_main.turn_lap:632] - wp_num:6
2025-06-22 19:29:56,393 - SUAS - DEBUG - [SUAS_main.turn_lap:631] - next wp: 2
2025-06-22 19:29:56,394 - SUAS - DEBUG - [SUAS_main.turn_lap:632] - wp_num:6
2025-06-22 19:29:56,445 - SUAS - DEBUG - [SUAS_main.turn_lap:631] - next wp: 2
2025-06-22 19:29:56,445 - SUAS - DEBUG - [SUAS_main.turn_lap:632] - wp_num:6
2025-06-22 19:29:56,496 - SUAS - DEBUG - [SUAS_main.turn_lap:631] - next wp: 2
2025-06-22 19:29:56,497 - SUAS - DEBUG - [SUAS_main.turn_lap:632] - wp_num:6
2025-06-22 19:29:56,548 - SUAS - DEBUG - [SUAS_main.turn_lap:631] - next wp: 2
2025-06-22 19:29:56,549 - SUAS - DEBUG - [SUAS_main.turn_lap:632] - wp_num:6
2025-06-22 19:29:56,600 - SUAS - DEBUG - [SUAS_main.turn_lap:631] - next wp: 2
2025-06-22 19:29:56,601 - SUAS - DEBUG - [SUAS_main.turn_lap:632] - wp_num:6
2025-06-22 19:29:56,652 - SUAS - DEBUG - [SUAS_main.turn_lap:631] - next wp: 2
2025-06-22 19:29:56,653 - SUAS - DEBUG - [SUAS_main.turn_lap:632] - wp_num:6
2025-06-22 19:29:56,703 - SUAS - DEBUG - [SUAS_main.turn_lap:631] - next wp: 2
2025-06-22 19:29:56,704 - SUAS - DEBUG - [SUAS_main.turn_lap:632] - wp_num:6
2025-06-22 19:29:56,755 - SUAS - DEBUG - [SUAS_main.turn_lap:631] - next wp: 2
2025-06-22 19:29:56,756 - SUAS - DEBUG - [SUAS_main.turn_lap:632] - wp_num:6
2025-06-22 19:29:56,807 - SUAS - DEBUG - [SUAS_main.turn_lap:631] - next wp: 2
2025-06-22 19:29:56,808 - SUAS - DEBUG - [SUAS_main.turn_lap:632] - wp_num:6
2025-06-22 19:29:56,859 - SUAS - DEBUG - [SUAS_main.turn_lap:631] - next wp: 2
2025-06-22 19:29:56,860 - SUAS - DEBUG - [SUAS_main.turn_lap:632] - wp_num:6
2025-06-22 19:29:56,912 - SUAS - DEBUG - [SUAS_main.turn_lap:631] - next wp: 2
2025-06-22 19:29:56,912 - SUAS - DEBUG - [SUAS_main.turn_lap:632] - wp_num:6
2025-06-22 19:29:56,963 - SUAS - DEBUG - [SUAS_main.turn_lap:631] - next wp: 2
2025-06-22 19:29:56,964 - SUAS - DEBUG - [SUAS_main.turn_lap:632] - wp_num:6
2025-06-22 19:29:57,015 - SUAS - DEBUG - [SUAS_main.turn_lap:631] - next wp: 2
2025-06-22 19:29:57,016 - SUAS - DEBUG - [SUAS_main.turn_lap:632] - wp_num:6
2025-06-22 19:29:57,067 - SUAS - DEBUG - [SUAS_main.turn_lap:631] - next wp: 2
2025-06-22 19:29:57,067 - SUAS - DEBUG - [SUAS_main.turn_lap:632] - wp_num:6
2025-06-22 19:29:57,118 - SUAS - DEBUG - [SUAS_main.turn_lap:631] - next wp: 2
2025-06-22 19:29:57,119 - SUAS - DEBUG - [SUAS_main.turn_lap:632] - wp_num:6
2025-06-22 19:29:57,170 - SUAS - DEBUG - [SUAS_main.turn_lap:631] - next wp: 2
2025-06-22 19:29:57,171 - SUAS - DEBUG - [SUAS_main.turn_lap:632] - wp_num:6
2025-06-22 19:29:57,222 - SUAS - DEBUG - [SUAS_main.turn_lap:631] - next wp: 2
2025-06-22 19:29:57,223 - SUAS - DEBUG - [SUAS_main.turn_lap:632] - wp_num:6
2025-06-22 19:29:57,274 - SUAS - DEBUG - [SUAS_main.turn_lap:631] - next wp: 2
2025-06-22 19:29:57,275 - SUAS - DEBUG - [SUAS_main.turn_lap:632] - wp_num:6
2025-06-22 19:29:57,326 - SUAS - DEBUG - [SUAS_main.turn_lap:631] - next wp: 2
2025-06-22 19:29:57,327 - SUAS - DEBUG - [SUAS_main.turn_lap:632] - wp_num:6
2025-06-22 19:29:57,378 - SUAS - DEBUG - [SUAS_main.turn_lap:631] - next wp: 2
2025-06-22 19:29:57,379 - SUAS - DEBUG - [SUAS_main.turn_lap:632] - wp_num:6
2025-06-22 19:29:57,431 - SUAS - DEBUG - [SUAS_main.turn_lap:631] - next wp: 2
2025-06-22 19:29:57,431 - SUAS - DEBUG - [SUAS_main.turn_lap:632] - wp_num:6
2025-06-22 19:29:57,482 - SUAS - DEBUG - [SUAS_main.turn_lap:631] - next wp: 2
2025-06-22 19:29:57,483 - SUAS - DEBUG - [SUAS_main.turn_lap:632] - wp_num:6
2025-06-22 19:29:57,534 - SUAS - DEBUG - [SUAS_main.turn_lap:631] - next wp: 2
2025-06-22 19:29:57,535 - SUAS - DEBUG - [SUAS_main.turn_lap:632] - wp_num:6
2025-06-22 19:29:57,586 - SUAS - DEBUG - [SUAS_main.turn_lap:631] - next wp: 2
2025-06-22 19:29:57,587 - SUAS - DEBUG - [SUAS_main.turn_lap:632] - wp_num:6
2025-06-22 19:29:57,638 - SUAS - DEBUG - [SUAS_main.turn_lap:631] - next wp: 2
2025-06-22 19:29:57,639 - SUAS - DEBUG - [SUAS_main.turn_lap:632] - wp_num:6
2025-06-22 19:29:57,690 - SUAS - DEBUG - [SUAS_main.turn_lap:631] - next wp: 2
2025-06-22 19:29:57,691 - SUAS - DEBUG - [SUAS_main.turn_lap:632] - wp_num:6
2025-06-22 19:29:57,742 - SUAS - DEBUG - [SUAS_main.turn_lap:631] - next wp: 2
2025-06-22 19:29:57,743 - SUAS - DEBUG - [SUAS_main.turn_lap:632] - wp_num:6
2025-06-22 19:29:57,794 - SUAS - DEBUG - [SUAS_main.turn_lap:631] - next wp: 2
2025-06-22 19:29:57,795 - SUAS - DEBUG - [SUAS_main.turn_lap:632] - wp_num:6
2025-06-22 19:29:57,846 - SUAS - DEBUG - [SUAS_main.turn_lap:631] - next wp: 2
2025-06-22 19:29:57,846 - SUAS - DEBUG - [SUAS_main.turn_lap:632] - wp_num:6
2025-06-22 19:29:57,897 - SUAS - DEBUG - [SUAS_main.turn_lap:631] - next wp: 2
2025-06-22 19:29:57,898 - SUAS - DEBUG - [SUAS_main.turn_lap:632] - wp_num:6
2025-06-22 19:29:57,949 - SUAS - DEBUG - [SUAS_main.turn_lap:631] - next wp: 2
2025-06-22 19:29:57,950 - SUAS - DEBUG - [SUAS_main.turn_lap:632] - wp_num:6
2025-06-22 19:29:58,001 - SUAS - DEBUG - [SUAS_main.turn_lap:631] - next wp: 3
2025-06-22 19:29:58,002 - SUAS - DEBUG - [SUAS_main.turn_lap:632] - wp_num:6
2025-06-22 19:29:58,053 - SUAS - DEBUG - [SUAS_main.turn_lap:631] - next wp: 3
2025-06-22 19:29:58,054 - SUAS - DEBUG - [SUAS_main.turn_lap:632] - wp_num:6
2025-06-22 19:29:58,105 - SUAS - DEBUG - [SUAS_main.turn_lap:631] - next wp: 3
2025-06-22 19:29:58,106 - SUAS - DEBUG - [SUAS_main.turn_lap:632] - wp_num:6
2025-06-22 19:29:58,157 - SUAS - DEBUG - [SUAS_main.turn_lap:631] - next wp: 3
2025-06-22 19:29:58,158 - SUAS - DEBUG - [SUAS_main.turn_lap:632] - wp_num:6
2025-06-22 19:29:58,209 - SUAS - DEBUG - [SUAS_main.turn_lap:631] - next wp: 3
2025-06-22 19:29:58,210 - SUAS - DEBUG - [SUAS_main.turn_lap:632] - wp_num:6
2025-06-22 19:29:58,261 - SUAS - DEBUG - [SUAS_main.turn_lap:631] - next wp: 3
2025-06-22 19:29:58,262 - SUAS - DEBUG - [SUAS_main.turn_lap:632] - wp_num:6
2025-06-22 19:29:58,312 - SUAS - DEBUG - [SUAS_main.turn_lap:631] - next wp: 3
2025-06-22 19:29:58,313 - SUAS - DEBUG - [SUAS_main.turn_lap:632] - wp_num:6
2025-06-22 19:29:58,364 - SUAS - DEBUG - [SUAS_main.turn_lap:631] - next wp: 3
2025-06-22 19:29:58,365 - SUAS - DEBUG - [SUAS_main.turn_lap:632] - wp_num:6
2025-06-22 19:29:58,416 - SUAS - DEBUG - [SUAS_main.turn_lap:631] - next wp: 3
2025-06-22 19:29:58,417 - SUAS - DEBUG - [SUAS_main.turn_lap:632] - wp_num:6
2025-06-22 19:29:58,468 - SUAS - DEBUG - [SUAS_main.turn_lap:631] - next wp: 3
2025-06-22 19:29:58,469 - SUAS - DEBUG - [SUAS_main.turn_lap:632] - wp_num:6
2025-06-22 19:29:58,519 - SUAS - DEBUG - [SUAS_main.turn_lap:631] - next wp: 3
2025-06-22 19:29:58,520 - SUAS - DEBUG - [SUAS_main.turn_lap:632] - wp_num:6
2025-06-22 19:29:58,571 - SUAS - DEBUG - [SUAS_main.turn_lap:631] - next wp: 3
2025-06-22 19:29:58,572 - SUAS - DEBUG - [SUAS_main.turn_lap:632] - wp_num:6
2025-06-22 19:29:58,623 - SUAS - DEBUG - [SUAS_main.turn_lap:631] - next wp: 3
2025-06-22 19:29:58,624 - SUAS - DEBUG - [SUAS_main.turn_lap:632] - wp_num:6
2025-06-22 19:29:58,675 - SUAS - DEBUG - [SUAS_main.turn_lap:631] - next wp: 3
2025-06-22 19:29:58,675 - SUAS - DEBUG - [SUAS_main.turn_lap:632] - wp_num:6
2025-06-22 19:29:58,726 - SUAS - DEBUG - [SUAS_main.turn_lap:631] - next wp: 3
2025-06-22 19:29:58,727 - SUAS - DEBUG - [SUAS_main.turn_lap:632] - wp_num:6
2025-06-22 19:29:58,778 - SUAS - DEBUG - [SUAS_main.turn_lap:631] - next wp: 3
2025-06-22 19:29:58,780 - SUAS - DEBUG - [SUAS_main.turn_lap:632] - wp_num:6
2025-06-22 19:29:58,832 - SUAS - DEBUG - [SUAS_main.turn_lap:631] - next wp: 3
2025-06-22 19:29:58,833 - SUAS - DEBUG - [SUAS_main.turn_lap:632] - wp_num:6
2025-06-22 19:29:58,884 - SUAS - DEBUG - [SUAS_main.turn_lap:631] - next wp: 3
2025-06-22 19:29:58,885 - SUAS - DEBUG - [SUAS_main.turn_lap:632] - wp_num:6
2025-06-22 19:29:58,936 - SUAS - DEBUG - [SUAS_main.turn_lap:631] - next wp: 3
2025-06-22 19:29:58,937 - SUAS - DEBUG - [SUAS_main.turn_lap:632] - wp_num:6
2025-06-22 19:29:58,989 - SUAS - DEBUG - [SUAS_main.turn_lap:631] - next wp: 3
2025-06-22 19:29:58,990 - SUAS - DEBUG - [SUAS_main.turn_lap:632] - wp_num:6
2025-06-22 19:29:59,040 - SUAS - DEBUG - [SUAS_main.turn_lap:631] - next wp: 3
2025-06-22 19:29:59,041 - SUAS - DEBUG - [SUAS_main.turn_lap:632] - wp_num:6
2025-06-22 19:29:59,092 - SUAS - DEBUG - [SUAS_main.turn_lap:631] - next wp: 3
2025-06-22 19:29:59,093 - SUAS - DEBUG - [SUAS_main.turn_lap:632] - wp_num:6
2025-06-22 19:29:59,144 - SUAS - DEBUG - [SUAS_main.turn_lap:631] - next wp: 3
2025-06-22 19:29:59,145 - SUAS - DEBUG - [SUAS_main.turn_lap:632] - wp_num:6
2025-06-22 19:29:59,196 - SUAS - DEBUG - [SUAS_main.turn_lap:631] - next wp: 3
2025-06-22 19:29:59,197 - SUAS - DEBUG - [SUAS_main.turn_lap:632] - wp_num:6
2025-06-22 19:29:59,248 - SUAS - DEBUG - [SUAS_main.turn_lap:631] - next wp: 3
2025-06-22 19:29:59,249 - SUAS - DEBUG - [SUAS_main.turn_lap:632] - wp_num:6
2025-06-22 19:29:59,300 - SUAS - DEBUG - [SUAS_main.turn_lap:631] - next wp: 3
2025-06-22 19:29:59,301 - SUAS - DEBUG - [SUAS_main.turn_lap:632] - wp_num:6
2025-06-22 19:29:59,352 - SUAS - DEBUG - [SUAS_main.turn_lap:631] - next wp: 3
2025-06-22 19:29:59,353 - SUAS - DEBUG - [SUAS_main.turn_lap:632] - wp_num:6
2025-06-22 19:29:59,404 - SUAS - DEBUG - [SUAS_main.turn_lap:631] - next wp: 3
2025-06-22 19:29:59,404 - SUAS - DEBUG - [SUAS_main.turn_lap:632] - wp_num:6
2025-06-22 19:29:59,455 - SUAS - DEBUG - [SUAS_main.turn_lap:631] - next wp: 3
2025-06-22 19:29:59,456 - SUAS - DEBUG - [SUAS_main.turn_lap:632] - wp_num:6
2025-06-22 19:29:59,507 - SUAS - DEBUG - [SUAS_main.turn_lap:631] - next wp: 3
2025-06-22 19:29:59,508 - SUAS - DEBUG - [SUAS_main.turn_lap:632] - wp_num:6
2025-06-22 19:29:59,559 - SUAS - DEBUG - [SUAS_main.turn_lap:631] - next wp: 3
2025-06-22 19:29:59,560 - SUAS - DEBUG - [SUAS_main.turn_lap:632] - wp_num:6
2025-06-22 19:29:59,611 - SUAS - DEBUG - [SUAS_main.turn_lap:631] - next wp: 3
2025-06-22 19:29:59,612 - SUAS - DEBUG - [SUAS_main.turn_lap:632] - wp_num:6
2025-06-22 19:29:59,663 - SUAS - DEBUG - [SUAS_main.turn_lap:631] - next wp: 3
2025-06-22 19:29:59,664 - SUAS - DEBUG - [SUAS_main.turn_lap:632] - wp_num:6
2025-06-22 19:29:59,715 - SUAS - DEBUG - [SUAS_main.turn_lap:631] - next wp: 3
2025-06-22 19:29:59,715 - SUAS - DEBUG - [SUAS_main.turn_lap:632] - wp_num:6
2025-06-22 19:29:59,766 - SUAS - DEBUG - [SUAS_main.turn_lap:631] - next wp: 3
2025-06-22 19:29:59,767 - SUAS - DEBUG - [SUAS_main.turn_lap:632] - wp_num:6
2025-06-22 19:29:59,818 - SUAS - DEBUG - [SUAS_main.turn_lap:631] - next wp: 3
2025-06-22 19:29:59,819 - SUAS - DEBUG - [SUAS_main.turn_lap:632] - wp_num:6
2025-06-22 19:29:59,870 - SUAS - DEBUG - [SUAS_main.turn_lap:631] - next wp: 3
2025-06-22 19:29:59,871 - SUAS - DEBUG - [SUAS_main.turn_lap:632] - wp_num:6
2025-06-22 19:29:59,922 - SUAS - DEBUG - [SUAS_main.turn_lap:631] - next wp: 3
2025-06-22 19:29:59,923 - SUAS - DEBUG - [SUAS_main.turn_lap:632] - wp_num:6
2025-06-22 19:29:59,974 - SUAS - DEBUG - [SUAS_main.turn_lap:631] - next wp: 3
2025-06-22 19:29:59,975 - SUAS - DEBUG - [SUAS_main.turn_lap:632] - wp_num:6
2025-06-22 19:30:00,027 - SUAS - DEBUG - [SUAS_main.turn_lap:631] - next wp: 3
2025-06-22 19:30:00,027 - SUAS - DEBUG - [SUAS_main.turn_lap:632] - wp_num:6
2025-06-22 19:30:00,078 - SUAS - DEBUG - [SUAS_main.turn_lap:631] - next wp: 3
2025-06-22 19:30:00,080 - SUAS - DEBUG - [SUAS_main.turn_lap:632] - wp_num:6
2025-06-22 19:30:00,130 - SUAS - DEBUG - [SUAS_main.turn_lap:631] - next wp: 3
2025-06-22 19:30:00,131 - SUAS - DEBUG - [SUAS_main.turn_lap:632] - wp_num:6
2025-06-22 19:30:00,182 - SUAS - DEBUG - [SUAS_main.turn_lap:631] - next wp: 3
2025-06-22 19:30:00,183 - SUAS - DEBUG - [SUAS_main.turn_lap:632] - wp_num:6
2025-06-22 19:30:00,234 - SUAS - DEBUG - [SUAS_main.turn_lap:631] - next wp: 3
2025-06-22 19:30:00,235 - SUAS - DEBUG - [SUAS_main.turn_lap:632] - wp_num:6
2025-06-22 19:30:00,286 - SUAS - DEBUG - [SUAS_main.turn_lap:631] - next wp: 3
2025-06-22 19:30:00,287 - SUAS - DEBUG - [SUAS_main.turn_lap:632] - wp_num:6
2025-06-22 19:30:00,338 - SUAS - DEBUG - [SUAS_main.turn_lap:631] - next wp: 3
2025-06-22 19:30:00,339 - SUAS - DEBUG - [SUAS_main.turn_lap:632] - wp_num:6
2025-06-22 19:30:00,390 - SUAS - DEBUG - [SUAS_main.turn_lap:631] - next wp: 3
2025-06-22 19:30:00,391 - SUAS - DEBUG - [SUAS_main.turn_lap:632] - wp_num:6
2025-06-22 19:30:00,441 - SUAS - DEBUG - [SUAS_main.turn_lap:631] - next wp: 3
2025-06-22 19:30:00,442 - SUAS - DEBUG - [SUAS_main.turn_lap:632] - wp_num:6
2025-06-22 19:30:00,493 - SUAS - DEBUG - [SUAS_main.turn_lap:631] - next wp: 3
2025-06-22 19:30:00,494 - SUAS - DEBUG - [SUAS_main.turn_lap:632] - wp_num:6
2025-06-22 19:30:00,545 - SUAS - DEBUG - [SUAS_main.turn_lap:631] - next wp: 3
2025-06-22 19:30:00,545 - SUAS - DEBUG - [SUAS_main.turn_lap:632] - wp_num:6
2025-06-22 19:30:00,596 - SUAS - DEBUG - [SUAS_main.turn_lap:631] - next wp: 3
2025-06-22 19:30:00,597 - SUAS - DEBUG - [SUAS_main.turn_lap:632] - wp_num:6
2025-06-22 19:30:00,648 - SUAS - DEBUG - [SUAS_main.turn_lap:631] - next wp: 3
2025-06-22 19:30:00,649 - SUAS - DEBUG - [SUAS_main.turn_lap:632] - wp_num:6
2025-06-22 19:30:00,699 - SUAS - DEBUG - [SUAS_main.turn_lap:631] - next wp: 3
2025-06-22 19:30:00,700 - SUAS - DEBUG - [SUAS_main.turn_lap:632] - wp_num:6
2025-06-22 19:30:00,751 - SUAS - DEBUG - [SUAS_main.turn_lap:631] - next wp: 3
2025-06-22 19:30:00,752 - SUAS - DEBUG - [SUAS_main.turn_lap:632] - wp_num:6
2025-06-22 19:30:00,803 - SUAS - DEBUG - [SUAS_main.turn_lap:631] - next wp: 3
2025-06-22 19:30:00,804 - SUAS - DEBUG - [SUAS_main.turn_lap:632] - wp_num:6
2025-06-22 19:30:00,855 - SUAS - DEBUG - [SUAS_main.turn_lap:631] - next wp: 3
2025-06-22 19:30:00,856 - SUAS - DEBUG - [SUAS_main.turn_lap:632] - wp_num:6
2025-06-22 19:30:00,907 - SUAS - DEBUG - [SUAS_main.turn_lap:631] - next wp: 3
2025-06-22 19:30:00,908 - SUAS - DEBUG - [SUAS_main.turn_lap:632] - wp_num:6
2025-06-22 19:30:00,959 - SUAS - DEBUG - [SUAS_main.turn_lap:631] - next wp: 3
2025-06-22 19:30:00,960 - SUAS - DEBUG - [SUAS_main.turn_lap:632] - wp_num:6
2025-06-22 19:30:01,011 - SUAS - DEBUG - [SUAS_main.turn_lap:631] - next wp: 3
2025-06-22 19:30:01,012 - SUAS - DEBUG - [SUAS_main.turn_lap:632] - wp_num:6
2025-06-22 19:30:01,062 - SUAS - DEBUG - [SUAS_main.turn_lap:631] - next wp: 3
2025-06-22 19:30:01,063 - SUAS - DEBUG - [SUAS_main.turn_lap:632] - wp_num:6
2025-06-22 19:30:01,114 - SUAS - DEBUG - [SUAS_main.turn_lap:631] - next wp: 3
2025-06-22 19:30:01,115 - SUAS - DEBUG - [SUAS_main.turn_lap:632] - wp_num:6
2025-06-22 19:30:01,166 - SUAS - DEBUG - [SUAS_main.turn_lap:631] - next wp: 3
2025-06-22 19:30:01,167 - SUAS - DEBUG - [SUAS_main.turn_lap:632] - wp_num:6
2025-06-22 19:30:01,218 - SUAS - DEBUG - [SUAS_main.turn_lap:631] - next wp: 3
2025-06-22 19:30:01,218 - SUAS - DEBUG - [SUAS_main.turn_lap:632] - wp_num:6
2025-06-22 19:30:01,269 - SUAS - DEBUG - [SUAS_main.turn_lap:631] - next wp: 3
2025-06-22 19:30:01,270 - SUAS - DEBUG - [SUAS_main.turn_lap:632] - wp_num:6
2025-06-22 19:30:01,321 - SUAS - DEBUG - [SUAS_main.turn_lap:631] - next wp: 3
2025-06-22 19:30:01,322 - SUAS - DEBUG - [SUAS_main.turn_lap:632] - wp_num:6
2025-06-22 19:30:01,373 - SUAS - DEBUG - [SUAS_main.turn_lap:631] - next wp: 3
2025-06-22 19:30:01,374 - SUAS - DEBUG - [SUAS_main.turn_lap:632] - wp_num:6
2025-06-22 19:30:01,425 - SUAS - DEBUG - [SUAS_main.turn_lap:631] - next wp: 3
2025-06-22 19:30:01,426 - SUAS - DEBUG - [SUAS_main.turn_lap:632] - wp_num:6
2025-06-22 19:30:01,477 - SUAS - DEBUG - [SUAS_main.turn_lap:631] - next wp: 3
2025-06-22 19:30:01,478 - SUAS - DEBUG - [SUAS_main.turn_lap:632] - wp_num:6
2025-06-22 19:30:01,529 - SUAS - DEBUG - [SUAS_main.turn_lap:631] - next wp: 3
2025-06-22 19:30:01,530 - SUAS - DEBUG - [SUAS_main.turn_lap:632] - wp_num:6
2025-06-22 19:30:01,580 - SUAS - DEBUG - [SUAS_main.turn_lap:631] - next wp: 3
2025-06-22 19:30:01,581 - SUAS - DEBUG - [SUAS_main.turn_lap:632] - wp_num:6
2025-06-22 19:30:01,632 - SUAS - DEBUG - [SUAS_main.turn_lap:631] - next wp: 3
2025-06-22 19:30:01,633 - SUAS - DEBUG - [SUAS_main.turn_lap:632] - wp_num:6
2025-06-22 19:30:01,684 - SUAS - DEBUG - [SUAS_main.turn_lap:631] - next wp: 3
2025-06-22 19:30:01,685 - SUAS - DEBUG - [SUAS_main.turn_lap:632] - wp_num:6
2025-06-22 19:30:01,736 - SUAS - DEBUG - [SUAS_main.turn_lap:631] - next wp: 3
2025-06-22 19:30:01,737 - SUAS - DEBUG - [SUAS_main.turn_lap:632] - wp_num:6
2025-06-22 19:30:01,788 - SUAS - DEBUG - [SUAS_main.turn_lap:631] - next wp: 3
2025-06-22 19:30:01,789 - SUAS - DEBUG - [SUAS_main.turn_lap:632] - wp_num:6
2025-06-22 19:30:01,840 - SUAS - DEBUG - [SUAS_main.turn_lap:631] - next wp: 3
2025-06-22 19:30:01,841 - SUAS - DEBUG - [SUAS_main.turn_lap:632] - wp_num:6
2025-06-22 19:30:01,892 - SUAS - DEBUG - [SUAS_main.turn_lap:631] - next wp: 3
2025-06-22 19:30:01,893 - SUAS - DEBUG - [SUAS_main.turn_lap:632] - wp_num:6
2025-06-22 19:30:01,944 - SUAS - DEBUG - [SUAS_main.turn_lap:631] - next wp: 3
2025-06-22 19:30:01,944 - SUAS - DEBUG - [SUAS_main.turn_lap:632] - wp_num:6
2025-06-22 19:30:01,995 - SUAS - DEBUG - [SUAS_main.turn_lap:631] - next wp: 3
2025-06-22 19:30:01,996 - SUAS - DEBUG - [SUAS_main.turn_lap:632] - wp_num:6
2025-06-22 19:30:02,047 - SUAS - DEBUG - [SUAS_main.turn_lap:631] - next wp: 3
2025-06-22 19:30:02,048 - SUAS - DEBUG - [SUAS_main.turn_lap:632] - wp_num:6
2025-06-22 19:30:02,099 - SUAS - DEBUG - [SUAS_main.turn_lap:631] - next wp: 3
2025-06-22 19:30:02,100 - SUAS - DEBUG - [SUAS_main.turn_lap:632] - wp_num:6
2025-06-22 19:30:02,151 - SUAS - DEBUG - [SUAS_main.turn_lap:631] - next wp: 3
2025-06-22 19:30:02,152 - SUAS - DEBUG - [SUAS_main.turn_lap:632] - wp_num:6
2025-06-22 19:30:02,203 - SUAS - DEBUG - [SUAS_main.turn_lap:631] - next wp: 3
2025-06-22 19:30:02,204 - SUAS - DEBUG - [SUAS_main.turn_lap:632] - wp_num:6
2025-06-22 19:30:02,255 - SUAS - DEBUG - [SUAS_main.turn_lap:631] - next wp: 3
2025-06-22 19:30:02,256 - SUAS - DEBUG - [SUAS_main.turn_lap:632] - wp_num:6
2025-06-22 19:30:02,307 - SUAS - DEBUG - [SUAS_main.turn_lap:631] - next wp: 3
2025-06-22 19:30:02,308 - SUAS - DEBUG - [SUAS_main.turn_lap:632] - wp_num:6
2025-06-22 19:30:02,359 - SUAS - DEBUG - [SUAS_main.turn_lap:631] - next wp: 3
2025-06-22 19:30:02,360 - SUAS - DEBUG - [SUAS_main.turn_lap:632] - wp_num:6
2025-06-22 19:30:02,411 - SUAS - DEBUG - [SUAS_main.turn_lap:631] - next wp: 3
2025-06-22 19:30:02,412 - SUAS - DEBUG - [SUAS_main.turn_lap:632] - wp_num:6
2025-06-22 19:30:02,463 - SUAS - DEBUG - [SUAS_main.turn_lap:631] - next wp: 3
2025-06-22 19:30:02,464 - SUAS - DEBUG - [SUAS_main.turn_lap:632] - wp_num:6
2025-06-22 19:30:02,515 - SUAS - DEBUG - [SUAS_main.turn_lap:631] - next wp: 3
2025-06-22 19:30:02,516 - SUAS - DEBUG - [SUAS_main.turn_lap:632] - wp_num:6
2025-06-22 19:30:02,566 - SUAS - DEBUG - [SUAS_main.turn_lap:631] - next wp: 3
2025-06-22 19:30:02,567 - SUAS - DEBUG - [SUAS_main.turn_lap:632] - wp_num:6
2025-06-22 19:30:02,618 - SUAS - DEBUG - [SUAS_main.turn_lap:631] - next wp: 3
2025-06-22 19:30:02,619 - SUAS - DEBUG - [SUAS_main.turn_lap:632] - wp_num:6
2025-06-22 19:30:02,670 - SUAS - DEBUG - [SUAS_main.turn_lap:631] - next wp: 3
2025-06-22 19:30:02,671 - SUAS - DEBUG - [SUAS_main.turn_lap:632] - wp_num:6
2025-06-22 19:30:02,722 - SUAS - DEBUG - [SUAS_main.turn_lap:631] - next wp: 3
2025-06-22 19:30:02,723 - SUAS - DEBUG - [SUAS_main.turn_lap:632] - wp_num:6
2025-06-22 19:30:02,774 - SUAS - DEBUG - [SUAS_main.turn_lap:631] - next wp: 3
2025-06-22 19:30:02,775 - SUAS - DEBUG - [SUAS_main.turn_lap:632] - wp_num:6
2025-06-22 19:30:02,827 - SUAS - DEBUG - [SUAS_main.turn_lap:631] - next wp: 3
2025-06-22 19:30:02,828 - SUAS - DEBUG - [SUAS_main.turn_lap:632] - wp_num:6
2025-06-22 19:30:02,878 - SUAS - DEBUG - [SUAS_main.turn_lap:631] - next wp: 3
2025-06-22 19:30:02,880 - SUAS - DEBUG - [SUAS_main.turn_lap:632] - wp_num:6
2025-06-22 19:30:02,931 - SUAS - DEBUG - [SUAS_main.turn_lap:631] - next wp: 3
2025-06-22 19:30:02,932 - SUAS - DEBUG - [SUAS_main.turn_lap:632] - wp_num:6
2025-06-22 19:30:02,983 - SUAS - DEBUG - [SUAS_main.turn_lap:631] - next wp: 3
2025-06-22 19:30:02,983 - SUAS - DEBUG - [SUAS_main.turn_lap:632] - wp_num:6
2025-06-22 19:30:03,034 - SUAS - DEBUG - [SUAS_main.turn_lap:631] - next wp: 3
2025-06-22 19:30:03,035 - SUAS - DEBUG - [SUAS_main.turn_lap:632] - wp_num:6
2025-06-22 19:30:03,086 - SUAS - DEBUG - [SUAS_main.turn_lap:631] - next wp: 3
2025-06-22 19:30:03,087 - SUAS - DEBUG - [SUAS_main.turn_lap:632] - wp_num:6
2025-06-22 19:30:03,138 - SUAS - DEBUG - [SUAS_main.turn_lap:631] - next wp: 3
2025-06-22 19:30:03,139 - SUAS - DEBUG - [SUAS_main.turn_lap:632] - wp_num:6
2025-06-22 19:30:03,190 - SUAS - DEBUG - [SUAS_main.turn_lap:631] - next wp: 3
2025-06-22 19:30:03,191 - SUAS - DEBUG - [SUAS_main.turn_lap:632] - wp_num:6
2025-06-22 19:30:03,242 - SUAS - DEBUG - [SUAS_main.turn_lap:631] - next wp: 3
2025-06-22 19:30:03,243 - SUAS - DEBUG - [SUAS_main.turn_lap:632] - wp_num:6
2025-06-22 19:30:03,293 - SUAS - DEBUG - [SUAS_main.turn_lap:631] - next wp: 3
2025-06-22 19:30:03,294 - SUAS - DEBUG - [SUAS_main.turn_lap:632] - wp_num:6
2025-06-22 19:30:03,345 - SUAS - DEBUG - [SUAS_main.turn_lap:631] - next wp: 3
2025-06-22 19:30:03,346 - SUAS - DEBUG - [SUAS_main.turn_lap:632] - wp_num:6
2025-06-22 19:30:03,397 - SUAS - DEBUG - [SUAS_main.turn_lap:631] - next wp: 3
2025-06-22 19:30:03,399 - SUAS - DEBUG - [SUAS_main.turn_lap:632] - wp_num:6
2025-06-22 19:30:03,450 - SUAS - DEBUG - [SUAS_main.turn_lap:631] - next wp: 3
2025-06-22 19:30:03,451 - SUAS - DEBUG - [SUAS_main.turn_lap:632] - wp_num:6
2025-06-22 19:30:03,502 - SUAS - DEBUG - [SUAS_main.turn_lap:631] - next wp: 3
2025-06-22 19:30:03,503 - SUAS - DEBUG - [SUAS_main.turn_lap:632] - wp_num:6
2025-06-22 19:30:03,555 - SUAS - DEBUG - [SUAS_main.turn_lap:631] - next wp: 3
2025-06-22 19:30:03,556 - SUAS - DEBUG - [SUAS_main.turn_lap:632] - wp_num:6
2025-06-22 19:30:03,607 - SUAS - DEBUG - [SUAS_main.turn_lap:631] - next wp: 3
2025-06-22 19:30:03,608 - SUAS - DEBUG - [SUAS_main.turn_lap:632] - wp_num:6
2025-06-22 19:30:03,659 - SUAS - DEBUG - [SUAS_main.turn_lap:631] - next wp: 3
2025-06-22 19:30:03,660 - SUAS - DEBUG - [SUAS_main.turn_lap:632] - wp_num:6
2025-06-22 19:30:03,711 - SUAS - DEBUG - [SUAS_main.turn_lap:631] - next wp: 3
2025-06-22 19:30:03,712 - SUAS - DEBUG - [SUAS_main.turn_lap:632] - wp_num:6
2025-06-22 19:30:03,763 - SUAS - DEBUG - [SUAS_main.turn_lap:631] - next wp: 3
2025-06-22 19:30:03,763 - SUAS - DEBUG - [SUAS_main.turn_lap:632] - wp_num:6
2025-06-22 19:30:03,814 - SUAS - DEBUG - [SUAS_main.turn_lap:631] - next wp: 3
2025-06-22 19:30:03,815 - SUAS - DEBUG - [SUAS_main.turn_lap:632] - wp_num:6
2025-06-22 19:30:03,866 - SUAS - DEBUG - [SUAS_main.turn_lap:631] - next wp: 3
2025-06-22 19:30:03,867 - SUAS - DEBUG - [SUAS_main.turn_lap:632] - wp_num:6
2025-06-22 19:30:03,918 - SUAS - DEBUG - [SUAS_main.turn_lap:631] - next wp: 3
2025-06-22 19:30:03,919 - SUAS - DEBUG - [SUAS_main.turn_lap:632] - wp_num:6
2025-06-22 19:30:03,971 - SUAS - DEBUG - [SUAS_main.turn_lap:631] - next wp: 3
2025-06-22 19:30:03,972 - SUAS - DEBUG - [SUAS_main.turn_lap:632] - wp_num:6
2025-06-22 19:30:04,023 - SUAS - DEBUG - [SUAS_main.turn_lap:631] - next wp: 3
2025-06-22 19:30:04,024 - SUAS - DEBUG - [SUAS_main.turn_lap:632] - wp_num:6
2025-06-22 19:30:04,075 - SUAS - DEBUG - [SUAS_main.turn_lap:631] - next wp: 3
2025-06-22 19:30:04,076 - SUAS - DEBUG - [SUAS_main.turn_lap:632] - wp_num:6
2025-06-22 19:30:04,127 - SUAS - DEBUG - [SUAS_main.turn_lap:631] - next wp: 3
2025-06-22 19:30:04,127 - SUAS - DEBUG - [SUAS_main.turn_lap:632] - wp_num:6
2025-06-22 19:30:04,178 - SUAS - DEBUG - [SUAS_main.turn_lap:631] - next wp: 3
2025-06-22 19:30:04,179 - SUAS - DEBUG - [SUAS_main.turn_lap:632] - wp_num:6
2025-06-22 19:30:04,230 - SUAS - DEBUG - [SUAS_main.turn_lap:631] - next wp: 3
2025-06-22 19:30:04,231 - SUAS - DEBUG - [SUAS_main.turn_lap:632] - wp_num:6
2025-06-22 19:30:04,282 - SUAS - DEBUG - [SUAS_main.turn_lap:631] - next wp: 3
2025-06-22 19:30:04,283 - SUAS - DEBUG - [SUAS_main.turn_lap:632] - wp_num:6
2025-06-22 19:30:04,334 - SUAS - DEBUG - [SUAS_main.turn_lap:631] - next wp: 3
2025-06-22 19:30:04,335 - SUAS - DEBUG - [SUAS_main.turn_lap:632] - wp_num:6
2025-06-22 19:30:04,387 - SUAS - DEBUG - [SUAS_main.turn_lap:631] - next wp: 3
2025-06-22 19:30:04,387 - SUAS - DEBUG - [SUAS_main.turn_lap:632] - wp_num:6
2025-06-22 19:30:04,438 - SUAS - DEBUG - [SUAS_main.turn_lap:631] - next wp: 3
2025-06-22 19:30:04,439 - SUAS - DEBUG - [SUAS_main.turn_lap:632] - wp_num:6
2025-06-22 19:30:04,491 - SUAS - DEBUG - [SUAS_main.turn_lap:631] - next wp: 3
2025-06-22 19:30:04,491 - SUAS - DEBUG - [SUAS_main.turn_lap:632] - wp_num:6
2025-06-22 19:30:04,542 - SUAS - DEBUG - [SUAS_main.turn_lap:631] - next wp: 3
2025-06-22 19:30:04,543 - SUAS - DEBUG - [SUAS_main.turn_lap:632] - wp_num:6
2025-06-22 19:30:04,594 - SUAS - DEBUG - [SUAS_main.turn_lap:631] - next wp: 4
2025-06-22 19:30:04,595 - SUAS - DEBUG - [SUAS_main.turn_lap:632] - wp_num:6
2025-06-22 19:30:04,647 - SUAS - DEBUG - [SUAS_main.turn_lap:631] - next wp: 4
2025-06-22 19:30:04,648 - SUAS - DEBUG - [SUAS_main.turn_lap:632] - wp_num:6
2025-06-22 19:30:04,698 - SUAS - DEBUG - [SUAS_main.turn_lap:631] - next wp: 4
2025-06-22 19:30:04,700 - SUAS - DEBUG - [SUAS_main.turn_lap:632] - wp_num:6
2025-06-22 19:30:04,751 - SUAS - DEBUG - [SUAS_main.turn_lap:631] - next wp: 4
2025-06-22 19:30:04,760 - SUAS - DEBUG - [SUAS_main.turn_lap:632] - wp_num:6
2025-06-22 19:30:04,811 - SUAS - DEBUG - [SUAS_main.turn_lap:631] - next wp: 4
2025-06-22 19:30:04,811 - SUAS - DEBUG - [SUAS_main.turn_lap:632] - wp_num:6
2025-06-22 19:30:04,862 - SUAS - DEBUG - [SUAS_main.turn_lap:631] - next wp: 4
2025-06-22 19:30:04,863 - SUAS - DEBUG - [SUAS_main.turn_lap:632] - wp_num:6
2025-06-22 19:30:04,914 - SUAS - DEBUG - [SUAS_main.turn_lap:631] - next wp: 4
2025-06-22 19:30:04,915 - SUAS - DEBUG - [SUAS_main.turn_lap:632] - wp_num:6
2025-06-22 19:30:04,966 - SUAS - DEBUG - [SUAS_main.turn_lap:631] - next wp: 4
2025-06-22 19:30:04,967 - SUAS - DEBUG - [SUAS_main.turn_lap:632] - wp_num:6
2025-06-22 19:30:05,018 - SUAS - DEBUG - [SUAS_main.turn_lap:631] - next wp: 4
2025-06-22 19:30:05,018 - SUAS - DEBUG - [SUAS_main.turn_lap:632] - wp_num:6
2025-06-22 19:30:05,069 - SUAS - DEBUG - [SUAS_main.turn_lap:631] - next wp: 4
2025-06-22 19:30:05,070 - SUAS - DEBUG - [SUAS_main.turn_lap:632] - wp_num:6
2025-06-22 19:30:05,121 - SUAS - DEBUG - [SUAS_main.turn_lap:631] - next wp: 4
2025-06-22 19:30:05,122 - SUAS - DEBUG - [SUAS_main.turn_lap:632] - wp_num:6
2025-06-22 19:30:05,173 - SUAS - DEBUG - [SUAS_main.turn_lap:631] - next wp: 4
2025-06-22 19:30:05,174 - SUAS - DEBUG - [SUAS_main.turn_lap:632] - wp_num:6
2025-06-22 19:30:05,225 - SUAS - DEBUG - [SUAS_main.turn_lap:631] - next wp: 4
2025-06-22 19:30:05,226 - SUAS - DEBUG - [SUAS_main.turn_lap:632] - wp_num:6
2025-06-22 19:30:05,277 - SUAS - DEBUG - [SUAS_main.turn_lap:631] - next wp: 4
2025-06-22 19:30:05,278 - SUAS - DEBUG - [SUAS_main.turn_lap:632] - wp_num:6
2025-06-22 19:30:05,329 - SUAS - DEBUG - [SUAS_main.turn_lap:631] - next wp: 4
2025-06-22 19:30:05,330 - SUAS - DEBUG - [SUAS_main.turn_lap:632] - wp_num:6
2025-06-22 19:30:05,381 - SUAS - DEBUG - [SUAS_main.turn_lap:631] - next wp: 4
2025-06-22 19:30:05,382 - SUAS - DEBUG - [SUAS_main.turn_lap:632] - wp_num:6
2025-06-22 19:30:05,433 - SUAS - DEBUG - [SUAS_main.turn_lap:631] - next wp: 4
2025-06-22 19:30:05,435 - SUAS - DEBUG - [SUAS_main.turn_lap:632] - wp_num:6
2025-06-22 19:30:05,486 - SUAS - DEBUG - [SUAS_main.turn_lap:631] - next wp: 4
2025-06-22 19:30:05,487 - SUAS - DEBUG - [SUAS_main.turn_lap:632] - wp_num:6
2025-06-22 19:30:05,537 - SUAS - DEBUG - [SUAS_main.turn_lap:631] - next wp: 4
2025-06-22 19:30:05,538 - SUAS - DEBUG - [SUAS_main.turn_lap:632] - wp_num:6
2025-06-22 19:30:05,589 - SUAS - DEBUG - [SUAS_main.turn_lap:631] - next wp: 4
2025-06-22 19:30:05,590 - SUAS - DEBUG - [SUAS_main.turn_lap:632] - wp_num:6
2025-06-22 19:30:05,641 - SUAS - DEBUG - [SUAS_main.turn_lap:631] - next wp: 4
2025-06-22 19:30:05,642 - SUAS - DEBUG - [SUAS_main.turn_lap:632] - wp_num:6
2025-06-22 19:30:05,693 - SUAS - DEBUG - [SUAS_main.turn_lap:631] - next wp: 4
2025-06-22 19:30:05,694 - SUAS - DEBUG - [SUAS_main.turn_lap:632] - wp_num:6
2025-06-22 19:30:05,746 - SUAS - DEBUG - [SUAS_main.turn_lap:631] - next wp: 4
2025-06-22 19:30:05,746 - SUAS - DEBUG - [SUAS_main.turn_lap:632] - wp_num:6
2025-06-22 19:30:05,797 - SUAS - DEBUG - [SUAS_main.turn_lap:631] - next wp: 4
2025-06-22 19:30:05,798 - SUAS - DEBUG - [SUAS_main.turn_lap:632] - wp_num:6
2025-06-22 19:30:05,849 - SUAS - DEBUG - [SUAS_main.turn_lap:631] - next wp: 4
2025-06-22 19:30:05,850 - SUAS - DEBUG - [SUAS_main.turn_lap:632] - wp_num:6
2025-06-22 19:30:05,901 - SUAS - DEBUG - [SUAS_main.turn_lap:631] - next wp: 4
2025-06-22 19:30:05,902 - SUAS - DEBUG - [SUAS_main.turn_lap:632] - wp_num:6
2025-06-22 19:30:05,953 - SUAS - DEBUG - [SUAS_main.turn_lap:631] - next wp: 4
2025-06-22 19:30:05,954 - SUAS - DEBUG - [SUAS_main.turn_lap:632] - wp_num:6
2025-06-22 19:30:06,006 - SUAS - DEBUG - [SUAS_main.turn_lap:631] - next wp: 4
2025-06-22 19:30:06,006 - SUAS - DEBUG - [SUAS_main.turn_lap:632] - wp_num:6
2025-06-22 19:30:06,057 - SUAS - DEBUG - [SUAS_main.turn_lap:631] - next wp: 4
2025-06-22 19:30:06,058 - SUAS - DEBUG - [SUAS_main.turn_lap:632] - wp_num:6
2025-06-22 19:30:06,109 - SUAS - DEBUG - [SUAS_main.turn_lap:631] - next wp: 4
2025-06-22 19:30:06,110 - SUAS - DEBUG - [SUAS_main.turn_lap:632] - wp_num:6
2025-06-22 19:30:06,161 - SUAS - DEBUG - [SUAS_main.turn_lap:631] - next wp: 4
2025-06-22 19:30:06,162 - SUAS - DEBUG - [SUAS_main.turn_lap:632] - wp_num:6
2025-06-22 19:30:06,213 - SUAS - DEBUG - [SUAS_main.turn_lap:631] - next wp: 4
2025-06-22 19:30:06,214 - SUAS - DEBUG - [SUAS_main.turn_lap:632] - wp_num:6
2025-06-22 19:30:06,265 - SUAS - DEBUG - [SUAS_main.turn_lap:631] - next wp: 4
2025-06-22 19:30:06,266 - SUAS - DEBUG - [SUAS_main.turn_lap:632] - wp_num:6
2025-06-22 19:30:06,317 - SUAS - DEBUG - [SUAS_main.turn_lap:631] - next wp: 4
2025-06-22 19:30:06,318 - SUAS - DEBUG - [SUAS_main.turn_lap:632] - wp_num:6
2025-06-22 19:30:06,369 - SUAS - DEBUG - [SUAS_main.turn_lap:631] - next wp: 4
2025-06-22 19:30:06,369 - SUAS - DEBUG - [SUAS_main.turn_lap:632] - wp_num:6
2025-06-22 19:30:06,421 - SUAS - DEBUG - [SUAS_main.turn_lap:631] - next wp: 4
2025-06-22 19:30:06,422 - SUAS - DEBUG - [SUAS_main.turn_lap:632] - wp_num:6
2025-06-22 19:30:06,473 - SUAS - DEBUG - [SUAS_main.turn_lap:631] - next wp: 4
2025-06-22 19:30:06,474 - SUAS - DEBUG - [SUAS_main.turn_lap:632] - wp_num:6
2025-06-22 19:30:06,524 - SUAS - DEBUG - [SUAS_main.turn_lap:631] - next wp: 4
2025-06-22 19:30:06,525 - SUAS - DEBUG - [SUAS_main.turn_lap:632] - wp_num:6
2025-06-22 19:30:06,576 - SUAS - DEBUG - [SUAS_main.turn_lap:631] - next wp: 4
2025-06-22 19:30:06,578 - SUAS - DEBUG - [SUAS_main.turn_lap:632] - wp_num:6
2025-06-22 19:30:06,629 - SUAS - DEBUG - [SUAS_main.turn_lap:631] - next wp: 4
2025-06-22 19:30:06,630 - SUAS - DEBUG - [SUAS_main.turn_lap:632] - wp_num:6
2025-06-22 19:30:06,681 - SUAS - DEBUG - [SUAS_main.turn_lap:631] - next wp: 4
2025-06-22 19:30:06,682 - SUAS - DEBUG - [SUAS_main.turn_lap:632] - wp_num:6
2025-06-22 19:30:06,732 - SUAS - DEBUG - [SUAS_main.turn_lap:631] - next wp: 4
2025-06-22 19:30:06,733 - SUAS - DEBUG - [SUAS_main.turn_lap:632] - wp_num:6
2025-06-22 19:30:06,784 - SUAS - DEBUG - [SUAS_main.turn_lap:631] - next wp: 4
2025-06-22 19:30:06,785 - SUAS - DEBUG - [SUAS_main.turn_lap:632] - wp_num:6
2025-06-22 19:30:06,836 - SUAS - DEBUG - [SUAS_main.turn_lap:631] - next wp: 4
2025-06-22 19:30:06,837 - SUAS - DEBUG - [SUAS_main.turn_lap:632] - wp_num:6
2025-06-22 19:30:06,889 - SUAS - DEBUG - [SUAS_main.turn_lap:631] - next wp: 4
2025-06-22 19:30:06,889 - SUAS - DEBUG - [SUAS_main.turn_lap:632] - wp_num:6
2025-06-22 19:30:06,940 - SUAS - DEBUG - [SUAS_main.turn_lap:631] - next wp: 4
2025-06-22 19:30:06,941 - SUAS - DEBUG - [SUAS_main.turn_lap:632] - wp_num:6
2025-06-22 19:30:06,992 - SUAS - DEBUG - [SUAS_main.turn_lap:631] - next wp: 4
2025-06-22 19:30:06,993 - SUAS - DEBUG - [SUAS_main.turn_lap:632] - wp_num:6
2025-06-22 19:30:07,044 - SUAS - DEBUG - [SUAS_main.turn_lap:631] - next wp: 4
2025-06-22 19:30:07,045 - SUAS - DEBUG - [SUAS_main.turn_lap:632] - wp_num:6
2025-06-22 19:30:07,095 - SUAS - DEBUG - [SUAS_main.turn_lap:631] - next wp: 4
2025-06-22 19:30:07,097 - SUAS - DEBUG - [SUAS_main.turn_lap:632] - wp_num:6
2025-06-22 19:30:07,148 - SUAS - DEBUG - [SUAS_main.turn_lap:631] - next wp: 4
2025-06-22 19:30:07,148 - SUAS - DEBUG - [SUAS_main.turn_lap:632] - wp_num:6
2025-06-22 19:30:07,199 - SUAS - DEBUG - [SUAS_main.turn_lap:631] - next wp: 4
2025-06-22 19:30:07,200 - SUAS - DEBUG - [SUAS_main.turn_lap:632] - wp_num:6
2025-06-22 19:30:07,251 - SUAS - DEBUG - [SUAS_main.turn_lap:631] - next wp: 4
2025-06-22 19:30:07,252 - SUAS - DEBUG - [SUAS_main.turn_lap:632] - wp_num:6
2025-06-22 19:30:07,303 - SUAS - DEBUG - [SUAS_main.turn_lap:631] - next wp: 4
2025-06-22 19:30:07,304 - SUAS - DEBUG - [SUAS_main.turn_lap:632] - wp_num:6
2025-06-22 19:30:07,354 - SUAS - DEBUG - [SUAS_main.turn_lap:631] - next wp: 4
2025-06-22 19:30:07,355 - SUAS - DEBUG - [SUAS_main.turn_lap:632] - wp_num:6
2025-06-22 19:30:07,407 - SUAS - DEBUG - [SUAS_main.turn_lap:631] - next wp: 4
2025-06-22 19:30:07,408 - SUAS - DEBUG - [SUAS_main.turn_lap:632] - wp_num:6
2025-06-22 19:30:07,458 - SUAS - DEBUG - [SUAS_main.turn_lap:631] - next wp: 4
2025-06-22 19:30:07,459 - SUAS - DEBUG - [SUAS_main.turn_lap:632] - wp_num:6
2025-06-22 19:30:07,510 - SUAS - DEBUG - [SUAS_main.turn_lap:631] - next wp: 4
2025-06-22 19:30:07,511 - SUAS - DEBUG - [SUAS_main.turn_lap:632] - wp_num:6
2025-06-22 19:30:07,562 - SUAS - DEBUG - [SUAS_main.turn_lap:631] - next wp: 4
2025-06-22 19:30:07,563 - SUAS - DEBUG - [SUAS_main.turn_lap:632] - wp_num:6
2025-06-22 19:30:07,614 - SUAS - DEBUG - [SUAS_main.turn_lap:631] - next wp: 4
2025-06-22 19:30:07,615 - SUAS - DEBUG - [SUAS_main.turn_lap:632] - wp_num:6
2025-06-22 19:30:07,665 - SUAS - DEBUG - [SUAS_main.turn_lap:631] - next wp: 4
2025-06-22 19:30:07,666 - SUAS - DEBUG - [SUAS_main.turn_lap:632] - wp_num:6
2025-06-22 19:30:07,717 - SUAS - DEBUG - [SUAS_main.turn_lap:631] - next wp: 4
2025-06-22 19:30:07,719 - SUAS - DEBUG - [SUAS_main.turn_lap:632] - wp_num:6
2025-06-22 19:30:07,770 - SUAS - DEBUG - [SUAS_main.turn_lap:631] - next wp: 4
2025-06-22 19:30:07,771 - SUAS - DEBUG - [SUAS_main.turn_lap:632] - wp_num:6
2025-06-22 19:30:07,822 - SUAS - DEBUG - [SUAS_main.turn_lap:631] - next wp: 4
2025-06-22 19:30:07,823 - SUAS - DEBUG - [SUAS_main.turn_lap:632] - wp_num:6
2025-06-22 19:30:07,874 - SUAS - DEBUG - [SUAS_main.turn_lap:631] - next wp: 4
2025-06-22 19:30:07,875 - SUAS - DEBUG - [SUAS_main.turn_lap:632] - wp_num:6
2025-06-22 19:30:07,926 - SUAS - DEBUG - [SUAS_main.turn_lap:631] - next wp: 4
2025-06-22 19:30:07,926 - SUAS - DEBUG - [SUAS_main.turn_lap:632] - wp_num:6
2025-06-22 19:30:07,977 - SUAS - DEBUG - [SUAS_main.turn_lap:631] - next wp: 4
2025-06-22 19:30:07,979 - SUAS - DEBUG - [SUAS_main.turn_lap:632] - wp_num:6
2025-06-22 19:30:08,030 - SUAS - DEBUG - [SUAS_main.turn_lap:631] - next wp: 4
2025-06-22 19:30:08,030 - SUAS - DEBUG - [SUAS_main.turn_lap:632] - wp_num:6
2025-06-22 19:30:08,081 - SUAS - DEBUG - [SUAS_main.turn_lap:631] - next wp: 4
2025-06-22 19:30:08,082 - SUAS - DEBUG - [SUAS_main.turn_lap:632] - wp_num:6
2025-06-22 19:30:08,133 - SUAS - DEBUG - [SUAS_main.turn_lap:631] - next wp: 4
2025-06-22 19:30:08,134 - SUAS - DEBUG - [SUAS_main.turn_lap:632] - wp_num:6
2025-06-22 19:30:08,185 - SUAS - DEBUG - [SUAS_main.turn_lap:631] - next wp: 4
2025-06-22 19:30:08,186 - SUAS - DEBUG - [SUAS_main.turn_lap:632] - wp_num:6
2025-06-22 19:30:08,237 - SUAS - DEBUG - [SUAS_main.turn_lap:631] - next wp: 4
2025-06-22 19:30:08,238 - SUAS - DEBUG - [SUAS_main.turn_lap:632] - wp_num:6
2025-06-22 19:30:08,289 - SUAS - DEBUG - [SUAS_main.turn_lap:631] - next wp: 4
2025-06-22 19:30:08,289 - SUAS - DEBUG - [SUAS_main.turn_lap:632] - wp_num:6
2025-06-22 19:30:08,340 - SUAS - DEBUG - [SUAS_main.turn_lap:631] - next wp: 4
2025-06-22 19:30:08,341 - SUAS - DEBUG - [SUAS_main.turn_lap:632] - wp_num:6
2025-06-22 19:30:08,392 - SUAS - DEBUG - [SUAS_main.turn_lap:631] - next wp: 4
2025-06-22 19:30:08,393 - SUAS - DEBUG - [SUAS_main.turn_lap:632] - wp_num:6
2025-06-22 19:30:08,444 - SUAS - DEBUG - [SUAS_main.turn_lap:631] - next wp: 4
2025-06-22 19:30:08,445 - SUAS - DEBUG - [SUAS_main.turn_lap:632] - wp_num:6
2025-06-22 19:30:08,496 - SUAS - DEBUG - [SUAS_main.turn_lap:631] - next wp: 4
2025-06-22 19:30:08,498 - SUAS - DEBUG - [SUAS_main.turn_lap:632] - wp_num:6
2025-06-22 19:30:08,549 - SUAS - DEBUG - [SUAS_main.turn_lap:631] - next wp: 4
2025-06-22 19:30:08,550 - SUAS - DEBUG - [SUAS_main.turn_lap:632] - wp_num:6
2025-06-22 19:30:08,601 - SUAS - DEBUG - [SUAS_main.turn_lap:631] - next wp: 4
2025-06-22 19:30:08,602 - SUAS - DEBUG - [SUAS_main.turn_lap:632] - wp_num:6
2025-06-22 19:30:08,652 - SUAS - DEBUG - [SUAS_main.turn_lap:631] - next wp: 4
2025-06-22 19:30:08,654 - SUAS - DEBUG - [SUAS_main.turn_lap:632] - wp_num:6
2025-06-22 19:30:08,705 - SUAS - DEBUG - [SUAS_main.turn_lap:631] - next wp: 4
2025-06-22 19:30:08,706 - SUAS - DEBUG - [SUAS_main.turn_lap:632] - wp_num:6
2025-06-22 19:30:08,757 - SUAS - DEBUG - [SUAS_main.turn_lap:631] - next wp: 4
2025-06-22 19:30:08,758 - SUAS - DEBUG - [SUAS_main.turn_lap:632] - wp_num:6
2025-06-22 19:30:08,809 - SUAS - DEBUG - [SUAS_main.turn_lap:631] - next wp: 4
2025-06-22 19:30:08,810 - SUAS - DEBUG - [SUAS_main.turn_lap:632] - wp_num:6
2025-06-22 19:30:08,861 - SUAS - DEBUG - [SUAS_main.turn_lap:631] - next wp: 4
2025-06-22 19:30:08,862 - SUAS - DEBUG - [SUAS_main.turn_lap:632] - wp_num:6
2025-06-22 19:30:08,913 - SUAS - DEBUG - [SUAS_main.turn_lap:631] - next wp: 4
2025-06-22 19:30:08,914 - SUAS - DEBUG - [SUAS_main.turn_lap:632] - wp_num:6
2025-06-22 19:30:08,964 - SUAS - DEBUG - [SUAS_main.turn_lap:631] - next wp: 4
2025-06-22 19:30:08,965 - SUAS - DEBUG - [SUAS_main.turn_lap:632] - wp_num:6
2025-06-22 19:30:09,016 - SUAS - DEBUG - [SUAS_main.turn_lap:631] - next wp: 4
2025-06-22 19:30:09,017 - SUAS - DEBUG - [SUAS_main.turn_lap:632] - wp_num:6
2025-06-22 19:30:09,068 - SUAS - DEBUG - [SUAS_main.turn_lap:631] - next wp: 4
2025-06-22 19:30:09,069 - SUAS - DEBUG - [SUAS_main.turn_lap:632] - wp_num:6
2025-06-22 19:30:09,120 - SUAS - DEBUG - [SUAS_main.turn_lap:631] - next wp: 4
2025-06-22 19:30:09,121 - SUAS - DEBUG - [SUAS_main.turn_lap:632] - wp_num:6
2025-06-22 19:30:09,172 - SUAS - DEBUG - [SUAS_main.turn_lap:631] - next wp: 4
2025-06-22 19:30:09,173 - SUAS - DEBUG - [SUAS_main.turn_lap:632] - wp_num:6
2025-06-22 19:30:09,224 - SUAS - DEBUG - [SUAS_main.turn_lap:631] - next wp: 4
2025-06-22 19:30:09,225 - SUAS - DEBUG - [SUAS_main.turn_lap:632] - wp_num:6
2025-06-22 19:30:09,276 - SUAS - DEBUG - [SUAS_main.turn_lap:631] - next wp: 4
2025-06-22 19:30:09,277 - SUAS - DEBUG - [SUAS_main.turn_lap:632] - wp_num:6
2025-06-22 19:30:09,328 - SUAS - DEBUG - [SUAS_main.turn_lap:631] - next wp: 4
2025-06-22 19:30:09,329 - SUAS - DEBUG - [SUAS_main.turn_lap:632] - wp_num:6
2025-06-22 19:30:09,380 - SUAS - DEBUG - [SUAS_main.turn_lap:631] - next wp: 4
2025-06-22 19:30:09,381 - SUAS - DEBUG - [SUAS_main.turn_lap:632] - wp_num:6
2025-06-22 19:30:09,432 - SUAS - DEBUG - [SUAS_main.turn_lap:631] - next wp: 4
2025-06-22 19:30:09,433 - SUAS - DEBUG - [SUAS_main.turn_lap:632] - wp_num:6
2025-06-22 19:30:09,484 - SUAS - DEBUG - [SUAS_main.turn_lap:631] - next wp: 4
2025-06-22 19:30:09,485 - SUAS - DEBUG - [SUAS_main.turn_lap:632] - wp_num:6
2025-06-22 19:30:09,536 - SUAS - DEBUG - [SUAS_main.turn_lap:631] - next wp: 4
2025-06-22 19:30:09,537 - SUAS - DEBUG - [SUAS_main.turn_lap:632] - wp_num:6
2025-06-22 19:30:09,588 - SUAS - DEBUG - [SUAS_main.turn_lap:631] - next wp: 4
2025-06-22 19:30:09,588 - SUAS - DEBUG - [SUAS_main.turn_lap:632] - wp_num:6
2025-06-22 19:30:09,639 - SUAS - DEBUG - [SUAS_main.turn_lap:631] - next wp: 4
2025-06-22 19:30:09,640 - SUAS - DEBUG - [SUAS_main.turn_lap:632] - wp_num:6
2025-06-22 19:30:09,691 - SUAS - DEBUG - [SUAS_main.turn_lap:631] - next wp: 4
2025-06-22 19:30:09,692 - SUAS - DEBUG - [SUAS_main.turn_lap:632] - wp_num:6
2025-06-22 19:30:09,743 - SUAS - DEBUG - [SUAS_main.turn_lap:631] - next wp: 4
2025-06-22 19:30:09,744 - SUAS - DEBUG - [SUAS_main.turn_lap:632] - wp_num:6
2025-06-22 19:30:09,794 - SUAS - DEBUG - [SUAS_main.turn_lap:631] - next wp: 4
2025-06-22 19:30:09,796 - SUAS - DEBUG - [SUAS_main.turn_lap:632] - wp_num:6
2025-06-22 19:30:09,878 - SUAS - DEBUG - [SUAS_main.turn_lap:631] - next wp: 4
2025-06-22 19:30:09,880 - SUAS - DEBUG - [SUAS_main.turn_lap:632] - wp_num:6
2025-06-22 19:30:09,931 - SUAS - DEBUG - [SUAS_main.turn_lap:631] - next wp: 4
2025-06-22 19:30:09,931 - SUAS - DEBUG - [SUAS_main.turn_lap:632] - wp_num:6
2025-06-22 19:30:09,982 - SUAS - DEBUG - [SUAS_main.turn_lap:631] - next wp: 4
2025-06-22 19:30:09,983 - SUAS - DEBUG - [SUAS_main.turn_lap:632] - wp_num:6
2025-06-22 19:30:10,034 - SUAS - DEBUG - [SUAS_main.turn_lap:631] - next wp: 4
2025-06-22 19:30:10,036 - SUAS - DEBUG - [SUAS_main.turn_lap:632] - wp_num:6
2025-06-22 19:30:10,087 - SUAS - DEBUG - [SUAS_main.turn_lap:631] - next wp: 4
2025-06-22 19:30:10,088 - SUAS - DEBUG - [SUAS_main.turn_lap:632] - wp_num:6
2025-06-22 19:30:10,139 - SUAS - DEBUG - [SUAS_main.turn_lap:631] - next wp: 4
2025-06-22 19:30:10,140 - SUAS - DEBUG - [SUAS_main.turn_lap:632] - wp_num:6
2025-06-22 19:30:10,190 - SUAS - DEBUG - [SUAS_main.turn_lap:631] - next wp: 4
2025-06-22 19:30:10,191 - SUAS - DEBUG - [SUAS_main.turn_lap:632] - wp_num:6
2025-06-22 19:30:10,243 - SUAS - DEBUG - [SUAS_main.turn_lap:631] - next wp: 4
2025-06-22 19:30:10,244 - SUAS - DEBUG - [SUAS_main.turn_lap:632] - wp_num:6
2025-06-22 19:30:10,295 - SUAS - DEBUG - [SUAS_main.turn_lap:631] - next wp: 4
2025-06-22 19:30:10,296 - SUAS - DEBUG - [SUAS_main.turn_lap:632] - wp_num:6
2025-06-22 19:30:10,347 - SUAS - DEBUG - [SUAS_main.turn_lap:631] - next wp: 4
2025-06-22 19:30:10,348 - SUAS - DEBUG - [SUAS_main.turn_lap:632] - wp_num:6
2025-06-22 19:30:10,399 - SUAS - DEBUG - [SUAS_main.turn_lap:631] - next wp: 4
2025-06-22 19:30:10,399 - SUAS - DEBUG - [SUAS_main.turn_lap:632] - wp_num:6
2025-06-22 19:30:10,451 - SUAS - DEBUG - [SUAS_main.turn_lap:631] - next wp: 4
2025-06-22 19:30:10,452 - SUAS - DEBUG - [SUAS_main.turn_lap:632] - wp_num:6
2025-06-22 19:30:10,503 - SUAS - DEBUG - [SUAS_main.turn_lap:631] - next wp: 4
2025-06-22 19:30:10,503 - SUAS - DEBUG - [SUAS_main.turn_lap:632] - wp_num:6
2025-06-22 19:30:10,554 - SUAS - DEBUG - [SUAS_main.turn_lap:631] - next wp: 4
2025-06-22 19:30:10,555 - SUAS - DEBUG - [SUAS_main.turn_lap:632] - wp_num:6
2025-06-22 19:30:10,607 - SUAS - DEBUG - [SUAS_main.turn_lap:631] - next wp: 4
2025-06-22 19:30:10,607 - SUAS - DEBUG - [SUAS_main.turn_lap:632] - wp_num:6
2025-06-22 19:30:10,658 - SUAS - DEBUG - [SUAS_main.turn_lap:631] - next wp: 4
2025-06-22 19:30:10,659 - SUAS - DEBUG - [SUAS_main.turn_lap:632] - wp_num:6
2025-06-22 19:30:10,710 - SUAS - DEBUG - [SUAS_main.turn_lap:631] - next wp: 4
2025-06-22 19:30:10,711 - SUAS - DEBUG - [SUAS_main.turn_lap:632] - wp_num:6
2025-06-22 19:30:10,762 - SUAS - DEBUG - [SUAS_main.turn_lap:631] - next wp: 4
2025-06-22 19:30:10,763 - SUAS - DEBUG - [SUAS_main.turn_lap:632] - wp_num:6
2025-06-22 19:30:10,813 - SUAS - DEBUG - [SUAS_main.turn_lap:631] - next wp: 4
2025-06-22 19:30:10,814 - SUAS - DEBUG - [SUAS_main.turn_lap:632] - wp_num:6
2025-06-22 19:30:10,865 - SUAS - DEBUG - [SUAS_main.turn_lap:631] - next wp: 4
2025-06-22 19:30:10,866 - SUAS - DEBUG - [SUAS_main.turn_lap:632] - wp_num:6
2025-06-22 19:30:10,917 - SUAS - DEBUG - [SUAS_main.turn_lap:631] - next wp: 4
2025-06-22 19:30:10,919 - SUAS - DEBUG - [SUAS_main.turn_lap:632] - wp_num:6
2025-06-22 19:30:10,970 - SUAS - DEBUG - [SUAS_main.turn_lap:631] - next wp: 4
2025-06-22 19:30:10,971 - SUAS - DEBUG - [SUAS_main.turn_lap:632] - wp_num:6
2025-06-22 19:30:11,022 - SUAS - DEBUG - [SUAS_main.turn_lap:631] - next wp: 4
2025-06-22 19:30:11,023 - SUAS - DEBUG - [SUAS_main.turn_lap:632] - wp_num:6
2025-06-22 19:30:11,074 - SUAS - DEBUG - [SUAS_main.turn_lap:631] - next wp: 4
2025-06-22 19:30:11,075 - SUAS - DEBUG - [SUAS_main.turn_lap:632] - wp_num:6
2025-06-22 19:30:11,126 - SUAS - DEBUG - [SUAS_main.turn_lap:631] - next wp: 4
2025-06-22 19:30:11,127 - SUAS - DEBUG - [SUAS_main.turn_lap:632] - wp_num:6
2025-06-22 19:30:11,178 - SUAS - DEBUG - [SUAS_main.turn_lap:631] - next wp: 4
2025-06-22 19:30:11,179 - SUAS - DEBUG - [SUAS_main.turn_lap:632] - wp_num:6
2025-06-22 19:30:11,231 - SUAS - DEBUG - [SUAS_main.turn_lap:631] - next wp: 4
2025-06-22 19:30:11,232 - SUAS - DEBUG - [SUAS_main.turn_lap:632] - wp_num:6
2025-06-22 19:30:11,284 - SUAS - DEBUG - [SUAS_main.turn_lap:631] - next wp: 4
2025-06-22 19:30:11,285 - SUAS - DEBUG - [SUAS_main.turn_lap:632] - wp_num:6
2025-06-22 19:30:11,336 - SUAS - DEBUG - [SUAS_main.turn_lap:631] - next wp: 4
2025-06-22 19:30:11,338 - SUAS - DEBUG - [SUAS_main.turn_lap:632] - wp_num:6
2025-06-22 19:30:11,389 - SUAS - DEBUG - [SUAS_main.turn_lap:631] - next wp: 4
2025-06-22 19:30:11,390 - SUAS - DEBUG - [SUAS_main.turn_lap:632] - wp_num:6
2025-06-22 19:30:11,441 - SUAS - DEBUG - [SUAS_main.turn_lap:631] - next wp: 4
2025-06-22 19:30:11,442 - SUAS - DEBUG - [SUAS_main.turn_lap:632] - wp_num:6
2025-06-22 19:30:11,493 - SUAS - DEBUG - [SUAS_main.turn_lap:631] - next wp: 4
2025-06-22 19:30:11,494 - SUAS - DEBUG - [SUAS_main.turn_lap:632] - wp_num:6
2025-06-22 19:30:11,545 - SUAS - DEBUG - [SUAS_main.turn_lap:631] - next wp: 4
2025-06-22 19:30:11,546 - SUAS - DEBUG - [SUAS_main.turn_lap:632] - wp_num:6
2025-06-22 19:30:11,597 - SUAS - DEBUG - [SUAS_main.turn_lap:631] - next wp: 5
2025-06-22 19:30:11,598 - SUAS - DEBUG - [SUAS_main.turn_lap:632] - wp_num:6
2025-06-22 19:30:11,649 - SUAS - DEBUG - [SUAS_main.turn_lap:631] - next wp: 5
2025-06-22 19:30:11,650 - SUAS - DEBUG - [SUAS_main.turn_lap:632] - wp_num:6
2025-06-22 19:30:11,700 - SUAS - DEBUG - [SUAS_main.turn_lap:631] - next wp: 5
2025-06-22 19:30:11,702 - SUAS - DEBUG - [SUAS_main.turn_lap:632] - wp_num:6
2025-06-22 19:30:11,752 - SUAS - DEBUG - [SUAS_main.turn_lap:631] - next wp: 5
2025-06-22 19:30:11,754 - SUAS - DEBUG - [SUAS_main.turn_lap:632] - wp_num:6
2025-06-22 19:30:11,805 - SUAS - DEBUG - [SUAS_main.turn_lap:631] - next wp: 5
2025-06-22 19:30:11,806 - SUAS - DEBUG - [SUAS_main.turn_lap:632] - wp_num:6
2025-06-22 19:30:11,857 - SUAS - DEBUG - [SUAS_main.turn_lap:631] - next wp: 5
2025-06-22 19:30:11,858 - SUAS - DEBUG - [SUAS_main.turn_lap:632] - wp_num:6
2025-06-22 19:30:11,909 - SUAS - DEBUG - [SUAS_main.turn_lap:631] - next wp: 5
2025-06-22 19:30:11,910 - SUAS - DEBUG - [SUAS_main.turn_lap:632] - wp_num:6
2025-06-22 19:30:11,960 - SUAS - DEBUG - [SUAS_main.turn_lap:631] - next wp: 5
2025-06-22 19:30:11,961 - SUAS - DEBUG - [SUAS_main.turn_lap:632] - wp_num:6
2025-06-22 19:30:12,012 - SUAS - DEBUG - [SUAS_main.turn_lap:631] - next wp: 5
2025-06-22 19:30:12,013 - SUAS - DEBUG - [SUAS_main.turn_lap:632] - wp_num:6
2025-06-22 19:30:12,064 - SUAS - DEBUG - [SUAS_main.turn_lap:631] - next wp: 5
2025-06-22 19:30:12,065 - SUAS - DEBUG - [SUAS_main.turn_lap:632] - wp_num:6
2025-06-22 19:30:12,116 - SUAS - DEBUG - [SUAS_main.turn_lap:631] - next wp: 5
2025-06-22 19:30:12,117 - SUAS - DEBUG - [SUAS_main.turn_lap:632] - wp_num:6
2025-06-22 19:30:12,168 - SUAS - DEBUG - [SUAS_main.turn_lap:631] - next wp: 5
2025-06-22 19:30:12,169 - SUAS - DEBUG - [SUAS_main.turn_lap:632] - wp_num:6
2025-06-22 19:30:12,220 - SUAS - DEBUG - [SUAS_main.turn_lap:631] - next wp: 5
2025-06-22 19:30:12,220 - SUAS - DEBUG - [SUAS_main.turn_lap:632] - wp_num:6
2025-06-22 19:30:12,271 - SUAS - DEBUG - [SUAS_main.turn_lap:631] - next wp: 5
2025-06-22 19:30:12,272 - SUAS - DEBUG - [SUAS_main.turn_lap:632] - wp_num:6
2025-06-22 19:30:12,323 - SUAS - DEBUG - [SUAS_main.turn_lap:631] - next wp: 5
2025-06-22 19:30:12,324 - SUAS - DEBUG - [SUAS_main.turn_lap:632] - wp_num:6
2025-06-22 19:30:12,375 - SUAS - DEBUG - [SUAS_main.turn_lap:631] - next wp: 5
2025-06-22 19:30:12,376 - SUAS - DEBUG - [SUAS_main.turn_lap:632] - wp_num:6
2025-06-22 19:30:12,427 - SUAS - DEBUG - [SUAS_main.turn_lap:631] - next wp: 5
2025-06-22 19:30:12,428 - SUAS - DEBUG - [SUAS_main.turn_lap:632] - wp_num:6
2025-06-22 19:30:12,479 - SUAS - DEBUG - [SUAS_main.turn_lap:631] - next wp: 5
2025-06-22 19:30:12,479 - SUAS - DEBUG - [SUAS_main.turn_lap:632] - wp_num:6
2025-06-22 19:30:12,530 - SUAS - DEBUG - [SUAS_main.turn_lap:631] - next wp: 5
2025-06-22 19:30:12,531 - SUAS - DEBUG - [SUAS_main.turn_lap:632] - wp_num:6
2025-06-22 19:30:12,582 - SUAS - DEBUG - [SUAS_main.turn_lap:631] - next wp: 5
2025-06-22 19:30:12,583 - SUAS - DEBUG - [SUAS_main.turn_lap:632] - wp_num:6
2025-06-22 19:30:12,634 - SUAS - DEBUG - [SUAS_main.turn_lap:631] - next wp: 5
2025-06-22 19:30:12,635 - SUAS - DEBUG - [SUAS_main.turn_lap:632] - wp_num:6
2025-06-22 19:30:12,687 - SUAS - DEBUG - [SUAS_main.turn_lap:631] - next wp: 5
2025-06-22 19:30:12,687 - SUAS - DEBUG - [SUAS_main.turn_lap:632] - wp_num:6
2025-06-22 19:30:12,738 - SUAS - DEBUG - [SUAS_main.turn_lap:631] - next wp: 5
2025-06-22 19:30:12,739 - SUAS - DEBUG - [SUAS_main.turn_lap:632] - wp_num:6
2025-06-22 19:30:12,790 - SUAS - DEBUG - [SUAS_main.turn_lap:631] - next wp: 5
2025-06-22 19:30:12,792 - SUAS - DEBUG - [SUAS_main.turn_lap:632] - wp_num:6
2025-06-22 19:30:12,843 - SUAS - DEBUG - [SUAS_main.turn_lap:631] - next wp: 5
2025-06-22 19:30:12,844 - SUAS - DEBUG - [SUAS_main.turn_lap:632] - wp_num:6
2025-06-22 19:30:12,894 - SUAS - DEBUG - [SUAS_main.turn_lap:631] - next wp: 5
2025-06-22 19:30:12,895 - SUAS - DEBUG - [SUAS_main.turn_lap:632] - wp_num:6
2025-06-22 19:30:12,946 - SUAS - DEBUG - [SUAS_main.turn_lap:631] - next wp: 5
2025-06-22 19:30:12,947 - SUAS - DEBUG - [SUAS_main.turn_lap:632] - wp_num:6
2025-06-22 19:30:12,998 - SUAS - DEBUG - [SUAS_main.turn_lap:631] - next wp: 5
2025-06-22 19:30:12,999 - SUAS - DEBUG - [SUAS_main.turn_lap:632] - wp_num:6
2025-06-22 19:30:13,050 - SUAS - DEBUG - [SUAS_main.turn_lap:631] - next wp: 5
2025-06-22 19:30:13,050 - SUAS - DEBUG - [SUAS_main.turn_lap:632] - wp_num:6
2025-06-22 19:30:13,102 - SUAS - DEBUG - [SUAS_main.turn_lap:631] - next wp: 5
2025-06-22 19:30:13,103 - SUAS - DEBUG - [SUAS_main.turn_lap:632] - wp_num:6
2025-06-22 19:30:13,153 - SUAS - DEBUG - [SUAS_main.turn_lap:631] - next wp: 5
2025-06-22 19:30:13,155 - SUAS - DEBUG - [SUAS_main.turn_lap:632] - wp_num:6
2025-06-22 19:30:13,206 - SUAS - DEBUG - [SUAS_main.turn_lap:631] - next wp: 5
2025-06-22 19:30:13,207 - SUAS - DEBUG - [SUAS_main.turn_lap:632] - wp_num:6
2025-06-22 19:30:13,257 - SUAS - DEBUG - [SUAS_main.turn_lap:631] - next wp: 5
2025-06-22 19:30:13,258 - SUAS - DEBUG - [SUAS_main.turn_lap:632] - wp_num:6
2025-06-22 19:30:13,309 - SUAS - DEBUG - [SUAS_main.turn_lap:631] - next wp: 5
2025-06-22 19:30:13,310 - SUAS - DEBUG - [SUAS_main.turn_lap:632] - wp_num:6
2025-06-22 19:30:13,361 - SUAS - DEBUG - [SUAS_main.turn_lap:631] - next wp: 5
2025-06-22 19:30:13,362 - SUAS - DEBUG - [SUAS_main.turn_lap:632] - wp_num:6
2025-06-22 19:30:13,413 - SUAS - DEBUG - [SUAS_main.turn_lap:631] - next wp: 5
2025-06-22 19:30:13,413 - SUAS - DEBUG - [SUAS_main.turn_lap:632] - wp_num:6
2025-06-22 19:30:13,464 - SUAS - DEBUG - [SUAS_main.turn_lap:631] - next wp: 5
2025-06-22 19:30:13,465 - SUAS - DEBUG - [SUAS_main.turn_lap:632] - wp_num:6
2025-06-22 19:30:13,516 - SUAS - DEBUG - [SUAS_main.turn_lap:631] - next wp: 5
2025-06-22 19:30:13,517 - SUAS - DEBUG - [SUAS_main.turn_lap:632] - wp_num:6
2025-06-22 19:30:13,568 - SUAS - DEBUG - [SUAS_main.turn_lap:631] - next wp: 5
2025-06-22 19:30:13,569 - SUAS - DEBUG - [SUAS_main.turn_lap:632] - wp_num:6
2025-06-22 19:30:13,620 - SUAS - DEBUG - [SUAS_main.turn_lap:631] - next wp: 5
2025-06-22 19:30:13,621 - SUAS - DEBUG - [SUAS_main.turn_lap:632] - wp_num:6
2025-06-22 19:30:13,672 - SUAS - DEBUG - [SUAS_main.turn_lap:631] - next wp: 5
2025-06-22 19:30:13,673 - SUAS - DEBUG - [SUAS_main.turn_lap:632] - wp_num:6
2025-06-22 19:30:13,724 - SUAS - DEBUG - [SUAS_main.turn_lap:631] - next wp: 5
2025-06-22 19:30:13,725 - SUAS - DEBUG - [SUAS_main.turn_lap:632] - wp_num:6
2025-06-22 19:30:13,776 - SUAS - DEBUG - [SUAS_main.turn_lap:631] - next wp: 5
2025-06-22 19:30:13,777 - SUAS - DEBUG - [SUAS_main.turn_lap:632] - wp_num:6
2025-06-22 19:30:13,828 - SUAS - DEBUG - [SUAS_main.turn_lap:631] - next wp: 5
2025-06-22 19:30:13,829 - SUAS - DEBUG - [SUAS_main.turn_lap:632] - wp_num:6
2025-06-22 19:30:13,880 - SUAS - DEBUG - [SUAS_main.turn_lap:631] - next wp: 5
2025-06-22 19:30:13,880 - SUAS - DEBUG - [SUAS_main.turn_lap:632] - wp_num:6
2025-06-22 19:30:13,931 - SUAS - DEBUG - [SUAS_main.turn_lap:631] - next wp: 5
2025-06-22 19:30:13,932 - SUAS - DEBUG - [SUAS_main.turn_lap:632] - wp_num:6
2025-06-22 19:30:13,983 - SUAS - DEBUG - [SUAS_main.turn_lap:631] - next wp: 5
2025-06-22 19:30:13,984 - SUAS - DEBUG - [SUAS_main.turn_lap:632] - wp_num:6
2025-06-22 19:30:14,035 - SUAS - DEBUG - [SUAS_main.turn_lap:631] - next wp: 5
2025-06-22 19:30:14,036 - SUAS - DEBUG - [SUAS_main.turn_lap:632] - wp_num:6
2025-06-22 19:30:14,087 - SUAS - DEBUG - [SUAS_main.turn_lap:631] - next wp: 5
2025-06-22 19:30:14,088 - SUAS - DEBUG - [SUAS_main.turn_lap:632] - wp_num:6
2025-06-22 19:30:14,139 - SUAS - DEBUG - [SUAS_main.turn_lap:631] - next wp: 5
2025-06-22 19:30:14,140 - SUAS - DEBUG - [SUAS_main.turn_lap:632] - wp_num:6
2025-06-22 19:30:14,191 - SUAS - DEBUG - [SUAS_main.turn_lap:631] - next wp: 5
2025-06-22 19:30:14,193 - SUAS - DEBUG - [SUAS_main.turn_lap:632] - wp_num:6
2025-06-22 19:30:14,244 - SUAS - DEBUG - [SUAS_main.turn_lap:631] - next wp: 5
2025-06-22 19:30:14,245 - SUAS - DEBUG - [SUAS_main.turn_lap:632] - wp_num:6
2025-06-22 19:30:14,296 - SUAS - DEBUG - [SUAS_main.turn_lap:631] - next wp: 5
2025-06-22 19:30:14,297 - SUAS - DEBUG - [SUAS_main.turn_lap:632] - wp_num:6
2025-06-22 19:30:14,348 - SUAS - DEBUG - [SUAS_main.turn_lap:631] - next wp: 5
2025-06-22 19:30:14,349 - SUAS - DEBUG - [SUAS_main.turn_lap:632] - wp_num:6
2025-06-22 19:30:14,399 - SUAS - DEBUG - [SUAS_main.turn_lap:631] - next wp: 5
2025-06-22 19:30:14,400 - SUAS - DEBUG - [SUAS_main.turn_lap:632] - wp_num:6
2025-06-22 19:30:14,451 - SUAS - DEBUG - [SUAS_main.turn_lap:631] - next wp: 5
2025-06-22 19:30:14,452 - SUAS - DEBUG - [SUAS_main.turn_lap:632] - wp_num:6
2025-06-22 19:30:14,503 - SUAS - DEBUG - [SUAS_main.turn_lap:631] - next wp: 5
2025-06-22 19:30:14,504 - SUAS - DEBUG - [SUAS_main.turn_lap:632] - wp_num:6
2025-06-22 19:30:14,555 - SUAS - DEBUG - [SUAS_main.turn_lap:631] - next wp: 5
2025-06-22 19:30:14,556 - SUAS - DEBUG - [SUAS_main.turn_lap:632] - wp_num:6
2025-06-22 19:30:14,607 - SUAS - DEBUG - [SUAS_main.turn_lap:631] - next wp: 5
2025-06-22 19:30:14,608 - SUAS - DEBUG - [SUAS_main.turn_lap:632] - wp_num:6
2025-06-22 19:30:14,659 - SUAS - DEBUG - [SUAS_main.turn_lap:631] - next wp: 5
2025-06-22 19:30:14,660 - SUAS - DEBUG - [SUAS_main.turn_lap:632] - wp_num:6
2025-06-22 19:30:14,710 - SUAS - DEBUG - [SUAS_main.turn_lap:631] - next wp: 5
2025-06-22 19:30:14,711 - SUAS - DEBUG - [SUAS_main.turn_lap:632] - wp_num:6
2025-06-22 19:30:14,762 - SUAS - DEBUG - [SUAS_main.turn_lap:631] - next wp: 5
2025-06-22 19:30:14,763 - SUAS - DEBUG - [SUAS_main.turn_lap:632] - wp_num:6
2025-06-22 19:30:14,814 - SUAS - DEBUG - [SUAS_main.turn_lap:631] - next wp: 5
2025-06-22 19:30:14,815 - SUAS - DEBUG - [SUAS_main.turn_lap:632] - wp_num:6
2025-06-22 19:30:14,898 - SUAS - DEBUG - [SUAS_main.turn_lap:631] - next wp: 5
2025-06-22 19:30:14,899 - SUAS - DEBUG - [SUAS_main.turn_lap:632] - wp_num:6
2025-06-22 19:30:14,949 - SUAS - DEBUG - [SUAS_main.turn_lap:631] - next wp: 5
2025-06-22 19:30:14,950 - SUAS - DEBUG - [SUAS_main.turn_lap:632] - wp_num:6
2025-06-22 19:30:15,001 - SUAS - DEBUG - [SUAS_main.turn_lap:631] - next wp: 5
2025-06-22 19:30:15,002 - SUAS - DEBUG - [SUAS_main.turn_lap:632] - wp_num:6
2025-06-22 19:30:15,053 - SUAS - DEBUG - [SUAS_main.turn_lap:631] - next wp: 5
2025-06-22 19:30:15,055 - SUAS - DEBUG - [SUAS_main.turn_lap:632] - wp_num:6
2025-06-22 19:30:15,106 - SUAS - DEBUG - [SUAS_main.turn_lap:631] - next wp: 5
2025-06-22 19:30:15,107 - SUAS - DEBUG - [SUAS_main.turn_lap:632] - wp_num:6
2025-06-22 19:30:15,158 - SUAS - DEBUG - [SUAS_main.turn_lap:631] - next wp: 5
2025-06-22 19:30:15,159 - SUAS - DEBUG - [SUAS_main.turn_lap:632] - wp_num:6
2025-06-22 19:30:15,210 - SUAS - DEBUG - [SUAS_main.turn_lap:631] - next wp: 5
2025-06-22 19:30:15,211 - SUAS - DEBUG - [SUAS_main.turn_lap:632] - wp_num:6
2025-06-22 19:30:15,261 - SUAS - DEBUG - [SUAS_main.turn_lap:631] - next wp: 5
2025-06-22 19:30:15,262 - SUAS - DEBUG - [SUAS_main.turn_lap:632] - wp_num:6
2025-06-22 19:30:15,313 - SUAS - DEBUG - [SUAS_main.turn_lap:631] - next wp: 5
2025-06-22 19:30:15,314 - SUAS - DEBUG - [SUAS_main.turn_lap:632] - wp_num:6
2025-06-22 19:30:15,365 - SUAS - DEBUG - [SUAS_main.turn_lap:631] - next wp: 5
2025-06-22 19:30:15,366 - SUAS - DEBUG - [SUAS_main.turn_lap:632] - wp_num:6
2025-06-22 19:30:15,417 - SUAS - DEBUG - [SUAS_main.turn_lap:631] - next wp: 5
2025-06-22 19:30:15,418 - SUAS - DEBUG - [SUAS_main.turn_lap:632] - wp_num:6
2025-06-22 19:30:15,469 - SUAS - DEBUG - [SUAS_main.turn_lap:631] - next wp: 5
2025-06-22 19:30:15,470 - SUAS - DEBUG - [SUAS_main.turn_lap:632] - wp_num:6
2025-06-22 19:30:15,521 - SUAS - DEBUG - [SUAS_main.turn_lap:631] - next wp: 5
2025-06-22 19:30:15,522 - SUAS - DEBUG - [SUAS_main.turn_lap:632] - wp_num:6
2025-06-22 19:30:15,573 - SUAS - DEBUG - [SUAS_main.turn_lap:631] - next wp: 5
2025-06-22 19:30:15,574 - SUAS - DEBUG - [SUAS_main.turn_lap:632] - wp_num:6
2025-06-22 19:30:15,625 - SUAS - DEBUG - [SUAS_main.turn_lap:631] - next wp: 5
2025-06-22 19:30:15,626 - SUAS - DEBUG - [SUAS_main.turn_lap:632] - wp_num:6
2025-06-22 19:30:15,676 - SUAS - DEBUG - [SUAS_main.turn_lap:631] - next wp: 5
2025-06-22 19:30:15,677 - SUAS - DEBUG - [SUAS_main.turn_lap:632] - wp_num:6
2025-06-22 19:30:15,728 - SUAS - DEBUG - [SUAS_main.turn_lap:631] - next wp: 5
2025-06-22 19:30:15,729 - SUAS - DEBUG - [SUAS_main.turn_lap:632] - wp_num:6
2025-06-22 19:30:15,780 - SUAS - DEBUG - [SUAS_main.turn_lap:631] - next wp: 5
2025-06-22 19:30:15,781 - SUAS - DEBUG - [SUAS_main.turn_lap:632] - wp_num:6
2025-06-22 19:30:15,831 - SUAS - DEBUG - [SUAS_main.turn_lap:631] - next wp: 5
2025-06-22 19:30:15,832 - SUAS - DEBUG - [SUAS_main.turn_lap:632] - wp_num:6
2025-06-22 19:30:15,884 - SUAS - DEBUG - [SUAS_main.turn_lap:631] - next wp: 5
2025-06-22 19:30:15,885 - SUAS - DEBUG - [SUAS_main.turn_lap:632] - wp_num:6
2025-06-22 19:30:15,935 - SUAS - DEBUG - [SUAS_main.turn_lap:631] - next wp: 5
2025-06-22 19:30:15,936 - SUAS - DEBUG - [SUAS_main.turn_lap:632] - wp_num:6
2025-06-22 19:30:15,988 - SUAS - DEBUG - [SUAS_main.turn_lap:631] - next wp: 5
2025-06-22 19:30:15,988 - SUAS - DEBUG - [SUAS_main.turn_lap:632] - wp_num:6
2025-06-22 19:30:16,039 - SUAS - DEBUG - [SUAS_main.turn_lap:631] - next wp: 5
2025-06-22 19:30:16,040 - SUAS - DEBUG - [SUAS_main.turn_lap:632] - wp_num:6
2025-06-22 19:30:16,091 - SUAS - DEBUG - [SUAS_main.turn_lap:631] - next wp: 5
2025-06-22 19:30:16,092 - SUAS - DEBUG - [SUAS_main.turn_lap:632] - wp_num:6
2025-06-22 19:30:16,143 - SUAS - DEBUG - [SUAS_main.turn_lap:631] - next wp: 5
2025-06-22 19:30:16,144 - SUAS - DEBUG - [SUAS_main.turn_lap:632] - wp_num:6
2025-06-22 19:30:16,195 - SUAS - DEBUG - [SUAS_main.turn_lap:631] - next wp: 5
2025-06-22 19:30:16,196 - SUAS - DEBUG - [SUAS_main.turn_lap:632] - wp_num:6
2025-06-22 19:30:16,247 - SUAS - DEBUG - [SUAS_main.turn_lap:631] - next wp: 5
2025-06-22 19:30:16,248 - SUAS - DEBUG - [SUAS_main.turn_lap:632] - wp_num:6
2025-06-22 19:30:16,298 - SUAS - DEBUG - [SUAS_main.turn_lap:631] - next wp: 5
2025-06-22 19:30:16,299 - SUAS - DEBUG - [SUAS_main.turn_lap:632] - wp_num:6
2025-06-22 19:30:16,350 - SUAS - DEBUG - [SUAS_main.turn_lap:631] - next wp: 5
2025-06-22 19:30:16,351 - SUAS - DEBUG - [SUAS_main.turn_lap:632] - wp_num:6
2025-06-22 19:30:16,402 - SUAS - DEBUG - [SUAS_main.turn_lap:631] - next wp: 5
2025-06-22 19:30:16,403 - SUAS - DEBUG - [SUAS_main.turn_lap:632] - wp_num:6
2025-06-22 19:30:16,454 - SUAS - DEBUG - [SUAS_main.turn_lap:631] - next wp: 5
2025-06-22 19:30:16,455 - SUAS - DEBUG - [SUAS_main.turn_lap:632] - wp_num:6
2025-06-22 19:30:16,506 - SUAS - DEBUG - [SUAS_main.turn_lap:631] - next wp: 5
2025-06-22 19:30:16,507 - SUAS - DEBUG - [SUAS_main.turn_lap:632] - wp_num:6
2025-06-22 19:30:16,558 - SUAS - DEBUG - [SUAS_main.turn_lap:631] - next wp: 5
2025-06-22 19:30:16,559 - SUAS - DEBUG - [SUAS_main.turn_lap:632] - wp_num:6
2025-06-22 19:30:16,610 - SUAS - DEBUG - [SUAS_main.turn_lap:631] - next wp: 5
2025-06-22 19:30:16,610 - SUAS - DEBUG - [SUAS_main.turn_lap:632] - wp_num:6
2025-06-22 19:30:16,661 - SUAS - DEBUG - [SUAS_main.turn_lap:631] - next wp: 5
2025-06-22 19:30:16,662 - SUAS - DEBUG - [SUAS_main.turn_lap:632] - wp_num:6
2025-06-22 19:30:16,713 - SUAS - DEBUG - [SUAS_main.turn_lap:631] - next wp: 5
2025-06-22 19:30:16,714 - SUAS - DEBUG - [SUAS_main.turn_lap:632] - wp_num:6
2025-06-22 19:30:16,765 - SUAS - DEBUG - [SUAS_main.turn_lap:631] - next wp: 5
2025-06-22 19:30:16,766 - SUAS - DEBUG - [SUAS_main.turn_lap:632] - wp_num:6
2025-06-22 19:30:16,817 - SUAS - DEBUG - [SUAS_main.turn_lap:631] - next wp: 5
2025-06-22 19:30:16,818 - SUAS - DEBUG - [SUAS_main.turn_lap:632] - wp_num:6
2025-06-22 19:30:16,869 - SUAS - DEBUG - [SUAS_main.turn_lap:631] - next wp: 5
2025-06-22 19:30:16,870 - SUAS - DEBUG - [SUAS_main.turn_lap:632] - wp_num:6
2025-06-22 19:30:16,921 - SUAS - DEBUG - [SUAS_main.turn_lap:631] - next wp: 5
2025-06-22 19:30:16,921 - SUAS - DEBUG - [SUAS_main.turn_lap:632] - wp_num:6
2025-06-22 19:30:16,972 - SUAS - DEBUG - [SUAS_main.turn_lap:631] - next wp: 5
2025-06-22 19:30:16,974 - SUAS - DEBUG - [SUAS_main.turn_lap:632] - wp_num:6
2025-06-22 19:30:17,025 - SUAS - DEBUG - [SUAS_main.turn_lap:631] - next wp: 5
2025-06-22 19:30:17,026 - SUAS - DEBUG - [SUAS_main.turn_lap:632] - wp_num:6
2025-06-22 19:30:17,077 - SUAS - DEBUG - [SUAS_main.turn_lap:631] - next wp: 5
2025-06-22 19:30:17,078 - SUAS - DEBUG - [SUAS_main.turn_lap:632] - wp_num:6
2025-06-22 19:30:17,129 - SUAS - DEBUG - [SUAS_main.turn_lap:631] - next wp: 5
2025-06-22 19:30:17,130 - SUAS - DEBUG - [SUAS_main.turn_lap:632] - wp_num:6
2025-06-22 19:30:17,181 - SUAS - DEBUG - [SUAS_main.turn_lap:631] - next wp: 5
2025-06-22 19:30:17,182 - SUAS - DEBUG - [SUAS_main.turn_lap:632] - wp_num:6
2025-06-22 19:30:17,233 - SUAS - DEBUG - [SUAS_main.turn_lap:631] - next wp: 5
2025-06-22 19:30:17,233 - SUAS - DEBUG - [SUAS_main.turn_lap:632] - wp_num:6
2025-06-22 19:30:17,285 - SUAS - DEBUG - [SUAS_main.turn_lap:631] - next wp: 5
2025-06-22 19:30:17,285 - SUAS - DEBUG - [SUAS_main.turn_lap:632] - wp_num:6
2025-06-22 19:30:17,336 - SUAS - DEBUG - [SUAS_main.turn_lap:631] - next wp: 5
2025-06-22 19:30:17,337 - SUAS - DEBUG - [SUAS_main.turn_lap:632] - wp_num:6
2025-06-22 19:30:17,388 - SUAS - DEBUG - [SUAS_main.turn_lap:631] - next wp: 5
2025-06-22 19:30:17,389 - SUAS - DEBUG - [SUAS_main.turn_lap:632] - wp_num:6
2025-06-22 19:30:17,440 - SUAS - DEBUG - [SUAS_main.turn_lap:631] - next wp: 5
2025-06-22 19:30:17,441 - SUAS - DEBUG - [SUAS_main.turn_lap:632] - wp_num:6
2025-06-22 19:30:17,492 - SUAS - DEBUG - [SUAS_main.turn_lap:631] - next wp: 5
2025-06-22 19:30:17,493 - SUAS - DEBUG - [SUAS_main.turn_lap:632] - wp_num:6
2025-06-22 19:30:17,544 - SUAS - DEBUG - [SUAS_main.turn_lap:631] - next wp: 5
2025-06-22 19:30:17,545 - SUAS - DEBUG - [SUAS_main.turn_lap:632] - wp_num:6
2025-06-22 19:30:17,596 - SUAS - DEBUG - [SUAS_main.turn_lap:631] - next wp: 5
2025-06-22 19:30:17,597 - SUAS - DEBUG - [SUAS_main.turn_lap:632] - wp_num:6
2025-06-22 19:30:17,647 - SUAS - DEBUG - [SUAS_main.turn_lap:631] - next wp: 5
2025-06-22 19:30:17,648 - SUAS - DEBUG - [SUAS_main.turn_lap:632] - wp_num:6
2025-06-22 19:30:17,699 - SUAS - DEBUG - [SUAS_main.turn_lap:631] - next wp: 5
2025-06-22 19:30:17,700 - SUAS - DEBUG - [SUAS_main.turn_lap:632] - wp_num:6
2025-06-22 19:30:17,751 - SUAS - DEBUG - [SUAS_main.turn_lap:631] - next wp: 5
2025-06-22 19:30:17,753 - SUAS - DEBUG - [SUAS_main.turn_lap:632] - wp_num:6
2025-06-22 19:30:17,804 - SUAS - DEBUG - [SUAS_main.turn_lap:631] - next wp: 5
2025-06-22 19:30:17,805 - SUAS - DEBUG - [SUAS_main.turn_lap:632] - wp_num:6
2025-06-22 19:30:17,855 - SUAS - DEBUG - [SUAS_main.turn_lap:631] - next wp: 5
2025-06-22 19:30:17,856 - SUAS - DEBUG - [SUAS_main.turn_lap:632] - wp_num:6
2025-06-22 19:30:17,907 - SUAS - DEBUG - [SUAS_main.turn_lap:631] - next wp: 5
2025-06-22 19:30:17,908 - SUAS - DEBUG - [SUAS_main.turn_lap:632] - wp_num:6
2025-06-22 19:30:17,959 - SUAS - DEBUG - [SUAS_main.turn_lap:631] - next wp: 5
2025-06-22 19:30:17,960 - SUAS - DEBUG - [SUAS_main.turn_lap:632] - wp_num:6
2025-06-22 19:30:18,010 - SUAS - DEBUG - [SUAS_main.turn_lap:631] - next wp: 5
2025-06-22 19:30:18,011 - SUAS - DEBUG - [SUAS_main.turn_lap:632] - wp_num:6
2025-06-22 19:30:18,062 - SUAS - DEBUG - [SUAS_main.turn_lap:631] - next wp: 5
2025-06-22 19:30:18,063 - SUAS - DEBUG - [SUAS_main.turn_lap:632] - wp_num:6
2025-06-22 19:30:18,114 - SUAS - DEBUG - [SUAS_main.turn_lap:631] - next wp: 5
2025-06-22 19:30:18,115 - SUAS - DEBUG - [SUAS_main.turn_lap:632] - wp_num:6
2025-06-22 19:30:18,167 - SUAS - DEBUG - [SUAS_main.turn_lap:631] - next wp: 5
2025-06-22 19:30:18,167 - SUAS - DEBUG - [SUAS_main.turn_lap:632] - wp_num:6
2025-06-22 19:30:18,218 - SUAS - DEBUG - [SUAS_main.turn_lap:631] - next wp: 5
2025-06-22 19:30:18,219 - SUAS - DEBUG - [SUAS_main.turn_lap:632] - wp_num:6
2025-06-22 19:30:18,270 - SUAS - DEBUG - [SUAS_main.turn_lap:631] - next wp: 5
2025-06-22 19:30:18,272 - SUAS - DEBUG - [SUAS_main.turn_lap:632] - wp_num:6
2025-06-22 19:30:18,323 - SUAS - DEBUG - [SUAS_main.turn_lap:631] - next wp: 5
2025-06-22 19:30:18,324 - SUAS - DEBUG - [SUAS_main.turn_lap:632] - wp_num:6
2025-06-22 19:30:18,375 - SUAS - DEBUG - [SUAS_main.turn_lap:631] - next wp: 5
2025-06-22 19:30:18,376 - SUAS - DEBUG - [SUAS_main.turn_lap:632] - wp_num:6
2025-06-22 19:30:18,427 - SUAS - DEBUG - [SUAS_main.turn_lap:631] - next wp: 5
2025-06-22 19:30:18,428 - SUAS - DEBUG - [SUAS_main.turn_lap:632] - wp_num:6
2025-06-22 19:30:18,478 - SUAS - DEBUG - [SUAS_main.turn_lap:631] - next wp: 5
2025-06-22 19:30:18,479 - SUAS - DEBUG - [SUAS_main.turn_lap:632] - wp_num:6
2025-06-22 19:30:18,530 - SUAS - DEBUG - [SUAS_main.turn_lap:631] - next wp: 5
2025-06-22 19:30:18,531 - SUAS - DEBUG - [SUAS_main.turn_lap:632] - wp_num:6
2025-06-22 19:30:18,583 - SUAS - DEBUG - [SUAS_main.turn_lap:631] - next wp: 5
2025-06-22 19:30:18,584 - SUAS - DEBUG - [SUAS_main.turn_lap:632] - wp_num:6
2025-06-22 19:30:18,635 - SUAS - DEBUG - [SUAS_main.turn_lap:631] - next wp: 5
2025-06-22 19:30:18,636 - SUAS - DEBUG - [SUAS_main.turn_lap:632] - wp_num:6
2025-06-22 19:30:18,687 - SUAS - DEBUG - [SUAS_main.turn_lap:631] - next wp: 5
2025-06-22 19:30:18,688 - SUAS - DEBUG - [SUAS_main.turn_lap:632] - wp_num:6
2025-06-22 19:30:18,738 - SUAS - DEBUG - [SUAS_main.turn_lap:631] - next wp: 5
2025-06-22 19:30:18,739 - SUAS - DEBUG - [SUAS_main.turn_lap:632] - wp_num:6
2025-06-22 19:30:18,790 - SUAS - DEBUG - [SUAS_main.turn_lap:631] - next wp: 5
2025-06-22 19:30:18,791 - SUAS - DEBUG - [SUAS_main.turn_lap:632] - wp_num:6
2025-06-22 19:30:18,842 - SUAS - DEBUG - [SUAS_main.turn_lap:631] - next wp: 5
2025-06-22 19:30:18,843 - SUAS - DEBUG - [SUAS_main.turn_lap:632] - wp_num:6
2025-06-22 19:30:18,894 - SUAS - DEBUG - [SUAS_main.turn_lap:631] - next wp: 5
2025-06-22 19:30:18,895 - SUAS - DEBUG - [SUAS_main.turn_lap:632] - wp_num:6
2025-06-22 19:30:18,946 - SUAS - DEBUG - [SUAS_main.turn_lap:631] - next wp: 5
2025-06-22 19:30:18,947 - SUAS - DEBUG - [SUAS_main.turn_lap:632] - wp_num:6
2025-06-22 19:30:18,997 - SUAS - DEBUG - [SUAS_main.turn_lap:631] - next wp: 5
2025-06-22 19:30:18,998 - SUAS - DEBUG - [SUAS_main.turn_lap:632] - wp_num:6
2025-06-22 19:30:19,049 - SUAS - DEBUG - [SUAS_main.turn_lap:631] - next wp: 5
2025-06-22 19:30:19,051 - SUAS - DEBUG - [SUAS_main.turn_lap:632] - wp_num:6
2025-06-22 19:30:19,102 - SUAS - DEBUG - [SUAS_main.turn_lap:631] - next wp: 5
2025-06-22 19:30:19,103 - SUAS - DEBUG - [SUAS_main.turn_lap:632] - wp_num:6
2025-06-22 19:30:19,153 - SUAS - DEBUG - [SUAS_main.turn_lap:631] - next wp: 5
2025-06-22 19:30:19,154 - SUAS - DEBUG - [SUAS_main.turn_lap:632] - wp_num:6
2025-06-22 19:30:19,205 - SUAS - DEBUG - [SUAS_main.turn_lap:631] - next wp: 5
2025-06-22 19:30:19,206 - SUAS - DEBUG - [SUAS_main.turn_lap:632] - wp_num:6
2025-06-22 19:30:19,257 - SUAS - DEBUG - [SUAS_main.turn_lap:631] - next wp: 5
2025-06-22 19:30:19,258 - SUAS - DEBUG - [SUAS_main.turn_lap:632] - wp_num:6
2025-06-22 19:30:19,309 - SUAS - DEBUG - [SUAS_main.turn_lap:631] - next wp: 5
2025-06-22 19:30:19,309 - SUAS - DEBUG - [SUAS_main.turn_lap:632] - wp_num:6
2025-06-22 19:30:19,360 - SUAS - DEBUG - [SUAS_main.turn_lap:631] - next wp: 5
2025-06-22 19:30:19,361 - SUAS - DEBUG - [SUAS_main.turn_lap:632] - wp_num:6
2025-06-22 19:30:19,412 - SUAS - DEBUG - [SUAS_main.turn_lap:631] - next wp: 5
2025-06-22 19:30:19,413 - SUAS - DEBUG - [SUAS_main.turn_lap:632] - wp_num:6
2025-06-22 19:30:19,464 - SUAS - DEBUG - [SUAS_main.turn_lap:631] - next wp: 5
2025-06-22 19:30:19,465 - SUAS - DEBUG - [SUAS_main.turn_lap:632] - wp_num:6
2025-06-22 19:30:19,516 - SUAS - DEBUG - [SUAS_main.turn_lap:631] - next wp: 5
2025-06-22 19:30:19,517 - SUAS - DEBUG - [SUAS_main.turn_lap:632] - wp_num:6
2025-06-22 19:30:19,568 - SUAS - DEBUG - [SUAS_main.turn_lap:631] - next wp: 5
2025-06-22 19:30:19,569 - SUAS - DEBUG - [SUAS_main.turn_lap:632] - wp_num:6
2025-06-22 19:30:19,619 - SUAS - DEBUG - [SUAS_main.turn_lap:631] - next wp: 5
2025-06-22 19:30:19,620 - SUAS - DEBUG - [SUAS_main.turn_lap:632] - wp_num:6
2025-06-22 19:30:19,671 - SUAS - DEBUG - [SUAS_main.turn_lap:631] - next wp: 5
2025-06-22 19:30:19,673 - SUAS - DEBUG - [SUAS_main.turn_lap:632] - wp_num:6
2025-06-22 19:30:19,724 - SUAS - DEBUG - [SUAS_main.turn_lap:631] - next wp: 5
2025-06-22 19:30:19,725 - SUAS - DEBUG - [SUAS_main.turn_lap:632] - wp_num:6
2025-06-22 19:30:19,776 - SUAS - DEBUG - [SUAS_main.turn_lap:631] - next wp: 5
2025-06-22 19:30:19,777 - SUAS - DEBUG - [SUAS_main.turn_lap:632] - wp_num:6
2025-06-22 19:30:19,828 - SUAS - DEBUG - [SUAS_main.turn_lap:631] - next wp: 5
2025-06-22 19:30:19,829 - SUAS - DEBUG - [SUAS_main.turn_lap:632] - wp_num:6
2025-06-22 19:30:19,880 - SUAS - DEBUG - [SUAS_main.turn_lap:631] - next wp: 5
2025-06-22 19:30:19,881 - SUAS - DEBUG - [SUAS_main.turn_lap:632] - wp_num:6
2025-06-22 19:30:19,931 - SUAS - DEBUG - [SUAS_main.turn_lap:631] - next wp: 5
2025-06-22 19:30:19,932 - SUAS - DEBUG - [SUAS_main.turn_lap:632] - wp_num:6
2025-06-22 19:30:19,984 - SUAS - DEBUG - [SUAS_main.turn_lap:631] - next wp: 5
2025-06-22 19:30:19,985 - SUAS - DEBUG - [SUAS_main.turn_lap:632] - wp_num:6
2025-06-22 19:30:20,036 - SUAS - DEBUG - [SUAS_main.turn_lap:631] - next wp: 5
2025-06-22 19:30:20,037 - SUAS - DEBUG - [SUAS_main.turn_lap:632] - wp_num:6
2025-06-22 19:30:20,088 - SUAS - DEBUG - [SUAS_main.turn_lap:631] - next wp: 5
2025-06-22 19:30:20,089 - SUAS - DEBUG - [SUAS_main.turn_lap:632] - wp_num:6
2025-06-22 19:30:20,140 - SUAS - DEBUG - [SUAS_main.turn_lap:631] - next wp: 5
2025-06-22 19:30:20,141 - SUAS - DEBUG - [SUAS_main.turn_lap:632] - wp_num:6
2025-06-22 19:30:20,191 - SUAS - DEBUG - [SUAS_main.turn_lap:631] - next wp: 5
2025-06-22 19:30:20,193 - SUAS - DEBUG - [SUAS_main.turn_lap:632] - wp_num:6
2025-06-22 19:30:20,244 - SUAS - DEBUG - [SUAS_main.turn_lap:631] - next wp: 5
2025-06-22 19:30:20,245 - SUAS - DEBUG - [SUAS_main.turn_lap:632] - wp_num:6
2025-06-22 19:30:20,296 - SUAS - DEBUG - [SUAS_main.turn_lap:631] - next wp: 5
2025-06-22 19:30:20,297 - SUAS - DEBUG - [SUAS_main.turn_lap:632] - wp_num:6
2025-06-22 19:30:20,348 - SUAS - DEBUG - [SUAS_main.turn_lap:631] - next wp: 5
2025-06-22 19:30:20,349 - SUAS - DEBUG - [SUAS_main.turn_lap:632] - wp_num:6
2025-06-22 19:30:20,400 - SUAS - DEBUG - [SUAS_main.turn_lap:631] - next wp: 5
2025-06-22 19:30:20,401 - SUAS - DEBUG - [SUAS_main.turn_lap:632] - wp_num:6
2025-06-22 19:30:20,452 - SUAS - DEBUG - [SUAS_main.turn_lap:631] - next wp: 5
2025-06-22 19:30:20,453 - SUAS - DEBUG - [SUAS_main.turn_lap:632] - wp_num:6
2025-06-22 19:30:20,504 - SUAS - DEBUG - [SUAS_main.turn_lap:631] - next wp: 5
2025-06-22 19:30:20,505 - SUAS - DEBUG - [SUAS_main.turn_lap:632] - wp_num:6
2025-06-22 19:30:20,556 - SUAS - DEBUG - [SUAS_main.turn_lap:631] - next wp: 5
2025-06-22 19:30:20,557 - SUAS - DEBUG - [SUAS_main.turn_lap:632] - wp_num:6
2025-06-22 19:30:20,607 - SUAS - DEBUG - [SUAS_main.turn_lap:631] - next wp: 5
2025-06-22 19:30:20,608 - SUAS - DEBUG - [SUAS_main.turn_lap:632] - wp_num:6
2025-06-22 19:30:20,659 - SUAS - DEBUG - [SUAS_main.turn_lap:631] - next wp: 5
2025-06-22 19:30:20,660 - SUAS - DEBUG - [SUAS_main.turn_lap:632] - wp_num:6
2025-06-22 19:30:20,711 - SUAS - DEBUG - [SUAS_main.turn_lap:631] - next wp: 5
2025-06-22 19:30:20,712 - SUAS - DEBUG - [SUAS_main.turn_lap:632] - wp_num:6
2025-06-22 19:30:20,763 - SUAS - DEBUG - [SUAS_main.turn_lap:631] - next wp: 5
2025-06-22 19:30:20,764 - SUAS - DEBUG - [SUAS_main.turn_lap:632] - wp_num:6
2025-06-22 19:30:20,815 - SUAS - DEBUG - [SUAS_main.turn_lap:631] - next wp: 5
2025-06-22 19:30:20,815 - SUAS - DEBUG - [SUAS_main.turn_lap:632] - wp_num:6
2025-06-22 19:30:20,866 - SUAS - DEBUG - [SUAS_main.turn_lap:631] - next wp: 6
2025-06-22 19:30:20,867 - SUAS - DEBUG - [SUAS_main.turn_lap:632] - wp_num:6
2025-06-22 19:30:20,868 - SUAS - DEBUG - [SUAS_main.turn_lap:634] - Air Drop Stage
2025-06-22 19:30:21,377 - SUAS - DEBUG - [SUAS_main.watcher:148] - Mode changed: AUTO -> GUIDED
2025-06-22 19:30:21,377 - SUAS - DEBUG - [SUAS_main.on_mode_change:166] - Unhandled mode change: GUIDED
2025-06-22 19:30:21,420 - SUAS - DEBUG - [SUAS_main.turn_lap:642] - VehicleMode:GUIDED moduna geçildi
2025-06-22 19:30:21,421 - SUAS - DEBUG - [SUAS_main.real_drop:600] - Pathe gidiliyor 4
2025-06-22 19:30:21,422 - SUAS - DEBUG - [SUAS_main.real_drop:556] - konuma gidiliyor: (38.85085487626478, -76.69967529341858)
2025-06-22 19:30:21,424 - SUAS - DEBUG - [SUAS_main.wait:320] - waite girildi timestamp: 2025-06-22 19:30:21
2025-06-22 19:30:21,525 - SUAS - DEBUG - [SUAS_main.wait:322] - Waiting for the vehicle to reach the target point...
2025-06-22 19:30:33,466 - SUAS - DEBUG - [SUAS_main.wait:331] - Reached the target point after the break
2025-06-22 19:30:33,468 - SUAS - DEBUG - [SUAS_main.set_servo:270] - set_servo function has successfully executed. With arguments: Channel: 14, PWM Value: 1900
2025-06-22 19:30:33,469 - SUAS - DEBUG - [SUAS_main.real_drop:572] - Servo activated: channel=(14, 1900)
2025-06-22 19:30:35,471 - SUAS - DEBUG - [SUAS_main.set_servo:270] - set_servo function has successfully executed. With arguments: Channel: 14, PWM Value: 0
2025-06-22 19:30:35,472 - SUAS - DEBUG - [SUAS_main.real_drop:575] - Servo deactivated: channel=14
2025-06-22 19:31:11,885 - SUAS - DEBUG - [SUAS_main.land:278] - Landing...
2025-06-22 19:31:11,887 - SUAS - DEBUG - [SUAS_main.main:845] - Landing completed
2025-06-22 19:31:11,888 - SUAS - DEBUG - [SUAS_main.main:846] - Görev tamamlandı
