2025-06-19 20:43:05,472 - SUAS - DEBUG - [SUAS_main.__init__:213] - (None, None, None)
2025-06-19 20:43:05,474 - SUAS - DEBUG - [SUAS_main.__init__:219] - Opening camera with pipeline:
nvarguscamerasrc sensor-id=0 aelock=true awblock=true wbmode=0 exposurecompensation=-1 exposuretimerange="1000000 1000000" gainrange="1 1" ! video/x-raw(memory:NVMM), width=4032, height=3040, framerate=20/1 ! nvvideoconvert flip-method=0 ! video/x-raw, format=BGRx ! videoconvert ! video/x-raw, format=BGR ! appsink
2025-06-19 20:43:06,730 - SUAS - DEBUG - [SUAS_main.__init__:111] - Initial flight mode: POSHOLD
2025-06-19 20:43:09,626 - SUAS - DEBUG - [SUAS_main.main:628] - Download Waypoints - Completed
2025-06-19 20:43:09,627 - SUAS - DEBUG - [SUAS_main.main:631] - WP SET TO 2
2025-06-19 20:43:10,629 - SUAS - DEBUG - [SUAS_main.main:643] - ------------------------------5---------------------------
2025-06-19 20:43:10,630 - SUAS - DEBUG - [SUAS_main.main:652] - ------------------------------------------------------------------------
2025-06-19 20:43:10,631 - SUAS - DEBUG - [SUAS_main.main:653] - No DOJUMP
2025-06-19 20:43:10,632 - SUAS - DEBUG - [SUAS_main.main:654] - ------------------------------------------------------------------------
2025-06-19 20:43:10,835 - SUAS - DEBUG - [SUAS_main.main:663] - Download Changed Waypoints - Completed
2025-06-19 20:43:10,836 - SUAS - DEBUG - [SUAS_main.main:670] - ------------------------------6 - updated---------------------------
2025-06-19 20:43:10,837 - SUAS - DEBUG - [SUAS_main.main:677] - Waiting for mode change to: AUTO
2025-06-19 20:43:11,338 - SUAS - DEBUG - [SUAS_main.main:677] - Waiting for mode change to: AUTO
2025-06-19 20:43:11,840 - SUAS - DEBUG - [SUAS_main.main:677] - Waiting for mode change to: AUTO
2025-06-19 20:43:12,341 - SUAS - DEBUG - [SUAS_main.main:677] - Waiting for mode change to: AUTO
2025-06-19 20:43:12,842 - SUAS - DEBUG - [SUAS_main.main:677] - Waiting for mode change to: AUTO
2025-06-19 20:43:13,345 - SUAS - DEBUG - [SUAS_main.main:677] - Waiting for mode change to: AUTO
2025-06-19 20:43:13,846 - SUAS - DEBUG - [SUAS_main.main:677] - Waiting for mode change to: AUTO
2025-06-19 20:43:14,348 - SUAS - DEBUG - [SUAS_main.main:677] - Waiting for mode change to: AUTO
2025-06-19 20:43:14,850 - SUAS - DEBUG - [SUAS_main.main:677] - Waiting for mode change to: AUTO
2025-06-19 20:43:15,351 - SUAS - DEBUG - [SUAS_main.main:677] - Waiting for mode change to: AUTO
2025-06-19 20:43:15,853 - SUAS - DEBUG - [SUAS_main.main:677] - Waiting for mode change to: AUTO
2025-06-19 20:43:16,354 - SUAS - DEBUG - [SUAS_main.main:677] - Waiting for mode change to: AUTO
2025-06-19 20:43:16,856 - SUAS - DEBUG - [SUAS_main.main:677] - Waiting for mode change to: AUTO
2025-06-19 20:43:17,357 - SUAS - DEBUG - [SUAS_main.main:677] - Waiting for mode change to: AUTO
2025-06-19 20:43:17,858 - SUAS - DEBUG - [SUAS_main.main:677] - Waiting for mode change to: AUTO
2025-06-19 20:43:18,360 - SUAS - DEBUG - [SUAS_main.main:677] - Waiting for mode change to: AUTO
2025-06-19 20:43:18,861 - SUAS - DEBUG - [SUAS_main.main:677] - Waiting for mode change to: AUTO
2025-06-19 20:43:19,363 - SUAS - DEBUG - [SUAS_main.main:677] - Waiting for mode change to: AUTO
2025-06-19 20:43:19,864 - SUAS - DEBUG - [SUAS_main.main:677] - Waiting for mode change to: AUTO
2025-06-19 20:43:20,365 - SUAS - DEBUG - [SUAS_main.main:677] - Waiting for mode change to: AUTO
2025-06-19 20:43:20,867 - SUAS - DEBUG - [SUAS_main.main:677] - Waiting for mode change to: AUTO
2025-06-19 20:43:21,369 - SUAS - DEBUG - [SUAS_main.main:677] - Waiting for mode change to: AUTO
2025-06-19 20:43:21,870 - SUAS - DEBUG - [SUAS_main.main:677] - Waiting for mode change to: AUTO
2025-06-19 20:43:22,372 - SUAS - DEBUG - [SUAS_main.main:677] - Waiting for mode change to: AUTO
2025-06-19 20:43:22,873 - SUAS - DEBUG - [SUAS_main.main:677] - Waiting for mode change to: AUTO
2025-06-19 20:43:23,375 - SUAS - DEBUG - [SUAS_main.main:677] - Waiting for mode change to: AUTO
2025-06-19 20:43:23,876 - SUAS - DEBUG - [SUAS_main.main:677] - Waiting for mode change to: AUTO
2025-06-19 20:43:24,377 - SUAS - DEBUG - [SUAS_main.main:677] - Waiting for mode change to: AUTO
2025-06-19 20:43:24,879 - SUAS - DEBUG - [SUAS_main.main:677] - Waiting for mode change to: AUTO
2025-06-19 20:43:25,381 - SUAS - DEBUG - [SUAS_main.main:677] - Waiting for mode change to: AUTO
2025-06-19 20:43:25,882 - SUAS - DEBUG - [SUAS_main.main:677] - Waiting for mode change to: AUTO
2025-06-19 20:43:26,385 - SUAS - DEBUG - [SUAS_main.main:677] - Waiting for mode change to: AUTO
2025-06-19 20:43:26,886 - SUAS - DEBUG - [SUAS_main.main:677] - Waiting for mode change to: AUTO
2025-06-19 20:43:27,387 - SUAS - DEBUG - [SUAS_main.main:677] - Waiting for mode change to: AUTO
2025-06-19 20:43:27,889 - SUAS - DEBUG - [SUAS_main.main:677] - Waiting for mode change to: AUTO
2025-06-19 20:43:28,390 - SUAS - DEBUG - [SUAS_main.main:677] - Waiting for mode change to: AUTO
2025-06-19 20:43:28,892 - SUAS - DEBUG - [SUAS_main.main:677] - Waiting for mode change to: AUTO
2025-06-19 20:43:29,393 - SUAS - DEBUG - [SUAS_main.main:677] - Waiting for mode change to: AUTO
2025-06-19 20:43:29,895 - SUAS - DEBUG - [SUAS_main.main:677] - Waiting for mode change to: AUTO
2025-06-19 20:43:30,396 - SUAS - DEBUG - [SUAS_main.main:677] - Waiting for mode change to: AUTO
2025-06-19 20:43:30,897 - SUAS - DEBUG - [SUAS_main.main:677] - Waiting for mode change to: AUTO
2025-06-19 20:43:31,399 - SUAS - DEBUG - [SUAS_main.main:677] - Waiting for mode change to: AUTO
2025-06-19 20:43:31,900 - SUAS - DEBUG - [SUAS_main.main:677] - Waiting for mode change to: AUTO
2025-06-19 20:43:32,401 - SUAS - DEBUG - [SUAS_main.main:677] - Waiting for mode change to: AUTO
2025-06-19 20:43:32,903 - SUAS - DEBUG - [SUAS_main.main:677] - Waiting for mode change to: AUTO
2025-06-19 20:43:33,405 - SUAS - DEBUG - [SUAS_main.main:677] - Waiting for mode change to: AUTO
2025-06-19 20:43:33,906 - SUAS - DEBUG - [SUAS_main.main:677] - Waiting for mode change to: AUTO
2025-06-19 20:43:34,407 - SUAS - DEBUG - [SUAS_main.main:677] - Waiting for mode change to: AUTO
2025-06-19 20:43:34,909 - SUAS - DEBUG - [SUAS_main.main:677] - Waiting for mode change to: AUTO
2025-06-19 20:43:35,410 - SUAS - DEBUG - [SUAS_main.main:677] - Waiting for mode change to: AUTO
2025-06-19 20:43:35,912 - SUAS - DEBUG - [SUAS_main.main:677] - Waiting for mode change to: AUTO
2025-06-19 20:43:36,414 - SUAS - DEBUG - [SUAS_main.main:677] - Waiting for mode change to: AUTO
2025-06-19 20:43:36,915 - SUAS - DEBUG - [SUAS_main.main:677] - Waiting for mode change to: AUTO
2025-06-19 20:43:37,417 - SUAS - DEBUG - [SUAS_main.main:677] - Waiting for mode change to: AUTO
2025-06-19 20:43:37,918 - SUAS - DEBUG - [SUAS_main.main:677] - Waiting for mode change to: AUTO
2025-06-19 20:43:38,420 - SUAS - DEBUG - [SUAS_main.main:677] - Waiting for mode change to: AUTO
2025-06-19 20:43:38,921 - SUAS - DEBUG - [SUAS_main.main:677] - Waiting for mode change to: AUTO
2025-06-19 20:43:39,422 - SUAS - DEBUG - [SUAS_main.main:677] - Waiting for mode change to: AUTO
2025-06-19 20:43:39,924 - SUAS - DEBUG - [SUAS_main.main:677] - Waiting for mode change to: AUTO
2025-06-19 20:43:40,425 - SUAS - DEBUG - [SUAS_main.main:677] - Waiting for mode change to: AUTO
2025-06-19 20:43:40,927 - SUAS - DEBUG - [SUAS_main.main:677] - Waiting for mode change to: AUTO
2025-06-19 20:43:41,428 - SUAS - DEBUG - [SUAS_main.main:677] - Waiting for mode change to: AUTO
2025-06-19 20:43:41,929 - SUAS - DEBUG - [SUAS_main.main:677] - Waiting for mode change to: AUTO
2025-06-19 20:43:42,431 - SUAS - DEBUG - [SUAS_main.main:677] - Waiting for mode change to: AUTO
2025-06-19 20:43:42,932 - SUAS - DEBUG - [SUAS_main.main:677] - Waiting for mode change to: AUTO
2025-06-19 20:43:43,434 - SUAS - DEBUG - [SUAS_main.main:677] - Waiting for mode change to: AUTO
2025-06-19 20:43:43,935 - SUAS - DEBUG - [SUAS_main.main:677] - Waiting for mode change to: AUTO
2025-06-19 20:43:44,437 - SUAS - DEBUG - [SUAS_main.main:677] - Waiting for mode change to: AUTO
2025-06-19 20:43:44,938 - SUAS - DEBUG - [SUAS_main.main:677] - Waiting for mode change to: AUTO
2025-06-19 20:43:45,440 - SUAS - DEBUG - [SUAS_main.main:677] - Waiting for mode change to: AUTO
2025-06-19 20:43:45,941 - SUAS - DEBUG - [SUAS_main.main:677] - Waiting for mode change to: AUTO
2025-06-19 20:43:46,443 - SUAS - DEBUG - [SUAS_main.main:677] - Waiting for mode change to: AUTO
2025-06-19 20:43:46,944 - SUAS - DEBUG - [SUAS_main.main:677] - Waiting for mode change to: AUTO
2025-06-19 20:43:47,445 - SUAS - DEBUG - [SUAS_main.main:677] - Waiting for mode change to: AUTO
2025-06-19 20:43:47,947 - SUAS - DEBUG - [SUAS_main.main:677] - Waiting for mode change to: AUTO
2025-06-19 20:43:48,449 - SUAS - DEBUG - [SUAS_main.main:677] - Waiting for mode change to: AUTO
2025-06-19 20:43:48,950 - SUAS - DEBUG - [SUAS_main.main:677] - Waiting for mode change to: AUTO
2025-06-19 20:43:49,452 - SUAS - DEBUG - [SUAS_main.main:677] - Waiting for mode change to: AUTO
2025-06-19 20:43:49,953 - SUAS - DEBUG - [SUAS_main.main:677] - Waiting for mode change to: AUTO
2025-06-19 20:43:50,455 - SUAS - DEBUG - [SUAS_main.main:677] - Waiting for mode change to: AUTO
2025-06-19 20:43:50,956 - SUAS - DEBUG - [SUAS_main.main:677] - Waiting for mode change to: AUTO
2025-06-19 20:43:51,457 - SUAS - DEBUG - [SUAS_main.main:677] - Waiting for mode change to: AUTO
2025-06-19 20:43:51,959 - SUAS - DEBUG - [SUAS_main.main:677] - Waiting for mode change to: AUTO
2025-06-19 20:43:52,460 - SUAS - DEBUG - [SUAS_main.main:677] - Waiting for mode change to: AUTO
2025-06-19 20:43:52,961 - SUAS - DEBUG - [SUAS_main.main:677] - Waiting for mode change to: AUTO
2025-06-19 20:43:53,463 - SUAS - DEBUG - [SUAS_main.main:677] - Waiting for mode change to: AUTO
2025-06-19 20:43:53,964 - SUAS - DEBUG - [SUAS_main.main:677] - Waiting for mode change to: AUTO
2025-06-19 20:43:54,465 - SUAS - DEBUG - [SUAS_main.main:677] - Waiting for mode change to: AUTO
2025-06-19 20:43:54,967 - SUAS - DEBUG - [SUAS_main.main:677] - Waiting for mode change to: AUTO
2025-06-19 20:43:55,468 - SUAS - DEBUG - [SUAS_main.main:677] - Waiting for mode change to: AUTO
2025-06-19 20:43:55,970 - SUAS - DEBUG - [SUAS_main.main:677] - Waiting for mode change to: AUTO
2025-06-19 20:43:56,471 - SUAS - DEBUG - [SUAS_main.main:677] - Waiting for mode change to: AUTO
2025-06-19 20:43:56,973 - SUAS - DEBUG - [SUAS_main.main:677] - Waiting for mode change to: AUTO
2025-06-19 20:43:57,474 - SUAS - DEBUG - [SUAS_main.main:677] - Waiting for mode change to: AUTO
2025-06-19 20:43:57,976 - SUAS - DEBUG - [SUAS_main.main:677] - Waiting for mode change to: AUTO
2025-06-19 20:43:58,477 - SUAS - DEBUG - [SUAS_main.main:677] - Waiting for mode change to: AUTO
2025-06-19 20:43:58,979 - SUAS - DEBUG - [SUAS_main.main:677] - Waiting for mode change to: AUTO
2025-06-19 20:43:59,480 - SUAS - DEBUG - [SUAS_main.main:677] - Waiting for mode change to: AUTO
2025-06-19 20:43:59,981 - SUAS - DEBUG - [SUAS_main.main:677] - Waiting for mode change to: AUTO
2025-06-19 20:44:00,483 - SUAS - DEBUG - [SUAS_main.main:677] - Waiting for mode change to: AUTO
2025-06-19 20:44:00,984 - SUAS - DEBUG - [SUAS_main.main:677] - Waiting for mode change to: AUTO
2025-06-19 20:44:01,485 - SUAS - DEBUG - [SUAS_main.main:677] - Waiting for mode change to: AUTO
2025-06-19 20:44:01,987 - SUAS - DEBUG - [SUAS_main.main:677] - Waiting for mode change to: AUTO
2025-06-19 20:44:02,488 - SUAS - DEBUG - [SUAS_main.main:677] - Waiting for mode change to: AUTO
2025-06-19 20:44:02,989 - SUAS - DEBUG - [SUAS_main.main:677] - Waiting for mode change to: AUTO
2025-06-19 20:44:03,491 - SUAS - DEBUG - [SUAS_main.main:677] - Waiting for mode change to: AUTO
2025-06-19 20:44:03,992 - SUAS - DEBUG - [SUAS_main.main:677] - Waiting for mode change to: AUTO
2025-06-19 20:44:04,494 - SUAS - DEBUG - [SUAS_main.main:677] - Waiting for mode change to: AUTO
2025-06-19 20:44:04,996 - SUAS - DEBUG - [SUAS_main.main:677] - Waiting for mode change to: AUTO
2025-06-19 20:44:05,497 - SUAS - DEBUG - [SUAS_main.main:677] - Waiting for mode change to: AUTO
2025-06-19 20:44:05,999 - SUAS - DEBUG - [SUAS_main.main:677] - Waiting for mode change to: AUTO
2025-06-19 20:44:06,500 - SUAS - DEBUG - [SUAS_main.main:677] - Waiting for mode change to: AUTO
2025-06-19 20:44:07,001 - SUAS - DEBUG - [SUAS_main.main:677] - Waiting for mode change to: AUTO
2025-06-19 20:44:07,503 - SUAS - DEBUG - [SUAS_main.main:677] - Waiting for mode change to: AUTO
2025-06-19 20:44:08,004 - SUAS - DEBUG - [SUAS_main.main:677] - Waiting for mode change to: AUTO
2025-06-19 20:44:08,505 - SUAS - DEBUG - [SUAS_main.main:677] - Waiting for mode change to: AUTO
2025-06-19 20:44:09,007 - SUAS - DEBUG - [SUAS_main.main:677] - Waiting for mode change to: AUTO
2025-06-19 20:44:09,508 - SUAS - DEBUG - [SUAS_main.main:677] - Waiting for mode change to: AUTO
2025-06-19 20:44:10,010 - SUAS - DEBUG - [SUAS_main.main:677] - Waiting for mode change to: AUTO
2025-06-19 20:44:10,512 - SUAS - DEBUG - [SUAS_main.main:677] - Waiting for mode change to: AUTO
2025-06-19 20:44:11,013 - SUAS - DEBUG - [SUAS_main.main:677] - Waiting for mode change to: AUTO
2025-06-19 20:44:11,515 - SUAS - DEBUG - [SUAS_main.main:677] - Waiting for mode change to: AUTO
2025-06-19 20:44:12,016 - SUAS - DEBUG - [SUAS_main.main:677] - Waiting for mode change to: AUTO
2025-06-19 20:44:12,517 - SUAS - DEBUG - [SUAS_main.main:677] - Waiting for mode change to: AUTO
2025-06-19 20:44:13,019 - SUAS - DEBUG - [SUAS_main.main:677] - Waiting for mode change to: AUTO
2025-06-19 20:44:13,520 - SUAS - DEBUG - [SUAS_main.main:677] - Waiting for mode change to: AUTO
2025-06-19 20:44:14,021 - SUAS - DEBUG - [SUAS_main.main:677] - Waiting for mode change to: AUTO
2025-06-19 20:44:14,523 - SUAS - DEBUG - [SUAS_main.main:677] - Waiting for mode change to: AUTO
2025-06-19 20:44:15,024 - SUAS - DEBUG - [SUAS_main.main:677] - Waiting for mode change to: AUTO
2025-06-19 20:44:15,525 - SUAS - DEBUG - [SUAS_main.main:677] - Waiting for mode change to: AUTO
2025-06-19 20:44:16,027 - SUAS - DEBUG - [SUAS_main.main:677] - Waiting for mode change to: AUTO
2025-06-19 20:44:16,528 - SUAS - DEBUG - [SUAS_main.main:677] - Waiting for mode change to: AUTO
2025-06-19 20:44:17,031 - SUAS - DEBUG - [SUAS_main.main:677] - Waiting for mode change to: AUTO
2025-06-19 20:44:17,532 - SUAS - DEBUG - [SUAS_main.main:677] - Waiting for mode change to: AUTO
2025-06-19 20:44:18,034 - SUAS - DEBUG - [SUAS_main.main:677] - Waiting for mode change to: AUTO
2025-06-19 20:44:18,535 - SUAS - DEBUG - [SUAS_main.main:677] - Waiting for mode change to: AUTO
2025-06-19 20:44:19,037 - SUAS - DEBUG - [SUAS_main.main:677] - Waiting for mode change to: AUTO
2025-06-19 20:44:19,538 - SUAS - DEBUG - [SUAS_main.main:677] - Waiting for mode change to: AUTO
2025-06-19 20:44:20,040 - SUAS - DEBUG - [SUAS_main.main:677] - Waiting for mode change to: AUTO
2025-06-19 20:44:20,541 - SUAS - DEBUG - [SUAS_main.main:677] - Waiting for mode change to: AUTO
2025-06-19 20:44:21,043 - SUAS - DEBUG - [SUAS_main.main:677] - Waiting for mode change to: AUTO
2025-06-19 20:44:21,544 - SUAS - DEBUG - [SUAS_main.main:677] - Waiting for mode change to: AUTO
2025-06-19 20:44:22,045 - SUAS - DEBUG - [SUAS_main.main:677] - Waiting for mode change to: AUTO
2025-06-19 20:44:22,547 - SUAS - DEBUG - [SUAS_main.main:677] - Waiting for mode change to: AUTO
2025-06-19 20:44:23,048 - SUAS - DEBUG - [SUAS_main.main:677] - Waiting for mode change to: AUTO
2025-06-19 20:44:23,584 - SUAS - DEBUG - [SUAS_main.main:677] - Waiting for mode change to: AUTO
2025-06-19 20:44:24,085 - SUAS - DEBUG - [SUAS_main.main:677] - Waiting for mode change to: AUTO
2025-06-19 20:44:24,586 - SUAS - DEBUG - [SUAS_main.main:677] - Waiting for mode change to: AUTO
2025-06-19 20:44:25,088 - SUAS - DEBUG - [SUAS_main.main:677] - Waiting for mode change to: AUTO
2025-06-19 20:44:25,590 - SUAS - DEBUG - [SUAS_main.main:677] - Waiting for mode change to: AUTO
2025-06-19 20:44:26,091 - SUAS - DEBUG - [SUAS_main.main:677] - Waiting for mode change to: AUTO
2025-06-19 20:44:26,593 - SUAS - DEBUG - [SUAS_main.main:677] - Waiting for mode change to: AUTO
2025-06-19 20:44:27,094 - SUAS - DEBUG - [SUAS_main.main:677] - Waiting for mode change to: AUTO
2025-06-19 20:44:27,596 - SUAS - DEBUG - [SUAS_main.main:677] - Waiting for mode change to: AUTO
2025-06-19 20:44:28,097 - SUAS - DEBUG - [SUAS_main.main:677] - Waiting for mode change to: AUTO
2025-06-19 20:44:28,599 - SUAS - DEBUG - [SUAS_main.main:677] - Waiting for mode change to: AUTO
2025-06-19 20:44:29,100 - SUAS - DEBUG - [SUAS_main.main:677] - Waiting for mode change to: AUTO
2025-06-19 20:44:29,601 - SUAS - DEBUG - [SUAS_main.main:677] - Waiting for mode change to: AUTO
2025-06-19 20:44:30,103 - SUAS - DEBUG - [SUAS_main.main:677] - Waiting for mode change to: AUTO
2025-06-19 20:44:30,604 - SUAS - DEBUG - [SUAS_main.main:677] - Waiting for mode change to: AUTO
2025-06-19 20:44:31,105 - SUAS - DEBUG - [SUAS_main.main:677] - Waiting for mode change to: AUTO
2025-06-19 20:44:31,607 - SUAS - DEBUG - [SUAS_main.main:677] - Waiting for mode change to: AUTO
2025-06-19 20:44:32,108 - SUAS - DEBUG - [SUAS_main.main:677] - Waiting for mode change to: AUTO
2025-06-19 20:44:32,610 - SUAS - DEBUG - [SUAS_main.main:677] - Waiting for mode change to: AUTO
2025-06-19 20:44:33,112 - SUAS - DEBUG - [SUAS_main.main:677] - Waiting for mode change to: AUTO
2025-06-19 20:44:33,613 - SUAS - DEBUG - [SUAS_main.main:677] - Waiting for mode change to: AUTO
2025-06-19 20:44:34,115 - SUAS - DEBUG - [SUAS_main.main:677] - Waiting for mode change to: AUTO
2025-06-19 20:44:34,616 - SUAS - DEBUG - [SUAS_main.main:677] - Waiting for mode change to: AUTO
2025-06-19 20:44:35,117 - SUAS - DEBUG - [SUAS_main.main:677] - Waiting for mode change to: AUTO
2025-06-19 20:44:35,619 - SUAS - DEBUG - [SUAS_main.main:677] - Waiting for mode change to: AUTO
2025-06-19 20:44:36,120 - SUAS - DEBUG - [SUAS_main.main:677] - Waiting for mode change to: AUTO
2025-06-19 20:44:36,621 - SUAS - DEBUG - [SUAS_main.main:677] - Waiting for mode change to: AUTO
2025-06-19 20:44:37,123 - SUAS - DEBUG - [SUAS_main.main:677] - Waiting for mode change to: AUTO
2025-06-19 20:44:37,624 - SUAS - DEBUG - [SUAS_main.main:677] - Waiting for mode change to: AUTO
2025-06-19 20:44:38,125 - SUAS - DEBUG - [SUAS_main.main:677] - Waiting for mode change to: AUTO
2025-06-19 20:44:38,627 - SUAS - DEBUG - [SUAS_main.main:677] - Waiting for mode change to: AUTO
2025-06-19 20:44:39,128 - SUAS - DEBUG - [SUAS_main.main:677] - Waiting for mode change to: AUTO
2025-06-19 20:44:39,629 - SUAS - DEBUG - [SUAS_main.main:677] - Waiting for mode change to: AUTO
2025-06-19 20:44:40,131 - SUAS - DEBUG - [SUAS_main.main:677] - Waiting for mode change to: AUTO
2025-06-19 20:44:40,633 - SUAS - DEBUG - [SUAS_main.main:677] - Waiting for mode change to: AUTO
2025-06-19 20:44:41,134 - SUAS - DEBUG - [SUAS_main.main:677] - Waiting for mode change to: AUTO
2025-06-19 20:44:41,636 - SUAS - DEBUG - [SUAS_main.main:677] - Waiting for mode change to: AUTO
2025-06-19 20:44:42,137 - SUAS - DEBUG - [SUAS_main.main:677] - Waiting for mode change to: AUTO
2025-06-19 20:44:42,638 - SUAS - DEBUG - [SUAS_main.main:677] - Waiting for mode change to: AUTO
2025-06-19 20:44:43,140 - SUAS - DEBUG - [SUAS_main.main:677] - Waiting for mode change to: AUTO
2025-06-19 20:44:43,641 - SUAS - DEBUG - [SUAS_main.main:677] - Waiting for mode change to: AUTO
2025-06-19 20:44:44,143 - SUAS - DEBUG - [SUAS_main.main:677] - Waiting for mode change to: AUTO
2025-06-19 20:44:44,644 - SUAS - DEBUG - [SUAS_main.main:677] - Waiting for mode change to: AUTO
2025-06-19 20:44:45,145 - SUAS - DEBUG - [SUAS_main.main:677] - Waiting for mode change to: AUTO
2025-06-19 20:44:45,647 - SUAS - DEBUG - [SUAS_main.main:677] - Waiting for mode change to: AUTO
2025-06-19 20:44:46,148 - SUAS - DEBUG - [SUAS_main.main:677] - Waiting for mode change to: AUTO
2025-06-19 20:44:46,650 - SUAS - DEBUG - [SUAS_main.main:677] - Waiting for mode change to: AUTO
2025-06-19 20:44:47,152 - SUAS - DEBUG - [SUAS_main.main:677] - Waiting for mode change to: AUTO
2025-06-19 20:44:47,653 - SUAS - DEBUG - [SUAS_main.main:677] - Waiting for mode change to: AUTO
2025-06-19 20:44:48,155 - SUAS - DEBUG - [SUAS_main.main:677] - Waiting for mode change to: AUTO
2025-06-19 20:44:48,656 - SUAS - DEBUG - [SUAS_main.main:677] - Waiting for mode change to: AUTO
2025-06-19 20:44:49,158 - SUAS - DEBUG - [SUAS_main.main:677] - Waiting for mode change to: AUTO
2025-06-19 20:44:49,659 - SUAS - DEBUG - [SUAS_main.main:677] - Waiting for mode change to: AUTO
2025-06-19 20:44:50,161 - SUAS - DEBUG - [SUAS_main.main:677] - Waiting for mode change to: AUTO
2025-06-19 20:44:50,662 - SUAS - DEBUG - [SUAS_main.main:677] - Waiting for mode change to: AUTO
2025-06-19 20:44:51,163 - SUAS - DEBUG - [SUAS_main.main:677] - Waiting for mode change to: AUTO
2025-06-19 20:44:51,665 - SUAS - DEBUG - [SUAS_main.main:677] - Waiting for mode change to: AUTO
2025-06-19 20:44:52,166 - SUAS - DEBUG - [SUAS_main.main:677] - Waiting for mode change to: AUTO
2025-06-19 20:44:52,668 - SUAS - DEBUG - [SUAS_main.main:677] - Waiting for mode change to: AUTO
2025-06-19 20:44:53,169 - SUAS - DEBUG - [SUAS_main.main:677] - Waiting for mode change to: AUTO
2025-06-19 20:44:53,671 - SUAS - DEBUG - [SUAS_main.main:677] - Waiting for mode change to: AUTO
2025-06-19 20:44:54,172 - SUAS - DEBUG - [SUAS_main.main:677] - Waiting for mode change to: AUTO
2025-06-19 20:44:54,673 - SUAS - DEBUG - [SUAS_main.main:677] - Waiting for mode change to: AUTO
2025-06-19 20:44:55,175 - SUAS - DEBUG - [SUAS_main.main:677] - Waiting for mode change to: AUTO
2025-06-19 20:44:55,677 - SUAS - DEBUG - [SUAS_main.main:677] - Waiting for mode change to: AUTO
2025-06-19 20:44:56,178 - SUAS - DEBUG - [SUAS_main.main:677] - Waiting for mode change to: AUTO
2025-06-19 20:44:56,680 - SUAS - DEBUG - [SUAS_main.main:677] - Waiting for mode change to: AUTO
2025-06-19 20:44:57,181 - SUAS - DEBUG - [SUAS_main.main:677] - Waiting for mode change to: AUTO
2025-06-19 20:44:57,682 - SUAS - DEBUG - [SUAS_main.main:677] - Waiting for mode change to: AUTO
2025-06-19 20:44:58,184 - SUAS - DEBUG - [SUAS_main.main:677] - Waiting for mode change to: AUTO
2025-06-19 20:44:58,685 - SUAS - DEBUG - [SUAS_main.main:677] - Waiting for mode change to: AUTO
2025-06-19 20:44:59,187 - SUAS - DEBUG - [SUAS_main.main:677] - Waiting for mode change to: AUTO
2025-06-19 20:44:59,688 - SUAS - DEBUG - [SUAS_main.main:677] - Waiting for mode change to: AUTO
2025-06-19 20:45:00,190 - SUAS - DEBUG - [SUAS_main.main:677] - Waiting for mode change to: AUTO
2025-06-19 20:45:00,692 - SUAS - DEBUG - [SUAS_main.main:677] - Waiting for mode change to: AUTO
2025-06-19 20:45:01,193 - SUAS - DEBUG - [SUAS_main.main:677] - Waiting for mode change to: AUTO
2025-06-19 20:45:01,695 - SUAS - DEBUG - [SUAS_main.main:677] - Waiting for mode change to: AUTO
2025-06-19 20:45:02,196 - SUAS - DEBUG - [SUAS_main.main:677] - Waiting for mode change to: AUTO
2025-06-19 20:45:02,697 - SUAS - DEBUG - [SUAS_main.main:677] - Waiting for mode change to: AUTO
2025-06-19 20:45:03,199 - SUAS - DEBUG - [SUAS_main.main:677] - Waiting for mode change to: AUTO
2025-06-19 20:45:03,700 - SUAS - DEBUG - [SUAS_main.main:677] - Waiting for mode change to: AUTO
2025-06-19 20:45:04,202 - SUAS - DEBUG - [SUAS_main.main:677] - Waiting for mode change to: AUTO
2025-06-19 20:45:04,703 - SUAS - DEBUG - [SUAS_main.main:677] - Waiting for mode change to: AUTO
2025-06-19 20:45:05,205 - SUAS - DEBUG - [SUAS_main.main:677] - Waiting for mode change to: AUTO
2025-06-19 20:45:05,706 - SUAS - DEBUG - [SUAS_main.main:677] - Waiting for mode change to: AUTO
2025-06-19 20:45:06,208 - SUAS - DEBUG - [SUAS_main.main:677] - Waiting for mode change to: AUTO
2025-06-19 20:45:06,709 - SUAS - DEBUG - [SUAS_main.main:677] - Waiting for mode change to: AUTO
2025-06-19 20:45:07,211 - SUAS - DEBUG - [SUAS_main.main:677] - Waiting for mode change to: AUTO
2025-06-19 20:45:07,713 - SUAS - DEBUG - [SUAS_main.main:677] - Waiting for mode change to: AUTO
2025-06-19 20:45:08,214 - SUAS - DEBUG - [SUAS_main.main:677] - Waiting for mode change to: AUTO
2025-06-19 20:45:08,716 - SUAS - DEBUG - [SUAS_main.main:677] - Waiting for mode change to: AUTO
2025-06-19 20:45:09,217 - SUAS - DEBUG - [SUAS_main.main:677] - Waiting for mode change to: AUTO
2025-06-19 20:45:09,719 - SUAS - DEBUG - [SUAS_main.main:677] - Waiting for mode change to: AUTO
2025-06-19 20:45:10,220 - SUAS - DEBUG - [SUAS_main.main:677] - Waiting for mode change to: AUTO
2025-06-19 20:45:10,721 - SUAS - DEBUG - [SUAS_main.main:677] - Waiting for mode change to: AUTO
2025-06-19 20:45:11,223 - SUAS - DEBUG - [SUAS_main.main:677] - Waiting for mode change to: AUTO
2025-06-19 20:45:11,724 - SUAS - DEBUG - [SUAS_main.main:677] - Waiting for mode change to: AUTO
2025-06-19 20:45:12,226 - SUAS - DEBUG - [SUAS_main.main:677] - Waiting for mode change to: AUTO
2025-06-19 20:45:12,727 - SUAS - DEBUG - [SUAS_main.main:677] - Waiting for mode change to: AUTO
2025-06-19 20:45:13,229 - SUAS - DEBUG - [SUAS_main.main:677] - Waiting for mode change to: AUTO
2025-06-19 20:45:13,730 - SUAS - DEBUG - [SUAS_main.main:677] - Waiting for mode change to: AUTO
2025-06-19 20:45:14,232 - SUAS - DEBUG - [SUAS_main.main:677] - Waiting for mode change to: AUTO
2025-06-19 20:45:14,734 - SUAS - DEBUG - [SUAS_main.main:677] - Waiting for mode change to: AUTO
2025-06-19 20:45:15,235 - SUAS - DEBUG - [SUAS_main.main:677] - Waiting for mode change to: AUTO
2025-06-19 20:45:15,737 - SUAS - DEBUG - [SUAS_main.main:677] - Waiting for mode change to: AUTO
2025-06-19 20:45:16,238 - SUAS - DEBUG - [SUAS_main.main:677] - Waiting for mode change to: AUTO
2025-06-19 20:45:16,739 - SUAS - DEBUG - [SUAS_main.main:677] - Waiting for mode change to: AUTO
2025-06-19 20:45:17,241 - SUAS - DEBUG - [SUAS_main.main:677] - Waiting for mode change to: AUTO
2025-06-19 20:45:17,742 - SUAS - DEBUG - [SUAS_main.main:677] - Waiting for mode change to: AUTO
2025-06-19 20:45:18,244 - SUAS - DEBUG - [SUAS_main.main:677] - Waiting for mode change to: AUTO
2025-06-19 20:45:18,745 - SUAS - DEBUG - [SUAS_main.main:677] - Waiting for mode change to: AUTO
2025-06-19 20:45:19,247 - SUAS - DEBUG - [SUAS_main.main:677] - Waiting for mode change to: AUTO
2025-06-19 20:45:19,748 - SUAS - DEBUG - [SUAS_main.main:677] - Waiting for mode change to: AUTO
2025-06-19 20:45:20,249 - SUAS - DEBUG - [SUAS_main.main:677] - Waiting for mode change to: AUTO
2025-06-19 20:45:20,751 - SUAS - DEBUG - [SUAS_main.main:677] - Waiting for mode change to: AUTO
2025-06-19 20:45:21,285 - SUAS - DEBUG - [SUAS_main.main:677] - Waiting for mode change to: AUTO
2025-06-19 20:45:21,787 - SUAS - DEBUG - [SUAS_main.main:677] - Waiting for mode change to: AUTO
2025-06-19 20:45:22,288 - SUAS - DEBUG - [SUAS_main.main:677] - Waiting for mode change to: AUTO
2025-06-19 20:45:22,789 - SUAS - DEBUG - [SUAS_main.main:677] - Waiting for mode change to: AUTO
2025-06-19 20:45:23,291 - SUAS - DEBUG - [SUAS_main.main:677] - Waiting for mode change to: AUTO
2025-06-19 20:45:23,792 - SUAS - DEBUG - [SUAS_main.main:677] - Waiting for mode change to: AUTO
2025-06-19 20:45:24,293 - SUAS - DEBUG - [SUAS_main.main:677] - Waiting for mode change to: AUTO
2025-06-19 20:45:24,795 - SUAS - DEBUG - [SUAS_main.main:677] - Waiting for mode change to: AUTO
2025-06-19 20:45:25,296 - SUAS - DEBUG - [SUAS_main.main:677] - Waiting for mode change to: AUTO
2025-06-19 20:45:25,797 - SUAS - DEBUG - [SUAS_main.main:677] - Waiting for mode change to: AUTO
2025-06-19 20:45:26,299 - SUAS - DEBUG - [SUAS_main.main:677] - Waiting for mode change to: AUTO
2025-06-19 20:45:26,800 - SUAS - DEBUG - [SUAS_main.main:677] - Waiting for mode change to: AUTO
2025-06-19 20:45:27,301 - SUAS - DEBUG - [SUAS_main.main:677] - Waiting for mode change to: AUTO
2025-06-19 20:45:27,803 - SUAS - DEBUG - [SUAS_main.main:677] - Waiting for mode change to: AUTO
2025-06-19 20:45:28,304 - SUAS - DEBUG - [SUAS_main.main:677] - Waiting for mode change to: AUTO
2025-06-19 20:45:28,805 - SUAS - DEBUG - [SUAS_main.main:677] - Waiting for mode change to: AUTO
2025-06-19 20:45:29,307 - SUAS - DEBUG - [SUAS_main.main:677] - Waiting for mode change to: AUTO
2025-06-19 20:45:29,808 - SUAS - DEBUG - [SUAS_main.main:677] - Waiting for mode change to: AUTO
2025-06-19 20:45:30,310 - SUAS - DEBUG - [SUAS_main.main:677] - Waiting for mode change to: AUTO
2025-06-19 20:45:30,811 - SUAS - DEBUG - [SUAS_main.main:677] - Waiting for mode change to: AUTO
2025-06-19 20:45:31,313 - SUAS - DEBUG - [SUAS_main.main:677] - Waiting for mode change to: AUTO
2025-06-19 20:45:31,815 - SUAS - DEBUG - [SUAS_main.main:677] - Waiting for mode change to: AUTO
2025-06-19 20:45:32,316 - SUAS - DEBUG - [SUAS_main.main:677] - Waiting for mode change to: AUTO
2025-06-19 20:45:32,817 - SUAS - DEBUG - [SUAS_main.main:677] - Waiting for mode change to: AUTO
2025-06-19 20:45:33,319 - SUAS - DEBUG - [SUAS_main.main:677] - Waiting for mode change to: AUTO
2025-06-19 20:45:33,820 - SUAS - DEBUG - [SUAS_main.main:677] - Waiting for mode change to: AUTO
2025-06-19 20:45:34,321 - SUAS - DEBUG - [SUAS_main.main:677] - Waiting for mode change to: AUTO
2025-06-19 20:45:34,823 - SUAS - DEBUG - [SUAS_main.main:677] - Waiting for mode change to: AUTO
2025-06-19 20:45:35,324 - SUAS - DEBUG - [SUAS_main.main:677] - Waiting for mode change to: AUTO
2025-06-19 20:45:35,825 - SUAS - DEBUG - [SUAS_main.main:677] - Waiting for mode change to: AUTO
2025-06-19 20:45:36,327 - SUAS - DEBUG - [SUAS_main.main:677] - Waiting for mode change to: AUTO
2025-06-19 20:45:36,828 - SUAS - DEBUG - [SUAS_main.main:677] - Waiting for mode change to: AUTO
2025-06-19 20:45:37,329 - SUAS - DEBUG - [SUAS_main.main:677] - Waiting for mode change to: AUTO
2025-06-19 20:45:37,831 - SUAS - DEBUG - [SUAS_main.main:677] - Waiting for mode change to: AUTO
2025-06-19 20:45:38,333 - SUAS - DEBUG - [SUAS_main.main:677] - Waiting for mode change to: AUTO
2025-06-19 20:45:38,834 - SUAS - DEBUG - [SUAS_main.main:677] - Waiting for mode change to: AUTO
2025-06-19 20:45:39,336 - SUAS - DEBUG - [SUAS_main.main:677] - Waiting for mode change to: AUTO
2025-06-19 20:45:39,837 - SUAS - DEBUG - [SUAS_main.main:677] - Waiting for mode change to: AUTO
2025-06-19 20:45:40,339 - SUAS - DEBUG - [SUAS_main.main:677] - Waiting for mode change to: AUTO
2025-06-19 20:45:40,840 - SUAS - DEBUG - [SUAS_main.main:677] - Waiting for mode change to: AUTO
2025-06-19 20:45:41,341 - SUAS - DEBUG - [SUAS_main.main:677] - Waiting for mode change to: AUTO
2025-06-19 20:45:41,843 - SUAS - DEBUG - [SUAS_main.main:677] - Waiting for mode change to: AUTO
2025-06-19 20:45:42,344 - SUAS - DEBUG - [SUAS_main.main:677] - Waiting for mode change to: AUTO
2025-06-19 20:45:42,845 - SUAS - DEBUG - [SUAS_main.main:677] - Waiting for mode change to: AUTO
2025-06-19 20:45:43,347 - SUAS - DEBUG - [SUAS_main.main:677] - Waiting for mode change to: AUTO
2025-06-19 20:45:43,848 - SUAS - DEBUG - [SUAS_main.main:677] - Waiting for mode change to: AUTO
2025-06-19 20:45:44,349 - SUAS - DEBUG - [SUAS_main.main:677] - Waiting for mode change to: AUTO
2025-06-19 20:45:44,851 - SUAS - DEBUG - [SUAS_main.main:677] - Waiting for mode change to: AUTO
2025-06-19 20:45:45,353 - SUAS - DEBUG - [SUAS_main.main:677] - Waiting for mode change to: AUTO
2025-06-19 20:45:45,854 - SUAS - DEBUG - [SUAS_main.main:677] - Waiting for mode change to: AUTO
2025-06-19 20:45:46,356 - SUAS - DEBUG - [SUAS_main.main:677] - Waiting for mode change to: AUTO
2025-06-19 20:45:46,857 - SUAS - DEBUG - [SUAS_main.main:677] - Waiting for mode change to: AUTO
2025-06-19 20:45:47,359 - SUAS - DEBUG - [SUAS_main.main:677] - Waiting for mode change to: AUTO
2025-06-19 20:45:47,860 - SUAS - DEBUG - [SUAS_main.main:677] - Waiting for mode change to: AUTO
2025-06-19 20:45:48,361 - SUAS - DEBUG - [SUAS_main.main:677] - Waiting for mode change to: AUTO
2025-06-19 20:45:48,863 - SUAS - DEBUG - [SUAS_main.main:677] - Waiting for mode change to: AUTO
2025-06-19 20:45:49,364 - SUAS - DEBUG - [SUAS_main.main:677] - Waiting for mode change to: AUTO
2025-06-19 20:45:49,865 - SUAS - DEBUG - [SUAS_main.main:677] - Waiting for mode change to: AUTO
2025-06-19 20:45:50,367 - SUAS - DEBUG - [SUAS_main.main:677] - Waiting for mode change to: AUTO
2025-06-19 20:45:50,868 - SUAS - DEBUG - [SUAS_main.main:677] - Waiting for mode change to: AUTO
2025-06-19 20:45:51,370 - SUAS - DEBUG - [SUAS_main.main:677] - Waiting for mode change to: AUTO
2025-06-19 20:45:51,872 - SUAS - DEBUG - [SUAS_main.main:677] - Waiting for mode change to: AUTO
2025-06-19 20:45:52,373 - SUAS - DEBUG - [SUAS_main.main:677] - Waiting for mode change to: AUTO
2025-06-19 20:45:52,875 - SUAS - DEBUG - [SUAS_main.main:677] - Waiting for mode change to: AUTO
2025-06-19 20:45:53,376 - SUAS - DEBUG - [SUAS_main.main:677] - Waiting for mode change to: AUTO
2025-06-19 20:45:53,877 - SUAS - DEBUG - [SUAS_main.main:677] - Waiting for mode change to: AUTO
2025-06-19 20:45:54,379 - SUAS - DEBUG - [SUAS_main.main:677] - Waiting for mode change to: AUTO
2025-06-19 20:45:54,880 - SUAS - DEBUG - [SUAS_main.main:677] - Waiting for mode change to: AUTO
2025-06-19 20:45:55,381 - SUAS - DEBUG - [SUAS_main.main:677] - Waiting for mode change to: AUTO
2025-06-19 20:45:55,883 - SUAS - DEBUG - [SUAS_main.main:677] - Waiting for mode change to: AUTO
2025-06-19 20:45:56,384 - SUAS - DEBUG - [SUAS_main.main:677] - Waiting for mode change to: AUTO
2025-06-19 20:45:56,885 - SUAS - DEBUG - [SUAS_main.main:677] - Waiting for mode change to: AUTO
2025-06-19 20:45:57,387 - SUAS - DEBUG - [SUAS_main.main:677] - Waiting for mode change to: AUTO
2025-06-19 20:45:57,888 - SUAS - DEBUG - [SUAS_main.main:677] - Waiting for mode change to: AUTO
2025-06-19 20:45:58,390 - SUAS - DEBUG - [SUAS_main.main:677] - Waiting for mode change to: AUTO
2025-06-19 20:45:58,892 - SUAS - DEBUG - [SUAS_main.main:677] - Waiting for mode change to: AUTO
2025-06-19 20:45:59,393 - SUAS - DEBUG - [SUAS_main.main:677] - Waiting for mode change to: AUTO
2025-06-19 20:45:59,895 - SUAS - DEBUG - [SUAS_main.main:677] - Waiting for mode change to: AUTO
2025-06-19 20:46:00,396 - SUAS - DEBUG - [SUAS_main.main:677] - Waiting for mode change to: AUTO
2025-06-19 20:46:00,897 - SUAS - DEBUG - [SUAS_main.main:677] - Waiting for mode change to: AUTO
2025-06-19 20:46:01,399 - SUAS - DEBUG - [SUAS_main.main:677] - Waiting for mode change to: AUTO
2025-06-19 20:46:01,900 - SUAS - DEBUG - [SUAS_main.main:677] - Waiting for mode change to: AUTO
2025-06-19 20:46:02,401 - SUAS - DEBUG - [SUAS_main.main:677] - Waiting for mode change to: AUTO
2025-06-19 20:46:02,903 - SUAS - DEBUG - [SUAS_main.main:677] - Waiting for mode change to: AUTO
2025-06-19 20:46:03,404 - SUAS - DEBUG - [SUAS_main.main:677] - Waiting for mode change to: AUTO
2025-06-19 20:46:03,905 - SUAS - DEBUG - [SUAS_main.main:677] - Waiting for mode change to: AUTO
2025-06-19 20:46:04,407 - SUAS - DEBUG - [SUAS_main.main:677] - Waiting for mode change to: AUTO
2025-06-19 20:46:04,908 - SUAS - DEBUG - [SUAS_main.main:677] - Waiting for mode change to: AUTO
2025-06-19 20:46:05,409 - SUAS - DEBUG - [SUAS_main.main:677] - Waiting for mode change to: AUTO
2025-06-19 20:46:05,911 - SUAS - DEBUG - [SUAS_main.main:677] - Waiting for mode change to: AUTO
2025-06-19 20:46:06,412 - SUAS - DEBUG - [SUAS_main.main:677] - Waiting for mode change to: AUTO
2025-06-19 20:46:06,914 - SUAS - DEBUG - [SUAS_main.main:677] - Waiting for mode change to: AUTO
2025-06-19 20:46:07,415 - SUAS - DEBUG - [SUAS_main.main:677] - Waiting for mode change to: AUTO
2025-06-19 20:46:07,917 - SUAS - DEBUG - [SUAS_main.main:677] - Waiting for mode change to: AUTO
2025-06-19 20:46:08,418 - SUAS - DEBUG - [SUAS_main.main:677] - Waiting for mode change to: AUTO
2025-06-19 20:46:08,920 - SUAS - DEBUG - [SUAS_main.main:677] - Waiting for mode change to: AUTO
2025-06-19 20:46:09,421 - SUAS - DEBUG - [SUAS_main.main:677] - Waiting for mode change to: AUTO
2025-06-19 20:46:09,923 - SUAS - DEBUG - [SUAS_main.main:677] - Waiting for mode change to: AUTO
2025-06-19 20:46:10,424 - SUAS - DEBUG - [SUAS_main.main:677] - Waiting for mode change to: AUTO
2025-06-19 20:46:10,925 - SUAS - DEBUG - [SUAS_main.main:677] - Waiting for mode change to: AUTO
2025-06-19 20:46:11,427 - SUAS - DEBUG - [SUAS_main.main:677] - Waiting for mode change to: AUTO
2025-06-19 20:46:11,928 - SUAS - DEBUG - [SUAS_main.main:677] - Waiting for mode change to: AUTO
2025-06-19 20:46:12,430 - SUAS - DEBUG - [SUAS_main.main:677] - Waiting for mode change to: AUTO
2025-06-19 20:46:12,931 - SUAS - DEBUG - [SUAS_main.main:677] - Waiting for mode change to: AUTO
2025-06-19 20:46:13,433 - SUAS - DEBUG - [SUAS_main.main:677] - Waiting for mode change to: AUTO
2025-06-19 20:46:13,934 - SUAS - DEBUG - [SUAS_main.main:677] - Waiting for mode change to: AUTO
2025-06-19 20:46:14,436 - SUAS - DEBUG - [SUAS_main.main:677] - Waiting for mode change to: AUTO
2025-06-19 20:46:14,937 - SUAS - DEBUG - [SUAS_main.main:677] - Waiting for mode change to: AUTO
2025-06-19 20:46:15,439 - SUAS - DEBUG - [SUAS_main.main:677] - Waiting for mode change to: AUTO
2025-06-19 20:46:15,940 - SUAS - DEBUG - [SUAS_main.main:677] - Waiting for mode change to: AUTO
2025-06-19 20:46:16,441 - SUAS - DEBUG - [SUAS_main.main:677] - Waiting for mode change to: AUTO
2025-06-19 20:46:16,943 - SUAS - DEBUG - [SUAS_main.main:677] - Waiting for mode change to: AUTO
2025-06-19 20:46:17,444 - SUAS - DEBUG - [SUAS_main.main:677] - Waiting for mode change to: AUTO
2025-06-19 20:46:17,945 - SUAS - DEBUG - [SUAS_main.main:677] - Waiting for mode change to: AUTO
2025-06-19 20:46:18,447 - SUAS - DEBUG - [SUAS_main.main:677] - Waiting for mode change to: AUTO
2025-06-19 20:46:18,948 - SUAS - DEBUG - [SUAS_main.main:677] - Waiting for mode change to: AUTO
2025-06-19 20:46:19,449 - SUAS - DEBUG - [SUAS_main.main:677] - Waiting for mode change to: AUTO
2025-06-19 20:46:19,951 - SUAS - DEBUG - [SUAS_main.main:677] - Waiting for mode change to: AUTO
2025-06-19 20:46:20,452 - SUAS - DEBUG - [SUAS_main.main:677] - Waiting for mode change to: AUTO
2025-06-19 20:46:20,953 - SUAS - DEBUG - [SUAS_main.main:677] - Waiting for mode change to: AUTO
2025-06-19 20:46:21,455 - SUAS - DEBUG - [SUAS_main.main:677] - Waiting for mode change to: AUTO
2025-06-19 20:46:21,956 - SUAS - DEBUG - [SUAS_main.main:677] - Waiting for mode change to: AUTO
2025-06-19 20:46:22,458 - SUAS - DEBUG - [SUAS_main.main:677] - Waiting for mode change to: AUTO
2025-06-19 20:46:22,959 - SUAS - DEBUG - [SUAS_main.main:677] - Waiting for mode change to: AUTO
2025-06-19 20:46:23,461 - SUAS - DEBUG - [SUAS_main.main:677] - Waiting for mode change to: AUTO
2025-06-19 20:46:23,962 - SUAS - DEBUG - [SUAS_main.main:677] - Waiting for mode change to: AUTO
2025-06-19 20:46:24,464 - SUAS - DEBUG - [SUAS_main.main:677] - Waiting for mode change to: AUTO
2025-06-19 20:46:24,965 - SUAS - DEBUG - [SUAS_main.main:677] - Waiting for mode change to: AUTO
2025-06-19 20:46:25,466 - SUAS - DEBUG - [SUAS_main.main:677] - Waiting for mode change to: AUTO
2025-06-19 20:46:25,968 - SUAS - DEBUG - [SUAS_main.main:677] - Waiting for mode change to: AUTO
2025-06-19 20:46:26,469 - SUAS - DEBUG - [SUAS_main.main:677] - Waiting for mode change to: AUTO
2025-06-19 20:46:26,971 - SUAS - DEBUG - [SUAS_main.main:677] - Waiting for mode change to: AUTO
2025-06-19 20:46:27,473 - SUAS - DEBUG - [SUAS_main.main:677] - Waiting for mode change to: AUTO
2025-06-19 20:46:27,974 - SUAS - DEBUG - [SUAS_main.main:677] - Waiting for mode change to: AUTO
2025-06-19 20:46:28,476 - SUAS - DEBUG - [SUAS_main.main:677] - Waiting for mode change to: AUTO
2025-06-19 20:46:28,977 - SUAS - DEBUG - [SUAS_main.main:677] - Waiting for mode change to: AUTO
2025-06-19 20:46:29,479 - SUAS - DEBUG - [SUAS_main.main:677] - Waiting for mode change to: AUTO
2025-06-19 20:46:29,980 - SUAS - DEBUG - [SUAS_main.main:677] - Waiting for mode change to: AUTO
2025-06-19 20:46:30,481 - SUAS - DEBUG - [SUAS_main.main:677] - Waiting for mode change to: AUTO
2025-06-19 20:46:30,983 - SUAS - DEBUG - [SUAS_main.main:677] - Waiting for mode change to: AUTO
2025-06-19 20:46:31,484 - SUAS - DEBUG - [SUAS_main.main:677] - Waiting for mode change to: AUTO
2025-06-19 20:46:31,985 - SUAS - DEBUG - [SUAS_main.main:677] - Waiting for mode change to: AUTO
2025-06-19 20:46:32,487 - SUAS - DEBUG - [SUAS_main.main:677] - Waiting for mode change to: AUTO
2025-06-19 20:46:32,988 - SUAS - DEBUG - [SUAS_main.main:677] - Waiting for mode change to: AUTO
2025-06-19 20:46:33,490 - SUAS - DEBUG - [SUAS_main.main:677] - Waiting for mode change to: AUTO
2025-06-19 20:46:33,991 - SUAS - DEBUG - [SUAS_main.main:677] - Waiting for mode change to: AUTO
2025-06-19 20:46:34,493 - SUAS - DEBUG - [SUAS_main.main:677] - Waiting for mode change to: AUTO
2025-06-19 20:46:34,995 - SUAS - DEBUG - [SUAS_main.main:677] - Waiting for mode change to: AUTO
2025-06-19 20:46:35,496 - SUAS - DEBUG - [SUAS_main.main:677] - Waiting for mode change to: AUTO
2025-06-19 20:46:35,997 - SUAS - DEBUG - [SUAS_main.main:677] - Waiting for mode change to: AUTO
2025-06-19 20:46:36,499 - SUAS - DEBUG - [SUAS_main.main:677] - Waiting for mode change to: AUTO
2025-06-19 20:46:37,000 - SUAS - DEBUG - [SUAS_main.main:677] - Waiting for mode change to: AUTO
2025-06-19 20:46:37,501 - SUAS - DEBUG - [SUAS_main.main:677] - Waiting for mode change to: AUTO
2025-06-19 20:46:38,003 - SUAS - DEBUG - [SUAS_main.main:677] - Waiting for mode change to: AUTO
2025-06-19 20:46:38,504 - SUAS - DEBUG - [SUAS_main.main:677] - Waiting for mode change to: AUTO
2025-06-19 20:46:39,005 - SUAS - DEBUG - [SUAS_main.main:677] - Waiting for mode change to: AUTO
2025-06-19 20:46:39,507 - SUAS - DEBUG - [SUAS_main.main:677] - Waiting for mode change to: AUTO
2025-06-19 20:46:40,008 - SUAS - DEBUG - [SUAS_main.main:677] - Waiting for mode change to: AUTO
2025-06-19 20:46:40,509 - SUAS - DEBUG - [SUAS_main.main:677] - Waiting for mode change to: AUTO
2025-06-19 20:46:41,011 - SUAS - DEBUG - [SUAS_main.main:677] - Waiting for mode change to: AUTO
2025-06-19 20:46:41,513 - SUAS - DEBUG - [SUAS_main.main:677] - Waiting for mode change to: AUTO
2025-06-19 20:46:42,014 - SUAS - DEBUG - [SUAS_main.main:677] - Waiting for mode change to: AUTO
2025-06-19 20:46:42,516 - SUAS - DEBUG - [SUAS_main.main:677] - Waiting for mode change to: AUTO
2025-06-19 20:46:43,017 - SUAS - DEBUG - [SUAS_main.main:677] - Waiting for mode change to: AUTO
2025-06-19 20:46:43,519 - SUAS - DEBUG - [SUAS_main.main:677] - Waiting for mode change to: AUTO
2025-06-19 20:46:44,020 - SUAS - DEBUG - [SUAS_main.main:677] - Waiting for mode change to: AUTO
2025-06-19 20:46:44,521 - SUAS - DEBUG - [SUAS_main.main:677] - Waiting for mode change to: AUTO
2025-06-19 20:46:45,023 - SUAS - DEBUG - [SUAS_main.main:677] - Waiting for mode change to: AUTO
2025-06-19 20:46:45,524 - SUAS - DEBUG - [SUAS_main.main:677] - Waiting for mode change to: AUTO
2025-06-19 20:46:46,025 - SUAS - DEBUG - [SUAS_main.main:677] - Waiting for mode change to: AUTO
2025-06-19 20:46:46,527 - SUAS - DEBUG - [SUAS_main.main:677] - Waiting for mode change to: AUTO
2025-06-19 20:46:47,028 - SUAS - DEBUG - [SUAS_main.main:677] - Waiting for mode change to: AUTO
2025-06-19 20:46:47,529 - SUAS - DEBUG - [SUAS_main.main:677] - Waiting for mode change to: AUTO
2025-06-19 20:46:48,031 - SUAS - DEBUG - [SUAS_main.main:677] - Waiting for mode change to: AUTO
2025-06-19 20:46:48,533 - SUAS - DEBUG - [SUAS_main.main:677] - Waiting for mode change to: AUTO
2025-06-19 20:46:49,034 - SUAS - DEBUG - [SUAS_main.main:677] - Waiting for mode change to: AUTO
2025-06-19 20:46:49,536 - SUAS - DEBUG - [SUAS_main.main:677] - Waiting for mode change to: AUTO
2025-06-19 20:46:50,037 - SUAS - DEBUG - [SUAS_main.main:677] - Waiting for mode change to: AUTO
2025-06-19 20:46:50,539 - SUAS - DEBUG - [SUAS_main.main:677] - Waiting for mode change to: AUTO
2025-06-19 20:46:51,040 - SUAS - DEBUG - [SUAS_main.main:677] - Waiting for mode change to: AUTO
2025-06-19 20:46:51,541 - SUAS - DEBUG - [SUAS_main.main:677] - Waiting for mode change to: AUTO
2025-06-19 20:46:52,043 - SUAS - DEBUG - [SUAS_main.main:677] - Waiting for mode change to: AUTO
2025-06-19 20:46:52,544 - SUAS - DEBUG - [SUAS_main.main:677] - Waiting for mode change to: AUTO
2025-06-19 20:46:53,045 - SUAS - DEBUG - [SUAS_main.main:677] - Waiting for mode change to: AUTO
2025-06-19 20:46:53,547 - SUAS - DEBUG - [SUAS_main.main:677] - Waiting for mode change to: AUTO
2025-06-19 20:46:54,048 - SUAS - DEBUG - [SUAS_main.main:677] - Waiting for mode change to: AUTO
2025-06-19 20:46:54,549 - SUAS - DEBUG - [SUAS_main.main:677] - Waiting for mode change to: AUTO
2025-06-19 20:46:55,051 - SUAS - DEBUG - [SUAS_main.main:677] - Waiting for mode change to: AUTO
2025-06-19 20:46:55,552 - SUAS - DEBUG - [SUAS_main.main:677] - Waiting for mode change to: AUTO
2025-06-19 20:46:56,054 - SUAS - DEBUG - [SUAS_main.main:677] - Waiting for mode change to: AUTO
2025-06-19 20:46:56,555 - SUAS - DEBUG - [SUAS_main.main:677] - Waiting for mode change to: AUTO
2025-06-19 20:46:57,056 - SUAS - DEBUG - [SUAS_main.main:677] - Waiting for mode change to: AUTO
2025-06-19 20:46:57,558 - SUAS - DEBUG - [SUAS_main.main:677] - Waiting for mode change to: AUTO
2025-06-19 20:46:58,059 - SUAS - DEBUG - [SUAS_main.main:677] - Waiting for mode change to: AUTO
2025-06-19 20:46:58,561 - SUAS - DEBUG - [SUAS_main.main:677] - Waiting for mode change to: AUTO
2025-06-19 20:46:59,062 - SUAS - DEBUG - [SUAS_main.main:677] - Waiting for mode change to: AUTO
2025-06-19 20:46:59,564 - SUAS - DEBUG - [SUAS_main.main:677] - Waiting for mode change to: AUTO
2025-06-19 20:47:00,065 - SUAS - DEBUG - [SUAS_main.main:677] - Waiting for mode change to: AUTO
2025-06-19 20:47:00,566 - SUAS - DEBUG - [SUAS_main.main:677] - Waiting for mode change to: AUTO
2025-06-19 20:47:01,068 - SUAS - DEBUG - [SUAS_main.main:677] - Waiting for mode change to: AUTO
2025-06-19 20:47:01,569 - SUAS - DEBUG - [SUAS_main.main:677] - Waiting for mode change to: AUTO
2025-06-19 20:47:02,071 - SUAS - DEBUG - [SUAS_main.main:677] - Waiting for mode change to: AUTO
2025-06-19 20:47:02,573 - SUAS - DEBUG - [SUAS_main.main:677] - Waiting for mode change to: AUTO
2025-06-19 20:47:03,074 - SUAS - DEBUG - [SUAS_main.main:677] - Waiting for mode change to: AUTO
2025-06-19 20:47:03,576 - SUAS - DEBUG - [SUAS_main.main:677] - Waiting for mode change to: AUTO
2025-06-19 20:47:04,077 - SUAS - DEBUG - [SUAS_main.main:677] - Waiting for mode change to: AUTO
2025-06-19 20:47:04,579 - SUAS - DEBUG - [SUAS_main.main:677] - Waiting for mode change to: AUTO
2025-06-19 20:47:05,080 - SUAS - DEBUG - [SUAS_main.main:677] - Waiting for mode change to: AUTO
2025-06-19 20:47:05,581 - SUAS - DEBUG - [SUAS_main.main:677] - Waiting for mode change to: AUTO
2025-06-19 20:47:06,083 - SUAS - DEBUG - [SUAS_main.main:677] - Waiting for mode change to: AUTO
2025-06-19 20:47:06,584 - SUAS - DEBUG - [SUAS_main.main:677] - Waiting for mode change to: AUTO
2025-06-19 20:47:07,085 - SUAS - DEBUG - [SUAS_main.main:677] - Waiting for mode change to: AUTO
2025-06-19 20:47:07,587 - SUAS - DEBUG - [SUAS_main.main:677] - Waiting for mode change to: AUTO
2025-06-19 20:47:08,088 - SUAS - DEBUG - [SUAS_main.main:677] - Waiting for mode change to: AUTO
2025-06-19 20:47:08,589 - SUAS - DEBUG - [SUAS_main.main:677] - Waiting for mode change to: AUTO
2025-06-19 20:47:09,091 - SUAS - DEBUG - [SUAS_main.main:677] - Waiting for mode change to: AUTO
2025-06-19 20:47:09,592 - SUAS - DEBUG - [SUAS_main.main:677] - Waiting for mode change to: AUTO
2025-06-19 20:47:10,094 - SUAS - DEBUG - [SUAS_main.main:677] - Waiting for mode change to: AUTO
2025-06-19 20:47:10,595 - SUAS - DEBUG - [SUAS_main.main:677] - Waiting for mode change to: AUTO
2025-06-19 20:47:11,097 - SUAS - DEBUG - [SUAS_main.main:677] - Waiting for mode change to: AUTO
2025-06-19 20:47:11,598 - SUAS - DEBUG - [SUAS_main.main:677] - Waiting for mode change to: AUTO
2025-06-19 20:47:12,100 - SUAS - DEBUG - [SUAS_main.main:677] - Waiting for mode change to: AUTO
2025-06-19 20:47:12,601 - SUAS - DEBUG - [SUAS_main.main:677] - Waiting for mode change to: AUTO
2025-06-19 20:47:13,103 - SUAS - DEBUG - [SUAS_main.main:677] - Waiting for mode change to: AUTO
2025-06-19 20:47:13,604 - SUAS - DEBUG - [SUAS_main.main:677] - Waiting for mode change to: AUTO
2025-06-19 20:47:14,105 - SUAS - DEBUG - [SUAS_main.main:677] - Waiting for mode change to: AUTO
2025-06-19 20:47:14,607 - SUAS - DEBUG - [SUAS_main.main:677] - Waiting for mode change to: AUTO
2025-06-19 20:47:15,108 - SUAS - DEBUG - [SUAS_main.main:677] - Waiting for mode change to: AUTO
2025-06-19 20:47:15,610 - SUAS - DEBUG - [SUAS_main.main:677] - Waiting for mode change to: AUTO
2025-06-19 20:47:16,112 - SUAS - DEBUG - [SUAS_main.main:677] - Waiting for mode change to: AUTO
2025-06-19 20:47:16,613 - SUAS - DEBUG - [SUAS_main.main:677] - Waiting for mode change to: AUTO
2025-06-19 20:47:17,115 - SUAS - DEBUG - [SUAS_main.main:677] - Waiting for mode change to: AUTO
2025-06-19 20:47:17,616 - SUAS - DEBUG - [SUAS_main.main:677] - Waiting for mode change to: AUTO
2025-06-19 20:47:18,117 - SUAS - DEBUG - [SUAS_main.main:677] - Waiting for mode change to: AUTO
2025-06-19 20:47:18,619 - SUAS - DEBUG - [SUAS_main.main:677] - Waiting for mode change to: AUTO
2025-06-19 20:47:19,120 - SUAS - DEBUG - [SUAS_main.main:677] - Waiting for mode change to: AUTO
2025-06-19 20:47:19,622 - SUAS - DEBUG - [SUAS_main.main:677] - Waiting for mode change to: AUTO
2025-06-19 20:47:20,123 - SUAS - DEBUG - [SUAS_main.main:677] - Waiting for mode change to: AUTO
2025-06-19 20:47:20,625 - SUAS - DEBUG - [SUAS_main.main:677] - Waiting for mode change to: AUTO
2025-06-19 20:47:21,126 - SUAS - DEBUG - [SUAS_main.main:677] - Waiting for mode change to: AUTO
2025-06-19 20:47:21,628 - SUAS - DEBUG - [SUAS_main.main:677] - Waiting for mode change to: AUTO
2025-06-19 20:47:22,129 - SUAS - DEBUG - [SUAS_main.main:677] - Waiting for mode change to: AUTO
2025-06-19 20:47:22,631 - SUAS - DEBUG - [SUAS_main.main:677] - Waiting for mode change to: AUTO
2025-06-19 20:47:23,132 - SUAS - DEBUG - [SUAS_main.main:677] - Waiting for mode change to: AUTO
2025-06-19 20:47:23,633 - SUAS - DEBUG - [SUAS_main.main:677] - Waiting for mode change to: AUTO
2025-06-19 20:47:24,135 - SUAS - DEBUG - [SUAS_main.main:677] - Waiting for mode change to: AUTO
2025-06-19 20:47:24,636 - SUAS - DEBUG - [SUAS_main.main:677] - Waiting for mode change to: AUTO
2025-06-19 20:47:25,138 - SUAS - DEBUG - [SUAS_main.main:677] - Waiting for mode change to: AUTO
2025-06-19 20:47:25,639 - SUAS - DEBUG - [SUAS_main.main:677] - Waiting for mode change to: AUTO
2025-06-19 20:47:26,141 - SUAS - DEBUG - [SUAS_main.main:677] - Waiting for mode change to: AUTO
2025-06-19 20:47:26,642 - SUAS - DEBUG - [SUAS_main.main:677] - Waiting for mode change to: AUTO
2025-06-19 20:47:27,144 - SUAS - DEBUG - [SUAS_main.main:677] - Waiting for mode change to: AUTO
2025-06-19 20:47:27,645 - SUAS - DEBUG - [SUAS_main.main:677] - Waiting for mode change to: AUTO
2025-06-19 20:47:28,146 - SUAS - DEBUG - [SUAS_main.main:677] - Waiting for mode change to: AUTO
2025-06-19 20:47:28,648 - SUAS - DEBUG - [SUAS_main.main:677] - Waiting for mode change to: AUTO
2025-06-19 20:47:29,149 - SUAS - DEBUG - [SUAS_main.main:677] - Waiting for mode change to: AUTO
2025-06-19 20:47:29,651 - SUAS - DEBUG - [SUAS_main.main:677] - Waiting for mode change to: AUTO
2025-06-19 20:47:30,152 - SUAS - DEBUG - [SUAS_main.main:677] - Waiting for mode change to: AUTO
2025-06-19 20:47:30,653 - SUAS - DEBUG - [SUAS_main.main:677] - Waiting for mode change to: AUTO
2025-06-19 20:47:31,155 - SUAS - DEBUG - [SUAS_main.main:677] - Waiting for mode change to: AUTO
2025-06-19 20:47:31,656 - SUAS - DEBUG - [SUAS_main.main:677] - Waiting for mode change to: AUTO
2025-06-19 20:47:32,157 - SUAS - DEBUG - [SUAS_main.main:677] - Waiting for mode change to: AUTO
2025-06-19 20:47:32,659 - SUAS - DEBUG - [SUAS_main.main:677] - Waiting for mode change to: AUTO
2025-06-19 20:47:33,160 - SUAS - DEBUG - [SUAS_main.main:677] - Waiting for mode change to: AUTO
2025-06-19 20:47:33,661 - SUAS - DEBUG - [SUAS_main.main:677] - Waiting for mode change to: AUTO
2025-06-19 20:47:34,163 - SUAS - DEBUG - [SUAS_main.main:677] - Waiting for mode change to: AUTO
2025-06-19 20:47:34,664 - SUAS - DEBUG - [SUAS_main.main:677] - Waiting for mode change to: AUTO
2025-06-19 20:47:35,165 - SUAS - DEBUG - [SUAS_main.main:677] - Waiting for mode change to: AUTO
2025-06-19 20:47:35,667 - SUAS - DEBUG - [SUAS_main.main:677] - Waiting for mode change to: AUTO
2025-06-19 20:47:36,168 - SUAS - DEBUG - [SUAS_main.main:677] - Waiting for mode change to: AUTO
2025-06-19 20:47:36,669 - SUAS - DEBUG - [SUAS_main.main:677] - Waiting for mode change to: AUTO
2025-06-19 20:47:37,171 - SUAS - DEBUG - [SUAS_main.main:677] - Waiting for mode change to: AUTO
2025-06-19 20:47:37,672 - SUAS - DEBUG - [SUAS_main.main:677] - Waiting for mode change to: AUTO
2025-06-19 20:47:38,174 - SUAS - DEBUG - [SUAS_main.main:677] - Waiting for mode change to: AUTO
2025-06-19 20:47:38,676 - SUAS - DEBUG - [SUAS_main.main:677] - Waiting for mode change to: AUTO
2025-06-19 20:47:39,177 - SUAS - DEBUG - [SUAS_main.main:677] - Waiting for mode change to: AUTO
2025-06-19 20:47:39,678 - SUAS - DEBUG - [SUAS_main.main:677] - Waiting for mode change to: AUTO
2025-06-19 20:47:40,180 - SUAS - DEBUG - [SUAS_main.main:677] - Waiting for mode change to: AUTO
2025-06-19 20:47:40,681 - SUAS - DEBUG - [SUAS_main.main:677] - Waiting for mode change to: AUTO
2025-06-19 20:47:41,183 - SUAS - DEBUG - [SUAS_main.main:677] - Waiting for mode change to: AUTO
2025-06-19 20:47:41,684 - SUAS - DEBUG - [SUAS_main.main:677] - Waiting for mode change to: AUTO
2025-06-19 20:47:42,185 - SUAS - DEBUG - [SUAS_main.main:677] - Waiting for mode change to: AUTO
2025-06-19 20:47:42,687 - SUAS - DEBUG - [SUAS_main.main:677] - Waiting for mode change to: AUTO
2025-06-19 20:47:43,188 - SUAS - DEBUG - [SUAS_main.main:677] - Waiting for mode change to: AUTO
2025-06-19 20:47:43,689 - SUAS - DEBUG - [SUAS_main.main:677] - Waiting for mode change to: AUTO
2025-06-19 20:47:44,191 - SUAS - DEBUG - [SUAS_main.main:677] - Waiting for mode change to: AUTO
2025-06-19 20:47:44,692 - SUAS - DEBUG - [SUAS_main.main:677] - Waiting for mode change to: AUTO
2025-06-19 20:47:45,194 - SUAS - DEBUG - [SUAS_main.main:677] - Waiting for mode change to: AUTO
2025-06-19 20:47:45,695 - SUAS - DEBUG - [SUAS_main.main:677] - Waiting for mode change to: AUTO
2025-06-19 20:47:46,197 - SUAS - DEBUG - [SUAS_main.main:677] - Waiting for mode change to: AUTO
2025-06-19 20:47:46,698 - SUAS - DEBUG - [SUAS_main.main:677] - Waiting for mode change to: AUTO
2025-06-19 20:47:47,200 - SUAS - DEBUG - [SUAS_main.main:677] - Waiting for mode change to: AUTO
2025-06-19 20:47:47,701 - SUAS - DEBUG - [SUAS_main.main:677] - Waiting for mode change to: AUTO
2025-06-19 20:47:48,203 - SUAS - DEBUG - [SUAS_main.main:677] - Waiting for mode change to: AUTO
2025-06-19 20:47:48,704 - SUAS - DEBUG - [SUAS_main.main:677] - Waiting for mode change to: AUTO
2025-06-19 20:47:49,205 - SUAS - DEBUG - [SUAS_main.main:677] - Waiting for mode change to: AUTO
2025-06-19 20:47:49,707 - SUAS - DEBUG - [SUAS_main.main:677] - Waiting for mode change to: AUTO
2025-06-19 20:47:50,208 - SUAS - DEBUG - [SUAS_main.main:677] - Waiting for mode change to: AUTO
2025-06-19 20:47:50,709 - SUAS - DEBUG - [SUAS_main.main:677] - Waiting for mode change to: AUTO
2025-06-19 20:47:51,211 - SUAS - DEBUG - [SUAS_main.main:677] - Waiting for mode change to: AUTO
2025-06-19 20:47:51,713 - SUAS - DEBUG - [SUAS_main.main:677] - Waiting for mode change to: AUTO
2025-06-19 20:47:52,214 - SUAS - DEBUG - [SUAS_main.main:677] - Waiting for mode change to: AUTO
2025-06-19 20:47:52,716 - SUAS - DEBUG - [SUAS_main.main:677] - Waiting for mode change to: AUTO
2025-06-19 20:47:53,217 - SUAS - DEBUG - [SUAS_main.main:677] - Waiting for mode change to: AUTO
2025-06-19 20:47:53,719 - SUAS - DEBUG - [SUAS_main.main:677] - Waiting for mode change to: AUTO
2025-06-19 20:47:54,220 - SUAS - DEBUG - [SUAS_main.main:677] - Waiting for mode change to: AUTO
2025-06-19 20:47:54,721 - SUAS - DEBUG - [SUAS_main.main:677] - Waiting for mode change to: AUTO
2025-06-19 20:47:55,223 - SUAS - DEBUG - [SUAS_main.main:677] - Waiting for mode change to: AUTO
2025-06-19 20:47:55,724 - SUAS - DEBUG - [SUAS_main.main:677] - Waiting for mode change to: AUTO
2025-06-19 20:47:56,225 - SUAS - DEBUG - [SUAS_main.main:677] - Waiting for mode change to: AUTO
2025-06-19 20:47:56,727 - SUAS - DEBUG - [SUAS_main.main:677] - Waiting for mode change to: AUTO
2025-06-19 20:47:57,228 - SUAS - DEBUG - [SUAS_main.main:677] - Waiting for mode change to: AUTO
2025-06-19 20:47:57,729 - SUAS - DEBUG - [SUAS_main.main:677] - Waiting for mode change to: AUTO
2025-06-19 20:47:58,231 - SUAS - DEBUG - [SUAS_main.main:677] - Waiting for mode change to: AUTO
2025-06-19 20:47:58,732 - SUAS - DEBUG - [SUAS_main.main:677] - Waiting for mode change to: AUTO
2025-06-19 20:47:59,234 - SUAS - DEBUG - [SUAS_main.main:677] - Waiting for mode change to: AUTO
2025-06-19 20:47:59,735 - SUAS - DEBUG - [SUAS_main.main:677] - Waiting for mode change to: AUTO
2025-06-19 20:48:00,237 - SUAS - DEBUG - [SUAS_main.main:677] - Waiting for mode change to: AUTO
2025-06-19 20:48:00,739 - SUAS - DEBUG - [SUAS_main.main:677] - Waiting for mode change to: AUTO
2025-06-19 20:48:01,240 - SUAS - DEBUG - [SUAS_main.main:677] - Waiting for mode change to: AUTO
2025-06-19 20:48:01,741 - SUAS - DEBUG - [SUAS_main.main:677] - Waiting for mode change to: AUTO
2025-06-19 20:48:02,243 - SUAS - DEBUG - [SUAS_main.main:677] - Waiting for mode change to: AUTO
2025-06-19 20:48:02,744 - SUAS - DEBUG - [SUAS_main.main:677] - Waiting for mode change to: AUTO
2025-06-19 20:48:03,246 - SUAS - DEBUG - [SUAS_main.main:677] - Waiting for mode change to: AUTO
2025-06-19 20:48:03,747 - SUAS - DEBUG - [SUAS_main.main:677] - Waiting for mode change to: AUTO
2025-06-19 20:48:04,249 - SUAS - DEBUG - [SUAS_main.main:677] - Waiting for mode change to: AUTO
2025-06-19 20:48:04,750 - SUAS - DEBUG - [SUAS_main.main:677] - Waiting for mode change to: AUTO
2025-06-19 20:48:05,252 - SUAS - DEBUG - [SUAS_main.main:677] - Waiting for mode change to: AUTO
2025-06-19 20:48:05,753 - SUAS - DEBUG - [SUAS_main.main:677] - Waiting for mode change to: AUTO
2025-06-19 20:48:06,255 - SUAS - DEBUG - [SUAS_main.main:677] - Waiting for mode change to: AUTO
2025-06-19 20:48:06,756 - SUAS - DEBUG - [SUAS_main.main:677] - Waiting for mode change to: AUTO
2025-06-19 20:48:07,257 - SUAS - DEBUG - [SUAS_main.main:677] - Waiting for mode change to: AUTO
2025-06-19 20:48:07,759 - SUAS - DEBUG - [SUAS_main.main:677] - Waiting for mode change to: AUTO
2025-06-19 20:48:08,260 - SUAS - DEBUG - [SUAS_main.main:677] - Waiting for mode change to: AUTO
2025-06-19 20:48:08,762 - SUAS - DEBUG - [SUAS_main.main:677] - Waiting for mode change to: AUTO
2025-06-19 20:48:09,263 - SUAS - DEBUG - [SUAS_main.main:677] - Waiting for mode change to: AUTO
2025-06-19 20:48:09,764 - SUAS - DEBUG - [SUAS_main.main:677] - Waiting for mode change to: AUTO
2025-06-19 20:48:10,266 - SUAS - DEBUG - [SUAS_main.main:677] - Waiting for mode change to: AUTO
2025-06-19 20:48:10,767 - SUAS - DEBUG - [SUAS_main.main:677] - Waiting for mode change to: AUTO
2025-06-19 20:48:11,269 - SUAS - DEBUG - [SUAS_main.main:677] - Waiting for mode change to: AUTO
2025-06-19 20:48:11,770 - SUAS - DEBUG - [SUAS_main.main:677] - Waiting for mode change to: AUTO
2025-06-19 20:48:12,272 - SUAS - DEBUG - [SUAS_main.main:677] - Waiting for mode change to: AUTO
2025-06-19 20:48:12,773 - SUAS - DEBUG - [SUAS_main.main:677] - Waiting for mode change to: AUTO
2025-06-19 20:48:13,275 - SUAS - DEBUG - [SUAS_main.main:677] - Waiting for mode change to: AUTO
2025-06-19 20:48:13,776 - SUAS - DEBUG - [SUAS_main.main:677] - Waiting for mode change to: AUTO
2025-06-19 20:48:14,278 - SUAS - DEBUG - [SUAS_main.main:677] - Waiting for mode change to: AUTO
2025-06-19 20:48:14,779 - SUAS - DEBUG - [SUAS_main.main:677] - Waiting for mode change to: AUTO
2025-06-19 20:48:15,281 - SUAS - DEBUG - [SUAS_main.main:677] - Waiting for mode change to: AUTO
2025-06-19 20:48:15,782 - SUAS - DEBUG - [SUAS_main.main:677] - Waiting for mode change to: AUTO
2025-06-19 20:48:16,284 - SUAS - DEBUG - [SUAS_main.main:677] - Waiting for mode change to: AUTO
2025-06-19 20:48:16,785 - SUAS - DEBUG - [SUAS_main.main:677] - Waiting for mode change to: AUTO
2025-06-19 20:48:17,286 - SUAS - DEBUG - [SUAS_main.main:677] - Waiting for mode change to: AUTO
2025-06-19 20:48:17,788 - SUAS - DEBUG - [SUAS_main.main:677] - Waiting for mode change to: AUTO
2025-06-19 20:48:18,289 - SUAS - DEBUG - [SUAS_main.main:677] - Waiting for mode change to: AUTO
2025-06-19 20:48:18,791 - SUAS - DEBUG - [SUAS_main.main:677] - Waiting for mode change to: AUTO
2025-06-19 20:48:19,292 - SUAS - DEBUG - [SUAS_main.main:677] - Waiting for mode change to: AUTO
2025-06-19 20:48:19,793 - SUAS - DEBUG - [SUAS_main.main:677] - Waiting for mode change to: AUTO
2025-06-19 20:48:20,295 - SUAS - DEBUG - [SUAS_main.main:677] - Waiting for mode change to: AUTO
2025-06-19 20:48:20,796 - SUAS - DEBUG - [SUAS_main.main:677] - Waiting for mode change to: AUTO
2025-06-19 20:48:21,298 - SUAS - DEBUG - [SUAS_main.main:677] - Waiting for mode change to: AUTO
2025-06-19 20:48:21,799 - SUAS - DEBUG - [SUAS_main.main:677] - Waiting for mode change to: AUTO
2025-06-19 20:48:22,301 - SUAS - DEBUG - [SUAS_main.main:677] - Waiting for mode change to: AUTO
2025-06-19 20:48:22,802 - SUAS - DEBUG - [SUAS_main.main:677] - Waiting for mode change to: AUTO
2025-06-19 20:48:23,304 - SUAS - DEBUG - [SUAS_main.main:677] - Waiting for mode change to: AUTO
2025-06-19 20:48:23,805 - SUAS - DEBUG - [SUAS_main.main:677] - Waiting for mode change to: AUTO
2025-06-19 20:48:24,307 - SUAS - DEBUG - [SUAS_main.main:677] - Waiting for mode change to: AUTO
2025-06-19 20:48:24,808 - SUAS - DEBUG - [SUAS_main.main:677] - Waiting for mode change to: AUTO
2025-06-19 20:48:25,309 - SUAS - DEBUG - [SUAS_main.main:677] - Waiting for mode change to: AUTO
2025-06-19 20:48:25,811 - SUAS - DEBUG - [SUAS_main.main:677] - Waiting for mode change to: AUTO
2025-06-19 20:48:26,312 - SUAS - DEBUG - [SUAS_main.main:677] - Waiting for mode change to: AUTO
2025-06-19 20:48:26,814 - SUAS - DEBUG - [SUAS_main.main:677] - Waiting for mode change to: AUTO
2025-06-19 20:48:27,316 - SUAS - DEBUG - [SUAS_main.main:677] - Waiting for mode change to: AUTO
2025-06-19 20:48:27,817 - SUAS - DEBUG - [SUAS_main.main:677] - Waiting for mode change to: AUTO
2025-06-19 20:48:28,319 - SUAS - DEBUG - [SUAS_main.main:677] - Waiting for mode change to: AUTO
2025-06-19 20:48:28,820 - SUAS - DEBUG - [SUAS_main.main:677] - Waiting for mode change to: AUTO
2025-06-19 20:48:29,321 - SUAS - DEBUG - [SUAS_main.main:677] - Waiting for mode change to: AUTO
2025-06-19 20:48:29,823 - SUAS - DEBUG - [SUAS_main.main:677] - Waiting for mode change to: AUTO
2025-06-19 20:48:30,324 - SUAS - DEBUG - [SUAS_main.main:677] - Waiting for mode change to: AUTO
2025-06-19 20:48:30,825 - SUAS - DEBUG - [SUAS_main.main:677] - Waiting for mode change to: AUTO
2025-06-19 20:48:31,327 - SUAS - DEBUG - [SUAS_main.main:677] - Waiting for mode change to: AUTO
2025-06-19 20:48:31,828 - SUAS - DEBUG - [SUAS_main.main:677] - Waiting for mode change to: AUTO
2025-06-19 20:48:32,329 - SUAS - DEBUG - [SUAS_main.main:677] - Waiting for mode change to: AUTO
2025-06-19 20:48:32,831 - SUAS - DEBUG - [SUAS_main.main:677] - Waiting for mode change to: AUTO
2025-06-19 20:48:33,333 - SUAS - DEBUG - [SUAS_main.main:677] - Waiting for mode change to: AUTO
2025-06-19 20:48:33,834 - SUAS - DEBUG - [SUAS_main.main:677] - Waiting for mode change to: AUTO
2025-06-19 20:48:34,336 - SUAS - DEBUG - [SUAS_main.main:677] - Waiting for mode change to: AUTO
2025-06-19 20:48:34,837 - SUAS - DEBUG - [SUAS_main.main:677] - Waiting for mode change to: AUTO
2025-06-19 20:48:35,339 - SUAS - DEBUG - [SUAS_main.main:677] - Waiting for mode change to: AUTO
2025-06-19 20:48:35,840 - SUAS - DEBUG - [SUAS_main.main:677] - Waiting for mode change to: AUTO
2025-06-19 20:48:36,341 - SUAS - DEBUG - [SUAS_main.main:677] - Waiting for mode change to: AUTO
2025-06-19 20:48:36,843 - SUAS - DEBUG - [SUAS_main.main:677] - Waiting for mode change to: AUTO
2025-06-19 20:48:37,344 - SUAS - DEBUG - [SUAS_main.main:677] - Waiting for mode change to: AUTO
2025-06-19 20:48:37,845 - SUAS - DEBUG - [SUAS_main.main:677] - Waiting for mode change to: AUTO
2025-06-19 20:48:38,347 - SUAS - DEBUG - [SUAS_main.main:677] - Waiting for mode change to: AUTO
2025-06-19 20:48:38,848 - SUAS - DEBUG - [SUAS_main.main:677] - Waiting for mode change to: AUTO
2025-06-19 20:48:39,350 - SUAS - DEBUG - [SUAS_main.main:677] - Waiting for mode change to: AUTO
2025-06-19 20:48:39,851 - SUAS - DEBUG - [SUAS_main.main:677] - Waiting for mode change to: AUTO
2025-06-19 20:48:40,353 - SUAS - DEBUG - [SUAS_main.main:677] - Waiting for mode change to: AUTO
2025-06-19 20:48:40,855 - SUAS - DEBUG - [SUAS_main.main:677] - Waiting for mode change to: AUTO
2025-06-19 20:48:41,356 - SUAS - DEBUG - [SUAS_main.main:677] - Waiting for mode change to: AUTO
2025-06-19 20:48:41,857 - SUAS - DEBUG - [SUAS_main.main:677] - Waiting for mode change to: AUTO
2025-06-19 20:48:42,359 - SUAS - DEBUG - [SUAS_main.main:677] - Waiting for mode change to: AUTO
2025-06-19 20:48:42,860 - SUAS - DEBUG - [SUAS_main.main:677] - Waiting for mode change to: AUTO
2025-06-19 20:48:43,361 - SUAS - DEBUG - [SUAS_main.main:677] - Waiting for mode change to: AUTO
2025-06-19 20:48:43,863 - SUAS - DEBUG - [SUAS_main.main:677] - Waiting for mode change to: AUTO
2025-06-19 20:48:44,364 - SUAS - DEBUG - [SUAS_main.main:677] - Waiting for mode change to: AUTO
2025-06-19 20:48:44,865 - SUAS - DEBUG - [SUAS_main.main:677] - Waiting for mode change to: AUTO
2025-06-19 20:48:45,367 - SUAS - DEBUG - [SUAS_main.main:677] - Waiting for mode change to: AUTO
2025-06-19 20:48:45,868 - SUAS - DEBUG - [SUAS_main.main:677] - Waiting for mode change to: AUTO
2025-06-19 20:48:46,369 - SUAS - DEBUG - [SUAS_main.main:677] - Waiting for mode change to: AUTO
2025-06-19 20:48:46,871 - SUAS - DEBUG - [SUAS_main.main:677] - Waiting for mode change to: AUTO
2025-06-19 20:48:47,372 - SUAS - DEBUG - [SUAS_main.main:677] - Waiting for mode change to: AUTO
2025-06-19 20:48:47,874 - SUAS - DEBUG - [SUAS_main.main:677] - Waiting for mode change to: AUTO
2025-06-19 20:48:48,376 - SUAS - DEBUG - [SUAS_main.main:677] - Waiting for mode change to: AUTO
2025-06-19 20:48:48,877 - SUAS - DEBUG - [SUAS_main.main:677] - Waiting for mode change to: AUTO
2025-06-19 20:48:49,379 - SUAS - DEBUG - [SUAS_main.main:677] - Waiting for mode change to: AUTO
2025-06-19 20:48:49,880 - SUAS - DEBUG - [SUAS_main.main:677] - Waiting for mode change to: AUTO
2025-06-19 20:48:50,381 - SUAS - DEBUG - [SUAS_main.main:677] - Waiting for mode change to: AUTO
2025-06-19 20:48:50,883 - SUAS - DEBUG - [SUAS_main.main:677] - Waiting for mode change to: AUTO
2025-06-19 20:48:51,384 - SUAS - DEBUG - [SUAS_main.main:677] - Waiting for mode change to: AUTO
2025-06-19 20:48:51,885 - SUAS - DEBUG - [SUAS_main.main:677] - Waiting for mode change to: AUTO
2025-06-19 20:48:52,387 - SUAS - DEBUG - [SUAS_main.main:677] - Waiting for mode change to: AUTO
2025-06-19 20:48:52,888 - SUAS - DEBUG - [SUAS_main.main:677] - Waiting for mode change to: AUTO
2025-06-19 20:48:53,389 - SUAS - DEBUG - [SUAS_main.main:677] - Waiting for mode change to: AUTO
2025-06-19 20:48:53,891 - SUAS - DEBUG - [SUAS_main.main:677] - Waiting for mode change to: AUTO
2025-06-19 20:48:54,393 - SUAS - DEBUG - [SUAS_main.main:677] - Waiting for mode change to: AUTO
2025-06-19 20:48:54,894 - SUAS - DEBUG - [SUAS_main.main:677] - Waiting for mode change to: AUTO
2025-06-19 20:48:55,396 - SUAS - DEBUG - [SUAS_main.main:677] - Waiting for mode change to: AUTO
2025-06-19 20:48:55,897 - SUAS - DEBUG - [SUAS_main.main:677] - Waiting for mode change to: AUTO
2025-06-19 20:48:56,399 - SUAS - DEBUG - [SUAS_main.main:677] - Waiting for mode change to: AUTO
2025-06-19 20:48:56,900 - SUAS - DEBUG - [SUAS_main.main:677] - Waiting for mode change to: AUTO
2025-06-19 20:48:57,401 - SUAS - DEBUG - [SUAS_main.main:677] - Waiting for mode change to: AUTO
2025-06-19 20:48:57,903 - SUAS - DEBUG - [SUAS_main.main:677] - Waiting for mode change to: AUTO
2025-06-19 20:48:58,404 - SUAS - DEBUG - [SUAS_main.main:677] - Waiting for mode change to: AUTO
2025-06-19 20:48:58,905 - SUAS - DEBUG - [SUAS_main.main:677] - Waiting for mode change to: AUTO
2025-06-19 20:48:59,407 - SUAS - DEBUG - [SUAS_main.main:677] - Waiting for mode change to: AUTO
2025-06-19 20:48:59,941 - SUAS - DEBUG - [SUAS_main.main:677] - Waiting for mode change to: AUTO
2025-06-19 20:49:00,442 - SUAS - DEBUG - [SUAS_main.main:677] - Waiting for mode change to: AUTO
2025-06-19 20:49:00,944 - SUAS - DEBUG - [SUAS_main.main:677] - Waiting for mode change to: AUTO
2025-06-19 20:49:01,445 - SUAS - DEBUG - [SUAS_main.main:677] - Waiting for mode change to: AUTO
2025-06-19 20:49:01,947 - SUAS - DEBUG - [SUAS_main.main:677] - Waiting for mode change to: AUTO
2025-06-19 20:49:02,448 - SUAS - DEBUG - [SUAS_main.main:677] - Waiting for mode change to: AUTO
2025-06-19 20:49:02,949 - SUAS - DEBUG - [SUAS_main.main:677] - Waiting for mode change to: AUTO
2025-06-19 20:49:03,451 - SUAS - DEBUG - [SUAS_main.main:677] - Waiting for mode change to: AUTO
2025-06-19 20:49:03,953 - SUAS - DEBUG - [SUAS_main.main:677] - Waiting for mode change to: AUTO
2025-06-19 20:49:04,454 - SUAS - DEBUG - [SUAS_main.main:677] - Waiting for mode change to: AUTO
2025-06-19 20:49:04,956 - SUAS - DEBUG - [SUAS_main.main:677] - Waiting for mode change to: AUTO
2025-06-19 20:49:05,457 - SUAS - DEBUG - [SUAS_main.main:677] - Waiting for mode change to: AUTO
2025-06-19 20:49:05,959 - SUAS - DEBUG - [SUAS_main.main:677] - Waiting for mode change to: AUTO
2025-06-19 20:49:06,460 - SUAS - DEBUG - [SUAS_main.main:677] - Waiting for mode change to: AUTO
2025-06-19 20:49:06,961 - SUAS - DEBUG - [SUAS_main.main:677] - Waiting for mode change to: AUTO
2025-06-19 20:49:07,463 - SUAS - DEBUG - [SUAS_main.main:677] - Waiting for mode change to: AUTO
2025-06-19 20:49:07,964 - SUAS - DEBUG - [SUAS_main.main:677] - Waiting for mode change to: AUTO
2025-06-19 20:49:08,465 - SUAS - DEBUG - [SUAS_main.main:677] - Waiting for mode change to: AUTO
2025-06-19 20:49:08,967 - SUAS - DEBUG - [SUAS_main.main:677] - Waiting for mode change to: AUTO
2025-06-19 20:49:09,468 - SUAS - DEBUG - [SUAS_main.main:677] - Waiting for mode change to: AUTO
2025-06-19 20:49:09,969 - SUAS - DEBUG - [SUAS_main.main:677] - Waiting for mode change to: AUTO
2025-06-19 20:49:10,471 - SUAS - DEBUG - [SUAS_main.main:677] - Waiting for mode change to: AUTO
2025-06-19 20:49:10,972 - SUAS - DEBUG - [SUAS_main.main:677] - Waiting for mode change to: AUTO
2025-06-19 20:49:11,474 - SUAS - DEBUG - [SUAS_main.main:677] - Waiting for mode change to: AUTO
2025-06-19 20:49:11,975 - SUAS - DEBUG - [SUAS_main.main:677] - Waiting for mode change to: AUTO
2025-06-19 20:49:12,477 - SUAS - DEBUG - [SUAS_main.main:677] - Waiting for mode change to: AUTO
2025-06-19 20:49:12,978 - SUAS - DEBUG - [SUAS_main.main:677] - Waiting for mode change to: AUTO
2025-06-19 20:49:13,480 - SUAS - DEBUG - [SUAS_main.main:677] - Waiting for mode change to: AUTO
2025-06-19 20:49:13,981 - SUAS - DEBUG - [SUAS_main.main:677] - Waiting for mode change to: AUTO
2025-06-19 20:49:14,483 - SUAS - DEBUG - [SUAS_main.main:677] - Waiting for mode change to: AUTO
2025-06-19 20:49:14,984 - SUAS - DEBUG - [SUAS_main.main:677] - Waiting for mode change to: AUTO
2025-06-19 20:49:15,485 - SUAS - DEBUG - [SUAS_main.main:677] - Waiting for mode change to: AUTO
2025-06-19 20:49:15,987 - SUAS - DEBUG - [SUAS_main.main:677] - Waiting for mode change to: AUTO
2025-06-19 20:49:16,488 - SUAS - DEBUG - [SUAS_main.main:677] - Waiting for mode change to: AUTO
2025-06-19 20:49:16,990 - SUAS - DEBUG - [SUAS_main.main:677] - Waiting for mode change to: AUTO
2025-06-19 20:49:17,491 - SUAS - DEBUG - [SUAS_main.main:677] - Waiting for mode change to: AUTO
2025-06-19 20:49:17,993 - SUAS - DEBUG - [SUAS_main.main:677] - Waiting for mode change to: AUTO
2025-06-19 20:49:18,494 - SUAS - DEBUG - [SUAS_main.main:677] - Waiting for mode change to: AUTO
2025-06-19 20:49:18,996 - SUAS - DEBUG - [SUAS_main.main:677] - Waiting for mode change to: AUTO
2025-06-19 20:49:19,497 - SUAS - DEBUG - [SUAS_main.main:677] - Waiting for mode change to: AUTO
2025-06-19 20:49:19,999 - SUAS - DEBUG - [SUAS_main.main:677] - Waiting for mode change to: AUTO
2025-06-19 20:49:20,500 - SUAS - DEBUG - [SUAS_main.main:677] - Waiting for mode change to: AUTO
2025-06-19 20:49:21,001 - SUAS - DEBUG - [SUAS_main.main:677] - Waiting for mode change to: AUTO
2025-06-19 20:49:21,503 - SUAS - DEBUG - [SUAS_main.main:677] - Waiting for mode change to: AUTO
2025-06-19 20:49:22,004 - SUAS - DEBUG - [SUAS_main.main:677] - Waiting for mode change to: AUTO
2025-06-19 20:49:22,505 - SUAS - DEBUG - [SUAS_main.main:677] - Waiting for mode change to: AUTO
2025-06-19 20:49:23,007 - SUAS - DEBUG - [SUAS_main.main:677] - Waiting for mode change to: AUTO
2025-06-19 20:49:23,508 - SUAS - DEBUG - [SUAS_main.main:677] - Waiting for mode change to: AUTO
2025-06-19 20:49:24,009 - SUAS - DEBUG - [SUAS_main.main:677] - Waiting for mode change to: AUTO
2025-06-19 20:49:24,511 - SUAS - DEBUG - [SUAS_main.main:677] - Waiting for mode change to: AUTO
2025-06-19 20:49:25,013 - SUAS - DEBUG - [SUAS_main.main:677] - Waiting for mode change to: AUTO
2025-06-19 20:49:25,515 - SUAS - DEBUG - [SUAS_main.main:677] - Waiting for mode change to: AUTO
2025-06-19 20:49:26,016 - SUAS - DEBUG - [SUAS_main.main:677] - Waiting for mode change to: AUTO
2025-06-19 20:49:26,517 - SUAS - DEBUG - [SUAS_main.main:677] - Waiting for mode change to: AUTO
2025-06-19 20:49:27,019 - SUAS - DEBUG - [SUAS_main.main:677] - Waiting for mode change to: AUTO
2025-06-19 20:49:27,520 - SUAS - DEBUG - [SUAS_main.main:677] - Waiting for mode change to: AUTO
2025-06-19 20:49:28,021 - SUAS - DEBUG - [SUAS_main.main:677] - Waiting for mode change to: AUTO
2025-06-19 20:49:28,523 - SUAS - DEBUG - [SUAS_main.main:677] - Waiting for mode change to: AUTO
2025-06-19 20:49:29,024 - SUAS - DEBUG - [SUAS_main.main:677] - Waiting for mode change to: AUTO
2025-06-19 20:49:29,525 - SUAS - DEBUG - [SUAS_main.main:677] - Waiting for mode change to: AUTO
2025-06-19 20:49:30,027 - SUAS - DEBUG - [SUAS_main.main:677] - Waiting for mode change to: AUTO
2025-06-19 20:49:30,528 - SUAS - DEBUG - [SUAS_main.main:677] - Waiting for mode change to: AUTO
2025-06-19 20:49:31,029 - SUAS - DEBUG - [SUAS_main.main:677] - Waiting for mode change to: AUTO
2025-06-19 20:49:31,531 - SUAS - DEBUG - [SUAS_main.main:677] - Waiting for mode change to: AUTO
2025-06-19 20:49:32,032 - SUAS - DEBUG - [SUAS_main.main:677] - Waiting for mode change to: AUTO
2025-06-19 20:49:32,533 - SUAS - DEBUG - [SUAS_main.main:677] - Waiting for mode change to: AUTO
2025-06-19 20:49:33,035 - SUAS - DEBUG - [SUAS_main.main:677] - Waiting for mode change to: AUTO
2025-06-19 20:49:33,537 - SUAS - DEBUG - [SUAS_main.main:677] - Waiting for mode change to: AUTO
2025-06-19 20:49:34,038 - SUAS - DEBUG - [SUAS_main.main:677] - Waiting for mode change to: AUTO
2025-06-19 20:49:34,539 - SUAS - DEBUG - [SUAS_main.main:677] - Waiting for mode change to: AUTO
2025-06-19 20:49:35,041 - SUAS - DEBUG - [SUAS_main.main:677] - Waiting for mode change to: AUTO
2025-06-19 20:49:35,542 - SUAS - DEBUG - [SUAS_main.main:677] - Waiting for mode change to: AUTO
2025-06-19 20:49:36,044 - SUAS - DEBUG - [SUAS_main.main:677] - Waiting for mode change to: AUTO
2025-06-19 20:49:36,545 - SUAS - DEBUG - [SUAS_main.main:677] - Waiting for mode change to: AUTO
2025-06-19 20:49:37,047 - SUAS - DEBUG - [SUAS_main.main:677] - Waiting for mode change to: AUTO
2025-06-19 20:49:37,548 - SUAS - DEBUG - [SUAS_main.main:677] - Waiting for mode change to: AUTO
2025-06-19 20:49:38,049 - SUAS - DEBUG - [SUAS_main.main:677] - Waiting for mode change to: AUTO
2025-06-19 20:49:38,551 - SUAS - DEBUG - [SUAS_main.main:677] - Waiting for mode change to: AUTO
2025-06-19 20:49:39,052 - SUAS - DEBUG - [SUAS_main.main:677] - Waiting for mode change to: AUTO
2025-06-19 20:49:39,553 - SUAS - DEBUG - [SUAS_main.main:677] - Waiting for mode change to: AUTO
2025-06-19 20:49:40,055 - SUAS - DEBUG - [SUAS_main.main:677] - Waiting for mode change to: AUTO
2025-06-19 20:49:40,557 - SUAS - DEBUG - [SUAS_main.main:677] - Waiting for mode change to: AUTO
2025-06-19 20:49:41,058 - SUAS - DEBUG - [SUAS_main.main:677] - Waiting for mode change to: AUTO
2025-06-19 20:49:41,560 - SUAS - DEBUG - [SUAS_main.main:677] - Waiting for mode change to: AUTO
2025-06-19 20:49:42,061 - SUAS - DEBUG - [SUAS_main.main:677] - Waiting for mode change to: AUTO
2025-06-19 20:49:42,563 - SUAS - DEBUG - [SUAS_main.main:677] - Waiting for mode change to: AUTO
2025-06-19 20:49:43,064 - SUAS - DEBUG - [SUAS_main.main:677] - Waiting for mode change to: AUTO
2025-06-19 20:49:43,565 - SUAS - DEBUG - [SUAS_main.main:677] - Waiting for mode change to: AUTO
2025-06-19 20:49:44,067 - SUAS - DEBUG - [SUAS_main.main:677] - Waiting for mode change to: AUTO
2025-06-19 20:49:44,568 - SUAS - DEBUG - [SUAS_main.main:677] - Waiting for mode change to: AUTO
2025-06-19 20:49:45,069 - SUAS - DEBUG - [SUAS_main.main:677] - Waiting for mode change to: AUTO
2025-06-19 20:49:45,571 - SUAS - DEBUG - [SUAS_main.main:677] - Waiting for mode change to: AUTO
2025-06-19 20:49:46,072 - SUAS - DEBUG - [SUAS_main.main:677] - Waiting for mode change to: AUTO
2025-06-19 20:49:46,574 - SUAS - DEBUG - [SUAS_main.main:677] - Waiting for mode change to: AUTO
2025-06-19 20:49:47,075 - SUAS - DEBUG - [SUAS_main.main:677] - Waiting for mode change to: AUTO
2025-06-19 20:49:47,577 - SUAS - DEBUG - [SUAS_main.main:677] - Waiting for mode change to: AUTO
2025-06-19 20:49:48,078 - SUAS - DEBUG - [SUAS_main.main:677] - Waiting for mode change to: AUTO
2025-06-19 20:49:48,580 - SUAS - DEBUG - [SUAS_main.main:677] - Waiting for mode change to: AUTO
2025-06-19 20:49:49,081 - SUAS - DEBUG - [SUAS_main.main:677] - Waiting for mode change to: AUTO
2025-06-19 20:49:49,583 - SUAS - DEBUG - [SUAS_main.main:677] - Waiting for mode change to: AUTO
2025-06-19 20:49:50,084 - SUAS - DEBUG - [SUAS_main.main:677] - Waiting for mode change to: AUTO
2025-06-19 20:49:50,585 - SUAS - DEBUG - [SUAS_main.main:677] - Waiting for mode change to: AUTO
2025-06-19 20:49:51,087 - SUAS - DEBUG - [SUAS_main.main:677] - Waiting for mode change to: AUTO
2025-06-19 20:49:51,588 - SUAS - DEBUG - [SUAS_main.main:677] - Waiting for mode change to: AUTO
2025-06-19 20:49:52,089 - SUAS - DEBUG - [SUAS_main.main:677] - Waiting for mode change to: AUTO
2025-06-19 20:49:52,591 - SUAS - DEBUG - [SUAS_main.main:677] - Waiting for mode change to: AUTO
2025-06-19 20:49:53,092 - SUAS - DEBUG - [SUAS_main.main:677] - Waiting for mode change to: AUTO
2025-06-19 20:49:53,593 - SUAS - DEBUG - [SUAS_main.main:677] - Waiting for mode change to: AUTO
2025-06-19 20:49:54,095 - SUAS - DEBUG - [SUAS_main.main:677] - Waiting for mode change to: AUTO
2025-06-19 20:49:54,597 - SUAS - DEBUG - [SUAS_main.main:677] - Waiting for mode change to: AUTO
2025-06-19 20:49:55,098 - SUAS - DEBUG - [SUAS_main.main:677] - Waiting for mode change to: AUTO
2025-06-19 20:49:55,600 - SUAS - DEBUG - [SUAS_main.main:677] - Waiting for mode change to: AUTO
2025-06-19 20:49:56,101 - SUAS - DEBUG - [SUAS_main.main:677] - Waiting for mode change to: AUTO
2025-06-19 20:49:56,602 - SUAS - DEBUG - [SUAS_main.main:677] - Waiting for mode change to: AUTO
2025-06-19 20:49:57,104 - SUAS - DEBUG - [SUAS_main.main:677] - Waiting for mode change to: AUTO
2025-06-19 20:49:57,605 - SUAS - DEBUG - [SUAS_main.main:677] - Waiting for mode change to: AUTO
2025-06-19 20:49:58,107 - SUAS - DEBUG - [SUAS_main.main:677] - Waiting for mode change to: AUTO
2025-06-19 20:49:58,608 - SUAS - DEBUG - [SUAS_main.main:677] - Waiting for mode change to: AUTO
2025-06-19 20:49:59,109 - SUAS - DEBUG - [SUAS_main.main:677] - Waiting for mode change to: AUTO
2025-06-19 20:49:59,611 - SUAS - DEBUG - [SUAS_main.main:677] - Waiting for mode change to: AUTO
2025-06-19 20:50:00,113 - SUAS - DEBUG - [SUAS_main.main:677] - Waiting for mode change to: AUTO
2025-06-19 20:50:00,614 - SUAS - DEBUG - [SUAS_main.main:677] - Waiting for mode change to: AUTO
2025-06-19 20:50:01,116 - SUAS - DEBUG - [SUAS_main.main:677] - Waiting for mode change to: AUTO
2025-06-19 20:50:01,617 - SUAS - DEBUG - [SUAS_main.main:677] - Waiting for mode change to: AUTO
2025-06-19 20:50:02,118 - SUAS - DEBUG - [SUAS_main.main:677] - Waiting for mode change to: AUTO
2025-06-19 20:50:02,620 - SUAS - DEBUG - [SUAS_main.main:677] - Waiting for mode change to: AUTO
2025-06-19 20:50:03,121 - SUAS - DEBUG - [SUAS_main.main:677] - Waiting for mode change to: AUTO
2025-06-19 20:50:03,623 - SUAS - DEBUG - [SUAS_main.main:677] - Waiting for mode change to: AUTO
2025-06-19 20:50:04,124 - SUAS - DEBUG - [SUAS_main.main:677] - Waiting for mode change to: AUTO
2025-06-19 20:50:04,625 - SUAS - DEBUG - [SUAS_main.main:677] - Waiting for mode change to: AUTO
2025-06-19 20:50:05,127 - SUAS - DEBUG - [SUAS_main.main:677] - Waiting for mode change to: AUTO
2025-06-19 20:50:05,628 - SUAS - DEBUG - [SUAS_main.main:677] - Waiting for mode change to: AUTO
2025-06-19 20:50:06,130 - SUAS - DEBUG - [SUAS_main.main:677] - Waiting for mode change to: AUTO
2025-06-19 20:50:06,631 - SUAS - DEBUG - [SUAS_main.main:677] - Waiting for mode change to: AUTO
2025-06-19 20:50:07,133 - SUAS - DEBUG - [SUAS_main.main:677] - Waiting for mode change to: AUTO
2025-06-19 20:50:07,634 - SUAS - DEBUG - [SUAS_main.main:677] - Waiting for mode change to: AUTO
2025-06-19 20:50:08,136 - SUAS - DEBUG - [SUAS_main.main:677] - Waiting for mode change to: AUTO
2025-06-19 20:50:08,637 - SUAS - DEBUG - [SUAS_main.main:677] - Waiting for mode change to: AUTO
2025-06-19 20:50:09,139 - SUAS - DEBUG - [SUAS_main.main:677] - Waiting for mode change to: AUTO
2025-06-19 20:50:09,640 - SUAS - DEBUG - [SUAS_main.main:677] - Waiting for mode change to: AUTO
2025-06-19 20:50:10,141 - SUAS - DEBUG - [SUAS_main.main:677] - Waiting for mode change to: AUTO
2025-06-19 20:50:10,643 - SUAS - DEBUG - [SUAS_main.main:677] - Waiting for mode change to: AUTO
2025-06-19 20:50:11,144 - SUAS - DEBUG - [SUAS_main.main:677] - Waiting for mode change to: AUTO
2025-06-19 20:50:11,645 - SUAS - DEBUG - [SUAS_main.main:677] - Waiting for mode change to: AUTO
2025-06-19 20:50:12,147 - SUAS - DEBUG - [SUAS_main.main:677] - Waiting for mode change to: AUTO
2025-06-19 20:50:12,648 - SUAS - DEBUG - [SUAS_main.main:677] - Waiting for mode change to: AUTO
2025-06-19 20:50:13,149 - SUAS - DEBUG - [SUAS_main.main:677] - Waiting for mode change to: AUTO
2025-06-19 20:50:13,651 - SUAS - DEBUG - [SUAS_main.main:677] - Waiting for mode change to: AUTO
2025-06-19 20:50:14,152 - SUAS - DEBUG - [SUAS_main.main:677] - Waiting for mode change to: AUTO
2025-06-19 20:50:14,654 - SUAS - DEBUG - [SUAS_main.main:677] - Waiting for mode change to: AUTO
2025-06-19 20:50:15,156 - SUAS - DEBUG - [SUAS_main.main:677] - Waiting for mode change to: AUTO
2025-06-19 20:50:15,657 - SUAS - DEBUG - [SUAS_main.main:677] - Waiting for mode change to: AUTO
2025-06-19 20:50:16,159 - SUAS - DEBUG - [SUAS_main.main:677] - Waiting for mode change to: AUTO
2025-06-19 20:50:16,660 - SUAS - DEBUG - [SUAS_main.main:677] - Waiting for mode change to: AUTO
2025-06-19 20:50:17,161 - SUAS - DEBUG - [SUAS_main.main:677] - Waiting for mode change to: AUTO
2025-06-19 20:50:17,663 - SUAS - DEBUG - [SUAS_main.main:677] - Waiting for mode change to: AUTO
2025-06-19 20:50:18,164 - SUAS - DEBUG - [SUAS_main.main:677] - Waiting for mode change to: AUTO
2025-06-19 20:50:18,665 - SUAS - DEBUG - [SUAS_main.main:677] - Waiting for mode change to: AUTO
2025-06-19 20:50:19,167 - SUAS - DEBUG - [SUAS_main.main:677] - Waiting for mode change to: AUTO
2025-06-19 20:50:19,668 - SUAS - DEBUG - [SUAS_main.main:677] - Waiting for mode change to: AUTO
2025-06-19 20:50:20,170 - SUAS - DEBUG - [SUAS_main.main:677] - Waiting for mode change to: AUTO
2025-06-19 20:50:20,671 - SUAS - DEBUG - [SUAS_main.main:677] - Waiting for mode change to: AUTO
2025-06-19 20:50:21,173 - SUAS - DEBUG - [SUAS_main.main:677] - Waiting for mode change to: AUTO
2025-06-19 20:50:21,674 - SUAS - DEBUG - [SUAS_main.main:677] - Waiting for mode change to: AUTO
2025-06-19 20:50:22,176 - SUAS - DEBUG - [SUAS_main.main:677] - Waiting for mode change to: AUTO
2025-06-19 20:50:22,678 - SUAS - DEBUG - [SUAS_main.main:677] - Waiting for mode change to: AUTO
2025-06-19 20:50:23,179 - SUAS - DEBUG - [SUAS_main.main:677] - Waiting for mode change to: AUTO
2025-06-19 20:50:23,680 - SUAS - DEBUG - [SUAS_main.main:677] - Waiting for mode change to: AUTO
2025-06-19 20:50:24,182 - SUAS - DEBUG - [SUAS_main.main:677] - Waiting for mode change to: AUTO
2025-06-19 20:50:24,683 - SUAS - DEBUG - [SUAS_main.main:677] - Waiting for mode change to: AUTO
2025-06-19 20:50:25,185 - SUAS - DEBUG - [SUAS_main.main:677] - Waiting for mode change to: AUTO
2025-06-19 20:50:25,686 - SUAS - DEBUG - [SUAS_main.main:677] - Waiting for mode change to: AUTO
2025-06-19 20:50:26,188 - SUAS - DEBUG - [SUAS_main.main:677] - Waiting for mode change to: AUTO
2025-06-19 20:50:26,689 - SUAS - DEBUG - [SUAS_main.main:677] - Waiting for mode change to: AUTO
2025-06-19 20:50:27,191 - SUAS - DEBUG - [SUAS_main.main:677] - Waiting for mode change to: AUTO
2025-06-19 20:50:27,692 - SUAS - DEBUG - [SUAS_main.main:677] - Waiting for mode change to: AUTO
2025-06-19 20:50:28,193 - SUAS - DEBUG - [SUAS_main.main:677] - Waiting for mode change to: AUTO
2025-06-19 20:50:28,695 - SUAS - DEBUG - [SUAS_main.main:677] - Waiting for mode change to: AUTO
2025-06-19 20:50:29,196 - SUAS - DEBUG - [SUAS_main.main:677] - Waiting for mode change to: AUTO
2025-06-19 20:50:29,697 - SUAS - DEBUG - [SUAS_main.main:677] - Waiting for mode change to: AUTO
2025-06-19 20:50:30,199 - SUAS - DEBUG - [SUAS_main.main:677] - Waiting for mode change to: AUTO
2025-06-19 20:50:30,700 - SUAS - DEBUG - [SUAS_main.main:677] - Waiting for mode change to: AUTO
2025-06-19 20:50:31,201 - SUAS - DEBUG - [SUAS_main.main:677] - Waiting for mode change to: AUTO
2025-06-19 20:50:31,703 - SUAS - DEBUG - [SUAS_main.main:677] - Waiting for mode change to: AUTO
2025-06-19 20:50:32,204 - SUAS - DEBUG - [SUAS_main.main:677] - Waiting for mode change to: AUTO
2025-06-19 20:50:32,705 - SUAS - DEBUG - [SUAS_main.main:677] - Waiting for mode change to: AUTO
2025-06-19 20:50:33,207 - SUAS - DEBUG - [SUAS_main.main:677] - Waiting for mode change to: AUTO
2025-06-19 20:50:33,708 - SUAS - DEBUG - [SUAS_main.main:677] - Waiting for mode change to: AUTO
2025-06-19 20:50:34,209 - SUAS - DEBUG - [SUAS_main.main:677] - Waiting for mode change to: AUTO
2025-06-19 20:50:34,711 - SUAS - DEBUG - [SUAS_main.main:677] - Waiting for mode change to: AUTO
2025-06-19 20:50:35,213 - SUAS - DEBUG - [SUAS_main.main:677] - Waiting for mode change to: AUTO
2025-06-19 20:50:35,714 - SUAS - DEBUG - [SUAS_main.main:677] - Waiting for mode change to: AUTO
2025-06-19 20:50:36,216 - SUAS - DEBUG - [SUAS_main.main:677] - Waiting for mode change to: AUTO
2025-06-19 20:50:36,717 - SUAS - DEBUG - [SUAS_main.main:677] - Waiting for mode change to: AUTO
2025-06-19 20:50:37,219 - SUAS - DEBUG - [SUAS_main.main:677] - Waiting for mode change to: AUTO
2025-06-19 20:50:37,720 - SUAS - DEBUG - [SUAS_main.main:677] - Waiting for mode change to: AUTO
2025-06-19 20:50:38,222 - SUAS - DEBUG - [SUAS_main.main:677] - Waiting for mode change to: AUTO
2025-06-19 20:50:38,723 - SUAS - DEBUG - [SUAS_main.main:677] - Waiting for mode change to: AUTO
2025-06-19 20:50:39,224 - SUAS - DEBUG - [SUAS_main.main:677] - Waiting for mode change to: AUTO
2025-06-19 20:50:39,726 - SUAS - DEBUG - [SUAS_main.main:677] - Waiting for mode change to: AUTO
2025-06-19 20:50:40,227 - SUAS - DEBUG - [SUAS_main.main:677] - Waiting for mode change to: AUTO
2025-06-19 20:50:40,729 - SUAS - DEBUG - [SUAS_main.main:677] - Waiting for mode change to: AUTO
2025-06-19 20:50:41,230 - SUAS - DEBUG - [SUAS_main.main:677] - Waiting for mode change to: AUTO
2025-06-19 20:50:41,732 - SUAS - DEBUG - [SUAS_main.main:677] - Waiting for mode change to: AUTO
2025-06-19 20:50:42,233 - SUAS - DEBUG - [SUAS_main.main:677] - Waiting for mode change to: AUTO
2025-06-19 20:50:42,735 - SUAS - DEBUG - [SUAS_main.main:677] - Waiting for mode change to: AUTO
2025-06-19 20:50:43,236 - SUAS - DEBUG - [SUAS_main.main:677] - Waiting for mode change to: AUTO
2025-06-19 20:50:43,737 - SUAS - DEBUG - [SUAS_main.main:677] - Waiting for mode change to: AUTO
2025-06-19 20:50:44,239 - SUAS - DEBUG - [SUAS_main.main:677] - Waiting for mode change to: AUTO
2025-06-19 20:50:44,740 - SUAS - DEBUG - [SUAS_main.main:677] - Waiting for mode change to: AUTO
2025-06-19 20:50:45,241 - SUAS - DEBUG - [SUAS_main.main:677] - Waiting for mode change to: AUTO
2025-06-19 20:50:45,743 - SUAS - DEBUG - [SUAS_main.main:677] - Waiting for mode change to: AUTO
2025-06-19 20:50:46,244 - SUAS - DEBUG - [SUAS_main.main:677] - Waiting for mode change to: AUTO
2025-06-19 20:50:46,745 - SUAS - DEBUG - [SUAS_main.main:677] - Waiting for mode change to: AUTO
2025-06-19 20:50:47,247 - SUAS - DEBUG - [SUAS_main.main:677] - Waiting for mode change to: AUTO
2025-06-19 20:50:47,748 - SUAS - DEBUG - [SUAS_main.main:677] - Waiting for mode change to: AUTO
2025-06-19 20:50:48,249 - SUAS - DEBUG - [SUAS_main.main:677] - Waiting for mode change to: AUTO
2025-06-19 20:50:48,751 - SUAS - DEBUG - [SUAS_main.main:677] - Waiting for mode change to: AUTO
2025-06-19 20:50:49,252 - SUAS - DEBUG - [SUAS_main.main:677] - Waiting for mode change to: AUTO
2025-06-19 20:50:49,754 - SUAS - DEBUG - [SUAS_main.main:677] - Waiting for mode change to: AUTO
2025-06-19 20:50:50,256 - SUAS - DEBUG - [SUAS_main.main:677] - Waiting for mode change to: AUTO
2025-06-19 20:50:50,757 - SUAS - DEBUG - [SUAS_main.main:677] - Waiting for mode change to: AUTO
2025-06-19 20:50:51,259 - SUAS - DEBUG - [SUAS_main.main:677] - Waiting for mode change to: AUTO
2025-06-19 20:50:51,760 - SUAS - DEBUG - [SUAS_main.main:677] - Waiting for mode change to: AUTO
2025-06-19 20:50:52,261 - SUAS - DEBUG - [SUAS_main.main:677] - Waiting for mode change to: AUTO
2025-06-19 20:50:52,763 - SUAS - DEBUG - [SUAS_main.main:677] - Waiting for mode change to: AUTO
2025-06-19 20:50:53,264 - SUAS - DEBUG - [SUAS_main.main:677] - Waiting for mode change to: AUTO
2025-06-19 20:50:53,765 - SUAS - DEBUG - [SUAS_main.main:677] - Waiting for mode change to: AUTO
2025-06-19 20:50:54,267 - SUAS - DEBUG - [SUAS_main.main:677] - Waiting for mode change to: AUTO
2025-06-19 20:50:54,768 - SUAS - DEBUG - [SUAS_main.main:677] - Waiting for mode change to: AUTO
2025-06-19 20:50:55,269 - SUAS - DEBUG - [SUAS_main.main:677] - Waiting for mode change to: AUTO
2025-06-19 20:50:55,771 - SUAS - DEBUG - [SUAS_main.main:677] - Waiting for mode change to: AUTO
2025-06-19 20:50:56,272 - SUAS - DEBUG - [SUAS_main.main:677] - Waiting for mode change to: AUTO
2025-06-19 20:50:56,773 - SUAS - DEBUG - [SUAS_main.main:677] - Waiting for mode change to: AUTO
2025-06-19 20:50:57,275 - SUAS - DEBUG - [SUAS_main.main:677] - Waiting for mode change to: AUTO
2025-06-19 20:50:57,776 - SUAS - DEBUG - [SUAS_main.main:677] - Waiting for mode change to: AUTO
2025-06-19 20:50:58,278 - SUAS - DEBUG - [SUAS_main.main:677] - Waiting for mode change to: AUTO
2025-06-19 20:50:58,779 - SUAS - DEBUG - [SUAS_main.main:677] - Waiting for mode change to: AUTO
2025-06-19 20:50:59,281 - SUAS - DEBUG - [SUAS_main.main:677] - Waiting for mode change to: AUTO
2025-06-19 20:50:59,782 - SUAS - DEBUG - [SUAS_main.main:677] - Waiting for mode change to: AUTO
2025-06-19 20:51:00,284 - SUAS - DEBUG - [SUAS_main.main:677] - Waiting for mode change to: AUTO
2025-06-19 20:51:00,785 - SUAS - DEBUG - [SUAS_main.main:677] - Waiting for mode change to: AUTO
2025-06-19 20:51:01,287 - SUAS - DEBUG - [SUAS_main.main:677] - Waiting for mode change to: AUTO
2025-06-19 20:51:01,788 - SUAS - DEBUG - [SUAS_main.main:677] - Waiting for mode change to: AUTO
2025-06-19 20:51:02,289 - SUAS - DEBUG - [SUAS_main.main:677] - Waiting for mode change to: AUTO
2025-06-19 20:51:02,791 - SUAS - DEBUG - [SUAS_main.main:677] - Waiting for mode change to: AUTO
2025-06-19 20:51:03,292 - SUAS - DEBUG - [SUAS_main.main:677] - Waiting for mode change to: AUTO
2025-06-19 20:51:03,793 - SUAS - DEBUG - [SUAS_main.main:677] - Waiting for mode change to: AUTO
2025-06-19 20:51:04,295 - SUAS - DEBUG - [SUAS_main.main:677] - Waiting for mode change to: AUTO
2025-06-19 20:51:04,797 - SUAS - DEBUG - [SUAS_main.main:677] - Waiting for mode change to: AUTO
2025-06-19 20:51:05,298 - SUAS - DEBUG - [SUAS_main.main:677] - Waiting for mode change to: AUTO
2025-06-19 20:51:05,800 - SUAS - DEBUG - [SUAS_main.main:677] - Waiting for mode change to: AUTO
2025-06-19 20:51:06,301 - SUAS - DEBUG - [SUAS_main.main:677] - Waiting for mode change to: AUTO
2025-06-19 20:51:06,803 - SUAS - DEBUG - [SUAS_main.main:677] - Waiting for mode change to: AUTO
2025-06-19 20:51:07,304 - SUAS - DEBUG - [SUAS_main.main:677] - Waiting for mode change to: AUTO
2025-06-19 20:51:07,805 - SUAS - DEBUG - [SUAS_main.main:677] - Waiting for mode change to: AUTO
2025-06-19 20:51:08,307 - SUAS - DEBUG - [SUAS_main.main:677] - Waiting for mode change to: AUTO
2025-06-19 20:51:08,808 - SUAS - DEBUG - [SUAS_main.main:677] - Waiting for mode change to: AUTO
2025-06-19 20:51:09,309 - SUAS - DEBUG - [SUAS_main.main:677] - Waiting for mode change to: AUTO
2025-06-19 20:51:09,811 - SUAS - DEBUG - [SUAS_main.main:677] - Waiting for mode change to: AUTO
2025-06-19 20:51:10,312 - SUAS - DEBUG - [SUAS_main.main:677] - Waiting for mode change to: AUTO
2025-06-19 20:51:10,847 - SUAS - DEBUG - [SUAS_main.main:677] - Waiting for mode change to: AUTO
2025-06-19 20:51:11,348 - SUAS - DEBUG - [SUAS_main.main:677] - Waiting for mode change to: AUTO
2025-06-19 20:51:11,849 - SUAS - DEBUG - [SUAS_main.main:677] - Waiting for mode change to: AUTO
2025-06-19 20:51:12,351 - SUAS - DEBUG - [SUAS_main.main:677] - Waiting for mode change to: AUTO
2025-06-19 20:51:12,852 - SUAS - DEBUG - [SUAS_main.main:677] - Waiting for mode change to: AUTO
2025-06-19 20:51:13,353 - SUAS - DEBUG - [SUAS_main.main:677] - Waiting for mode change to: AUTO
2025-06-19 20:51:13,855 - SUAS - DEBUG - [SUAS_main.main:677] - Waiting for mode change to: AUTO
2025-06-19 20:51:14,356 - SUAS - DEBUG - [SUAS_main.main:677] - Waiting for mode change to: AUTO
2025-06-19 20:51:14,857 - SUAS - DEBUG - [SUAS_main.main:677] - Waiting for mode change to: AUTO
2025-06-19 20:51:15,359 - SUAS - DEBUG - [SUAS_main.main:677] - Waiting for mode change to: AUTO
2025-06-19 20:51:15,860 - SUAS - DEBUG - [SUAS_main.main:677] - Waiting for mode change to: AUTO
2025-06-19 20:51:16,361 - SUAS - DEBUG - [SUAS_main.main:677] - Waiting for mode change to: AUTO
2025-06-19 20:51:16,863 - SUAS - DEBUG - [SUAS_main.main:677] - Waiting for mode change to: AUTO
2025-06-19 20:51:17,364 - SUAS - DEBUG - [SUAS_main.main:677] - Waiting for mode change to: AUTO
2025-06-19 20:51:17,865 - SUAS - DEBUG - [SUAS_main.main:677] - Waiting for mode change to: AUTO
2025-06-19 20:51:18,367 - SUAS - DEBUG - [SUAS_main.main:677] - Waiting for mode change to: AUTO
2025-06-19 20:51:18,868 - SUAS - DEBUG - [SUAS_main.main:677] - Waiting for mode change to: AUTO
2025-06-19 20:51:19,369 - SUAS - DEBUG - [SUAS_main.main:677] - Waiting for mode change to: AUTO
2025-06-19 20:51:19,871 - SUAS - DEBUG - [SUAS_main.main:677] - Waiting for mode change to: AUTO
2025-06-19 20:51:20,372 - SUAS - DEBUG - [SUAS_main.main:677] - Waiting for mode change to: AUTO
2025-06-19 20:51:20,874 - SUAS - DEBUG - [SUAS_main.main:677] - Waiting for mode change to: AUTO
2025-06-19 20:51:21,376 - SUAS - DEBUG - [SUAS_main.main:677] - Waiting for mode change to: AUTO
2025-06-19 20:51:21,877 - SUAS - DEBUG - [SUAS_main.main:677] - Waiting for mode change to: AUTO
2025-06-19 20:51:22,379 - SUAS - DEBUG - [SUAS_main.main:677] - Waiting for mode change to: AUTO
2025-06-19 20:51:22,880 - SUAS - DEBUG - [SUAS_main.main:677] - Waiting for mode change to: AUTO
2025-06-19 20:51:23,381 - SUAS - DEBUG - [SUAS_main.main:677] - Waiting for mode change to: AUTO
2025-06-19 20:51:23,883 - SUAS - DEBUG - [SUAS_main.main:677] - Waiting for mode change to: AUTO
2025-06-19 20:51:24,384 - SUAS - DEBUG - [SUAS_main.main:677] - Waiting for mode change to: AUTO
2025-06-19 20:51:24,885 - SUAS - DEBUG - [SUAS_main.main:677] - Waiting for mode change to: AUTO
2025-06-19 20:51:25,387 - SUAS - DEBUG - [SUAS_main.main:677] - Waiting for mode change to: AUTO
2025-06-19 20:51:25,888 - SUAS - DEBUG - [SUAS_main.main:677] - Waiting for mode change to: AUTO
2025-06-19 20:51:26,389 - SUAS - DEBUG - [SUAS_main.main:677] - Waiting for mode change to: AUTO
2025-06-19 20:51:26,891 - SUAS - DEBUG - [SUAS_main.main:677] - Waiting for mode change to: AUTO
2025-06-19 20:51:27,392 - SUAS - DEBUG - [SUAS_main.main:677] - Waiting for mode change to: AUTO
2025-06-19 20:51:27,894 - SUAS - DEBUG - [SUAS_main.main:677] - Waiting for mode change to: AUTO
2025-06-19 20:51:28,396 - SUAS - DEBUG - [SUAS_main.main:677] - Waiting for mode change to: AUTO
2025-06-19 20:51:28,897 - SUAS - DEBUG - [SUAS_main.main:677] - Waiting for mode change to: AUTO
2025-06-19 20:51:29,398 - SUAS - DEBUG - [SUAS_main.main:677] - Waiting for mode change to: AUTO
2025-06-19 20:51:29,900 - SUAS - DEBUG - [SUAS_main.main:677] - Waiting for mode change to: AUTO
2025-06-19 20:51:30,401 - SUAS - DEBUG - [SUAS_main.main:677] - Waiting for mode change to: AUTO
2025-06-19 20:51:30,903 - SUAS - DEBUG - [SUAS_main.main:677] - Waiting for mode change to: AUTO
2025-06-19 20:51:31,404 - SUAS - DEBUG - [SUAS_main.main:677] - Waiting for mode change to: AUTO
2025-06-19 20:51:31,905 - SUAS - DEBUG - [SUAS_main.main:677] - Waiting for mode change to: AUTO
2025-06-19 20:51:32,407 - SUAS - DEBUG - [SUAS_main.main:677] - Waiting for mode change to: AUTO
2025-06-19 20:51:32,908 - SUAS - DEBUG - [SUAS_main.main:677] - Waiting for mode change to: AUTO
2025-06-19 20:51:33,409 - SUAS - DEBUG - [SUAS_main.main:677] - Waiting for mode change to: AUTO
2025-06-19 20:51:33,911 - SUAS - DEBUG - [SUAS_main.main:677] - Waiting for mode change to: AUTO
2025-06-19 20:51:34,412 - SUAS - DEBUG - [SUAS_main.main:677] - Waiting for mode change to: AUTO
2025-06-19 20:51:34,914 - SUAS - DEBUG - [SUAS_main.main:677] - Waiting for mode change to: AUTO
2025-06-19 20:51:35,416 - SUAS - DEBUG - [SUAS_main.main:677] - Waiting for mode change to: AUTO
2025-06-19 20:51:35,917 - SUAS - DEBUG - [SUAS_main.main:677] - Waiting for mode change to: AUTO
2025-06-19 20:51:36,419 - SUAS - DEBUG - [SUAS_main.main:677] - Waiting for mode change to: AUTO
2025-06-19 20:51:36,920 - SUAS - DEBUG - [SUAS_main.main:677] - Waiting for mode change to: AUTO
2025-06-19 20:51:37,421 - SUAS - DEBUG - [SUAS_main.main:677] - Waiting for mode change to: AUTO
2025-06-19 20:51:37,923 - SUAS - DEBUG - [SUAS_main.main:677] - Waiting for mode change to: AUTO
2025-06-19 20:51:38,424 - SUAS - DEBUG - [SUAS_main.main:677] - Waiting for mode change to: AUTO
2025-06-19 20:51:38,925 - SUAS - DEBUG - [SUAS_main.main:677] - Waiting for mode change to: AUTO
2025-06-19 20:51:39,427 - SUAS - DEBUG - [SUAS_main.main:677] - Waiting for mode change to: AUTO
2025-06-19 20:51:39,928 - SUAS - DEBUG - [SUAS_main.main:677] - Waiting for mode change to: AUTO
2025-06-19 20:51:40,429 - SUAS - DEBUG - [SUAS_main.main:677] - Waiting for mode change to: AUTO
2025-06-19 20:51:40,931 - SUAS - DEBUG - [SUAS_main.main:677] - Waiting for mode change to: AUTO
2025-06-19 20:51:41,432 - SUAS - DEBUG - [SUAS_main.main:677] - Waiting for mode change to: AUTO
2025-06-19 20:51:41,933 - SUAS - DEBUG - [SUAS_main.main:677] - Waiting for mode change to: AUTO
2025-06-19 20:51:42,435 - SUAS - DEBUG - [SUAS_main.main:677] - Waiting for mode change to: AUTO
2025-06-19 20:51:42,936 - SUAS - DEBUG - [SUAS_main.main:677] - Waiting for mode change to: AUTO
2025-06-19 20:51:43,438 - SUAS - DEBUG - [SUAS_main.main:677] - Waiting for mode change to: AUTO
2025-06-19 20:51:43,939 - SUAS - DEBUG - [SUAS_main.main:677] - Waiting for mode change to: AUTO
2025-06-19 20:51:44,441 - SUAS - DEBUG - [SUAS_main.main:677] - Waiting for mode change to: AUTO
2025-06-19 20:51:44,942 - SUAS - DEBUG - [SUAS_main.main:677] - Waiting for mode change to: AUTO
2025-06-19 20:51:45,444 - SUAS - DEBUG - [SUAS_main.main:677] - Waiting for mode change to: AUTO
2025-06-19 20:51:45,945 - SUAS - DEBUG - [SUAS_main.main:677] - Waiting for mode change to: AUTO
2025-06-19 20:51:46,447 - SUAS - DEBUG - [SUAS_main.main:677] - Waiting for mode change to: AUTO
2025-06-19 20:51:46,948 - SUAS - DEBUG - [SUAS_main.main:677] - Waiting for mode change to: AUTO
2025-06-19 20:51:47,449 - SUAS - DEBUG - [SUAS_main.main:677] - Waiting for mode change to: AUTO
2025-06-19 20:51:47,951 - SUAS - DEBUG - [SUAS_main.main:677] - Waiting for mode change to: AUTO
2025-06-19 20:51:48,453 - SUAS - DEBUG - [SUAS_main.main:677] - Waiting for mode change to: AUTO
2025-06-19 20:51:48,955 - SUAS - DEBUG - [SUAS_main.main:677] - Waiting for mode change to: AUTO
2025-06-19 20:51:49,456 - SUAS - DEBUG - [SUAS_main.main:677] - Waiting for mode change to: AUTO
2025-06-19 20:51:49,957 - SUAS - DEBUG - [SUAS_main.main:677] - Waiting for mode change to: AUTO
2025-06-19 20:51:50,459 - SUAS - DEBUG - [SUAS_main.main:677] - Waiting for mode change to: AUTO
2025-06-19 20:51:50,960 - SUAS - DEBUG - [SUAS_main.main:677] - Waiting for mode change to: AUTO
2025-06-19 20:51:51,461 - SUAS - DEBUG - [SUAS_main.main:677] - Waiting for mode change to: AUTO
2025-06-19 20:51:51,963 - SUAS - DEBUG - [SUAS_main.main:677] - Waiting for mode change to: AUTO
2025-06-19 20:51:52,464 - SUAS - DEBUG - [SUAS_main.main:677] - Waiting for mode change to: AUTO
2025-06-19 20:51:52,965 - SUAS - DEBUG - [SUAS_main.main:677] - Waiting for mode change to: AUTO
2025-06-19 20:51:53,467 - SUAS - DEBUG - [SUAS_main.main:677] - Waiting for mode change to: AUTO
2025-06-19 20:51:53,968 - SUAS - DEBUG - [SUAS_main.main:677] - Waiting for mode change to: AUTO
2025-06-19 20:51:54,469 - SUAS - DEBUG - [SUAS_main.main:677] - Waiting for mode change to: AUTO
2025-06-19 20:51:54,971 - SUAS - DEBUG - [SUAS_main.main:677] - Waiting for mode change to: AUTO
2025-06-19 20:51:55,472 - SUAS - DEBUG - [SUAS_main.main:677] - Waiting for mode change to: AUTO
2025-06-19 20:51:55,974 - SUAS - DEBUG - [SUAS_main.main:677] - Waiting for mode change to: AUTO
2025-06-19 20:51:56,476 - SUAS - DEBUG - [SUAS_main.main:677] - Waiting for mode change to: AUTO
2025-06-19 20:51:56,977 - SUAS - DEBUG - [SUAS_main.main:677] - Waiting for mode change to: AUTO
2025-06-19 20:51:57,478 - SUAS - DEBUG - [SUAS_main.main:677] - Waiting for mode change to: AUTO
2025-06-19 20:51:57,980 - SUAS - DEBUG - [SUAS_main.main:677] - Waiting for mode change to: AUTO
2025-06-19 20:51:58,481 - SUAS - DEBUG - [SUAS_main.main:677] - Waiting for mode change to: AUTO
2025-06-19 20:51:58,983 - SUAS - DEBUG - [SUAS_main.main:677] - Waiting for mode change to: AUTO
2025-06-19 20:51:59,484 - SUAS - DEBUG - [SUAS_main.main:677] - Waiting for mode change to: AUTO
2025-06-19 20:51:59,985 - SUAS - DEBUG - [SUAS_main.main:677] - Waiting for mode change to: AUTO
2025-06-19 20:52:00,487 - SUAS - DEBUG - [SUAS_main.main:677] - Waiting for mode change to: AUTO
2025-06-19 20:52:00,988 - SUAS - DEBUG - [SUAS_main.main:677] - Waiting for mode change to: AUTO
2025-06-19 20:52:01,489 - SUAS - DEBUG - [SUAS_main.main:677] - Waiting for mode change to: AUTO
2025-06-19 20:52:01,990 - SUAS - DEBUG - [SUAS_main.main:677] - Waiting for mode change to: AUTO
2025-06-19 20:52:02,492 - SUAS - DEBUG - [SUAS_main.main:677] - Waiting for mode change to: AUTO
2025-06-19 20:52:02,993 - SUAS - DEBUG - [SUAS_main.main:677] - Waiting for mode change to: AUTO
2025-06-19 20:52:03,495 - SUAS - DEBUG - [SUAS_main.main:677] - Waiting for mode change to: AUTO
2025-06-19 20:52:03,997 - SUAS - DEBUG - [SUAS_main.main:677] - Waiting for mode change to: AUTO
2025-06-19 20:52:04,498 - SUAS - DEBUG - [SUAS_main.main:677] - Waiting for mode change to: AUTO
2025-06-19 20:52:05,000 - SUAS - DEBUG - [SUAS_main.main:677] - Waiting for mode change to: AUTO
2025-06-19 20:52:05,501 - SUAS - DEBUG - [SUAS_main.main:677] - Waiting for mode change to: AUTO
2025-06-19 20:52:06,003 - SUAS - DEBUG - [SUAS_main.main:677] - Waiting for mode change to: AUTO
2025-06-19 20:52:06,504 - SUAS - DEBUG - [SUAS_main.main:677] - Waiting for mode change to: AUTO
2025-06-19 20:52:07,005 - SUAS - DEBUG - [SUAS_main.main:677] - Waiting for mode change to: AUTO
2025-06-19 20:52:07,507 - SUAS - DEBUG - [SUAS_main.main:677] - Waiting for mode change to: AUTO
2025-06-19 20:52:08,008 - SUAS - DEBUG - [SUAS_main.main:677] - Waiting for mode change to: AUTO
2025-06-19 20:52:08,509 - SUAS - DEBUG - [SUAS_main.main:677] - Waiting for mode change to: AUTO
2025-06-19 20:52:09,011 - SUAS - DEBUG - [SUAS_main.main:677] - Waiting for mode change to: AUTO
2025-06-19 20:52:09,512 - SUAS - DEBUG - [SUAS_main.main:677] - Waiting for mode change to: AUTO
2025-06-19 20:52:10,014 - SUAS - DEBUG - [SUAS_main.main:677] - Waiting for mode change to: AUTO
2025-06-19 20:52:10,516 - SUAS - DEBUG - [SUAS_main.main:677] - Waiting for mode change to: AUTO
2025-06-19 20:52:11,017 - SUAS - DEBUG - [SUAS_main.main:677] - Waiting for mode change to: AUTO
2025-06-19 20:52:11,519 - SUAS - DEBUG - [SUAS_main.main:677] - Waiting for mode change to: AUTO
2025-06-19 20:52:12,020 - SUAS - DEBUG - [SUAS_main.main:677] - Waiting for mode change to: AUTO
2025-06-19 20:52:12,521 - SUAS - DEBUG - [SUAS_main.main:677] - Waiting for mode change to: AUTO
2025-06-19 20:52:13,023 - SUAS - DEBUG - [SUAS_main.main:677] - Waiting for mode change to: AUTO
2025-06-19 20:52:13,524 - SUAS - DEBUG - [SUAS_main.main:677] - Waiting for mode change to: AUTO
2025-06-19 20:52:14,025 - SUAS - DEBUG - [SUAS_main.main:677] - Waiting for mode change to: AUTO
2025-06-19 20:52:14,527 - SUAS - DEBUG - [SUAS_main.main:677] - Waiting for mode change to: AUTO
2025-06-19 20:52:15,028 - SUAS - DEBUG - [SUAS_main.main:677] - Waiting for mode change to: AUTO
2025-06-19 20:52:15,529 - SUAS - DEBUG - [SUAS_main.main:677] - Waiting for mode change to: AUTO
2025-06-19 20:52:16,031 - SUAS - DEBUG - [SUAS_main.main:677] - Waiting for mode change to: AUTO
2025-06-19 20:52:16,532 - SUAS - DEBUG - [SUAS_main.main:677] - Waiting for mode change to: AUTO
2025-06-19 20:52:17,034 - SUAS - DEBUG - [SUAS_main.main:677] - Waiting for mode change to: AUTO
2025-06-19 20:52:17,536 - SUAS - DEBUG - [SUAS_main.main:677] - Waiting for mode change to: AUTO
2025-06-19 20:52:18,037 - SUAS - DEBUG - [SUAS_main.main:677] - Waiting for mode change to: AUTO
2025-06-19 20:52:18,539 - SUAS - DEBUG - [SUAS_main.main:677] - Waiting for mode change to: AUTO
2025-06-19 20:52:19,040 - SUAS - DEBUG - [SUAS_main.main:677] - Waiting for mode change to: AUTO
2025-06-19 20:52:19,541 - SUAS - DEBUG - [SUAS_main.main:677] - Waiting for mode change to: AUTO
2025-06-19 20:52:20,043 - SUAS - DEBUG - [SUAS_main.main:677] - Waiting for mode change to: AUTO
2025-06-19 20:52:20,544 - SUAS - DEBUG - [SUAS_main.main:677] - Waiting for mode change to: AUTO
2025-06-19 20:52:21,045 - SUAS - DEBUG - [SUAS_main.main:677] - Waiting for mode change to: AUTO
2025-06-19 20:52:21,547 - SUAS - DEBUG - [SUAS_main.main:677] - Waiting for mode change to: AUTO
2025-06-19 20:52:22,048 - SUAS - DEBUG - [SUAS_main.main:677] - Waiting for mode change to: AUTO
2025-06-19 20:52:22,550 - SUAS - DEBUG - [SUAS_main.main:677] - Waiting for mode change to: AUTO
2025-06-19 20:52:23,051 - SUAS - DEBUG - [SUAS_main.main:677] - Waiting for mode change to: AUTO
2025-06-19 20:52:23,553 - SUAS - DEBUG - [SUAS_main.main:677] - Waiting for mode change to: AUTO
2025-06-19 20:52:24,054 - SUAS - DEBUG - [SUAS_main.main:677] - Waiting for mode change to: AUTO
2025-06-19 20:52:24,556 - SUAS - DEBUG - [SUAS_main.main:677] - Waiting for mode change to: AUTO
2025-06-19 20:52:25,057 - SUAS - DEBUG - [SUAS_main.main:677] - Waiting for mode change to: AUTO
2025-06-19 20:52:25,559 - SUAS - DEBUG - [SUAS_main.main:677] - Waiting for mode change to: AUTO
2025-06-19 20:52:26,060 - SUAS - DEBUG - [SUAS_main.main:677] - Waiting for mode change to: AUTO
2025-06-19 20:52:26,561 - SUAS - DEBUG - [SUAS_main.main:677] - Waiting for mode change to: AUTO
2025-06-19 20:52:27,063 - SUAS - DEBUG - [SUAS_main.main:677] - Waiting for mode change to: AUTO
2025-06-19 20:52:27,564 - SUAS - DEBUG - [SUAS_main.main:677] - Waiting for mode change to: AUTO
2025-06-19 20:52:28,065 - SUAS - DEBUG - [SUAS_main.main:677] - Waiting for mode change to: AUTO
2025-06-19 20:52:28,567 - SUAS - DEBUG - [SUAS_main.main:677] - Waiting for mode change to: AUTO
2025-06-19 20:52:29,068 - SUAS - DEBUG - [SUAS_main.main:677] - Waiting for mode change to: AUTO
2025-06-19 20:52:29,569 - SUAS - DEBUG - [SUAS_main.main:677] - Waiting for mode change to: AUTO
2025-06-19 20:52:30,071 - SUAS - DEBUG - [SUAS_main.main:677] - Waiting for mode change to: AUTO
2025-06-19 20:52:30,572 - SUAS - DEBUG - [SUAS_main.main:677] - Waiting for mode change to: AUTO
2025-06-19 20:52:31,074 - SUAS - DEBUG - [SUAS_main.main:677] - Waiting for mode change to: AUTO
2025-06-19 20:52:31,575 - SUAS - DEBUG - [SUAS_main.main:677] - Waiting for mode change to: AUTO
2025-06-19 20:52:32,109 - SUAS - DEBUG - [SUAS_main.main:677] - Waiting for mode change to: AUTO
2025-06-19 20:52:32,611 - SUAS - DEBUG - [SUAS_main.main:677] - Waiting for mode change to: AUTO
2025-06-19 20:52:33,112 - SUAS - DEBUG - [SUAS_main.main:677] - Waiting for mode change to: AUTO
2025-06-19 20:52:33,614 - SUAS - DEBUG - [SUAS_main.main:677] - Waiting for mode change to: AUTO
2025-06-19 20:52:34,115 - SUAS - DEBUG - [SUAS_main.main:677] - Waiting for mode change to: AUTO
2025-06-19 20:52:34,617 - SUAS - DEBUG - [SUAS_main.main:677] - Waiting for mode change to: AUTO
2025-06-19 20:52:35,118 - SUAS - DEBUG - [SUAS_main.main:677] - Waiting for mode change to: AUTO
2025-06-19 20:52:35,619 - SUAS - DEBUG - [SUAS_main.main:677] - Waiting for mode change to: AUTO
2025-06-19 20:52:36,121 - SUAS - DEBUG - [SUAS_main.main:677] - Waiting for mode change to: AUTO
2025-06-19 20:52:36,622 - SUAS - DEBUG - [SUAS_main.main:677] - Waiting for mode change to: AUTO
2025-06-19 20:52:37,124 - SUAS - DEBUG - [SUAS_main.main:677] - Waiting for mode change to: AUTO
2025-06-19 20:52:37,625 - SUAS - DEBUG - [SUAS_main.main:677] - Waiting for mode change to: AUTO
2025-06-19 20:52:38,127 - SUAS - DEBUG - [SUAS_main.main:677] - Waiting for mode change to: AUTO
2025-06-19 20:52:38,628 - SUAS - DEBUG - [SUAS_main.main:677] - Waiting for mode change to: AUTO
2025-06-19 20:52:39,129 - SUAS - DEBUG - [SUAS_main.main:677] - Waiting for mode change to: AUTO
2025-06-19 20:52:39,631 - SUAS - DEBUG - [SUAS_main.main:677] - Waiting for mode change to: AUTO
2025-06-19 20:52:40,132 - SUAS - DEBUG - [SUAS_main.main:677] - Waiting for mode change to: AUTO
2025-06-19 20:52:40,634 - SUAS - DEBUG - [SUAS_main.main:677] - Waiting for mode change to: AUTO
2025-06-19 20:52:41,135 - SUAS - DEBUG - [SUAS_main.main:677] - Waiting for mode change to: AUTO
2025-06-19 20:52:41,637 - SUAS - DEBUG - [SUAS_main.main:677] - Waiting for mode change to: AUTO
2025-06-19 20:52:42,171 - SUAS - DEBUG - [SUAS_main.main:677] - Waiting for mode change to: AUTO
2025-06-19 20:52:42,672 - SUAS - DEBUG - [SUAS_main.main:677] - Waiting for mode change to: AUTO
2025-06-19 20:52:43,174 - SUAS - DEBUG - [SUAS_main.main:677] - Waiting for mode change to: AUTO
2025-06-19 20:52:43,675 - SUAS - DEBUG - [SUAS_main.main:677] - Waiting for mode change to: AUTO
2025-06-19 20:52:44,177 - SUAS - DEBUG - [SUAS_main.main:677] - Waiting for mode change to: AUTO
2025-06-19 20:52:44,678 - SUAS - DEBUG - [SUAS_main.main:677] - Waiting for mode change to: AUTO
2025-06-19 20:52:45,180 - SUAS - DEBUG - [SUAS_main.main:677] - Waiting for mode change to: AUTO
2025-06-19 20:52:45,681 - SUAS - DEBUG - [SUAS_main.main:677] - Waiting for mode change to: AUTO
2025-06-19 20:52:46,183 - SUAS - DEBUG - [SUAS_main.main:677] - Waiting for mode change to: AUTO
2025-06-19 20:52:46,684 - SUAS - DEBUG - [SUAS_main.main:677] - Waiting for mode change to: AUTO
2025-06-19 20:52:47,185 - SUAS - DEBUG - [SUAS_main.main:677] - Waiting for mode change to: AUTO
2025-06-19 20:52:47,687 - SUAS - DEBUG - [SUAS_main.main:677] - Waiting for mode change to: AUTO
2025-06-19 20:52:48,188 - SUAS - DEBUG - [SUAS_main.main:677] - Waiting for mode change to: AUTO
2025-06-19 20:52:48,689 - SUAS - DEBUG - [SUAS_main.main:677] - Waiting for mode change to: AUTO
2025-06-19 20:52:49,191 - SUAS - DEBUG - [SUAS_main.main:677] - Waiting for mode change to: AUTO
2025-06-19 20:52:49,692 - SUAS - DEBUG - [SUAS_main.main:677] - Waiting for mode change to: AUTO
2025-06-19 20:52:50,194 - SUAS - DEBUG - [SUAS_main.main:677] - Waiting for mode change to: AUTO
2025-06-19 20:52:50,695 - SUAS - DEBUG - [SUAS_main.main:677] - Waiting for mode change to: AUTO
2025-06-19 20:52:51,197 - SUAS - DEBUG - [SUAS_main.main:677] - Waiting for mode change to: AUTO
2025-06-19 20:52:51,699 - SUAS - DEBUG - [SUAS_main.main:677] - Waiting for mode change to: AUTO
2025-06-19 20:52:52,200 - SUAS - DEBUG - [SUAS_main.main:677] - Waiting for mode change to: AUTO
2025-06-19 20:52:52,702 - SUAS - DEBUG - [SUAS_main.main:677] - Waiting for mode change to: AUTO
2025-06-19 20:52:53,203 - SUAS - DEBUG - [SUAS_main.main:677] - Waiting for mode change to: AUTO
2025-06-19 20:52:53,705 - SUAS - DEBUG - [SUAS_main.main:677] - Waiting for mode change to: AUTO
2025-06-19 20:52:54,206 - SUAS - DEBUG - [SUAS_main.main:677] - Waiting for mode change to: AUTO
2025-06-19 20:52:54,708 - SUAS - DEBUG - [SUAS_main.main:677] - Waiting for mode change to: AUTO
2025-06-19 20:52:55,209 - SUAS - DEBUG - [SUAS_main.main:677] - Waiting for mode change to: AUTO
2025-06-19 20:52:55,711 - SUAS - DEBUG - [SUAS_main.main:677] - Waiting for mode change to: AUTO
2025-06-19 20:52:56,212 - SUAS - DEBUG - [SUAS_main.main:677] - Waiting for mode change to: AUTO
2025-06-19 20:52:56,714 - SUAS - DEBUG - [SUAS_main.main:677] - Waiting for mode change to: AUTO
2025-06-19 20:52:57,216 - SUAS - DEBUG - [SUAS_main.main:677] - Waiting for mode change to: AUTO
2025-06-19 20:52:57,717 - SUAS - DEBUG - [SUAS_main.main:677] - Waiting for mode change to: AUTO
2025-06-19 20:52:58,219 - SUAS - DEBUG - [SUAS_main.main:677] - Waiting for mode change to: AUTO
2025-06-19 20:52:58,720 - SUAS - DEBUG - [SUAS_main.main:677] - Waiting for mode change to: AUTO
2025-06-19 20:52:59,222 - SUAS - DEBUG - [SUAS_main.main:677] - Waiting for mode change to: AUTO
2025-06-19 20:52:59,723 - SUAS - DEBUG - [SUAS_main.main:677] - Waiting for mode change to: AUTO
2025-06-19 20:53:00,225 - SUAS - DEBUG - [SUAS_main.main:677] - Waiting for mode change to: AUTO
2025-06-19 20:53:00,726 - SUAS - DEBUG - [SUAS_main.main:677] - Waiting for mode change to: AUTO
2025-06-19 20:53:01,228 - SUAS - DEBUG - [SUAS_main.main:677] - Waiting for mode change to: AUTO
2025-06-19 20:53:01,729 - SUAS - DEBUG - [SUAS_main.main:677] - Waiting for mode change to: AUTO
2025-06-19 20:53:02,263 - SUAS - DEBUG - [SUAS_main.main:677] - Waiting for mode change to: AUTO
2025-06-19 20:53:02,765 - SUAS - DEBUG - [SUAS_main.main:677] - Waiting for mode change to: AUTO
2025-06-19 20:53:03,266 - SUAS - DEBUG - [SUAS_main.main:677] - Waiting for mode change to: AUTO
2025-06-19 20:53:03,768 - SUAS - DEBUG - [SUAS_main.main:677] - Waiting for mode change to: AUTO
2025-06-19 20:53:04,269 - SUAS - DEBUG - [SUAS_main.main:677] - Waiting for mode change to: AUTO
2025-06-19 20:53:04,770 - SUAS - DEBUG - [SUAS_main.main:677] - Waiting for mode change to: AUTO
2025-06-19 20:53:05,272 - SUAS - DEBUG - [SUAS_main.main:677] - Waiting for mode change to: AUTO
2025-06-19 20:53:05,774 - SUAS - DEBUG - [SUAS_main.main:677] - Waiting for mode change to: AUTO
2025-06-19 20:53:06,275 - SUAS - DEBUG - [SUAS_main.main:677] - Waiting for mode change to: AUTO
2025-06-19 20:53:06,777 - SUAS - DEBUG - [SUAS_main.main:677] - Waiting for mode change to: AUTO
2025-06-19 20:53:07,311 - SUAS - DEBUG - [SUAS_main.main:677] - Waiting for mode change to: AUTO
2025-06-19 20:53:07,813 - SUAS - DEBUG - [SUAS_main.main:677] - Waiting for mode change to: AUTO
2025-06-19 20:53:08,315 - SUAS - DEBUG - [SUAS_main.main:677] - Waiting for mode change to: AUTO
2025-06-19 20:53:08,817 - SUAS - DEBUG - [SUAS_main.main:677] - Waiting for mode change to: AUTO
2025-06-19 20:53:09,319 - SUAS - DEBUG - [SUAS_main.main:677] - Waiting for mode change to: AUTO
2025-06-19 20:53:09,820 - SUAS - DEBUG - [SUAS_main.main:677] - Waiting for mode change to: AUTO
2025-06-19 20:53:10,321 - SUAS - DEBUG - [SUAS_main.main:677] - Waiting for mode change to: AUTO
2025-06-19 20:53:10,823 - SUAS - DEBUG - [SUAS_main.main:677] - Waiting for mode change to: AUTO
2025-06-19 20:53:11,324 - SUAS - DEBUG - [SUAS_main.main:677] - Waiting for mode change to: AUTO
2025-06-19 20:53:11,826 - SUAS - DEBUG - [SUAS_main.main:677] - Waiting for mode change to: AUTO
2025-06-19 20:53:12,327 - SUAS - DEBUG - [SUAS_main.main:677] - Waiting for mode change to: AUTO
2025-06-19 20:53:12,828 - SUAS - DEBUG - [SUAS_main.main:677] - Waiting for mode change to: AUTO
2025-06-19 20:53:13,330 - SUAS - DEBUG - [SUAS_main.main:677] - Waiting for mode change to: AUTO
2025-06-19 20:53:13,831 - SUAS - DEBUG - [SUAS_main.main:677] - Waiting for mode change to: AUTO
2025-06-19 20:53:14,333 - SUAS - DEBUG - [SUAS_main.main:677] - Waiting for mode change to: AUTO
2025-06-19 20:53:14,835 - SUAS - DEBUG - [SUAS_main.main:677] - Waiting for mode change to: AUTO
2025-06-19 20:53:15,336 - SUAS - DEBUG - [SUAS_main.main:677] - Waiting for mode change to: AUTO
2025-06-19 20:53:15,837 - SUAS - DEBUG - [SUAS_main.main:677] - Waiting for mode change to: AUTO
2025-06-19 20:53:16,339 - SUAS - DEBUG - [SUAS_main.main:677] - Waiting for mode change to: AUTO
2025-06-19 20:53:16,840 - SUAS - DEBUG - [SUAS_main.main:677] - Waiting for mode change to: AUTO
2025-06-19 20:53:17,341 - SUAS - DEBUG - [SUAS_main.main:677] - Waiting for mode change to: AUTO
2025-06-19 20:53:17,843 - SUAS - DEBUG - [SUAS_main.main:677] - Waiting for mode change to: AUTO
2025-06-19 20:53:18,344 - SUAS - DEBUG - [SUAS_main.main:677] - Waiting for mode change to: AUTO
2025-06-19 20:53:18,845 - SUAS - DEBUG - [SUAS_main.main:677] - Waiting for mode change to: AUTO
2025-06-19 20:53:19,347 - SUAS - DEBUG - [SUAS_main.main:677] - Waiting for mode change to: AUTO
2025-06-19 20:53:19,848 - SUAS - DEBUG - [SUAS_main.main:677] - Waiting for mode change to: AUTO
2025-06-19 20:53:20,349 - SUAS - DEBUG - [SUAS_main.main:677] - Waiting for mode change to: AUTO
2025-06-19 20:53:20,851 - SUAS - DEBUG - [SUAS_main.main:677] - Waiting for mode change to: AUTO
2025-06-19 20:53:21,352 - SUAS - DEBUG - [SUAS_main.main:677] - Waiting for mode change to: AUTO
2025-06-19 20:53:21,853 - SUAS - DEBUG - [SUAS_main.main:677] - Waiting for mode change to: AUTO
2025-06-19 20:53:22,355 - SUAS - DEBUG - [SUAS_main.main:677] - Waiting for mode change to: AUTO
2025-06-19 20:53:22,857 - SUAS - DEBUG - [SUAS_main.main:677] - Waiting for mode change to: AUTO
2025-06-19 20:53:23,358 - SUAS - DEBUG - [SUAS_main.main:677] - Waiting for mode change to: AUTO
2025-06-19 20:53:23,859 - SUAS - DEBUG - [SUAS_main.main:677] - Waiting for mode change to: AUTO
2025-06-19 20:53:24,361 - SUAS - DEBUG - [SUAS_main.main:677] - Waiting for mode change to: AUTO
2025-06-19 20:53:24,862 - SUAS - DEBUG - [SUAS_main.main:677] - Waiting for mode change to: AUTO
2025-06-19 20:53:25,364 - SUAS - DEBUG - [SUAS_main.main:677] - Waiting for mode change to: AUTO
2025-06-19 20:53:25,865 - SUAS - DEBUG - [SUAS_main.main:677] - Waiting for mode change to: AUTO
2025-06-19 20:53:26,367 - SUAS - DEBUG - [SUAS_main.main:677] - Waiting for mode change to: AUTO
2025-06-19 20:53:26,868 - SUAS - DEBUG - [SUAS_main.main:677] - Waiting for mode change to: AUTO
2025-06-19 20:53:27,369 - SUAS - DEBUG - [SUAS_main.main:677] - Waiting for mode change to: AUTO
2025-06-19 20:53:27,871 - SUAS - DEBUG - [SUAS_main.main:677] - Waiting for mode change to: AUTO
2025-06-19 20:53:28,372 - SUAS - DEBUG - [SUAS_main.main:677] - Waiting for mode change to: AUTO
2025-06-19 20:53:28,874 - SUAS - DEBUG - [SUAS_main.main:677] - Waiting for mode change to: AUTO
2025-06-19 20:53:29,375 - SUAS - DEBUG - [SUAS_main.main:677] - Waiting for mode change to: AUTO
2025-06-19 20:53:29,877 - SUAS - DEBUG - [SUAS_main.main:677] - Waiting for mode change to: AUTO
2025-06-19 20:53:30,378 - SUAS - DEBUG - [SUAS_main.main:677] - Waiting for mode change to: AUTO
2025-06-19 20:53:30,880 - SUAS - DEBUG - [SUAS_main.main:677] - Waiting for mode change to: AUTO
2025-06-19 20:53:31,381 - SUAS - DEBUG - [SUAS_main.main:677] - Waiting for mode change to: AUTO
2025-06-19 20:53:31,882 - SUAS - DEBUG - [SUAS_main.main:677] - Waiting for mode change to: AUTO
2025-06-19 20:53:32,384 - SUAS - DEBUG - [SUAS_main.main:677] - Waiting for mode change to: AUTO
2025-06-19 20:53:32,885 - SUAS - DEBUG - [SUAS_main.main:677] - Waiting for mode change to: AUTO
2025-06-19 20:53:33,387 - SUAS - DEBUG - [SUAS_main.main:677] - Waiting for mode change to: AUTO
2025-06-19 20:53:33,888 - SUAS - DEBUG - [SUAS_main.main:677] - Waiting for mode change to: AUTO
2025-06-19 20:53:34,389 - SUAS - DEBUG - [SUAS_main.main:677] - Waiting for mode change to: AUTO
2025-06-19 20:53:34,891 - SUAS - DEBUG - [SUAS_main.main:677] - Waiting for mode change to: AUTO
2025-06-19 20:53:35,392 - SUAS - DEBUG - [SUAS_main.main:677] - Waiting for mode change to: AUTO
2025-06-19 20:53:35,893 - SUAS - DEBUG - [SUAS_main.main:677] - Waiting for mode change to: AUTO
2025-06-19 20:53:36,395 - SUAS - DEBUG - [SUAS_main.main:677] - Waiting for mode change to: AUTO
2025-06-19 20:53:36,897 - SUAS - DEBUG - [SUAS_main.main:677] - Waiting for mode change to: AUTO
2025-06-19 20:53:37,398 - SUAS - DEBUG - [SUAS_main.main:677] - Waiting for mode change to: AUTO
2025-06-19 20:53:37,900 - SUAS - DEBUG - [SUAS_main.main:677] - Waiting for mode change to: AUTO
2025-06-19 20:53:38,401 - SUAS - DEBUG - [SUAS_main.main:677] - Waiting for mode change to: AUTO
2025-06-19 20:53:38,903 - SUAS - DEBUG - [SUAS_main.main:677] - Waiting for mode change to: AUTO
2025-06-19 20:53:39,404 - SUAS - DEBUG - [SUAS_main.main:677] - Waiting for mode change to: AUTO
2025-06-19 20:53:39,905 - SUAS - DEBUG - [SUAS_main.main:677] - Waiting for mode change to: AUTO
2025-06-19 20:53:40,407 - SUAS - DEBUG - [SUAS_main.main:677] - Waiting for mode change to: AUTO
2025-06-19 20:53:40,908 - SUAS - DEBUG - [SUAS_main.main:677] - Waiting for mode change to: AUTO
2025-06-19 20:53:41,410 - SUAS - DEBUG - [SUAS_main.main:677] - Waiting for mode change to: AUTO
2025-06-19 20:53:41,911 - SUAS - DEBUG - [SUAS_main.main:677] - Waiting for mode change to: AUTO
2025-06-19 20:53:42,413 - SUAS - DEBUG - [SUAS_main.main:677] - Waiting for mode change to: AUTO
2025-06-19 20:53:42,915 - SUAS - DEBUG - [SUAS_main.main:677] - Waiting for mode change to: AUTO
2025-06-19 20:53:43,416 - SUAS - DEBUG - [SUAS_main.main:677] - Waiting for mode change to: AUTO
2025-06-19 20:53:43,917 - SUAS - DEBUG - [SUAS_main.main:677] - Waiting for mode change to: AUTO
2025-06-19 20:53:44,419 - SUAS - DEBUG - [SUAS_main.main:677] - Waiting for mode change to: AUTO
2025-06-19 20:53:44,920 - SUAS - DEBUG - [SUAS_main.main:677] - Waiting for mode change to: AUTO
2025-06-19 20:53:45,421 - SUAS - DEBUG - [SUAS_main.main:677] - Waiting for mode change to: AUTO
2025-06-19 20:53:45,923 - SUAS - DEBUG - [SUAS_main.main:677] - Waiting for mode change to: AUTO
2025-06-19 20:53:46,424 - SUAS - DEBUG - [SUAS_main.main:677] - Waiting for mode change to: AUTO
2025-06-19 20:53:46,925 - SUAS - DEBUG - [SUAS_main.main:677] - Waiting for mode change to: AUTO
2025-06-19 20:53:47,427 - SUAS - DEBUG - [SUAS_main.main:677] - Waiting for mode change to: AUTO
2025-06-19 20:53:47,928 - SUAS - DEBUG - [SUAS_main.main:677] - Waiting for mode change to: AUTO
2025-06-19 20:53:48,429 - SUAS - DEBUG - [SUAS_main.main:677] - Waiting for mode change to: AUTO
2025-06-19 20:53:48,931 - SUAS - DEBUG - [SUAS_main.main:677] - Waiting for mode change to: AUTO
2025-06-19 20:53:49,432 - SUAS - DEBUG - [SUAS_main.main:677] - Waiting for mode change to: AUTO
2025-06-19 20:53:49,934 - SUAS - DEBUG - [SUAS_main.main:677] - Waiting for mode change to: AUTO
2025-06-19 20:53:50,435 - SUAS - DEBUG - [SUAS_main.main:677] - Waiting for mode change to: AUTO
2025-06-19 20:53:50,937 - SUAS - DEBUG - [SUAS_main.main:677] - Waiting for mode change to: AUTO
2025-06-19 20:53:51,438 - SUAS - DEBUG - [SUAS_main.main:677] - Waiting for mode change to: AUTO
2025-06-19 20:53:51,940 - SUAS - DEBUG - [SUAS_main.main:677] - Waiting for mode change to: AUTO
2025-06-19 20:53:52,441 - SUAS - DEBUG - [SUAS_main.main:677] - Waiting for mode change to: AUTO
2025-06-19 20:53:52,943 - SUAS - DEBUG - [SUAS_main.main:677] - Waiting for mode change to: AUTO
2025-06-19 20:53:53,444 - SUAS - DEBUG - [SUAS_main.main:677] - Waiting for mode change to: AUTO
2025-06-19 20:53:53,945 - SUAS - DEBUG - [SUAS_main.main:677] - Waiting for mode change to: AUTO
2025-06-19 20:53:54,447 - SUAS - DEBUG - [SUAS_main.main:677] - Waiting for mode change to: AUTO
2025-06-19 20:53:54,948 - SUAS - DEBUG - [SUAS_main.main:677] - Waiting for mode change to: AUTO
2025-06-19 20:53:55,449 - SUAS - DEBUG - [SUAS_main.main:677] - Waiting for mode change to: AUTO
2025-06-19 20:53:55,951 - SUAS - DEBUG - [SUAS_main.main:677] - Waiting for mode change to: AUTO
2025-06-19 20:53:56,452 - SUAS - DEBUG - [SUAS_main.main:677] - Waiting for mode change to: AUTO
2025-06-19 20:53:56,954 - SUAS - DEBUG - [SUAS_main.main:677] - Waiting for mode change to: AUTO
2025-06-19 20:53:57,455 - SUAS - DEBUG - [SUAS_main.main:677] - Waiting for mode change to: AUTO
2025-06-19 20:53:57,957 - SUAS - DEBUG - [SUAS_main.main:677] - Waiting for mode change to: AUTO
2025-06-19 20:53:58,459 - SUAS - DEBUG - [SUAS_main.main:677] - Waiting for mode change to: AUTO
2025-06-19 20:53:58,960 - SUAS - DEBUG - [SUAS_main.main:677] - Waiting for mode change to: AUTO
2025-06-19 20:53:59,461 - SUAS - DEBUG - [SUAS_main.main:677] - Waiting for mode change to: AUTO
2025-06-19 20:53:59,963 - SUAS - DEBUG - [SUAS_main.main:677] - Waiting for mode change to: AUTO
2025-06-19 20:54:00,464 - SUAS - DEBUG - [SUAS_main.main:677] - Waiting for mode change to: AUTO
2025-06-19 20:54:00,965 - SUAS - DEBUG - [SUAS_main.main:677] - Waiting for mode change to: AUTO
2025-06-19 20:54:01,467 - SUAS - DEBUG - [SUAS_main.main:677] - Waiting for mode change to: AUTO
2025-06-19 20:54:01,968 - SUAS - DEBUG - [SUAS_main.main:677] - Waiting for mode change to: AUTO
2025-06-19 20:54:02,469 - SUAS - DEBUG - [SUAS_main.main:677] - Waiting for mode change to: AUTO
2025-06-19 20:54:02,971 - SUAS - DEBUG - [SUAS_main.main:677] - Waiting for mode change to: AUTO
2025-06-19 20:54:03,472 - SUAS - DEBUG - [SUAS_main.main:677] - Waiting for mode change to: AUTO
2025-06-19 20:54:03,974 - SUAS - DEBUG - [SUAS_main.main:677] - Waiting for mode change to: AUTO
2025-06-19 20:54:04,475 - SUAS - DEBUG - [SUAS_main.main:677] - Waiting for mode change to: AUTO
2025-06-19 20:54:04,977 - SUAS - DEBUG - [SUAS_main.main:677] - Waiting for mode change to: AUTO
2025-06-19 20:54:05,478 - SUAS - DEBUG - [SUAS_main.main:677] - Waiting for mode change to: AUTO
2025-06-19 20:54:05,980 - SUAS - DEBUG - [SUAS_main.main:677] - Waiting for mode change to: AUTO
2025-06-19 20:54:06,481 - SUAS - DEBUG - [SUAS_main.main:677] - Waiting for mode change to: AUTO
2025-06-19 20:54:06,982 - SUAS - DEBUG - [SUAS_main.main:677] - Waiting for mode change to: AUTO
2025-06-19 20:54:07,484 - SUAS - DEBUG - [SUAS_main.main:677] - Waiting for mode change to: AUTO
2025-06-19 20:54:07,985 - SUAS - DEBUG - [SUAS_main.main:677] - Waiting for mode change to: AUTO
2025-06-19 20:54:08,487 - SUAS - DEBUG - [SUAS_main.main:677] - Waiting for mode change to: AUTO
2025-06-19 20:54:08,988 - SUAS - DEBUG - [SUAS_main.main:677] - Waiting for mode change to: AUTO
2025-06-19 20:54:09,489 - SUAS - DEBUG - [SUAS_main.main:677] - Waiting for mode change to: AUTO
2025-06-19 20:54:09,991 - SUAS - DEBUG - [SUAS_main.main:677] - Waiting for mode change to: AUTO
2025-06-19 20:54:10,492 - SUAS - DEBUG - [SUAS_main.main:677] - Waiting for mode change to: AUTO
2025-06-19 20:54:10,994 - SUAS - DEBUG - [SUAS_main.main:677] - Waiting for mode change to: AUTO
2025-06-19 20:54:11,496 - SUAS - DEBUG - [SUAS_main.main:677] - Waiting for mode change to: AUTO
2025-06-19 20:54:11,997 - SUAS - DEBUG - [SUAS_main.main:677] - Waiting for mode change to: AUTO
2025-06-19 20:54:12,499 - SUAS - DEBUG - [SUAS_main.main:677] - Waiting for mode change to: AUTO
2025-06-19 20:54:13,000 - SUAS - DEBUG - [SUAS_main.main:677] - Waiting for mode change to: AUTO
2025-06-19 20:54:13,502 - SUAS - DEBUG - [SUAS_main.main:677] - Waiting for mode change to: AUTO
2025-06-19 20:54:14,003 - SUAS - DEBUG - [SUAS_main.main:677] - Waiting for mode change to: AUTO
2025-06-19 20:54:14,504 - SUAS - DEBUG - [SUAS_main.main:677] - Waiting for mode change to: AUTO
2025-06-19 20:54:15,006 - SUAS - DEBUG - [SUAS_main.main:677] - Waiting for mode change to: AUTO
2025-06-19 20:54:15,507 - SUAS - DEBUG - [SUAS_main.main:677] - Waiting for mode change to: AUTO
2025-06-19 20:54:16,009 - SUAS - DEBUG - [SUAS_main.main:677] - Waiting for mode change to: AUTO
2025-06-19 20:54:16,510 - SUAS - DEBUG - [SUAS_main.main:677] - Waiting for mode change to: AUTO
2025-06-19 20:54:17,012 - SUAS - DEBUG - [SUAS_main.main:677] - Waiting for mode change to: AUTO
2025-06-19 20:54:17,513 - SUAS - DEBUG - [SUAS_main.main:677] - Waiting for mode change to: AUTO
2025-06-19 20:54:18,015 - SUAS - DEBUG - [SUAS_main.main:677] - Waiting for mode change to: AUTO
2025-06-19 20:54:18,516 - SUAS - DEBUG - [SUAS_main.main:677] - Waiting for mode change to: AUTO
2025-06-19 20:54:19,017 - SUAS - DEBUG - [SUAS_main.main:677] - Waiting for mode change to: AUTO
2025-06-19 20:54:19,519 - SUAS - DEBUG - [SUAS_main.main:677] - Waiting for mode change to: AUTO
2025-06-19 20:54:20,020 - SUAS - DEBUG - [SUAS_main.main:677] - Waiting for mode change to: AUTO
2025-06-19 20:54:20,521 - SUAS - DEBUG - [SUAS_main.main:677] - Waiting for mode change to: AUTO
2025-06-19 20:54:21,023 - SUAS - DEBUG - [SUAS_main.main:677] - Waiting for mode change to: AUTO
2025-06-19 20:54:21,524 - SUAS - DEBUG - [SUAS_main.main:677] - Waiting for mode change to: AUTO
2025-06-19 20:54:22,025 - SUAS - DEBUG - [SUAS_main.main:677] - Waiting for mode change to: AUTO
2025-06-19 20:54:22,527 - SUAS - DEBUG - [SUAS_main.main:677] - Waiting for mode change to: AUTO
2025-06-19 20:54:23,028 - SUAS - DEBUG - [SUAS_main.main:677] - Waiting for mode change to: AUTO
2025-06-19 20:54:23,529 - SUAS - DEBUG - [SUAS_main.main:677] - Waiting for mode change to: AUTO
2025-06-19 20:54:24,031 - SUAS - DEBUG - [SUAS_main.main:677] - Waiting for mode change to: AUTO
2025-06-19 20:54:24,532 - SUAS - DEBUG - [SUAS_main.main:677] - Waiting for mode change to: AUTO
2025-06-19 20:54:25,033 - SUAS - DEBUG - [SUAS_main.main:677] - Waiting for mode change to: AUTO
2025-06-19 20:54:25,535 - SUAS - DEBUG - [SUAS_main.main:677] - Waiting for mode change to: AUTO
2025-06-19 20:54:26,036 - SUAS - DEBUG - [SUAS_main.main:677] - Waiting for mode change to: AUTO
2025-06-19 20:54:26,538 - SUAS - DEBUG - [SUAS_main.main:677] - Waiting for mode change to: AUTO
2025-06-19 20:54:27,040 - SUAS - DEBUG - [SUAS_main.main:677] - Waiting for mode change to: AUTO
2025-06-19 20:54:27,541 - SUAS - DEBUG - [SUAS_main.main:677] - Waiting for mode change to: AUTO
2025-06-19 20:54:28,043 - SUAS - DEBUG - [SUAS_main.main:677] - Waiting for mode change to: AUTO
2025-06-19 20:54:28,544 - SUAS - DEBUG - [SUAS_main.main:677] - Waiting for mode change to: AUTO
2025-06-19 20:54:29,045 - SUAS - DEBUG - [SUAS_main.main:677] - Waiting for mode change to: AUTO
2025-06-19 20:54:29,547 - SUAS - DEBUG - [SUAS_main.main:677] - Waiting for mode change to: AUTO
2025-06-19 20:54:30,048 - SUAS - DEBUG - [SUAS_main.main:677] - Waiting for mode change to: AUTO
2025-06-19 20:54:30,549 - SUAS - DEBUG - [SUAS_main.main:677] - Waiting for mode change to: AUTO
2025-06-19 20:54:31,051 - SUAS - DEBUG - [SUAS_main.main:677] - Waiting for mode change to: AUTO
2025-06-19 20:54:31,552 - SUAS - DEBUG - [SUAS_main.main:677] - Waiting for mode change to: AUTO
2025-06-19 20:54:32,054 - SUAS - DEBUG - [SUAS_main.main:677] - Waiting for mode change to: AUTO
2025-06-19 20:54:32,555 - SUAS - DEBUG - [SUAS_main.main:677] - Waiting for mode change to: AUTO
2025-06-19 20:54:33,057 - SUAS - DEBUG - [SUAS_main.main:677] - Waiting for mode change to: AUTO
2025-06-19 20:54:33,558 - SUAS - DEBUG - [SUAS_main.main:677] - Waiting for mode change to: AUTO
2025-06-19 20:54:34,060 - SUAS - DEBUG - [SUAS_main.main:677] - Waiting for mode change to: AUTO
2025-06-19 20:54:34,561 - SUAS - DEBUG - [SUAS_main.main:677] - Waiting for mode change to: AUTO
2025-06-19 20:54:35,062 - SUAS - DEBUG - [SUAS_main.main:677] - Waiting for mode change to: AUTO
2025-06-19 20:54:35,564 - SUAS - DEBUG - [SUAS_main.main:677] - Waiting for mode change to: AUTO
2025-06-19 20:54:36,065 - SUAS - DEBUG - [SUAS_main.main:677] - Waiting for mode change to: AUTO
2025-06-19 20:54:36,567 - SUAS - DEBUG - [SUAS_main.main:677] - Waiting for mode change to: AUTO
2025-06-19 20:54:37,068 - SUAS - DEBUG - [SUAS_main.main:677] - Waiting for mode change to: AUTO
2025-06-19 20:54:37,570 - SUAS - DEBUG - [SUAS_main.main:677] - Waiting for mode change to: AUTO
2025-06-19 20:54:38,071 - SUAS - DEBUG - [SUAS_main.main:677] - Waiting for mode change to: AUTO
2025-06-19 20:54:38,572 - SUAS - DEBUG - [SUAS_main.main:677] - Waiting for mode change to: AUTO
2025-06-19 20:54:39,073 - SUAS - DEBUG - [SUAS_main.main:677] - Waiting for mode change to: AUTO
2025-06-19 20:54:39,575 - SUAS - DEBUG - [SUAS_main.main:677] - Waiting for mode change to: AUTO
2025-06-19 20:54:40,076 - SUAS - DEBUG - [SUAS_main.main:677] - Waiting for mode change to: AUTO
2025-06-19 20:54:40,578 - SUAS - DEBUG - [SUAS_main.main:677] - Waiting for mode change to: AUTO
2025-06-19 20:54:41,080 - SUAS - DEBUG - [SUAS_main.main:677] - Waiting for mode change to: AUTO
2025-06-19 20:54:41,581 - SUAS - DEBUG - [SUAS_main.main:677] - Waiting for mode change to: AUTO
2025-06-19 20:54:42,082 - SUAS - DEBUG - [SUAS_main.main:677] - Waiting for mode change to: AUTO
2025-06-19 20:54:42,584 - SUAS - DEBUG - [SUAS_main.main:677] - Waiting for mode change to: AUTO
2025-06-19 20:54:43,085 - SUAS - DEBUG - [SUAS_main.main:677] - Waiting for mode change to: AUTO
2025-06-19 20:54:43,586 - SUAS - DEBUG - [SUAS_main.main:677] - Waiting for mode change to: AUTO
2025-06-19 20:54:44,088 - SUAS - DEBUG - [SUAS_main.main:677] - Waiting for mode change to: AUTO
2025-06-19 20:54:44,589 - SUAS - DEBUG - [SUAS_main.main:677] - Waiting for mode change to: AUTO
2025-06-19 20:54:45,090 - SUAS - DEBUG - [SUAS_main.main:677] - Waiting for mode change to: AUTO
2025-06-19 20:54:45,592 - SUAS - DEBUG - [SUAS_main.main:677] - Waiting for mode change to: AUTO
2025-06-19 20:54:46,093 - SUAS - DEBUG - [SUAS_main.main:677] - Waiting for mode change to: AUTO
2025-06-19 20:54:46,595 - SUAS - DEBUG - [SUAS_main.main:677] - Waiting for mode change to: AUTO
2025-06-19 20:54:47,096 - SUAS - DEBUG - [SUAS_main.main:677] - Waiting for mode change to: AUTO
2025-06-19 20:54:47,598 - SUAS - DEBUG - [SUAS_main.main:677] - Waiting for mode change to: AUTO
2025-06-19 20:54:48,099 - SUAS - DEBUG - [SUAS_main.main:677] - Waiting for mode change to: AUTO
2025-06-19 20:54:48,601 - SUAS - DEBUG - [SUAS_main.main:677] - Waiting for mode change to: AUTO
2025-06-19 20:54:49,102 - SUAS - DEBUG - [SUAS_main.main:677] - Waiting for mode change to: AUTO
2025-06-19 20:54:49,603 - SUAS - DEBUG - [SUAS_main.main:677] - Waiting for mode change to: AUTO
2025-06-19 20:54:50,105 - SUAS - DEBUG - [SUAS_main.main:677] - Waiting for mode change to: AUTO
2025-06-19 20:54:50,606 - SUAS - DEBUG - [SUAS_main.main:677] - Waiting for mode change to: AUTO
2025-06-19 20:54:51,107 - SUAS - DEBUG - [SUAS_main.main:677] - Waiting for mode change to: AUTO
2025-06-19 20:54:51,609 - SUAS - DEBUG - [SUAS_main.main:677] - Waiting for mode change to: AUTO
2025-06-19 20:54:52,110 - SUAS - DEBUG - [SUAS_main.main:677] - Waiting for mode change to: AUTO
2025-06-19 20:54:52,612 - SUAS - DEBUG - [SUAS_main.main:677] - Waiting for mode change to: AUTO
2025-06-19 20:54:53,113 - SUAS - DEBUG - [SUAS_main.main:677] - Waiting for mode change to: AUTO
2025-06-19 20:54:53,615 - SUAS - DEBUG - [SUAS_main.main:677] - Waiting for mode change to: AUTO
2025-06-19 20:54:54,117 - SUAS - DEBUG - [SUAS_main.main:677] - Waiting for mode change to: AUTO
2025-06-19 20:54:54,618 - SUAS - DEBUG - [SUAS_main.main:677] - Waiting for mode change to: AUTO
2025-06-19 20:54:55,120 - SUAS - DEBUG - [SUAS_main.main:677] - Waiting for mode change to: AUTO
2025-06-19 20:54:55,621 - SUAS - DEBUG - [SUAS_main.main:677] - Waiting for mode change to: AUTO
2025-06-19 20:54:56,123 - SUAS - DEBUG - [SUAS_main.main:677] - Waiting for mode change to: AUTO
2025-06-19 20:54:56,624 - SUAS - DEBUG - [SUAS_main.main:677] - Waiting for mode change to: AUTO
2025-06-19 20:54:57,125 - SUAS - DEBUG - [SUAS_main.main:677] - Waiting for mode change to: AUTO
2025-06-19 20:54:57,627 - SUAS - DEBUG - [SUAS_main.main:677] - Waiting for mode change to: AUTO
2025-06-19 20:54:58,128 - SUAS - DEBUG - [SUAS_main.main:677] - Waiting for mode change to: AUTO
2025-06-19 20:54:58,629 - SUAS - DEBUG - [SUAS_main.main:677] - Waiting for mode change to: AUTO
2025-06-19 20:54:59,131 - SUAS - DEBUG - [SUAS_main.main:677] - Waiting for mode change to: AUTO
2025-06-19 20:54:59,632 - SUAS - DEBUG - [SUAS_main.main:677] - Waiting for mode change to: AUTO
2025-06-19 20:55:00,133 - SUAS - DEBUG - [SUAS_main.main:677] - Waiting for mode change to: AUTO
2025-06-19 20:55:00,635 - SUAS - DEBUG - [SUAS_main.main:677] - Waiting for mode change to: AUTO
2025-06-19 20:55:01,137 - SUAS - DEBUG - [SUAS_main.main:677] - Waiting for mode change to: AUTO
2025-06-19 20:55:01,638 - SUAS - DEBUG - [SUAS_main.main:677] - Waiting for mode change to: AUTO
2025-06-19 20:55:02,140 - SUAS - DEBUG - [SUAS_main.main:677] - Waiting for mode change to: AUTO
2025-06-19 20:55:02,641 - SUAS - DEBUG - [SUAS_main.main:677] - Waiting for mode change to: AUTO
2025-06-19 20:55:03,143 - SUAS - DEBUG - [SUAS_main.main:677] - Waiting for mode change to: AUTO
2025-06-19 20:55:03,644 - SUAS - DEBUG - [SUAS_main.main:677] - Waiting for mode change to: AUTO
2025-06-19 20:55:04,145 - SUAS - DEBUG - [SUAS_main.main:677] - Waiting for mode change to: AUTO
2025-06-19 20:55:04,647 - SUAS - DEBUG - [SUAS_main.main:677] - Waiting for mode change to: AUTO
2025-06-19 20:55:05,148 - SUAS - DEBUG - [SUAS_main.main:677] - Waiting for mode change to: AUTO
2025-06-19 20:55:05,650 - SUAS - DEBUG - [SUAS_main.main:677] - Waiting for mode change to: AUTO
2025-06-19 20:55:06,151 - SUAS - DEBUG - [SUAS_main.main:677] - Waiting for mode change to: AUTO
2025-06-19 20:55:06,652 - SUAS - DEBUG - [SUAS_main.main:677] - Waiting for mode change to: AUTO
2025-06-19 20:55:07,154 - SUAS - DEBUG - [SUAS_main.main:677] - Waiting for mode change to: AUTO
2025-06-19 20:55:07,656 - SUAS - DEBUG - [SUAS_main.main:677] - Waiting for mode change to: AUTO
2025-06-19 20:55:08,157 - SUAS - DEBUG - [SUAS_main.main:677] - Waiting for mode change to: AUTO
2025-06-19 20:55:08,659 - SUAS - DEBUG - [SUAS_main.main:677] - Waiting for mode change to: AUTO
2025-06-19 20:55:09,161 - SUAS - DEBUG - [SUAS_main.main:677] - Waiting for mode change to: AUTO
2025-06-19 20:55:09,662 - SUAS - DEBUG - [SUAS_main.main:677] - Waiting for mode change to: AUTO
2025-06-19 20:55:10,163 - SUAS - DEBUG - [SUAS_main.main:677] - Waiting for mode change to: AUTO
2025-06-19 20:55:10,665 - SUAS - DEBUG - [SUAS_main.main:677] - Waiting for mode change to: AUTO
2025-06-19 20:55:11,166 - SUAS - DEBUG - [SUAS_main.main:677] - Waiting for mode change to: AUTO
2025-06-19 20:55:11,668 - SUAS - DEBUG - [SUAS_main.main:677] - Waiting for mode change to: AUTO
2025-06-19 20:55:12,169 - SUAS - DEBUG - [SUAS_main.main:677] - Waiting for mode change to: AUTO
2025-06-19 20:55:12,670 - SUAS - DEBUG - [SUAS_main.main:677] - Waiting for mode change to: AUTO
2025-06-19 20:55:13,172 - SUAS - DEBUG - [SUAS_main.main:677] - Waiting for mode change to: AUTO
2025-06-19 20:55:13,673 - SUAS - DEBUG - [SUAS_main.main:677] - Waiting for mode change to: AUTO
2025-06-19 20:55:14,175 - SUAS - DEBUG - [SUAS_main.main:677] - Waiting for mode change to: AUTO
2025-06-19 20:55:14,676 - SUAS - DEBUG - [SUAS_main.main:677] - Waiting for mode change to: AUTO
2025-06-19 20:55:15,178 - SUAS - DEBUG - [SUAS_main.main:677] - Waiting for mode change to: AUTO
2025-06-19 20:55:15,680 - SUAS - DEBUG - [SUAS_main.main:677] - Waiting for mode change to: AUTO
2025-06-19 20:55:16,181 - SUAS - DEBUG - [SUAS_main.main:677] - Waiting for mode change to: AUTO
2025-06-19 20:55:16,682 - SUAS - DEBUG - [SUAS_main.main:677] - Waiting for mode change to: AUTO
2025-06-19 20:55:17,184 - SUAS - DEBUG - [SUAS_main.main:677] - Waiting for mode change to: AUTO
2025-06-19 20:55:17,685 - SUAS - DEBUG - [SUAS_main.main:677] - Waiting for mode change to: AUTO
2025-06-19 20:55:18,187 - SUAS - DEBUG - [SUAS_main.main:677] - Waiting for mode change to: AUTO
2025-06-19 20:55:18,688 - SUAS - DEBUG - [SUAS_main.main:677] - Waiting for mode change to: AUTO
2025-06-19 20:55:19,189 - SUAS - DEBUG - [SUAS_main.main:677] - Waiting for mode change to: AUTO
2025-06-19 20:55:19,691 - SUAS - DEBUG - [SUAS_main.main:677] - Waiting for mode change to: AUTO
2025-06-19 20:55:20,192 - SUAS - DEBUG - [SUAS_main.main:677] - Waiting for mode change to: AUTO
2025-06-19 20:55:20,693 - SUAS - DEBUG - [SUAS_main.main:677] - Waiting for mode change to: AUTO
2025-06-19 20:55:21,195 - SUAS - DEBUG - [SUAS_main.main:677] - Waiting for mode change to: AUTO
2025-06-19 20:55:21,697 - SUAS - DEBUG - [SUAS_main.main:677] - Waiting for mode change to: AUTO
2025-06-19 20:55:22,198 - SUAS - DEBUG - [SUAS_main.main:677] - Waiting for mode change to: AUTO
2025-06-19 20:55:22,700 - SUAS - DEBUG - [SUAS_main.main:677] - Waiting for mode change to: AUTO
2025-06-19 20:55:23,201 - SUAS - DEBUG - [SUAS_main.main:677] - Waiting for mode change to: AUTO
2025-06-19 20:55:23,703 - SUAS - DEBUG - [SUAS_main.main:677] - Waiting for mode change to: AUTO
2025-06-19 20:55:24,204 - SUAS - DEBUG - [SUAS_main.main:677] - Waiting for mode change to: AUTO
2025-06-19 20:55:24,705 - SUAS - DEBUG - [SUAS_main.main:677] - Waiting for mode change to: AUTO
2025-06-19 20:55:25,207 - SUAS - DEBUG - [SUAS_main.main:677] - Waiting for mode change to: AUTO
2025-06-19 20:55:25,708 - SUAS - DEBUG - [SUAS_main.main:677] - Waiting for mode change to: AUTO
2025-06-19 20:55:26,209 - SUAS - DEBUG - [SUAS_main.main:677] - Waiting for mode change to: AUTO
2025-06-19 20:55:26,711 - SUAS - DEBUG - [SUAS_main.main:677] - Waiting for mode change to: AUTO
2025-06-19 20:55:27,212 - SUAS - DEBUG - [SUAS_main.main:677] - Waiting for mode change to: AUTO
2025-06-19 20:55:27,713 - SUAS - DEBUG - [SUAS_main.main:677] - Waiting for mode change to: AUTO
2025-06-19 20:55:28,215 - SUAS - DEBUG - [SUAS_main.main:677] - Waiting for mode change to: AUTO
2025-06-19 20:55:28,717 - SUAS - DEBUG - [SUAS_main.main:677] - Waiting for mode change to: AUTO
2025-06-19 20:55:29,218 - SUAS - DEBUG - [SUAS_main.main:677] - Waiting for mode change to: AUTO
2025-06-19 20:55:29,720 - SUAS - DEBUG - [SUAS_main.main:677] - Waiting for mode change to: AUTO
2025-06-19 20:55:30,221 - SUAS - DEBUG - [SUAS_main.main:677] - Waiting for mode change to: AUTO
2025-06-19 20:55:30,723 - SUAS - DEBUG - [SUAS_main.main:677] - Waiting for mode change to: AUTO
2025-06-19 20:55:31,224 - SUAS - DEBUG - [SUAS_main.main:677] - Waiting for mode change to: AUTO
2025-06-19 20:55:31,725 - SUAS - DEBUG - [SUAS_main.main:677] - Waiting for mode change to: AUTO
2025-06-19 20:55:32,227 - SUAS - DEBUG - [SUAS_main.main:677] - Waiting for mode change to: AUTO
2025-06-19 20:55:32,728 - SUAS - DEBUG - [SUAS_main.main:677] - Waiting for mode change to: AUTO
2025-06-19 20:55:33,229 - SUAS - DEBUG - [SUAS_main.main:677] - Waiting for mode change to: AUTO
2025-06-19 20:55:33,731 - SUAS - DEBUG - [SUAS_main.main:677] - Waiting for mode change to: AUTO
2025-06-19 20:55:34,232 - SUAS - DEBUG - [SUAS_main.main:677] - Waiting for mode change to: AUTO
2025-06-19 20:55:34,733 - SUAS - DEBUG - [SUAS_main.main:677] - Waiting for mode change to: AUTO
2025-06-19 20:55:35,235 - SUAS - DEBUG - [SUAS_main.main:677] - Waiting for mode change to: AUTO
2025-06-19 20:55:35,736 - SUAS - DEBUG - [SUAS_main.main:677] - Waiting for mode change to: AUTO
2025-06-19 20:55:36,238 - SUAS - DEBUG - [SUAS_main.main:677] - Waiting for mode change to: AUTO
2025-06-19 20:55:36,739 - SUAS - DEBUG - [SUAS_main.main:677] - Waiting for mode change to: AUTO
2025-06-19 20:55:37,241 - SUAS - DEBUG - [SUAS_main.main:677] - Waiting for mode change to: AUTO
2025-06-19 20:55:37,742 - SUAS - DEBUG - [SUAS_main.main:677] - Waiting for mode change to: AUTO
2025-06-19 20:55:38,244 - SUAS - DEBUG - [SUAS_main.main:677] - Waiting for mode change to: AUTO
2025-06-19 20:55:38,745 - SUAS - DEBUG - [SUAS_main.main:677] - Waiting for mode change to: AUTO
2025-06-19 20:55:39,247 - SUAS - DEBUG - [SUAS_main.main:677] - Waiting for mode change to: AUTO
2025-06-19 20:55:39,748 - SUAS - DEBUG - [SUAS_main.main:677] - Waiting for mode change to: AUTO
2025-06-19 20:55:40,249 - SUAS - DEBUG - [SUAS_main.main:677] - Waiting for mode change to: AUTO
2025-06-19 20:55:40,751 - SUAS - DEBUG - [SUAS_main.main:677] - Waiting for mode change to: AUTO
2025-06-19 20:55:41,252 - SUAS - DEBUG - [SUAS_main.main:677] - Waiting for mode change to: AUTO
2025-06-19 20:55:41,753 - SUAS - DEBUG - [SUAS_main.main:677] - Waiting for mode change to: AUTO
2025-06-19 20:55:42,255 - SUAS - DEBUG - [SUAS_main.main:677] - Waiting for mode change to: AUTO
2025-06-19 20:55:42,757 - SUAS - DEBUG - [SUAS_main.main:677] - Waiting for mode change to: AUTO
2025-06-19 20:55:43,258 - SUAS - DEBUG - [SUAS_main.main:677] - Waiting for mode change to: AUTO
2025-06-19 20:55:43,760 - SUAS - DEBUG - [SUAS_main.main:677] - Waiting for mode change to: AUTO
2025-06-19 20:55:44,261 - SUAS - DEBUG - [SUAS_main.main:677] - Waiting for mode change to: AUTO
2025-06-19 20:55:44,763 - SUAS - DEBUG - [SUAS_main.main:677] - Waiting for mode change to: AUTO
2025-06-19 20:55:45,264 - SUAS - DEBUG - [SUAS_main.main:677] - Waiting for mode change to: AUTO
2025-06-19 20:55:45,765 - SUAS - DEBUG - [SUAS_main.main:677] - Waiting for mode change to: AUTO
2025-06-19 20:55:46,267 - SUAS - DEBUG - [SUAS_main.main:677] - Waiting for mode change to: AUTO
2025-06-19 20:55:46,768 - SUAS - DEBUG - [SUAS_main.main:677] - Waiting for mode change to: AUTO
2025-06-19 20:55:47,269 - SUAS - DEBUG - [SUAS_main.main:677] - Waiting for mode change to: AUTO
2025-06-19 20:55:47,771 - SUAS - DEBUG - [SUAS_main.main:677] - Waiting for mode change to: AUTO
2025-06-19 20:55:48,272 - SUAS - DEBUG - [SUAS_main.main:677] - Waiting for mode change to: AUTO
2025-06-19 20:55:48,773 - SUAS - DEBUG - [SUAS_main.main:677] - Waiting for mode change to: AUTO
2025-06-19 20:55:49,275 - SUAS - DEBUG - [SUAS_main.main:677] - Waiting for mode change to: AUTO
2025-06-19 20:55:49,777 - SUAS - DEBUG - [SUAS_main.main:677] - Waiting for mode change to: AUTO
2025-06-19 20:55:50,278 - SUAS - DEBUG - [SUAS_main.main:677] - Waiting for mode change to: AUTO
2025-06-19 20:55:50,780 - SUAS - DEBUG - [SUAS_main.main:677] - Waiting for mode change to: AUTO
2025-06-19 20:55:51,281 - SUAS - DEBUG - [SUAS_main.main:677] - Waiting for mode change to: AUTO
2025-06-19 20:55:51,783 - SUAS - DEBUG - [SUAS_main.main:677] - Waiting for mode change to: AUTO
2025-06-19 20:55:52,284 - SUAS - DEBUG - [SUAS_main.main:677] - Waiting for mode change to: AUTO
2025-06-19 20:55:52,785 - SUAS - DEBUG - [SUAS_main.main:677] - Waiting for mode change to: AUTO
2025-06-19 20:55:53,287 - SUAS - DEBUG - [SUAS_main.main:677] - Waiting for mode change to: AUTO
2025-06-19 20:55:53,788 - SUAS - DEBUG - [SUAS_main.main:677] - Waiting for mode change to: AUTO
2025-06-19 20:55:54,289 - SUAS - DEBUG - [SUAS_main.main:677] - Waiting for mode change to: AUTO
2025-06-19 20:55:54,791 - SUAS - DEBUG - [SUAS_main.main:677] - Waiting for mode change to: AUTO
2025-06-19 20:55:55,292 - SUAS - DEBUG - [SUAS_main.main:677] - Waiting for mode change to: AUTO
2025-06-19 20:55:55,793 - SUAS - DEBUG - [SUAS_main.main:677] - Waiting for mode change to: AUTO
2025-06-19 20:55:56,295 - SUAS - DEBUG - [SUAS_main.main:677] - Waiting for mode change to: AUTO
2025-06-19 20:55:56,797 - SUAS - DEBUG - [SUAS_main.main:677] - Waiting for mode change to: AUTO
2025-06-19 20:55:57,298 - SUAS - DEBUG - [SUAS_main.main:677] - Waiting for mode change to: AUTO
2025-06-19 20:55:57,800 - SUAS - DEBUG - [SUAS_main.main:677] - Waiting for mode change to: AUTO
2025-06-19 20:55:58,301 - SUAS - DEBUG - [SUAS_main.main:677] - Waiting for mode change to: AUTO
2025-06-19 20:55:58,803 - SUAS - DEBUG - [SUAS_main.main:677] - Waiting for mode change to: AUTO
2025-06-19 20:55:59,304 - SUAS - DEBUG - [SUAS_main.main:677] - Waiting for mode change to: AUTO
2025-06-19 20:55:59,805 - SUAS - DEBUG - [SUAS_main.main:677] - Waiting for mode change to: AUTO
2025-06-19 20:56:00,307 - SUAS - DEBUG - [SUAS_main.main:677] - Waiting for mode change to: AUTO
2025-06-19 20:56:00,808 - SUAS - DEBUG - [SUAS_main.main:677] - Waiting for mode change to: AUTO
2025-06-19 20:56:01,309 - SUAS - DEBUG - [SUAS_main.main:677] - Waiting for mode change to: AUTO
2025-06-19 20:56:01,811 - SUAS - DEBUG - [SUAS_main.main:677] - Waiting for mode change to: AUTO
2025-06-19 20:56:02,312 - SUAS - DEBUG - [SUAS_main.main:677] - Waiting for mode change to: AUTO
2025-06-19 20:56:02,813 - SUAS - DEBUG - [SUAS_main.main:677] - Waiting for mode change to: AUTO
2025-06-19 20:56:03,315 - SUAS - DEBUG - [SUAS_main.main:677] - Waiting for mode change to: AUTO
2025-06-19 20:56:03,816 - SUAS - DEBUG - [SUAS_main.main:677] - Waiting for mode change to: AUTO
2025-06-19 20:56:04,318 - SUAS - DEBUG - [SUAS_main.main:677] - Waiting for mode change to: AUTO
2025-06-19 20:56:04,820 - SUAS - DEBUG - [SUAS_main.main:677] - Waiting for mode change to: AUTO
2025-06-19 20:56:05,321 - SUAS - DEBUG - [SUAS_main.main:677] - Waiting for mode change to: AUTO
2025-06-19 20:56:05,823 - SUAS - DEBUG - [SUAS_main.main:677] - Waiting for mode change to: AUTO
2025-06-19 20:56:06,324 - SUAS - DEBUG - [SUAS_main.main:677] - Waiting for mode change to: AUTO
2025-06-19 20:56:06,825 - SUAS - DEBUG - [SUAS_main.main:677] - Waiting for mode change to: AUTO
2025-06-19 20:56:07,327 - SUAS - DEBUG - [SUAS_main.main:677] - Waiting for mode change to: AUTO
2025-06-19 20:56:07,828 - SUAS - DEBUG - [SUAS_main.main:677] - Waiting for mode change to: AUTO
2025-06-19 20:56:08,329 - SUAS - DEBUG - [SUAS_main.main:677] - Waiting for mode change to: AUTO
2025-06-19 20:56:08,831 - SUAS - DEBUG - [SUAS_main.main:677] - Waiting for mode change to: AUTO
2025-06-19 20:56:09,332 - SUAS - DEBUG - [SUAS_main.main:677] - Waiting for mode change to: AUTO
2025-06-19 20:56:09,833 - SUAS - DEBUG - [SUAS_main.main:677] - Waiting for mode change to: AUTO
2025-06-19 20:56:10,335 - SUAS - DEBUG - [SUAS_main.main:677] - Waiting for mode change to: AUTO
2025-06-19 20:56:10,837 - SUAS - DEBUG - [SUAS_main.main:677] - Waiting for mode change to: AUTO
2025-06-19 20:56:11,339 - SUAS - DEBUG - [SUAS_main.main:677] - Waiting for mode change to: AUTO
2025-06-19 20:56:11,840 - SUAS - DEBUG - [SUAS_main.main:677] - Waiting for mode change to: AUTO
2025-06-19 20:56:12,341 - SUAS - DEBUG - [SUAS_main.main:677] - Waiting for mode change to: AUTO
2025-06-19 20:56:12,843 - SUAS - DEBUG - [SUAS_main.main:677] - Waiting for mode change to: AUTO
2025-06-19 20:56:13,344 - SUAS - DEBUG - [SUAS_main.main:677] - Waiting for mode change to: AUTO
2025-06-19 20:56:13,845 - SUAS - DEBUG - [SUAS_main.main:677] - Waiting for mode change to: AUTO
2025-06-19 20:56:14,347 - SUAS - DEBUG - [SUAS_main.main:677] - Waiting for mode change to: AUTO
2025-06-19 20:56:14,848 - SUAS - DEBUG - [SUAS_main.main:677] - Waiting for mode change to: AUTO
2025-06-19 20:56:15,349 - SUAS - DEBUG - [SUAS_main.main:677] - Waiting for mode change to: AUTO
2025-06-19 20:56:15,851 - SUAS - DEBUG - [SUAS_main.main:677] - Waiting for mode change to: AUTO
2025-06-19 20:56:16,352 - SUAS - DEBUG - [SUAS_main.main:677] - Waiting for mode change to: AUTO
2025-06-19 20:56:16,853 - SUAS - DEBUG - [SUAS_main.main:677] - Waiting for mode change to: AUTO
2025-06-19 20:56:17,355 - SUAS - DEBUG - [SUAS_main.main:677] - Waiting for mode change to: AUTO
2025-06-19 20:56:17,857 - SUAS - DEBUG - [SUAS_main.main:677] - Waiting for mode change to: AUTO
2025-06-19 20:56:18,358 - SUAS - DEBUG - [SUAS_main.main:677] - Waiting for mode change to: AUTO
2025-06-19 20:56:18,860 - SUAS - DEBUG - [SUAS_main.main:677] - Waiting for mode change to: AUTO
2025-06-19 20:56:19,361 - SUAS - DEBUG - [SUAS_main.main:677] - Waiting for mode change to: AUTO
2025-06-19 20:56:19,862 - SUAS - DEBUG - [SUAS_main.main:677] - Waiting for mode change to: AUTO
2025-06-19 20:56:20,364 - SUAS - DEBUG - [SUAS_main.main:677] - Waiting for mode change to: AUTO
2025-06-19 20:56:20,865 - SUAS - DEBUG - [SUAS_main.main:677] - Waiting for mode change to: AUTO
2025-06-19 20:56:21,367 - SUAS - DEBUG - [SUAS_main.main:677] - Waiting for mode change to: AUTO
2025-06-19 20:56:21,868 - SUAS - DEBUG - [SUAS_main.main:677] - Waiting for mode change to: AUTO
2025-06-19 20:56:22,369 - SUAS - DEBUG - [SUAS_main.main:677] - Waiting for mode change to: AUTO
2025-06-19 20:56:22,871 - SUAS - DEBUG - [SUAS_main.main:677] - Waiting for mode change to: AUTO
2025-06-19 20:56:23,372 - SUAS - DEBUG - [SUAS_main.main:677] - Waiting for mode change to: AUTO
2025-06-19 20:56:23,874 - SUAS - DEBUG - [SUAS_main.main:677] - Waiting for mode change to: AUTO
2025-06-19 20:56:24,376 - SUAS - DEBUG - [SUAS_main.main:677] - Waiting for mode change to: AUTO
2025-06-19 20:56:24,877 - SUAS - DEBUG - [SUAS_main.main:677] - Waiting for mode change to: AUTO
2025-06-19 20:56:25,379 - SUAS - DEBUG - [SUAS_main.main:677] - Waiting for mode change to: AUTO
2025-06-19 20:56:25,880 - SUAS - DEBUG - [SUAS_main.main:677] - Waiting for mode change to: AUTO
2025-06-19 20:56:26,382 - SUAS - DEBUG - [SUAS_main.main:677] - Waiting for mode change to: AUTO
2025-06-19 20:56:26,883 - SUAS - DEBUG - [SUAS_main.main:677] - Waiting for mode change to: AUTO
2025-06-19 20:56:27,385 - SUAS - DEBUG - [SUAS_main.main:677] - Waiting for mode change to: AUTO
2025-06-19 20:56:27,886 - SUAS - DEBUG - [SUAS_main.main:677] - Waiting for mode change to: AUTO
2025-06-19 20:56:28,388 - SUAS - DEBUG - [SUAS_main.main:677] - Waiting for mode change to: AUTO
2025-06-19 20:56:28,889 - SUAS - DEBUG - [SUAS_main.main:677] - Waiting for mode change to: AUTO
2025-06-19 20:56:29,391 - SUAS - DEBUG - [SUAS_main.main:677] - Waiting for mode change to: AUTO
2025-06-19 20:56:29,892 - SUAS - DEBUG - [SUAS_main.main:677] - Waiting for mode change to: AUTO
2025-06-19 20:56:30,393 - SUAS - DEBUG - [SUAS_main.main:677] - Waiting for mode change to: AUTO
2025-06-19 20:56:30,895 - SUAS - DEBUG - [SUAS_main.main:677] - Waiting for mode change to: AUTO
2025-06-19 20:56:31,396 - SUAS - DEBUG - [SUAS_main.main:677] - Waiting for mode change to: AUTO
2025-06-19 20:56:31,898 - SUAS - DEBUG - [SUAS_main.main:677] - Waiting for mode change to: AUTO
2025-06-19 20:56:32,399 - SUAS - DEBUG - [SUAS_main.main:677] - Waiting for mode change to: AUTO
2025-06-19 20:56:32,901 - SUAS - DEBUG - [SUAS_main.main:677] - Waiting for mode change to: AUTO
2025-06-19 20:56:33,402 - SUAS - DEBUG - [SUAS_main.main:677] - Waiting for mode change to: AUTO
2025-06-19 20:56:33,904 - SUAS - DEBUG - [SUAS_main.main:677] - Waiting for mode change to: AUTO
2025-06-19 20:56:34,405 - SUAS - DEBUG - [SUAS_main.main:677] - Waiting for mode change to: AUTO
2025-06-19 20:56:34,906 - SUAS - DEBUG - [SUAS_main.main:677] - Waiting for mode change to: AUTO
2025-06-19 20:56:35,407 - SUAS - DEBUG - [SUAS_main.main:677] - Waiting for mode change to: AUTO
2025-06-19 20:56:35,909 - SUAS - DEBUG - [SUAS_main.main:677] - Waiting for mode change to: AUTO
2025-06-19 20:56:36,410 - SUAS - DEBUG - [SUAS_main.main:677] - Waiting for mode change to: AUTO
2025-06-19 20:56:36,911 - SUAS - DEBUG - [SUAS_main.main:677] - Waiting for mode change to: AUTO
2025-06-19 20:56:37,413 - SUAS - DEBUG - [SUAS_main.main:677] - Waiting for mode change to: AUTO
2025-06-19 20:56:37,914 - SUAS - DEBUG - [SUAS_main.main:677] - Waiting for mode change to: AUTO
2025-06-19 20:56:38,416 - SUAS - DEBUG - [SUAS_main.main:677] - Waiting for mode change to: AUTO
2025-06-19 20:56:38,917 - SUAS - DEBUG - [SUAS_main.main:677] - Waiting for mode change to: AUTO
2025-06-19 20:56:39,419 - SUAS - DEBUG - [SUAS_main.main:677] - Waiting for mode change to: AUTO
2025-06-19 20:56:39,921 - SUAS - DEBUG - [SUAS_main.main:677] - Waiting for mode change to: AUTO
2025-06-19 20:56:40,422 - SUAS - DEBUG - [SUAS_main.main:677] - Waiting for mode change to: AUTO
2025-06-19 20:56:40,924 - SUAS - DEBUG - [SUAS_main.main:677] - Waiting for mode change to: AUTO
2025-06-19 20:56:41,425 - SUAS - DEBUG - [SUAS_main.main:677] - Waiting for mode change to: AUTO
2025-06-19 20:56:41,927 - SUAS - DEBUG - [SUAS_main.main:677] - Waiting for mode change to: AUTO
2025-06-19 20:56:42,428 - SUAS - DEBUG - [SUAS_main.main:677] - Waiting for mode change to: AUTO
2025-06-19 20:56:42,929 - SUAS - DEBUG - [SUAS_main.main:677] - Waiting for mode change to: AUTO
2025-06-19 20:56:43,431 - SUAS - DEBUG - [SUAS_main.main:677] - Waiting for mode change to: AUTO
2025-06-19 20:56:43,932 - SUAS - DEBUG - [SUAS_main.main:677] - Waiting for mode change to: AUTO
2025-06-19 20:56:44,433 - SUAS - DEBUG - [SUAS_main.main:677] - Waiting for mode change to: AUTO
2025-06-19 20:56:44,935 - SUAS - DEBUG - [SUAS_main.main:677] - Waiting for mode change to: AUTO
2025-06-19 20:56:45,437 - SUAS - DEBUG - [SUAS_main.main:677] - Waiting for mode change to: AUTO
2025-06-19 20:56:45,938 - SUAS - DEBUG - [SUAS_main.main:677] - Waiting for mode change to: AUTO
2025-06-19 20:56:46,440 - SUAS - DEBUG - [SUAS_main.main:677] - Waiting for mode change to: AUTO
2025-06-19 20:56:46,941 - SUAS - DEBUG - [SUAS_main.main:677] - Waiting for mode change to: AUTO
2025-06-19 20:56:47,443 - SUAS - DEBUG - [SUAS_main.main:677] - Waiting for mode change to: AUTO
2025-06-19 20:56:47,944 - SUAS - DEBUG - [SUAS_main.main:677] - Waiting for mode change to: AUTO
2025-06-19 20:56:48,446 - SUAS - DEBUG - [SUAS_main.main:677] - Waiting for mode change to: AUTO
2025-06-19 20:56:48,947 - SUAS - DEBUG - [SUAS_main.main:677] - Waiting for mode change to: AUTO
2025-06-19 20:56:49,449 - SUAS - DEBUG - [SUAS_main.main:677] - Waiting for mode change to: AUTO
2025-06-19 20:56:49,950 - SUAS - DEBUG - [SUAS_main.main:677] - Waiting for mode change to: AUTO
2025-06-19 20:56:50,451 - SUAS - DEBUG - [SUAS_main.main:677] - Waiting for mode change to: AUTO
2025-06-19 20:56:50,953 - SUAS - DEBUG - [SUAS_main.main:677] - Waiting for mode change to: AUTO
2025-06-19 20:56:51,454 - SUAS - DEBUG - [SUAS_main.main:677] - Waiting for mode change to: AUTO
2025-06-19 20:56:51,956 - SUAS - DEBUG - [SUAS_main.main:677] - Waiting for mode change to: AUTO
2025-06-19 20:56:52,458 - SUAS - DEBUG - [SUAS_main.main:677] - Waiting for mode change to: AUTO
2025-06-19 20:56:52,959 - SUAS - DEBUG - [SUAS_main.main:677] - Waiting for mode change to: AUTO
2025-06-19 20:56:53,461 - SUAS - DEBUG - [SUAS_main.main:677] - Waiting for mode change to: AUTO
2025-06-19 20:56:53,962 - SUAS - DEBUG - [SUAS_main.main:677] - Waiting for mode change to: AUTO
2025-06-19 20:56:54,464 - SUAS - DEBUG - [SUAS_main.main:677] - Waiting for mode change to: AUTO
2025-06-19 20:56:54,965 - SUAS - DEBUG - [SUAS_main.main:677] - Waiting for mode change to: AUTO
2025-06-19 20:56:55,466 - SUAS - DEBUG - [SUAS_main.main:677] - Waiting for mode change to: AUTO
2025-06-19 20:56:55,968 - SUAS - DEBUG - [SUAS_main.main:677] - Waiting for mode change to: AUTO
2025-06-19 20:56:56,469 - SUAS - DEBUG - [SUAS_main.main:677] - Waiting for mode change to: AUTO
2025-06-19 20:56:56,971 - SUAS - DEBUG - [SUAS_main.main:677] - Waiting for mode change to: AUTO
2025-06-19 20:56:57,472 - SUAS - DEBUG - [SUAS_main.main:677] - Waiting for mode change to: AUTO
2025-06-19 20:56:57,973 - SUAS - DEBUG - [SUAS_main.main:677] - Waiting for mode change to: AUTO
2025-06-19 20:56:58,475 - SUAS - DEBUG - [SUAS_main.main:677] - Waiting for mode change to: AUTO
2025-06-19 20:56:58,977 - SUAS - DEBUG - [SUAS_main.main:677] - Waiting for mode change to: AUTO
2025-06-19 20:56:59,478 - SUAS - DEBUG - [SUAS_main.main:677] - Waiting for mode change to: AUTO
2025-06-19 20:56:59,980 - SUAS - DEBUG - [SUAS_main.main:677] - Waiting for mode change to: AUTO
2025-06-19 20:57:00,481 - SUAS - DEBUG - [SUAS_main.main:677] - Waiting for mode change to: AUTO
2025-06-19 20:57:00,983 - SUAS - DEBUG - [SUAS_main.main:677] - Waiting for mode change to: AUTO
2025-06-19 20:57:01,484 - SUAS - DEBUG - [SUAS_main.main:677] - Waiting for mode change to: AUTO
2025-06-19 20:57:01,985 - SUAS - DEBUG - [SUAS_main.main:677] - Waiting for mode change to: AUTO
2025-06-19 20:57:02,487 - SUAS - DEBUG - [SUAS_main.main:677] - Waiting for mode change to: AUTO
2025-06-19 20:57:02,989 - SUAS - DEBUG - [SUAS_main.main:677] - Waiting for mode change to: AUTO
2025-06-19 20:57:03,490 - SUAS - DEBUG - [SUAS_main.main:677] - Waiting for mode change to: AUTO
2025-06-19 20:57:03,992 - SUAS - DEBUG - [SUAS_main.main:677] - Waiting for mode change to: AUTO
2025-06-19 20:57:04,493 - SUAS - DEBUG - [SUAS_main.main:677] - Waiting for mode change to: AUTO
2025-06-19 20:57:04,995 - SUAS - DEBUG - [SUAS_main.main:677] - Waiting for mode change to: AUTO
2025-06-19 20:57:05,497 - SUAS - DEBUG - [SUAS_main.main:677] - Waiting for mode change to: AUTO
2025-06-19 20:57:05,998 - SUAS - DEBUG - [SUAS_main.main:677] - Waiting for mode change to: AUTO
2025-06-19 20:57:06,500 - SUAS - DEBUG - [SUAS_main.main:677] - Waiting for mode change to: AUTO
2025-06-19 20:57:07,001 - SUAS - DEBUG - [SUAS_main.main:677] - Waiting for mode change to: AUTO
2025-06-19 20:57:07,503 - SUAS - DEBUG - [SUAS_main.main:677] - Waiting for mode change to: AUTO
2025-06-19 20:57:08,037 - SUAS - DEBUG - [SUAS_main.main:677] - Waiting for mode change to: AUTO
2025-06-19 20:57:08,539 - SUAS - DEBUG - [SUAS_main.main:677] - Waiting for mode change to: AUTO
2025-06-19 20:57:09,040 - SUAS - DEBUG - [SUAS_main.main:677] - Waiting for mode change to: AUTO
2025-06-19 20:57:09,542 - SUAS - DEBUG - [SUAS_main.main:677] - Waiting for mode change to: AUTO
2025-06-19 20:57:10,043 - SUAS - DEBUG - [SUAS_main.main:677] - Waiting for mode change to: AUTO
2025-06-19 20:57:10,545 - SUAS - DEBUG - [SUAS_main.main:677] - Waiting for mode change to: AUTO
2025-06-19 20:57:11,046 - SUAS - DEBUG - [SUAS_main.main:677] - Waiting for mode change to: AUTO
2025-06-19 20:57:11,548 - SUAS - DEBUG - [SUAS_main.main:677] - Waiting for mode change to: AUTO
2025-06-19 20:57:12,049 - SUAS - DEBUG - [SUAS_main.main:677] - Waiting for mode change to: AUTO
2025-06-19 20:57:12,551 - SUAS - DEBUG - [SUAS_main.main:677] - Waiting for mode change to: AUTO
2025-06-19 20:57:13,085 - SUAS - DEBUG - [SUAS_main.main:677] - Waiting for mode change to: AUTO
2025-06-19 20:57:13,587 - SUAS - DEBUG - [SUAS_main.main:677] - Waiting for mode change to: AUTO
2025-06-19 20:57:14,088 - SUAS - DEBUG - [SUAS_main.main:677] - Waiting for mode change to: AUTO
2025-06-19 20:57:14,589 - SUAS - DEBUG - [SUAS_main.main:677] - Waiting for mode change to: AUTO
2025-06-19 20:57:15,091 - SUAS - DEBUG - [SUAS_main.main:677] - Waiting for mode change to: AUTO
2025-06-19 20:57:15,592 - SUAS - DEBUG - [SUAS_main.main:677] - Waiting for mode change to: AUTO
2025-06-19 20:57:16,094 - SUAS - DEBUG - [SUAS_main.main:677] - Waiting for mode change to: AUTO
2025-06-19 20:57:16,595 - SUAS - DEBUG - [SUAS_main.main:677] - Waiting for mode change to: AUTO
2025-06-19 20:57:17,097 - SUAS - DEBUG - [SUAS_main.main:677] - Waiting for mode change to: AUTO
2025-06-19 20:57:17,599 - SUAS - DEBUG - [SUAS_main.main:677] - Waiting for mode change to: AUTO
2025-06-19 20:57:18,100 - SUAS - DEBUG - [SUAS_main.main:677] - Waiting for mode change to: AUTO
2025-06-19 20:57:18,602 - SUAS - DEBUG - [SUAS_main.main:677] - Waiting for mode change to: AUTO
2025-06-19 20:57:19,103 - SUAS - DEBUG - [SUAS_main.main:677] - Waiting for mode change to: AUTO
2025-06-19 20:57:19,605 - SUAS - DEBUG - [SUAS_main.main:677] - Waiting for mode change to: AUTO
2025-06-19 20:57:20,106 - SUAS - DEBUG - [SUAS_main.main:677] - Waiting for mode change to: AUTO
2025-06-19 20:57:20,608 - SUAS - DEBUG - [SUAS_main.main:677] - Waiting for mode change to: AUTO
2025-06-19 20:57:21,109 - SUAS - DEBUG - [SUAS_main.main:677] - Waiting for mode change to: AUTO
2025-06-19 20:57:21,610 - SUAS - DEBUG - [SUAS_main.main:677] - Waiting for mode change to: AUTO
2025-06-19 20:57:22,112 - SUAS - DEBUG - [SUAS_main.main:677] - Waiting for mode change to: AUTO
2025-06-19 20:57:22,613 - SUAS - DEBUG - [SUAS_main.main:677] - Waiting for mode change to: AUTO
2025-06-19 20:57:23,115 - SUAS - DEBUG - [SUAS_main.main:677] - Waiting for mode change to: AUTO
2025-06-19 20:57:23,617 - SUAS - DEBUG - [SUAS_main.main:677] - Waiting for mode change to: AUTO
2025-06-19 20:57:24,119 - SUAS - DEBUG - [SUAS_main.main:677] - Waiting for mode change to: AUTO
2025-06-19 20:57:24,620 - SUAS - DEBUG - [SUAS_main.main:677] - Waiting for mode change to: AUTO
2025-06-19 20:57:25,122 - SUAS - DEBUG - [SUAS_main.main:677] - Waiting for mode change to: AUTO
2025-06-19 20:57:25,623 - SUAS - DEBUG - [SUAS_main.main:677] - Waiting for mode change to: AUTO
2025-06-19 20:57:26,125 - SUAS - DEBUG - [SUAS_main.main:677] - Waiting for mode change to: AUTO
2025-06-19 20:57:26,626 - SUAS - DEBUG - [SUAS_main.main:677] - Waiting for mode change to: AUTO
2025-06-19 20:57:27,127 - SUAS - DEBUG - [SUAS_main.main:677] - Waiting for mode change to: AUTO
2025-06-19 20:57:27,629 - SUAS - DEBUG - [SUAS_main.main:677] - Waiting for mode change to: AUTO
2025-06-19 20:57:28,131 - SUAS - DEBUG - [SUAS_main.main:677] - Waiting for mode change to: AUTO
2025-06-19 20:57:28,631 - SUAS - DEBUG - [SUAS_main.main:677] - Waiting for mode change to: AUTO
2025-06-19 20:57:29,165 - SUAS - DEBUG - [SUAS_main.main:677] - Waiting for mode change to: AUTO
2025-06-19 20:57:29,667 - SUAS - DEBUG - [SUAS_main.main:677] - Waiting for mode change to: AUTO
2025-06-19 20:57:30,168 - SUAS - DEBUG - [SUAS_main.main:677] - Waiting for mode change to: AUTO
2025-06-19 20:57:30,670 - SUAS - DEBUG - [SUAS_main.main:677] - Waiting for mode change to: AUTO
2025-06-19 20:57:31,171 - SUAS - DEBUG - [SUAS_main.main:677] - Waiting for mode change to: AUTO
2025-06-19 20:57:31,672 - SUAS - DEBUG - [SUAS_main.main:677] - Waiting for mode change to: AUTO
2025-06-19 20:57:32,174 - SUAS - DEBUG - [SUAS_main.main:677] - Waiting for mode change to: AUTO
2025-06-19 20:57:32,675 - SUAS - DEBUG - [SUAS_main.main:677] - Waiting for mode change to: AUTO
2025-06-19 20:57:33,177 - SUAS - DEBUG - [SUAS_main.main:677] - Waiting for mode change to: AUTO
2025-06-19 20:57:33,678 - SUAS - DEBUG - [SUAS_main.main:677] - Waiting for mode change to: AUTO
2025-06-19 20:57:34,179 - SUAS - DEBUG - [SUAS_main.main:677] - Waiting for mode change to: AUTO
2025-06-19 20:57:34,681 - SUAS - DEBUG - [SUAS_main.main:677] - Waiting for mode change to: AUTO
2025-06-19 20:57:35,182 - SUAS - DEBUG - [SUAS_main.main:677] - Waiting for mode change to: AUTO
2025-06-19 20:57:35,684 - SUAS - DEBUG - [SUAS_main.main:677] - Waiting for mode change to: AUTO
2025-06-19 20:57:36,185 - SUAS - DEBUG - [SUAS_main.main:677] - Waiting for mode change to: AUTO
2025-06-19 20:57:36,687 - SUAS - DEBUG - [SUAS_main.main:677] - Waiting for mode change to: AUTO
2025-06-19 20:57:37,188 - SUAS - DEBUG - [SUAS_main.main:677] - Waiting for mode change to: AUTO
2025-06-19 20:57:37,689 - SUAS - DEBUG - [SUAS_main.main:677] - Waiting for mode change to: AUTO
2025-06-19 20:57:38,191 - SUAS - DEBUG - [SUAS_main.main:677] - Waiting for mode change to: AUTO
2025-06-19 20:57:38,692 - SUAS - DEBUG - [SUAS_main.main:677] - Waiting for mode change to: AUTO
2025-06-19 20:57:39,193 - SUAS - DEBUG - [SUAS_main.main:677] - Waiting for mode change to: AUTO
2025-06-19 20:57:39,695 - SUAS - DEBUG - [SUAS_main.main:677] - Waiting for mode change to: AUTO
2025-06-19 20:57:40,197 - SUAS - DEBUG - [SUAS_main.main:677] - Waiting for mode change to: AUTO
2025-06-19 20:57:40,698 - SUAS - DEBUG - [SUAS_main.main:677] - Waiting for mode change to: AUTO
2025-06-19 20:57:41,200 - SUAS - DEBUG - [SUAS_main.main:677] - Waiting for mode change to: AUTO
2025-06-19 20:57:41,701 - SUAS - DEBUG - [SUAS_main.main:677] - Waiting for mode change to: AUTO
2025-06-19 20:57:42,203 - SUAS - DEBUG - [SUAS_main.main:677] - Waiting for mode change to: AUTO
2025-06-19 20:57:42,704 - SUAS - DEBUG - [SUAS_main.main:677] - Waiting for mode change to: AUTO
2025-06-19 20:57:43,205 - SUAS - DEBUG - [SUAS_main.main:677] - Waiting for mode change to: AUTO
2025-06-19 20:57:43,707 - SUAS - DEBUG - [SUAS_main.main:677] - Waiting for mode change to: AUTO
2025-06-19 20:57:44,208 - SUAS - DEBUG - [SUAS_main.main:677] - Waiting for mode change to: AUTO
2025-06-19 20:57:44,709 - SUAS - DEBUG - [SUAS_main.main:677] - Waiting for mode change to: AUTO
2025-06-19 20:57:45,211 - SUAS - DEBUG - [SUAS_main.main:677] - Waiting for mode change to: AUTO
2025-06-19 20:57:45,712 - SUAS - DEBUG - [SUAS_main.main:677] - Waiting for mode change to: AUTO
2025-06-19 20:57:46,213 - SUAS - DEBUG - [SUAS_main.main:677] - Waiting for mode change to: AUTO
2025-06-19 20:57:46,715 - SUAS - DEBUG - [SUAS_main.main:677] - Waiting for mode change to: AUTO
2025-06-19 20:57:47,216 - SUAS - DEBUG - [SUAS_main.main:677] - Waiting for mode change to: AUTO
2025-06-19 20:57:47,717 - SUAS - DEBUG - [SUAS_main.main:677] - Waiting for mode change to: AUTO
2025-06-19 20:57:48,219 - SUAS - DEBUG - [SUAS_main.main:677] - Waiting for mode change to: AUTO
2025-06-19 20:57:48,720 - SUAS - DEBUG - [SUAS_main.main:677] - Waiting for mode change to: AUTO
2025-06-19 20:57:49,222 - SUAS - DEBUG - [SUAS_main.main:677] - Waiting for mode change to: AUTO
2025-06-19 20:57:49,723 - SUAS - DEBUG - [SUAS_main.main:677] - Waiting for mode change to: AUTO
2025-06-19 20:57:50,225 - SUAS - DEBUG - [SUAS_main.main:677] - Waiting for mode change to: AUTO
2025-06-19 20:57:50,726 - SUAS - DEBUG - [SUAS_main.main:677] - Waiting for mode change to: AUTO
2025-06-19 20:57:51,228 - SUAS - DEBUG - [SUAS_main.main:677] - Waiting for mode change to: AUTO
2025-06-19 20:57:51,729 - SUAS - DEBUG - [SUAS_main.main:677] - Waiting for mode change to: AUTO
2025-06-19 20:57:52,231 - SUAS - DEBUG - [SUAS_main.main:677] - Waiting for mode change to: AUTO
2025-06-19 20:57:52,732 - SUAS - DEBUG - [SUAS_main.main:677] - Waiting for mode change to: AUTO
2025-06-19 20:57:53,233 - SUAS - DEBUG - [SUAS_main.main:677] - Waiting for mode change to: AUTO
2025-06-19 20:57:53,735 - SUAS - DEBUG - [SUAS_main.main:677] - Waiting for mode change to: AUTO
2025-06-19 20:57:54,237 - SUAS - DEBUG - [SUAS_main.main:677] - Waiting for mode change to: AUTO
2025-06-19 20:57:54,738 - SUAS - DEBUG - [SUAS_main.main:677] - Waiting for mode change to: AUTO
2025-06-19 20:57:55,240 - SUAS - DEBUG - [SUAS_main.main:677] - Waiting for mode change to: AUTO
2025-06-19 20:57:55,741 - SUAS - DEBUG - [SUAS_main.main:677] - Waiting for mode change to: AUTO
2025-06-19 20:57:56,243 - SUAS - DEBUG - [SUAS_main.main:677] - Waiting for mode change to: AUTO
2025-06-19 20:57:56,744 - SUAS - DEBUG - [SUAS_main.main:677] - Waiting for mode change to: AUTO
2025-06-19 20:57:57,246 - SUAS - DEBUG - [SUAS_main.main:677] - Waiting for mode change to: AUTO
2025-06-19 20:57:57,747 - SUAS - DEBUG - [SUAS_main.main:677] - Waiting for mode change to: AUTO
2025-06-19 20:57:58,248 - SUAS - DEBUG - [SUAS_main.main:677] - Waiting for mode change to: AUTO
2025-06-19 20:57:58,750 - SUAS - DEBUG - [SUAS_main.main:677] - Waiting for mode change to: AUTO
2025-06-19 20:57:59,251 - SUAS - DEBUG - [SUAS_main.main:677] - Waiting for mode change to: AUTO
2025-06-19 20:57:59,753 - SUAS - DEBUG - [SUAS_main.main:677] - Waiting for mode change to: AUTO
2025-06-19 20:58:00,254 - SUAS - DEBUG - [SUAS_main.main:677] - Waiting for mode change to: AUTO
2025-06-19 20:58:00,756 - SUAS - DEBUG - [SUAS_main.main:677] - Waiting for mode change to: AUTO
2025-06-19 20:58:01,257 - SUAS - DEBUG - [SUAS_main.main:677] - Waiting for mode change to: AUTO
2025-06-19 20:58:01,759 - SUAS - DEBUG - [SUAS_main.main:677] - Waiting for mode change to: AUTO
2025-06-19 20:58:02,260 - SUAS - DEBUG - [SUAS_main.main:677] - Waiting for mode change to: AUTO
2025-06-19 20:58:02,762 - SUAS - DEBUG - [SUAS_main.main:677] - Waiting for mode change to: AUTO
2025-06-19 20:58:03,263 - SUAS - DEBUG - [SUAS_main.main:677] - Waiting for mode change to: AUTO
2025-06-19 20:58:03,765 - SUAS - DEBUG - [SUAS_main.main:677] - Waiting for mode change to: AUTO
2025-06-19 20:58:04,266 - SUAS - DEBUG - [SUAS_main.main:677] - Waiting for mode change to: AUTO
2025-06-19 20:58:04,768 - SUAS - DEBUG - [SUAS_main.main:677] - Waiting for mode change to: AUTO
2025-06-19 20:58:04,875 - SUAS - DEBUG - [SUAS_main.watcher:157] - Mode changed: POSHOLD -> ALT_HOLD
2025-06-19 20:58:04,875 - SUAS - DEBUG - [SUAS_main.pasue:130] - Pausing execution in mode: ALT_HOLD
2025-06-19 21:04:32,882 - SUAS - DEBUG - [SUAS_main.watcher:157] - Mode changed: ALT_HOLD -> AUTO
2025-06-19 21:04:32,883 - SUAS - DEBUG - [SUAS_main.main:682] - Land Location: (38.8507921, -76.6997645, 0.116)
2025-06-19 21:04:32,884 - SUAS - DEBUG - [SUAS_main.main:683] - Mode: AUTO
2025-06-19 21:04:32,884 - SUAS - DEBUG - [SUAS_main.main:685] - aga ilk otoyol
2025-06-19 21:04:33,887 - SUAS - DEBUG - [SUAS_main.main:691] - next wp: 1
2025-06-19 21:04:33,888 - SUAS - DEBUG - [SUAS_main.main:692] - wp_num:6
2025-06-19 21:04:34,889 - SUAS - DEBUG - [SUAS_main.main:691] - next wp: 1
2025-06-19 21:04:34,890 - SUAS - DEBUG - [SUAS_main.main:692] - wp_num:6
2025-06-19 21:04:35,892 - SUAS - DEBUG - [SUAS_main.main:691] - next wp: 1
2025-06-19 21:04:35,893 - SUAS - DEBUG - [SUAS_main.main:692] - wp_num:6
2025-06-19 21:04:36,895 - SUAS - DEBUG - [SUAS_main.main:691] - next wp: 1
2025-06-19 21:04:36,895 - SUAS - DEBUG - [SUAS_main.main:692] - wp_num:6
2025-06-19 21:04:37,897 - SUAS - DEBUG - [SUAS_main.main:691] - next wp: 1
2025-06-19 21:04:37,898 - SUAS - DEBUG - [SUAS_main.main:692] - wp_num:6
2025-06-19 21:04:38,900 - SUAS - DEBUG - [SUAS_main.main:691] - next wp: 1
2025-06-19 21:04:38,901 - SUAS - DEBUG - [SUAS_main.main:692] - wp_num:6
2025-06-19 21:04:39,903 - SUAS - DEBUG - [SUAS_main.main:691] - next wp: 1
2025-06-19 21:04:39,904 - SUAS - DEBUG - [SUAS_main.main:692] - wp_num:6
2025-06-19 21:04:40,905 - SUAS - DEBUG - [SUAS_main.main:691] - next wp: 1
2025-06-19 21:04:40,906 - SUAS - DEBUG - [SUAS_main.main:692] - wp_num:6
2025-06-19 21:04:41,909 - SUAS - DEBUG - [SUAS_main.main:691] - next wp: 1
2025-06-19 21:04:41,910 - SUAS - DEBUG - [SUAS_main.main:692] - wp_num:6
2025-06-19 21:04:42,911 - SUAS - DEBUG - [SUAS_main.main:691] - next wp: 1
2025-06-19 21:04:42,912 - SUAS - DEBUG - [SUAS_main.main:692] - wp_num:6
2025-06-19 21:04:43,913 - SUAS - DEBUG - [SUAS_main.main:691] - next wp: 1
2025-06-19 21:04:43,914 - SUAS - DEBUG - [SUAS_main.main:692] - wp_num:6
2025-06-19 21:04:44,916 - SUAS - DEBUG - [SUAS_main.main:691] - next wp: 1
2025-06-19 21:04:44,917 - SUAS - DEBUG - [SUAS_main.main:692] - wp_num:6
2025-06-19 21:04:45,919 - SUAS - DEBUG - [SUAS_main.main:691] - next wp: 2
2025-06-19 21:04:45,920 - SUAS - DEBUG - [SUAS_main.main:692] - wp_num:6
2025-06-19 21:04:46,921 - SUAS - DEBUG - [SUAS_main.main:691] - next wp: 2
2025-06-19 21:04:46,922 - SUAS - DEBUG - [SUAS_main.main:692] - wp_num:6
2025-06-19 21:04:47,925 - SUAS - DEBUG - [SUAS_main.main:691] - next wp: 2
2025-06-19 21:04:47,925 - SUAS - DEBUG - [SUAS_main.main:692] - wp_num:6
2025-06-19 21:04:48,927 - SUAS - DEBUG - [SUAS_main.main:691] - next wp: 2
2025-06-19 21:04:48,928 - SUAS - DEBUG - [SUAS_main.main:692] - wp_num:6
2025-06-19 21:04:49,929 - SUAS - DEBUG - [SUAS_main.main:691] - next wp: 2
2025-06-19 21:04:49,930 - SUAS - DEBUG - [SUAS_main.main:692] - wp_num:6
2025-06-19 21:04:50,932 - SUAS - DEBUG - [SUAS_main.main:691] - next wp: 2
2025-06-19 21:04:50,933 - SUAS - DEBUG - [SUAS_main.main:692] - wp_num:6
2025-06-19 21:04:51,935 - SUAS - DEBUG - [SUAS_main.main:691] - next wp: 2
2025-06-19 21:04:51,935 - SUAS - DEBUG - [SUAS_main.main:692] - wp_num:6
2025-06-19 21:04:52,937 - SUAS - DEBUG - [SUAS_main.main:691] - next wp: 2
2025-06-19 21:04:52,938 - SUAS - DEBUG - [SUAS_main.main:692] - wp_num:6
2025-06-19 21:04:53,940 - SUAS - DEBUG - [SUAS_main.main:691] - next wp: 2
2025-06-19 21:04:53,941 - SUAS - DEBUG - [SUAS_main.main:692] - wp_num:6
2025-06-19 21:04:54,943 - SUAS - DEBUG - [SUAS_main.main:691] - next wp: 3
2025-06-19 21:04:54,944 - SUAS - DEBUG - [SUAS_main.main:692] - wp_num:6
2025-06-19 21:04:55,945 - SUAS - DEBUG - [SUAS_main.main:691] - next wp: 3
2025-06-19 21:04:55,946 - SUAS - DEBUG - [SUAS_main.main:692] - wp_num:6
2025-06-19 21:04:56,948 - SUAS - DEBUG - [SUAS_main.main:691] - next wp: 3
2025-06-19 21:04:56,949 - SUAS - DEBUG - [SUAS_main.main:692] - wp_num:6
2025-06-19 21:04:57,951 - SUAS - DEBUG - [SUAS_main.main:691] - next wp: 3
2025-06-19 21:04:57,951 - SUAS - DEBUG - [SUAS_main.main:692] - wp_num:6
2025-06-19 21:04:58,953 - SUAS - DEBUG - [SUAS_main.main:691] - next wp: 3
2025-06-19 21:04:58,954 - SUAS - DEBUG - [SUAS_main.main:692] - wp_num:6
2025-06-19 21:04:59,956 - SUAS - DEBUG - [SUAS_main.main:691] - next wp: 3
2025-06-19 21:04:59,957 - SUAS - DEBUG - [SUAS_main.main:692] - wp_num:6
2025-06-19 21:05:00,958 - SUAS - DEBUG - [SUAS_main.main:691] - next wp: 4
2025-06-19 21:05:00,960 - SUAS - DEBUG - [SUAS_main.main:692] - wp_num:6
2025-06-19 21:05:01,961 - SUAS - DEBUG - [SUAS_main.main:691] - next wp: 4
2025-06-19 21:05:01,962 - SUAS - DEBUG - [SUAS_main.main:692] - wp_num:6
2025-06-19 21:05:02,964 - SUAS - DEBUG - [SUAS_main.main:691] - next wp: 4
2025-06-19 21:05:02,965 - SUAS - DEBUG - [SUAS_main.main:692] - wp_num:6
2025-06-19 21:05:03,999 - SUAS - DEBUG - [SUAS_main.main:691] - next wp: 4
2025-06-19 21:05:04,000 - SUAS - DEBUG - [SUAS_main.main:692] - wp_num:6
2025-06-19 21:05:05,001 - SUAS - DEBUG - [SUAS_main.main:691] - next wp: 4
2025-06-19 21:05:05,002 - SUAS - DEBUG - [SUAS_main.main:692] - wp_num:6
2025-06-19 21:05:06,004 - SUAS - DEBUG - [SUAS_main.main:691] - next wp: 4
2025-06-19 21:05:06,005 - SUAS - DEBUG - [SUAS_main.main:692] - wp_num:6
2025-06-19 21:05:07,007 - SUAS - DEBUG - [SUAS_main.main:691] - next wp: 5
2025-06-19 21:05:07,008 - SUAS - DEBUG - [SUAS_main.main:692] - wp_num:6
2025-06-19 21:05:08,009 - SUAS - DEBUG - [SUAS_main.main:691] - next wp: 5
2025-06-19 21:05:08,010 - SUAS - DEBUG - [SUAS_main.main:692] - wp_num:6
2025-06-19 21:05:09,012 - SUAS - DEBUG - [SUAS_main.main:691] - next wp: 5
2025-06-19 21:05:09,013 - SUAS - DEBUG - [SUAS_main.main:692] - wp_num:6
2025-06-19 21:05:10,015 - SUAS - DEBUG - [SUAS_main.main:691] - next wp: 5
2025-06-19 21:05:10,015 - SUAS - DEBUG - [SUAS_main.main:692] - wp_num:6
2025-06-19 21:05:11,017 - SUAS - DEBUG - [SUAS_main.main:691] - next wp: 5
2025-06-19 21:05:11,018 - SUAS - DEBUG - [SUAS_main.main:692] - wp_num:6
2025-06-19 21:05:12,020 - SUAS - DEBUG - [SUAS_main.main:691] - next wp: 5
2025-06-19 21:05:12,021 - SUAS - DEBUG - [SUAS_main.main:692] - wp_num:6
2025-06-19 21:05:13,023 - SUAS - DEBUG - [SUAS_main.main:691] - next wp: 5
2025-06-19 21:05:13,024 - SUAS - DEBUG - [SUAS_main.main:692] - wp_num:6
2025-06-19 21:05:14,026 - SUAS - DEBUG - [SUAS_main.main:691] - next wp: 5
2025-06-19 21:05:14,027 - SUAS - DEBUG - [SUAS_main.main:692] - wp_num:6
2025-06-19 21:05:15,028 - SUAS - DEBUG - [SUAS_main.main:691] - next wp: 5
2025-06-19 21:05:15,029 - SUAS - DEBUG - [SUAS_main.main:692] - wp_num:6
2025-06-19 21:05:16,031 - SUAS - DEBUG - [SUAS_main.main:691] - next wp: 6
2025-06-19 21:05:16,032 - SUAS - DEBUG - [SUAS_main.main:692] - wp_num:6
2025-06-19 21:05:16,033 - SUAS - DEBUG - [SUAS_main.main:694] - Air Drop Stage
2025-06-19 21:05:17,546 - SUAS - DEBUG - [SUAS_main.watcher:157] - Mode changed: AUTO -> GUIDED
2025-06-19 21:05:17,546 - SUAS - DEBUG - [SUAS_main.on_mode_change:175] - Unhandled mode change: GUIDED
2025-06-19 21:05:17,586 - SUAS - DEBUG - [SUAS_main.main:702] - VehicleMode:GUIDED moduna geçildi
2025-06-19 21:05:25,598 - SUAS - DEBUG - [SUAS_main.start_scanning:412] - SET Yaw Behaviour: 0, Never change yaw
2025-06-19 21:05:27,101 - SUAS - DEBUG - [SUAS_main.start_scanning:421] - Points: 38.3154994 -76.5511403
2025-06-19 21:05:27,102 - SUAS - DEBUG - [SUAS_main.start_scanning:423] - scanning noktasına gidiliyor: timestamp: 2025-06-19 21:05:27
2025-06-19 21:05:27,103 - SUAS - DEBUG - [SUAS_main.start_scanning:425] - simplegoto verildi: timestamp: 2025-06-19 21:05:27
2025-06-19 21:05:27,104 - SUAS - DEBUG - [SUAS_main.wait:267] - waite girildi timestamp: 2025-06-19 21:05:27
2025-06-19 21:05:27,205 - SUAS - DEBUG - [SUAS_main.wait:269] - Waiting for the vehicle to reach the target point...
2025-06-19 21:05:27,206 - SUAS - DEBUG - [SUAS_main.wait:272] - pozisyon alınıyor timestamp: 2025-06-19 21:05:27
2025-06-19 21:05:27,207 - SUAS - DEBUG - [SUAS_main.wait:274] - pozisyon alındı: timestamp: 2025-06-19 21:05:27
2025-06-19 21:05:27,212 - SUAS - DEBUG - [SUAS_main.wait:272] - pozisyon alınıyor timestamp: 2025-06-19 21:05:27
2025-06-19 21:05:27,214 - SUAS - DEBUG - [SUAS_main.wait:274] - pozisyon alındı: timestamp: 2025-06-19 21:05:27
2025-06-19 21:05:27,220 - SUAS - DEBUG - [SUAS_main.wait:272] - pozisyon alınıyor timestamp: 2025-06-19 21:05:27
2025-06-19 21:05:27,221 - SUAS - DEBUG - [SUAS_main.wait:274] - pozisyon alındı: timestamp: 2025-06-19 21:05:27
2025-06-19 21:05:27,227 - SUAS - DEBUG - [SUAS_main.wait:272] - pozisyon alınıyor timestamp: 2025-06-19 21:05:27
2025-06-19 21:05:27,228 - SUAS - DEBUG - [SUAS_main.wait:274] - pozisyon alındı: timestamp: 2025-06-19 21:05:27
2025-06-19 21:05:27,233 - SUAS - DEBUG - [SUAS_main.wait:272] - pozisyon alınıyor timestamp: 2025-06-19 21:05:27
2025-06-19 21:05:27,235 - SUAS - DEBUG - [SUAS_main.wait:274] - pozisyon alındı: timestamp: 2025-06-19 21:05:27
2025-06-19 21:05:27,240 - SUAS - DEBUG - [SUAS_main.wait:272] - pozisyon alınıyor timestamp: 2025-06-19 21:05:27
2025-06-19 21:05:27,241 - SUAS - DEBUG - [SUAS_main.wait:274] - pozisyon alındı: timestamp: 2025-06-19 21:05:27
2025-06-19 21:05:27,246 - SUAS - DEBUG - [SUAS_main.wait:272] - pozisyon alınıyor timestamp: 2025-06-19 21:05:27
2025-06-19 21:05:27,247 - SUAS - DEBUG - [SUAS_main.wait:274] - pozisyon alındı: timestamp: 2025-06-19 21:05:27
2025-06-19 21:05:27,253 - SUAS - DEBUG - [SUAS_main.wait:272] - pozisyon alınıyor timestamp: 2025-06-19 21:05:27
2025-06-19 21:05:27,254 - SUAS - DEBUG - [SUAS_main.wait:274] - pozisyon alındı: timestamp: 2025-06-19 21:05:27
2025-06-19 21:05:27,260 - SUAS - DEBUG - [SUAS_main.wait:272] - pozisyon alınıyor timestamp: 2025-06-19 21:05:27
2025-06-19 21:05:27,261 - SUAS - DEBUG - [SUAS_main.wait:274] - pozisyon alındı: timestamp: 2025-06-19 21:05:27
2025-06-19 21:05:27,266 - SUAS - DEBUG - [SUAS_main.wait:272] - pozisyon alınıyor timestamp: 2025-06-19 21:05:27
2025-06-19 21:05:27,267 - SUAS - DEBUG - [SUAS_main.wait:274] - pozisyon alındı: timestamp: 2025-06-19 21:05:27
2025-06-19 21:05:27,273 - SUAS - DEBUG - [SUAS_main.wait:272] - pozisyon alınıyor timestamp: 2025-06-19 21:05:27
2025-06-19 21:05:27,274 - SUAS - DEBUG - [SUAS_main.wait:274] - pozisyon alındı: timestamp: 2025-06-19 21:05:27
2025-06-19 21:05:27,279 - SUAS - DEBUG - [SUAS_main.wait:272] - pozisyon alınıyor timestamp: 2025-06-19 21:05:27
2025-06-19 21:05:27,280 - SUAS - DEBUG - [SUAS_main.wait:274] - pozisyon alındı: timestamp: 2025-06-19 21:05:27
2025-06-19 21:05:27,286 - SUAS - DEBUG - [SUAS_main.wait:272] - pozisyon alınıyor timestamp: 2025-06-19 21:05:27
2025-06-19 21:05:27,287 - SUAS - DEBUG - [SUAS_main.wait:274] - pozisyon alındı: timestamp: 2025-06-19 21:05:27
2025-06-19 21:05:27,293 - SUAS - DEBUG - [SUAS_main.wait:272] - pozisyon alınıyor timestamp: 2025-06-19 21:05:27
2025-06-19 21:05:27,294 - SUAS - DEBUG - [SUAS_main.wait:274] - pozisyon alındı: timestamp: 2025-06-19 21:05:27
2025-06-19 21:05:27,299 - SUAS - DEBUG - [SUAS_main.wait:272] - pozisyon alınıyor timestamp: 2025-06-19 21:05:27
2025-06-19 21:05:27,300 - SUAS - DEBUG - [SUAS_main.wait:274] - pozisyon alındı: timestamp: 2025-06-19 21:05:27
2025-06-19 21:05:27,306 - SUAS - DEBUG - [SUAS_main.wait:272] - pozisyon alınıyor timestamp: 2025-06-19 21:05:27
2025-06-19 21:05:27,307 - SUAS - DEBUG - [SUAS_main.wait:274] - pozisyon alındı: timestamp: 2025-06-19 21:05:27
2025-06-19 21:05:27,312 - SUAS - DEBUG - [SUAS_main.wait:272] - pozisyon alınıyor timestamp: 2025-06-19 21:05:27
2025-06-19 21:05:27,313 - SUAS - DEBUG - [SUAS_main.wait:274] - pozisyon alındı: timestamp: 2025-06-19 21:05:27
2025-06-19 21:05:27,319 - SUAS - DEBUG - [SUAS_main.wait:272] - pozisyon alınıyor timestamp: 2025-06-19 21:05:27
2025-06-19 21:05:27,320 - SUAS - DEBUG - [SUAS_main.wait:274] - pozisyon alındı: timestamp: 2025-06-19 21:05:27
2025-06-19 21:05:27,326 - SUAS - DEBUG - [SUAS_main.wait:272] - pozisyon alınıyor timestamp: 2025-06-19 21:05:27
2025-06-19 21:05:27,327 - SUAS - DEBUG - [SUAS_main.wait:274] - pozisyon alındı: timestamp: 2025-06-19 21:05:27
2025-06-19 21:05:27,332 - SUAS - DEBUG - [SUAS_main.wait:272] - pozisyon alınıyor timestamp: 2025-06-19 21:05:27
2025-06-19 21:05:27,333 - SUAS - DEBUG - [SUAS_main.wait:274] - pozisyon alındı: timestamp: 2025-06-19 21:05:27
2025-06-19 21:05:27,338 - SUAS - DEBUG - [SUAS_main.wait:272] - pozisyon alınıyor timestamp: 2025-06-19 21:05:27
2025-06-19 21:05:27,339 - SUAS - DEBUG - [SUAS_main.wait:274] - pozisyon alındı: timestamp: 2025-06-19 21:05:27
2025-06-19 21:05:27,345 - SUAS - DEBUG - [SUAS_main.wait:272] - pozisyon alınıyor timestamp: 2025-06-19 21:05:27
2025-06-19 21:05:27,346 - SUAS - DEBUG - [SUAS_main.wait:274] - pozisyon alındı: timestamp: 2025-06-19 21:05:27
2025-06-19 21:05:27,351 - SUAS - DEBUG - [SUAS_main.wait:272] - pozisyon alınıyor timestamp: 2025-06-19 21:05:27
2025-06-19 21:05:27,352 - SUAS - DEBUG - [SUAS_main.wait:274] - pozisyon alındı: timestamp: 2025-06-19 21:05:27
2025-06-19 21:05:27,357 - SUAS - DEBUG - [SUAS_main.wait:272] - pozisyon alınıyor timestamp: 2025-06-19 21:05:27
2025-06-19 21:05:27,358 - SUAS - DEBUG - [SUAS_main.wait:274] - pozisyon alındı: timestamp: 2025-06-19 21:05:27
2025-06-19 21:05:27,364 - SUAS - DEBUG - [SUAS_main.wait:272] - pozisyon alınıyor timestamp: 2025-06-19 21:05:27
2025-06-19 21:05:27,365 - SUAS - DEBUG - [SUAS_main.wait:274] - pozisyon alındı: timestamp: 2025-06-19 21:05:27
2025-06-19 21:05:27,370 - SUAS - DEBUG - [SUAS_main.wait:272] - pozisyon alınıyor timestamp: 2025-06-19 21:05:27
2025-06-19 21:05:27,371 - SUAS - DEBUG - [SUAS_main.wait:274] - pozisyon alındı: timestamp: 2025-06-19 21:05:27
2025-06-19 21:05:27,377 - SUAS - DEBUG - [SUAS_main.wait:272] - pozisyon alınıyor timestamp: 2025-06-19 21:05:27
2025-06-19 21:05:27,378 - SUAS - DEBUG - [SUAS_main.wait:274] - pozisyon alındı: timestamp: 2025-06-19 21:05:27
2025-06-19 21:05:27,383 - SUAS - DEBUG - [SUAS_main.wait:272] - pozisyon alınıyor timestamp: 2025-06-19 21:05:27
2025-06-19 21:05:27,385 - SUAS - DEBUG - [SUAS_main.wait:274] - pozisyon alındı: timestamp: 2025-06-19 21:05:27
2025-06-19 21:05:27,391 - SUAS - DEBUG - [SUAS_main.wait:272] - pozisyon alınıyor timestamp: 2025-06-19 21:05:27
2025-06-19 21:05:27,392 - SUAS - DEBUG - [SUAS_main.wait:274] - pozisyon alındı: timestamp: 2025-06-19 21:05:27
2025-06-19 21:05:27,397 - SUAS - DEBUG - [SUAS_main.wait:272] - pozisyon alınıyor timestamp: 2025-06-19 21:05:27
2025-06-19 21:05:27,398 - SUAS - DEBUG - [SUAS_main.wait:274] - pozisyon alındı: timestamp: 2025-06-19 21:05:27
2025-06-19 21:05:27,404 - SUAS - DEBUG - [SUAS_main.wait:272] - pozisyon alınıyor timestamp: 2025-06-19 21:05:27
2025-06-19 21:05:27,405 - SUAS - DEBUG - [SUAS_main.wait:274] - pozisyon alındı: timestamp: 2025-06-19 21:05:27
2025-06-19 21:05:27,410 - SUAS - DEBUG - [SUAS_main.wait:272] - pozisyon alınıyor timestamp: 2025-06-19 21:05:27
2025-06-19 21:05:27,411 - SUAS - DEBUG - [SUAS_main.wait:274] - pozisyon alındı: timestamp: 2025-06-19 21:05:27
2025-06-19 21:05:27,417 - SUAS - DEBUG - [SUAS_main.wait:272] - pozisyon alınıyor timestamp: 2025-06-19 21:05:27
2025-06-19 21:05:27,418 - SUAS - DEBUG - [SUAS_main.wait:274] - pozisyon alındı: timestamp: 2025-06-19 21:05:27
2025-06-19 21:05:27,423 - SUAS - DEBUG - [SUAS_main.wait:272] - pozisyon alınıyor timestamp: 2025-06-19 21:05:27
2025-06-19 21:05:27,424 - SUAS - DEBUG - [SUAS_main.wait:274] - pozisyon alındı: timestamp: 2025-06-19 21:05:27
2025-06-19 21:05:27,430 - SUAS - DEBUG - [SUAS_main.wait:272] - pozisyon alınıyor timestamp: 2025-06-19 21:05:27
2025-06-19 21:05:27,431 - SUAS - DEBUG - [SUAS_main.wait:274] - pozisyon alındı: timestamp: 2025-06-19 21:05:27
2025-06-19 21:05:27,436 - SUAS - DEBUG - [SUAS_main.wait:272] - pozisyon alınıyor timestamp: 2025-06-19 21:05:27
2025-06-19 21:05:27,438 - SUAS - DEBUG - [SUAS_main.wait:274] - pozisyon alındı: timestamp: 2025-06-19 21:05:27
2025-06-19 21:05:27,444 - SUAS - DEBUG - [SUAS_main.wait:272] - pozisyon alınıyor timestamp: 2025-06-19 21:05:27
2025-06-19 21:05:27,445 - SUAS - DEBUG - [SUAS_main.wait:274] - pozisyon alındı: timestamp: 2025-06-19 21:05:27
2025-06-19 21:05:27,450 - SUAS - DEBUG - [SUAS_main.wait:272] - pozisyon alınıyor timestamp: 2025-06-19 21:05:27
2025-06-19 21:05:27,452 - SUAS - DEBUG - [SUAS_main.wait:274] - pozisyon alındı: timestamp: 2025-06-19 21:05:27
2025-06-19 21:05:27,459 - SUAS - DEBUG - [SUAS_main.wait:272] - pozisyon alınıyor timestamp: 2025-06-19 21:05:27
2025-06-19 21:05:27,460 - SUAS - DEBUG - [SUAS_main.wait:274] - pozisyon alındı: timestamp: 2025-06-19 21:05:27
2025-06-19 21:05:27,465 - SUAS - DEBUG - [SUAS_main.wait:272] - pozisyon alınıyor timestamp: 2025-06-19 21:05:27
2025-06-19 21:05:27,466 - SUAS - DEBUG - [SUAS_main.wait:274] - pozisyon alındı: timestamp: 2025-06-19 21:05:27
2025-06-19 21:05:27,472 - SUAS - DEBUG - [SUAS_main.wait:272] - pozisyon alınıyor timestamp: 2025-06-19 21:05:27
2025-06-19 21:05:27,473 - SUAS - DEBUG - [SUAS_main.wait:274] - pozisyon alındı: timestamp: 2025-06-19 21:05:27
2025-06-19 21:05:27,478 - SUAS - DEBUG - [SUAS_main.wait:272] - pozisyon alınıyor timestamp: 2025-06-19 21:05:27
2025-06-19 21:05:27,479 - SUAS - DEBUG - [SUAS_main.wait:274] - pozisyon alındı: timestamp: 2025-06-19 21:05:27
2025-06-19 21:05:27,485 - SUAS - DEBUG - [SUAS_main.wait:272] - pozisyon alınıyor timestamp: 2025-06-19 21:05:27
2025-06-19 21:05:27,487 - SUAS - DEBUG - [SUAS_main.wait:274] - pozisyon alındı: timestamp: 2025-06-19 21:05:27
2025-06-19 21:05:27,492 - SUAS - DEBUG - [SUAS_main.wait:272] - pozisyon alınıyor timestamp: 2025-06-19 21:05:27
2025-06-19 21:05:27,493 - SUAS - DEBUG - [SUAS_main.wait:274] - pozisyon alındı: timestamp: 2025-06-19 21:05:27
2025-06-19 21:05:27,498 - SUAS - DEBUG - [SUAS_main.wait:272] - pozisyon alınıyor timestamp: 2025-06-19 21:05:27
2025-06-19 21:05:27,499 - SUAS - DEBUG - [SUAS_main.wait:274] - pozisyon alındı: timestamp: 2025-06-19 21:05:27
2025-06-19 21:05:27,505 - SUAS - DEBUG - [SUAS_main.wait:272] - pozisyon alınıyor timestamp: 2025-06-19 21:05:27
2025-06-19 21:05:27,506 - SUAS - DEBUG - [SUAS_main.wait:274] - pozisyon alındı: timestamp: 2025-06-19 21:05:27
2025-06-19 21:05:27,511 - SUAS - DEBUG - [SUAS_main.wait:272] - pozisyon alınıyor timestamp: 2025-06-19 21:05:27
2025-06-19 21:05:27,512 - SUAS - DEBUG - [SUAS_main.wait:274] - pozisyon alındı: timestamp: 2025-06-19 21:05:27
2025-06-19 21:05:27,517 - SUAS - DEBUG - [SUAS_main.wait:272] - pozisyon alınıyor timestamp: 2025-06-19 21:05:27
2025-06-19 21:05:27,518 - SUAS - DEBUG - [SUAS_main.wait:274] - pozisyon alındı: timestamp: 2025-06-19 21:05:27
2025-06-19 21:05:27,524 - SUAS - DEBUG - [SUAS_main.wait:272] - pozisyon alınıyor timestamp: 2025-06-19 21:05:27
2025-06-19 21:05:27,525 - SUAS - DEBUG - [SUAS_main.wait:274] - pozisyon alındı: timestamp: 2025-06-19 21:05:27
2025-06-19 21:05:27,530 - SUAS - DEBUG - [SUAS_main.wait:272] - pozisyon alınıyor timestamp: 2025-06-19 21:05:27
2025-06-19 21:05:27,531 - SUAS - DEBUG - [SUAS_main.wait:274] - pozisyon alındı: timestamp: 2025-06-19 21:05:27
2025-06-19 21:05:27,537 - SUAS - DEBUG - [SUAS_main.wait:272] - pozisyon alınıyor timestamp: 2025-06-19 21:05:27
2025-06-19 21:05:27,538 - SUAS - DEBUG - [SUAS_main.wait:274] - pozisyon alındı: timestamp: 2025-06-19 21:05:27
2025-06-19 21:05:27,543 - SUAS - DEBUG - [SUAS_main.wait:272] - pozisyon alınıyor timestamp: 2025-06-19 21:05:27
2025-06-19 21:05:27,545 - SUAS - DEBUG - [SUAS_main.wait:274] - pozisyon alındı: timestamp: 2025-06-19 21:05:27
2025-06-19 21:05:27,550 - SUAS - DEBUG - [SUAS_main.wait:272] - pozisyon alınıyor timestamp: 2025-06-19 21:05:27
2025-06-19 21:05:27,551 - SUAS - DEBUG - [SUAS_main.wait:274] - pozisyon alındı: timestamp: 2025-06-19 21:05:27
2025-06-19 21:05:27,556 - SUAS - DEBUG - [SUAS_main.wait:272] - pozisyon alınıyor timestamp: 2025-06-19 21:05:27
2025-06-19 21:05:27,557 - SUAS - DEBUG - [SUAS_main.wait:274] - pozisyon alındı: timestamp: 2025-06-19 21:05:27
2025-06-19 21:05:27,563 - SUAS - DEBUG - [SUAS_main.wait:272] - pozisyon alınıyor timestamp: 2025-06-19 21:05:27
2025-06-19 21:05:27,564 - SUAS - DEBUG - [SUAS_main.wait:274] - pozisyon alındı: timestamp: 2025-06-19 21:05:27
2025-06-19 21:05:27,569 - SUAS - DEBUG - [SUAS_main.wait:272] - pozisyon alınıyor timestamp: 2025-06-19 21:05:27
2025-06-19 21:05:27,571 - SUAS - DEBUG - [SUAS_main.wait:274] - pozisyon alındı: timestamp: 2025-06-19 21:05:27
2025-06-19 21:05:27,576 - SUAS - DEBUG - [SUAS_main.wait:272] - pozisyon alınıyor timestamp: 2025-06-19 21:05:27
2025-06-19 21:05:27,577 - SUAS - DEBUG - [SUAS_main.wait:274] - pozisyon alındı: timestamp: 2025-06-19 21:05:27
2025-06-19 21:05:27,582 - SUAS - DEBUG - [SUAS_main.wait:272] - pozisyon alınıyor timestamp: 2025-06-19 21:05:27
2025-06-19 21:05:27,584 - SUAS - DEBUG - [SUAS_main.wait:274] - pozisyon alındı: timestamp: 2025-06-19 21:05:27
2025-06-19 21:05:27,590 - SUAS - DEBUG - [SUAS_main.wait:272] - pozisyon alınıyor timestamp: 2025-06-19 21:05:27
2025-06-19 21:05:27,591 - SUAS - DEBUG - [SUAS_main.wait:274] - pozisyon alındı: timestamp: 2025-06-19 21:05:27
2025-06-19 21:05:27,596 - SUAS - DEBUG - [SUAS_main.wait:272] - pozisyon alınıyor timestamp: 2025-06-19 21:05:27
2025-06-19 21:05:27,598 - SUAS - DEBUG - [SUAS_main.wait:274] - pozisyon alındı: timestamp: 2025-06-19 21:05:27
2025-06-19 21:05:27,603 - SUAS - DEBUG - [SUAS_main.wait:272] - pozisyon alınıyor timestamp: 2025-06-19 21:05:27
2025-06-19 21:05:27,604 - SUAS - DEBUG - [SUAS_main.wait:274] - pozisyon alındı: timestamp: 2025-06-19 21:05:27
2025-06-19 21:05:27,609 - SUAS - DEBUG - [SUAS_main.wait:272] - pozisyon alınıyor timestamp: 2025-06-19 21:05:27
2025-06-19 21:05:27,610 - SUAS - DEBUG - [SUAS_main.wait:274] - pozisyon alındı: timestamp: 2025-06-19 21:05:27
2025-06-19 21:05:27,616 - SUAS - DEBUG - [SUAS_main.wait:272] - pozisyon alınıyor timestamp: 2025-06-19 21:05:27
2025-06-19 21:05:27,617 - SUAS - DEBUG - [SUAS_main.wait:274] - pozisyon alındı: timestamp: 2025-06-19 21:05:27
2025-06-19 21:05:27,623 - SUAS - DEBUG - [SUAS_main.wait:272] - pozisyon alınıyor timestamp: 2025-06-19 21:05:27
2025-06-19 21:05:27,623 - SUAS - DEBUG - [SUAS_main.wait:274] - pozisyon alındı: timestamp: 2025-06-19 21:05:27
2025-06-19 21:05:27,629 - SUAS - DEBUG - [SUAS_main.wait:272] - pozisyon alınıyor timestamp: 2025-06-19 21:05:27
2025-06-19 21:05:27,630 - SUAS - DEBUG - [SUAS_main.wait:274] - pozisyon alındı: timestamp: 2025-06-19 21:05:27
2025-06-19 21:05:27,635 - SUAS - DEBUG - [SUAS_main.wait:272] - pozisyon alınıyor timestamp: 2025-06-19 21:05:27
2025-06-19 21:05:27,636 - SUAS - DEBUG - [SUAS_main.wait:274] - pozisyon alındı: timestamp: 2025-06-19 21:05:27
2025-06-19 21:05:27,642 - SUAS - DEBUG - [SUAS_main.wait:272] - pozisyon alınıyor timestamp: 2025-06-19 21:05:27
2025-06-19 21:05:27,643 - SUAS - DEBUG - [SUAS_main.wait:274] - pozisyon alındı: timestamp: 2025-06-19 21:05:27
2025-06-19 21:05:27,648 - SUAS - DEBUG - [SUAS_main.wait:272] - pozisyon alınıyor timestamp: 2025-06-19 21:05:27
2025-06-19 21:05:27,649 - SUAS - DEBUG - [SUAS_main.wait:274] - pozisyon alındı: timestamp: 2025-06-19 21:05:27
2025-06-19 21:05:27,655 - SUAS - DEBUG - [SUAS_main.wait:272] - pozisyon alınıyor timestamp: 2025-06-19 21:05:27
2025-06-19 21:05:27,656 - SUAS - DEBUG - [SUAS_main.wait:274] - pozisyon alındı: timestamp: 2025-06-19 21:05:27
2025-06-19 21:05:27,661 - SUAS - DEBUG - [SUAS_main.wait:272] - pozisyon alınıyor timestamp: 2025-06-19 21:05:27
2025-06-19 21:05:27,662 - SUAS - DEBUG - [SUAS_main.wait:274] - pozisyon alındı: timestamp: 2025-06-19 21:05:27
2025-06-19 21:05:27,668 - SUAS - DEBUG - [SUAS_main.wait:272] - pozisyon alınıyor timestamp: 2025-06-19 21:05:27
2025-06-19 21:05:27,669 - SUAS - DEBUG - [SUAS_main.wait:274] - pozisyon alındı: timestamp: 2025-06-19 21:05:27
2025-06-19 21:05:27,675 - SUAS - DEBUG - [SUAS_main.wait:272] - pozisyon alınıyor timestamp: 2025-06-19 21:05:27
2025-06-19 21:05:27,676 - SUAS - DEBUG - [SUAS_main.wait:274] - pozisyon alındı: timestamp: 2025-06-19 21:05:27
2025-06-19 21:05:27,681 - SUAS - DEBUG - [SUAS_main.wait:272] - pozisyon alınıyor timestamp: 2025-06-19 21:05:27
2025-06-19 21:05:27,682 - SUAS - DEBUG - [SUAS_main.wait:274] - pozisyon alındı: timestamp: 2025-06-19 21:05:27
2025-06-19 21:05:27,687 - SUAS - DEBUG - [SUAS_main.wait:272] - pozisyon alınıyor timestamp: 2025-06-19 21:05:27
2025-06-19 21:05:27,689 - SUAS - DEBUG - [SUAS_main.wait:274] - pozisyon alındı: timestamp: 2025-06-19 21:05:27
2025-06-19 21:05:27,694 - SUAS - DEBUG - [SUAS_main.wait:272] - pozisyon alınıyor timestamp: 2025-06-19 21:05:27
2025-06-19 21:05:27,695 - SUAS - DEBUG - [SUAS_main.wait:274] - pozisyon alındı: timestamp: 2025-06-19 21:05:27
2025-06-19 21:05:27,700 - SUAS - DEBUG - [SUAS_main.wait:272] - pozisyon alınıyor timestamp: 2025-06-19 21:05:27
2025-06-19 21:05:27,701 - SUAS - DEBUG - [SUAS_main.wait:274] - pozisyon alındı: timestamp: 2025-06-19 21:05:27
2025-06-19 21:05:27,707 - SUAS - DEBUG - [SUAS_main.wait:272] - pozisyon alınıyor timestamp: 2025-06-19 21:05:27
2025-06-19 21:05:27,708 - SUAS - DEBUG - [SUAS_main.wait:274] - pozisyon alındı: timestamp: 2025-06-19 21:05:27
2025-06-19 21:05:27,713 - SUAS - DEBUG - [SUAS_main.wait:272] - pozisyon alınıyor timestamp: 2025-06-19 21:05:27
2025-06-19 21:05:27,714 - SUAS - DEBUG - [SUAS_main.wait:274] - pozisyon alındı: timestamp: 2025-06-19 21:05:27
2025-06-19 21:05:27,719 - SUAS - DEBUG - [SUAS_main.wait:272] - pozisyon alınıyor timestamp: 2025-06-19 21:05:27
2025-06-19 21:05:27,720 - SUAS - DEBUG - [SUAS_main.wait:274] - pozisyon alındı: timestamp: 2025-06-19 21:05:27
2025-06-19 21:05:27,726 - SUAS - DEBUG - [SUAS_main.wait:272] - pozisyon alınıyor timestamp: 2025-06-19 21:05:27
2025-06-19 21:05:27,727 - SUAS - DEBUG - [SUAS_main.wait:274] - pozisyon alındı: timestamp: 2025-06-19 21:05:27
2025-06-19 21:05:27,732 - SUAS - DEBUG - [SUAS_main.wait:272] - pozisyon alınıyor timestamp: 2025-06-19 21:05:27
2025-06-19 21:05:27,734 - SUAS - DEBUG - [SUAS_main.wait:274] - pozisyon alındı: timestamp: 2025-06-19 21:05:27
2025-06-19 21:05:27,739 - SUAS - DEBUG - [SUAS_main.wait:272] - pozisyon alınıyor timestamp: 2025-06-19 21:05:27
2025-06-19 21:05:27,740 - SUAS - DEBUG - [SUAS_main.wait:274] - pozisyon alındı: timestamp: 2025-06-19 21:05:27
2025-06-19 21:05:27,745 - SUAS - DEBUG - [SUAS_main.wait:272] - pozisyon alınıyor timestamp: 2025-06-19 21:05:27
2025-06-19 21:05:27,746 - SUAS - DEBUG - [SUAS_main.wait:274] - pozisyon alındı: timestamp: 2025-06-19 21:05:27
2025-06-19 21:05:27,751 - SUAS - DEBUG - [SUAS_main.wait:272] - pozisyon alınıyor timestamp: 2025-06-19 21:05:27
2025-06-19 21:05:27,753 - SUAS - DEBUG - [SUAS_main.wait:274] - pozisyon alındı: timestamp: 2025-06-19 21:05:27
2025-06-19 21:05:27,758 - SUAS - DEBUG - [SUAS_main.wait:272] - pozisyon alınıyor timestamp: 2025-06-19 21:05:27
2025-06-19 21:05:27,759 - SUAS - DEBUG - [SUAS_main.wait:274] - pozisyon alındı: timestamp: 2025-06-19 21:05:27
2025-06-19 21:05:27,764 - SUAS - DEBUG - [SUAS_main.wait:272] - pozisyon alınıyor timestamp: 2025-06-19 21:05:27
2025-06-19 21:05:27,765 - SUAS - DEBUG - [SUAS_main.wait:274] - pozisyon alındı: timestamp: 2025-06-19 21:05:27
2025-06-19 21:05:27,770 - SUAS - DEBUG - [SUAS_main.wait:272] - pozisyon alınıyor timestamp: 2025-06-19 21:05:27
2025-06-19 21:05:27,772 - SUAS - DEBUG - [SUAS_main.wait:274] - pozisyon alındı: timestamp: 2025-06-19 21:05:27
2025-06-19 21:05:27,777 - SUAS - DEBUG - [SUAS_main.wait:272] - pozisyon alınıyor timestamp: 2025-06-19 21:05:27
2025-06-19 21:05:27,778 - SUAS - DEBUG - [SUAS_main.wait:274] - pozisyon alındı: timestamp: 2025-06-19 21:05:27
2025-06-19 21:05:27,783 - SUAS - DEBUG - [SUAS_main.wait:272] - pozisyon alınıyor timestamp: 2025-06-19 21:05:27
2025-06-19 21:05:27,784 - SUAS - DEBUG - [SUAS_main.wait:274] - pozisyon alındı: timestamp: 2025-06-19 21:05:27
2025-06-19 21:05:27,790 - SUAS - DEBUG - [SUAS_main.wait:272] - pozisyon alınıyor timestamp: 2025-06-19 21:05:27
2025-06-19 21:05:27,791 - SUAS - DEBUG - [SUAS_main.wait:274] - pozisyon alındı: timestamp: 2025-06-19 21:05:27
2025-06-19 21:05:27,796 - SUAS - DEBUG - [SUAS_main.wait:272] - pozisyon alınıyor timestamp: 2025-06-19 21:05:27
2025-06-19 21:05:27,797 - SUAS - DEBUG - [SUAS_main.wait:274] - pozisyon alındı: timestamp: 2025-06-19 21:05:27
2025-06-19 21:05:27,803 - SUAS - DEBUG - [SUAS_main.wait:272] - pozisyon alınıyor timestamp: 2025-06-19 21:05:27
2025-06-19 21:05:27,804 - SUAS - DEBUG - [SUAS_main.wait:274] - pozisyon alındı: timestamp: 2025-06-19 21:05:27
2025-06-19 21:05:27,810 - SUAS - DEBUG - [SUAS_main.wait:272] - pozisyon alınıyor timestamp: 2025-06-19 21:05:27
2025-06-19 21:05:27,811 - SUAS - DEBUG - [SUAS_main.wait:274] - pozisyon alındı: timestamp: 2025-06-19 21:05:27
2025-06-19 21:05:27,816 - SUAS - DEBUG - [SUAS_main.wait:272] - pozisyon alınıyor timestamp: 2025-06-19 21:05:27
2025-06-19 21:05:27,817 - SUAS - DEBUG - [SUAS_main.wait:274] - pozisyon alındı: timestamp: 2025-06-19 21:05:27
2025-06-19 21:05:27,823 - SUAS - DEBUG - [SUAS_main.wait:272] - pozisyon alınıyor timestamp: 2025-06-19 21:05:27
2025-06-19 21:05:27,823 - SUAS - DEBUG - [SUAS_main.wait:274] - pozisyon alındı: timestamp: 2025-06-19 21:05:27
2025-06-19 21:05:27,829 - SUAS - DEBUG - [SUAS_main.wait:272] - pozisyon alınıyor timestamp: 2025-06-19 21:05:27
2025-06-19 21:05:27,830 - SUAS - DEBUG - [SUAS_main.wait:274] - pozisyon alındı: timestamp: 2025-06-19 21:05:27
2025-06-19 21:05:27,835 - SUAS - DEBUG - [SUAS_main.wait:272] - pozisyon alınıyor timestamp: 2025-06-19 21:05:27
2025-06-19 21:05:27,836 - SUAS - DEBUG - [SUAS_main.wait:274] - pozisyon alındı: timestamp: 2025-06-19 21:05:27
2025-06-19 21:05:27,841 - SUAS - DEBUG - [SUAS_main.wait:272] - pozisyon alınıyor timestamp: 2025-06-19 21:05:27
2025-06-19 21:05:27,843 - SUAS - DEBUG - [SUAS_main.wait:274] - pozisyon alındı: timestamp: 2025-06-19 21:05:27
2025-06-19 21:05:27,848 - SUAS - DEBUG - [SUAS_main.wait:272] - pozisyon alınıyor timestamp: 2025-06-19 21:05:27
2025-06-19 21:05:27,849 - SUAS - DEBUG - [SUAS_main.wait:274] - pozisyon alındı: timestamp: 2025-06-19 21:05:27
2025-06-19 21:05:27,854 - SUAS - DEBUG - [SUAS_main.wait:272] - pozisyon alınıyor timestamp: 2025-06-19 21:05:27
2025-06-19 21:05:27,855 - SUAS - DEBUG - [SUAS_main.wait:274] - pozisyon alındı: timestamp: 2025-06-19 21:05:27
2025-06-19 21:05:27,860 - SUAS - DEBUG - [SUAS_main.wait:272] - pozisyon alınıyor timestamp: 2025-06-19 21:05:27
2025-06-19 21:05:27,861 - SUAS - DEBUG - [SUAS_main.wait:274] - pozisyon alındı: timestamp: 2025-06-19 21:05:27
2025-06-19 21:05:27,866 - SUAS - DEBUG - [SUAS_main.wait:272] - pozisyon alınıyor timestamp: 2025-06-19 21:05:27
2025-06-19 21:05:27,867 - SUAS - DEBUG - [SUAS_main.wait:274] - pozisyon alındı: timestamp: 2025-06-19 21:05:27
2025-06-19 21:05:27,872 - SUAS - DEBUG - [SUAS_main.wait:272] - pozisyon alınıyor timestamp: 2025-06-19 21:05:27
2025-06-19 21:05:27,873 - SUAS - DEBUG - [SUAS_main.wait:274] - pozisyon alındı: timestamp: 2025-06-19 21:05:27
2025-06-19 21:05:27,878 - SUAS - DEBUG - [SUAS_main.wait:272] - pozisyon alınıyor timestamp: 2025-06-19 21:05:27
2025-06-19 21:05:27,879 - SUAS - DEBUG - [SUAS_main.wait:274] - pozisyon alındı: timestamp: 2025-06-19 21:05:27
2025-06-19 21:05:27,884 - SUAS - DEBUG - [SUAS_main.wait:272] - pozisyon alınıyor timestamp: 2025-06-19 21:05:27
2025-06-19 21:05:27,885 - SUAS - DEBUG - [SUAS_main.wait:274] - pozisyon alındı: timestamp: 2025-06-19 21:05:27
2025-06-19 21:05:27,891 - SUAS - DEBUG - [SUAS_main.wait:272] - pozisyon alınıyor timestamp: 2025-06-19 21:05:27
2025-06-19 21:05:27,892 - SUAS - DEBUG - [SUAS_main.wait:274] - pozisyon alındı: timestamp: 2025-06-19 21:05:27
2025-06-19 21:05:27,897 - SUAS - DEBUG - [SUAS_main.wait:272] - pozisyon alınıyor timestamp: 2025-06-19 21:05:27
2025-06-19 21:05:27,898 - SUAS - DEBUG - [SUAS_main.wait:274] - pozisyon alındı: timestamp: 2025-06-19 21:05:27
2025-06-19 21:05:27,903 - SUAS - DEBUG - [SUAS_main.wait:272] - pozisyon alınıyor timestamp: 2025-06-19 21:05:27
2025-06-19 21:05:27,906 - SUAS - DEBUG - [SUAS_main.wait:274] - pozisyon alındı: timestamp: 2025-06-19 21:05:27
2025-06-19 21:05:27,911 - SUAS - DEBUG - [SUAS_main.wait:272] - pozisyon alınıyor timestamp: 2025-06-19 21:05:27
2025-06-19 21:05:27,912 - SUAS - DEBUG - [SUAS_main.wait:274] - pozisyon alındı: timestamp: 2025-06-19 21:05:27
2025-06-19 21:05:27,917 - SUAS - DEBUG - [SUAS_main.wait:272] - pozisyon alınıyor timestamp: 2025-06-19 21:05:27
2025-06-19 21:05:27,918 - SUAS - DEBUG - [SUAS_main.wait:274] - pozisyon alındı: timestamp: 2025-06-19 21:05:27
2025-06-19 21:05:27,923 - SUAS - DEBUG - [SUAS_main.wait:272] - pozisyon alınıyor timestamp: 2025-06-19 21:05:27
2025-06-19 21:05:27,924 - SUAS - DEBUG - [SUAS_main.wait:274] - pozisyon alındı: timestamp: 2025-06-19 21:05:27
2025-06-19 21:05:27,929 - SUAS - DEBUG - [SUAS_main.wait:272] - pozisyon alınıyor timestamp: 2025-06-19 21:05:27
2025-06-19 21:05:27,930 - SUAS - DEBUG - [SUAS_main.wait:274] - pozisyon alındı: timestamp: 2025-06-19 21:05:27
2025-06-19 21:05:27,935 - SUAS - DEBUG - [SUAS_main.wait:272] - pozisyon alınıyor timestamp: 2025-06-19 21:05:27
2025-06-19 21:05:27,936 - SUAS - DEBUG - [SUAS_main.wait:274] - pozisyon alındı: timestamp: 2025-06-19 21:05:27
2025-06-19 21:05:27,942 - SUAS - DEBUG - [SUAS_main.wait:272] - pozisyon alınıyor timestamp: 2025-06-19 21:05:27
2025-06-19 21:05:27,943 - SUAS - DEBUG - [SUAS_main.wait:274] - pozisyon alındı: timestamp: 2025-06-19 21:05:27
2025-06-19 21:05:27,948 - SUAS - DEBUG - [SUAS_main.wait:272] - pozisyon alınıyor timestamp: 2025-06-19 21:05:27
2025-06-19 21:05:27,949 - SUAS - DEBUG - [SUAS_main.wait:274] - pozisyon alındı: timestamp: 2025-06-19 21:05:27
2025-06-19 21:05:27,955 - SUAS - DEBUG - [SUAS_main.wait:272] - pozisyon alınıyor timestamp: 2025-06-19 21:05:27
2025-06-19 21:05:27,955 - SUAS - DEBUG - [SUAS_main.wait:274] - pozisyon alındı: timestamp: 2025-06-19 21:05:27
2025-06-19 21:05:27,961 - SUAS - DEBUG - [SUAS_main.wait:272] - pozisyon alınıyor timestamp: 2025-06-19 21:05:27
2025-06-19 21:05:27,962 - SUAS - DEBUG - [SUAS_main.wait:274] - pozisyon alındı: timestamp: 2025-06-19 21:05:27
2025-06-19 21:05:27,967 - SUAS - DEBUG - [SUAS_main.wait:272] - pozisyon alınıyor timestamp: 2025-06-19 21:05:27
2025-06-19 21:05:27,970 - SUAS - DEBUG - [SUAS_main.wait:274] - pozisyon alındı: timestamp: 2025-06-19 21:05:27
2025-06-19 21:05:27,975 - SUAS - DEBUG - [SUAS_main.wait:272] - pozisyon alınıyor timestamp: 2025-06-19 21:05:27
2025-06-19 21:05:27,976 - SUAS - DEBUG - [SUAS_main.wait:274] - pozisyon alındı: timestamp: 2025-06-19 21:05:27
2025-06-19 21:05:27,981 - SUAS - DEBUG - [SUAS_main.wait:272] - pozisyon alınıyor timestamp: 2025-06-19 21:05:27
2025-06-19 21:05:27,984 - SUAS - DEBUG - [SUAS_main.wait:274] - pozisyon alındı: timestamp: 2025-06-19 21:05:27
2025-06-19 21:05:27,989 - SUAS - DEBUG - [SUAS_main.wait:272] - pozisyon alınıyor timestamp: 2025-06-19 21:05:27
2025-06-19 21:05:27,993 - SUAS - DEBUG - [SUAS_main.wait:274] - pozisyon alındı: timestamp: 2025-06-19 21:05:27
2025-06-19 21:05:27,999 - SUAS - DEBUG - [SUAS_main.wait:272] - pozisyon alınıyor timestamp: 2025-06-19 21:05:27
2025-06-19 21:05:28,000 - SUAS - DEBUG - [SUAS_main.wait:274] - pozisyon alındı: timestamp: 2025-06-19 21:05:27
2025-06-19 21:05:28,005 - SUAS - DEBUG - [SUAS_main.wait:272] - pozisyon alınıyor timestamp: 2025-06-19 21:05:28
2025-06-19 21:05:28,010 - SUAS - DEBUG - [SUAS_main.wait:274] - pozisyon alındı: timestamp: 2025-06-19 21:05:28
2025-06-19 21:05:28,015 - SUAS - DEBUG - [SUAS_main.wait:272] - pozisyon alınıyor timestamp: 2025-06-19 21:05:28
2025-06-19 21:05:28,017 - SUAS - DEBUG - [SUAS_main.wait:274] - pozisyon alındı: timestamp: 2025-06-19 21:05:28
2025-06-19 21:05:28,022 - SUAS - DEBUG - [SUAS_main.wait:272] - pozisyon alınıyor timestamp: 2025-06-19 21:05:28
2025-06-19 21:05:28,023 - SUAS - DEBUG - [SUAS_main.wait:274] - pozisyon alındı: timestamp: 2025-06-19 21:05:28
2025-06-19 21:05:28,028 - SUAS - DEBUG - [SUAS_main.wait:272] - pozisyon alınıyor timestamp: 2025-06-19 21:05:28
2025-06-19 21:05:28,029 - SUAS - DEBUG - [SUAS_main.wait:274] - pozisyon alındı: timestamp: 2025-06-19 21:05:28
2025-06-19 21:05:28,034 - SUAS - DEBUG - [SUAS_main.wait:272] - pozisyon alınıyor timestamp: 2025-06-19 21:05:28
2025-06-19 21:05:28,035 - SUAS - DEBUG - [SUAS_main.wait:274] - pozisyon alındı: timestamp: 2025-06-19 21:05:28
2025-06-19 21:05:28,041 - SUAS - DEBUG - [SUAS_main.wait:272] - pozisyon alınıyor timestamp: 2025-06-19 21:05:28
2025-06-19 21:05:28,042 - SUAS - DEBUG - [SUAS_main.wait:274] - pozisyon alındı: timestamp: 2025-06-19 21:05:28
2025-06-19 21:05:28,047 - SUAS - DEBUG - [SUAS_main.wait:272] - pozisyon alınıyor timestamp: 2025-06-19 21:05:28
2025-06-19 21:05:28,048 - SUAS - DEBUG - [SUAS_main.wait:274] - pozisyon alındı: timestamp: 2025-06-19 21:05:28
2025-06-19 21:05:28,053 - SUAS - DEBUG - [SUAS_main.wait:272] - pozisyon alınıyor timestamp: 2025-06-19 21:05:28
2025-06-19 21:05:28,055 - SUAS - DEBUG - [SUAS_main.wait:274] - pozisyon alındı: timestamp: 2025-06-19 21:05:28
2025-06-19 21:05:28,061 - SUAS - DEBUG - [SUAS_main.wait:272] - pozisyon alınıyor timestamp: 2025-06-19 21:05:28
2025-06-19 21:05:28,062 - SUAS - DEBUG - [SUAS_main.wait:274] - pozisyon alındı: timestamp: 2025-06-19 21:05:28
2025-06-19 21:05:28,068 - SUAS - DEBUG - [SUAS_main.wait:272] - pozisyon alınıyor timestamp: 2025-06-19 21:05:28
2025-06-19 21:05:28,069 - SUAS - DEBUG - [SUAS_main.wait:274] - pozisyon alındı: timestamp: 2025-06-19 21:05:28
2025-06-19 21:05:28,074 - SUAS - DEBUG - [SUAS_main.wait:272] - pozisyon alınıyor timestamp: 2025-06-19 21:05:28
2025-06-19 21:05:28,075 - SUAS - DEBUG - [SUAS_main.wait:274] - pozisyon alındı: timestamp: 2025-06-19 21:05:28
2025-06-19 21:05:28,081 - SUAS - DEBUG - [SUAS_main.wait:272] - pozisyon alınıyor timestamp: 2025-06-19 21:05:28
2025-06-19 21:05:28,082 - SUAS - DEBUG - [SUAS_main.wait:274] - pozisyon alındı: timestamp: 2025-06-19 21:05:28
2025-06-19 21:05:28,087 - SUAS - DEBUG - [SUAS_main.wait:272] - pozisyon alınıyor timestamp: 2025-06-19 21:05:28
2025-06-19 21:05:28,088 - SUAS - DEBUG - [SUAS_main.wait:274] - pozisyon alındı: timestamp: 2025-06-19 21:05:28
2025-06-19 21:05:28,093 - SUAS - DEBUG - [SUAS_main.wait:272] - pozisyon alınıyor timestamp: 2025-06-19 21:05:28
2025-06-19 21:05:28,094 - SUAS - DEBUG - [SUAS_main.wait:274] - pozisyon alındı: timestamp: 2025-06-19 21:05:28
2025-06-19 21:05:28,100 - SUAS - DEBUG - [SUAS_main.wait:272] - pozisyon alınıyor timestamp: 2025-06-19 21:05:28
2025-06-19 21:05:28,101 - SUAS - DEBUG - [SUAS_main.wait:274] - pozisyon alındı: timestamp: 2025-06-19 21:05:28
2025-06-19 21:05:28,106 - SUAS - DEBUG - [SUAS_main.wait:272] - pozisyon alınıyor timestamp: 2025-06-19 21:05:28
2025-06-19 21:05:28,107 - SUAS - DEBUG - [SUAS_main.wait:274] - pozisyon alındı: timestamp: 2025-06-19 21:05:28
2025-06-19 21:05:28,112 - SUAS - DEBUG - [SUAS_main.wait:272] - pozisyon alınıyor timestamp: 2025-06-19 21:05:28
2025-06-19 21:05:28,114 - SUAS - DEBUG - [SUAS_main.wait:274] - pozisyon alındı: timestamp: 2025-06-19 21:05:28
2025-06-19 21:05:28,119 - SUAS - DEBUG - [SUAS_main.wait:272] - pozisyon alınıyor timestamp: 2025-06-19 21:05:28
2025-06-19 21:05:28,120 - SUAS - DEBUG - [SUAS_main.wait:274] - pozisyon alındı: timestamp: 2025-06-19 21:05:28
2025-06-19 21:05:28,125 - SUAS - DEBUG - [SUAS_main.wait:272] - pozisyon alınıyor timestamp: 2025-06-19 21:05:28
2025-06-19 21:05:28,127 - SUAS - DEBUG - [SUAS_main.wait:274] - pozisyon alındı: timestamp: 2025-06-19 21:05:28
2025-06-19 21:05:28,132 - SUAS - DEBUG - [SUAS_main.wait:272] - pozisyon alınıyor timestamp: 2025-06-19 21:05:28
2025-06-19 21:05:28,133 - SUAS - DEBUG - [SUAS_main.wait:274] - pozisyon alındı: timestamp: 2025-06-19 21:05:28
2025-06-19 21:05:28,139 - SUAS - DEBUG - [SUAS_main.wait:272] - pozisyon alınıyor timestamp: 2025-06-19 21:05:28
2025-06-19 21:05:28,140 - SUAS - DEBUG - [SUAS_main.wait:274] - pozisyon alındı: timestamp: 2025-06-19 21:05:28
2025-06-19 21:05:28,145 - SUAS - DEBUG - [SUAS_main.wait:272] - pozisyon alınıyor timestamp: 2025-06-19 21:05:28
2025-06-19 21:05:28,146 - SUAS - DEBUG - [SUAS_main.wait:274] - pozisyon alındı: timestamp: 2025-06-19 21:05:28
2025-06-19 21:05:28,151 - SUAS - DEBUG - [SUAS_main.wait:272] - pozisyon alınıyor timestamp: 2025-06-19 21:05:28
2025-06-19 21:05:28,152 - SUAS - DEBUG - [SUAS_main.wait:274] - pozisyon alındı: timestamp: 2025-06-19 21:05:28
2025-06-19 21:05:28,158 - SUAS - DEBUG - [SUAS_main.wait:272] - pozisyon alınıyor timestamp: 2025-06-19 21:05:28
2025-06-19 21:05:28,159 - SUAS - DEBUG - [SUAS_main.wait:274] - pozisyon alındı: timestamp: 2025-06-19 21:05:28
2025-06-19 21:05:28,164 - SUAS - DEBUG - [SUAS_main.wait:272] - pozisyon alınıyor timestamp: 2025-06-19 21:05:28
2025-06-19 21:05:28,165 - SUAS - DEBUG - [SUAS_main.wait:274] - pozisyon alındı: timestamp: 2025-06-19 21:05:28
2025-06-19 21:05:28,170 - SUAS - DEBUG - [SUAS_main.wait:272] - pozisyon alınıyor timestamp: 2025-06-19 21:05:28
2025-06-19 21:05:28,171 - SUAS - DEBUG - [SUAS_main.wait:274] - pozisyon alındı: timestamp: 2025-06-19 21:05:28
2025-06-19 21:05:28,177 - SUAS - DEBUG - [SUAS_main.wait:272] - pozisyon alınıyor timestamp: 2025-06-19 21:05:28
2025-06-19 21:05:28,178 - SUAS - DEBUG - [SUAS_main.wait:274] - pozisyon alındı: timestamp: 2025-06-19 21:05:28
2025-06-19 21:05:28,183 - SUAS - DEBUG - [SUAS_main.wait:272] - pozisyon alınıyor timestamp: 2025-06-19 21:05:28
2025-06-19 21:05:28,184 - SUAS - DEBUG - [SUAS_main.wait:274] - pozisyon alındı: timestamp: 2025-06-19 21:05:28
2025-06-19 21:05:28,189 - SUAS - DEBUG - [SUAS_main.wait:272] - pozisyon alınıyor timestamp: 2025-06-19 21:05:28
2025-06-19 21:05:28,191 - SUAS - DEBUG - [SUAS_main.wait:274] - pozisyon alındı: timestamp: 2025-06-19 21:05:28
2025-06-19 21:05:28,196 - SUAS - DEBUG - [SUAS_main.wait:272] - pozisyon alınıyor timestamp: 2025-06-19 21:05:28
2025-06-19 21:05:28,198 - SUAS - DEBUG - [SUAS_main.wait:274] - pozisyon alındı: timestamp: 2025-06-19 21:05:28
2025-06-19 21:05:28,203 - SUAS - DEBUG - [SUAS_main.wait:272] - pozisyon alınıyor timestamp: 2025-06-19 21:05:28
2025-06-19 21:05:28,205 - SUAS - DEBUG - [SUAS_main.wait:274] - pozisyon alındı: timestamp: 2025-06-19 21:05:28
2025-06-19 21:05:28,211 - SUAS - DEBUG - [SUAS_main.wait:272] - pozisyon alınıyor timestamp: 2025-06-19 21:05:28
2025-06-19 21:05:28,213 - SUAS - DEBUG - [SUAS_main.wait:274] - pozisyon alındı: timestamp: 2025-06-19 21:05:28
2025-06-19 21:05:28,218 - SUAS - DEBUG - [SUAS_main.wait:272] - pozisyon alınıyor timestamp: 2025-06-19 21:05:28
2025-06-19 21:05:28,219 - SUAS - DEBUG - [SUAS_main.wait:274] - pozisyon alındı: timestamp: 2025-06-19 21:05:28
2025-06-19 21:05:28,224 - SUAS - DEBUG - [SUAS_main.wait:272] - pozisyon alınıyor timestamp: 2025-06-19 21:05:28
2025-06-19 21:05:28,226 - SUAS - DEBUG - [SUAS_main.wait:274] - pozisyon alındı: timestamp: 2025-06-19 21:05:28
2025-06-19 21:05:28,231 - SUAS - DEBUG - [SUAS_main.wait:272] - pozisyon alınıyor timestamp: 2025-06-19 21:05:28
2025-06-19 21:05:28,232 - SUAS - DEBUG - [SUAS_main.wait:274] - pozisyon alındı: timestamp: 2025-06-19 21:05:28
2025-06-19 21:05:28,238 - SUAS - DEBUG - [SUAS_main.wait:272] - pozisyon alınıyor timestamp: 2025-06-19 21:05:28
2025-06-19 21:05:28,239 - SUAS - DEBUG - [SUAS_main.wait:274] - pozisyon alındı: timestamp: 2025-06-19 21:05:28
2025-06-19 21:05:28,244 - SUAS - DEBUG - [SUAS_main.wait:272] - pozisyon alınıyor timestamp: 2025-06-19 21:05:28
2025-06-19 21:05:28,246 - SUAS - DEBUG - [SUAS_main.wait:274] - pozisyon alındı: timestamp: 2025-06-19 21:05:28
2025-06-19 21:05:28,251 - SUAS - DEBUG - [SUAS_main.wait:272] - pozisyon alınıyor timestamp: 2025-06-19 21:05:28
2025-06-19 21:05:28,254 - SUAS - DEBUG - [SUAS_main.wait:274] - pozisyon alındı: timestamp: 2025-06-19 21:05:28
2025-06-19 21:05:28,259 - SUAS - DEBUG - [SUAS_main.wait:272] - pozisyon alınıyor timestamp: 2025-06-19 21:05:28
2025-06-19 21:05:28,260 - SUAS - DEBUG - [SUAS_main.wait:274] - pozisyon alındı: timestamp: 2025-06-19 21:05:28
2025-06-19 21:05:28,265 - SUAS - DEBUG - [SUAS_main.wait:272] - pozisyon alınıyor timestamp: 2025-06-19 21:05:28
2025-06-19 21:05:28,266 - SUAS - DEBUG - [SUAS_main.wait:274] - pozisyon alındı: timestamp: 2025-06-19 21:05:28
2025-06-19 21:05:28,272 - SUAS - DEBUG - [SUAS_main.wait:272] - pozisyon alınıyor timestamp: 2025-06-19 21:05:28
2025-06-19 21:05:28,273 - SUAS - DEBUG - [SUAS_main.wait:274] - pozisyon alındı: timestamp: 2025-06-19 21:05:28
2025-06-19 21:05:28,281 - SUAS - DEBUG - [SUAS_main.wait:272] - pozisyon alınıyor timestamp: 2025-06-19 21:05:28
2025-06-19 21:05:28,282 - SUAS - DEBUG - [SUAS_main.wait:274] - pozisyon alındı: timestamp: 2025-06-19 21:05:28
2025-06-19 21:05:28,303 - SUAS - DEBUG - [SUAS_main.wait:272] - pozisyon alınıyor timestamp: 2025-06-19 21:05:28
2025-06-19 21:05:28,304 - SUAS - DEBUG - [SUAS_main.wait:274] - pozisyon alındı: timestamp: 2025-06-19 21:05:28
2025-06-19 21:05:28,311 - SUAS - DEBUG - [SUAS_main.wait:272] - pozisyon alınıyor timestamp: 2025-06-19 21:05:28
2025-06-19 21:05:28,312 - SUAS - DEBUG - [SUAS_main.wait:274] - pozisyon alındı: timestamp: 2025-06-19 21:05:28
2025-06-19 21:05:28,326 - SUAS - DEBUG - [SUAS_main.wait:272] - pozisyon alınıyor timestamp: 2025-06-19 21:05:28
2025-06-19 21:05:28,331 - SUAS - DEBUG - [SUAS_main.wait:274] - pozisyon alındı: timestamp: 2025-06-19 21:05:28
2025-06-19 21:05:28,338 - SUAS - DEBUG - [SUAS_main.wait:272] - pozisyon alınıyor timestamp: 2025-06-19 21:05:28
2025-06-19 21:05:28,339 - SUAS - DEBUG - [SUAS_main.wait:274] - pozisyon alındı: timestamp: 2025-06-19 21:05:28
2025-06-19 21:05:28,346 - SUAS - DEBUG - [SUAS_main.wait:272] - pozisyon alınıyor timestamp: 2025-06-19 21:05:28
2025-06-19 21:05:28,347 - SUAS - DEBUG - [SUAS_main.wait:274] - pozisyon alındı: timestamp: 2025-06-19 21:05:28
2025-06-19 21:05:28,359 - SUAS - DEBUG - [SUAS_main.wait:272] - pozisyon alınıyor timestamp: 2025-06-19 21:05:28
2025-06-19 21:05:28,365 - SUAS - DEBUG - [SUAS_main.wait:274] - pozisyon alındı: timestamp: 2025-06-19 21:05:28
2025-06-19 21:05:28,372 - SUAS - DEBUG - [SUAS_main.wait:272] - pozisyon alınıyor timestamp: 2025-06-19 21:05:28
2025-06-19 21:05:28,373 - SUAS - DEBUG - [SUAS_main.wait:274] - pozisyon alındı: timestamp: 2025-06-19 21:05:28
2025-06-19 21:05:28,378 - SUAS - DEBUG - [SUAS_main.wait:272] - pozisyon alınıyor timestamp: 2025-06-19 21:05:28
2025-06-19 21:05:28,380 - SUAS - DEBUG - [SUAS_main.wait:274] - pozisyon alındı: timestamp: 2025-06-19 21:05:28
2025-06-19 21:05:28,385 - SUAS - DEBUG - [SUAS_main.wait:272] - pozisyon alınıyor timestamp: 2025-06-19 21:05:28
2025-06-19 21:05:28,386 - SUAS - DEBUG - [SUAS_main.wait:274] - pozisyon alındı: timestamp: 2025-06-19 21:05:28
2025-06-19 21:05:28,402 - SUAS - DEBUG - [SUAS_main.wait:272] - pozisyon alınıyor timestamp: 2025-06-19 21:05:28
2025-06-19 21:05:28,403 - SUAS - DEBUG - [SUAS_main.wait:274] - pozisyon alındı: timestamp: 2025-06-19 21:05:28
2025-06-19 21:05:28,408 - SUAS - DEBUG - [SUAS_main.wait:272] - pozisyon alınıyor timestamp: 2025-06-19 21:05:28
2025-06-19 21:05:28,409 - SUAS - DEBUG - [SUAS_main.wait:274] - pozisyon alındı: timestamp: 2025-06-19 21:05:28
2025-06-19 21:05:28,414 - SUAS - DEBUG - [SUAS_main.wait:272] - pozisyon alınıyor timestamp: 2025-06-19 21:05:28
2025-06-19 21:05:28,415 - SUAS - DEBUG - [SUAS_main.wait:274] - pozisyon alındı: timestamp: 2025-06-19 21:05:28
2025-06-19 21:05:28,421 - SUAS - DEBUG - [SUAS_main.wait:272] - pozisyon alınıyor timestamp: 2025-06-19 21:05:28
2025-06-19 21:05:28,423 - SUAS - DEBUG - [SUAS_main.wait:274] - pozisyon alındı: timestamp: 2025-06-19 21:05:28
2025-06-19 21:05:28,428 - SUAS - DEBUG - [SUAS_main.wait:272] - pozisyon alınıyor timestamp: 2025-06-19 21:05:28
2025-06-19 21:05:28,429 - SUAS - DEBUG - [SUAS_main.wait:274] - pozisyon alındı: timestamp: 2025-06-19 21:05:28
2025-06-19 21:05:28,435 - SUAS - DEBUG - [SUAS_main.wait:272] - pozisyon alınıyor timestamp: 2025-06-19 21:05:28
2025-06-19 21:05:28,436 - SUAS - DEBUG - [SUAS_main.wait:274] - pozisyon alındı: timestamp: 2025-06-19 21:05:28
2025-06-19 21:05:28,442 - SUAS - DEBUG - [SUAS_main.wait:272] - pozisyon alınıyor timestamp: 2025-06-19 21:05:28
2025-06-19 21:05:28,443 - SUAS - DEBUG - [SUAS_main.wait:274] - pozisyon alındı: timestamp: 2025-06-19 21:05:28
2025-06-19 21:05:28,448 - SUAS - DEBUG - [SUAS_main.wait:272] - pozisyon alınıyor timestamp: 2025-06-19 21:05:28
2025-06-19 21:05:28,449 - SUAS - DEBUG - [SUAS_main.wait:274] - pozisyon alındı: timestamp: 2025-06-19 21:05:28
2025-06-19 21:05:28,455 - SUAS - DEBUG - [SUAS_main.wait:272] - pozisyon alınıyor timestamp: 2025-06-19 21:05:28
2025-06-19 21:05:28,456 - SUAS - DEBUG - [SUAS_main.wait:274] - pozisyon alındı: timestamp: 2025-06-19 21:05:28
2025-06-19 21:05:28,461 - SUAS - DEBUG - [SUAS_main.wait:272] - pozisyon alınıyor timestamp: 2025-06-19 21:05:28
2025-06-19 21:05:28,462 - SUAS - DEBUG - [SUAS_main.wait:274] - pozisyon alındı: timestamp: 2025-06-19 21:05:28
2025-06-19 21:05:28,468 - SUAS - DEBUG - [SUAS_main.wait:272] - pozisyon alınıyor timestamp: 2025-06-19 21:05:28
2025-06-19 21:05:28,468 - SUAS - DEBUG - [SUAS_main.wait:274] - pozisyon alındı: timestamp: 2025-06-19 21:05:28
2025-06-19 21:05:28,474 - SUAS - DEBUG - [SUAS_main.wait:272] - pozisyon alınıyor timestamp: 2025-06-19 21:05:28
2025-06-19 21:05:28,475 - SUAS - DEBUG - [SUAS_main.wait:274] - pozisyon alındı: timestamp: 2025-06-19 21:05:28
2025-06-19 21:05:28,480 - SUAS - DEBUG - [SUAS_main.wait:272] - pozisyon alınıyor timestamp: 2025-06-19 21:05:28
2025-06-19 21:05:28,481 - SUAS - DEBUG - [SUAS_main.wait:274] - pozisyon alındı: timestamp: 2025-06-19 21:05:28
2025-06-19 21:05:28,486 - SUAS - DEBUG - [SUAS_main.wait:272] - pozisyon alınıyor timestamp: 2025-06-19 21:05:28
2025-06-19 21:05:28,487 - SUAS - DEBUG - [SUAS_main.wait:274] - pozisyon alındı: timestamp: 2025-06-19 21:05:28
2025-06-19 21:05:28,493 - SUAS - DEBUG - [SUAS_main.wait:272] - pozisyon alınıyor timestamp: 2025-06-19 21:05:28
2025-06-19 21:05:28,494 - SUAS - DEBUG - [SUAS_main.wait:274] - pozisyon alındı: timestamp: 2025-06-19 21:05:28
2025-06-19 21:05:28,499 - SUAS - DEBUG - [SUAS_main.wait:272] - pozisyon alınıyor timestamp: 2025-06-19 21:05:28
2025-06-19 21:05:28,500 - SUAS - DEBUG - [SUAS_main.wait:274] - pozisyon alındı: timestamp: 2025-06-19 21:05:28
2025-06-19 21:05:28,506 - SUAS - DEBUG - [SUAS_main.wait:272] - pozisyon alınıyor timestamp: 2025-06-19 21:05:28
2025-06-19 21:05:28,507 - SUAS - DEBUG - [SUAS_main.wait:274] - pozisyon alındı: timestamp: 2025-06-19 21:05:28
2025-06-19 21:05:28,512 - SUAS - DEBUG - [SUAS_main.wait:272] - pozisyon alınıyor timestamp: 2025-06-19 21:05:28
2025-06-19 21:05:28,513 - SUAS - DEBUG - [SUAS_main.wait:274] - pozisyon alındı: timestamp: 2025-06-19 21:05:28
2025-06-19 21:05:28,519 - SUAS - DEBUG - [SUAS_main.wait:272] - pozisyon alınıyor timestamp: 2025-06-19 21:05:28
2025-06-19 21:05:28,520 - SUAS - DEBUG - [SUAS_main.wait:274] - pozisyon alındı: timestamp: 2025-06-19 21:05:28
2025-06-19 21:05:28,526 - SUAS - DEBUG - [SUAS_main.wait:272] - pozisyon alınıyor timestamp: 2025-06-19 21:05:28
2025-06-19 21:05:28,527 - SUAS - DEBUG - [SUAS_main.wait:274] - pozisyon alındı: timestamp: 2025-06-19 21:05:28
2025-06-19 21:05:28,532 - SUAS - DEBUG - [SUAS_main.wait:272] - pozisyon alınıyor timestamp: 2025-06-19 21:05:28
2025-06-19 21:05:28,534 - SUAS - DEBUG - [SUAS_main.wait:274] - pozisyon alındı: timestamp: 2025-06-19 21:05:28
2025-06-19 21:05:28,540 - SUAS - DEBUG - [SUAS_main.wait:272] - pozisyon alınıyor timestamp: 2025-06-19 21:05:28
2025-06-19 21:05:28,541 - SUAS - DEBUG - [SUAS_main.wait:274] - pozisyon alındı: timestamp: 2025-06-19 21:05:28
2025-06-19 21:05:28,546 - SUAS - DEBUG - [SUAS_main.wait:272] - pozisyon alınıyor timestamp: 2025-06-19 21:05:28
2025-06-19 21:05:28,548 - SUAS - DEBUG - [SUAS_main.wait:274] - pozisyon alındı: timestamp: 2025-06-19 21:05:28
2025-06-19 21:05:28,553 - SUAS - DEBUG - [SUAS_main.wait:272] - pozisyon alınıyor timestamp: 2025-06-19 21:05:28
2025-06-19 21:05:28,554 - SUAS - DEBUG - [SUAS_main.wait:274] - pozisyon alındı: timestamp: 2025-06-19 21:05:28
2025-06-19 21:05:28,559 - SUAS - DEBUG - [SUAS_main.wait:272] - pozisyon alınıyor timestamp: 2025-06-19 21:05:28
2025-06-19 21:05:28,560 - SUAS - DEBUG - [SUAS_main.wait:274] - pozisyon alındı: timestamp: 2025-06-19 21:05:28
2025-06-19 21:05:28,565 - SUAS - DEBUG - [SUAS_main.wait:272] - pozisyon alınıyor timestamp: 2025-06-19 21:05:28
2025-06-19 21:05:28,567 - SUAS - DEBUG - [SUAS_main.wait:274] - pozisyon alındı: timestamp: 2025-06-19 21:05:28
2025-06-19 21:05:28,572 - SUAS - DEBUG - [SUAS_main.wait:272] - pozisyon alınıyor timestamp: 2025-06-19 21:05:28
2025-06-19 21:05:28,574 - SUAS - DEBUG - [SUAS_main.wait:274] - pozisyon alındı: timestamp: 2025-06-19 21:05:28
2025-06-19 21:05:28,579 - SUAS - DEBUG - [SUAS_main.wait:272] - pozisyon alınıyor timestamp: 2025-06-19 21:05:28
2025-06-19 21:05:28,580 - SUAS - DEBUG - [SUAS_main.wait:274] - pozisyon alındı: timestamp: 2025-06-19 21:05:28
2025-06-19 21:05:28,585 - SUAS - DEBUG - [SUAS_main.wait:272] - pozisyon alınıyor timestamp: 2025-06-19 21:05:28
2025-06-19 21:05:28,587 - SUAS - DEBUG - [SUAS_main.wait:274] - pozisyon alındı: timestamp: 2025-06-19 21:05:28
2025-06-19 21:05:28,594 - SUAS - DEBUG - [SUAS_main.wait:272] - pozisyon alınıyor timestamp: 2025-06-19 21:05:28
2025-06-19 21:05:28,595 - SUAS - DEBUG - [SUAS_main.wait:274] - pozisyon alındı: timestamp: 2025-06-19 21:05:28
2025-06-19 21:05:28,601 - SUAS - DEBUG - [SUAS_main.wait:272] - pozisyon alınıyor timestamp: 2025-06-19 21:05:28
2025-06-19 21:05:28,602 - SUAS - DEBUG - [SUAS_main.wait:274] - pozisyon alındı: timestamp: 2025-06-19 21:05:28
2025-06-19 21:05:28,608 - SUAS - DEBUG - [SUAS_main.wait:272] - pozisyon alınıyor timestamp: 2025-06-19 21:05:28
2025-06-19 21:05:28,609 - SUAS - DEBUG - [SUAS_main.wait:274] - pozisyon alındı: timestamp: 2025-06-19 21:05:28
2025-06-19 21:05:28,614 - SUAS - DEBUG - [SUAS_main.wait:272] - pozisyon alınıyor timestamp: 2025-06-19 21:05:28
2025-06-19 21:05:28,616 - SUAS - DEBUG - [SUAS_main.wait:274] - pozisyon alındı: timestamp: 2025-06-19 21:05:28
2025-06-19 21:05:28,621 - SUAS - DEBUG - [SUAS_main.wait:272] - pozisyon alınıyor timestamp: 2025-06-19 21:05:28
2025-06-19 21:05:28,622 - SUAS - DEBUG - [SUAS_main.wait:274] - pozisyon alındı: timestamp: 2025-06-19 21:05:28
2025-06-19 21:05:28,627 - SUAS - DEBUG - [SUAS_main.wait:272] - pozisyon alınıyor timestamp: 2025-06-19 21:05:28
2025-06-19 21:05:28,628 - SUAS - DEBUG - [SUAS_main.wait:274] - pozisyon alındı: timestamp: 2025-06-19 21:05:28
2025-06-19 21:05:28,634 - SUAS - DEBUG - [SUAS_main.wait:272] - pozisyon alınıyor timestamp: 2025-06-19 21:05:28
2025-06-19 21:05:28,634 - SUAS - DEBUG - [SUAS_main.wait:274] - pozisyon alındı: timestamp: 2025-06-19 21:05:28
2025-06-19 21:05:28,639 - SUAS - DEBUG - [SUAS_main.wait:272] - pozisyon alınıyor timestamp: 2025-06-19 21:05:28
2025-06-19 21:05:28,641 - SUAS - DEBUG - [SUAS_main.wait:274] - pozisyon alındı: timestamp: 2025-06-19 21:05:28
2025-06-19 21:05:28,646 - SUAS - DEBUG - [SUAS_main.wait:272] - pozisyon alınıyor timestamp: 2025-06-19 21:05:28
2025-06-19 21:05:28,647 - SUAS - DEBUG - [SUAS_main.wait:274] - pozisyon alındı: timestamp: 2025-06-19 21:05:28
2025-06-19 21:05:28,652 - SUAS - DEBUG - [SUAS_main.wait:272] - pozisyon alınıyor timestamp: 2025-06-19 21:05:28
2025-06-19 21:05:28,653 - SUAS - DEBUG - [SUAS_main.wait:274] - pozisyon alındı: timestamp: 2025-06-19 21:05:28
2025-06-19 21:05:28,658 - SUAS - DEBUG - [SUAS_main.wait:272] - pozisyon alınıyor timestamp: 2025-06-19 21:05:28
2025-06-19 21:05:28,660 - SUAS - DEBUG - [SUAS_main.wait:274] - pozisyon alındı: timestamp: 2025-06-19 21:05:28
2025-06-19 21:05:28,665 - SUAS - DEBUG - [SUAS_main.wait:272] - pozisyon alınıyor timestamp: 2025-06-19 21:05:28
2025-06-19 21:05:28,666 - SUAS - DEBUG - [SUAS_main.wait:274] - pozisyon alındı: timestamp: 2025-06-19 21:05:28
2025-06-19 21:05:28,672 - SUAS - DEBUG - [SUAS_main.wait:272] - pozisyon alınıyor timestamp: 2025-06-19 21:05:28
2025-06-19 21:05:28,673 - SUAS - DEBUG - [SUAS_main.wait:274] - pozisyon alındı: timestamp: 2025-06-19 21:05:28
2025-06-19 21:05:28,678 - SUAS - DEBUG - [SUAS_main.wait:272] - pozisyon alınıyor timestamp: 2025-06-19 21:05:28
2025-06-19 21:05:28,679 - SUAS - DEBUG - [SUAS_main.wait:274] - pozisyon alındı: timestamp: 2025-06-19 21:05:28
2025-06-19 21:05:28,685 - SUAS - DEBUG - [SUAS_main.wait:272] - pozisyon alınıyor timestamp: 2025-06-19 21:05:28
2025-06-19 21:05:28,686 - SUAS - DEBUG - [SUAS_main.wait:274] - pozisyon alındı: timestamp: 2025-06-19 21:05:28
2025-06-19 21:05:28,692 - SUAS - DEBUG - [SUAS_main.wait:272] - pozisyon alınıyor timestamp: 2025-06-19 21:05:28
2025-06-19 21:05:28,693 - SUAS - DEBUG - [SUAS_main.wait:274] - pozisyon alındı: timestamp: 2025-06-19 21:05:28
2025-06-19 21:05:28,699 - SUAS - DEBUG - [SUAS_main.wait:272] - pozisyon alınıyor timestamp: 2025-06-19 21:05:28
2025-06-19 21:05:28,699 - SUAS - DEBUG - [SUAS_main.wait:274] - pozisyon alındı: timestamp: 2025-06-19 21:05:28
2025-06-19 21:05:28,705 - SUAS - DEBUG - [SUAS_main.wait:272] - pozisyon alınıyor timestamp: 2025-06-19 21:05:28
2025-06-19 21:05:28,706 - SUAS - DEBUG - [SUAS_main.wait:274] - pozisyon alındı: timestamp: 2025-06-19 21:05:28
2025-06-19 21:05:28,712 - SUAS - DEBUG - [SUAS_main.wait:272] - pozisyon alınıyor timestamp: 2025-06-19 21:05:28
2025-06-19 21:05:28,712 - SUAS - DEBUG - [SUAS_main.wait:274] - pozisyon alındı: timestamp: 2025-06-19 21:05:28
2025-06-19 21:05:28,718 - SUAS - DEBUG - [SUAS_main.wait:272] - pozisyon alınıyor timestamp: 2025-06-19 21:05:28
2025-06-19 21:05:28,719 - SUAS - DEBUG - [SUAS_main.wait:274] - pozisyon alındı: timestamp: 2025-06-19 21:05:28
2025-06-19 21:05:28,724 - SUAS - DEBUG - [SUAS_main.wait:272] - pozisyon alınıyor timestamp: 2025-06-19 21:05:28
2025-06-19 21:05:28,725 - SUAS - DEBUG - [SUAS_main.wait:274] - pozisyon alındı: timestamp: 2025-06-19 21:05:28
2025-06-19 21:05:28,731 - SUAS - DEBUG - [SUAS_main.wait:272] - pozisyon alınıyor timestamp: 2025-06-19 21:05:28
2025-06-19 21:05:28,732 - SUAS - DEBUG - [SUAS_main.wait:274] - pozisyon alındı: timestamp: 2025-06-19 21:05:28
2025-06-19 21:05:28,738 - SUAS - DEBUG - [SUAS_main.wait:272] - pozisyon alınıyor timestamp: 2025-06-19 21:05:28
2025-06-19 21:05:28,739 - SUAS - DEBUG - [SUAS_main.wait:274] - pozisyon alındı: timestamp: 2025-06-19 21:05:28
2025-06-19 21:05:28,744 - SUAS - DEBUG - [SUAS_main.wait:272] - pozisyon alınıyor timestamp: 2025-06-19 21:05:28
2025-06-19 21:05:28,745 - SUAS - DEBUG - [SUAS_main.wait:274] - pozisyon alındı: timestamp: 2025-06-19 21:05:28
2025-06-19 21:05:28,751 - SUAS - DEBUG - [SUAS_main.wait:272] - pozisyon alınıyor timestamp: 2025-06-19 21:05:28
2025-06-19 21:05:28,752 - SUAS - DEBUG - [SUAS_main.wait:274] - pozisyon alındı: timestamp: 2025-06-19 21:05:28
2025-06-19 21:05:28,757 - SUAS - DEBUG - [SUAS_main.wait:272] - pozisyon alınıyor timestamp: 2025-06-19 21:05:28
2025-06-19 21:05:28,758 - SUAS - DEBUG - [SUAS_main.wait:274] - pozisyon alındı: timestamp: 2025-06-19 21:05:28
2025-06-19 21:05:28,763 - SUAS - DEBUG - [SUAS_main.wait:272] - pozisyon alınıyor timestamp: 2025-06-19 21:05:28
2025-06-19 21:05:28,764 - SUAS - DEBUG - [SUAS_main.wait:274] - pozisyon alındı: timestamp: 2025-06-19 21:05:28
2025-06-19 21:05:28,769 - SUAS - DEBUG - [SUAS_main.wait:272] - pozisyon alınıyor timestamp: 2025-06-19 21:05:28
2025-06-19 21:05:28,770 - SUAS - DEBUG - [SUAS_main.wait:274] - pozisyon alındı: timestamp: 2025-06-19 21:05:28
2025-06-19 21:05:28,776 - SUAS - DEBUG - [SUAS_main.wait:272] - pozisyon alınıyor timestamp: 2025-06-19 21:05:28
2025-06-19 21:05:28,776 - SUAS - DEBUG - [SUAS_main.wait:274] - pozisyon alındı: timestamp: 2025-06-19 21:05:28
2025-06-19 21:05:28,782 - SUAS - DEBUG - [SUAS_main.wait:272] - pozisyon alınıyor timestamp: 2025-06-19 21:05:28
2025-06-19 21:05:28,783 - SUAS - DEBUG - [SUAS_main.wait:274] - pozisyon alındı: timestamp: 2025-06-19 21:05:28
2025-06-19 21:05:28,789 - SUAS - DEBUG - [SUAS_main.wait:272] - pozisyon alınıyor timestamp: 2025-06-19 21:05:28
2025-06-19 21:05:28,790 - SUAS - DEBUG - [SUAS_main.wait:274] - pozisyon alındı: timestamp: 2025-06-19 21:05:28
2025-06-19 21:05:28,796 - SUAS - DEBUG - [SUAS_main.wait:272] - pozisyon alınıyor timestamp: 2025-06-19 21:05:28
2025-06-19 21:05:28,797 - SUAS - DEBUG - [SUAS_main.wait:274] - pozisyon alındı: timestamp: 2025-06-19 21:05:28
2025-06-19 21:05:28,803 - SUAS - DEBUG - [SUAS_main.wait:272] - pozisyon alınıyor timestamp: 2025-06-19 21:05:28
2025-06-19 21:05:28,804 - SUAS - DEBUG - [SUAS_main.wait:274] - pozisyon alındı: timestamp: 2025-06-19 21:05:28
2025-06-19 21:05:28,809 - SUAS - DEBUG - [SUAS_main.wait:272] - pozisyon alınıyor timestamp: 2025-06-19 21:05:28
2025-06-19 21:05:28,810 - SUAS - DEBUG - [SUAS_main.wait:274] - pozisyon alındı: timestamp: 2025-06-19 21:05:28
2025-06-19 21:05:28,815 - SUAS - DEBUG - [SUAS_main.wait:272] - pozisyon alınıyor timestamp: 2025-06-19 21:05:28
2025-06-19 21:05:28,816 - SUAS - DEBUG - [SUAS_main.wait:274] - pozisyon alındı: timestamp: 2025-06-19 21:05:28
2025-06-19 21:05:28,821 - SUAS - DEBUG - [SUAS_main.wait:272] - pozisyon alınıyor timestamp: 2025-06-19 21:05:28
2025-06-19 21:05:28,823 - SUAS - DEBUG - [SUAS_main.wait:274] - pozisyon alındı: timestamp: 2025-06-19 21:05:28
2025-06-19 21:05:28,828 - SUAS - DEBUG - [SUAS_main.wait:272] - pozisyon alınıyor timestamp: 2025-06-19 21:05:28
2025-06-19 21:05:28,829 - SUAS - DEBUG - [SUAS_main.wait:274] - pozisyon alındı: timestamp: 2025-06-19 21:05:28
2025-06-19 21:05:28,834 - SUAS - DEBUG - [SUAS_main.wait:272] - pozisyon alınıyor timestamp: 2025-06-19 21:05:28
2025-06-19 21:05:28,835 - SUAS - DEBUG - [SUAS_main.wait:274] - pozisyon alındı: timestamp: 2025-06-19 21:05:28
2025-06-19 21:05:28,840 - SUAS - DEBUG - [SUAS_main.wait:272] - pozisyon alınıyor timestamp: 2025-06-19 21:05:28
2025-06-19 21:05:28,842 - SUAS - DEBUG - [SUAS_main.wait:274] - pozisyon alındı: timestamp: 2025-06-19 21:05:28
2025-06-19 21:05:28,847 - SUAS - DEBUG - [SUAS_main.wait:272] - pozisyon alınıyor timestamp: 2025-06-19 21:05:28
2025-06-19 21:05:28,848 - SUAS - DEBUG - [SUAS_main.wait:274] - pozisyon alındı: timestamp: 2025-06-19 21:05:28
2025-06-19 21:05:28,854 - SUAS - DEBUG - [SUAS_main.wait:272] - pozisyon alınıyor timestamp: 2025-06-19 21:05:28
2025-06-19 21:05:28,855 - SUAS - DEBUG - [SUAS_main.wait:274] - pozisyon alındı: timestamp: 2025-06-19 21:05:28
2025-06-19 21:05:28,860 - SUAS - DEBUG - [SUAS_main.wait:272] - pozisyon alınıyor timestamp: 2025-06-19 21:05:28
2025-06-19 21:05:28,861 - SUAS - DEBUG - [SUAS_main.wait:274] - pozisyon alındı: timestamp: 2025-06-19 21:05:28
2025-06-19 21:05:28,866 - SUAS - DEBUG - [SUAS_main.wait:272] - pozisyon alınıyor timestamp: 2025-06-19 21:05:28
2025-06-19 21:05:28,868 - SUAS - DEBUG - [SUAS_main.wait:274] - pozisyon alındı: timestamp: 2025-06-19 21:05:28
2025-06-19 21:05:28,873 - SUAS - DEBUG - [SUAS_main.wait:272] - pozisyon alınıyor timestamp: 2025-06-19 21:05:28
2025-06-19 21:05:28,875 - SUAS - DEBUG - [SUAS_main.wait:274] - pozisyon alındı: timestamp: 2025-06-19 21:05:28
2025-06-19 21:05:28,880 - SUAS - DEBUG - [SUAS_main.wait:272] - pozisyon alınıyor timestamp: 2025-06-19 21:05:28
2025-06-19 21:05:28,881 - SUAS - DEBUG - [SUAS_main.wait:274] - pozisyon alındı: timestamp: 2025-06-19 21:05:28
2025-06-19 21:05:28,887 - SUAS - DEBUG - [SUAS_main.wait:272] - pozisyon alınıyor timestamp: 2025-06-19 21:05:28
2025-06-19 21:05:28,888 - SUAS - DEBUG - [SUAS_main.wait:274] - pozisyon alındı: timestamp: 2025-06-19 21:05:28
2025-06-19 21:05:28,894 - SUAS - DEBUG - [SUAS_main.wait:272] - pozisyon alınıyor timestamp: 2025-06-19 21:05:28
2025-06-19 21:05:28,895 - SUAS - DEBUG - [SUAS_main.wait:274] - pozisyon alındı: timestamp: 2025-06-19 21:05:28
2025-06-19 21:05:28,901 - SUAS - DEBUG - [SUAS_main.wait:272] - pozisyon alınıyor timestamp: 2025-06-19 21:05:28
2025-06-19 21:05:28,903 - SUAS - DEBUG - [SUAS_main.wait:274] - pozisyon alındı: timestamp: 2025-06-19 21:05:28
2025-06-19 21:05:28,908 - SUAS - DEBUG - [SUAS_main.wait:272] - pozisyon alınıyor timestamp: 2025-06-19 21:05:28
2025-06-19 21:05:28,909 - SUAS - DEBUG - [SUAS_main.wait:274] - pozisyon alındı: timestamp: 2025-06-19 21:05:28
2025-06-19 21:05:28,915 - SUAS - DEBUG - [SUAS_main.wait:272] - pozisyon alınıyor timestamp: 2025-06-19 21:05:28
2025-06-19 21:05:28,916 - SUAS - DEBUG - [SUAS_main.wait:274] - pozisyon alındı: timestamp: 2025-06-19 21:05:28
2025-06-19 21:05:28,922 - SUAS - DEBUG - [SUAS_main.wait:272] - pozisyon alınıyor timestamp: 2025-06-19 21:05:28
2025-06-19 21:05:28,923 - SUAS - DEBUG - [SUAS_main.wait:274] - pozisyon alındı: timestamp: 2025-06-19 21:05:28
2025-06-19 21:05:28,928 - SUAS - DEBUG - [SUAS_main.wait:272] - pozisyon alınıyor timestamp: 2025-06-19 21:05:28
2025-06-19 21:05:28,930 - SUAS - DEBUG - [SUAS_main.wait:274] - pozisyon alındı: timestamp: 2025-06-19 21:05:28
2025-06-19 21:05:28,935 - SUAS - DEBUG - [SUAS_main.wait:272] - pozisyon alınıyor timestamp: 2025-06-19 21:05:28
2025-06-19 21:05:28,936 - SUAS - DEBUG - [SUAS_main.wait:274] - pozisyon alındı: timestamp: 2025-06-19 21:05:28
2025-06-19 21:05:28,942 - SUAS - DEBUG - [SUAS_main.wait:272] - pozisyon alınıyor timestamp: 2025-06-19 21:05:28
2025-06-19 21:05:28,943 - SUAS - DEBUG - [SUAS_main.wait:274] - pozisyon alındı: timestamp: 2025-06-19 21:05:28
2025-06-19 21:05:28,948 - SUAS - DEBUG - [SUAS_main.wait:272] - pozisyon alınıyor timestamp: 2025-06-19 21:05:28
2025-06-19 21:05:28,949 - SUAS - DEBUG - [SUAS_main.wait:274] - pozisyon alındı: timestamp: 2025-06-19 21:05:28
2025-06-19 21:05:28,955 - SUAS - DEBUG - [SUAS_main.wait:272] - pozisyon alınıyor timestamp: 2025-06-19 21:05:28
2025-06-19 21:05:28,956 - SUAS - DEBUG - [SUAS_main.wait:274] - pozisyon alındı: timestamp: 2025-06-19 21:05:28
2025-06-19 21:05:28,961 - SUAS - DEBUG - [SUAS_main.wait:272] - pozisyon alınıyor timestamp: 2025-06-19 21:05:28
2025-06-19 21:05:28,962 - SUAS - DEBUG - [SUAS_main.wait:274] - pozisyon alındı: timestamp: 2025-06-19 21:05:28
2025-06-19 21:05:28,967 - SUAS - DEBUG - [SUAS_main.wait:272] - pozisyon alınıyor timestamp: 2025-06-19 21:05:28
2025-06-19 21:05:28,968 - SUAS - DEBUG - [SUAS_main.wait:274] - pozisyon alındı: timestamp: 2025-06-19 21:05:28
2025-06-19 21:05:28,974 - SUAS - DEBUG - [SUAS_main.wait:272] - pozisyon alınıyor timestamp: 2025-06-19 21:05:28
2025-06-19 21:05:28,974 - SUAS - DEBUG - [SUAS_main.wait:274] - pozisyon alındı: timestamp: 2025-06-19 21:05:28
2025-06-19 21:05:28,980 - SUAS - DEBUG - [SUAS_main.wait:272] - pozisyon alınıyor timestamp: 2025-06-19 21:05:28
2025-06-19 21:05:28,981 - SUAS - DEBUG - [SUAS_main.wait:274] - pozisyon alındı: timestamp: 2025-06-19 21:05:28
2025-06-19 21:05:28,986 - SUAS - DEBUG - [SUAS_main.wait:272] - pozisyon alınıyor timestamp: 2025-06-19 21:05:28
2025-06-19 21:05:28,987 - SUAS - DEBUG - [SUAS_main.wait:274] - pozisyon alındı: timestamp: 2025-06-19 21:05:28
2025-06-19 21:05:28,993 - SUAS - DEBUG - [SUAS_main.wait:272] - pozisyon alınıyor timestamp: 2025-06-19 21:05:28
2025-06-19 21:05:28,994 - SUAS - DEBUG - [SUAS_main.wait:274] - pozisyon alındı: timestamp: 2025-06-19 21:05:28
2025-06-19 21:05:28,999 - SUAS - DEBUG - [SUAS_main.wait:272] - pozisyon alınıyor timestamp: 2025-06-19 21:05:28
2025-06-19 21:05:29,000 - SUAS - DEBUG - [SUAS_main.wait:274] - pozisyon alındı: timestamp: 2025-06-19 21:05:29
2025-06-19 21:05:29,007 - SUAS - DEBUG - [SUAS_main.wait:272] - pozisyon alınıyor timestamp: 2025-06-19 21:05:29
2025-06-19 21:05:29,008 - SUAS - DEBUG - [SUAS_main.wait:274] - pozisyon alındı: timestamp: 2025-06-19 21:05:29
2025-06-19 21:05:29,013 - SUAS - DEBUG - [SUAS_main.wait:272] - pozisyon alınıyor timestamp: 2025-06-19 21:05:29
2025-06-19 21:05:29,014 - SUAS - DEBUG - [SUAS_main.wait:274] - pozisyon alındı: timestamp: 2025-06-19 21:05:29
2025-06-19 21:05:29,019 - SUAS - DEBUG - [SUAS_main.wait:272] - pozisyon alınıyor timestamp: 2025-06-19 21:05:29
2025-06-19 21:05:29,021 - SUAS - DEBUG - [SUAS_main.wait:274] - pozisyon alındı: timestamp: 2025-06-19 21:05:29
2025-06-19 21:05:29,026 - SUAS - DEBUG - [SUAS_main.wait:272] - pozisyon alınıyor timestamp: 2025-06-19 21:05:29
2025-06-19 21:05:29,027 - SUAS - DEBUG - [SUAS_main.wait:274] - pozisyon alındı: timestamp: 2025-06-19 21:05:29
2025-06-19 21:05:29,032 - SUAS - DEBUG - [SUAS_main.wait:272] - pozisyon alınıyor timestamp: 2025-06-19 21:05:29
2025-06-19 21:05:29,033 - SUAS - DEBUG - [SUAS_main.wait:274] - pozisyon alındı: timestamp: 2025-06-19 21:05:29
2025-06-19 21:05:29,041 - SUAS - DEBUG - [SUAS_main.wait:272] - pozisyon alınıyor timestamp: 2025-06-19 21:05:29
2025-06-19 21:05:29,042 - SUAS - DEBUG - [SUAS_main.wait:274] - pozisyon alındı: timestamp: 2025-06-19 21:05:29
2025-06-19 21:05:29,047 - SUAS - DEBUG - [SUAS_main.wait:272] - pozisyon alınıyor timestamp: 2025-06-19 21:05:29
2025-06-19 21:05:29,048 - SUAS - DEBUG - [SUAS_main.wait:274] - pozisyon alındı: timestamp: 2025-06-19 21:05:29
2025-06-19 21:05:29,054 - SUAS - DEBUG - [SUAS_main.wait:272] - pozisyon alınıyor timestamp: 2025-06-19 21:05:29
2025-06-19 21:05:29,055 - SUAS - DEBUG - [SUAS_main.wait:274] - pozisyon alındı: timestamp: 2025-06-19 21:05:29
2025-06-19 21:05:29,060 - SUAS - DEBUG - [SUAS_main.wait:272] - pozisyon alınıyor timestamp: 2025-06-19 21:05:29
2025-06-19 21:05:29,061 - SUAS - DEBUG - [SUAS_main.wait:274] - pozisyon alındı: timestamp: 2025-06-19 21:05:29
2025-06-19 21:05:29,067 - SUAS - DEBUG - [SUAS_main.wait:272] - pozisyon alınıyor timestamp: 2025-06-19 21:05:29
2025-06-19 21:05:29,067 - SUAS - DEBUG - [SUAS_main.wait:274] - pozisyon alındı: timestamp: 2025-06-19 21:05:29
2025-06-19 21:05:29,073 - SUAS - DEBUG - [SUAS_main.wait:272] - pozisyon alınıyor timestamp: 2025-06-19 21:05:29
2025-06-19 21:05:29,074 - SUAS - DEBUG - [SUAS_main.wait:274] - pozisyon alındı: timestamp: 2025-06-19 21:05:29
2025-06-19 21:05:29,079 - SUAS - DEBUG - [SUAS_main.wait:272] - pozisyon alınıyor timestamp: 2025-06-19 21:05:29
2025-06-19 21:05:29,080 - SUAS - DEBUG - [SUAS_main.wait:274] - pozisyon alındı: timestamp: 2025-06-19 21:05:29
2025-06-19 21:05:29,085 - SUAS - DEBUG - [SUAS_main.wait:272] - pozisyon alınıyor timestamp: 2025-06-19 21:05:29
2025-06-19 21:05:29,087 - SUAS - DEBUG - [SUAS_main.wait:274] - pozisyon alındı: timestamp: 2025-06-19 21:05:29
2025-06-19 21:05:29,093 - SUAS - DEBUG - [SUAS_main.wait:272] - pozisyon alınıyor timestamp: 2025-06-19 21:05:29
2025-06-19 21:05:29,094 - SUAS - DEBUG - [SUAS_main.wait:274] - pozisyon alındı: timestamp: 2025-06-19 21:05:29
2025-06-19 21:05:29,099 - SUAS - DEBUG - [SUAS_main.wait:272] - pozisyon alınıyor timestamp: 2025-06-19 21:05:29
2025-06-19 21:05:29,101 - SUAS - DEBUG - [SUAS_main.wait:274] - pozisyon alındı: timestamp: 2025-06-19 21:05:29
2025-06-19 21:05:29,107 - SUAS - DEBUG - [SUAS_main.wait:272] - pozisyon alınıyor timestamp: 2025-06-19 21:05:29
2025-06-19 21:05:29,108 - SUAS - DEBUG - [SUAS_main.wait:274] - pozisyon alındı: timestamp: 2025-06-19 21:05:29
2025-06-19 21:05:29,113 - SUAS - DEBUG - [SUAS_main.wait:272] - pozisyon alınıyor timestamp: 2025-06-19 21:05:29
2025-06-19 21:05:29,114 - SUAS - DEBUG - [SUAS_main.wait:274] - pozisyon alındı: timestamp: 2025-06-19 21:05:29
2025-06-19 21:05:29,120 - SUAS - DEBUG - [SUAS_main.wait:272] - pozisyon alınıyor timestamp: 2025-06-19 21:05:29
2025-06-19 21:05:29,121 - SUAS - DEBUG - [SUAS_main.wait:274] - pozisyon alındı: timestamp: 2025-06-19 21:05:29
2025-06-19 21:05:29,126 - SUAS - DEBUG - [SUAS_main.wait:272] - pozisyon alınıyor timestamp: 2025-06-19 21:05:29
2025-06-19 21:05:29,127 - SUAS - DEBUG - [SUAS_main.wait:274] - pozisyon alındı: timestamp: 2025-06-19 21:05:29
2025-06-19 21:05:29,132 - SUAS - DEBUG - [SUAS_main.wait:272] - pozisyon alınıyor timestamp: 2025-06-19 21:05:29
2025-06-19 21:05:29,133 - SUAS - DEBUG - [SUAS_main.wait:274] - pozisyon alındı: timestamp: 2025-06-19 21:05:29
2025-06-19 21:05:29,139 - SUAS - DEBUG - [SUAS_main.wait:272] - pozisyon alınıyor timestamp: 2025-06-19 21:05:29
2025-06-19 21:05:29,140 - SUAS - DEBUG - [SUAS_main.wait:274] - pozisyon alındı: timestamp: 2025-06-19 21:05:29
2025-06-19 21:05:29,145 - SUAS - DEBUG - [SUAS_main.wait:272] - pozisyon alınıyor timestamp: 2025-06-19 21:05:29
2025-06-19 21:05:29,146 - SUAS - DEBUG - [SUAS_main.wait:274] - pozisyon alındı: timestamp: 2025-06-19 21:05:29
2025-06-19 21:05:29,152 - SUAS - DEBUG - [SUAS_main.wait:272] - pozisyon alınıyor timestamp: 2025-06-19 21:05:29
2025-06-19 21:05:29,154 - SUAS - DEBUG - [SUAS_main.wait:274] - pozisyon alındı: timestamp: 2025-06-19 21:05:29
2025-06-19 21:05:29,159 - SUAS - DEBUG - [SUAS_main.wait:272] - pozisyon alınıyor timestamp: 2025-06-19 21:05:29
2025-06-19 21:05:29,160 - SUAS - DEBUG - [SUAS_main.wait:274] - pozisyon alındı: timestamp: 2025-06-19 21:05:29
2025-06-19 21:05:29,165 - SUAS - DEBUG - [SUAS_main.wait:272] - pozisyon alınıyor timestamp: 2025-06-19 21:05:29
2025-06-19 21:05:29,167 - SUAS - DEBUG - [SUAS_main.wait:274] - pozisyon alındı: timestamp: 2025-06-19 21:05:29
2025-06-19 21:05:29,173 - SUAS - DEBUG - [SUAS_main.wait:272] - pozisyon alınıyor timestamp: 2025-06-19 21:05:29
2025-06-19 21:05:29,174 - SUAS - DEBUG - [SUAS_main.wait:274] - pozisyon alındı: timestamp: 2025-06-19 21:05:29
2025-06-19 21:05:29,179 - SUAS - DEBUG - [SUAS_main.wait:272] - pozisyon alınıyor timestamp: 2025-06-19 21:05:29
2025-06-19 21:05:29,180 - SUAS - DEBUG - [SUAS_main.wait:274] - pozisyon alındı: timestamp: 2025-06-19 21:05:29
2025-06-19 21:05:29,186 - SUAS - DEBUG - [SUAS_main.wait:272] - pozisyon alınıyor timestamp: 2025-06-19 21:05:29
2025-06-19 21:05:29,187 - SUAS - DEBUG - [SUAS_main.wait:274] - pozisyon alındı: timestamp: 2025-06-19 21:05:29
2025-06-19 21:05:29,192 - SUAS - DEBUG - [SUAS_main.wait:272] - pozisyon alınıyor timestamp: 2025-06-19 21:05:29
2025-06-19 21:05:29,194 - SUAS - DEBUG - [SUAS_main.wait:274] - pozisyon alındı: timestamp: 2025-06-19 21:05:29
2025-06-19 21:05:29,199 - SUAS - DEBUG - [SUAS_main.wait:272] - pozisyon alınıyor timestamp: 2025-06-19 21:05:29
2025-06-19 21:05:29,200 - SUAS - DEBUG - [SUAS_main.wait:274] - pozisyon alındı: timestamp: 2025-06-19 21:05:29
2025-06-19 21:05:29,206 - SUAS - DEBUG - [SUAS_main.wait:272] - pozisyon alınıyor timestamp: 2025-06-19 21:05:29
2025-06-19 21:05:29,207 - SUAS - DEBUG - [SUAS_main.wait:274] - pozisyon alındı: timestamp: 2025-06-19 21:05:29
2025-06-19 21:05:29,212 - SUAS - DEBUG - [SUAS_main.wait:272] - pozisyon alınıyor timestamp: 2025-06-19 21:05:29
2025-06-19 21:05:29,213 - SUAS - DEBUG - [SUAS_main.wait:274] - pozisyon alındı: timestamp: 2025-06-19 21:05:29
2025-06-19 21:05:29,218 - SUAS - DEBUG - [SUAS_main.wait:272] - pozisyon alınıyor timestamp: 2025-06-19 21:05:29
2025-06-19 21:05:29,220 - SUAS - DEBUG - [SUAS_main.wait:274] - pozisyon alındı: timestamp: 2025-06-19 21:05:29
2025-06-19 21:05:29,225 - SUAS - DEBUG - [SUAS_main.wait:272] - pozisyon alınıyor timestamp: 2025-06-19 21:05:29
2025-06-19 21:05:29,226 - SUAS - DEBUG - [SUAS_main.wait:274] - pozisyon alındı: timestamp: 2025-06-19 21:05:29
2025-06-19 21:05:29,231 - SUAS - DEBUG - [SUAS_main.wait:272] - pozisyon alınıyor timestamp: 2025-06-19 21:05:29
2025-06-19 21:05:29,232 - SUAS - DEBUG - [SUAS_main.wait:274] - pozisyon alındı: timestamp: 2025-06-19 21:05:29
2025-06-19 21:05:29,238 - SUAS - DEBUG - [SUAS_main.wait:272] - pozisyon alınıyor timestamp: 2025-06-19 21:05:29
2025-06-19 21:05:29,239 - SUAS - DEBUG - [SUAS_main.wait:274] - pozisyon alındı: timestamp: 2025-06-19 21:05:29
2025-06-19 21:05:29,244 - SUAS - DEBUG - [SUAS_main.wait:272] - pozisyon alınıyor timestamp: 2025-06-19 21:05:29
2025-06-19 21:05:29,246 - SUAS - DEBUG - [SUAS_main.wait:274] - pozisyon alındı: timestamp: 2025-06-19 21:05:29
2025-06-19 21:05:29,251 - SUAS - DEBUG - [SUAS_main.wait:272] - pozisyon alınıyor timestamp: 2025-06-19 21:05:29
2025-06-19 21:05:29,252 - SUAS - DEBUG - [SUAS_main.wait:274] - pozisyon alındı: timestamp: 2025-06-19 21:05:29
2025-06-19 21:05:29,258 - SUAS - DEBUG - [SUAS_main.wait:272] - pozisyon alınıyor timestamp: 2025-06-19 21:05:29
2025-06-19 21:05:29,259 - SUAS - DEBUG - [SUAS_main.wait:274] - pozisyon alındı: timestamp: 2025-06-19 21:05:29
2025-06-19 21:05:29,264 - SUAS - DEBUG - [SUAS_main.wait:272] - pozisyon alınıyor timestamp: 2025-06-19 21:05:29
2025-06-19 21:05:29,265 - SUAS - DEBUG - [SUAS_main.wait:274] - pozisyon alındı: timestamp: 2025-06-19 21:05:29
2025-06-19 21:05:29,270 - SUAS - DEBUG - [SUAS_main.wait:272] - pozisyon alınıyor timestamp: 2025-06-19 21:05:29
2025-06-19 21:05:29,271 - SUAS - DEBUG - [SUAS_main.wait:274] - pozisyon alındı: timestamp: 2025-06-19 21:05:29
2025-06-19 21:05:29,276 - SUAS - DEBUG - [SUAS_main.wait:272] - pozisyon alınıyor timestamp: 2025-06-19 21:05:29
2025-06-19 21:05:29,277 - SUAS - DEBUG - [SUAS_main.wait:274] - pozisyon alındı: timestamp: 2025-06-19 21:05:29
2025-06-19 21:05:29,282 - SUAS - DEBUG - [SUAS_main.wait:272] - pozisyon alınıyor timestamp: 2025-06-19 21:05:29
2025-06-19 21:05:29,285 - SUAS - DEBUG - [SUAS_main.wait:274] - pozisyon alındı: timestamp: 2025-06-19 21:05:29
2025-06-19 21:05:29,291 - SUAS - DEBUG - [SUAS_main.wait:272] - pozisyon alınıyor timestamp: 2025-06-19 21:05:29
2025-06-19 21:05:29,292 - SUAS - DEBUG - [SUAS_main.wait:274] - pozisyon alındı: timestamp: 2025-06-19 21:05:29
2025-06-19 21:05:29,297 - SUAS - DEBUG - [SUAS_main.wait:272] - pozisyon alınıyor timestamp: 2025-06-19 21:05:29
2025-06-19 21:05:29,298 - SUAS - DEBUG - [SUAS_main.wait:274] - pozisyon alındı: timestamp: 2025-06-19 21:05:29
2025-06-19 21:05:29,304 - SUAS - DEBUG - [SUAS_main.wait:272] - pozisyon alınıyor timestamp: 2025-06-19 21:05:29
2025-06-19 21:05:29,305 - SUAS - DEBUG - [SUAS_main.wait:274] - pozisyon alındı: timestamp: 2025-06-19 21:05:29
2025-06-19 21:05:29,310 - SUAS - DEBUG - [SUAS_main.wait:272] - pozisyon alınıyor timestamp: 2025-06-19 21:05:29
2025-06-19 21:05:29,311 - SUAS - DEBUG - [SUAS_main.wait:274] - pozisyon alındı: timestamp: 2025-06-19 21:05:29
2025-06-19 21:05:29,317 - SUAS - DEBUG - [SUAS_main.wait:272] - pozisyon alınıyor timestamp: 2025-06-19 21:05:29
2025-06-19 21:05:29,318 - SUAS - DEBUG - [SUAS_main.wait:274] - pozisyon alındı: timestamp: 2025-06-19 21:05:29
2025-06-19 21:05:29,323 - SUAS - DEBUG - [SUAS_main.wait:272] - pozisyon alınıyor timestamp: 2025-06-19 21:05:29
2025-06-19 21:05:29,324 - SUAS - DEBUG - [SUAS_main.wait:274] - pozisyon alındı: timestamp: 2025-06-19 21:05:29
2025-06-19 21:05:29,330 - SUAS - DEBUG - [SUAS_main.wait:272] - pozisyon alınıyor timestamp: 2025-06-19 21:05:29
2025-06-19 21:05:29,331 - SUAS - DEBUG - [SUAS_main.wait:274] - pozisyon alındı: timestamp: 2025-06-19 21:05:29
2025-06-19 21:05:29,336 - SUAS - DEBUG - [SUAS_main.wait:272] - pozisyon alınıyor timestamp: 2025-06-19 21:05:29
2025-06-19 21:05:29,337 - SUAS - DEBUG - [SUAS_main.wait:274] - pozisyon alındı: timestamp: 2025-06-19 21:05:29
2025-06-19 21:05:29,342 - SUAS - DEBUG - [SUAS_main.wait:272] - pozisyon alınıyor timestamp: 2025-06-19 21:05:29
2025-06-19 21:05:29,343 - SUAS - DEBUG - [SUAS_main.wait:274] - pozisyon alındı: timestamp: 2025-06-19 21:05:29
2025-06-19 21:05:29,349 - SUAS - DEBUG - [SUAS_main.wait:272] - pozisyon alınıyor timestamp: 2025-06-19 21:05:29
2025-06-19 21:05:29,350 - SUAS - DEBUG - [SUAS_main.wait:274] - pozisyon alındı: timestamp: 2025-06-19 21:05:29
2025-06-19 21:05:29,356 - SUAS - DEBUG - [SUAS_main.wait:272] - pozisyon alınıyor timestamp: 2025-06-19 21:05:29
2025-06-19 21:05:29,357 - SUAS - DEBUG - [SUAS_main.wait:274] - pozisyon alındı: timestamp: 2025-06-19 21:05:29
2025-06-19 21:05:29,363 - SUAS - DEBUG - [SUAS_main.wait:272] - pozisyon alınıyor timestamp: 2025-06-19 21:05:29
2025-06-19 21:05:29,364 - SUAS - DEBUG - [SUAS_main.wait:274] - pozisyon alındı: timestamp: 2025-06-19 21:05:29
2025-06-19 21:05:29,369 - SUAS - DEBUG - [SUAS_main.wait:272] - pozisyon alınıyor timestamp: 2025-06-19 21:05:29
2025-06-19 21:05:29,371 - SUAS - DEBUG - [SUAS_main.wait:274] - pozisyon alındı: timestamp: 2025-06-19 21:05:29
2025-06-19 21:05:29,376 - SUAS - DEBUG - [SUAS_main.wait:272] - pozisyon alınıyor timestamp: 2025-06-19 21:05:29
2025-06-19 21:05:29,377 - SUAS - DEBUG - [SUAS_main.wait:274] - pozisyon alındı: timestamp: 2025-06-19 21:05:29
2025-06-19 21:05:29,382 - SUAS - DEBUG - [SUAS_main.wait:272] - pozisyon alınıyor timestamp: 2025-06-19 21:05:29
2025-06-19 21:05:29,383 - SUAS - DEBUG - [SUAS_main.wait:274] - pozisyon alındı: timestamp: 2025-06-19 21:05:29
2025-06-19 21:05:29,389 - SUAS - DEBUG - [SUAS_main.wait:272] - pozisyon alınıyor timestamp: 2025-06-19 21:05:29
2025-06-19 21:05:29,390 - SUAS - DEBUG - [SUAS_main.wait:274] - pozisyon alındı: timestamp: 2025-06-19 21:05:29
2025-06-19 21:05:29,395 - SUAS - DEBUG - [SUAS_main.wait:272] - pozisyon alınıyor timestamp: 2025-06-19 21:05:29
2025-06-19 21:05:29,396 - SUAS - DEBUG - [SUAS_main.wait:274] - pozisyon alındı: timestamp: 2025-06-19 21:05:29
2025-06-19 21:05:29,402 - SUAS - DEBUG - [SUAS_main.wait:272] - pozisyon alınıyor timestamp: 2025-06-19 21:05:29
2025-06-19 21:05:29,403 - SUAS - DEBUG - [SUAS_main.wait:274] - pozisyon alındı: timestamp: 2025-06-19 21:05:29
2025-06-19 21:05:29,408 - SUAS - DEBUG - [SUAS_main.wait:272] - pozisyon alınıyor timestamp: 2025-06-19 21:05:29
2025-06-19 21:05:29,410 - SUAS - DEBUG - [SUAS_main.wait:274] - pozisyon alındı: timestamp: 2025-06-19 21:05:29
2025-06-19 21:05:29,415 - SUAS - DEBUG - [SUAS_main.wait:272] - pozisyon alınıyor timestamp: 2025-06-19 21:05:29
2025-06-19 21:05:29,416 - SUAS - DEBUG - [SUAS_main.wait:274] - pozisyon alındı: timestamp: 2025-06-19 21:05:29
2025-06-19 21:05:29,421 - SUAS - DEBUG - [SUAS_main.wait:272] - pozisyon alınıyor timestamp: 2025-06-19 21:05:29
2025-06-19 21:05:29,422 - SUAS - DEBUG - [SUAS_main.wait:274] - pozisyon alındı: timestamp: 2025-06-19 21:05:29
2025-06-19 21:05:29,427 - SUAS - DEBUG - [SUAS_main.wait:272] - pozisyon alınıyor timestamp: 2025-06-19 21:05:29
2025-06-19 21:05:29,429 - SUAS - DEBUG - [SUAS_main.wait:274] - pozisyon alındı: timestamp: 2025-06-19 21:05:29
2025-06-19 21:05:29,435 - SUAS - DEBUG - [SUAS_main.wait:272] - pozisyon alınıyor timestamp: 2025-06-19 21:05:29
2025-06-19 21:05:29,436 - SUAS - DEBUG - [SUAS_main.wait:274] - pozisyon alındı: timestamp: 2025-06-19 21:05:29
2025-06-19 21:05:29,443 - SUAS - DEBUG - [SUAS_main.wait:272] - pozisyon alınıyor timestamp: 2025-06-19 21:05:29
2025-06-19 21:05:29,444 - SUAS - DEBUG - [SUAS_main.wait:274] - pozisyon alındı: timestamp: 2025-06-19 21:05:29
2025-06-19 21:05:29,449 - SUAS - DEBUG - [SUAS_main.wait:272] - pozisyon alınıyor timestamp: 2025-06-19 21:05:29
2025-06-19 21:05:29,451 - SUAS - DEBUG - [SUAS_main.wait:274] - pozisyon alındı: timestamp: 2025-06-19 21:05:29
2025-06-19 21:05:29,457 - SUAS - DEBUG - [SUAS_main.wait:272] - pozisyon alınıyor timestamp: 2025-06-19 21:05:29
2025-06-19 21:05:29,458 - SUAS - DEBUG - [SUAS_main.wait:274] - pozisyon alındı: timestamp: 2025-06-19 21:05:29
2025-06-19 21:05:29,463 - SUAS - DEBUG - [SUAS_main.wait:272] - pozisyon alınıyor timestamp: 2025-06-19 21:05:29
2025-06-19 21:05:29,484 - SUAS - DEBUG - [SUAS_main.wait:274] - pozisyon alındı: timestamp: 2025-06-19 21:05:29
2025-06-19 21:05:29,489 - SUAS - DEBUG - [SUAS_main.wait:272] - pozisyon alınıyor timestamp: 2025-06-19 21:05:29
2025-06-19 21:05:29,490 - SUAS - DEBUG - [SUAS_main.wait:274] - pozisyon alındı: timestamp: 2025-06-19 21:05:29
2025-06-19 21:05:29,495 - SUAS - DEBUG - [SUAS_main.wait:272] - pozisyon alınıyor timestamp: 2025-06-19 21:05:29
2025-06-19 21:05:29,506 - SUAS - DEBUG - [SUAS_main.wait:274] - pozisyon alındı: timestamp: 2025-06-19 21:05:29
2025-06-19 21:05:29,515 - SUAS - DEBUG - [SUAS_main.wait:272] - pozisyon alınıyor timestamp: 2025-06-19 21:05:29
2025-06-19 21:05:29,528 - SUAS - DEBUG - [SUAS_main.wait:274] - pozisyon alındı: timestamp: 2025-06-19 21:05:29
2025-06-19 21:05:29,533 - SUAS - DEBUG - [SUAS_main.wait:272] - pozisyon alınıyor timestamp: 2025-06-19 21:05:29
2025-06-19 21:05:29,535 - SUAS - DEBUG - [SUAS_main.wait:274] - pozisyon alındı: timestamp: 2025-06-19 21:05:29
2025-06-19 21:05:29,541 - SUAS - DEBUG - [SUAS_main.wait:272] - pozisyon alınıyor timestamp: 2025-06-19 21:05:29
2025-06-19 21:05:29,547 - SUAS - DEBUG - [SUAS_main.wait:274] - pozisyon alındı: timestamp: 2025-06-19 21:05:29
2025-06-19 21:05:29,552 - SUAS - DEBUG - [SUAS_main.wait:272] - pozisyon alınıyor timestamp: 2025-06-19 21:05:29
2025-06-19 21:05:29,553 - SUAS - DEBUG - [SUAS_main.wait:274] - pozisyon alındı: timestamp: 2025-06-19 21:05:29
2025-06-19 21:05:29,559 - SUAS - DEBUG - [SUAS_main.wait:272] - pozisyon alınıyor timestamp: 2025-06-19 21:05:29
2025-06-19 21:05:29,560 - SUAS - DEBUG - [SUAS_main.wait:274] - pozisyon alındı: timestamp: 2025-06-19 21:05:29
2025-06-19 21:05:29,565 - SUAS - DEBUG - [SUAS_main.wait:272] - pozisyon alınıyor timestamp: 2025-06-19 21:05:29
2025-06-19 21:05:29,566 - SUAS - DEBUG - [SUAS_main.wait:274] - pozisyon alındı: timestamp: 2025-06-19 21:05:29
2025-06-19 21:05:29,572 - SUAS - DEBUG - [SUAS_main.wait:272] - pozisyon alınıyor timestamp: 2025-06-19 21:05:29
2025-06-19 21:05:29,578 - SUAS - DEBUG - [SUAS_main.wait:274] - pozisyon alındı: timestamp: 2025-06-19 21:05:29
2025-06-19 21:05:29,583 - SUAS - DEBUG - [SUAS_main.wait:272] - pozisyon alınıyor timestamp: 2025-06-19 21:05:29
2025-06-19 21:05:29,585 - SUAS - DEBUG - [SUAS_main.wait:274] - pozisyon alındı: timestamp: 2025-06-19 21:05:29
2025-06-19 21:05:29,591 - SUAS - DEBUG - [SUAS_main.wait:272] - pozisyon alınıyor timestamp: 2025-06-19 21:05:29
2025-06-19 21:05:29,592 - SUAS - DEBUG - [SUAS_main.wait:274] - pozisyon alındı: timestamp: 2025-06-19 21:05:29
2025-06-19 21:05:29,598 - SUAS - DEBUG - [SUAS_main.wait:272] - pozisyon alınıyor timestamp: 2025-06-19 21:05:29
2025-06-19 21:05:29,599 - SUAS - DEBUG - [SUAS_main.wait:274] - pozisyon alındı: timestamp: 2025-06-19 21:05:29
2025-06-19 21:05:29,604 - SUAS - DEBUG - [SUAS_main.wait:272] - pozisyon alınıyor timestamp: 2025-06-19 21:05:29
2025-06-19 21:05:29,606 - SUAS - DEBUG - [SUAS_main.wait:274] - pozisyon alındı: timestamp: 2025-06-19 21:05:29
2025-06-19 21:05:29,611 - SUAS - DEBUG - [SUAS_main.wait:272] - pozisyon alınıyor timestamp: 2025-06-19 21:05:29
2025-06-19 21:05:29,613 - SUAS - DEBUG - [SUAS_main.wait:274] - pozisyon alındı: timestamp: 2025-06-19 21:05:29
2025-06-19 21:05:29,618 - SUAS - DEBUG - [SUAS_main.wait:272] - pozisyon alınıyor timestamp: 2025-06-19 21:05:29
2025-06-19 21:05:29,620 - SUAS - DEBUG - [SUAS_main.wait:274] - pozisyon alındı: timestamp: 2025-06-19 21:05:29
2025-06-19 21:05:29,625 - SUAS - DEBUG - [SUAS_main.wait:272] - pozisyon alınıyor timestamp: 2025-06-19 21:05:29
2025-06-19 21:05:29,626 - SUAS - DEBUG - [SUAS_main.wait:274] - pozisyon alındı: timestamp: 2025-06-19 21:05:29
2025-06-19 21:05:29,632 - SUAS - DEBUG - [SUAS_main.wait:272] - pozisyon alınıyor timestamp: 2025-06-19 21:05:29
2025-06-19 21:05:29,633 - SUAS - DEBUG - [SUAS_main.wait:274] - pozisyon alındı: timestamp: 2025-06-19 21:05:29
2025-06-19 21:05:29,639 - SUAS - DEBUG - [SUAS_main.wait:272] - pozisyon alınıyor timestamp: 2025-06-19 21:05:29
2025-06-19 21:05:29,640 - SUAS - DEBUG - [SUAS_main.wait:274] - pozisyon alındı: timestamp: 2025-06-19 21:05:29
2025-06-19 21:05:29,645 - SUAS - DEBUG - [SUAS_main.wait:272] - pozisyon alınıyor timestamp: 2025-06-19 21:05:29
2025-06-19 21:05:29,646 - SUAS - DEBUG - [SUAS_main.wait:274] - pozisyon alındı: timestamp: 2025-06-19 21:05:29
2025-06-19 21:05:29,652 - SUAS - DEBUG - [SUAS_main.wait:272] - pozisyon alınıyor timestamp: 2025-06-19 21:05:29
2025-06-19 21:05:29,652 - SUAS - DEBUG - [SUAS_main.wait:274] - pozisyon alındı: timestamp: 2025-06-19 21:05:29
2025-06-19 21:05:29,658 - SUAS - DEBUG - [SUAS_main.wait:272] - pozisyon alınıyor timestamp: 2025-06-19 21:05:29
2025-06-19 21:05:29,659 - SUAS - DEBUG - [SUAS_main.wait:274] - pozisyon alındı: timestamp: 2025-06-19 21:05:29
2025-06-19 21:05:29,664 - SUAS - DEBUG - [SUAS_main.wait:272] - pozisyon alınıyor timestamp: 2025-06-19 21:05:29
2025-06-19 21:05:29,666 - SUAS - DEBUG - [SUAS_main.wait:274] - pozisyon alındı: timestamp: 2025-06-19 21:05:29
2025-06-19 21:05:29,671 - SUAS - DEBUG - [SUAS_main.wait:272] - pozisyon alınıyor timestamp: 2025-06-19 21:05:29
2025-06-19 21:05:29,672 - SUAS - DEBUG - [SUAS_main.wait:274] - pozisyon alındı: timestamp: 2025-06-19 21:05:29
2025-06-19 21:05:29,677 - SUAS - DEBUG - [SUAS_main.wait:272] - pozisyon alınıyor timestamp: 2025-06-19 21:05:29
2025-06-19 21:05:29,679 - SUAS - DEBUG - [SUAS_main.wait:274] - pozisyon alındı: timestamp: 2025-06-19 21:05:29
2025-06-19 21:05:29,684 - SUAS - DEBUG - [SUAS_main.wait:272] - pozisyon alınıyor timestamp: 2025-06-19 21:05:29
2025-06-19 21:05:29,685 - SUAS - DEBUG - [SUAS_main.wait:274] - pozisyon alındı: timestamp: 2025-06-19 21:05:29
2025-06-19 21:05:29,690 - SUAS - DEBUG - [SUAS_main.wait:272] - pozisyon alınıyor timestamp: 2025-06-19 21:05:29
2025-06-19 21:05:29,691 - SUAS - DEBUG - [SUAS_main.wait:274] - pozisyon alındı: timestamp: 2025-06-19 21:05:29
2025-06-19 21:05:29,697 - SUAS - DEBUG - [SUAS_main.wait:272] - pozisyon alınıyor timestamp: 2025-06-19 21:05:29
2025-06-19 21:05:29,698 - SUAS - DEBUG - [SUAS_main.wait:274] - pozisyon alındı: timestamp: 2025-06-19 21:05:29
2025-06-19 21:05:29,703 - SUAS - DEBUG - [SUAS_main.wait:272] - pozisyon alınıyor timestamp: 2025-06-19 21:05:29
2025-06-19 21:05:29,705 - SUAS - DEBUG - [SUAS_main.wait:274] - pozisyon alındı: timestamp: 2025-06-19 21:05:29
2025-06-19 21:05:29,710 - SUAS - DEBUG - [SUAS_main.wait:272] - pozisyon alınıyor timestamp: 2025-06-19 21:05:29
2025-06-19 21:05:29,711 - SUAS - DEBUG - [SUAS_main.wait:274] - pozisyon alındı: timestamp: 2025-06-19 21:05:29
2025-06-19 21:05:29,716 - SUAS - DEBUG - [SUAS_main.wait:272] - pozisyon alınıyor timestamp: 2025-06-19 21:05:29
2025-06-19 21:05:29,717 - SUAS - DEBUG - [SUAS_main.wait:274] - pozisyon alındı: timestamp: 2025-06-19 21:05:29
2025-06-19 21:05:29,722 - SUAS - DEBUG - [SUAS_main.wait:272] - pozisyon alınıyor timestamp: 2025-06-19 21:05:29
2025-06-19 21:05:29,723 - SUAS - DEBUG - [SUAS_main.wait:274] - pozisyon alındı: timestamp: 2025-06-19 21:05:29
2025-06-19 21:05:29,728 - SUAS - DEBUG - [SUAS_main.wait:272] - pozisyon alınıyor timestamp: 2025-06-19 21:05:29
2025-06-19 21:05:29,729 - SUAS - DEBUG - [SUAS_main.wait:274] - pozisyon alındı: timestamp: 2025-06-19 21:05:29
2025-06-19 21:05:29,736 - SUAS - DEBUG - [SUAS_main.wait:272] - pozisyon alınıyor timestamp: 2025-06-19 21:05:29
2025-06-19 21:05:29,737 - SUAS - DEBUG - [SUAS_main.wait:274] - pozisyon alındı: timestamp: 2025-06-19 21:05:29
2025-06-19 21:05:29,742 - SUAS - DEBUG - [SUAS_main.wait:272] - pozisyon alınıyor timestamp: 2025-06-19 21:05:29
2025-06-19 21:05:29,744 - SUAS - DEBUG - [SUAS_main.wait:274] - pozisyon alındı: timestamp: 2025-06-19 21:05:29
2025-06-19 21:05:29,749 - SUAS - DEBUG - [SUAS_main.wait:272] - pozisyon alınıyor timestamp: 2025-06-19 21:05:29
2025-06-19 21:05:29,750 - SUAS - DEBUG - [SUAS_main.wait:274] - pozisyon alındı: timestamp: 2025-06-19 21:05:29
2025-06-19 21:05:29,755 - SUAS - DEBUG - [SUAS_main.wait:272] - pozisyon alınıyor timestamp: 2025-06-19 21:05:29
2025-06-19 21:05:29,756 - SUAS - DEBUG - [SUAS_main.wait:274] - pozisyon alındı: timestamp: 2025-06-19 21:05:29
2025-06-19 21:05:29,762 - SUAS - DEBUG - [SUAS_main.wait:272] - pozisyon alınıyor timestamp: 2025-06-19 21:05:29
2025-06-19 21:05:29,763 - SUAS - DEBUG - [SUAS_main.wait:274] - pozisyon alındı: timestamp: 2025-06-19 21:05:29
2025-06-19 21:05:29,768 - SUAS - DEBUG - [SUAS_main.wait:272] - pozisyon alınıyor timestamp: 2025-06-19 21:05:29
2025-06-19 21:05:29,769 - SUAS - DEBUG - [SUAS_main.wait:274] - pozisyon alındı: timestamp: 2025-06-19 21:05:29
2025-06-19 21:05:29,775 - SUAS - DEBUG - [SUAS_main.wait:272] - pozisyon alınıyor timestamp: 2025-06-19 21:05:29
2025-06-19 21:05:29,776 - SUAS - DEBUG - [SUAS_main.wait:274] - pozisyon alındı: timestamp: 2025-06-19 21:05:29
2025-06-19 21:05:29,781 - SUAS - DEBUG - [SUAS_main.wait:272] - pozisyon alınıyor timestamp: 2025-06-19 21:05:29
2025-06-19 21:05:29,782 - SUAS - DEBUG - [SUAS_main.wait:274] - pozisyon alındı: timestamp: 2025-06-19 21:05:29
2025-06-19 21:05:29,787 - SUAS - DEBUG - [SUAS_main.wait:272] - pozisyon alınıyor timestamp: 2025-06-19 21:05:29
2025-06-19 21:05:29,788 - SUAS - DEBUG - [SUAS_main.wait:274] - pozisyon alındı: timestamp: 2025-06-19 21:05:29
2025-06-19 21:05:29,794 - SUAS - DEBUG - [SUAS_main.wait:272] - pozisyon alınıyor timestamp: 2025-06-19 21:05:29
2025-06-19 21:05:29,795 - SUAS - DEBUG - [SUAS_main.wait:274] - pozisyon alındı: timestamp: 2025-06-19 21:05:29
2025-06-19 21:05:29,800 - SUAS - DEBUG - [SUAS_main.wait:272] - pozisyon alınıyor timestamp: 2025-06-19 21:05:29
2025-06-19 21:05:29,802 - SUAS - DEBUG - [SUAS_main.wait:274] - pozisyon alındı: timestamp: 2025-06-19 21:05:29
2025-06-19 21:05:29,807 - SUAS - DEBUG - [SUAS_main.wait:272] - pozisyon alınıyor timestamp: 2025-06-19 21:05:29
2025-06-19 21:05:29,809 - SUAS - DEBUG - [SUAS_main.wait:274] - pozisyon alındı: timestamp: 2025-06-19 21:05:29
2025-06-19 21:05:29,814 - SUAS - DEBUG - [SUAS_main.wait:272] - pozisyon alınıyor timestamp: 2025-06-19 21:05:29
2025-06-19 21:05:29,815 - SUAS - DEBUG - [SUAS_main.wait:274] - pozisyon alındı: timestamp: 2025-06-19 21:05:29
2025-06-19 21:05:29,821 - SUAS - DEBUG - [SUAS_main.wait:272] - pozisyon alınıyor timestamp: 2025-06-19 21:05:29
2025-06-19 21:05:29,822 - SUAS - DEBUG - [SUAS_main.wait:274] - pozisyon alındı: timestamp: 2025-06-19 21:05:29
2025-06-19 21:05:29,828 - SUAS - DEBUG - [SUAS_main.wait:272] - pozisyon alınıyor timestamp: 2025-06-19 21:05:29
2025-06-19 21:05:29,829 - SUAS - DEBUG - [SUAS_main.wait:274] - pozisyon alındı: timestamp: 2025-06-19 21:05:29
2025-06-19 21:05:29,834 - SUAS - DEBUG - [SUAS_main.wait:272] - pozisyon alınıyor timestamp: 2025-06-19 21:05:29
2025-06-19 21:05:29,836 - SUAS - DEBUG - [SUAS_main.wait:274] - pozisyon alındı: timestamp: 2025-06-19 21:05:29
2025-06-19 21:05:29,841 - SUAS - DEBUG - [SUAS_main.wait:272] - pozisyon alınıyor timestamp: 2025-06-19 21:05:29
2025-06-19 21:05:29,843 - SUAS - DEBUG - [SUAS_main.wait:274] - pozisyon alındı: timestamp: 2025-06-19 21:05:29
2025-06-19 21:05:29,848 - SUAS - DEBUG - [SUAS_main.wait:272] - pozisyon alınıyor timestamp: 2025-06-19 21:05:29
2025-06-19 21:05:29,849 - SUAS - DEBUG - [SUAS_main.wait:274] - pozisyon alındı: timestamp: 2025-06-19 21:05:29
2025-06-19 21:05:29,854 - SUAS - DEBUG - [SUAS_main.wait:272] - pozisyon alınıyor timestamp: 2025-06-19 21:05:29
2025-06-19 21:05:29,856 - SUAS - DEBUG - [SUAS_main.wait:274] - pozisyon alındı: timestamp: 2025-06-19 21:05:29
2025-06-19 21:05:29,861 - SUAS - DEBUG - [SUAS_main.wait:272] - pozisyon alınıyor timestamp: 2025-06-19 21:05:29
2025-06-19 21:05:29,862 - SUAS - DEBUG - [SUAS_main.wait:274] - pozisyon alındı: timestamp: 2025-06-19 21:05:29
2025-06-19 21:05:29,868 - SUAS - DEBUG - [SUAS_main.wait:272] - pozisyon alınıyor timestamp: 2025-06-19 21:05:29
2025-06-19 21:05:29,869 - SUAS - DEBUG - [SUAS_main.wait:274] - pozisyon alındı: timestamp: 2025-06-19 21:05:29
2025-06-19 21:05:29,874 - SUAS - DEBUG - [SUAS_main.wait:272] - pozisyon alınıyor timestamp: 2025-06-19 21:05:29
2025-06-19 21:05:29,875 - SUAS - DEBUG - [SUAS_main.wait:274] - pozisyon alındı: timestamp: 2025-06-19 21:05:29
2025-06-19 21:05:29,880 - SUAS - DEBUG - [SUAS_main.wait:272] - pozisyon alınıyor timestamp: 2025-06-19 21:05:29
2025-06-19 21:05:29,882 - SUAS - DEBUG - [SUAS_main.wait:274] - pozisyon alındı: timestamp: 2025-06-19 21:05:29
2025-06-19 21:05:29,887 - SUAS - DEBUG - [SUAS_main.wait:272] - pozisyon alınıyor timestamp: 2025-06-19 21:05:29
2025-06-19 21:05:29,888 - SUAS - DEBUG - [SUAS_main.wait:274] - pozisyon alındı: timestamp: 2025-06-19 21:05:29
2025-06-19 21:05:29,893 - SUAS - DEBUG - [SUAS_main.wait:272] - pozisyon alınıyor timestamp: 2025-06-19 21:05:29
2025-06-19 21:05:29,895 - SUAS - DEBUG - [SUAS_main.wait:274] - pozisyon alındı: timestamp: 2025-06-19 21:05:29
2025-06-19 21:05:29,900 - SUAS - DEBUG - [SUAS_main.wait:272] - pozisyon alınıyor timestamp: 2025-06-19 21:05:29
2025-06-19 21:05:29,902 - SUAS - DEBUG - [SUAS_main.wait:274] - pozisyon alındı: timestamp: 2025-06-19 21:05:29
2025-06-19 21:05:29,907 - SUAS - DEBUG - [SUAS_main.wait:272] - pozisyon alınıyor timestamp: 2025-06-19 21:05:29
2025-06-19 21:05:29,908 - SUAS - DEBUG - [SUAS_main.wait:274] - pozisyon alındı: timestamp: 2025-06-19 21:05:29
2025-06-19 21:05:29,914 - SUAS - DEBUG - [SUAS_main.wait:272] - pozisyon alınıyor timestamp: 2025-06-19 21:05:29
2025-06-19 21:05:29,915 - SUAS - DEBUG - [SUAS_main.wait:274] - pozisyon alındı: timestamp: 2025-06-19 21:05:29
2025-06-19 21:05:29,920 - SUAS - DEBUG - [SUAS_main.wait:272] - pozisyon alınıyor timestamp: 2025-06-19 21:05:29
2025-06-19 21:05:29,921 - SUAS - DEBUG - [SUAS_main.wait:274] - pozisyon alındı: timestamp: 2025-06-19 21:05:29
2025-06-19 21:05:29,926 - SUAS - DEBUG - [SUAS_main.wait:272] - pozisyon alınıyor timestamp: 2025-06-19 21:05:29
2025-06-19 21:05:29,927 - SUAS - DEBUG - [SUAS_main.wait:274] - pozisyon alındı: timestamp: 2025-06-19 21:05:29
2025-06-19 21:05:29,933 - SUAS - DEBUG - [SUAS_main.wait:272] - pozisyon alınıyor timestamp: 2025-06-19 21:05:29
2025-06-19 21:05:29,934 - SUAS - DEBUG - [SUAS_main.wait:274] - pozisyon alındı: timestamp: 2025-06-19 21:05:29
2025-06-19 21:05:29,942 - SUAS - DEBUG - [SUAS_main.wait:272] - pozisyon alınıyor timestamp: 2025-06-19 21:05:29
2025-06-19 21:05:29,943 - SUAS - DEBUG - [SUAS_main.wait:274] - pozisyon alındı: timestamp: 2025-06-19 21:05:29
2025-06-19 21:05:29,948 - SUAS - DEBUG - [SUAS_main.wait:272] - pozisyon alınıyor timestamp: 2025-06-19 21:05:29
2025-06-19 21:05:29,950 - SUAS - DEBUG - [SUAS_main.wait:274] - pozisyon alındı: timestamp: 2025-06-19 21:05:29
2025-06-19 21:05:29,955 - SUAS - DEBUG - [SUAS_main.wait:272] - pozisyon alınıyor timestamp: 2025-06-19 21:05:29
2025-06-19 21:05:29,957 - SUAS - DEBUG - [SUAS_main.wait:274] - pozisyon alındı: timestamp: 2025-06-19 21:05:29
2025-06-19 21:05:29,962 - SUAS - DEBUG - [SUAS_main.wait:272] - pozisyon alınıyor timestamp: 2025-06-19 21:05:29
2025-06-19 21:05:29,963 - SUAS - DEBUG - [SUAS_main.wait:274] - pozisyon alındı: timestamp: 2025-06-19 21:05:29
2025-06-19 21:05:29,968 - SUAS - DEBUG - [SUAS_main.wait:272] - pozisyon alınıyor timestamp: 2025-06-19 21:05:29
2025-06-19 21:05:29,970 - SUAS - DEBUG - [SUAS_main.wait:274] - pozisyon alındı: timestamp: 2025-06-19 21:05:29
2025-06-19 21:05:29,976 - SUAS - DEBUG - [SUAS_main.wait:272] - pozisyon alınıyor timestamp: 2025-06-19 21:05:29
2025-06-19 21:05:29,977 - SUAS - DEBUG - [SUAS_main.wait:274] - pozisyon alındı: timestamp: 2025-06-19 21:05:29
2025-06-19 21:05:29,982 - SUAS - DEBUG - [SUAS_main.wait:272] - pozisyon alınıyor timestamp: 2025-06-19 21:05:29
2025-06-19 21:05:29,983 - SUAS - DEBUG - [SUAS_main.wait:274] - pozisyon alındı: timestamp: 2025-06-19 21:05:29
2025-06-19 21:05:29,989 - SUAS - DEBUG - [SUAS_main.wait:272] - pozisyon alınıyor timestamp: 2025-06-19 21:05:29
2025-06-19 21:05:29,990 - SUAS - DEBUG - [SUAS_main.wait:274] - pozisyon alındı: timestamp: 2025-06-19 21:05:29
2025-06-19 21:05:29,996 - SUAS - DEBUG - [SUAS_main.wait:272] - pozisyon alınıyor timestamp: 2025-06-19 21:05:29
2025-06-19 21:05:29,997 - SUAS - DEBUG - [SUAS_main.wait:274] - pozisyon alındı: timestamp: 2025-06-19 21:05:29
2025-06-19 21:05:30,003 - SUAS - DEBUG - [SUAS_main.wait:272] - pozisyon alınıyor timestamp: 2025-06-19 21:05:30
2025-06-19 21:05:30,004 - SUAS - DEBUG - [SUAS_main.wait:274] - pozisyon alındı: timestamp: 2025-06-19 21:05:30
2025-06-19 21:05:30,009 - SUAS - DEBUG - [SUAS_main.wait:272] - pozisyon alınıyor timestamp: 2025-06-19 21:05:30
2025-06-19 21:05:30,010 - SUAS - DEBUG - [SUAS_main.wait:274] - pozisyon alındı: timestamp: 2025-06-19 21:05:30
2025-06-19 21:05:30,016 - SUAS - DEBUG - [SUAS_main.wait:272] - pozisyon alınıyor timestamp: 2025-06-19 21:05:30
2025-06-19 21:05:30,017 - SUAS - DEBUG - [SUAS_main.wait:274] - pozisyon alındı: timestamp: 2025-06-19 21:05:30
2025-06-19 21:05:30,022 - SUAS - DEBUG - [SUAS_main.wait:272] - pozisyon alınıyor timestamp: 2025-06-19 21:05:30
2025-06-19 21:05:30,024 - SUAS - DEBUG - [SUAS_main.wait:274] - pozisyon alındı: timestamp: 2025-06-19 21:05:30
2025-06-19 21:05:30,029 - SUAS - DEBUG - [SUAS_main.wait:272] - pozisyon alınıyor timestamp: 2025-06-19 21:05:30
2025-06-19 21:05:30,030 - SUAS - DEBUG - [SUAS_main.wait:274] - pozisyon alındı: timestamp: 2025-06-19 21:05:30
2025-06-19 21:05:30,037 - SUAS - DEBUG - [SUAS_main.wait:272] - pozisyon alınıyor timestamp: 2025-06-19 21:05:30
2025-06-19 21:05:30,038 - SUAS - DEBUG - [SUAS_main.wait:274] - pozisyon alındı: timestamp: 2025-06-19 21:05:30
2025-06-19 21:05:30,044 - SUAS - DEBUG - [SUAS_main.wait:272] - pozisyon alınıyor timestamp: 2025-06-19 21:05:30
2025-06-19 21:05:30,045 - SUAS - DEBUG - [SUAS_main.wait:274] - pozisyon alındı: timestamp: 2025-06-19 21:05:30
2025-06-19 21:05:30,050 - SUAS - DEBUG - [SUAS_main.wait:272] - pozisyon alınıyor timestamp: 2025-06-19 21:05:30
2025-06-19 21:05:30,051 - SUAS - DEBUG - [SUAS_main.wait:274] - pozisyon alındı: timestamp: 2025-06-19 21:05:30
2025-06-19 21:05:30,057 - SUAS - DEBUG - [SUAS_main.wait:272] - pozisyon alınıyor timestamp: 2025-06-19 21:05:30
2025-06-19 21:05:30,059 - SUAS - DEBUG - [SUAS_main.wait:274] - pozisyon alındı: timestamp: 2025-06-19 21:05:30
2025-06-19 21:05:30,064 - SUAS - DEBUG - [SUAS_main.wait:272] - pozisyon alınıyor timestamp: 2025-06-19 21:05:30
2025-06-19 21:05:30,065 - SUAS - DEBUG - [SUAS_main.wait:274] - pozisyon alındı: timestamp: 2025-06-19 21:05:30
2025-06-19 21:05:30,071 - SUAS - DEBUG - [SUAS_main.wait:272] - pozisyon alınıyor timestamp: 2025-06-19 21:05:30
2025-06-19 21:05:30,072 - SUAS - DEBUG - [SUAS_main.wait:274] - pozisyon alındı: timestamp: 2025-06-19 21:05:30
2025-06-19 21:05:30,077 - SUAS - DEBUG - [SUAS_main.wait:272] - pozisyon alınıyor timestamp: 2025-06-19 21:05:30
2025-06-19 21:05:30,079 - SUAS - DEBUG - [SUAS_main.wait:274] - pozisyon alındı: timestamp: 2025-06-19 21:05:30
2025-06-19 21:05:30,084 - SUAS - DEBUG - [SUAS_main.wait:272] - pozisyon alınıyor timestamp: 2025-06-19 21:05:30
2025-06-19 21:05:30,086 - SUAS - DEBUG - [SUAS_main.wait:274] - pozisyon alındı: timestamp: 2025-06-19 21:05:30
2025-06-19 21:05:30,092 - SUAS - DEBUG - [SUAS_main.wait:272] - pozisyon alınıyor timestamp: 2025-06-19 21:05:30
2025-06-19 21:05:30,094 - SUAS - DEBUG - [SUAS_main.wait:274] - pozisyon alındı: timestamp: 2025-06-19 21:05:30
2025-06-19 21:05:30,099 - SUAS - DEBUG - [SUAS_main.wait:272] - pozisyon alınıyor timestamp: 2025-06-19 21:05:30
2025-06-19 21:05:30,100 - SUAS - DEBUG - [SUAS_main.wait:274] - pozisyon alındı: timestamp: 2025-06-19 21:05:30
2025-06-19 21:05:30,106 - SUAS - DEBUG - [SUAS_main.wait:272] - pozisyon alınıyor timestamp: 2025-06-19 21:05:30
2025-06-19 21:05:30,107 - SUAS - DEBUG - [SUAS_main.wait:274] - pozisyon alındı: timestamp: 2025-06-19 21:05:30
2025-06-19 21:05:30,112 - SUAS - DEBUG - [SUAS_main.wait:272] - pozisyon alınıyor timestamp: 2025-06-19 21:05:30
2025-06-19 21:05:30,113 - SUAS - DEBUG - [SUAS_main.wait:274] - pozisyon alındı: timestamp: 2025-06-19 21:05:30
2025-06-19 21:05:30,118 - SUAS - DEBUG - [SUAS_main.wait:272] - pozisyon alınıyor timestamp: 2025-06-19 21:05:30
2025-06-19 21:05:30,120 - SUAS - DEBUG - [SUAS_main.wait:274] - pozisyon alındı: timestamp: 2025-06-19 21:05:30
2025-06-19 21:05:30,125 - SUAS - DEBUG - [SUAS_main.wait:272] - pozisyon alınıyor timestamp: 2025-06-19 21:05:30
2025-06-19 21:05:30,126 - SUAS - DEBUG - [SUAS_main.wait:274] - pozisyon alındı: timestamp: 2025-06-19 21:05:30
2025-06-19 21:05:30,132 - SUAS - DEBUG - [SUAS_main.wait:272] - pozisyon alınıyor timestamp: 2025-06-19 21:05:30
2025-06-19 21:05:30,133 - SUAS - DEBUG - [SUAS_main.wait:274] - pozisyon alındı: timestamp: 2025-06-19 21:05:30
2025-06-19 21:05:30,139 - SUAS - DEBUG - [SUAS_main.wait:272] - pozisyon alınıyor timestamp: 2025-06-19 21:05:30
2025-06-19 21:05:30,140 - SUAS - DEBUG - [SUAS_main.wait:274] - pozisyon alındı: timestamp: 2025-06-19 21:05:30
2025-06-19 21:05:30,145 - SUAS - DEBUG - [SUAS_main.wait:272] - pozisyon alınıyor timestamp: 2025-06-19 21:05:30
2025-06-19 21:05:30,146 - SUAS - DEBUG - [SUAS_main.wait:274] - pozisyon alındı: timestamp: 2025-06-19 21:05:30
2025-06-19 21:05:30,151 - SUAS - DEBUG - [SUAS_main.wait:272] - pozisyon alınıyor timestamp: 2025-06-19 21:05:30
2025-06-19 21:05:30,153 - SUAS - DEBUG - [SUAS_main.wait:274] - pozisyon alındı: timestamp: 2025-06-19 21:05:30
2025-06-19 21:05:30,158 - SUAS - DEBUG - [SUAS_main.wait:272] - pozisyon alınıyor timestamp: 2025-06-19 21:05:30
2025-06-19 21:05:30,159 - SUAS - DEBUG - [SUAS_main.wait:274] - pozisyon alındı: timestamp: 2025-06-19 21:05:30
2025-06-19 21:05:30,164 - SUAS - DEBUG - [SUAS_main.wait:272] - pozisyon alınıyor timestamp: 2025-06-19 21:05:30
2025-06-19 21:05:30,165 - SUAS - DEBUG - [SUAS_main.wait:274] - pozisyon alındı: timestamp: 2025-06-19 21:05:30
2025-06-19 21:05:30,170 - SUAS - DEBUG - [SUAS_main.wait:272] - pozisyon alınıyor timestamp: 2025-06-19 21:05:30
2025-06-19 21:05:30,171 - SUAS - DEBUG - [SUAS_main.wait:274] - pozisyon alındı: timestamp: 2025-06-19 21:05:30
2025-06-19 21:05:30,176 - SUAS - DEBUG - [SUAS_main.wait:272] - pozisyon alınıyor timestamp: 2025-06-19 21:05:30
2025-06-19 21:05:30,177 - SUAS - DEBUG - [SUAS_main.wait:274] - pozisyon alındı: timestamp: 2025-06-19 21:05:30
2025-06-19 21:05:30,182 - SUAS - DEBUG - [SUAS_main.wait:272] - pozisyon alınıyor timestamp: 2025-06-19 21:05:30
2025-06-19 21:05:30,183 - SUAS - DEBUG - [SUAS_main.wait:274] - pozisyon alındı: timestamp: 2025-06-19 21:05:30
2025-06-19 21:05:30,188 - SUAS - DEBUG - [SUAS_main.wait:272] - pozisyon alınıyor timestamp: 2025-06-19 21:05:30
2025-06-19 21:05:30,189 - SUAS - DEBUG - [SUAS_main.wait:274] - pozisyon alındı: timestamp: 2025-06-19 21:05:30
2025-06-19 21:05:30,194 - SUAS - DEBUG - [SUAS_main.wait:272] - pozisyon alınıyor timestamp: 2025-06-19 21:05:30
2025-06-19 21:05:30,195 - SUAS - DEBUG - [SUAS_main.wait:274] - pozisyon alındı: timestamp: 2025-06-19 21:05:30
2025-06-19 21:05:30,201 - SUAS - DEBUG - [SUAS_main.wait:272] - pozisyon alınıyor timestamp: 2025-06-19 21:05:30
2025-06-19 21:05:30,201 - SUAS - DEBUG - [SUAS_main.wait:274] - pozisyon alındı: timestamp: 2025-06-19 21:05:30
2025-06-19 21:05:30,207 - SUAS - DEBUG - [SUAS_main.wait:272] - pozisyon alınıyor timestamp: 2025-06-19 21:05:30
2025-06-19 21:05:30,207 - SUAS - DEBUG - [SUAS_main.wait:274] - pozisyon alındı: timestamp: 2025-06-19 21:05:30
2025-06-19 21:05:30,213 - SUAS - DEBUG - [SUAS_main.wait:272] - pozisyon alınıyor timestamp: 2025-06-19 21:05:30
2025-06-19 21:05:30,213 - SUAS - DEBUG - [SUAS_main.wait:274] - pozisyon alındı: timestamp: 2025-06-19 21:05:30
2025-06-19 21:05:30,218 - SUAS - DEBUG - [SUAS_main.wait:272] - pozisyon alınıyor timestamp: 2025-06-19 21:05:30
2025-06-19 21:05:30,220 - SUAS - DEBUG - [SUAS_main.wait:274] - pozisyon alındı: timestamp: 2025-06-19 21:05:30
2025-06-19 21:05:30,225 - SUAS - DEBUG - [SUAS_main.wait:272] - pozisyon alınıyor timestamp: 2025-06-19 21:05:30
2025-06-19 21:05:30,226 - SUAS - DEBUG - [SUAS_main.wait:274] - pozisyon alındı: timestamp: 2025-06-19 21:05:30
2025-06-19 21:05:30,231 - SUAS - DEBUG - [SUAS_main.wait:272] - pozisyon alınıyor timestamp: 2025-06-19 21:05:30
2025-06-19 21:05:30,232 - SUAS - DEBUG - [SUAS_main.wait:274] - pozisyon alındı: timestamp: 2025-06-19 21:05:30
2025-06-19 21:05:30,237 - SUAS - DEBUG - [SUAS_main.wait:272] - pozisyon alınıyor timestamp: 2025-06-19 21:05:30
2025-06-19 21:05:30,238 - SUAS - DEBUG - [SUAS_main.wait:274] - pozisyon alındı: timestamp: 2025-06-19 21:05:30
2025-06-19 21:05:30,243 - SUAS - DEBUG - [SUAS_main.wait:272] - pozisyon alınıyor timestamp: 2025-06-19 21:05:30
2025-06-19 21:05:30,244 - SUAS - DEBUG - [SUAS_main.wait:274] - pozisyon alındı: timestamp: 2025-06-19 21:05:30
2025-06-19 21:05:30,249 - SUAS - DEBUG - [SUAS_main.wait:272] - pozisyon alınıyor timestamp: 2025-06-19 21:05:30
2025-06-19 21:05:30,251 - SUAS - DEBUG - [SUAS_main.wait:274] - pozisyon alındı: timestamp: 2025-06-19 21:05:30
2025-06-19 21:05:30,256 - SUAS - DEBUG - [SUAS_main.wait:272] - pozisyon alınıyor timestamp: 2025-06-19 21:05:30
2025-06-19 21:05:30,257 - SUAS - DEBUG - [SUAS_main.wait:274] - pozisyon alındı: timestamp: 2025-06-19 21:05:30
2025-06-19 21:05:30,262 - SUAS - DEBUG - [SUAS_main.wait:272] - pozisyon alınıyor timestamp: 2025-06-19 21:05:30
2025-06-19 21:05:30,263 - SUAS - DEBUG - [SUAS_main.wait:274] - pozisyon alındı: timestamp: 2025-06-19 21:05:30
2025-06-19 21:05:30,268 - SUAS - DEBUG - [SUAS_main.wait:272] - pozisyon alınıyor timestamp: 2025-06-19 21:05:30
2025-06-19 21:05:30,269 - SUAS - DEBUG - [SUAS_main.wait:274] - pozisyon alındı: timestamp: 2025-06-19 21:05:30
2025-06-19 21:05:30,274 - SUAS - DEBUG - [SUAS_main.wait:272] - pozisyon alınıyor timestamp: 2025-06-19 21:05:30
2025-06-19 21:05:30,275 - SUAS - DEBUG - [SUAS_main.wait:274] - pozisyon alındı: timestamp: 2025-06-19 21:05:30
2025-06-19 21:05:30,280 - SUAS - DEBUG - [SUAS_main.wait:272] - pozisyon alınıyor timestamp: 2025-06-19 21:05:30
2025-06-19 21:05:30,281 - SUAS - DEBUG - [SUAS_main.wait:274] - pozisyon alındı: timestamp: 2025-06-19 21:05:30
2025-06-19 21:05:30,286 - SUAS - DEBUG - [SUAS_main.wait:272] - pozisyon alınıyor timestamp: 2025-06-19 21:05:30
2025-06-19 21:05:30,287 - SUAS - DEBUG - [SUAS_main.wait:274] - pozisyon alındı: timestamp: 2025-06-19 21:05:30
2025-06-19 21:05:30,292 - SUAS - DEBUG - [SUAS_main.wait:272] - pozisyon alınıyor timestamp: 2025-06-19 21:05:30
2025-06-19 21:05:30,294 - SUAS - DEBUG - [SUAS_main.wait:274] - pozisyon alındı: timestamp: 2025-06-19 21:05:30
2025-06-19 21:05:30,299 - SUAS - DEBUG - [SUAS_main.wait:272] - pozisyon alınıyor timestamp: 2025-06-19 21:05:30
2025-06-19 21:05:30,300 - SUAS - DEBUG - [SUAS_main.wait:274] - pozisyon alındı: timestamp: 2025-06-19 21:05:30
2025-06-19 21:05:30,305 - SUAS - DEBUG - [SUAS_main.wait:272] - pozisyon alınıyor timestamp: 2025-06-19 21:05:30
2025-06-19 21:05:30,306 - SUAS - DEBUG - [SUAS_main.wait:274] - pozisyon alındı: timestamp: 2025-06-19 21:05:30
2025-06-19 21:05:30,312 - SUAS - DEBUG - [SUAS_main.wait:272] - pozisyon alınıyor timestamp: 2025-06-19 21:05:30
2025-06-19 21:05:30,313 - SUAS - DEBUG - [SUAS_main.wait:274] - pozisyon alındı: timestamp: 2025-06-19 21:05:30
2025-06-19 21:05:30,318 - SUAS - DEBUG - [SUAS_main.wait:272] - pozisyon alınıyor timestamp: 2025-06-19 21:05:30
2025-06-19 21:05:30,319 - SUAS - DEBUG - [SUAS_main.wait:274] - pozisyon alındı: timestamp: 2025-06-19 21:05:30
2025-06-19 21:05:30,325 - SUAS - DEBUG - [SUAS_main.wait:272] - pozisyon alınıyor timestamp: 2025-06-19 21:05:30
2025-06-19 21:05:30,326 - SUAS - DEBUG - [SUAS_main.wait:274] - pozisyon alındı: timestamp: 2025-06-19 21:05:30
2025-06-19 21:05:30,332 - SUAS - DEBUG - [SUAS_main.wait:272] - pozisyon alınıyor timestamp: 2025-06-19 21:05:30
2025-06-19 21:05:30,334 - SUAS - DEBUG - [SUAS_main.wait:274] - pozisyon alındı: timestamp: 2025-06-19 21:05:30
2025-06-19 21:05:30,340 - SUAS - DEBUG - [SUAS_main.wait:272] - pozisyon alınıyor timestamp: 2025-06-19 21:05:30
2025-06-19 21:05:30,341 - SUAS - DEBUG - [SUAS_main.wait:274] - pozisyon alındı: timestamp: 2025-06-19 21:05:30
2025-06-19 21:05:30,347 - SUAS - DEBUG - [SUAS_main.wait:272] - pozisyon alınıyor timestamp: 2025-06-19 21:05:30
2025-06-19 21:05:30,348 - SUAS - DEBUG - [SUAS_main.wait:274] - pozisyon alındı: timestamp: 2025-06-19 21:05:30
2025-06-19 21:05:30,354 - SUAS - DEBUG - [SUAS_main.wait:272] - pozisyon alınıyor timestamp: 2025-06-19 21:05:30
2025-06-19 21:05:30,355 - SUAS - DEBUG - [SUAS_main.wait:274] - pozisyon alındı: timestamp: 2025-06-19 21:05:30
2025-06-19 21:05:30,361 - SUAS - DEBUG - [SUAS_main.wait:272] - pozisyon alınıyor timestamp: 2025-06-19 21:05:30
2025-06-19 21:05:30,362 - SUAS - DEBUG - [SUAS_main.wait:274] - pozisyon alındı: timestamp: 2025-06-19 21:05:30
2025-06-19 21:05:30,367 - SUAS - DEBUG - [SUAS_main.wait:272] - pozisyon alınıyor timestamp: 2025-06-19 21:05:30
2025-06-19 21:05:30,369 - SUAS - DEBUG - [SUAS_main.wait:274] - pozisyon alındı: timestamp: 2025-06-19 21:05:30
2025-06-19 21:05:30,374 - SUAS - DEBUG - [SUAS_main.wait:272] - pozisyon alınıyor timestamp: 2025-06-19 21:05:30
2025-06-19 21:05:30,375 - SUAS - DEBUG - [SUAS_main.wait:274] - pozisyon alındı: timestamp: 2025-06-19 21:05:30
2025-06-19 21:05:30,380 - SUAS - DEBUG - [SUAS_main.wait:272] - pozisyon alınıyor timestamp: 2025-06-19 21:05:30
2025-06-19 21:05:30,381 - SUAS - DEBUG - [SUAS_main.wait:274] - pozisyon alındı: timestamp: 2025-06-19 21:05:30
2025-06-19 21:05:30,387 - SUAS - DEBUG - [SUAS_main.wait:272] - pozisyon alınıyor timestamp: 2025-06-19 21:05:30
2025-06-19 21:05:30,388 - SUAS - DEBUG - [SUAS_main.wait:274] - pozisyon alındı: timestamp: 2025-06-19 21:05:30
2025-06-19 21:05:30,393 - SUAS - DEBUG - [SUAS_main.wait:272] - pozisyon alınıyor timestamp: 2025-06-19 21:05:30
2025-06-19 21:05:30,395 - SUAS - DEBUG - [SUAS_main.wait:274] - pozisyon alındı: timestamp: 2025-06-19 21:05:30
2025-06-19 21:05:30,400 - SUAS - DEBUG - [SUAS_main.wait:272] - pozisyon alınıyor timestamp: 2025-06-19 21:05:30
2025-06-19 21:05:30,401 - SUAS - DEBUG - [SUAS_main.wait:274] - pozisyon alındı: timestamp: 2025-06-19 21:05:30
2025-06-19 21:05:30,406 - SUAS - DEBUG - [SUAS_main.wait:272] - pozisyon alınıyor timestamp: 2025-06-19 21:05:30
2025-06-19 21:05:30,407 - SUAS - DEBUG - [SUAS_main.wait:274] - pozisyon alındı: timestamp: 2025-06-19 21:05:30
2025-06-19 21:05:30,412 - SUAS - DEBUG - [SUAS_main.wait:272] - pozisyon alınıyor timestamp: 2025-06-19 21:05:30
2025-06-19 21:05:30,413 - SUAS - DEBUG - [SUAS_main.wait:274] - pozisyon alındı: timestamp: 2025-06-19 21:05:30
2025-06-19 21:05:30,419 - SUAS - DEBUG - [SUAS_main.wait:272] - pozisyon alınıyor timestamp: 2025-06-19 21:05:30
2025-06-19 21:05:30,420 - SUAS - DEBUG - [SUAS_main.wait:274] - pozisyon alındı: timestamp: 2025-06-19 21:05:30
2025-06-19 21:05:30,425 - SUAS - DEBUG - [SUAS_main.wait:272] - pozisyon alınıyor timestamp: 2025-06-19 21:05:30
2025-06-19 21:05:30,426 - SUAS - DEBUG - [SUAS_main.wait:274] - pozisyon alındı: timestamp: 2025-06-19 21:05:30
2025-06-19 21:05:30,432 - SUAS - DEBUG - [SUAS_main.wait:272] - pozisyon alınıyor timestamp: 2025-06-19 21:05:30
2025-06-19 21:05:30,433 - SUAS - DEBUG - [SUAS_main.wait:274] - pozisyon alındı: timestamp: 2025-06-19 21:05:30
2025-06-19 21:05:30,438 - SUAS - DEBUG - [SUAS_main.wait:272] - pozisyon alınıyor timestamp: 2025-06-19 21:05:30
2025-06-19 21:05:30,439 - SUAS - DEBUG - [SUAS_main.wait:274] - pozisyon alındı: timestamp: 2025-06-19 21:05:30
2025-06-19 21:05:30,445 - SUAS - DEBUG - [SUAS_main.wait:272] - pozisyon alınıyor timestamp: 2025-06-19 21:05:30
2025-06-19 21:05:30,446 - SUAS - DEBUG - [SUAS_main.wait:274] - pozisyon alındı: timestamp: 2025-06-19 21:05:30
2025-06-19 21:05:30,451 - SUAS - DEBUG - [SUAS_main.wait:272] - pozisyon alınıyor timestamp: 2025-06-19 21:05:30
2025-06-19 21:05:30,452 - SUAS - DEBUG - [SUAS_main.wait:274] - pozisyon alındı: timestamp: 2025-06-19 21:05:30
2025-06-19 21:05:30,457 - SUAS - DEBUG - [SUAS_main.wait:272] - pozisyon alınıyor timestamp: 2025-06-19 21:05:30
2025-06-19 21:05:30,458 - SUAS - DEBUG - [SUAS_main.wait:274] - pozisyon alındı: timestamp: 2025-06-19 21:05:30
2025-06-19 21:05:30,463 - SUAS - DEBUG - [SUAS_main.wait:272] - pozisyon alınıyor timestamp: 2025-06-19 21:05:30
2025-06-19 21:05:30,465 - SUAS - DEBUG - [SUAS_main.wait:274] - pozisyon alındı: timestamp: 2025-06-19 21:05:30
2025-06-19 21:05:30,471 - SUAS - DEBUG - [SUAS_main.wait:272] - pozisyon alınıyor timestamp: 2025-06-19 21:05:30
2025-06-19 21:05:30,472 - SUAS - DEBUG - [SUAS_main.wait:274] - pozisyon alındı: timestamp: 2025-06-19 21:05:30
2025-06-19 21:05:30,477 - SUAS - DEBUG - [SUAS_main.wait:272] - pozisyon alınıyor timestamp: 2025-06-19 21:05:30
2025-06-19 21:05:30,478 - SUAS - DEBUG - [SUAS_main.wait:274] - pozisyon alındı: timestamp: 2025-06-19 21:05:30
2025-06-19 21:05:30,483 - SUAS - DEBUG - [SUAS_main.wait:272] - pozisyon alınıyor timestamp: 2025-06-19 21:05:30
2025-06-19 21:05:30,485 - SUAS - DEBUG - [SUAS_main.wait:274] - pozisyon alındı: timestamp: 2025-06-19 21:05:30
2025-06-19 21:05:30,490 - SUAS - DEBUG - [SUAS_main.wait:272] - pozisyon alınıyor timestamp: 2025-06-19 21:05:30
2025-06-19 21:05:30,492 - SUAS - DEBUG - [SUAS_main.wait:274] - pozisyon alındı: timestamp: 2025-06-19 21:05:30
2025-06-19 21:05:30,497 - SUAS - DEBUG - [SUAS_main.wait:272] - pozisyon alınıyor timestamp: 2025-06-19 21:05:30
2025-06-19 21:05:30,498 - SUAS - DEBUG - [SUAS_main.wait:274] - pozisyon alındı: timestamp: 2025-06-19 21:05:30
2025-06-19 21:05:30,503 - SUAS - DEBUG - [SUAS_main.wait:272] - pozisyon alınıyor timestamp: 2025-06-19 21:05:30
2025-06-19 21:05:30,504 - SUAS - DEBUG - [SUAS_main.wait:274] - pozisyon alındı: timestamp: 2025-06-19 21:05:30
2025-06-19 21:05:30,510 - SUAS - DEBUG - [SUAS_main.wait:272] - pozisyon alınıyor timestamp: 2025-06-19 21:05:30
2025-06-19 21:05:30,511 - SUAS - DEBUG - [SUAS_main.wait:274] - pozisyon alındı: timestamp: 2025-06-19 21:05:30
2025-06-19 21:05:30,516 - SUAS - DEBUG - [SUAS_main.wait:272] - pozisyon alınıyor timestamp: 2025-06-19 21:05:30
2025-06-19 21:05:30,517 - SUAS - DEBUG - [SUAS_main.wait:274] - pozisyon alındı: timestamp: 2025-06-19 21:05:30
2025-06-19 21:05:30,522 - SUAS - DEBUG - [SUAS_main.wait:272] - pozisyon alınıyor timestamp: 2025-06-19 21:05:30
2025-06-19 21:05:30,523 - SUAS - DEBUG - [SUAS_main.wait:274] - pozisyon alındı: timestamp: 2025-06-19 21:05:30
2025-06-19 21:05:30,528 - SUAS - DEBUG - [SUAS_main.wait:272] - pozisyon alınıyor timestamp: 2025-06-19 21:05:30
2025-06-19 21:05:30,530 - SUAS - DEBUG - [SUAS_main.wait:274] - pozisyon alındı: timestamp: 2025-06-19 21:05:30
2025-06-19 21:05:30,535 - SUAS - DEBUG - [SUAS_main.wait:272] - pozisyon alınıyor timestamp: 2025-06-19 21:05:30
2025-06-19 21:05:30,536 - SUAS - DEBUG - [SUAS_main.wait:274] - pozisyon alındı: timestamp: 2025-06-19 21:05:30
2025-06-19 21:05:30,542 - SUAS - DEBUG - [SUAS_main.wait:272] - pozisyon alınıyor timestamp: 2025-06-19 21:05:30
2025-06-19 21:05:30,543 - SUAS - DEBUG - [SUAS_main.wait:274] - pozisyon alındı: timestamp: 2025-06-19 21:05:30
2025-06-19 21:05:30,548 - SUAS - DEBUG - [SUAS_main.wait:272] - pozisyon alınıyor timestamp: 2025-06-19 21:05:30
2025-06-19 21:05:30,549 - SUAS - DEBUG - [SUAS_main.wait:274] - pozisyon alındı: timestamp: 2025-06-19 21:05:30
2025-06-19 21:05:30,555 - SUAS - DEBUG - [SUAS_main.wait:272] - pozisyon alınıyor timestamp: 2025-06-19 21:05:30
2025-06-19 21:05:30,556 - SUAS - DEBUG - [SUAS_main.wait:274] - pozisyon alındı: timestamp: 2025-06-19 21:05:30
2025-06-19 21:05:30,562 - SUAS - DEBUG - [SUAS_main.wait:272] - pozisyon alınıyor timestamp: 2025-06-19 21:05:30
2025-06-19 21:05:30,563 - SUAS - DEBUG - [SUAS_main.wait:274] - pozisyon alındı: timestamp: 2025-06-19 21:05:30
2025-06-19 21:05:30,568 - SUAS - DEBUG - [SUAS_main.wait:272] - pozisyon alınıyor timestamp: 2025-06-19 21:05:30
2025-06-19 21:05:30,570 - SUAS - DEBUG - [SUAS_main.wait:274] - pozisyon alındı: timestamp: 2025-06-19 21:05:30
2025-06-19 21:05:30,575 - SUAS - DEBUG - [SUAS_main.wait:272] - pozisyon alınıyor timestamp: 2025-06-19 21:05:30
2025-06-19 21:05:30,576 - SUAS - DEBUG - [SUAS_main.wait:274] - pozisyon alındı: timestamp: 2025-06-19 21:05:30
2025-06-19 21:05:30,582 - SUAS - DEBUG - [SUAS_main.wait:272] - pozisyon alınıyor timestamp: 2025-06-19 21:05:30
2025-06-19 21:05:30,583 - SUAS - DEBUG - [SUAS_main.wait:274] - pozisyon alındı: timestamp: 2025-06-19 21:05:30
2025-06-19 21:05:30,589 - SUAS - DEBUG - [SUAS_main.wait:272] - pozisyon alınıyor timestamp: 2025-06-19 21:05:30
2025-06-19 21:05:30,590 - SUAS - DEBUG - [SUAS_main.wait:274] - pozisyon alındı: timestamp: 2025-06-19 21:05:30
2025-06-19 21:05:30,596 - SUAS - DEBUG - [SUAS_main.wait:272] - pozisyon alınıyor timestamp: 2025-06-19 21:05:30
2025-06-19 21:05:30,597 - SUAS - DEBUG - [SUAS_main.wait:274] - pozisyon alındı: timestamp: 2025-06-19 21:05:30
2025-06-19 21:05:30,602 - SUAS - DEBUG - [SUAS_main.wait:272] - pozisyon alınıyor timestamp: 2025-06-19 21:05:30
2025-06-19 21:05:30,631 - SUAS - DEBUG - [SUAS_main.wait:274] - pozisyon alındı: timestamp: 2025-06-19 21:05:30
2025-06-19 21:05:30,636 - SUAS - DEBUG - [SUAS_main.wait:272] - pozisyon alınıyor timestamp: 2025-06-19 21:05:30
2025-06-19 21:05:30,637 - SUAS - DEBUG - [SUAS_main.wait:274] - pozisyon alındı: timestamp: 2025-06-19 21:05:30
2025-06-19 21:05:30,643 - SUAS - DEBUG - [SUAS_main.wait:272] - pozisyon alınıyor timestamp: 2025-06-19 21:05:30
2025-06-19 21:05:30,644 - SUAS - DEBUG - [SUAS_main.wait:274] - pozisyon alındı: timestamp: 2025-06-19 21:05:30
2025-06-19 21:05:30,649 - SUAS - DEBUG - [SUAS_main.wait:272] - pozisyon alınıyor timestamp: 2025-06-19 21:05:30
2025-06-19 21:05:30,651 - SUAS - DEBUG - [SUAS_main.wait:274] - pozisyon alındı: timestamp: 2025-06-19 21:05:30
2025-06-19 21:05:30,657 - SUAS - DEBUG - [SUAS_main.wait:272] - pozisyon alınıyor timestamp: 2025-06-19 21:05:30
2025-06-19 21:05:30,658 - SUAS - DEBUG - [SUAS_main.wait:274] - pozisyon alındı: timestamp: 2025-06-19 21:05:30
2025-06-19 21:05:30,663 - SUAS - DEBUG - [SUAS_main.wait:272] - pozisyon alınıyor timestamp: 2025-06-19 21:05:30
2025-06-19 21:05:30,665 - SUAS - DEBUG - [SUAS_main.wait:274] - pozisyon alındı: timestamp: 2025-06-19 21:05:30
2025-06-19 21:05:30,670 - SUAS - DEBUG - [SUAS_main.wait:272] - pozisyon alınıyor timestamp: 2025-06-19 21:05:30
2025-06-19 21:05:30,672 - SUAS - DEBUG - [SUAS_main.wait:274] - pozisyon alındı: timestamp: 2025-06-19 21:05:30
2025-06-19 21:05:30,677 - SUAS - DEBUG - [SUAS_main.wait:272] - pozisyon alınıyor timestamp: 2025-06-19 21:05:30
2025-06-19 21:05:30,678 - SUAS - DEBUG - [SUAS_main.wait:274] - pozisyon alındı: timestamp: 2025-06-19 21:05:30
2025-06-19 21:05:30,684 - SUAS - DEBUG - [SUAS_main.wait:272] - pozisyon alınıyor timestamp: 2025-06-19 21:05:30
2025-06-19 21:05:30,685 - SUAS - DEBUG - [SUAS_main.wait:274] - pozisyon alındı: timestamp: 2025-06-19 21:05:30
2025-06-19 21:05:30,690 - SUAS - DEBUG - [SUAS_main.wait:272] - pozisyon alınıyor timestamp: 2025-06-19 21:05:30
2025-06-19 21:05:30,691 - SUAS - DEBUG - [SUAS_main.wait:274] - pozisyon alındı: timestamp: 2025-06-19 21:05:30
2025-06-19 21:05:30,697 - SUAS - DEBUG - [SUAS_main.wait:272] - pozisyon alınıyor timestamp: 2025-06-19 21:05:30
2025-06-19 21:05:30,698 - SUAS - DEBUG - [SUAS_main.wait:274] - pozisyon alındı: timestamp: 2025-06-19 21:05:30
2025-06-19 21:05:30,703 - SUAS - DEBUG - [SUAS_main.wait:272] - pozisyon alınıyor timestamp: 2025-06-19 21:05:30
2025-06-19 21:05:30,704 - SUAS - DEBUG - [SUAS_main.wait:274] - pozisyon alındı: timestamp: 2025-06-19 21:05:30
2025-06-19 21:05:30,710 - SUAS - DEBUG - [SUAS_main.wait:272] - pozisyon alınıyor timestamp: 2025-06-19 21:05:30
2025-06-19 21:05:30,711 - SUAS - DEBUG - [SUAS_main.wait:274] - pozisyon alındı: timestamp: 2025-06-19 21:05:30
2025-06-19 21:05:30,718 - SUAS - DEBUG - [SUAS_main.wait:272] - pozisyon alınıyor timestamp: 2025-06-19 21:05:30
2025-06-19 21:05:30,730 - SUAS - DEBUG - [SUAS_main.wait:274] - pozisyon alındı: timestamp: 2025-06-19 21:05:30
2025-06-19 21:05:30,736 - SUAS - DEBUG - [SUAS_main.wait:272] - pozisyon alınıyor timestamp: 2025-06-19 21:05:30
2025-06-19 21:05:30,740 - SUAS - DEBUG - [SUAS_main.wait:274] - pozisyon alındı: timestamp: 2025-06-19 21:05:30
2025-06-19 21:05:30,747 - SUAS - DEBUG - [SUAS_main.wait:272] - pozisyon alınıyor timestamp: 2025-06-19 21:05:30
2025-06-19 21:05:30,749 - SUAS - DEBUG - [SUAS_main.wait:274] - pozisyon alındı: timestamp: 2025-06-19 21:05:30
2025-06-19 21:05:30,755 - SUAS - DEBUG - [SUAS_main.wait:272] - pozisyon alınıyor timestamp: 2025-06-19 21:05:30
2025-06-19 21:05:30,756 - SUAS - DEBUG - [SUAS_main.wait:274] - pozisyon alındı: timestamp: 2025-06-19 21:05:30
2025-06-19 21:05:30,764 - SUAS - DEBUG - [SUAS_main.wait:272] - pozisyon alınıyor timestamp: 2025-06-19 21:05:30
2025-06-19 21:05:30,767 - SUAS - DEBUG - [SUAS_main.wait:274] - pozisyon alındı: timestamp: 2025-06-19 21:05:30
2025-06-19 21:05:30,774 - SUAS - DEBUG - [SUAS_main.wait:272] - pozisyon alınıyor timestamp: 2025-06-19 21:05:30
2025-06-19 21:05:30,775 - SUAS - DEBUG - [SUAS_main.wait:274] - pozisyon alındı: timestamp: 2025-06-19 21:05:30
2025-06-19 21:05:30,784 - SUAS - DEBUG - [SUAS_main.wait:272] - pozisyon alınıyor timestamp: 2025-06-19 21:05:30
2025-06-19 21:05:30,785 - SUAS - DEBUG - [SUAS_main.wait:274] - pozisyon alındı: timestamp: 2025-06-19 21:05:30
2025-06-19 21:05:30,791 - SUAS - DEBUG - [SUAS_main.wait:272] - pozisyon alınıyor timestamp: 2025-06-19 21:05:30
2025-06-19 21:05:30,793 - SUAS - DEBUG - [SUAS_main.wait:274] - pozisyon alındı: timestamp: 2025-06-19 21:05:30
2025-06-19 21:05:30,799 - SUAS - DEBUG - [SUAS_main.wait:272] - pozisyon alınıyor timestamp: 2025-06-19 21:05:30
2025-06-19 21:05:30,802 - SUAS - DEBUG - [SUAS_main.wait:274] - pozisyon alındı: timestamp: 2025-06-19 21:05:30
2025-06-19 21:05:30,808 - SUAS - DEBUG - [SUAS_main.wait:272] - pozisyon alınıyor timestamp: 2025-06-19 21:05:30
2025-06-19 21:05:30,809 - SUAS - DEBUG - [SUAS_main.wait:274] - pozisyon alındı: timestamp: 2025-06-19 21:05:30
2025-06-19 21:05:30,824 - SUAS - DEBUG - [SUAS_main.wait:272] - pozisyon alınıyor timestamp: 2025-06-19 21:05:30
2025-06-19 21:05:30,826 - SUAS - DEBUG - [SUAS_main.wait:274] - pozisyon alındı: timestamp: 2025-06-19 21:05:30
2025-06-19 21:05:30,832 - SUAS - DEBUG - [SUAS_main.wait:272] - pozisyon alınıyor timestamp: 2025-06-19 21:05:30
2025-06-19 21:05:30,834 - SUAS - DEBUG - [SUAS_main.wait:274] - pozisyon alındı: timestamp: 2025-06-19 21:05:30
2025-06-19 21:05:30,840 - SUAS - DEBUG - [SUAS_main.wait:272] - pozisyon alınıyor timestamp: 2025-06-19 21:05:30
2025-06-19 21:05:30,841 - SUAS - DEBUG - [SUAS_main.wait:274] - pozisyon alındı: timestamp: 2025-06-19 21:05:30
2025-06-19 21:05:30,847 - SUAS - DEBUG - [SUAS_main.wait:272] - pozisyon alınıyor timestamp: 2025-06-19 21:05:30
2025-06-19 21:05:30,848 - SUAS - DEBUG - [SUAS_main.wait:274] - pozisyon alındı: timestamp: 2025-06-19 21:05:30
2025-06-19 21:05:30,853 - SUAS - DEBUG - [SUAS_main.wait:272] - pozisyon alınıyor timestamp: 2025-06-19 21:05:30
2025-06-19 21:05:30,855 - SUAS - DEBUG - [SUAS_main.wait:274] - pozisyon alındı: timestamp: 2025-06-19 21:05:30
2025-06-19 21:05:30,860 - SUAS - DEBUG - [SUAS_main.wait:272] - pozisyon alınıyor timestamp: 2025-06-19 21:05:30
2025-06-19 21:05:30,861 - SUAS - DEBUG - [SUAS_main.wait:274] - pozisyon alındı: timestamp: 2025-06-19 21:05:30
2025-06-19 21:05:30,866 - SUAS - DEBUG - [SUAS_main.wait:272] - pozisyon alınıyor timestamp: 2025-06-19 21:05:30
2025-06-19 21:05:30,867 - SUAS - DEBUG - [SUAS_main.wait:274] - pozisyon alındı: timestamp: 2025-06-19 21:05:30
2025-06-19 21:05:30,872 - SUAS - DEBUG - [SUAS_main.wait:272] - pozisyon alınıyor timestamp: 2025-06-19 21:05:30
2025-06-19 21:05:30,874 - SUAS - DEBUG - [SUAS_main.wait:274] - pozisyon alındı: timestamp: 2025-06-19 21:05:30
2025-06-19 21:05:30,879 - SUAS - DEBUG - [SUAS_main.wait:272] - pozisyon alınıyor timestamp: 2025-06-19 21:05:30
2025-06-19 21:05:30,880 - SUAS - DEBUG - [SUAS_main.wait:274] - pozisyon alındı: timestamp: 2025-06-19 21:05:30
2025-06-19 21:05:30,886 - SUAS - DEBUG - [SUAS_main.wait:272] - pozisyon alınıyor timestamp: 2025-06-19 21:05:30
2025-06-19 21:05:30,887 - SUAS - DEBUG - [SUAS_main.wait:274] - pozisyon alındı: timestamp: 2025-06-19 21:05:30
2025-06-19 21:05:30,892 - SUAS - DEBUG - [SUAS_main.wait:272] - pozisyon alınıyor timestamp: 2025-06-19 21:05:30
2025-06-19 21:05:30,894 - SUAS - DEBUG - [SUAS_main.wait:274] - pozisyon alındı: timestamp: 2025-06-19 21:05:30
2025-06-19 21:05:30,899 - SUAS - DEBUG - [SUAS_main.wait:272] - pozisyon alınıyor timestamp: 2025-06-19 21:05:30
2025-06-19 21:05:30,900 - SUAS - DEBUG - [SUAS_main.wait:274] - pozisyon alındı: timestamp: 2025-06-19 21:05:30
2025-06-19 21:05:30,906 - SUAS - DEBUG - [SUAS_main.wait:272] - pozisyon alınıyor timestamp: 2025-06-19 21:05:30
2025-06-19 21:05:30,907 - SUAS - DEBUG - [SUAS_main.wait:274] - pozisyon alındı: timestamp: 2025-06-19 21:05:30
2025-06-19 21:05:30,912 - SUAS - DEBUG - [SUAS_main.wait:272] - pozisyon alınıyor timestamp: 2025-06-19 21:05:30
2025-06-19 21:05:30,913 - SUAS - DEBUG - [SUAS_main.wait:274] - pozisyon alındı: timestamp: 2025-06-19 21:05:30
2025-06-19 21:05:30,919 - SUAS - DEBUG - [SUAS_main.wait:272] - pozisyon alınıyor timestamp: 2025-06-19 21:05:30
2025-06-19 21:05:30,920 - SUAS - DEBUG - [SUAS_main.wait:274] - pozisyon alındı: timestamp: 2025-06-19 21:05:30
2025-06-19 21:05:30,925 - SUAS - DEBUG - [SUAS_main.wait:272] - pozisyon alınıyor timestamp: 2025-06-19 21:05:30
2025-06-19 21:05:30,926 - SUAS - DEBUG - [SUAS_main.wait:274] - pozisyon alındı: timestamp: 2025-06-19 21:05:30
2025-06-19 21:05:30,931 - SUAS - DEBUG - [SUAS_main.wait:272] - pozisyon alınıyor timestamp: 2025-06-19 21:05:30
2025-06-19 21:05:30,932 - SUAS - DEBUG - [SUAS_main.wait:274] - pozisyon alındı: timestamp: 2025-06-19 21:05:30
2025-06-19 21:05:30,937 - SUAS - DEBUG - [SUAS_main.wait:272] - pozisyon alınıyor timestamp: 2025-06-19 21:05:30
2025-06-19 21:05:30,939 - SUAS - DEBUG - [SUAS_main.wait:274] - pozisyon alındı: timestamp: 2025-06-19 21:05:30
2025-06-19 21:05:30,944 - SUAS - DEBUG - [SUAS_main.wait:272] - pozisyon alınıyor timestamp: 2025-06-19 21:05:30
2025-06-19 21:05:30,945 - SUAS - DEBUG - [SUAS_main.wait:274] - pozisyon alındı: timestamp: 2025-06-19 21:05:30
2025-06-19 21:05:30,951 - SUAS - DEBUG - [SUAS_main.wait:272] - pozisyon alınıyor timestamp: 2025-06-19 21:05:30
2025-06-19 21:05:30,953 - SUAS - DEBUG - [SUAS_main.wait:274] - pozisyon alındı: timestamp: 2025-06-19 21:05:30
2025-06-19 21:05:30,958 - SUAS - DEBUG - [SUAS_main.wait:272] - pozisyon alınıyor timestamp: 2025-06-19 21:05:30
2025-06-19 21:05:30,960 - SUAS - DEBUG - [SUAS_main.wait:274] - pozisyon alındı: timestamp: 2025-06-19 21:05:30
2025-06-19 21:05:30,965 - SUAS - DEBUG - [SUAS_main.wait:272] - pozisyon alınıyor timestamp: 2025-06-19 21:05:30
2025-06-19 21:05:30,966 - SUAS - DEBUG - [SUAS_main.wait:274] - pozisyon alındı: timestamp: 2025-06-19 21:05:30
2025-06-19 21:05:30,971 - SUAS - DEBUG - [SUAS_main.wait:272] - pozisyon alınıyor timestamp: 2025-06-19 21:05:30
2025-06-19 21:05:30,973 - SUAS - DEBUG - [SUAS_main.wait:274] - pozisyon alındı: timestamp: 2025-06-19 21:05:30
2025-06-19 21:05:30,978 - SUAS - DEBUG - [SUAS_main.wait:272] - pozisyon alınıyor timestamp: 2025-06-19 21:05:30
2025-06-19 21:05:30,979 - SUAS - DEBUG - [SUAS_main.wait:274] - pozisyon alındı: timestamp: 2025-06-19 21:05:30
2025-06-19 21:05:30,984 - SUAS - DEBUG - [SUAS_main.wait:272] - pozisyon alınıyor timestamp: 2025-06-19 21:05:30
2025-06-19 21:05:30,985 - SUAS - DEBUG - [SUAS_main.wait:274] - pozisyon alındı: timestamp: 2025-06-19 21:05:30
2025-06-19 21:05:30,991 - SUAS - DEBUG - [SUAS_main.wait:272] - pozisyon alınıyor timestamp: 2025-06-19 21:05:30
2025-06-19 21:05:30,992 - SUAS - DEBUG - [SUAS_main.wait:274] - pozisyon alındı: timestamp: 2025-06-19 21:05:30
2025-06-19 21:05:30,997 - SUAS - DEBUG - [SUAS_main.wait:272] - pozisyon alınıyor timestamp: 2025-06-19 21:05:30
2025-06-19 21:05:30,998 - SUAS - DEBUG - [SUAS_main.wait:274] - pozisyon alındı: timestamp: 2025-06-19 21:05:30
2025-06-19 21:05:31,003 - SUAS - DEBUG - [SUAS_main.wait:272] - pozisyon alınıyor timestamp: 2025-06-19 21:05:31
2025-06-19 21:05:31,005 - SUAS - DEBUG - [SUAS_main.wait:274] - pozisyon alındı: timestamp: 2025-06-19 21:05:31
2025-06-19 21:05:31,010 - SUAS - DEBUG - [SUAS_main.wait:272] - pozisyon alınıyor timestamp: 2025-06-19 21:05:31
2025-06-19 21:05:31,011 - SUAS - DEBUG - [SUAS_main.wait:274] - pozisyon alındı: timestamp: 2025-06-19 21:05:31
2025-06-19 21:05:31,016 - SUAS - DEBUG - [SUAS_main.wait:272] - pozisyon alınıyor timestamp: 2025-06-19 21:05:31
2025-06-19 21:05:31,017 - SUAS - DEBUG - [SUAS_main.wait:274] - pozisyon alındı: timestamp: 2025-06-19 21:05:31
2025-06-19 21:05:31,023 - SUAS - DEBUG - [SUAS_main.wait:272] - pozisyon alınıyor timestamp: 2025-06-19 21:05:31
2025-06-19 21:05:31,024 - SUAS - DEBUG - [SUAS_main.wait:274] - pozisyon alındı: timestamp: 2025-06-19 21:05:31
2025-06-19 21:05:31,029 - SUAS - DEBUG - [SUAS_main.wait:272] - pozisyon alınıyor timestamp: 2025-06-19 21:05:31
2025-06-19 21:05:31,031 - SUAS - DEBUG - [SUAS_main.wait:274] - pozisyon alındı: timestamp: 2025-06-19 21:05:31
2025-06-19 21:05:31,036 - SUAS - DEBUG - [SUAS_main.wait:272] - pozisyon alınıyor timestamp: 2025-06-19 21:05:31
2025-06-19 21:05:31,037 - SUAS - DEBUG - [SUAS_main.wait:274] - pozisyon alındı: timestamp: 2025-06-19 21:05:31
2025-06-19 21:05:31,043 - SUAS - DEBUG - [SUAS_main.wait:272] - pozisyon alınıyor timestamp: 2025-06-19 21:05:31
2025-06-19 21:05:31,044 - SUAS - DEBUG - [SUAS_main.wait:274] - pozisyon alındı: timestamp: 2025-06-19 21:05:31
2025-06-19 21:05:31,049 - SUAS - DEBUG - [SUAS_main.wait:272] - pozisyon alınıyor timestamp: 2025-06-19 21:05:31
2025-06-19 21:05:31,050 - SUAS - DEBUG - [SUAS_main.wait:274] - pozisyon alındı: timestamp: 2025-06-19 21:05:31
2025-06-19 21:05:31,056 - SUAS - DEBUG - [SUAS_main.wait:272] - pozisyon alınıyor timestamp: 2025-06-19 21:05:31
2025-06-19 21:05:31,057 - SUAS - DEBUG - [SUAS_main.wait:274] - pozisyon alındı: timestamp: 2025-06-19 21:05:31
2025-06-19 21:05:31,062 - SUAS - DEBUG - [SUAS_main.wait:272] - pozisyon alınıyor timestamp: 2025-06-19 21:05:31
2025-06-19 21:05:31,063 - SUAS - DEBUG - [SUAS_main.wait:274] - pozisyon alındı: timestamp: 2025-06-19 21:05:31
2025-06-19 21:05:31,069 - SUAS - DEBUG - [SUAS_main.wait:272] - pozisyon alınıyor timestamp: 2025-06-19 21:05:31
2025-06-19 21:05:31,070 - SUAS - DEBUG - [SUAS_main.wait:274] - pozisyon alındı: timestamp: 2025-06-19 21:05:31
2025-06-19 21:05:31,076 - SUAS - DEBUG - [SUAS_main.wait:272] - pozisyon alınıyor timestamp: 2025-06-19 21:05:31
2025-06-19 21:05:31,077 - SUAS - DEBUG - [SUAS_main.wait:274] - pozisyon alındı: timestamp: 2025-06-19 21:05:31
2025-06-19 21:05:31,082 - SUAS - DEBUG - [SUAS_main.wait:272] - pozisyon alınıyor timestamp: 2025-06-19 21:05:31
2025-06-19 21:05:31,083 - SUAS - DEBUG - [SUAS_main.wait:274] - pozisyon alındı: timestamp: 2025-06-19 21:05:31
2025-06-19 21:05:31,088 - SUAS - DEBUG - [SUAS_main.wait:272] - pozisyon alınıyor timestamp: 2025-06-19 21:05:31
2025-06-19 21:05:31,090 - SUAS - DEBUG - [SUAS_main.wait:274] - pozisyon alındı: timestamp: 2025-06-19 21:05:31
2025-06-19 21:05:31,095 - SUAS - DEBUG - [SUAS_main.wait:272] - pozisyon alınıyor timestamp: 2025-06-19 21:05:31
2025-06-19 21:05:31,096 - SUAS - DEBUG - [SUAS_main.wait:274] - pozisyon alındı: timestamp: 2025-06-19 21:05:31
2025-06-19 21:05:31,101 - SUAS - DEBUG - [SUAS_main.wait:272] - pozisyon alınıyor timestamp: 2025-06-19 21:05:31
2025-06-19 21:05:31,103 - SUAS - DEBUG - [SUAS_main.wait:274] - pozisyon alındı: timestamp: 2025-06-19 21:05:31
2025-06-19 21:05:31,108 - SUAS - DEBUG - [SUAS_main.wait:272] - pozisyon alınıyor timestamp: 2025-06-19 21:05:31
2025-06-19 21:05:31,110 - SUAS - DEBUG - [SUAS_main.wait:274] - pozisyon alındı: timestamp: 2025-06-19 21:05:31
2025-06-19 21:05:31,115 - SUAS - DEBUG - [SUAS_main.wait:272] - pozisyon alınıyor timestamp: 2025-06-19 21:05:31
2025-06-19 21:05:31,116 - SUAS - DEBUG - [SUAS_main.wait:274] - pozisyon alındı: timestamp: 2025-06-19 21:05:31
2025-06-19 21:05:31,121 - SUAS - DEBUG - [SUAS_main.wait:272] - pozisyon alınıyor timestamp: 2025-06-19 21:05:31
2025-06-19 21:05:31,122 - SUAS - DEBUG - [SUAS_main.wait:274] - pozisyon alındı: timestamp: 2025-06-19 21:05:31
2025-06-19 21:05:31,128 - SUAS - DEBUG - [SUAS_main.wait:272] - pozisyon alınıyor timestamp: 2025-06-19 21:05:31
2025-06-19 21:05:31,129 - SUAS - DEBUG - [SUAS_main.wait:274] - pozisyon alındı: timestamp: 2025-06-19 21:05:31
2025-06-19 21:05:31,134 - SUAS - DEBUG - [SUAS_main.wait:272] - pozisyon alınıyor timestamp: 2025-06-19 21:05:31
2025-06-19 21:05:31,135 - SUAS - DEBUG - [SUAS_main.wait:274] - pozisyon alındı: timestamp: 2025-06-19 21:05:31
2025-06-19 21:05:31,141 - SUAS - DEBUG - [SUAS_main.wait:272] - pozisyon alınıyor timestamp: 2025-06-19 21:05:31
2025-06-19 21:05:31,141 - SUAS - DEBUG - [SUAS_main.wait:274] - pozisyon alındı: timestamp: 2025-06-19 21:05:31
2025-06-19 21:05:31,147 - SUAS - DEBUG - [SUAS_main.wait:272] - pozisyon alınıyor timestamp: 2025-06-19 21:05:31
2025-06-19 21:05:31,148 - SUAS - DEBUG - [SUAS_main.wait:274] - pozisyon alındı: timestamp: 2025-06-19 21:05:31
2025-06-19 21:05:31,153 - SUAS - DEBUG - [SUAS_main.wait:272] - pozisyon alınıyor timestamp: 2025-06-19 21:05:31
2025-06-19 21:05:31,154 - SUAS - DEBUG - [SUAS_main.wait:274] - pozisyon alındı: timestamp: 2025-06-19 21:05:31
2025-06-19 21:05:31,160 - SUAS - DEBUG - [SUAS_main.wait:272] - pozisyon alınıyor timestamp: 2025-06-19 21:05:31
2025-06-19 21:05:31,161 - SUAS - DEBUG - [SUAS_main.wait:274] - pozisyon alındı: timestamp: 2025-06-19 21:05:31
2025-06-19 21:05:31,166 - SUAS - DEBUG - [SUAS_main.wait:272] - pozisyon alınıyor timestamp: 2025-06-19 21:05:31
2025-06-19 21:05:31,167 - SUAS - DEBUG - [SUAS_main.wait:274] - pozisyon alındı: timestamp: 2025-06-19 21:05:31
2025-06-19 21:05:31,172 - SUAS - DEBUG - [SUAS_main.wait:272] - pozisyon alınıyor timestamp: 2025-06-19 21:05:31
2025-06-19 21:05:31,174 - SUAS - DEBUG - [SUAS_main.wait:274] - pozisyon alındı: timestamp: 2025-06-19 21:05:31
2025-06-19 21:05:31,179 - SUAS - DEBUG - [SUAS_main.wait:272] - pozisyon alınıyor timestamp: 2025-06-19 21:05:31
2025-06-19 21:05:31,180 - SUAS - DEBUG - [SUAS_main.wait:274] - pozisyon alındı: timestamp: 2025-06-19 21:05:31
2025-06-19 21:05:31,185 - SUAS - DEBUG - [SUAS_main.wait:272] - pozisyon alınıyor timestamp: 2025-06-19 21:05:31
2025-06-19 21:05:31,187 - SUAS - DEBUG - [SUAS_main.wait:274] - pozisyon alındı: timestamp: 2025-06-19 21:05:31
2025-06-19 21:05:31,192 - SUAS - DEBUG - [SUAS_main.wait:272] - pozisyon alınıyor timestamp: 2025-06-19 21:05:31
2025-06-19 21:05:31,193 - SUAS - DEBUG - [SUAS_main.wait:274] - pozisyon alındı: timestamp: 2025-06-19 21:05:31
2025-06-19 21:05:31,199 - SUAS - DEBUG - [SUAS_main.wait:272] - pozisyon alınıyor timestamp: 2025-06-19 21:05:31
2025-06-19 21:05:31,200 - SUAS - DEBUG - [SUAS_main.wait:274] - pozisyon alındı: timestamp: 2025-06-19 21:05:31
2025-06-19 21:05:31,205 - SUAS - DEBUG - [SUAS_main.wait:272] - pozisyon alınıyor timestamp: 2025-06-19 21:05:31
2025-06-19 21:05:31,206 - SUAS - DEBUG - [SUAS_main.wait:274] - pozisyon alındı: timestamp: 2025-06-19 21:05:31
2025-06-19 21:05:31,212 - SUAS - DEBUG - [SUAS_main.wait:272] - pozisyon alınıyor timestamp: 2025-06-19 21:05:31
2025-06-19 21:05:31,213 - SUAS - DEBUG - [SUAS_main.wait:274] - pozisyon alındı: timestamp: 2025-06-19 21:05:31
2025-06-19 21:05:31,218 - SUAS - DEBUG - [SUAS_main.wait:272] - pozisyon alınıyor timestamp: 2025-06-19 21:05:31
2025-06-19 21:05:31,219 - SUAS - DEBUG - [SUAS_main.wait:274] - pozisyon alındı: timestamp: 2025-06-19 21:05:31
2025-06-19 21:05:31,224 - SUAS - DEBUG - [SUAS_main.wait:272] - pozisyon alınıyor timestamp: 2025-06-19 21:05:31
2025-06-19 21:05:31,225 - SUAS - DEBUG - [SUAS_main.wait:274] - pozisyon alındı: timestamp: 2025-06-19 21:05:31
2025-06-19 21:05:31,230 - SUAS - DEBUG - [SUAS_main.wait:272] - pozisyon alınıyor timestamp: 2025-06-19 21:05:31
2025-06-19 21:05:31,231 - SUAS - DEBUG - [SUAS_main.wait:274] - pozisyon alındı: timestamp: 2025-06-19 21:05:31
2025-06-19 21:05:31,236 - SUAS - DEBUG - [SUAS_main.wait:272] - pozisyon alınıyor timestamp: 2025-06-19 21:05:31
2025-06-19 21:05:31,238 - SUAS - DEBUG - [SUAS_main.wait:274] - pozisyon alındı: timestamp: 2025-06-19 21:05:31
2025-06-19 21:05:31,243 - SUAS - DEBUG - [SUAS_main.wait:272] - pozisyon alınıyor timestamp: 2025-06-19 21:05:31
2025-06-19 21:05:31,244 - SUAS - DEBUG - [SUAS_main.wait:274] - pozisyon alındı: timestamp: 2025-06-19 21:05:31
2025-06-19 21:05:31,249 - SUAS - DEBUG - [SUAS_main.wait:272] - pozisyon alınıyor timestamp: 2025-06-19 21:05:31
2025-06-19 21:05:31,250 - SUAS - DEBUG - [SUAS_main.wait:274] - pozisyon alındı: timestamp: 2025-06-19 21:05:31
2025-06-19 21:05:31,255 - SUAS - DEBUG - [SUAS_main.wait:272] - pozisyon alınıyor timestamp: 2025-06-19 21:05:31
2025-06-19 21:05:31,256 - SUAS - DEBUG - [SUAS_main.wait:274] - pozisyon alındı: timestamp: 2025-06-19 21:05:31
2025-06-19 21:05:31,261 - SUAS - DEBUG - [SUAS_main.wait:272] - pozisyon alınıyor timestamp: 2025-06-19 21:05:31
2025-06-19 21:05:31,262 - SUAS - DEBUG - [SUAS_main.wait:274] - pozisyon alındı: timestamp: 2025-06-19 21:05:31
2025-06-19 21:05:31,267 - SUAS - DEBUG - [SUAS_main.wait:272] - pozisyon alınıyor timestamp: 2025-06-19 21:05:31
2025-06-19 21:05:31,268 - SUAS - DEBUG - [SUAS_main.wait:274] - pozisyon alındı: timestamp: 2025-06-19 21:05:31
2025-06-19 21:05:31,273 - SUAS - DEBUG - [SUAS_main.wait:272] - pozisyon alınıyor timestamp: 2025-06-19 21:05:31
2025-06-19 21:05:31,274 - SUAS - DEBUG - [SUAS_main.wait:274] - pozisyon alındı: timestamp: 2025-06-19 21:05:31
2025-06-19 21:05:31,279 - SUAS - DEBUG - [SUAS_main.wait:272] - pozisyon alınıyor timestamp: 2025-06-19 21:05:31
2025-06-19 21:05:31,280 - SUAS - DEBUG - [SUAS_main.wait:274] - pozisyon alındı: timestamp: 2025-06-19 21:05:31
2025-06-19 21:05:31,285 - SUAS - DEBUG - [SUAS_main.wait:272] - pozisyon alınıyor timestamp: 2025-06-19 21:05:31
2025-06-19 21:05:31,286 - SUAS - DEBUG - [SUAS_main.wait:274] - pozisyon alındı: timestamp: 2025-06-19 21:05:31
2025-06-19 21:05:31,291 - SUAS - DEBUG - [SUAS_main.wait:272] - pozisyon alınıyor timestamp: 2025-06-19 21:05:31
2025-06-19 21:05:31,292 - SUAS - DEBUG - [SUAS_main.wait:274] - pozisyon alındı: timestamp: 2025-06-19 21:05:31
2025-06-19 21:05:31,297 - SUAS - DEBUG - [SUAS_main.wait:272] - pozisyon alınıyor timestamp: 2025-06-19 21:05:31
2025-06-19 21:05:31,298 - SUAS - DEBUG - [SUAS_main.wait:274] - pozisyon alındı: timestamp: 2025-06-19 21:05:31
2025-06-19 21:05:31,303 - SUAS - DEBUG - [SUAS_main.wait:272] - pozisyon alınıyor timestamp: 2025-06-19 21:05:31
2025-06-19 21:05:31,304 - SUAS - DEBUG - [SUAS_main.wait:274] - pozisyon alındı: timestamp: 2025-06-19 21:05:31
2025-06-19 21:05:31,309 - SUAS - DEBUG - [SUAS_main.wait:272] - pozisyon alınıyor timestamp: 2025-06-19 21:05:31
2025-06-19 21:05:31,310 - SUAS - DEBUG - [SUAS_main.wait:274] - pozisyon alındı: timestamp: 2025-06-19 21:05:31
2025-06-19 21:05:31,315 - SUAS - DEBUG - [SUAS_main.wait:272] - pozisyon alınıyor timestamp: 2025-06-19 21:05:31
2025-06-19 21:05:31,317 - SUAS - DEBUG - [SUAS_main.wait:274] - pozisyon alındı: timestamp: 2025-06-19 21:05:31
2025-06-19 21:05:31,322 - SUAS - DEBUG - [SUAS_main.wait:272] - pozisyon alınıyor timestamp: 2025-06-19 21:05:31
2025-06-19 21:05:31,322 - SUAS - DEBUG - [SUAS_main.wait:274] - pozisyon alındı: timestamp: 2025-06-19 21:05:31
2025-06-19 21:05:31,328 - SUAS - DEBUG - [SUAS_main.wait:272] - pozisyon alınıyor timestamp: 2025-06-19 21:05:31
2025-06-19 21:05:31,328 - SUAS - DEBUG - [SUAS_main.wait:274] - pozisyon alındı: timestamp: 2025-06-19 21:05:31
2025-06-19 21:05:31,333 - SUAS - DEBUG - [SUAS_main.wait:272] - pozisyon alınıyor timestamp: 2025-06-19 21:05:31
2025-06-19 21:05:31,334 - SUAS - DEBUG - [SUAS_main.wait:274] - pozisyon alındı: timestamp: 2025-06-19 21:05:31
2025-06-19 21:05:31,339 - SUAS - DEBUG - [SUAS_main.wait:272] - pozisyon alınıyor timestamp: 2025-06-19 21:05:31
2025-06-19 21:05:31,340 - SUAS - DEBUG - [SUAS_main.wait:274] - pozisyon alındı: timestamp: 2025-06-19 21:05:31
2025-06-19 21:05:31,345 - SUAS - DEBUG - [SUAS_main.wait:272] - pozisyon alınıyor timestamp: 2025-06-19 21:05:31
2025-06-19 21:05:31,347 - SUAS - DEBUG - [SUAS_main.wait:274] - pozisyon alındı: timestamp: 2025-06-19 21:05:31
2025-06-19 21:05:31,351 - SUAS - DEBUG - [SUAS_main.wait:272] - pozisyon alınıyor timestamp: 2025-06-19 21:05:31
2025-06-19 21:05:31,353 - SUAS - DEBUG - [SUAS_main.wait:274] - pozisyon alındı: timestamp: 2025-06-19 21:05:31
2025-06-19 21:05:31,358 - SUAS - DEBUG - [SUAS_main.wait:272] - pozisyon alınıyor timestamp: 2025-06-19 21:05:31
2025-06-19 21:05:31,358 - SUAS - DEBUG - [SUAS_main.wait:274] - pozisyon alındı: timestamp: 2025-06-19 21:05:31
2025-06-19 21:05:31,364 - SUAS - DEBUG - [SUAS_main.wait:272] - pozisyon alınıyor timestamp: 2025-06-19 21:05:31
2025-06-19 21:05:31,364 - SUAS - DEBUG - [SUAS_main.wait:274] - pozisyon alındı: timestamp: 2025-06-19 21:05:31
2025-06-19 21:05:31,370 - SUAS - DEBUG - [SUAS_main.wait:272] - pozisyon alınıyor timestamp: 2025-06-19 21:05:31
2025-06-19 21:05:31,371 - SUAS - DEBUG - [SUAS_main.wait:274] - pozisyon alındı: timestamp: 2025-06-19 21:05:31
2025-06-19 21:05:31,376 - SUAS - DEBUG - [SUAS_main.wait:272] - pozisyon alınıyor timestamp: 2025-06-19 21:05:31
2025-06-19 21:05:31,377 - SUAS - DEBUG - [SUAS_main.wait:274] - pozisyon alındı: timestamp: 2025-06-19 21:05:31
2025-06-19 21:05:31,382 - SUAS - DEBUG - [SUAS_main.wait:272] - pozisyon alınıyor timestamp: 2025-06-19 21:05:31
2025-06-19 21:05:31,383 - SUAS - DEBUG - [SUAS_main.wait:274] - pozisyon alındı: timestamp: 2025-06-19 21:05:31
2025-06-19 21:05:31,388 - SUAS - DEBUG - [SUAS_main.wait:272] - pozisyon alınıyor timestamp: 2025-06-19 21:05:31
2025-06-19 21:05:31,389 - SUAS - DEBUG - [SUAS_main.wait:274] - pozisyon alındı: timestamp: 2025-06-19 21:05:31
2025-06-19 21:05:31,395 - SUAS - DEBUG - [SUAS_main.wait:272] - pozisyon alınıyor timestamp: 2025-06-19 21:05:31
2025-06-19 21:05:31,396 - SUAS - DEBUG - [SUAS_main.wait:274] - pozisyon alındı: timestamp: 2025-06-19 21:05:31
2025-06-19 21:05:31,401 - SUAS - DEBUG - [SUAS_main.wait:272] - pozisyon alınıyor timestamp: 2025-06-19 21:05:31
2025-06-19 21:05:31,402 - SUAS - DEBUG - [SUAS_main.wait:274] - pozisyon alındı: timestamp: 2025-06-19 21:05:31
2025-06-19 21:05:31,407 - SUAS - DEBUG - [SUAS_main.wait:272] - pozisyon alınıyor timestamp: 2025-06-19 21:05:31
2025-06-19 21:05:31,408 - SUAS - DEBUG - [SUAS_main.wait:274] - pozisyon alındı: timestamp: 2025-06-19 21:05:31
2025-06-19 21:05:31,413 - SUAS - DEBUG - [SUAS_main.wait:272] - pozisyon alınıyor timestamp: 2025-06-19 21:05:31
2025-06-19 21:05:31,414 - SUAS - DEBUG - [SUAS_main.wait:274] - pozisyon alındı: timestamp: 2025-06-19 21:05:31
2025-06-19 21:05:31,419 - SUAS - DEBUG - [SUAS_main.wait:272] - pozisyon alınıyor timestamp: 2025-06-19 21:05:31
2025-06-19 21:05:31,420 - SUAS - DEBUG - [SUAS_main.wait:274] - pozisyon alındı: timestamp: 2025-06-19 21:05:31
2025-06-19 21:05:31,426 - SUAS - DEBUG - [SUAS_main.wait:272] - pozisyon alınıyor timestamp: 2025-06-19 21:05:31
2025-06-19 21:05:31,427 - SUAS - DEBUG - [SUAS_main.wait:274] - pozisyon alındı: timestamp: 2025-06-19 21:05:31
2025-06-19 21:05:31,432 - SUAS - DEBUG - [SUAS_main.wait:272] - pozisyon alınıyor timestamp: 2025-06-19 21:05:31
2025-06-19 21:05:31,433 - SUAS - DEBUG - [SUAS_main.wait:274] - pozisyon alındı: timestamp: 2025-06-19 21:05:31
2025-06-19 21:05:31,438 - SUAS - DEBUG - [SUAS_main.wait:272] - pozisyon alınıyor timestamp: 2025-06-19 21:05:31
2025-06-19 21:05:31,439 - SUAS - DEBUG - [SUAS_main.wait:274] - pozisyon alındı: timestamp: 2025-06-19 21:05:31
2025-06-19 21:05:31,444 - SUAS - DEBUG - [SUAS_main.wait:272] - pozisyon alınıyor timestamp: 2025-06-19 21:05:31
2025-06-19 21:05:31,446 - SUAS - DEBUG - [SUAS_main.wait:274] - pozisyon alındı: timestamp: 2025-06-19 21:05:31
2025-06-19 21:05:31,451 - SUAS - DEBUG - [SUAS_main.wait:272] - pozisyon alınıyor timestamp: 2025-06-19 21:05:31
2025-06-19 21:05:31,451 - SUAS - DEBUG - [SUAS_main.wait:274] - pozisyon alındı: timestamp: 2025-06-19 21:05:31
2025-06-19 21:05:31,456 - SUAS - DEBUG - [SUAS_main.wait:272] - pozisyon alınıyor timestamp: 2025-06-19 21:05:31
2025-06-19 21:05:31,458 - SUAS - DEBUG - [SUAS_main.wait:274] - pozisyon alındı: timestamp: 2025-06-19 21:05:31
2025-06-19 21:05:31,463 - SUAS - DEBUG - [SUAS_main.wait:272] - pozisyon alınıyor timestamp: 2025-06-19 21:05:31
2025-06-19 21:05:31,464 - SUAS - DEBUG - [SUAS_main.wait:274] - pozisyon alındı: timestamp: 2025-06-19 21:05:31
2025-06-19 21:05:31,469 - SUAS - DEBUG - [SUAS_main.wait:272] - pozisyon alınıyor timestamp: 2025-06-19 21:05:31
2025-06-19 21:05:31,470 - SUAS - DEBUG - [SUAS_main.wait:274] - pozisyon alındı: timestamp: 2025-06-19 21:05:31
2025-06-19 21:05:31,475 - SUAS - DEBUG - [SUAS_main.wait:272] - pozisyon alınıyor timestamp: 2025-06-19 21:05:31
2025-06-19 21:05:31,476 - SUAS - DEBUG - [SUAS_main.wait:274] - pozisyon alındı: timestamp: 2025-06-19 21:05:31
2025-06-19 21:05:31,482 - SUAS - DEBUG - [SUAS_main.wait:272] - pozisyon alınıyor timestamp: 2025-06-19 21:05:31
2025-06-19 21:05:31,483 - SUAS - DEBUG - [SUAS_main.wait:274] - pozisyon alındı: timestamp: 2025-06-19 21:05:31
2025-06-19 21:05:31,488 - SUAS - DEBUG - [SUAS_main.wait:272] - pozisyon alınıyor timestamp: 2025-06-19 21:05:31
2025-06-19 21:05:31,489 - SUAS - DEBUG - [SUAS_main.wait:274] - pozisyon alındı: timestamp: 2025-06-19 21:05:31
2025-06-19 21:05:31,494 - SUAS - DEBUG - [SUAS_main.wait:272] - pozisyon alınıyor timestamp: 2025-06-19 21:05:31
2025-06-19 21:05:31,495 - SUAS - DEBUG - [SUAS_main.wait:274] - pozisyon alındı: timestamp: 2025-06-19 21:05:31
2025-06-19 21:05:31,500 - SUAS - DEBUG - [SUAS_main.wait:272] - pozisyon alınıyor timestamp: 2025-06-19 21:05:31
2025-06-19 21:05:31,501 - SUAS - DEBUG - [SUAS_main.wait:274] - pozisyon alındı: timestamp: 2025-06-19 21:05:31
2025-06-19 21:05:31,506 - SUAS - DEBUG - [SUAS_main.wait:272] - pozisyon alınıyor timestamp: 2025-06-19 21:05:31
2025-06-19 21:05:31,507 - SUAS - DEBUG - [SUAS_main.wait:274] - pozisyon alındı: timestamp: 2025-06-19 21:05:31
2025-06-19 21:05:31,514 - SUAS - DEBUG - [SUAS_main.wait:272] - pozisyon alınıyor timestamp: 2025-06-19 21:05:31
2025-06-19 21:05:31,515 - SUAS - DEBUG - [SUAS_main.wait:274] - pozisyon alındı: timestamp: 2025-06-19 21:05:31
2025-06-19 21:05:31,520 - SUAS - DEBUG - [SUAS_main.wait:272] - pozisyon alınıyor timestamp: 2025-06-19 21:05:31
2025-06-19 21:05:31,522 - SUAS - DEBUG - [SUAS_main.wait:274] - pozisyon alındı: timestamp: 2025-06-19 21:05:31
2025-06-19 21:05:31,527 - SUAS - DEBUG - [SUAS_main.wait:272] - pozisyon alınıyor timestamp: 2025-06-19 21:05:31
2025-06-19 21:05:31,528 - SUAS - DEBUG - [SUAS_main.wait:274] - pozisyon alındı: timestamp: 2025-06-19 21:05:31
2025-06-19 21:05:31,534 - SUAS - DEBUG - [SUAS_main.wait:272] - pozisyon alınıyor timestamp: 2025-06-19 21:05:31
2025-06-19 21:05:31,535 - SUAS - DEBUG - [SUAS_main.wait:274] - pozisyon alındı: timestamp: 2025-06-19 21:05:31
2025-06-19 21:05:31,541 - SUAS - DEBUG - [SUAS_main.wait:272] - pozisyon alınıyor timestamp: 2025-06-19 21:05:31
2025-06-19 21:05:31,542 - SUAS - DEBUG - [SUAS_main.wait:274] - pozisyon alındı: timestamp: 2025-06-19 21:05:31
2025-06-19 21:05:31,547 - SUAS - DEBUG - [SUAS_main.wait:272] - pozisyon alınıyor timestamp: 2025-06-19 21:05:31
2025-06-19 21:05:31,548 - SUAS - DEBUG - [SUAS_main.wait:274] - pozisyon alındı: timestamp: 2025-06-19 21:05:31
2025-06-19 21:05:31,554 - SUAS - DEBUG - [SUAS_main.wait:272] - pozisyon alınıyor timestamp: 2025-06-19 21:05:31
2025-06-19 21:05:31,555 - SUAS - DEBUG - [SUAS_main.wait:274] - pozisyon alındı: timestamp: 2025-06-19 21:05:31
2025-06-19 21:05:31,560 - SUAS - DEBUG - [SUAS_main.wait:272] - pozisyon alınıyor timestamp: 2025-06-19 21:05:31
2025-06-19 21:05:31,561 - SUAS - DEBUG - [SUAS_main.wait:274] - pozisyon alındı: timestamp: 2025-06-19 21:05:31
2025-06-19 21:05:31,566 - SUAS - DEBUG - [SUAS_main.wait:272] - pozisyon alınıyor timestamp: 2025-06-19 21:05:31
2025-06-19 21:05:31,567 - SUAS - DEBUG - [SUAS_main.wait:274] - pozisyon alındı: timestamp: 2025-06-19 21:05:31
2025-06-19 21:05:31,572 - SUAS - DEBUG - [SUAS_main.wait:272] - pozisyon alınıyor timestamp: 2025-06-19 21:05:31
2025-06-19 21:05:31,573 - SUAS - DEBUG - [SUAS_main.wait:274] - pozisyon alındı: timestamp: 2025-06-19 21:05:31
2025-06-19 21:05:31,578 - SUAS - DEBUG - [SUAS_main.wait:272] - pozisyon alınıyor timestamp: 2025-06-19 21:05:31
2025-06-19 21:05:31,579 - SUAS - DEBUG - [SUAS_main.wait:274] - pozisyon alındı: timestamp: 2025-06-19 21:05:31
2025-06-19 21:05:31,584 - SUAS - DEBUG - [SUAS_main.wait:272] - pozisyon alınıyor timestamp: 2025-06-19 21:05:31
2025-06-19 21:05:31,586 - SUAS - DEBUG - [SUAS_main.wait:274] - pozisyon alındı: timestamp: 2025-06-19 21:05:31
2025-06-19 21:05:31,591 - SUAS - DEBUG - [SUAS_main.wait:272] - pozisyon alınıyor timestamp: 2025-06-19 21:05:31
2025-06-19 21:05:31,593 - SUAS - DEBUG - [SUAS_main.wait:274] - pozisyon alındı: timestamp: 2025-06-19 21:05:31
2025-06-19 21:05:31,598 - SUAS - DEBUG - [SUAS_main.wait:272] - pozisyon alınıyor timestamp: 2025-06-19 21:05:31
2025-06-19 21:05:31,599 - SUAS - DEBUG - [SUAS_main.wait:274] - pozisyon alındı: timestamp: 2025-06-19 21:05:31
2025-06-19 21:05:31,604 - SUAS - DEBUG - [SUAS_main.wait:272] - pozisyon alınıyor timestamp: 2025-06-19 21:05:31
2025-06-19 21:05:31,605 - SUAS - DEBUG - [SUAS_main.wait:274] - pozisyon alındı: timestamp: 2025-06-19 21:05:31
2025-06-19 21:05:31,610 - SUAS - DEBUG - [SUAS_main.wait:272] - pozisyon alınıyor timestamp: 2025-06-19 21:05:31
2025-06-19 21:05:31,612 - SUAS - DEBUG - [SUAS_main.wait:274] - pozisyon alındı: timestamp: 2025-06-19 21:05:31
2025-06-19 21:05:31,617 - SUAS - DEBUG - [SUAS_main.wait:272] - pozisyon alınıyor timestamp: 2025-06-19 21:05:31
2025-06-19 21:05:31,618 - SUAS - DEBUG - [SUAS_main.wait:274] - pozisyon alındı: timestamp: 2025-06-19 21:05:31
2025-06-19 21:05:31,623 - SUAS - DEBUG - [SUAS_main.wait:272] - pozisyon alınıyor timestamp: 2025-06-19 21:05:31
2025-06-19 21:05:31,624 - SUAS - DEBUG - [SUAS_main.wait:274] - pozisyon alındı: timestamp: 2025-06-19 21:05:31
2025-06-19 21:05:31,629 - SUAS - DEBUG - [SUAS_main.wait:272] - pozisyon alınıyor timestamp: 2025-06-19 21:05:31
2025-06-19 21:05:31,630 - SUAS - DEBUG - [SUAS_main.wait:274] - pozisyon alındı: timestamp: 2025-06-19 21:05:31
2025-06-19 21:05:31,636 - SUAS - DEBUG - [SUAS_main.wait:272] - pozisyon alınıyor timestamp: 2025-06-19 21:05:31
2025-06-19 21:05:31,637 - SUAS - DEBUG - [SUAS_main.wait:274] - pozisyon alındı: timestamp: 2025-06-19 21:05:31
2025-06-19 21:05:31,642 - SUAS - DEBUG - [SUAS_main.wait:272] - pozisyon alınıyor timestamp: 2025-06-19 21:05:31
2025-06-19 21:05:31,644 - SUAS - DEBUG - [SUAS_main.wait:274] - pozisyon alındı: timestamp: 2025-06-19 21:05:31
2025-06-19 21:05:31,649 - SUAS - DEBUG - [SUAS_main.wait:272] - pozisyon alınıyor timestamp: 2025-06-19 21:05:31
2025-06-19 21:05:31,650 - SUAS - DEBUG - [SUAS_main.wait:274] - pozisyon alındı: timestamp: 2025-06-19 21:05:31
2025-06-19 21:05:31,655 - SUAS - DEBUG - [SUAS_main.wait:272] - pozisyon alınıyor timestamp: 2025-06-19 21:05:31
2025-06-19 21:05:31,656 - SUAS - DEBUG - [SUAS_main.wait:274] - pozisyon alındı: timestamp: 2025-06-19 21:05:31
2025-06-19 21:05:31,662 - SUAS - DEBUG - [SUAS_main.wait:272] - pozisyon alınıyor timestamp: 2025-06-19 21:05:31
2025-06-19 21:05:31,663 - SUAS - DEBUG - [SUAS_main.wait:274] - pozisyon alındı: timestamp: 2025-06-19 21:05:31
2025-06-19 21:05:31,668 - SUAS - DEBUG - [SUAS_main.wait:272] - pozisyon alınıyor timestamp: 2025-06-19 21:05:31
2025-06-19 21:05:31,669 - SUAS - DEBUG - [SUAS_main.wait:274] - pozisyon alındı: timestamp: 2025-06-19 21:05:31
2025-06-19 21:05:31,675 - SUAS - DEBUG - [SUAS_main.wait:272] - pozisyon alınıyor timestamp: 2025-06-19 21:05:31
2025-06-19 21:05:31,676 - SUAS - DEBUG - [SUAS_main.wait:274] - pozisyon alındı: timestamp: 2025-06-19 21:05:31
2025-06-19 21:05:31,681 - SUAS - DEBUG - [SUAS_main.wait:272] - pozisyon alınıyor timestamp: 2025-06-19 21:05:31
2025-06-19 21:05:31,682 - SUAS - DEBUG - [SUAS_main.wait:274] - pozisyon alındı: timestamp: 2025-06-19 21:05:31
2025-06-19 21:05:31,687 - SUAS - DEBUG - [SUAS_main.wait:272] - pozisyon alınıyor timestamp: 2025-06-19 21:05:31
2025-06-19 21:05:31,688 - SUAS - DEBUG - [SUAS_main.wait:274] - pozisyon alındı: timestamp: 2025-06-19 21:05:31
2025-06-19 21:05:31,694 - SUAS - DEBUG - [SUAS_main.wait:272] - pozisyon alınıyor timestamp: 2025-06-19 21:05:31
2025-06-19 21:05:31,695 - SUAS - DEBUG - [SUAS_main.wait:274] - pozisyon alındı: timestamp: 2025-06-19 21:05:31
2025-06-19 21:05:31,700 - SUAS - DEBUG - [SUAS_main.wait:272] - pozisyon alınıyor timestamp: 2025-06-19 21:05:31
2025-06-19 21:05:31,701 - SUAS - DEBUG - [SUAS_main.wait:274] - pozisyon alındı: timestamp: 2025-06-19 21:05:31
2025-06-19 21:05:31,706 - SUAS - DEBUG - [SUAS_main.wait:272] - pozisyon alınıyor timestamp: 2025-06-19 21:05:31
2025-06-19 21:05:31,706 - SUAS - DEBUG - [SUAS_main.watcher:157] - Mode changed: GUIDED -> POSHOLD
2025-06-19 21:05:31,708 - SUAS - DEBUG - [SUAS_main.wait:274] - pozisyon alındı: timestamp: 2025-06-19 21:05:31
2025-06-19 21:05:31,708 - SUAS - DEBUG - [SUAS_main.pasue:130] - Pausing execution in mode: POSHOLD
