2025-06-23 19:20:32,101 - SUAS - DEBUG - [SUAS_main.__init__:204] - (None, None, None)
2025-06-23 19:20:32,101 - SUAS - DEBUG - [SUAS_main.__init__:210] - Opening camera with pipeline:
nvarguscamerasrc sensor-id=0 aelock=false awblock=True wbmode=6 exposurecompensation=-1.7 ! video/x-raw(memory:NVMM), width=(int)4032, height=(int)3040, framerate=(fraction)19/1 ! nvvidconv flip-method=0 ! video/x-raw, format=(string)BGRx ! videoconvert ! video/x-raw, format=(string)BGR ! appsink
2025-06-23 19:20:35,169 - SUAS - DEBUG - [SUAS_main.take_photo_opencv:424] - Saved photo to init_test_photo/image_1.jpg
2025-06-23 19:20:36,174 - SUAS - DEBUG - [SUAS_main.__init__:102] - Initial flight mode: STABILIZE
2025-06-23 19:20:36,971 - SUAS - DEBUG - [SUAS_main.main:700] - Download Waypoints - Completed
2025-06-23 19:20:36,975 - SUAS - DEBUG - [SUAS_main.main:703] - WP SET TO 2
2025-06-23 19:20:37,174 - SUAS - DEBUG - [SUAS_main._rc_listener_thread:314] - WPNAV_SPEED changed: None → 600
2025-06-23 19:20:37,980 - SUAS - DEBUG - [SUAS_main.main:715] - ------------------------------5---------------------------
2025-06-23 19:20:37,981 - SUAS - DEBUG - [SUAS_main.main:724] - ------------------------------------------------------------------------
2025-06-23 19:20:37,982 - SUAS - DEBUG - [SUAS_main.main:725] - No DOJUMP
2025-06-23 19:20:37,983 - SUAS - DEBUG - [SUAS_main.main:726] - ------------------------------------------------------------------------
2025-06-23 19:20:38,186 - SUAS - DEBUG - [SUAS_main.main:735] - Download Changed Waypoints - Completed
2025-06-23 19:20:38,187 - SUAS - DEBUG - [SUAS_main.main:742] - ------------------------------6 - updated---------------------------
2025-06-23 19:20:38,188 - SUAS - DEBUG - [SUAS_main.main:749] - Waiting for mode change to: AUTO
2025-06-23 19:20:38,690 - SUAS - DEBUG - [SUAS_main.main:749] - Waiting for mode change to: AUTO
2025-06-23 19:20:39,191 - SUAS - DEBUG - [SUAS_main.main:749] - Waiting for mode change to: AUTO
2025-06-23 19:20:39,693 - SUAS - DEBUG - [SUAS_main.main:749] - Waiting for mode change to: AUTO
2025-06-23 19:20:40,194 - SUAS - DEBUG - [SUAS_main.main:749] - Waiting for mode change to: AUTO
2025-06-23 19:20:40,695 - SUAS - DEBUG - [SUAS_main.main:749] - Waiting for mode change to: AUTO
2025-06-23 19:20:41,197 - SUAS - DEBUG - [SUAS_main.main:749] - Waiting for mode change to: AUTO
2025-06-23 19:20:41,698 - SUAS - DEBUG - [SUAS_main.main:749] - Waiting for mode change to: AUTO
2025-06-23 19:20:42,200 - SUAS - DEBUG - [SUAS_main.main:749] - Waiting for mode change to: AUTO
2025-06-23 19:20:42,702 - SUAS - DEBUG - [SUAS_main.main:749] - Waiting for mode change to: AUTO
2025-06-23 19:20:43,203 - SUAS - DEBUG - [SUAS_main.main:749] - Waiting for mode change to: AUTO
2025-06-23 19:20:43,705 - SUAS - DEBUG - [SUAS_main.main:749] - Waiting for mode change to: AUTO
2025-06-23 19:20:44,207 - SUAS - DEBUG - [SUAS_main.main:749] - Waiting for mode change to: AUTO
2025-06-23 19:20:44,708 - SUAS - DEBUG - [SUAS_main.main:749] - Waiting for mode change to: AUTO
2025-06-23 19:20:45,210 - SUAS - DEBUG - [SUAS_main.main:749] - Waiting for mode change to: AUTO
2025-06-23 19:20:45,711 - SUAS - DEBUG - [SUAS_main.main:749] - Waiting for mode change to: AUTO
2025-06-23 19:20:46,213 - SUAS - DEBUG - [SUAS_main.main:749] - Waiting for mode change to: AUTO
2025-06-23 19:20:46,714 - SUAS - DEBUG - [SUAS_main.main:749] - Waiting for mode change to: AUTO
2025-06-23 19:20:47,215 - SUAS - DEBUG - [SUAS_main.main:749] - Waiting for mode change to: AUTO
2025-06-23 19:20:47,717 - SUAS - DEBUG - [SUAS_main.main:749] - Waiting for mode change to: AUTO
2025-06-23 19:20:48,218 - SUAS - DEBUG - [SUAS_main.main:749] - Waiting for mode change to: AUTO
2025-06-23 19:20:48,720 - SUAS - DEBUG - [SUAS_main.main:749] - Waiting for mode change to: AUTO
2025-06-23 19:20:49,222 - SUAS - DEBUG - [SUAS_main.main:749] - Waiting for mode change to: AUTO
2025-06-23 19:20:49,723 - SUAS - DEBUG - [SUAS_main.main:749] - Waiting for mode change to: AUTO
2025-06-23 19:20:50,225 - SUAS - DEBUG - [SUAS_main.main:749] - Waiting for mode change to: AUTO
2025-06-23 19:20:50,726 - SUAS - DEBUG - [SUAS_main.main:749] - Waiting for mode change to: AUTO
2025-06-23 19:20:51,228 - SUAS - DEBUG - [SUAS_main.main:749] - Waiting for mode change to: AUTO
2025-06-23 19:20:51,730 - SUAS - DEBUG - [SUAS_main.main:749] - Waiting for mode change to: AUTO
2025-06-23 19:20:52,231 - SUAS - DEBUG - [SUAS_main.main:749] - Waiting for mode change to: AUTO
2025-06-23 19:20:52,733 - SUAS - DEBUG - [SUAS_main.main:749] - Waiting for mode change to: AUTO
2025-06-23 19:20:53,234 - SUAS - DEBUG - [SUAS_main.main:749] - Waiting for mode change to: AUTO
2025-06-23 19:20:53,735 - SUAS - DEBUG - [SUAS_main.main:749] - Waiting for mode change to: AUTO
2025-06-23 19:20:54,237 - SUAS - DEBUG - [SUAS_main.main:749] - Waiting for mode change to: AUTO
2025-06-23 19:20:54,738 - SUAS - DEBUG - [SUAS_main.main:749] - Waiting for mode change to: AUTO
2025-06-23 19:20:55,239 - SUAS - DEBUG - [SUAS_main.main:749] - Waiting for mode change to: AUTO
2025-06-23 19:20:55,741 - SUAS - DEBUG - [SUAS_main.main:749] - Waiting for mode change to: AUTO
2025-06-23 19:20:56,242 - SUAS - DEBUG - [SUAS_main.main:749] - Waiting for mode change to: AUTO
2025-06-23 19:20:56,743 - SUAS - DEBUG - [SUAS_main.main:749] - Waiting for mode change to: AUTO
2025-06-23 19:20:57,245 - SUAS - DEBUG - [SUAS_main.main:749] - Waiting for mode change to: AUTO
2025-06-23 19:20:57,746 - SUAS - DEBUG - [SUAS_main.main:749] - Waiting for mode change to: AUTO
2025-06-23 19:20:58,248 - SUAS - DEBUG - [SUAS_main.main:749] - Waiting for mode change to: AUTO
2025-06-23 19:20:58,749 - SUAS - DEBUG - [SUAS_main.main:749] - Waiting for mode change to: AUTO
2025-06-23 19:20:59,251 - SUAS - DEBUG - [SUAS_main.main:749] - Waiting for mode change to: AUTO
2025-06-23 19:20:59,753 - SUAS - DEBUG - [SUAS_main.main:749] - Waiting for mode change to: AUTO
2025-06-23 19:21:00,254 - SUAS - DEBUG - [SUAS_main.main:749] - Waiting for mode change to: AUTO
2025-06-23 19:21:00,756 - SUAS - DEBUG - [SUAS_main.main:749] - Waiting for mode change to: AUTO
2025-06-23 19:21:01,258 - SUAS - DEBUG - [SUAS_main.main:749] - Waiting for mode change to: AUTO
2025-06-23 19:21:01,759 - SUAS - DEBUG - [SUAS_main.main:749] - Waiting for mode change to: AUTO
2025-06-23 19:21:02,261 - SUAS - DEBUG - [SUAS_main.main:749] - Waiting for mode change to: AUTO
2025-06-23 19:21:02,762 - SUAS - DEBUG - [SUAS_main.main:749] - Waiting for mode change to: AUTO
2025-06-23 19:21:03,264 - SUAS - DEBUG - [SUAS_main.main:749] - Waiting for mode change to: AUTO
2025-06-23 19:21:03,765 - SUAS - DEBUG - [SUAS_main.main:749] - Waiting for mode change to: AUTO
2025-06-23 19:21:04,267 - SUAS - DEBUG - [SUAS_main.main:749] - Waiting for mode change to: AUTO
2025-06-23 19:21:04,768 - SUAS - DEBUG - [SUAS_main.main:749] - Waiting for mode change to: AUTO
2025-06-23 19:21:05,270 - SUAS - DEBUG - [SUAS_main.main:749] - Waiting for mode change to: AUTO
2025-06-23 19:21:05,772 - SUAS - DEBUG - [SUAS_main.main:749] - Waiting for mode change to: AUTO
2025-06-23 19:21:06,273 - SUAS - DEBUG - [SUAS_main.main:749] - Waiting for mode change to: AUTO
2025-06-23 19:21:06,775 - SUAS - DEBUG - [SUAS_main.main:749] - Waiting for mode change to: AUTO
2025-06-23 19:21:07,276 - SUAS - DEBUG - [SUAS_main.main:749] - Waiting for mode change to: AUTO
2025-06-23 19:21:07,778 - SUAS - DEBUG - [SUAS_main.main:749] - Waiting for mode change to: AUTO
2025-06-23 19:21:08,279 - SUAS - DEBUG - [SUAS_main.main:749] - Waiting for mode change to: AUTO
2025-06-23 19:21:08,781 - SUAS - DEBUG - [SUAS_main.main:749] - Waiting for mode change to: AUTO
2025-06-23 19:21:09,282 - SUAS - DEBUG - [SUAS_main.main:749] - Waiting for mode change to: AUTO
2025-06-23 19:21:09,783 - SUAS - DEBUG - [SUAS_main.main:749] - Waiting for mode change to: AUTO
2025-06-23 19:21:10,285 - SUAS - DEBUG - [SUAS_main.main:749] - Waiting for mode change to: AUTO
2025-06-23 19:21:10,786 - SUAS - DEBUG - [SUAS_main.main:749] - Waiting for mode change to: AUTO
2025-06-23 19:21:11,288 - SUAS - DEBUG - [SUAS_main.main:749] - Waiting for mode change to: AUTO
2025-06-23 19:21:11,789 - SUAS - DEBUG - [SUAS_main.main:749] - Waiting for mode change to: AUTO
2025-06-23 19:21:12,292 - SUAS - DEBUG - [SUAS_main.main:749] - Waiting for mode change to: AUTO
2025-06-23 19:21:12,793 - SUAS - DEBUG - [SUAS_main.main:749] - Waiting for mode change to: AUTO
2025-06-23 19:21:13,295 - SUAS - DEBUG - [SUAS_main.main:749] - Waiting for mode change to: AUTO
2025-06-23 19:21:13,796 - SUAS - DEBUG - [SUAS_main.main:749] - Waiting for mode change to: AUTO
2025-06-23 19:21:14,298 - SUAS - DEBUG - [SUAS_main.main:749] - Waiting for mode change to: AUTO
2025-06-23 19:21:14,799 - SUAS - DEBUG - [SUAS_main.main:749] - Waiting for mode change to: AUTO
2025-06-23 19:21:15,301 - SUAS - DEBUG - [SUAS_main.main:749] - Waiting for mode change to: AUTO
2025-06-23 19:21:15,802 - SUAS - DEBUG - [SUAS_main.main:749] - Waiting for mode change to: AUTO
2025-06-23 19:21:16,303 - SUAS - DEBUG - [SUAS_main.main:749] - Waiting for mode change to: AUTO
2025-06-23 19:21:16,805 - SUAS - DEBUG - [SUAS_main.main:749] - Waiting for mode change to: AUTO
2025-06-23 19:21:17,306 - SUAS - DEBUG - [SUAS_main.main:749] - Waiting for mode change to: AUTO
2025-06-23 19:21:17,808 - SUAS - DEBUG - [SUAS_main.main:749] - Waiting for mode change to: AUTO
2025-06-23 19:21:18,309 - SUAS - DEBUG - [SUAS_main.main:749] - Waiting for mode change to: AUTO
2025-06-23 19:21:18,811 - SUAS - DEBUG - [SUAS_main.main:749] - Waiting for mode change to: AUTO
2025-06-23 19:21:19,312 - SUAS - DEBUG - [SUAS_main.main:749] - Waiting for mode change to: AUTO
2025-06-23 19:21:19,814 - SUAS - DEBUG - [SUAS_main.main:749] - Waiting for mode change to: AUTO
2025-06-23 19:21:20,315 - SUAS - DEBUG - [SUAS_main.main:749] - Waiting for mode change to: AUTO
2025-06-23 19:21:20,816 - SUAS - DEBUG - [SUAS_main.main:749] - Waiting for mode change to: AUTO
2025-06-23 19:21:21,318 - SUAS - DEBUG - [SUAS_main.main:749] - Waiting for mode change to: AUTO
2025-06-23 19:21:21,819 - SUAS - DEBUG - [SUAS_main.main:749] - Waiting for mode change to: AUTO
2025-06-23 19:21:22,321 - SUAS - DEBUG - [SUAS_main.main:749] - Waiting for mode change to: AUTO
2025-06-23 19:21:22,822 - SUAS - DEBUG - [SUAS_main.main:749] - Waiting for mode change to: AUTO
2025-06-23 19:21:23,323 - SUAS - DEBUG - [SUAS_main.main:749] - Waiting for mode change to: AUTO
2025-06-23 19:21:23,825 - SUAS - DEBUG - [SUAS_main.main:749] - Waiting for mode change to: AUTO
2025-06-23 19:21:24,326 - SUAS - DEBUG - [SUAS_main.main:749] - Waiting for mode change to: AUTO
2025-06-23 19:21:24,827 - SUAS - DEBUG - [SUAS_main.main:749] - Waiting for mode change to: AUTO
2025-06-23 19:21:25,329 - SUAS - DEBUG - [SUAS_main.main:749] - Waiting for mode change to: AUTO
2025-06-23 19:21:25,830 - SUAS - DEBUG - [SUAS_main.main:749] - Waiting for mode change to: AUTO
2025-06-23 19:21:26,332 - SUAS - DEBUG - [SUAS_main.main:749] - Waiting for mode change to: AUTO
2025-06-23 19:21:26,833 - SUAS - DEBUG - [SUAS_main.main:749] - Waiting for mode change to: AUTO
2025-06-23 19:21:27,335 - SUAS - DEBUG - [SUAS_main.main:749] - Waiting for mode change to: AUTO
2025-06-23 19:21:27,837 - SUAS - DEBUG - [SUAS_main.main:749] - Waiting for mode change to: AUTO
2025-06-23 19:21:28,338 - SUAS - DEBUG - [SUAS_main.main:749] - Waiting for mode change to: AUTO
2025-06-23 19:21:28,840 - SUAS - DEBUG - [SUAS_main.main:749] - Waiting for mode change to: AUTO
2025-06-23 19:21:29,342 - SUAS - DEBUG - [SUAS_main.main:749] - Waiting for mode change to: AUTO
2025-06-23 19:21:29,843 - SUAS - DEBUG - [SUAS_main.main:749] - Waiting for mode change to: AUTO
2025-06-23 19:21:30,345 - SUAS - DEBUG - [SUAS_main.main:749] - Waiting for mode change to: AUTO
2025-06-23 19:21:30,846 - SUAS - DEBUG - [SUAS_main.main:749] - Waiting for mode change to: AUTO
2025-06-23 19:21:31,348 - SUAS - DEBUG - [SUAS_main.main:749] - Waiting for mode change to: AUTO
2025-06-23 19:21:31,849 - SUAS - DEBUG - [SUAS_main.main:749] - Waiting for mode change to: AUTO
2025-06-23 19:21:32,351 - SUAS - DEBUG - [SUAS_main.main:749] - Waiting for mode change to: AUTO
2025-06-23 19:21:32,852 - SUAS - DEBUG - [SUAS_main.main:749] - Waiting for mode change to: AUTO
2025-06-23 19:21:33,354 - SUAS - DEBUG - [SUAS_main.main:749] - Waiting for mode change to: AUTO
2025-06-23 19:21:33,855 - SUAS - DEBUG - [SUAS_main.main:749] - Waiting for mode change to: AUTO
2025-06-23 19:21:34,357 - SUAS - DEBUG - [SUAS_main.main:749] - Waiting for mode change to: AUTO
2025-06-23 19:21:34,859 - SUAS - DEBUG - [SUAS_main.main:749] - Waiting for mode change to: AUTO
2025-06-23 19:21:35,361 - SUAS - DEBUG - [SUAS_main.main:749] - Waiting for mode change to: AUTO
2025-06-23 19:21:35,862 - SUAS - DEBUG - [SUAS_main.main:749] - Waiting for mode change to: AUTO
2025-06-23 19:21:36,363 - SUAS - DEBUG - [SUAS_main.main:749] - Waiting for mode change to: AUTO
2025-06-23 19:21:36,865 - SUAS - DEBUG - [SUAS_main.main:749] - Waiting for mode change to: AUTO
2025-06-23 19:21:37,366 - SUAS - DEBUG - [SUAS_main.main:749] - Waiting for mode change to: AUTO
2025-06-23 19:21:37,868 - SUAS - DEBUG - [SUAS_main.main:749] - Waiting for mode change to: AUTO
2025-06-23 19:21:38,369 - SUAS - DEBUG - [SUAS_main.main:749] - Waiting for mode change to: AUTO
2025-06-23 19:21:38,871 - SUAS - DEBUG - [SUAS_main.main:749] - Waiting for mode change to: AUTO
2025-06-23 19:21:39,374 - SUAS - DEBUG - [SUAS_main.main:749] - Waiting for mode change to: AUTO
2025-06-23 19:21:39,875 - SUAS - DEBUG - [SUAS_main.main:749] - Waiting for mode change to: AUTO
2025-06-23 19:21:40,377 - SUAS - DEBUG - [SUAS_main.main:749] - Waiting for mode change to: AUTO
2025-06-23 19:21:40,878 - SUAS - DEBUG - [SUAS_main.main:749] - Waiting for mode change to: AUTO
2025-06-23 19:21:41,380 - SUAS - DEBUG - [SUAS_main.main:749] - Waiting for mode change to: AUTO
2025-06-23 19:21:41,882 - SUAS - DEBUG - [SUAS_main.main:749] - Waiting for mode change to: AUTO
2025-06-23 19:21:42,383 - SUAS - DEBUG - [SUAS_main.main:749] - Waiting for mode change to: AUTO
2025-06-23 19:21:42,884 - SUAS - DEBUG - [SUAS_main.main:749] - Waiting for mode change to: AUTO
2025-06-23 19:21:43,386 - SUAS - DEBUG - [SUAS_main.main:749] - Waiting for mode change to: AUTO
2025-06-23 19:21:43,888 - SUAS - DEBUG - [SUAS_main.main:749] - Waiting for mode change to: AUTO
2025-06-23 19:21:44,389 - SUAS - DEBUG - [SUAS_main.main:749] - Waiting for mode change to: AUTO
2025-06-23 19:21:44,890 - SUAS - DEBUG - [SUAS_main.main:749] - Waiting for mode change to: AUTO
2025-06-23 19:21:45,392 - SUAS - DEBUG - [SUAS_main.main:749] - Waiting for mode change to: AUTO
2025-06-23 19:21:45,893 - SUAS - DEBUG - [SUAS_main.main:749] - Waiting for mode change to: AUTO
2025-06-23 19:21:46,395 - SUAS - DEBUG - [SUAS_main.main:749] - Waiting for mode change to: AUTO
2025-06-23 19:21:46,896 - SUAS - DEBUG - [SUAS_main.main:749] - Waiting for mode change to: AUTO
2025-06-23 19:21:47,398 - SUAS - DEBUG - [SUAS_main.main:749] - Waiting for mode change to: AUTO
2025-06-23 19:21:47,900 - SUAS - DEBUG - [SUAS_main.main:749] - Waiting for mode change to: AUTO
2025-06-23 19:21:48,401 - SUAS - DEBUG - [SUAS_main.main:749] - Waiting for mode change to: AUTO
2025-06-23 19:21:48,903 - SUAS - DEBUG - [SUAS_main.main:749] - Waiting for mode change to: AUTO
2025-06-23 19:21:49,404 - SUAS - DEBUG - [SUAS_main.main:749] - Waiting for mode change to: AUTO
2025-06-23 19:21:49,905 - SUAS - DEBUG - [SUAS_main.main:749] - Waiting for mode change to: AUTO
2025-06-23 19:21:50,407 - SUAS - DEBUG - [SUAS_main.main:749] - Waiting for mode change to: AUTO
2025-06-23 19:21:50,908 - SUAS - DEBUG - [SUAS_main.main:749] - Waiting for mode change to: AUTO
2025-06-23 19:21:51,410 - SUAS - DEBUG - [SUAS_main.main:749] - Waiting for mode change to: AUTO
2025-06-23 19:21:51,911 - SUAS - DEBUG - [SUAS_main.main:749] - Waiting for mode change to: AUTO
2025-06-23 19:21:52,413 - SUAS - DEBUG - [SUAS_main.main:749] - Waiting for mode change to: AUTO
2025-06-23 19:21:52,914 - SUAS - DEBUG - [SUAS_main.main:749] - Waiting for mode change to: AUTO
2025-06-23 19:21:53,416 - SUAS - DEBUG - [SUAS_main.main:749] - Waiting for mode change to: AUTO
2025-06-23 19:21:53,917 - SUAS - DEBUG - [SUAS_main.main:749] - Waiting for mode change to: AUTO
2025-06-23 19:21:54,419 - SUAS - DEBUG - [SUAS_main.main:749] - Waiting for mode change to: AUTO
2025-06-23 19:21:54,920 - SUAS - DEBUG - [SUAS_main.main:749] - Waiting for mode change to: AUTO
2025-06-23 19:21:55,422 - SUAS - DEBUG - [SUAS_main.main:749] - Waiting for mode change to: AUTO
2025-06-23 19:21:55,923 - SUAS - DEBUG - [SUAS_main.main:749] - Waiting for mode change to: AUTO
2025-06-23 19:21:56,425 - SUAS - DEBUG - [SUAS_main.main:749] - Waiting for mode change to: AUTO
2025-06-23 19:21:56,926 - SUAS - DEBUG - [SUAS_main.main:749] - Waiting for mode change to: AUTO
2025-06-23 19:21:57,428 - SUAS - DEBUG - [SUAS_main.main:749] - Waiting for mode change to: AUTO
2025-06-23 19:21:57,929 - SUAS - DEBUG - [SUAS_main.main:749] - Waiting for mode change to: AUTO
2025-06-23 19:21:58,431 - SUAS - DEBUG - [SUAS_main.main:749] - Waiting for mode change to: AUTO
2025-06-23 19:21:58,932 - SUAS - DEBUG - [SUAS_main.main:749] - Waiting for mode change to: AUTO
2025-06-23 19:21:59,434 - SUAS - DEBUG - [SUAS_main.main:749] - Waiting for mode change to: AUTO
2025-06-23 19:21:59,935 - SUAS - DEBUG - [SUAS_main.main:749] - Waiting for mode change to: AUTO
2025-06-23 19:22:00,436 - SUAS - DEBUG - [SUAS_main.main:749] - Waiting for mode change to: AUTO
2025-06-23 19:22:00,938 - SUAS - DEBUG - [SUAS_main.main:749] - Waiting for mode change to: AUTO
2025-06-23 19:22:01,439 - SUAS - DEBUG - [SUAS_main.main:749] - Waiting for mode change to: AUTO
2025-06-23 19:22:01,941 - SUAS - DEBUG - [SUAS_main.main:749] - Waiting for mode change to: AUTO
2025-06-23 19:22:02,442 - SUAS - DEBUG - [SUAS_main.main:749] - Waiting for mode change to: AUTO
2025-06-23 19:22:02,944 - SUAS - DEBUG - [SUAS_main.main:749] - Waiting for mode change to: AUTO
2025-06-23 19:22:03,445 - SUAS - DEBUG - [SUAS_main.main:749] - Waiting for mode change to: AUTO
2025-06-23 19:22:03,947 - SUAS - DEBUG - [SUAS_main.main:749] - Waiting for mode change to: AUTO
2025-06-23 19:22:04,448 - SUAS - DEBUG - [SUAS_main.main:749] - Waiting for mode change to: AUTO
2025-06-23 19:22:04,950 - SUAS - DEBUG - [SUAS_main.main:749] - Waiting for mode change to: AUTO
2025-06-23 19:22:05,451 - SUAS - DEBUG - [SUAS_main.main:749] - Waiting for mode change to: AUTO
2025-06-23 19:22:05,952 - SUAS - DEBUG - [SUAS_main.main:749] - Waiting for mode change to: AUTO
2025-06-23 19:22:06,454 - SUAS - DEBUG - [SUAS_main.main:749] - Waiting for mode change to: AUTO
2025-06-23 19:22:06,955 - SUAS - DEBUG - [SUAS_main.main:749] - Waiting for mode change to: AUTO
2025-06-23 19:22:07,457 - SUAS - DEBUG - [SUAS_main.main:749] - Waiting for mode change to: AUTO
2025-06-23 19:22:07,958 - SUAS - DEBUG - [SUAS_main.main:749] - Waiting for mode change to: AUTO
2025-06-23 19:22:08,460 - SUAS - DEBUG - [SUAS_main.main:749] - Waiting for mode change to: AUTO
2025-06-23 19:22:08,961 - SUAS - DEBUG - [SUAS_main.main:749] - Waiting for mode change to: AUTO
2025-06-23 19:22:09,463 - SUAS - DEBUG - [SUAS_main.main:749] - Waiting for mode change to: AUTO
2025-06-23 19:22:09,964 - SUAS - DEBUG - [SUAS_main.main:749] - Waiting for mode change to: AUTO
2025-06-23 19:22:10,466 - SUAS - DEBUG - [SUAS_main.main:749] - Waiting for mode change to: AUTO
2025-06-23 19:22:10,968 - SUAS - DEBUG - [SUAS_main.main:749] - Waiting for mode change to: AUTO
2025-06-23 19:22:11,470 - SUAS - DEBUG - [SUAS_main.main:749] - Waiting for mode change to: AUTO
2025-06-23 19:22:11,971 - SUAS - DEBUG - [SUAS_main.main:749] - Waiting for mode change to: AUTO
2025-06-23 19:22:12,473 - SUAS - DEBUG - [SUAS_main.main:749] - Waiting for mode change to: AUTO
2025-06-23 19:22:12,974 - SUAS - DEBUG - [SUAS_main.main:749] - Waiting for mode change to: AUTO
2025-06-23 19:22:13,476 - SUAS - DEBUG - [SUAS_main.main:749] - Waiting for mode change to: AUTO
2025-06-23 19:22:13,977 - SUAS - DEBUG - [SUAS_main.main:749] - Waiting for mode change to: AUTO
2025-06-23 19:22:14,479 - SUAS - DEBUG - [SUAS_main.main:749] - Waiting for mode change to: AUTO
2025-06-23 19:22:14,980 - SUAS - DEBUG - [SUAS_main.main:749] - Waiting for mode change to: AUTO
2025-06-23 19:22:15,482 - SUAS - DEBUG - [SUAS_main.main:749] - Waiting for mode change to: AUTO
2025-06-23 19:22:15,983 - SUAS - DEBUG - [SUAS_main.main:749] - Waiting for mode change to: AUTO
2025-06-23 19:22:16,485 - SUAS - DEBUG - [SUAS_main.main:749] - Waiting for mode change to: AUTO
2025-06-23 19:22:16,986 - SUAS - DEBUG - [SUAS_main.main:749] - Waiting for mode change to: AUTO
2025-06-23 19:22:17,488 - SUAS - DEBUG - [SUAS_main.main:749] - Waiting for mode change to: AUTO
2025-06-23 19:22:17,990 - SUAS - DEBUG - [SUAS_main.main:749] - Waiting for mode change to: AUTO
2025-06-23 19:22:18,491 - SUAS - DEBUG - [SUAS_main.main:749] - Waiting for mode change to: AUTO
2025-06-23 19:22:18,993 - SUAS - DEBUG - [SUAS_main.main:749] - Waiting for mode change to: AUTO
2025-06-23 19:22:19,494 - SUAS - DEBUG - [SUAS_main.main:749] - Waiting for mode change to: AUTO
2025-06-23 19:22:19,995 - SUAS - DEBUG - [SUAS_main.main:749] - Waiting for mode change to: AUTO
2025-06-23 19:22:20,497 - SUAS - DEBUG - [SUAS_main.main:749] - Waiting for mode change to: AUTO
2025-06-23 19:22:20,998 - SUAS - DEBUG - [SUAS_main.main:749] - Waiting for mode change to: AUTO
2025-06-23 19:22:21,499 - SUAS - DEBUG - [SUAS_main.main:749] - Waiting for mode change to: AUTO
2025-06-23 19:22:22,001 - SUAS - DEBUG - [SUAS_main.main:749] - Waiting for mode change to: AUTO
2025-06-23 19:22:22,502 - SUAS - DEBUG - [SUAS_main.main:749] - Waiting for mode change to: AUTO
2025-06-23 19:22:23,003 - SUAS - DEBUG - [SUAS_main.main:749] - Waiting for mode change to: AUTO
2025-06-23 19:22:23,505 - SUAS - DEBUG - [SUAS_main.main:749] - Waiting for mode change to: AUTO
2025-06-23 19:22:24,006 - SUAS - DEBUG - [SUAS_main.main:749] - Waiting for mode change to: AUTO
2025-06-23 19:22:24,508 - SUAS - DEBUG - [SUAS_main.main:749] - Waiting for mode change to: AUTO
2025-06-23 19:22:25,009 - SUAS - DEBUG - [SUAS_main.main:749] - Waiting for mode change to: AUTO
2025-06-23 19:22:25,511 - SUAS - DEBUG - [SUAS_main.main:749] - Waiting for mode change to: AUTO
2025-06-23 19:22:26,013 - SUAS - DEBUG - [SUAS_main.main:749] - Waiting for mode change to: AUTO
2025-06-23 19:22:26,515 - SUAS - DEBUG - [SUAS_main.main:749] - Waiting for mode change to: AUTO
2025-06-23 19:22:27,016 - SUAS - DEBUG - [SUAS_main.main:749] - Waiting for mode change to: AUTO
2025-06-23 19:22:27,517 - SUAS - DEBUG - [SUAS_main.main:749] - Waiting for mode change to: AUTO
2025-06-23 19:22:28,019 - SUAS - DEBUG - [SUAS_main.main:749] - Waiting for mode change to: AUTO
2025-06-23 19:22:28,520 - SUAS - DEBUG - [SUAS_main.main:749] - Waiting for mode change to: AUTO
2025-06-23 19:22:29,022 - SUAS - DEBUG - [SUAS_main.main:749] - Waiting for mode change to: AUTO
2025-06-23 19:22:29,523 - SUAS - DEBUG - [SUAS_main.main:749] - Waiting for mode change to: AUTO
2025-06-23 19:22:30,025 - SUAS - DEBUG - [SUAS_main.main:749] - Waiting for mode change to: AUTO
2025-06-23 19:22:30,526 - SUAS - DEBUG - [SUAS_main.main:749] - Waiting for mode change to: AUTO
2025-06-23 19:22:31,028 - SUAS - DEBUG - [SUAS_main.main:749] - Waiting for mode change to: AUTO
2025-06-23 19:22:31,530 - SUAS - DEBUG - [SUAS_main.main:749] - Waiting for mode change to: AUTO
2025-06-23 19:22:32,031 - SUAS - DEBUG - [SUAS_main.main:749] - Waiting for mode change to: AUTO
2025-06-23 19:22:32,533 - SUAS - DEBUG - [SUAS_main.main:749] - Waiting for mode change to: AUTO
2025-06-23 19:22:33,035 - SUAS - DEBUG - [SUAS_main.main:749] - Waiting for mode change to: AUTO
2025-06-23 19:22:33,536 - SUAS - DEBUG - [SUAS_main.main:749] - Waiting for mode change to: AUTO
2025-06-23 19:22:34,038 - SUAS - DEBUG - [SUAS_main.main:749] - Waiting for mode change to: AUTO
2025-06-23 19:22:34,539 - SUAS - DEBUG - [SUAS_main.main:749] - Waiting for mode change to: AUTO
2025-06-23 19:22:35,041 - SUAS - DEBUG - [SUAS_main.main:749] - Waiting for mode change to: AUTO
2025-06-23 19:22:35,542 - SUAS - DEBUG - [SUAS_main.main:749] - Waiting for mode change to: AUTO
2025-06-23 19:22:36,043 - SUAS - DEBUG - [SUAS_main.main:749] - Waiting for mode change to: AUTO
2025-06-23 19:22:36,545 - SUAS - DEBUG - [SUAS_main.main:749] - Waiting for mode change to: AUTO
2025-06-23 19:22:37,046 - SUAS - DEBUG - [SUAS_main.main:749] - Waiting for mode change to: AUTO
2025-06-23 19:22:37,548 - SUAS - DEBUG - [SUAS_main.main:749] - Waiting for mode change to: AUTO
2025-06-23 19:22:38,049 - SUAS - DEBUG - [SUAS_main.main:749] - Waiting for mode change to: AUTO
2025-06-23 19:22:38,551 - SUAS - DEBUG - [SUAS_main.main:749] - Waiting for mode change to: AUTO
2025-06-23 19:22:39,052 - SUAS - DEBUG - [SUAS_main.main:749] - Waiting for mode change to: AUTO
2025-06-23 19:22:39,554 - SUAS - DEBUG - [SUAS_main.main:749] - Waiting for mode change to: AUTO
2025-06-23 19:22:40,055 - SUAS - DEBUG - [SUAS_main.main:749] - Waiting for mode change to: AUTO
2025-06-23 19:22:40,557 - SUAS - DEBUG - [SUAS_main.main:749] - Waiting for mode change to: AUTO
2025-06-23 19:22:41,058 - SUAS - DEBUG - [SUAS_main.main:749] - Waiting for mode change to: AUTO
2025-06-23 19:22:41,560 - SUAS - DEBUG - [SUAS_main.main:749] - Waiting for mode change to: AUTO
2025-06-23 19:22:42,061 - SUAS - DEBUG - [SUAS_main.main:749] - Waiting for mode change to: AUTO
2025-06-23 19:22:42,563 - SUAS - DEBUG - [SUAS_main.main:749] - Waiting for mode change to: AUTO
2025-06-23 19:22:43,064 - SUAS - DEBUG - [SUAS_main.main:749] - Waiting for mode change to: AUTO
2025-06-23 19:22:43,565 - SUAS - DEBUG - [SUAS_main.main:749] - Waiting for mode change to: AUTO
2025-06-23 19:22:44,066 - SUAS - DEBUG - [SUAS_main.main:749] - Waiting for mode change to: AUTO
2025-06-23 19:22:44,568 - SUAS - DEBUG - [SUAS_main.main:749] - Waiting for mode change to: AUTO
2025-06-23 19:22:45,069 - SUAS - DEBUG - [SUAS_main.main:749] - Waiting for mode change to: AUTO
2025-06-23 19:22:45,571 - SUAS - DEBUG - [SUAS_main.main:749] - Waiting for mode change to: AUTO
2025-06-23 19:22:46,072 - SUAS - DEBUG - [SUAS_main.main:749] - Waiting for mode change to: AUTO
2025-06-23 19:22:46,574 - SUAS - DEBUG - [SUAS_main.main:749] - Waiting for mode change to: AUTO
2025-06-23 19:22:47,076 - SUAS - DEBUG - [SUAS_main.main:749] - Waiting for mode change to: AUTO
2025-06-23 19:22:47,577 - SUAS - DEBUG - [SUAS_main.main:749] - Waiting for mode change to: AUTO
2025-06-23 19:22:48,079 - SUAS - DEBUG - [SUAS_main.main:749] - Waiting for mode change to: AUTO
2025-06-23 19:22:48,580 - SUAS - DEBUG - [SUAS_main.main:749] - Waiting for mode change to: AUTO
2025-06-23 19:22:49,082 - SUAS - DEBUG - [SUAS_main.main:749] - Waiting for mode change to: AUTO
2025-06-23 19:22:49,583 - SUAS - DEBUG - [SUAS_main.main:749] - Waiting for mode change to: AUTO
2025-06-23 19:22:50,084 - SUAS - DEBUG - [SUAS_main.main:749] - Waiting for mode change to: AUTO
2025-06-23 19:22:50,586 - SUAS - DEBUG - [SUAS_main.main:749] - Waiting for mode change to: AUTO
2025-06-23 19:22:51,088 - SUAS - DEBUG - [SUAS_main.main:749] - Waiting for mode change to: AUTO
2025-06-23 19:22:51,589 - SUAS - DEBUG - [SUAS_main.main:749] - Waiting for mode change to: AUTO
2025-06-23 19:22:52,091 - SUAS - DEBUG - [SUAS_main.main:749] - Waiting for mode change to: AUTO
2025-06-23 19:22:52,592 - SUAS - DEBUG - [SUAS_main.main:749] - Waiting for mode change to: AUTO
2025-06-23 19:22:53,094 - SUAS - DEBUG - [SUAS_main.main:749] - Waiting for mode change to: AUTO
2025-06-23 19:22:53,595 - SUAS - DEBUG - [SUAS_main.main:749] - Waiting for mode change to: AUTO
2025-06-23 19:22:54,097 - SUAS - DEBUG - [SUAS_main.main:749] - Waiting for mode change to: AUTO
2025-06-23 19:22:54,598 - SUAS - DEBUG - [SUAS_main.main:749] - Waiting for mode change to: AUTO
2025-06-23 19:22:55,099 - SUAS - DEBUG - [SUAS_main.main:749] - Waiting for mode change to: AUTO
2025-06-23 19:22:55,601 - SUAS - DEBUG - [SUAS_main.main:749] - Waiting for mode change to: AUTO
2025-06-23 19:22:56,102 - SUAS - DEBUG - [SUAS_main.main:749] - Waiting for mode change to: AUTO
2025-06-23 19:22:56,604 - SUAS - DEBUG - [SUAS_main.main:749] - Waiting for mode change to: AUTO
2025-06-23 19:22:57,106 - SUAS - DEBUG - [SUAS_main.main:749] - Waiting for mode change to: AUTO
2025-06-23 19:22:57,608 - SUAS - DEBUG - [SUAS_main.main:749] - Waiting for mode change to: AUTO
2025-06-23 19:22:58,109 - SUAS - DEBUG - [SUAS_main.main:749] - Waiting for mode change to: AUTO
2025-06-23 19:22:58,611 - SUAS - DEBUG - [SUAS_main.main:749] - Waiting for mode change to: AUTO
2025-06-23 19:22:59,112 - SUAS - DEBUG - [SUAS_main.main:749] - Waiting for mode change to: AUTO
2025-06-23 19:22:59,613 - SUAS - DEBUG - [SUAS_main.main:749] - Waiting for mode change to: AUTO
2025-06-23 19:23:00,115 - SUAS - DEBUG - [SUAS_main.main:749] - Waiting for mode change to: AUTO
2025-06-23 19:23:00,617 - SUAS - DEBUG - [SUAS_main.main:749] - Waiting for mode change to: AUTO
2025-06-23 19:23:01,118 - SUAS - DEBUG - [SUAS_main.main:749] - Waiting for mode change to: AUTO
2025-06-23 19:23:01,619 - SUAS - DEBUG - [SUAS_main.main:749] - Waiting for mode change to: AUTO
2025-06-23 19:23:02,121 - SUAS - DEBUG - [SUAS_main.main:749] - Waiting for mode change to: AUTO
2025-06-23 19:23:02,622 - SUAS - DEBUG - [SUAS_main.main:749] - Waiting for mode change to: AUTO
2025-06-23 19:23:03,124 - SUAS - DEBUG - [SUAS_main.main:749] - Waiting for mode change to: AUTO
2025-06-23 19:23:03,625 - SUAS - DEBUG - [SUAS_main.main:749] - Waiting for mode change to: AUTO
2025-06-23 19:23:04,127 - SUAS - DEBUG - [SUAS_main.main:749] - Waiting for mode change to: AUTO
2025-06-23 19:23:04,629 - SUAS - DEBUG - [SUAS_main.main:749] - Waiting for mode change to: AUTO
2025-06-23 19:23:05,130 - SUAS - DEBUG - [SUAS_main.main:749] - Waiting for mode change to: AUTO
2025-06-23 19:23:05,632 - SUAS - DEBUG - [SUAS_main.main:749] - Waiting for mode change to: AUTO
2025-06-23 19:23:06,133 - SUAS - DEBUG - [SUAS_main.main:749] - Waiting for mode change to: AUTO
2025-06-23 19:23:06,635 - SUAS - DEBUG - [SUAS_main.main:749] - Waiting for mode change to: AUTO
2025-06-23 19:23:07,136 - SUAS - DEBUG - [SUAS_main.main:749] - Waiting for mode change to: AUTO
2025-06-23 19:23:07,638 - SUAS - DEBUG - [SUAS_main.main:749] - Waiting for mode change to: AUTO
2025-06-23 19:23:08,139 - SUAS - DEBUG - [SUAS_main.main:749] - Waiting for mode change to: AUTO
2025-06-23 19:23:08,641 - SUAS - DEBUG - [SUAS_main.main:749] - Waiting for mode change to: AUTO
2025-06-23 19:23:09,142 - SUAS - DEBUG - [SUAS_main.main:749] - Waiting for mode change to: AUTO
2025-06-23 19:23:09,644 - SUAS - DEBUG - [SUAS_main.main:749] - Waiting for mode change to: AUTO
2025-06-23 19:23:10,145 - SUAS - DEBUG - [SUAS_main.main:749] - Waiting for mode change to: AUTO
2025-06-23 19:23:10,647 - SUAS - DEBUG - [SUAS_main.main:749] - Waiting for mode change to: AUTO
2025-06-23 19:23:11,148 - SUAS - DEBUG - [SUAS_main.main:749] - Waiting for mode change to: AUTO
2025-06-23 19:23:11,650 - SUAS - DEBUG - [SUAS_main.main:749] - Waiting for mode change to: AUTO
2025-06-23 19:23:12,152 - SUAS - DEBUG - [SUAS_main.main:749] - Waiting for mode change to: AUTO
2025-06-23 19:23:12,653 - SUAS - DEBUG - [SUAS_main.main:749] - Waiting for mode change to: AUTO
2025-06-23 19:23:13,155 - SUAS - DEBUG - [SUAS_main.main:749] - Waiting for mode change to: AUTO
2025-06-23 19:23:13,657 - SUAS - DEBUG - [SUAS_main.main:749] - Waiting for mode change to: AUTO
2025-06-23 19:23:14,158 - SUAS - DEBUG - [SUAS_main.main:749] - Waiting for mode change to: AUTO
2025-06-23 19:23:14,660 - SUAS - DEBUG - [SUAS_main.main:749] - Waiting for mode change to: AUTO
2025-06-23 19:23:15,161 - SUAS - DEBUG - [SUAS_main.main:749] - Waiting for mode change to: AUTO
2025-06-23 19:23:15,662 - SUAS - DEBUG - [SUAS_main.main:749] - Waiting for mode change to: AUTO
2025-06-23 19:23:16,163 - SUAS - DEBUG - [SUAS_main.main:749] - Waiting for mode change to: AUTO
2025-06-23 19:23:16,665 - SUAS - DEBUG - [SUAS_main.main:749] - Waiting for mode change to: AUTO
2025-06-23 19:23:17,166 - SUAS - DEBUG - [SUAS_main.main:749] - Waiting for mode change to: AUTO
2025-06-23 19:23:17,668 - SUAS - DEBUG - [SUAS_main.main:749] - Waiting for mode change to: AUTO
2025-06-23 19:23:18,170 - SUAS - DEBUG - [SUAS_main.main:749] - Waiting for mode change to: AUTO
2025-06-23 19:23:18,671 - SUAS - DEBUG - [SUAS_main.main:749] - Waiting for mode change to: AUTO
2025-06-23 19:23:19,173 - SUAS - DEBUG - [SUAS_main.main:749] - Waiting for mode change to: AUTO
2025-06-23 19:23:19,675 - SUAS - DEBUG - [SUAS_main.main:749] - Waiting for mode change to: AUTO
2025-06-23 19:23:20,176 - SUAS - DEBUG - [SUAS_main.main:749] - Waiting for mode change to: AUTO
2025-06-23 19:23:20,678 - SUAS - DEBUG - [SUAS_main.main:749] - Waiting for mode change to: AUTO
2025-06-23 19:23:21,179 - SUAS - DEBUG - [SUAS_main.main:749] - Waiting for mode change to: AUTO
2025-06-23 19:23:21,681 - SUAS - DEBUG - [SUAS_main.main:749] - Waiting for mode change to: AUTO
2025-06-23 19:23:22,182 - SUAS - DEBUG - [SUAS_main.main:749] - Waiting for mode change to: AUTO
2025-06-23 19:23:22,683 - SUAS - DEBUG - [SUAS_main.main:749] - Waiting for mode change to: AUTO
2025-06-23 19:23:23,185 - SUAS - DEBUG - [SUAS_main.main:749] - Waiting for mode change to: AUTO
2025-06-23 19:23:23,686 - SUAS - DEBUG - [SUAS_main.main:749] - Waiting for mode change to: AUTO
2025-06-23 19:23:24,188 - SUAS - DEBUG - [SUAS_main.main:749] - Waiting for mode change to: AUTO
2025-06-23 19:23:24,689 - SUAS - DEBUG - [SUAS_main.main:749] - Waiting for mode change to: AUTO
2025-06-23 19:23:25,191 - SUAS - DEBUG - [SUAS_main.main:749] - Waiting for mode change to: AUTO
2025-06-23 19:23:25,692 - SUAS - DEBUG - [SUAS_main.main:749] - Waiting for mode change to: AUTO
2025-06-23 19:23:26,194 - SUAS - DEBUG - [SUAS_main.main:749] - Waiting for mode change to: AUTO
2025-06-23 19:23:26,695 - SUAS - DEBUG - [SUAS_main.main:749] - Waiting for mode change to: AUTO
2025-06-23 19:23:27,197 - SUAS - DEBUG - [SUAS_main.main:749] - Waiting for mode change to: AUTO
2025-06-23 19:23:27,698 - SUAS - DEBUG - [SUAS_main.main:749] - Waiting for mode change to: AUTO
2025-06-23 19:23:28,200 - SUAS - DEBUG - [SUAS_main.main:749] - Waiting for mode change to: AUTO
2025-06-23 19:23:28,702 - SUAS - DEBUG - [SUAS_main.main:749] - Waiting for mode change to: AUTO
2025-06-23 19:23:29,203 - SUAS - DEBUG - [SUAS_main.main:749] - Waiting for mode change to: AUTO
2025-06-23 19:23:29,705 - SUAS - DEBUG - [SUAS_main.main:749] - Waiting for mode change to: AUTO
2025-06-23 19:23:30,206 - SUAS - DEBUG - [SUAS_main.main:749] - Waiting for mode change to: AUTO
2025-06-23 19:23:30,707 - SUAS - DEBUG - [SUAS_main.main:749] - Waiting for mode change to: AUTO
2025-06-23 19:23:31,209 - SUAS - DEBUG - [SUAS_main.main:749] - Waiting for mode change to: AUTO
2025-06-23 19:23:31,710 - SUAS - DEBUG - [SUAS_main.main:749] - Waiting for mode change to: AUTO
2025-06-23 19:23:32,211 - SUAS - DEBUG - [SUAS_main.main:749] - Waiting for mode change to: AUTO
2025-06-23 19:23:32,712 - SUAS - DEBUG - [SUAS_main.main:749] - Waiting for mode change to: AUTO
2025-06-23 19:23:33,214 - SUAS - DEBUG - [SUAS_main.main:749] - Waiting for mode change to: AUTO
2025-06-23 19:23:33,715 - SUAS - DEBUG - [SUAS_main.main:749] - Waiting for mode change to: AUTO
2025-06-23 19:23:34,216 - SUAS - DEBUG - [SUAS_main.main:749] - Waiting for mode change to: AUTO
2025-06-23 19:23:34,718 - SUAS - DEBUG - [SUAS_main.main:749] - Waiting for mode change to: AUTO
2025-06-23 19:23:35,220 - SUAS - DEBUG - [SUAS_main.main:749] - Waiting for mode change to: AUTO
2025-06-23 19:23:35,721 - SUAS - DEBUG - [SUAS_main.main:749] - Waiting for mode change to: AUTO
2025-06-23 19:23:36,223 - SUAS - DEBUG - [SUAS_main.main:749] - Waiting for mode change to: AUTO
2025-06-23 19:23:36,725 - SUAS - DEBUG - [SUAS_main.main:749] - Waiting for mode change to: AUTO
2025-06-23 19:23:37,226 - SUAS - DEBUG - [SUAS_main.main:749] - Waiting for mode change to: AUTO
2025-06-23 19:23:37,728 - SUAS - DEBUG - [SUAS_main.main:749] - Waiting for mode change to: AUTO
2025-06-23 19:23:38,230 - SUAS - DEBUG - [SUAS_main.main:749] - Waiting for mode change to: AUTO
2025-06-23 19:23:38,731 - SUAS - DEBUG - [SUAS_main.main:749] - Waiting for mode change to: AUTO
2025-06-23 19:23:39,233 - SUAS - DEBUG - [SUAS_main.main:749] - Waiting for mode change to: AUTO
2025-06-23 19:23:39,734 - SUAS - DEBUG - [SUAS_main.main:749] - Waiting for mode change to: AUTO
2025-06-23 19:23:40,235 - SUAS - DEBUG - [SUAS_main.main:749] - Waiting for mode change to: AUTO
2025-06-23 19:23:40,737 - SUAS - DEBUG - [SUAS_main.main:749] - Waiting for mode change to: AUTO
2025-06-23 19:23:41,238 - SUAS - DEBUG - [SUAS_main.main:749] - Waiting for mode change to: AUTO
2025-06-23 19:23:41,739 - SUAS - DEBUG - [SUAS_main.main:749] - Waiting for mode change to: AUTO
2025-06-23 19:23:42,241 - SUAS - DEBUG - [SUAS_main.main:749] - Waiting for mode change to: AUTO
2025-06-23 19:23:42,742 - SUAS - DEBUG - [SUAS_main.main:749] - Waiting for mode change to: AUTO
2025-06-23 19:23:43,244 - SUAS - DEBUG - [SUAS_main.main:749] - Waiting for mode change to: AUTO
2025-06-23 19:23:43,745 - SUAS - DEBUG - [SUAS_main.main:749] - Waiting for mode change to: AUTO
2025-06-23 19:23:44,247 - SUAS - DEBUG - [SUAS_main.main:749] - Waiting for mode change to: AUTO
2025-06-23 19:23:44,748 - SUAS - DEBUG - [SUAS_main.main:749] - Waiting for mode change to: AUTO
2025-06-23 19:23:45,250 - SUAS - DEBUG - [SUAS_main.main:749] - Waiting for mode change to: AUTO
2025-06-23 19:23:45,751 - SUAS - DEBUG - [SUAS_main.main:749] - Waiting for mode change to: AUTO
2025-06-23 19:23:46,252 - SUAS - DEBUG - [SUAS_main.main:749] - Waiting for mode change to: AUTO
2025-06-23 19:23:46,754 - SUAS - DEBUG - [SUAS_main.main:749] - Waiting for mode change to: AUTO
2025-06-23 19:23:47,255 - SUAS - DEBUG - [SUAS_main.main:749] - Waiting for mode change to: AUTO
2025-06-23 19:23:47,757 - SUAS - DEBUG - [SUAS_main.main:749] - Waiting for mode change to: AUTO
2025-06-23 19:23:48,258 - SUAS - DEBUG - [SUAS_main.main:749] - Waiting for mode change to: AUTO
2025-06-23 19:23:48,760 - SUAS - DEBUG - [SUAS_main.main:749] - Waiting for mode change to: AUTO
2025-06-23 19:23:49,261 - SUAS - DEBUG - [SUAS_main.main:749] - Waiting for mode change to: AUTO
2025-06-23 19:23:49,763 - SUAS - DEBUG - [SUAS_main.main:749] - Waiting for mode change to: AUTO
2025-06-23 19:23:50,264 - SUAS - DEBUG - [SUAS_main.main:749] - Waiting for mode change to: AUTO
2025-06-23 19:23:50,765 - SUAS - DEBUG - [SUAS_main.main:749] - Waiting for mode change to: AUTO
2025-06-23 19:23:51,266 - SUAS - DEBUG - [SUAS_main.main:749] - Waiting for mode change to: AUTO
2025-06-23 19:23:51,768 - SUAS - DEBUG - [SUAS_main.main:749] - Waiting for mode change to: AUTO
2025-06-23 19:23:52,269 - SUAS - DEBUG - [SUAS_main.main:749] - Waiting for mode change to: AUTO
2025-06-23 19:23:52,771 - SUAS - DEBUG - [SUAS_main.main:749] - Waiting for mode change to: AUTO
2025-06-23 19:23:53,272 - SUAS - DEBUG - [SUAS_main.main:749] - Waiting for mode change to: AUTO
2025-06-23 19:23:53,774 - SUAS - DEBUG - [SUAS_main.main:749] - Waiting for mode change to: AUTO
2025-06-23 19:23:54,275 - SUAS - DEBUG - [SUAS_main.main:749] - Waiting for mode change to: AUTO
2025-06-23 19:23:54,777 - SUAS - DEBUG - [SUAS_main.main:749] - Waiting for mode change to: AUTO
2025-06-23 19:23:55,279 - SUAS - DEBUG - [SUAS_main.main:749] - Waiting for mode change to: AUTO
2025-06-23 19:23:55,780 - SUAS - DEBUG - [SUAS_main.main:749] - Waiting for mode change to: AUTO
2025-06-23 19:23:56,281 - SUAS - DEBUG - [SUAS_main.main:749] - Waiting for mode change to: AUTO
2025-06-23 19:23:56,783 - SUAS - DEBUG - [SUAS_main.main:749] - Waiting for mode change to: AUTO
2025-06-23 19:23:57,285 - SUAS - DEBUG - [SUAS_main.main:749] - Waiting for mode change to: AUTO
2025-06-23 19:23:57,786 - SUAS - DEBUG - [SUAS_main.main:749] - Waiting for mode change to: AUTO
2025-06-23 19:23:58,288 - SUAS - DEBUG - [SUAS_main.main:749] - Waiting for mode change to: AUTO
2025-06-23 19:23:58,789 - SUAS - DEBUG - [SUAS_main.main:749] - Waiting for mode change to: AUTO
2025-06-23 19:23:59,291 - SUAS - DEBUG - [SUAS_main.main:749] - Waiting for mode change to: AUTO
2025-06-23 19:23:59,792 - SUAS - DEBUG - [SUAS_main.main:749] - Waiting for mode change to: AUTO
2025-06-23 19:24:00,294 - SUAS - DEBUG - [SUAS_main.main:749] - Waiting for mode change to: AUTO
2025-06-23 19:24:00,795 - SUAS - DEBUG - [SUAS_main.main:749] - Waiting for mode change to: AUTO
2025-06-23 19:24:01,297 - SUAS - DEBUG - [SUAS_main.main:749] - Waiting for mode change to: AUTO
2025-06-23 19:24:01,798 - SUAS - DEBUG - [SUAS_main.main:749] - Waiting for mode change to: AUTO
2025-06-23 19:24:02,299 - SUAS - DEBUG - [SUAS_main.main:749] - Waiting for mode change to: AUTO
2025-06-23 19:24:02,800 - SUAS - DEBUG - [SUAS_main.main:749] - Waiting for mode change to: AUTO
2025-06-23 19:24:03,302 - SUAS - DEBUG - [SUAS_main.main:749] - Waiting for mode change to: AUTO
2025-06-23 19:24:03,804 - SUAS - DEBUG - [SUAS_main.main:749] - Waiting for mode change to: AUTO
2025-06-23 19:24:04,305 - SUAS - DEBUG - [SUAS_main.main:749] - Waiting for mode change to: AUTO
2025-06-23 19:24:04,807 - SUAS - DEBUG - [SUAS_main.main:749] - Waiting for mode change to: AUTO
2025-06-23 19:24:05,308 - SUAS - DEBUG - [SUAS_main.main:749] - Waiting for mode change to: AUTO
2025-06-23 19:24:05,809 - SUAS - DEBUG - [SUAS_main.main:749] - Waiting for mode change to: AUTO
2025-06-23 19:24:06,311 - SUAS - DEBUG - [SUAS_main.main:749] - Waiting for mode change to: AUTO
2025-06-23 19:24:06,812 - SUAS - DEBUG - [SUAS_main.main:749] - Waiting for mode change to: AUTO
2025-06-23 19:24:07,314 - SUAS - DEBUG - [SUAS_main.main:749] - Waiting for mode change to: AUTO
2025-06-23 19:24:07,816 - SUAS - DEBUG - [SUAS_main.main:749] - Waiting for mode change to: AUTO
2025-06-23 19:24:08,317 - SUAS - DEBUG - [SUAS_main.main:749] - Waiting for mode change to: AUTO
2025-06-23 19:24:08,819 - SUAS - DEBUG - [SUAS_main.main:749] - Waiting for mode change to: AUTO
2025-06-23 19:24:09,320 - SUAS - DEBUG - [SUAS_main.main:749] - Waiting for mode change to: AUTO
2025-06-23 19:24:09,821 - SUAS - DEBUG - [SUAS_main.main:749] - Waiting for mode change to: AUTO
2025-06-23 19:24:10,323 - SUAS - DEBUG - [SUAS_main.main:749] - Waiting for mode change to: AUTO
2025-06-23 19:24:10,824 - SUAS - DEBUG - [SUAS_main.main:749] - Waiting for mode change to: AUTO
2025-06-23 19:24:11,326 - SUAS - DEBUG - [SUAS_main.main:749] - Waiting for mode change to: AUTO
2025-06-23 19:24:11,827 - SUAS - DEBUG - [SUAS_main.main:749] - Waiting for mode change to: AUTO
2025-06-23 19:24:12,328 - SUAS - DEBUG - [SUAS_main.main:749] - Waiting for mode change to: AUTO
2025-06-23 19:24:12,830 - SUAS - DEBUG - [SUAS_main.main:749] - Waiting for mode change to: AUTO
2025-06-23 19:24:13,331 - SUAS - DEBUG - [SUAS_main.main:749] - Waiting for mode change to: AUTO
2025-06-23 19:24:13,833 - SUAS - DEBUG - [SUAS_main.main:749] - Waiting for mode change to: AUTO
2025-06-23 19:24:14,334 - SUAS - DEBUG - [SUAS_main.main:749] - Waiting for mode change to: AUTO
2025-06-23 19:24:14,835 - SUAS - DEBUG - [SUAS_main.main:749] - Waiting for mode change to: AUTO
2025-06-23 19:24:15,336 - SUAS - DEBUG - [SUAS_main.main:749] - Waiting for mode change to: AUTO
2025-06-23 19:24:15,838 - SUAS - DEBUG - [SUAS_main.main:749] - Waiting for mode change to: AUTO
2025-06-23 19:24:16,340 - SUAS - DEBUG - [SUAS_main.main:749] - Waiting for mode change to: AUTO
2025-06-23 19:24:16,841 - SUAS - DEBUG - [SUAS_main.main:749] - Waiting for mode change to: AUTO
2025-06-23 19:24:17,342 - SUAS - DEBUG - [SUAS_main.main:749] - Waiting for mode change to: AUTO
2025-06-23 19:24:17,844 - SUAS - DEBUG - [SUAS_main.main:749] - Waiting for mode change to: AUTO
2025-06-23 19:24:18,345 - SUAS - DEBUG - [SUAS_main.main:749] - Waiting for mode change to: AUTO
2025-06-23 19:24:18,847 - SUAS - DEBUG - [SUAS_main.main:749] - Waiting for mode change to: AUTO
2025-06-23 19:24:19,348 - SUAS - DEBUG - [SUAS_main.main:749] - Waiting for mode change to: AUTO
2025-06-23 19:24:19,850 - SUAS - DEBUG - [SUAS_main.main:749] - Waiting for mode change to: AUTO
2025-06-23 19:24:20,351 - SUAS - DEBUG - [SUAS_main.main:749] - Waiting for mode change to: AUTO
2025-06-23 19:24:20,853 - SUAS - DEBUG - [SUAS_main.main:749] - Waiting for mode change to: AUTO
2025-06-23 19:24:21,354 - SUAS - DEBUG - [SUAS_main.main:749] - Waiting for mode change to: AUTO
2025-06-23 19:24:21,856 - SUAS - DEBUG - [SUAS_main.main:749] - Waiting for mode change to: AUTO
2025-06-23 19:24:22,358 - SUAS - DEBUG - [SUAS_main.main:749] - Waiting for mode change to: AUTO
2025-06-23 19:24:22,860 - SUAS - DEBUG - [SUAS_main.main:749] - Waiting for mode change to: AUTO
2025-06-23 19:24:23,361 - SUAS - DEBUG - [SUAS_main.main:749] - Waiting for mode change to: AUTO
2025-06-23 19:24:23,863 - SUAS - DEBUG - [SUAS_main.main:749] - Waiting for mode change to: AUTO
2025-06-23 19:24:24,364 - SUAS - DEBUG - [SUAS_main.main:749] - Waiting for mode change to: AUTO
2025-06-23 19:24:24,866 - SUAS - DEBUG - [SUAS_main.main:749] - Waiting for mode change to: AUTO
2025-06-23 19:24:25,368 - SUAS - DEBUG - [SUAS_main.main:749] - Waiting for mode change to: AUTO
2025-06-23 19:24:25,869 - SUAS - DEBUG - [SUAS_main.main:749] - Waiting for mode change to: AUTO
2025-06-23 19:24:26,371 - SUAS - DEBUG - [SUAS_main.main:749] - Waiting for mode change to: AUTO
2025-06-23 19:24:26,872 - SUAS - DEBUG - [SUAS_main.main:749] - Waiting for mode change to: AUTO
2025-06-23 19:24:27,374 - SUAS - DEBUG - [SUAS_main.main:749] - Waiting for mode change to: AUTO
2025-06-23 19:24:27,875 - SUAS - DEBUG - [SUAS_main.main:749] - Waiting for mode change to: AUTO
2025-06-23 19:24:28,377 - SUAS - DEBUG - [SUAS_main.main:749] - Waiting for mode change to: AUTO
2025-06-23 19:24:28,878 - SUAS - DEBUG - [SUAS_main.main:749] - Waiting for mode change to: AUTO
2025-06-23 19:24:29,380 - SUAS - DEBUG - [SUAS_main.main:749] - Waiting for mode change to: AUTO
2025-06-23 19:24:29,881 - SUAS - DEBUG - [SUAS_main.main:749] - Waiting for mode change to: AUTO
2025-06-23 19:24:30,383 - SUAS - DEBUG - [SUAS_main.main:749] - Waiting for mode change to: AUTO
2025-06-23 19:24:30,884 - SUAS - DEBUG - [SUAS_main.main:749] - Waiting for mode change to: AUTO
2025-06-23 19:24:31,386 - SUAS - DEBUG - [SUAS_main.main:749] - Waiting for mode change to: AUTO
2025-06-23 19:24:31,887 - SUAS - DEBUG - [SUAS_main.main:749] - Waiting for mode change to: AUTO
2025-06-23 19:24:32,389 - SUAS - DEBUG - [SUAS_main.main:749] - Waiting for mode change to: AUTO
2025-06-23 19:24:32,890 - SUAS - DEBUG - [SUAS_main.main:749] - Waiting for mode change to: AUTO
2025-06-23 19:24:33,392 - SUAS - DEBUG - [SUAS_main.main:749] - Waiting for mode change to: AUTO
2025-06-23 19:24:33,893 - SUAS - DEBUG - [SUAS_main.main:749] - Waiting for mode change to: AUTO
2025-06-23 19:24:34,395 - SUAS - DEBUG - [SUAS_main.main:749] - Waiting for mode change to: AUTO
2025-06-23 19:24:34,896 - SUAS - DEBUG - [SUAS_main.main:749] - Waiting for mode change to: AUTO
2025-06-23 19:24:35,398 - SUAS - DEBUG - [SUAS_main.main:749] - Waiting for mode change to: AUTO
2025-06-23 19:24:35,899 - SUAS - DEBUG - [SUAS_main.main:749] - Waiting for mode change to: AUTO
2025-06-23 19:24:36,401 - SUAS - DEBUG - [SUAS_main.main:749] - Waiting for mode change to: AUTO
2025-06-23 19:24:36,902 - SUAS - DEBUG - [SUAS_main.main:749] - Waiting for mode change to: AUTO
2025-06-23 19:24:37,403 - SUAS - DEBUG - [SUAS_main.main:749] - Waiting for mode change to: AUTO
2025-06-23 19:24:37,905 - SUAS - DEBUG - [SUAS_main.main:749] - Waiting for mode change to: AUTO
2025-06-23 19:24:38,406 - SUAS - DEBUG - [SUAS_main.main:749] - Waiting for mode change to: AUTO
2025-06-23 19:24:38,908 - SUAS - DEBUG - [SUAS_main.main:749] - Waiting for mode change to: AUTO
2025-06-23 19:24:39,410 - SUAS - DEBUG - [SUAS_main.main:749] - Waiting for mode change to: AUTO
2025-06-23 19:24:39,912 - SUAS - DEBUG - [SUAS_main.main:749] - Waiting for mode change to: AUTO
2025-06-23 19:24:40,413 - SUAS - DEBUG - [SUAS_main.main:749] - Waiting for mode change to: AUTO
2025-06-23 19:24:40,914 - SUAS - DEBUG - [SUAS_main.main:749] - Waiting for mode change to: AUTO
2025-06-23 19:24:41,416 - SUAS - DEBUG - [SUAS_main.main:749] - Waiting for mode change to: AUTO
2025-06-23 19:24:41,918 - SUAS - DEBUG - [SUAS_main.main:749] - Waiting for mode change to: AUTO
2025-06-23 19:24:42,419 - SUAS - DEBUG - [SUAS_main.main:749] - Waiting for mode change to: AUTO
2025-06-23 19:24:42,921 - SUAS - DEBUG - [SUAS_main.main:749] - Waiting for mode change to: AUTO
2025-06-23 19:24:43,422 - SUAS - DEBUG - [SUAS_main.main:749] - Waiting for mode change to: AUTO
2025-06-23 19:24:43,923 - SUAS - DEBUG - [SUAS_main.main:749] - Waiting for mode change to: AUTO
2025-06-23 19:24:44,425 - SUAS - DEBUG - [SUAS_main.main:749] - Waiting for mode change to: AUTO
2025-06-23 19:24:44,926 - SUAS - DEBUG - [SUAS_main.main:749] - Waiting for mode change to: AUTO
2025-06-23 19:24:45,428 - SUAS - DEBUG - [SUAS_main.main:749] - Waiting for mode change to: AUTO
2025-06-23 19:24:45,929 - SUAS - DEBUG - [SUAS_main.main:749] - Waiting for mode change to: AUTO
2025-06-23 19:24:46,431 - SUAS - DEBUG - [SUAS_main.main:749] - Waiting for mode change to: AUTO
2025-06-23 19:24:46,932 - SUAS - DEBUG - [SUAS_main.main:749] - Waiting for mode change to: AUTO
2025-06-23 19:24:47,434 - SUAS - DEBUG - [SUAS_main.main:749] - Waiting for mode change to: AUTO
2025-06-23 19:24:47,935 - SUAS - DEBUG - [SUAS_main.main:749] - Waiting for mode change to: AUTO
2025-06-23 19:24:48,437 - SUAS - DEBUG - [SUAS_main.main:749] - Waiting for mode change to: AUTO
2025-06-23 19:24:48,938 - SUAS - DEBUG - [SUAS_main.main:749] - Waiting for mode change to: AUTO
2025-06-23 19:24:49,440 - SUAS - DEBUG - [SUAS_main.main:749] - Waiting for mode change to: AUTO
2025-06-23 19:24:49,942 - SUAS - DEBUG - [SUAS_main.main:749] - Waiting for mode change to: AUTO
2025-06-23 19:24:50,443 - SUAS - DEBUG - [SUAS_main.main:749] - Waiting for mode change to: AUTO
2025-06-23 19:24:50,945 - SUAS - DEBUG - [SUAS_main.main:749] - Waiting for mode change to: AUTO
2025-06-23 19:24:51,446 - SUAS - DEBUG - [SUAS_main.main:749] - Waiting for mode change to: AUTO
2025-06-23 19:24:51,948 - SUAS - DEBUG - [SUAS_main.main:749] - Waiting for mode change to: AUTO
2025-06-23 19:24:52,449 - SUAS - DEBUG - [SUAS_main.main:749] - Waiting for mode change to: AUTO
2025-06-23 19:24:52,951 - SUAS - DEBUG - [SUAS_main.main:749] - Waiting for mode change to: AUTO
2025-06-23 19:24:53,452 - SUAS - DEBUG - [SUAS_main.main:749] - Waiting for mode change to: AUTO
2025-06-23 19:24:53,954 - SUAS - DEBUG - [SUAS_main.main:749] - Waiting for mode change to: AUTO
2025-06-23 19:24:54,455 - SUAS - DEBUG - [SUAS_main.main:749] - Waiting for mode change to: AUTO
2025-06-23 19:24:54,957 - SUAS - DEBUG - [SUAS_main.main:749] - Waiting for mode change to: AUTO
2025-06-23 19:24:55,458 - SUAS - DEBUG - [SUAS_main.main:749] - Waiting for mode change to: AUTO
2025-06-23 19:24:55,960 - SUAS - DEBUG - [SUAS_main.main:749] - Waiting for mode change to: AUTO
2025-06-23 19:24:56,461 - SUAS - DEBUG - [SUAS_main.main:749] - Waiting for mode change to: AUTO
2025-06-23 19:24:56,963 - SUAS - DEBUG - [SUAS_main.main:749] - Waiting for mode change to: AUTO
2025-06-23 19:24:57,464 - SUAS - DEBUG - [SUAS_main.main:749] - Waiting for mode change to: AUTO
2025-06-23 19:24:57,966 - SUAS - DEBUG - [SUAS_main.main:749] - Waiting for mode change to: AUTO
2025-06-23 19:24:58,467 - SUAS - DEBUG - [SUAS_main.main:749] - Waiting for mode change to: AUTO
2025-06-23 19:24:58,969 - SUAS - DEBUG - [SUAS_main.main:749] - Waiting for mode change to: AUTO
2025-06-23 19:24:59,470 - SUAS - DEBUG - [SUAS_main.main:749] - Waiting for mode change to: AUTO
2025-06-23 19:24:59,972 - SUAS - DEBUG - [SUAS_main.main:749] - Waiting for mode change to: AUTO
2025-06-23 19:25:00,473 - SUAS - DEBUG - [SUAS_main.main:749] - Waiting for mode change to: AUTO
2025-06-23 19:25:00,975 - SUAS - DEBUG - [SUAS_main.main:749] - Waiting for mode change to: AUTO
2025-06-23 19:25:01,476 - SUAS - DEBUG - [SUAS_main.main:749] - Waiting for mode change to: AUTO
2025-06-23 19:25:01,978 - SUAS - DEBUG - [SUAS_main.main:749] - Waiting for mode change to: AUTO
2025-06-23 19:25:02,479 - SUAS - DEBUG - [SUAS_main.main:749] - Waiting for mode change to: AUTO
2025-06-23 19:25:02,981 - SUAS - DEBUG - [SUAS_main.main:749] - Waiting for mode change to: AUTO
2025-06-23 19:25:03,482 - SUAS - DEBUG - [SUAS_main.main:749] - Waiting for mode change to: AUTO
2025-06-23 19:25:03,983 - SUAS - DEBUG - [SUAS_main.main:749] - Waiting for mode change to: AUTO
2025-06-23 19:25:04,484 - SUAS - DEBUG - [SUAS_main.main:749] - Waiting for mode change to: AUTO
2025-06-23 19:25:04,986 - SUAS - DEBUG - [SUAS_main.main:749] - Waiting for mode change to: AUTO
2025-06-23 19:25:05,487 - SUAS - DEBUG - [SUAS_main.main:749] - Waiting for mode change to: AUTO
2025-06-23 19:25:05,988 - SUAS - DEBUG - [SUAS_main.main:749] - Waiting for mode change to: AUTO
2025-06-23 19:25:06,490 - SUAS - DEBUG - [SUAS_main.main:749] - Waiting for mode change to: AUTO
2025-06-23 19:25:06,991 - SUAS - DEBUG - [SUAS_main.main:749] - Waiting for mode change to: AUTO
2025-06-23 19:25:07,493 - SUAS - DEBUG - [SUAS_main.main:749] - Waiting for mode change to: AUTO
2025-06-23 19:25:07,994 - SUAS - DEBUG - [SUAS_main.main:749] - Waiting for mode change to: AUTO
2025-06-23 19:25:08,496 - SUAS - DEBUG - [SUAS_main.main:749] - Waiting for mode change to: AUTO
2025-06-23 19:25:08,998 - SUAS - DEBUG - [SUAS_main.main:749] - Waiting for mode change to: AUTO
2025-06-23 19:25:09,499 - SUAS - DEBUG - [SUAS_main.main:749] - Waiting for mode change to: AUTO
2025-06-23 19:25:10,001 - SUAS - DEBUG - [SUAS_main.main:749] - Waiting for mode change to: AUTO
2025-06-23 19:25:10,502 - SUAS - DEBUG - [SUAS_main.main:749] - Waiting for mode change to: AUTO
2025-06-23 19:25:11,003 - SUAS - DEBUG - [SUAS_main.main:749] - Waiting for mode change to: AUTO
2025-06-23 19:25:11,505 - SUAS - DEBUG - [SUAS_main.main:749] - Waiting for mode change to: AUTO
2025-06-23 19:25:12,006 - SUAS - DEBUG - [SUAS_main.main:749] - Waiting for mode change to: AUTO
2025-06-23 19:25:12,507 - SUAS - DEBUG - [SUAS_main.main:749] - Waiting for mode change to: AUTO
2025-06-23 19:25:13,009 - SUAS - DEBUG - [SUAS_main.main:749] - Waiting for mode change to: AUTO
2025-06-23 19:25:13,511 - SUAS - DEBUG - [SUAS_main.main:749] - Waiting for mode change to: AUTO
2025-06-23 19:25:14,012 - SUAS - DEBUG - [SUAS_main.main:749] - Waiting for mode change to: AUTO
2025-06-23 19:25:14,514 - SUAS - DEBUG - [SUAS_main.main:749] - Waiting for mode change to: AUTO
2025-06-23 19:25:15,015 - SUAS - DEBUG - [SUAS_main.main:749] - Waiting for mode change to: AUTO
2025-06-23 19:25:15,517 - SUAS - DEBUG - [SUAS_main.main:749] - Waiting for mode change to: AUTO
2025-06-23 19:25:16,018 - SUAS - DEBUG - [SUAS_main.main:749] - Waiting for mode change to: AUTO
2025-06-23 19:25:16,519 - SUAS - DEBUG - [SUAS_main.main:749] - Waiting for mode change to: AUTO
2025-06-23 19:25:17,021 - SUAS - DEBUG - [SUAS_main.main:749] - Waiting for mode change to: AUTO
2025-06-23 19:25:17,522 - SUAS - DEBUG - [SUAS_main.main:749] - Waiting for mode change to: AUTO
2025-06-23 19:25:18,023 - SUAS - DEBUG - [SUAS_main.main:749] - Waiting for mode change to: AUTO
2025-06-23 19:25:18,525 - SUAS - DEBUG - [SUAS_main.main:749] - Waiting for mode change to: AUTO
2025-06-23 19:25:19,026 - SUAS - DEBUG - [SUAS_main.main:749] - Waiting for mode change to: AUTO
2025-06-23 19:25:19,528 - SUAS - DEBUG - [SUAS_main.main:749] - Waiting for mode change to: AUTO
2025-06-23 19:25:20,030 - SUAS - DEBUG - [SUAS_main.main:749] - Waiting for mode change to: AUTO
2025-06-23 19:25:20,531 - SUAS - DEBUG - [SUAS_main.main:749] - Waiting for mode change to: AUTO
2025-06-23 19:25:21,033 - SUAS - DEBUG - [SUAS_main.main:749] - Waiting for mode change to: AUTO
2025-06-23 19:25:21,534 - SUAS - DEBUG - [SUAS_main.main:749] - Waiting for mode change to: AUTO
2025-06-23 19:25:22,036 - SUAS - DEBUG - [SUAS_main.main:749] - Waiting for mode change to: AUTO
2025-06-23 19:25:22,537 - SUAS - DEBUG - [SUAS_main.main:749] - Waiting for mode change to: AUTO
2025-06-23 19:25:23,039 - SUAS - DEBUG - [SUAS_main.main:749] - Waiting for mode change to: AUTO
2025-06-23 19:25:23,540 - SUAS - DEBUG - [SUAS_main.main:749] - Waiting for mode change to: AUTO
2025-06-23 19:25:24,042 - SUAS - DEBUG - [SUAS_main.main:749] - Waiting for mode change to: AUTO
2025-06-23 19:25:24,544 - SUAS - DEBUG - [SUAS_main.main:749] - Waiting for mode change to: AUTO
2025-06-23 19:25:25,045 - SUAS - DEBUG - [SUAS_main.main:749] - Waiting for mode change to: AUTO
2025-06-23 19:25:25,547 - SUAS - DEBUG - [SUAS_main.main:749] - Waiting for mode change to: AUTO
2025-06-23 19:25:26,049 - SUAS - DEBUG - [SUAS_main.main:749] - Waiting for mode change to: AUTO
2025-06-23 19:25:26,550 - SUAS - DEBUG - [SUAS_main.main:749] - Waiting for mode change to: AUTO
2025-06-23 19:25:27,052 - SUAS - DEBUG - [SUAS_main.main:749] - Waiting for mode change to: AUTO
2025-06-23 19:25:27,553 - SUAS - DEBUG - [SUAS_main.main:749] - Waiting for mode change to: AUTO
2025-06-23 19:25:28,055 - SUAS - DEBUG - [SUAS_main.main:749] - Waiting for mode change to: AUTO
2025-06-23 19:25:28,557 - SUAS - DEBUG - [SUAS_main.main:749] - Waiting for mode change to: AUTO
2025-06-23 19:25:29,058 - SUAS - DEBUG - [SUAS_main.main:749] - Waiting for mode change to: AUTO
2025-06-23 19:25:29,559 - SUAS - DEBUG - [SUAS_main.main:749] - Waiting for mode change to: AUTO
2025-06-23 19:25:30,061 - SUAS - DEBUG - [SUAS_main.main:749] - Waiting for mode change to: AUTO
2025-06-23 19:25:30,562 - SUAS - DEBUG - [SUAS_main.main:749] - Waiting for mode change to: AUTO
2025-06-23 19:25:31,064 - SUAS - DEBUG - [SUAS_main.main:749] - Waiting for mode change to: AUTO
2025-06-23 19:25:31,566 - SUAS - DEBUG - [SUAS_main.main:749] - Waiting for mode change to: AUTO
2025-06-23 19:25:32,074 - SUAS - DEBUG - [SUAS_main.main:749] - Waiting for mode change to: AUTO
2025-06-23 19:25:32,576 - SUAS - DEBUG - [SUAS_main.main:749] - Waiting for mode change to: AUTO
2025-06-23 19:25:33,077 - SUAS - DEBUG - [SUAS_main.main:749] - Waiting for mode change to: AUTO
2025-06-23 19:25:33,579 - SUAS - DEBUG - [SUAS_main.main:749] - Waiting for mode change to: AUTO
2025-06-23 19:25:34,081 - SUAS - DEBUG - [SUAS_main.main:749] - Waiting for mode change to: AUTO
2025-06-23 19:25:34,582 - SUAS - DEBUG - [SUAS_main.main:749] - Waiting for mode change to: AUTO
2025-06-23 19:25:35,084 - SUAS - DEBUG - [SUAS_main.main:749] - Waiting for mode change to: AUTO
2025-06-23 19:25:35,585 - SUAS - DEBUG - [SUAS_main.main:749] - Waiting for mode change to: AUTO
2025-06-23 19:25:36,087 - SUAS - DEBUG - [SUAS_main.main:749] - Waiting for mode change to: AUTO
2025-06-23 19:25:36,588 - SUAS - DEBUG - [SUAS_main.main:749] - Waiting for mode change to: AUTO
2025-06-23 19:25:37,090 - SUAS - DEBUG - [SUAS_main.main:749] - Waiting for mode change to: AUTO
2025-06-23 19:25:37,591 - SUAS - DEBUG - [SUAS_main.main:749] - Waiting for mode change to: AUTO
2025-06-23 19:25:38,093 - SUAS - DEBUG - [SUAS_main.main:749] - Waiting for mode change to: AUTO
2025-06-23 19:25:38,594 - SUAS - DEBUG - [SUAS_main.main:749] - Waiting for mode change to: AUTO
2025-06-23 19:25:39,095 - SUAS - DEBUG - [SUAS_main.main:749] - Waiting for mode change to: AUTO
2025-06-23 19:25:39,597 - SUAS - DEBUG - [SUAS_main.main:749] - Waiting for mode change to: AUTO
2025-06-23 19:25:40,098 - SUAS - DEBUG - [SUAS_main.main:749] - Waiting for mode change to: AUTO
2025-06-23 19:25:40,600 - SUAS - DEBUG - [SUAS_main.main:749] - Waiting for mode change to: AUTO
2025-06-23 19:25:41,102 - SUAS - DEBUG - [SUAS_main.main:749] - Waiting for mode change to: AUTO
2025-06-23 19:25:41,603 - SUAS - DEBUG - [SUAS_main.main:749] - Waiting for mode change to: AUTO
2025-06-23 19:25:42,105 - SUAS - DEBUG - [SUAS_main.main:749] - Waiting for mode change to: AUTO
2025-06-23 19:25:42,606 - SUAS - DEBUG - [SUAS_main.main:749] - Waiting for mode change to: AUTO
2025-06-23 19:25:43,108 - SUAS - DEBUG - [SUAS_main.main:749] - Waiting for mode change to: AUTO
2025-06-23 19:25:43,609 - SUAS - DEBUG - [SUAS_main.main:749] - Waiting for mode change to: AUTO
2025-06-23 19:25:44,111 - SUAS - DEBUG - [SUAS_main.main:749] - Waiting for mode change to: AUTO
2025-06-23 19:25:44,612 - SUAS - DEBUG - [SUAS_main.main:749] - Waiting for mode change to: AUTO
2025-06-23 19:25:45,114 - SUAS - DEBUG - [SUAS_main.main:749] - Waiting for mode change to: AUTO
2025-06-23 19:25:45,615 - SUAS - DEBUG - [SUAS_main.main:749] - Waiting for mode change to: AUTO
2025-06-23 19:25:46,117 - SUAS - DEBUG - [SUAS_main.main:749] - Waiting for mode change to: AUTO
2025-06-23 19:25:46,618 - SUAS - DEBUG - [SUAS_main.main:749] - Waiting for mode change to: AUTO
2025-06-23 19:25:47,120 - SUAS - DEBUG - [SUAS_main.main:749] - Waiting for mode change to: AUTO
2025-06-23 19:25:47,622 - SUAS - DEBUG - [SUAS_main.main:749] - Waiting for mode change to: AUTO
2025-06-23 19:25:48,123 - SUAS - DEBUG - [SUAS_main.main:749] - Waiting for mode change to: AUTO
2025-06-23 19:25:48,625 - SUAS - DEBUG - [SUAS_main.main:749] - Waiting for mode change to: AUTO
2025-06-23 19:25:49,126 - SUAS - DEBUG - [SUAS_main.main:749] - Waiting for mode change to: AUTO
2025-06-23 19:25:49,628 - SUAS - DEBUG - [SUAS_main.main:749] - Waiting for mode change to: AUTO
2025-06-23 19:25:50,129 - SUAS - DEBUG - [SUAS_main.main:749] - Waiting for mode change to: AUTO
2025-06-23 19:25:50,631 - SUAS - DEBUG - [SUAS_main.main:749] - Waiting for mode change to: AUTO
2025-06-23 19:25:51,133 - SUAS - DEBUG - [SUAS_main.main:749] - Waiting for mode change to: AUTO
2025-06-23 19:25:51,634 - SUAS - DEBUG - [SUAS_main.main:749] - Waiting for mode change to: AUTO
2025-06-23 19:25:52,136 - SUAS - DEBUG - [SUAS_main.main:749] - Waiting for mode change to: AUTO
2025-06-23 19:25:52,638 - SUAS - DEBUG - [SUAS_main.main:749] - Waiting for mode change to: AUTO
2025-06-23 19:25:53,139 - SUAS - DEBUG - [SUAS_main.main:749] - Waiting for mode change to: AUTO
2025-06-23 19:25:53,641 - SUAS - DEBUG - [SUAS_main.main:749] - Waiting for mode change to: AUTO
2025-06-23 19:25:54,142 - SUAS - DEBUG - [SUAS_main.main:749] - Waiting for mode change to: AUTO
2025-06-23 19:25:54,644 - SUAS - DEBUG - [SUAS_main.main:749] - Waiting for mode change to: AUTO
2025-06-23 19:25:55,145 - SUAS - DEBUG - [SUAS_main.main:749] - Waiting for mode change to: AUTO
2025-06-23 19:25:55,647 - SUAS - DEBUG - [SUAS_main.main:749] - Waiting for mode change to: AUTO
2025-06-23 19:25:56,148 - SUAS - DEBUG - [SUAS_main.main:749] - Waiting for mode change to: AUTO
2025-06-23 19:25:56,650 - SUAS - DEBUG - [SUAS_main.main:749] - Waiting for mode change to: AUTO
2025-06-23 19:25:57,151 - SUAS - DEBUG - [SUAS_main.main:749] - Waiting for mode change to: AUTO
2025-06-23 19:25:57,652 - SUAS - DEBUG - [SUAS_main.main:749] - Waiting for mode change to: AUTO
2025-06-23 19:25:58,153 - SUAS - DEBUG - [SUAS_main.main:749] - Waiting for mode change to: AUTO
2025-06-23 19:25:58,655 - SUAS - DEBUG - [SUAS_main.main:749] - Waiting for mode change to: AUTO
2025-06-23 19:25:59,156 - SUAS - DEBUG - [SUAS_main.main:749] - Waiting for mode change to: AUTO
2025-06-23 19:25:59,658 - SUAS - DEBUG - [SUAS_main.main:749] - Waiting for mode change to: AUTO
2025-06-23 19:26:00,160 - SUAS - DEBUG - [SUAS_main.main:749] - Waiting for mode change to: AUTO
2025-06-23 19:26:00,662 - SUAS - DEBUG - [SUAS_main.main:749] - Waiting for mode change to: AUTO
2025-06-23 19:26:01,163 - SUAS - DEBUG - [SUAS_main.main:749] - Waiting for mode change to: AUTO
2025-06-23 19:26:01,665 - SUAS - DEBUG - [SUAS_main.main:749] - Waiting for mode change to: AUTO
2025-06-23 19:26:02,166 - SUAS - DEBUG - [SUAS_main.main:749] - Waiting for mode change to: AUTO
2025-06-23 19:26:02,667 - SUAS - DEBUG - [SUAS_main.main:749] - Waiting for mode change to: AUTO
2025-06-23 19:26:03,169 - SUAS - DEBUG - [SUAS_main.main:749] - Waiting for mode change to: AUTO
2025-06-23 19:26:03,670 - SUAS - DEBUG - [SUAS_main.main:749] - Waiting for mode change to: AUTO
2025-06-23 19:26:04,171 - SUAS - DEBUG - [SUAS_main.main:749] - Waiting for mode change to: AUTO
2025-06-23 19:26:04,673 - SUAS - DEBUG - [SUAS_main.main:749] - Waiting for mode change to: AUTO
2025-06-23 19:26:05,174 - SUAS - DEBUG - [SUAS_main.main:749] - Waiting for mode change to: AUTO
2025-06-23 19:26:05,676 - SUAS - DEBUG - [SUAS_main.main:749] - Waiting for mode change to: AUTO
2025-06-23 19:26:06,177 - SUAS - DEBUG - [SUAS_main.main:749] - Waiting for mode change to: AUTO
2025-06-23 19:26:06,679 - SUAS - DEBUG - [SUAS_main.main:749] - Waiting for mode change to: AUTO
2025-06-23 19:26:07,180 - SUAS - DEBUG - [SUAS_main.main:749] - Waiting for mode change to: AUTO
2025-06-23 19:26:07,682 - SUAS - DEBUG - [SUAS_main.main:749] - Waiting for mode change to: AUTO
2025-06-23 19:26:08,184 - SUAS - DEBUG - [SUAS_main.main:749] - Waiting for mode change to: AUTO
2025-06-23 19:26:08,685 - SUAS - DEBUG - [SUAS_main.main:749] - Waiting for mode change to: AUTO
2025-06-23 19:26:09,187 - SUAS - DEBUG - [SUAS_main.main:749] - Waiting for mode change to: AUTO
2025-06-23 19:26:09,688 - SUAS - DEBUG - [SUAS_main.main:749] - Waiting for mode change to: AUTO
2025-06-23 19:26:10,190 - SUAS - DEBUG - [SUAS_main.main:749] - Waiting for mode change to: AUTO
2025-06-23 19:26:10,691 - SUAS - DEBUG - [SUAS_main.main:749] - Waiting for mode change to: AUTO
2025-06-23 19:26:11,192 - SUAS - DEBUG - [SUAS_main.main:749] - Waiting for mode change to: AUTO
2025-06-23 19:26:11,694 - SUAS - DEBUG - [SUAS_main.main:749] - Waiting for mode change to: AUTO
2025-06-23 19:26:12,195 - SUAS - DEBUG - [SUAS_main.main:749] - Waiting for mode change to: AUTO
2025-06-23 19:26:12,697 - SUAS - DEBUG - [SUAS_main.main:749] - Waiting for mode change to: AUTO
2025-06-23 19:26:13,198 - SUAS - DEBUG - [SUAS_main.main:749] - Waiting for mode change to: AUTO
2025-06-23 19:26:13,700 - SUAS - DEBUG - [SUAS_main.main:749] - Waiting for mode change to: AUTO
2025-06-23 19:26:14,202 - SUAS - DEBUG - [SUAS_main.main:749] - Waiting for mode change to: AUTO
2025-06-23 19:26:14,704 - SUAS - DEBUG - [SUAS_main.main:749] - Waiting for mode change to: AUTO
2025-06-23 19:26:15,205 - SUAS - DEBUG - [SUAS_main.main:749] - Waiting for mode change to: AUTO
2025-06-23 19:26:15,707 - SUAS - DEBUG - [SUAS_main.main:749] - Waiting for mode change to: AUTO
2025-06-23 19:26:16,208 - SUAS - DEBUG - [SUAS_main.main:749] - Waiting for mode change to: AUTO
2025-06-23 19:26:16,710 - SUAS - DEBUG - [SUAS_main.main:749] - Waiting for mode change to: AUTO
2025-06-23 19:26:17,211 - SUAS - DEBUG - [SUAS_main.main:749] - Waiting for mode change to: AUTO
2025-06-23 19:26:17,713 - SUAS - DEBUG - [SUAS_main.main:749] - Waiting for mode change to: AUTO
2025-06-23 19:26:18,214 - SUAS - DEBUG - [SUAS_main.main:749] - Waiting for mode change to: AUTO
2025-06-23 19:26:18,716 - SUAS - DEBUG - [SUAS_main.main:749] - Waiting for mode change to: AUTO
2025-06-23 19:26:19,217 - SUAS - DEBUG - [SUAS_main.main:749] - Waiting for mode change to: AUTO
2025-06-23 19:26:19,719 - SUAS - DEBUG - [SUAS_main.main:749] - Waiting for mode change to: AUTO
2025-06-23 19:26:20,220 - SUAS - DEBUG - [SUAS_main.main:749] - Waiting for mode change to: AUTO
2025-06-23 19:26:20,722 - SUAS - DEBUG - [SUAS_main.main:749] - Waiting for mode change to: AUTO
2025-06-23 19:26:21,223 - SUAS - DEBUG - [SUAS_main.main:749] - Waiting for mode change to: AUTO
2025-06-23 19:26:21,724 - SUAS - DEBUG - [SUAS_main.main:749] - Waiting for mode change to: AUTO
2025-06-23 19:26:22,226 - SUAS - DEBUG - [SUAS_main.main:749] - Waiting for mode change to: AUTO
2025-06-23 19:26:22,727 - SUAS - DEBUG - [SUAS_main.main:749] - Waiting for mode change to: AUTO
2025-06-23 19:26:23,229 - SUAS - DEBUG - [SUAS_main.main:749] - Waiting for mode change to: AUTO
2025-06-23 19:26:23,730 - SUAS - DEBUG - [SUAS_main.main:749] - Waiting for mode change to: AUTO
2025-06-23 19:26:24,231 - SUAS - DEBUG - [SUAS_main.main:749] - Waiting for mode change to: AUTO
2025-06-23 19:26:24,733 - SUAS - DEBUG - [SUAS_main.main:749] - Waiting for mode change to: AUTO
2025-06-23 19:26:25,234 - SUAS - DEBUG - [SUAS_main.main:749] - Waiting for mode change to: AUTO
2025-06-23 19:26:25,736 - SUAS - DEBUG - [SUAS_main.main:749] - Waiting for mode change to: AUTO
2025-06-23 19:26:26,237 - SUAS - DEBUG - [SUAS_main.main:749] - Waiting for mode change to: AUTO
2025-06-23 19:26:26,739 - SUAS - DEBUG - [SUAS_main.main:749] - Waiting for mode change to: AUTO
2025-06-23 19:26:27,240 - SUAS - DEBUG - [SUAS_main.main:749] - Waiting for mode change to: AUTO
2025-06-23 19:26:27,742 - SUAS - DEBUG - [SUAS_main.main:749] - Waiting for mode change to: AUTO
2025-06-23 19:26:28,243 - SUAS - DEBUG - [SUAS_main.main:749] - Waiting for mode change to: AUTO
2025-06-23 19:26:28,744 - SUAS - DEBUG - [SUAS_main.main:749] - Waiting for mode change to: AUTO
2025-06-23 19:26:29,246 - SUAS - DEBUG - [SUAS_main.main:749] - Waiting for mode change to: AUTO
2025-06-23 19:26:29,747 - SUAS - DEBUG - [SUAS_main.main:749] - Waiting for mode change to: AUTO
2025-06-23 19:26:30,248 - SUAS - DEBUG - [SUAS_main.main:749] - Waiting for mode change to: AUTO
2025-06-23 19:26:30,750 - SUAS - DEBUG - [SUAS_main.main:749] - Waiting for mode change to: AUTO
2025-06-23 19:26:31,251 - SUAS - DEBUG - [SUAS_main.main:749] - Waiting for mode change to: AUTO
2025-06-23 19:26:31,752 - SUAS - DEBUG - [SUAS_main.main:749] - Waiting for mode change to: AUTO
2025-06-23 19:26:32,254 - SUAS - DEBUG - [SUAS_main.main:749] - Waiting for mode change to: AUTO
2025-06-23 19:26:32,755 - SUAS - DEBUG - [SUAS_main.main:749] - Waiting for mode change to: AUTO
2025-06-23 19:26:33,257 - SUAS - DEBUG - [SUAS_main.main:749] - Waiting for mode change to: AUTO
2025-06-23 19:26:33,759 - SUAS - DEBUG - [SUAS_main.main:749] - Waiting for mode change to: AUTO
2025-06-23 19:26:34,260 - SUAS - DEBUG - [SUAS_main.main:749] - Waiting for mode change to: AUTO
2025-06-23 19:26:34,762 - SUAS - DEBUG - [SUAS_main.main:749] - Waiting for mode change to: AUTO
2025-06-23 19:26:35,263 - SUAS - DEBUG - [SUAS_main.main:749] - Waiting for mode change to: AUTO
2025-06-23 19:26:35,765 - SUAS - DEBUG - [SUAS_main.main:749] - Waiting for mode change to: AUTO
2025-06-23 19:26:36,266 - SUAS - DEBUG - [SUAS_main.main:749] - Waiting for mode change to: AUTO
2025-06-23 19:26:36,767 - SUAS - DEBUG - [SUAS_main.main:749] - Waiting for mode change to: AUTO
2025-06-23 19:26:37,269 - SUAS - DEBUG - [SUAS_main.main:749] - Waiting for mode change to: AUTO
2025-06-23 19:26:37,770 - SUAS - DEBUG - [SUAS_main.main:749] - Waiting for mode change to: AUTO
2025-06-23 19:26:38,271 - SUAS - DEBUG - [SUAS_main.main:749] - Waiting for mode change to: AUTO
2025-06-23 19:26:38,773 - SUAS - DEBUG - [SUAS_main.main:749] - Waiting for mode change to: AUTO
2025-06-23 19:26:39,274 - SUAS - DEBUG - [SUAS_main.main:749] - Waiting for mode change to: AUTO
2025-06-23 19:26:39,776 - SUAS - DEBUG - [SUAS_main.main:749] - Waiting for mode change to: AUTO
2025-06-23 19:26:40,277 - SUAS - DEBUG - [SUAS_main.main:749] - Waiting for mode change to: AUTO
2025-06-23 19:26:40,779 - SUAS - DEBUG - [SUAS_main.main:749] - Waiting for mode change to: AUTO
2025-06-23 19:26:41,281 - SUAS - DEBUG - [SUAS_main.main:749] - Waiting for mode change to: AUTO
2025-06-23 19:26:41,782 - SUAS - DEBUG - [SUAS_main.main:749] - Waiting for mode change to: AUTO
2025-06-23 19:26:42,284 - SUAS - DEBUG - [SUAS_main.main:749] - Waiting for mode change to: AUTO
2025-06-23 19:26:42,785 - SUAS - DEBUG - [SUAS_main.main:749] - Waiting for mode change to: AUTO
2025-06-23 19:26:43,287 - SUAS - DEBUG - [SUAS_main.main:749] - Waiting for mode change to: AUTO
2025-06-23 19:26:43,789 - SUAS - DEBUG - [SUAS_main.main:749] - Waiting for mode change to: AUTO
2025-06-23 19:26:44,290 - SUAS - DEBUG - [SUAS_main.main:749] - Waiting for mode change to: AUTO
2025-06-23 19:26:44,791 - SUAS - DEBUG - [SUAS_main.main:749] - Waiting for mode change to: AUTO
2025-06-23 19:26:45,293 - SUAS - DEBUG - [SUAS_main.main:749] - Waiting for mode change to: AUTO
2025-06-23 19:26:45,794 - SUAS - DEBUG - [SUAS_main.main:749] - Waiting for mode change to: AUTO
2025-06-23 19:26:46,295 - SUAS - DEBUG - [SUAS_main.main:749] - Waiting for mode change to: AUTO
2025-06-23 19:26:46,797 - SUAS - DEBUG - [SUAS_main.main:749] - Waiting for mode change to: AUTO
2025-06-23 19:26:47,299 - SUAS - DEBUG - [SUAS_main.main:749] - Waiting for mode change to: AUTO
2025-06-23 19:26:47,800 - SUAS - DEBUG - [SUAS_main.main:749] - Waiting for mode change to: AUTO
2025-06-23 19:26:48,303 - SUAS - DEBUG - [SUAS_main.main:749] - Waiting for mode change to: AUTO
2025-06-23 19:26:48,804 - SUAS - DEBUG - [SUAS_main.main:749] - Waiting for mode change to: AUTO
2025-06-23 19:26:49,305 - SUAS - DEBUG - [SUAS_main.main:749] - Waiting for mode change to: AUTO
2025-06-23 19:26:49,807 - SUAS - DEBUG - [SUAS_main.main:749] - Waiting for mode change to: AUTO
2025-06-23 19:26:50,308 - SUAS - DEBUG - [SUAS_main.main:749] - Waiting for mode change to: AUTO
2025-06-23 19:26:50,810 - SUAS - DEBUG - [SUAS_main.main:749] - Waiting for mode change to: AUTO
2025-06-23 19:26:51,311 - SUAS - DEBUG - [SUAS_main.main:749] - Waiting for mode change to: AUTO
2025-06-23 19:26:51,813 - SUAS - DEBUG - [SUAS_main.main:749] - Waiting for mode change to: AUTO
2025-06-23 19:26:52,314 - SUAS - DEBUG - [SUAS_main.main:749] - Waiting for mode change to: AUTO
2025-06-23 19:26:52,816 - SUAS - DEBUG - [SUAS_main.main:749] - Waiting for mode change to: AUTO
2025-06-23 19:26:53,317 - SUAS - DEBUG - [SUAS_main.main:749] - Waiting for mode change to: AUTO
2025-06-23 19:26:53,819 - SUAS - DEBUG - [SUAS_main.main:749] - Waiting for mode change to: AUTO
2025-06-23 19:26:54,321 - SUAS - DEBUG - [SUAS_main.main:749] - Waiting for mode change to: AUTO
2025-06-23 19:26:54,822 - SUAS - DEBUG - [SUAS_main.main:749] - Waiting for mode change to: AUTO
2025-06-23 19:26:55,324 - SUAS - DEBUG - [SUAS_main.main:749] - Waiting for mode change to: AUTO
2025-06-23 19:26:55,825 - SUAS - DEBUG - [SUAS_main.main:749] - Waiting for mode change to: AUTO
2025-06-23 19:26:56,327 - SUAS - DEBUG - [SUAS_main.main:749] - Waiting for mode change to: AUTO
2025-06-23 19:26:56,828 - SUAS - DEBUG - [SUAS_main.main:749] - Waiting for mode change to: AUTO
2025-06-23 19:26:57,330 - SUAS - DEBUG - [SUAS_main.main:749] - Waiting for mode change to: AUTO
2025-06-23 19:26:57,831 - SUAS - DEBUG - [SUAS_main.main:749] - Waiting for mode change to: AUTO
2025-06-23 19:26:58,332 - SUAS - DEBUG - [SUAS_main.main:749] - Waiting for mode change to: AUTO
2025-06-23 19:26:58,834 - SUAS - DEBUG - [SUAS_main.main:749] - Waiting for mode change to: AUTO
2025-06-23 19:26:59,335 - SUAS - DEBUG - [SUAS_main.main:749] - Waiting for mode change to: AUTO
2025-06-23 19:26:59,837 - SUAS - DEBUG - [SUAS_main.main:749] - Waiting for mode change to: AUTO
2025-06-23 19:27:00,338 - SUAS - DEBUG - [SUAS_main.main:749] - Waiting for mode change to: AUTO
2025-06-23 19:27:00,840 - SUAS - DEBUG - [SUAS_main.main:749] - Waiting for mode change to: AUTO
2025-06-23 19:27:01,341 - SUAS - DEBUG - [SUAS_main.main:749] - Waiting for mode change to: AUTO
2025-06-23 19:27:01,843 - SUAS - DEBUG - [SUAS_main.main:749] - Waiting for mode change to: AUTO
2025-06-23 19:27:02,344 - SUAS - DEBUG - [SUAS_main.main:749] - Waiting for mode change to: AUTO
2025-06-23 19:27:02,846 - SUAS - DEBUG - [SUAS_main.main:749] - Waiting for mode change to: AUTO
2025-06-23 19:27:03,347 - SUAS - DEBUG - [SUAS_main.main:749] - Waiting for mode change to: AUTO
2025-06-23 19:27:03,848 - SUAS - DEBUG - [SUAS_main.main:749] - Waiting for mode change to: AUTO
2025-06-23 19:27:04,350 - SUAS - DEBUG - [SUAS_main.main:749] - Waiting for mode change to: AUTO
2025-06-23 19:27:04,851 - SUAS - DEBUG - [SUAS_main.main:749] - Waiting for mode change to: AUTO
2025-06-23 19:27:05,353 - SUAS - DEBUG - [SUAS_main.main:749] - Waiting for mode change to: AUTO
2025-06-23 19:27:05,854 - SUAS - DEBUG - [SUAS_main.main:749] - Waiting for mode change to: AUTO
2025-06-23 19:27:06,356 - SUAS - DEBUG - [SUAS_main.main:749] - Waiting for mode change to: AUTO
2025-06-23 19:27:06,857 - SUAS - DEBUG - [SUAS_main.main:749] - Waiting for mode change to: AUTO
2025-06-23 19:27:07,359 - SUAS - DEBUG - [SUAS_main.main:749] - Waiting for mode change to: AUTO
2025-06-23 19:27:07,861 - SUAS - DEBUG - [SUAS_main.main:749] - Waiting for mode change to: AUTO
2025-06-23 19:27:08,363 - SUAS - DEBUG - [SUAS_main.main:749] - Waiting for mode change to: AUTO
2025-06-23 19:27:08,864 - SUAS - DEBUG - [SUAS_main.main:749] - Waiting for mode change to: AUTO
2025-06-23 19:27:09,366 - SUAS - DEBUG - [SUAS_main.main:749] - Waiting for mode change to: AUTO
2025-06-23 19:27:09,867 - SUAS - DEBUG - [SUAS_main.main:749] - Waiting for mode change to: AUTO
2025-06-23 19:27:10,369 - SUAS - DEBUG - [SUAS_main.main:749] - Waiting for mode change to: AUTO
2025-06-23 19:27:10,870 - SUAS - DEBUG - [SUAS_main.main:749] - Waiting for mode change to: AUTO
2025-06-23 19:27:11,372 - SUAS - DEBUG - [SUAS_main.main:749] - Waiting for mode change to: AUTO
2025-06-23 19:27:11,873 - SUAS - DEBUG - [SUAS_main.main:749] - Waiting for mode change to: AUTO
2025-06-23 19:27:12,375 - SUAS - DEBUG - [SUAS_main.main:749] - Waiting for mode change to: AUTO
2025-06-23 19:27:12,876 - SUAS - DEBUG - [SUAS_main.main:749] - Waiting for mode change to: AUTO
2025-06-23 19:27:13,378 - SUAS - DEBUG - [SUAS_main.main:749] - Waiting for mode change to: AUTO
2025-06-23 19:27:13,880 - SUAS - DEBUG - [SUAS_main.main:749] - Waiting for mode change to: AUTO
2025-06-23 19:27:14,381 - SUAS - DEBUG - [SUAS_main.main:749] - Waiting for mode change to: AUTO
2025-06-23 19:27:14,883 - SUAS - DEBUG - [SUAS_main.main:749] - Waiting for mode change to: AUTO
2025-06-23 19:27:15,384 - SUAS - DEBUG - [SUAS_main.main:749] - Waiting for mode change to: AUTO
2025-06-23 19:27:15,886 - SUAS - DEBUG - [SUAS_main.main:749] - Waiting for mode change to: AUTO
2025-06-23 19:27:16,387 - SUAS - DEBUG - [SUAS_main.main:749] - Waiting for mode change to: AUTO
2025-06-23 19:27:16,888 - SUAS - DEBUG - [SUAS_main.main:749] - Waiting for mode change to: AUTO
2025-06-23 19:27:17,390 - SUAS - DEBUG - [SUAS_main.main:749] - Waiting for mode change to: AUTO
2025-06-23 19:27:17,891 - SUAS - DEBUG - [SUAS_main.main:749] - Waiting for mode change to: AUTO
2025-06-23 19:27:18,393 - SUAS - DEBUG - [SUAS_main.main:749] - Waiting for mode change to: AUTO
2025-06-23 19:27:18,894 - SUAS - DEBUG - [SUAS_main.main:749] - Waiting for mode change to: AUTO
2025-06-23 19:27:19,395 - SUAS - DEBUG - [SUAS_main.main:749] - Waiting for mode change to: AUTO
2025-06-23 19:27:19,897 - SUAS - DEBUG - [SUAS_main.main:749] - Waiting for mode change to: AUTO
2025-06-23 19:27:20,399 - SUAS - DEBUG - [SUAS_main.main:749] - Waiting for mode change to: AUTO
2025-06-23 19:27:20,900 - SUAS - DEBUG - [SUAS_main.main:749] - Waiting for mode change to: AUTO
2025-06-23 19:27:21,402 - SUAS - DEBUG - [SUAS_main.main:749] - Waiting for mode change to: AUTO
2025-06-23 19:27:21,903 - SUAS - DEBUG - [SUAS_main.main:749] - Waiting for mode change to: AUTO
2025-06-23 19:27:22,404 - SUAS - DEBUG - [SUAS_main.main:749] - Waiting for mode change to: AUTO
2025-06-23 19:27:22,906 - SUAS - DEBUG - [SUAS_main.main:749] - Waiting for mode change to: AUTO
2025-06-23 19:27:23,407 - SUAS - DEBUG - [SUAS_main.main:749] - Waiting for mode change to: AUTO
2025-06-23 19:27:23,908 - SUAS - DEBUG - [SUAS_main.main:749] - Waiting for mode change to: AUTO
2025-06-23 19:27:24,410 - SUAS - DEBUG - [SUAS_main.main:749] - Waiting for mode change to: AUTO
2025-06-23 19:27:24,911 - SUAS - DEBUG - [SUAS_main.main:749] - Waiting for mode change to: AUTO
2025-06-23 19:27:25,413 - SUAS - DEBUG - [SUAS_main.main:749] - Waiting for mode change to: AUTO
2025-06-23 19:27:25,914 - SUAS - DEBUG - [SUAS_main.main:749] - Waiting for mode change to: AUTO
2025-06-23 19:27:26,415 - SUAS - DEBUG - [SUAS_main.main:749] - Waiting for mode change to: AUTO
2025-06-23 19:27:26,916 - SUAS - DEBUG - [SUAS_main.main:749] - Waiting for mode change to: AUTO
2025-06-23 19:27:27,418 - SUAS - DEBUG - [SUAS_main.main:749] - Waiting for mode change to: AUTO
2025-06-23 19:27:27,920 - SUAS - DEBUG - [SUAS_main.main:749] - Waiting for mode change to: AUTO
2025-06-23 19:27:28,421 - SUAS - DEBUG - [SUAS_main.main:749] - Waiting for mode change to: AUTO
2025-06-23 19:27:28,923 - SUAS - DEBUG - [SUAS_main.main:749] - Waiting for mode change to: AUTO
2025-06-23 19:27:29,424 - SUAS - DEBUG - [SUAS_main.main:749] - Waiting for mode change to: AUTO
2025-06-23 19:27:29,926 - SUAS - DEBUG - [SUAS_main.main:749] - Waiting for mode change to: AUTO
2025-06-23 19:27:30,427 - SUAS - DEBUG - [SUAS_main.main:749] - Waiting for mode change to: AUTO
2025-06-23 19:27:30,929 - SUAS - DEBUG - [SUAS_main.main:749] - Waiting for mode change to: AUTO
2025-06-23 19:27:31,430 - SUAS - DEBUG - [SUAS_main.main:749] - Waiting for mode change to: AUTO
2025-06-23 19:27:31,931 - SUAS - DEBUG - [SUAS_main.main:749] - Waiting for mode change to: AUTO
2025-06-23 19:27:32,432 - SUAS - DEBUG - [SUAS_main.main:749] - Waiting for mode change to: AUTO
2025-06-23 19:27:32,934 - SUAS - DEBUG - [SUAS_main.main:749] - Waiting for mode change to: AUTO
2025-06-23 19:27:33,435 - SUAS - DEBUG - [SUAS_main.main:749] - Waiting for mode change to: AUTO
2025-06-23 19:27:33,936 - SUAS - DEBUG - [SUAS_main.main:749] - Waiting for mode change to: AUTO
2025-06-23 19:27:34,438 - SUAS - DEBUG - [SUAS_main.main:749] - Waiting for mode change to: AUTO
2025-06-23 19:27:34,939 - SUAS - DEBUG - [SUAS_main.main:749] - Waiting for mode change to: AUTO
2025-06-23 19:27:35,441 - SUAS - DEBUG - [SUAS_main.main:749] - Waiting for mode change to: AUTO
2025-06-23 19:27:35,942 - SUAS - DEBUG - [SUAS_main.main:749] - Waiting for mode change to: AUTO
2025-06-23 19:27:36,444 - SUAS - DEBUG - [SUAS_main.main:749] - Waiting for mode change to: AUTO
2025-06-23 19:27:36,945 - SUAS - DEBUG - [SUAS_main.main:749] - Waiting for mode change to: AUTO
2025-06-23 19:27:37,447 - SUAS - DEBUG - [SUAS_main.main:749] - Waiting for mode change to: AUTO
2025-06-23 19:27:37,948 - SUAS - DEBUG - [SUAS_main.main:749] - Waiting for mode change to: AUTO
2025-06-23 19:27:38,450 - SUAS - DEBUG - [SUAS_main.main:749] - Waiting for mode change to: AUTO
2025-06-23 19:27:38,951 - SUAS - DEBUG - [SUAS_main.main:749] - Waiting for mode change to: AUTO
2025-06-23 19:27:39,452 - SUAS - DEBUG - [SUAS_main.main:749] - Waiting for mode change to: AUTO
2025-06-23 19:27:39,954 - SUAS - DEBUG - [SUAS_main.main:749] - Waiting for mode change to: AUTO
2025-06-23 19:27:40,455 - SUAS - DEBUG - [SUAS_main.main:749] - Waiting for mode change to: AUTO
2025-06-23 19:27:40,957 - SUAS - DEBUG - [SUAS_main.main:749] - Waiting for mode change to: AUTO
2025-06-23 19:27:41,459 - SUAS - DEBUG - [SUAS_main.main:749] - Waiting for mode change to: AUTO
2025-06-23 19:27:41,960 - SUAS - DEBUG - [SUAS_main.main:749] - Waiting for mode change to: AUTO
2025-06-23 19:27:42,461 - SUAS - DEBUG - [SUAS_main.main:749] - Waiting for mode change to: AUTO
2025-06-23 19:27:42,963 - SUAS - DEBUG - [SUAS_main.main:749] - Waiting for mode change to: AUTO
2025-06-23 19:27:43,465 - SUAS - DEBUG - [SUAS_main.main:749] - Waiting for mode change to: AUTO
2025-06-23 19:27:43,966 - SUAS - DEBUG - [SUAS_main.main:749] - Waiting for mode change to: AUTO
2025-06-23 19:27:44,467 - SUAS - DEBUG - [SUAS_main.main:749] - Waiting for mode change to: AUTO
2025-06-23 19:27:44,969 - SUAS - DEBUG - [SUAS_main.main:749] - Waiting for mode change to: AUTO
2025-06-23 19:27:45,470 - SUAS - DEBUG - [SUAS_main.main:749] - Waiting for mode change to: AUTO
2025-06-23 19:27:45,972 - SUAS - DEBUG - [SUAS_main.main:749] - Waiting for mode change to: AUTO
2025-06-23 19:27:46,473 - SUAS - DEBUG - [SUAS_main.main:749] - Waiting for mode change to: AUTO
2025-06-23 19:27:46,974 - SUAS - DEBUG - [SUAS_main.main:749] - Waiting for mode change to: AUTO
2025-06-23 19:27:47,476 - SUAS - DEBUG - [SUAS_main.main:749] - Waiting for mode change to: AUTO
2025-06-23 19:27:47,978 - SUAS - DEBUG - [SUAS_main.main:749] - Waiting for mode change to: AUTO
2025-06-23 19:27:48,479 - SUAS - DEBUG - [SUAS_main.main:749] - Waiting for mode change to: AUTO
2025-06-23 19:27:48,981 - SUAS - DEBUG - [SUAS_main.main:749] - Waiting for mode change to: AUTO
2025-06-23 19:27:49,483 - SUAS - DEBUG - [SUAS_main.main:749] - Waiting for mode change to: AUTO
2025-06-23 19:27:49,984 - SUAS - DEBUG - [SUAS_main.main:749] - Waiting for mode change to: AUTO
2025-06-23 19:27:50,486 - SUAS - DEBUG - [SUAS_main.main:749] - Waiting for mode change to: AUTO
2025-06-23 19:27:50,987 - SUAS - DEBUG - [SUAS_main.main:749] - Waiting for mode change to: AUTO
2025-06-23 19:27:51,488 - SUAS - DEBUG - [SUAS_main.main:749] - Waiting for mode change to: AUTO
2025-06-23 19:27:51,990 - SUAS - DEBUG - [SUAS_main.main:749] - Waiting for mode change to: AUTO
2025-06-23 19:27:52,491 - SUAS - DEBUG - [SUAS_main.main:749] - Waiting for mode change to: AUTO
2025-06-23 19:27:52,993 - SUAS - DEBUG - [SUAS_main.main:749] - Waiting for mode change to: AUTO
2025-06-23 19:27:53,494 - SUAS - DEBUG - [SUAS_main.main:749] - Waiting for mode change to: AUTO
2025-06-23 19:27:53,995 - SUAS - DEBUG - [SUAS_main.main:749] - Waiting for mode change to: AUTO
2025-06-23 19:27:54,497 - SUAS - DEBUG - [SUAS_main.main:749] - Waiting for mode change to: AUTO
2025-06-23 19:27:54,999 - SUAS - DEBUG - [SUAS_main.main:749] - Waiting for mode change to: AUTO
2025-06-23 19:27:55,500 - SUAS - DEBUG - [SUAS_main.main:749] - Waiting for mode change to: AUTO
2025-06-23 19:27:56,002 - SUAS - DEBUG - [SUAS_main.main:749] - Waiting for mode change to: AUTO
2025-06-23 19:27:56,503 - SUAS - DEBUG - [SUAS_main.main:749] - Waiting for mode change to: AUTO
2025-06-23 19:27:57,005 - SUAS - DEBUG - [SUAS_main.main:749] - Waiting for mode change to: AUTO
2025-06-23 19:27:57,506 - SUAS - DEBUG - [SUAS_main.main:749] - Waiting for mode change to: AUTO
2025-06-23 19:27:58,007 - SUAS - DEBUG - [SUAS_main.main:749] - Waiting for mode change to: AUTO
2025-06-23 19:27:58,509 - SUAS - DEBUG - [SUAS_main.main:749] - Waiting for mode change to: AUTO
2025-06-23 19:27:59,010 - SUAS - DEBUG - [SUAS_main.main:749] - Waiting for mode change to: AUTO
2025-06-23 19:27:59,511 - SUAS - DEBUG - [SUAS_main.main:749] - Waiting for mode change to: AUTO
2025-06-23 19:28:00,012 - SUAS - DEBUG - [SUAS_main.main:749] - Waiting for mode change to: AUTO
2025-06-23 19:28:00,514 - SUAS - DEBUG - [SUAS_main.main:749] - Waiting for mode change to: AUTO
2025-06-23 19:28:01,015 - SUAS - DEBUG - [SUAS_main.main:749] - Waiting for mode change to: AUTO
2025-06-23 19:28:01,517 - SUAS - DEBUG - [SUAS_main.main:749] - Waiting for mode change to: AUTO
2025-06-23 19:28:02,018 - SUAS - DEBUG - [SUAS_main.main:749] - Waiting for mode change to: AUTO
2025-06-23 19:28:02,520 - SUAS - DEBUG - [SUAS_main.main:749] - Waiting for mode change to: AUTO
2025-06-23 19:28:03,022 - SUAS - DEBUG - [SUAS_main.main:749] - Waiting for mode change to: AUTO
2025-06-23 19:28:03,523 - SUAS - DEBUG - [SUAS_main.main:749] - Waiting for mode change to: AUTO
2025-06-23 19:28:04,024 - SUAS - DEBUG - [SUAS_main.main:749] - Waiting for mode change to: AUTO
2025-06-23 19:28:04,526 - SUAS - DEBUG - [SUAS_main.main:749] - Waiting for mode change to: AUTO
2025-06-23 19:28:05,027 - SUAS - DEBUG - [SUAS_main.main:749] - Waiting for mode change to: AUTO
2025-06-23 19:28:05,528 - SUAS - DEBUG - [SUAS_main.main:749] - Waiting for mode change to: AUTO
2025-06-23 19:28:06,030 - SUAS - DEBUG - [SUAS_main.main:749] - Waiting for mode change to: AUTO
2025-06-23 19:28:06,531 - SUAS - DEBUG - [SUAS_main.main:749] - Waiting for mode change to: AUTO
2025-06-23 19:28:07,032 - SUAS - DEBUG - [SUAS_main.main:749] - Waiting for mode change to: AUTO
2025-06-23 19:28:07,534 - SUAS - DEBUG - [SUAS_main.main:749] - Waiting for mode change to: AUTO
2025-06-23 19:28:08,035 - SUAS - DEBUG - [SUAS_main.main:749] - Waiting for mode change to: AUTO
2025-06-23 19:28:08,537 - SUAS - DEBUG - [SUAS_main.main:749] - Waiting for mode change to: AUTO
2025-06-23 19:28:09,038 - SUAS - DEBUG - [SUAS_main.main:749] - Waiting for mode change to: AUTO
2025-06-23 19:28:09,540 - SUAS - DEBUG - [SUAS_main.main:749] - Waiting for mode change to: AUTO
2025-06-23 19:28:10,042 - SUAS - DEBUG - [SUAS_main.main:749] - Waiting for mode change to: AUTO
2025-06-23 19:28:10,543 - SUAS - DEBUG - [SUAS_main.main:749] - Waiting for mode change to: AUTO
2025-06-23 19:28:11,045 - SUAS - DEBUG - [SUAS_main.main:749] - Waiting for mode change to: AUTO
2025-06-23 19:28:11,546 - SUAS - DEBUG - [SUAS_main.main:749] - Waiting for mode change to: AUTO
2025-06-23 19:28:12,048 - SUAS - DEBUG - [SUAS_main.main:749] - Waiting for mode change to: AUTO
2025-06-23 19:28:12,549 - SUAS - DEBUG - [SUAS_main.main:749] - Waiting for mode change to: AUTO
2025-06-23 19:28:13,051 - SUAS - DEBUG - [SUAS_main.main:749] - Waiting for mode change to: AUTO
2025-06-23 19:28:13,552 - SUAS - DEBUG - [SUAS_main.main:749] - Waiting for mode change to: AUTO
2025-06-23 19:28:14,054 - SUAS - DEBUG - [SUAS_main.main:749] - Waiting for mode change to: AUTO
2025-06-23 19:28:14,555 - SUAS - DEBUG - [SUAS_main.main:749] - Waiting for mode change to: AUTO
2025-06-23 19:28:15,057 - SUAS - DEBUG - [SUAS_main.main:749] - Waiting for mode change to: AUTO
2025-06-23 19:28:15,558 - SUAS - DEBUG - [SUAS_main.main:749] - Waiting for mode change to: AUTO
2025-06-23 19:28:16,060 - SUAS - DEBUG - [SUAS_main.main:749] - Waiting for mode change to: AUTO
2025-06-23 19:28:16,561 - SUAS - DEBUG - [SUAS_main.main:749] - Waiting for mode change to: AUTO
2025-06-23 19:28:17,063 - SUAS - DEBUG - [SUAS_main.main:749] - Waiting for mode change to: AUTO
2025-06-23 19:28:17,565 - SUAS - DEBUG - [SUAS_main.main:749] - Waiting for mode change to: AUTO
2025-06-23 19:28:18,066 - SUAS - DEBUG - [SUAS_main.main:749] - Waiting for mode change to: AUTO
2025-06-23 19:28:18,568 - SUAS - DEBUG - [SUAS_main.main:749] - Waiting for mode change to: AUTO
2025-06-23 19:28:19,069 - SUAS - DEBUG - [SUAS_main.main:749] - Waiting for mode change to: AUTO
2025-06-23 19:28:19,571 - SUAS - DEBUG - [SUAS_main.main:749] - Waiting for mode change to: AUTO
2025-06-23 19:28:20,072 - SUAS - DEBUG - [SUAS_main.main:749] - Waiting for mode change to: AUTO
2025-06-23 19:28:20,574 - SUAS - DEBUG - [SUAS_main.main:749] - Waiting for mode change to: AUTO
2025-06-23 19:28:21,075 - SUAS - DEBUG - [SUAS_main.main:749] - Waiting for mode change to: AUTO
2025-06-23 19:28:21,577 - SUAS - DEBUG - [SUAS_main.main:749] - Waiting for mode change to: AUTO
2025-06-23 19:28:22,078 - SUAS - DEBUG - [SUAS_main.main:749] - Waiting for mode change to: AUTO
2025-06-23 19:28:22,580 - SUAS - DEBUG - [SUAS_main.main:749] - Waiting for mode change to: AUTO
2025-06-23 19:28:23,081 - SUAS - DEBUG - [SUAS_main.main:749] - Waiting for mode change to: AUTO
2025-06-23 19:28:23,583 - SUAS - DEBUG - [SUAS_main.main:749] - Waiting for mode change to: AUTO
2025-06-23 19:28:24,085 - SUAS - DEBUG - [SUAS_main.main:749] - Waiting for mode change to: AUTO
2025-06-23 19:28:24,586 - SUAS - DEBUG - [SUAS_main.main:749] - Waiting for mode change to: AUTO
2025-06-23 19:28:25,087 - SUAS - DEBUG - [SUAS_main.main:749] - Waiting for mode change to: AUTO
2025-06-23 19:28:25,588 - SUAS - DEBUG - [SUAS_main.main:749] - Waiting for mode change to: AUTO
2025-06-23 19:28:26,090 - SUAS - DEBUG - [SUAS_main.main:749] - Waiting for mode change to: AUTO
2025-06-23 19:28:26,591 - SUAS - DEBUG - [SUAS_main.main:749] - Waiting for mode change to: AUTO
2025-06-23 19:28:27,093 - SUAS - DEBUG - [SUAS_main.main:749] - Waiting for mode change to: AUTO
2025-06-23 19:28:27,594 - SUAS - DEBUG - [SUAS_main.main:749] - Waiting for mode change to: AUTO
2025-06-23 19:28:28,095 - SUAS - DEBUG - [SUAS_main.main:749] - Waiting for mode change to: AUTO
2025-06-23 19:28:28,597 - SUAS - DEBUG - [SUAS_main.main:749] - Waiting for mode change to: AUTO
2025-06-23 19:28:29,099 - SUAS - DEBUG - [SUAS_main.main:749] - Waiting for mode change to: AUTO
2025-06-23 19:28:29,601 - SUAS - DEBUG - [SUAS_main.main:749] - Waiting for mode change to: AUTO
2025-06-23 19:28:30,102 - SUAS - DEBUG - [SUAS_main.main:749] - Waiting for mode change to: AUTO
2025-06-23 19:28:30,604 - SUAS - DEBUG - [SUAS_main.main:749] - Waiting for mode change to: AUTO
2025-06-23 19:28:31,105 - SUAS - DEBUG - [SUAS_main.main:749] - Waiting for mode change to: AUTO
2025-06-23 19:28:31,607 - SUAS - DEBUG - [SUAS_main.main:749] - Waiting for mode change to: AUTO
2025-06-23 19:28:32,108 - SUAS - DEBUG - [SUAS_main.main:749] - Waiting for mode change to: AUTO
2025-06-23 19:28:32,610 - SUAS - DEBUG - [SUAS_main.main:749] - Waiting for mode change to: AUTO
2025-06-23 19:28:33,111 - SUAS - DEBUG - [SUAS_main.main:749] - Waiting for mode change to: AUTO
2025-06-23 19:28:33,612 - SUAS - DEBUG - [SUAS_main.main:749] - Waiting for mode change to: AUTO
2025-06-23 19:28:34,114 - SUAS - DEBUG - [SUAS_main.main:749] - Waiting for mode change to: AUTO
2025-06-23 19:28:34,615 - SUAS - DEBUG - [SUAS_main.main:749] - Waiting for mode change to: AUTO
2025-06-23 19:28:35,117 - SUAS - DEBUG - [SUAS_main.main:749] - Waiting for mode change to: AUTO
2025-06-23 19:28:35,619 - SUAS - DEBUG - [SUAS_main.main:749] - Waiting for mode change to: AUTO
2025-06-23 19:28:36,120 - SUAS - DEBUG - [SUAS_main.main:749] - Waiting for mode change to: AUTO
2025-06-23 19:28:36,622 - SUAS - DEBUG - [SUAS_main.main:749] - Waiting for mode change to: AUTO
2025-06-23 19:28:37,123 - SUAS - DEBUG - [SUAS_main.main:749] - Waiting for mode change to: AUTO
2025-06-23 19:28:37,625 - SUAS - DEBUG - [SUAS_main.main:749] - Waiting for mode change to: AUTO
2025-06-23 19:28:38,126 - SUAS - DEBUG - [SUAS_main.main:749] - Waiting for mode change to: AUTO
2025-06-23 19:28:38,628 - SUAS - DEBUG - [SUAS_main.main:749] - Waiting for mode change to: AUTO
2025-06-23 19:28:39,129 - SUAS - DEBUG - [SUAS_main.main:749] - Waiting for mode change to: AUTO
2025-06-23 19:28:39,631 - SUAS - DEBUG - [SUAS_main.main:749] - Waiting for mode change to: AUTO
2025-06-23 19:28:40,132 - SUAS - DEBUG - [SUAS_main.main:749] - Waiting for mode change to: AUTO
2025-06-23 19:28:40,634 - SUAS - DEBUG - [SUAS_main.main:749] - Waiting for mode change to: AUTO
2025-06-23 19:28:41,135 - SUAS - DEBUG - [SUAS_main.main:749] - Waiting for mode change to: AUTO
2025-06-23 19:28:41,636 - SUAS - DEBUG - [SUAS_main.main:749] - Waiting for mode change to: AUTO
2025-06-23 19:28:42,138 - SUAS - DEBUG - [SUAS_main.main:749] - Waiting for mode change to: AUTO
2025-06-23 19:28:42,640 - SUAS - DEBUG - [SUAS_main.main:749] - Waiting for mode change to: AUTO
2025-06-23 19:28:43,141 - SUAS - DEBUG - [SUAS_main.main:749] - Waiting for mode change to: AUTO
2025-06-23 19:28:43,643 - SUAS - DEBUG - [SUAS_main.main:749] - Waiting for mode change to: AUTO
2025-06-23 19:28:44,144 - SUAS - DEBUG - [SUAS_main.main:749] - Waiting for mode change to: AUTO
2025-06-23 19:28:44,646 - SUAS - DEBUG - [SUAS_main.main:749] - Waiting for mode change to: AUTO
2025-06-23 19:28:45,147 - SUAS - DEBUG - [SUAS_main.main:749] - Waiting for mode change to: AUTO
2025-06-23 19:28:45,649 - SUAS - DEBUG - [SUAS_main.main:749] - Waiting for mode change to: AUTO
2025-06-23 19:28:46,150 - SUAS - DEBUG - [SUAS_main.main:749] - Waiting for mode change to: AUTO
2025-06-23 19:28:46,651 - SUAS - DEBUG - [SUAS_main.main:749] - Waiting for mode change to: AUTO
2025-06-23 19:28:47,152 - SUAS - DEBUG - [SUAS_main.main:749] - Waiting for mode change to: AUTO
2025-06-23 19:28:47,654 - SUAS - DEBUG - [SUAS_main.main:749] - Waiting for mode change to: AUTO
2025-06-23 19:28:48,155 - SUAS - DEBUG - [SUAS_main.main:749] - Waiting for mode change to: AUTO
2025-06-23 19:28:48,656 - SUAS - DEBUG - [SUAS_main.main:749] - Waiting for mode change to: AUTO
2025-06-23 19:28:49,158 - SUAS - DEBUG - [SUAS_main.main:749] - Waiting for mode change to: AUTO
2025-06-23 19:28:49,660 - SUAS - DEBUG - [SUAS_main.main:749] - Waiting for mode change to: AUTO
2025-06-23 19:28:50,162 - SUAS - DEBUG - [SUAS_main.main:749] - Waiting for mode change to: AUTO
2025-06-23 19:28:50,663 - SUAS - DEBUG - [SUAS_main.main:749] - Waiting for mode change to: AUTO
2025-06-23 19:28:51,164 - SUAS - DEBUG - [SUAS_main.main:749] - Waiting for mode change to: AUTO
2025-06-23 19:28:51,666 - SUAS - DEBUG - [SUAS_main.main:749] - Waiting for mode change to: AUTO
2025-06-23 19:28:52,167 - SUAS - DEBUG - [SUAS_main.main:749] - Waiting for mode change to: AUTO
2025-06-23 19:28:52,668 - SUAS - DEBUG - [SUAS_main.main:749] - Waiting for mode change to: AUTO
2025-06-23 19:28:53,170 - SUAS - DEBUG - [SUAS_main.main:749] - Waiting for mode change to: AUTO
2025-06-23 19:28:53,671 - SUAS - DEBUG - [SUAS_main.main:749] - Waiting for mode change to: AUTO
2025-06-23 19:28:54,172 - SUAS - DEBUG - [SUAS_main.main:749] - Waiting for mode change to: AUTO
2025-06-23 19:28:54,674 - SUAS - DEBUG - [SUAS_main.main:749] - Waiting for mode change to: AUTO
2025-06-23 19:28:55,175 - SUAS - DEBUG - [SUAS_main.main:749] - Waiting for mode change to: AUTO
2025-06-23 19:28:55,677 - SUAS - DEBUG - [SUAS_main.main:749] - Waiting for mode change to: AUTO
2025-06-23 19:28:56,178 - SUAS - DEBUG - [SUAS_main.main:749] - Waiting for mode change to: AUTO
2025-06-23 19:28:56,680 - SUAS - DEBUG - [SUAS_main.main:749] - Waiting for mode change to: AUTO
2025-06-23 19:28:57,181 - SUAS - DEBUG - [SUAS_main.main:749] - Waiting for mode change to: AUTO
2025-06-23 19:28:57,683 - SUAS - DEBUG - [SUAS_main.main:749] - Waiting for mode change to: AUTO
2025-06-23 19:28:58,184 - SUAS - DEBUG - [SUAS_main.main:749] - Waiting for mode change to: AUTO
2025-06-23 19:28:58,686 - SUAS - DEBUG - [SUAS_main.main:749] - Waiting for mode change to: AUTO
2025-06-23 19:28:59,187 - SUAS - DEBUG - [SUAS_main.main:749] - Waiting for mode change to: AUTO
2025-06-23 19:28:59,688 - SUAS - DEBUG - [SUAS_main.main:749] - Waiting for mode change to: AUTO
2025-06-23 19:29:00,190 - SUAS - DEBUG - [SUAS_main.main:749] - Waiting for mode change to: AUTO
2025-06-23 19:29:00,691 - SUAS - DEBUG - [SUAS_main.main:749] - Waiting for mode change to: AUTO
2025-06-23 19:29:01,192 - SUAS - DEBUG - [SUAS_main.main:749] - Waiting for mode change to: AUTO
2025-06-23 19:29:01,694 - SUAS - DEBUG - [SUAS_main.main:749] - Waiting for mode change to: AUTO
2025-06-23 19:29:02,195 - SUAS - DEBUG - [SUAS_main.main:749] - Waiting for mode change to: AUTO
2025-06-23 19:29:02,696 - SUAS - DEBUG - [SUAS_main.main:749] - Waiting for mode change to: AUTO
2025-06-23 19:29:03,198 - SUAS - DEBUG - [SUAS_main.main:749] - Waiting for mode change to: AUTO
2025-06-23 19:29:03,700 - SUAS - DEBUG - [SUAS_main.main:749] - Waiting for mode change to: AUTO
2025-06-23 19:29:04,201 - SUAS - DEBUG - [SUAS_main.main:749] - Waiting for mode change to: AUTO
2025-06-23 19:29:04,703 - SUAS - DEBUG - [SUAS_main.main:749] - Waiting for mode change to: AUTO
2025-06-23 19:29:05,205 - SUAS - DEBUG - [SUAS_main.main:749] - Waiting for mode change to: AUTO
2025-06-23 19:29:05,706 - SUAS - DEBUG - [SUAS_main.main:749] - Waiting for mode change to: AUTO
2025-06-23 19:29:06,207 - SUAS - DEBUG - [SUAS_main.main:749] - Waiting for mode change to: AUTO
2025-06-23 19:29:06,709 - SUAS - DEBUG - [SUAS_main.main:749] - Waiting for mode change to: AUTO
2025-06-23 19:29:07,210 - SUAS - DEBUG - [SUAS_main.main:749] - Waiting for mode change to: AUTO
2025-06-23 19:29:07,711 - SUAS - DEBUG - [SUAS_main.main:749] - Waiting for mode change to: AUTO
2025-06-23 19:29:08,213 - SUAS - DEBUG - [SUAS_main.main:749] - Waiting for mode change to: AUTO
2025-06-23 19:29:08,714 - SUAS - DEBUG - [SUAS_main.main:749] - Waiting for mode change to: AUTO
2025-06-23 19:29:09,215 - SUAS - DEBUG - [SUAS_main.main:749] - Waiting for mode change to: AUTO
2025-06-23 19:29:09,717 - SUAS - DEBUG - [SUAS_main.main:749] - Waiting for mode change to: AUTO
2025-06-23 19:29:10,218 - SUAS - DEBUG - [SUAS_main.main:749] - Waiting for mode change to: AUTO
2025-06-23 19:29:10,720 - SUAS - DEBUG - [SUAS_main.main:749] - Waiting for mode change to: AUTO
2025-06-23 19:29:11,221 - SUAS - DEBUG - [SUAS_main.main:749] - Waiting for mode change to: AUTO
2025-06-23 19:29:11,723 - SUAS - DEBUG - [SUAS_main.main:749] - Waiting for mode change to: AUTO
2025-06-23 19:29:12,224 - SUAS - DEBUG - [SUAS_main.main:749] - Waiting for mode change to: AUTO
2025-06-23 19:29:12,726 - SUAS - DEBUG - [SUAS_main.main:749] - Waiting for mode change to: AUTO
2025-06-23 19:29:13,227 - SUAS - DEBUG - [SUAS_main.main:749] - Waiting for mode change to: AUTO
2025-06-23 19:29:13,728 - SUAS - DEBUG - [SUAS_main.main:749] - Waiting for mode change to: AUTO
2025-06-23 19:29:14,230 - SUAS - DEBUG - [SUAS_main.main:749] - Waiting for mode change to: AUTO
2025-06-23 19:29:14,731 - SUAS - DEBUG - [SUAS_main.main:749] - Waiting for mode change to: AUTO
2025-06-23 19:29:15,232 - SUAS - DEBUG - [SUAS_main.main:749] - Waiting for mode change to: AUTO
2025-06-23 19:29:15,734 - SUAS - DEBUG - [SUAS_main.main:749] - Waiting for mode change to: AUTO
2025-06-23 19:29:16,235 - SUAS - DEBUG - [SUAS_main.main:749] - Waiting for mode change to: AUTO
2025-06-23 19:29:16,736 - SUAS - DEBUG - [SUAS_main.main:749] - Waiting for mode change to: AUTO
2025-06-23 19:29:17,238 - SUAS - DEBUG - [SUAS_main.main:749] - Waiting for mode change to: AUTO
2025-06-23 19:29:17,740 - SUAS - DEBUG - [SUAS_main.main:749] - Waiting for mode change to: AUTO
2025-06-23 19:29:18,241 - SUAS - DEBUG - [SUAS_main.main:749] - Waiting for mode change to: AUTO
2025-06-23 19:29:18,743 - SUAS - DEBUG - [SUAS_main.main:749] - Waiting for mode change to: AUTO
2025-06-23 19:29:19,245 - SUAS - DEBUG - [SUAS_main.main:749] - Waiting for mode change to: AUTO
2025-06-23 19:29:19,746 - SUAS - DEBUG - [SUAS_main.main:749] - Waiting for mode change to: AUTO
2025-06-23 19:29:20,247 - SUAS - DEBUG - [SUAS_main.main:749] - Waiting for mode change to: AUTO
2025-06-23 19:29:20,749 - SUAS - DEBUG - [SUAS_main.main:749] - Waiting for mode change to: AUTO
2025-06-23 19:29:21,250 - SUAS - DEBUG - [SUAS_main.main:749] - Waiting for mode change to: AUTO
2025-06-23 19:29:21,751 - SUAS - DEBUG - [SUAS_main.main:749] - Waiting for mode change to: AUTO
2025-06-23 19:29:22,253 - SUAS - DEBUG - [SUAS_main.main:749] - Waiting for mode change to: AUTO
2025-06-23 19:29:22,754 - SUAS - DEBUG - [SUAS_main.main:749] - Waiting for mode change to: AUTO
2025-06-23 19:29:23,255 - SUAS - DEBUG - [SUAS_main.main:749] - Waiting for mode change to: AUTO
2025-06-23 19:29:23,757 - SUAS - DEBUG - [SUAS_main.main:749] - Waiting for mode change to: AUTO
2025-06-23 19:29:24,258 - SUAS - DEBUG - [SUAS_main.main:749] - Waiting for mode change to: AUTO
2025-06-23 19:29:24,760 - SUAS - DEBUG - [SUAS_main.main:749] - Waiting for mode change to: AUTO
2025-06-23 19:29:25,261 - SUAS - DEBUG - [SUAS_main.main:749] - Waiting for mode change to: AUTO
2025-06-23 19:29:25,763 - SUAS - DEBUG - [SUAS_main.main:749] - Waiting for mode change to: AUTO
2025-06-23 19:29:26,264 - SUAS - DEBUG - [SUAS_main.main:749] - Waiting for mode change to: AUTO
2025-06-23 19:29:26,766 - SUAS - DEBUG - [SUAS_main.main:749] - Waiting for mode change to: AUTO
2025-06-23 19:29:27,267 - SUAS - DEBUG - [SUAS_main.main:749] - Waiting for mode change to: AUTO
2025-06-23 19:29:27,769 - SUAS - DEBUG - [SUAS_main.main:749] - Waiting for mode change to: AUTO
2025-06-23 19:29:28,270 - SUAS - DEBUG - [SUAS_main.main:749] - Waiting for mode change to: AUTO
2025-06-23 19:29:28,771 - SUAS - DEBUG - [SUAS_main.main:749] - Waiting for mode change to: AUTO
2025-06-23 19:29:29,273 - SUAS - DEBUG - [SUAS_main.main:749] - Waiting for mode change to: AUTO
2025-06-23 19:29:29,774 - SUAS - DEBUG - [SUAS_main.main:749] - Waiting for mode change to: AUTO
2025-06-23 19:29:30,275 - SUAS - DEBUG - [SUAS_main.main:749] - Waiting for mode change to: AUTO
2025-06-23 19:29:30,777 - SUAS - DEBUG - [SUAS_main.main:749] - Waiting for mode change to: AUTO
2025-06-23 19:29:31,279 - SUAS - DEBUG - [SUAS_main.main:749] - Waiting for mode change to: AUTO
2025-06-23 19:29:31,780 - SUAS - DEBUG - [SUAS_main.main:749] - Waiting for mode change to: AUTO
2025-06-23 19:29:32,281 - SUAS - DEBUG - [SUAS_main.main:749] - Waiting for mode change to: AUTO
2025-06-23 19:29:32,783 - SUAS - DEBUG - [SUAS_main.main:749] - Waiting for mode change to: AUTO
2025-06-23 19:29:33,285 - SUAS - DEBUG - [SUAS_main.main:749] - Waiting for mode change to: AUTO
2025-06-23 19:29:33,786 - SUAS - DEBUG - [SUAS_main.main:749] - Waiting for mode change to: AUTO
2025-06-23 19:29:34,288 - SUAS - DEBUG - [SUAS_main.main:749] - Waiting for mode change to: AUTO
2025-06-23 19:29:34,789 - SUAS - DEBUG - [SUAS_main.main:749] - Waiting for mode change to: AUTO
2025-06-23 19:29:35,291 - SUAS - DEBUG - [SUAS_main.main:749] - Waiting for mode change to: AUTO
2025-06-23 19:29:35,792 - SUAS - DEBUG - [SUAS_main.main:749] - Waiting for mode change to: AUTO
2025-06-23 19:29:36,294 - SUAS - DEBUG - [SUAS_main.main:749] - Waiting for mode change to: AUTO
2025-06-23 19:29:36,795 - SUAS - DEBUG - [SUAS_main.main:749] - Waiting for mode change to: AUTO
2025-06-23 19:29:37,297 - SUAS - DEBUG - [SUAS_main.main:749] - Waiting for mode change to: AUTO
2025-06-23 19:29:37,798 - SUAS - DEBUG - [SUAS_main.main:749] - Waiting for mode change to: AUTO
2025-06-23 19:29:38,300 - SUAS - DEBUG - [SUAS_main.main:749] - Waiting for mode change to: AUTO
2025-06-23 19:29:38,801 - SUAS - DEBUG - [SUAS_main.main:749] - Waiting for mode change to: AUTO
2025-06-23 19:29:39,303 - SUAS - DEBUG - [SUAS_main.main:749] - Waiting for mode change to: AUTO
2025-06-23 19:29:39,804 - SUAS - DEBUG - [SUAS_main.main:749] - Waiting for mode change to: AUTO
2025-06-23 19:29:40,305 - SUAS - DEBUG - [SUAS_main.main:749] - Waiting for mode change to: AUTO
2025-06-23 19:29:40,807 - SUAS - DEBUG - [SUAS_main.main:749] - Waiting for mode change to: AUTO
2025-06-23 19:29:41,308 - SUAS - DEBUG - [SUAS_main.main:749] - Waiting for mode change to: AUTO
2025-06-23 19:29:41,810 - SUAS - DEBUG - [SUAS_main.main:749] - Waiting for mode change to: AUTO
2025-06-23 19:29:42,311 - SUAS - DEBUG - [SUAS_main.main:749] - Waiting for mode change to: AUTO
2025-06-23 19:29:42,812 - SUAS - DEBUG - [SUAS_main.main:749] - Waiting for mode change to: AUTO
2025-06-23 19:29:43,314 - SUAS - DEBUG - [SUAS_main.main:749] - Waiting for mode change to: AUTO
2025-06-23 19:29:43,815 - SUAS - DEBUG - [SUAS_main.main:749] - Waiting for mode change to: AUTO
2025-06-23 19:29:44,316 - SUAS - DEBUG - [SUAS_main.main:749] - Waiting for mode change to: AUTO
2025-06-23 19:29:44,818 - SUAS - DEBUG - [SUAS_main.main:749] - Waiting for mode change to: AUTO
2025-06-23 19:29:45,352 - SUAS - DEBUG - [SUAS_main.main:749] - Waiting for mode change to: AUTO
2025-06-23 19:29:45,854 - SUAS - DEBUG - [SUAS_main.main:749] - Waiting for mode change to: AUTO
2025-06-23 19:29:46,355 - SUAS - DEBUG - [SUAS_main.main:749] - Waiting for mode change to: AUTO
2025-06-23 19:29:46,857 - SUAS - DEBUG - [SUAS_main.main:749] - Waiting for mode change to: AUTO
2025-06-23 19:29:47,358 - SUAS - DEBUG - [SUAS_main.main:749] - Waiting for mode change to: AUTO
2025-06-23 19:29:47,860 - SUAS - DEBUG - [SUAS_main.main:749] - Waiting for mode change to: AUTO
2025-06-23 19:29:48,361 - SUAS - DEBUG - [SUAS_main.main:749] - Waiting for mode change to: AUTO
2025-06-23 19:29:48,863 - SUAS - DEBUG - [SUAS_main.main:749] - Waiting for mode change to: AUTO
2025-06-23 19:29:49,365 - SUAS - DEBUG - [SUAS_main.main:749] - Waiting for mode change to: AUTO
2025-06-23 19:29:49,866 - SUAS - DEBUG - [SUAS_main.main:749] - Waiting for mode change to: AUTO
2025-06-23 19:29:50,367 - SUAS - DEBUG - [SUAS_main.main:749] - Waiting for mode change to: AUTO
2025-06-23 19:29:50,868 - SUAS - DEBUG - [SUAS_main.main:749] - Waiting for mode change to: AUTO
2025-06-23 19:29:51,370 - SUAS - DEBUG - [SUAS_main.main:749] - Waiting for mode change to: AUTO
2025-06-23 19:29:51,871 - SUAS - DEBUG - [SUAS_main.main:749] - Waiting for mode change to: AUTO
2025-06-23 19:29:52,373 - SUAS - DEBUG - [SUAS_main.main:749] - Waiting for mode change to: AUTO
2025-06-23 19:29:52,874 - SUAS - DEBUG - [SUAS_main.main:749] - Waiting for mode change to: AUTO
2025-06-23 19:29:53,376 - SUAS - DEBUG - [SUAS_main.main:749] - Waiting for mode change to: AUTO
2025-06-23 19:29:54,509 - SUAS - DEBUG - [SUAS_main.main:749] - Waiting for mode change to: AUTO
2025-06-23 19:29:55,011 - SUAS - DEBUG - [SUAS_main.main:749] - Waiting for mode change to: AUTO
2025-06-23 19:29:55,512 - SUAS - DEBUG - [SUAS_main.main:749] - Waiting for mode change to: AUTO
2025-06-23 19:29:56,014 - SUAS - DEBUG - [SUAS_main.main:749] - Waiting for mode change to: AUTO
2025-06-23 19:29:56,516 - SUAS - DEBUG - [SUAS_main.main:749] - Waiting for mode change to: AUTO
2025-06-23 19:29:57,017 - SUAS - DEBUG - [SUAS_main.main:749] - Waiting for mode change to: AUTO
2025-06-23 19:29:57,519 - SUAS - DEBUG - [SUAS_main.main:749] - Waiting for mode change to: AUTO
2025-06-23 19:29:58,020 - SUAS - DEBUG - [SUAS_main.main:749] - Waiting for mode change to: AUTO
2025-06-23 19:29:58,522 - SUAS - DEBUG - [SUAS_main.main:749] - Waiting for mode change to: AUTO
2025-06-23 19:29:59,023 - SUAS - DEBUG - [SUAS_main.main:749] - Waiting for mode change to: AUTO
2025-06-23 19:29:59,525 - SUAS - DEBUG - [SUAS_main.main:749] - Waiting for mode change to: AUTO
2025-06-23 19:30:00,026 - SUAS - DEBUG - [SUAS_main.main:749] - Waiting for mode change to: AUTO
2025-06-23 19:30:00,528 - SUAS - DEBUG - [SUAS_main.main:749] - Waiting for mode change to: AUTO
2025-06-23 19:30:01,029 - SUAS - DEBUG - [SUAS_main.main:749] - Waiting for mode change to: AUTO
2025-06-23 19:30:01,531 - SUAS - DEBUG - [SUAS_main.main:749] - Waiting for mode change to: AUTO
2025-06-23 19:30:02,032 - SUAS - DEBUG - [SUAS_main.main:749] - Waiting for mode change to: AUTO
2025-06-23 19:30:02,534 - SUAS - DEBUG - [SUAS_main.main:749] - Waiting for mode change to: AUTO
2025-06-23 19:30:03,035 - SUAS - DEBUG - [SUAS_main.main:749] - Waiting for mode change to: AUTO
2025-06-23 19:30:03,537 - SUAS - DEBUG - [SUAS_main.main:749] - Waiting for mode change to: AUTO
2025-06-23 19:30:04,038 - SUAS - DEBUG - [SUAS_main.main:749] - Waiting for mode change to: AUTO
2025-06-23 19:30:04,540 - SUAS - DEBUG - [SUAS_main.main:749] - Waiting for mode change to: AUTO
2025-06-23 19:30:05,042 - SUAS - DEBUG - [SUAS_main.main:749] - Waiting for mode change to: AUTO
2025-06-23 19:30:05,543 - SUAS - DEBUG - [SUAS_main.main:749] - Waiting for mode change to: AUTO
2025-06-23 19:30:06,045 - SUAS - DEBUG - [SUAS_main.main:749] - Waiting for mode change to: AUTO
2025-06-23 19:30:06,546 - SUAS - DEBUG - [SUAS_main.main:749] - Waiting for mode change to: AUTO
2025-06-23 19:30:07,047 - SUAS - DEBUG - [SUAS_main.main:749] - Waiting for mode change to: AUTO
2025-06-23 19:30:07,549 - SUAS - DEBUG - [SUAS_main.main:749] - Waiting for mode change to: AUTO
2025-06-23 19:30:08,050 - SUAS - DEBUG - [SUAS_main.main:749] - Waiting for mode change to: AUTO
2025-06-23 19:30:08,552 - SUAS - DEBUG - [SUAS_main.main:749] - Waiting for mode change to: AUTO
2025-06-23 19:30:09,054 - SUAS - DEBUG - [SUAS_main.main:749] - Waiting for mode change to: AUTO
2025-06-23 19:30:09,555 - SUAS - DEBUG - [SUAS_main.main:749] - Waiting for mode change to: AUTO
2025-06-23 19:30:10,057 - SUAS - DEBUG - [SUAS_main.main:749] - Waiting for mode change to: AUTO
2025-06-23 19:30:10,558 - SUAS - DEBUG - [SUAS_main.main:749] - Waiting for mode change to: AUTO
2025-06-23 19:30:11,059 - SUAS - DEBUG - [SUAS_main.main:749] - Waiting for mode change to: AUTO
2025-06-23 19:30:11,561 - SUAS - DEBUG - [SUAS_main.main:749] - Waiting for mode change to: AUTO
2025-06-23 19:30:12,063 - SUAS - DEBUG - [SUAS_main.main:749] - Waiting for mode change to: AUTO
2025-06-23 19:30:12,564 - SUAS - DEBUG - [SUAS_main.main:749] - Waiting for mode change to: AUTO
2025-06-23 19:30:13,066 - SUAS - DEBUG - [SUAS_main.main:749] - Waiting for mode change to: AUTO
2025-06-23 19:30:13,567 - SUAS - DEBUG - [SUAS_main.main:749] - Waiting for mode change to: AUTO
2025-06-23 19:30:14,069 - SUAS - DEBUG - [SUAS_main.main:749] - Waiting for mode change to: AUTO
2025-06-23 19:30:14,570 - SUAS - DEBUG - [SUAS_main.main:749] - Waiting for mode change to: AUTO
2025-06-23 19:30:15,072 - SUAS - DEBUG - [SUAS_main.main:749] - Waiting for mode change to: AUTO
2025-06-23 19:30:15,574 - SUAS - DEBUG - [SUAS_main.main:749] - Waiting for mode change to: AUTO
2025-06-23 19:30:16,075 - SUAS - DEBUG - [SUAS_main.main:749] - Waiting for mode change to: AUTO
2025-06-23 19:30:16,576 - SUAS - DEBUG - [SUAS_main.main:749] - Waiting for mode change to: AUTO
2025-06-23 19:30:17,078 - SUAS - DEBUG - [SUAS_main.main:749] - Waiting for mode change to: AUTO
2025-06-23 19:30:17,579 - SUAS - DEBUG - [SUAS_main.main:749] - Waiting for mode change to: AUTO
2025-06-23 19:30:18,081 - SUAS - DEBUG - [SUAS_main.main:749] - Waiting for mode change to: AUTO
2025-06-23 19:30:18,582 - SUAS - DEBUG - [SUAS_main.main:749] - Waiting for mode change to: AUTO
2025-06-23 19:30:19,083 - SUAS - DEBUG - [SUAS_main.main:749] - Waiting for mode change to: AUTO
2025-06-23 19:30:19,585 - SUAS - DEBUG - [SUAS_main.main:749] - Waiting for mode change to: AUTO
2025-06-23 19:30:20,086 - SUAS - DEBUG - [SUAS_main.main:749] - Waiting for mode change to: AUTO
2025-06-23 19:30:20,588 - SUAS - DEBUG - [SUAS_main.main:749] - Waiting for mode change to: AUTO
2025-06-23 19:30:21,089 - SUAS - DEBUG - [SUAS_main.main:749] - Waiting for mode change to: AUTO
2025-06-23 19:30:21,591 - SUAS - DEBUG - [SUAS_main.main:749] - Waiting for mode change to: AUTO
2025-06-23 19:30:22,092 - SUAS - DEBUG - [SUAS_main.main:749] - Waiting for mode change to: AUTO
2025-06-23 19:30:22,627 - SUAS - DEBUG - [SUAS_main.main:749] - Waiting for mode change to: AUTO
2025-06-23 19:30:23,128 - SUAS - DEBUG - [SUAS_main.main:749] - Waiting for mode change to: AUTO
2025-06-23 19:30:23,630 - SUAS - DEBUG - [SUAS_main.main:749] - Waiting for mode change to: AUTO
2025-06-23 19:30:24,131 - SUAS - DEBUG - [SUAS_main.main:749] - Waiting for mode change to: AUTO
2025-06-23 19:30:24,633 - SUAS - DEBUG - [SUAS_main.main:749] - Waiting for mode change to: AUTO
2025-06-23 19:30:25,134 - SUAS - DEBUG - [SUAS_main.main:749] - Waiting for mode change to: AUTO
2025-06-23 19:30:25,636 - SUAS - DEBUG - [SUAS_main.main:749] - Waiting for mode change to: AUTO
2025-06-23 19:30:26,138 - SUAS - DEBUG - [SUAS_main.main:749] - Waiting for mode change to: AUTO
2025-06-23 19:30:26,639 - SUAS - DEBUG - [SUAS_main.main:749] - Waiting for mode change to: AUTO
2025-06-23 19:30:27,141 - SUAS - DEBUG - [SUAS_main.main:749] - Waiting for mode change to: AUTO
2025-06-23 19:30:27,642 - SUAS - DEBUG - [SUAS_main.main:749] - Waiting for mode change to: AUTO
2025-06-23 19:30:28,143 - SUAS - DEBUG - [SUAS_main.main:749] - Waiting for mode change to: AUTO
2025-06-23 19:30:28,645 - SUAS - DEBUG - [SUAS_main.main:749] - Waiting for mode change to: AUTO
2025-06-23 19:30:29,146 - SUAS - DEBUG - [SUAS_main.main:749] - Waiting for mode change to: AUTO
2025-06-23 19:30:29,647 - SUAS - DEBUG - [SUAS_main.main:749] - Waiting for mode change to: AUTO
2025-06-23 19:30:30,149 - SUAS - DEBUG - [SUAS_main.main:749] - Waiting for mode change to: AUTO
2025-06-23 19:30:30,650 - SUAS - DEBUG - [SUAS_main.main:749] - Waiting for mode change to: AUTO
2025-06-23 19:30:31,152 - SUAS - DEBUG - [SUAS_main.main:749] - Waiting for mode change to: AUTO
2025-06-23 19:30:31,654 - SUAS - DEBUG - [SUAS_main.main:749] - Waiting for mode change to: AUTO
2025-06-23 19:30:32,155 - SUAS - DEBUG - [SUAS_main.main:749] - Waiting for mode change to: AUTO
2025-06-23 19:30:32,657 - SUAS - DEBUG - [SUAS_main.main:749] - Waiting for mode change to: AUTO
2025-06-23 19:30:33,158 - SUAS - DEBUG - [SUAS_main.main:749] - Waiting for mode change to: AUTO
2025-06-23 19:30:33,659 - SUAS - DEBUG - [SUAS_main.main:749] - Waiting for mode change to: AUTO
2025-06-23 19:30:34,161 - SUAS - DEBUG - [SUAS_main.main:749] - Waiting for mode change to: AUTO
2025-06-23 19:30:34,662 - SUAS - DEBUG - [SUAS_main.main:749] - Waiting for mode change to: AUTO
2025-06-23 19:30:35,164 - SUAS - DEBUG - [SUAS_main.main:749] - Waiting for mode change to: AUTO
2025-06-23 19:30:35,665 - SUAS - DEBUG - [SUAS_main.main:749] - Waiting for mode change to: AUTO
2025-06-23 19:30:36,167 - SUAS - DEBUG - [SUAS_main.main:749] - Waiting for mode change to: AUTO
2025-06-23 19:30:36,668 - SUAS - DEBUG - [SUAS_main.main:749] - Waiting for mode change to: AUTO
2025-06-23 19:30:37,170 - SUAS - DEBUG - [SUAS_main.main:749] - Waiting for mode change to: AUTO
2025-06-23 19:30:37,671 - SUAS - DEBUG - [SUAS_main.main:749] - Waiting for mode change to: AUTO
2025-06-23 19:30:38,173 - SUAS - DEBUG - [SUAS_main.main:749] - Waiting for mode change to: AUTO
2025-06-23 19:30:38,675 - SUAS - DEBUG - [SUAS_main.main:749] - Waiting for mode change to: AUTO
2025-06-23 19:30:39,176 - SUAS - DEBUG - [SUAS_main.main:749] - Waiting for mode change to: AUTO
2025-06-23 19:30:39,678 - SUAS - DEBUG - [SUAS_main.main:749] - Waiting for mode change to: AUTO
2025-06-23 19:30:40,179 - SUAS - DEBUG - [SUAS_main.main:749] - Waiting for mode change to: AUTO
2025-06-23 19:30:40,681 - SUAS - DEBUG - [SUAS_main.main:749] - Waiting for mode change to: AUTO
2025-06-23 19:30:41,182 - SUAS - DEBUG - [SUAS_main.main:749] - Waiting for mode change to: AUTO
2025-06-23 19:30:41,683 - SUAS - DEBUG - [SUAS_main.main:749] - Waiting for mode change to: AUTO
2025-06-23 19:30:42,185 - SUAS - DEBUG - [SUAS_main.main:749] - Waiting for mode change to: AUTO
2025-06-23 19:30:42,686 - SUAS - DEBUG - [SUAS_main.main:749] - Waiting for mode change to: AUTO
2025-06-23 19:30:43,188 - SUAS - DEBUG - [SUAS_main.main:749] - Waiting for mode change to: AUTO
2025-06-23 19:30:43,689 - SUAS - DEBUG - [SUAS_main.main:749] - Waiting for mode change to: AUTO
2025-06-23 19:30:44,191 - SUAS - DEBUG - [SUAS_main.main:749] - Waiting for mode change to: AUTO
2025-06-23 19:30:44,693 - SUAS - DEBUG - [SUAS_main.main:749] - Waiting for mode change to: AUTO
2025-06-23 19:30:45,195 - SUAS - DEBUG - [SUAS_main.main:749] - Waiting for mode change to: AUTO
2025-06-23 19:30:45,696 - SUAS - DEBUG - [SUAS_main.main:749] - Waiting for mode change to: AUTO
2025-06-23 19:30:46,198 - SUAS - DEBUG - [SUAS_main.main:749] - Waiting for mode change to: AUTO
2025-06-23 19:30:46,699 - SUAS - DEBUG - [SUAS_main.main:749] - Waiting for mode change to: AUTO
2025-06-23 19:30:47,201 - SUAS - DEBUG - [SUAS_main.main:749] - Waiting for mode change to: AUTO
2025-06-23 19:30:47,702 - SUAS - DEBUG - [SUAS_main.main:749] - Waiting for mode change to: AUTO
2025-06-23 19:30:48,203 - SUAS - DEBUG - [SUAS_main.main:749] - Waiting for mode change to: AUTO
2025-06-23 19:30:48,705 - SUAS - DEBUG - [SUAS_main.main:749] - Waiting for mode change to: AUTO
2025-06-23 19:30:49,206 - SUAS - DEBUG - [SUAS_main.main:749] - Waiting for mode change to: AUTO
2025-06-23 19:30:49,708 - SUAS - DEBUG - [SUAS_main.main:749] - Waiting for mode change to: AUTO
2025-06-23 19:30:50,209 - SUAS - DEBUG - [SUAS_main.main:749] - Waiting for mode change to: AUTO
2025-06-23 19:30:50,711 - SUAS - DEBUG - [SUAS_main.main:749] - Waiting for mode change to: AUTO
2025-06-23 19:30:51,213 - SUAS - DEBUG - [SUAS_main.main:749] - Waiting for mode change to: AUTO
2025-06-23 19:30:51,714 - SUAS - DEBUG - [SUAS_main.main:749] - Waiting for mode change to: AUTO
2025-06-23 19:30:52,216 - SUAS - DEBUG - [SUAS_main.main:749] - Waiting for mode change to: AUTO
2025-06-23 19:30:52,717 - SUAS - DEBUG - [SUAS_main.main:749] - Waiting for mode change to: AUTO
2025-06-23 19:30:53,219 - SUAS - DEBUG - [SUAS_main.main:749] - Waiting for mode change to: AUTO
2025-06-23 19:30:53,721 - SUAS - DEBUG - [SUAS_main.main:749] - Waiting for mode change to: AUTO
2025-06-23 19:30:54,222 - SUAS - DEBUG - [SUAS_main.main:749] - Waiting for mode change to: AUTO
2025-06-23 19:30:54,723 - SUAS - DEBUG - [SUAS_main.main:749] - Waiting for mode change to: AUTO
2025-06-23 19:30:55,225 - SUAS - DEBUG - [SUAS_main.main:749] - Waiting for mode change to: AUTO
2025-06-23 19:30:55,726 - SUAS - DEBUG - [SUAS_main.main:749] - Waiting for mode change to: AUTO
2025-06-23 19:30:56,227 - SUAS - DEBUG - [SUAS_main.main:749] - Waiting for mode change to: AUTO
2025-06-23 19:30:56,729 - SUAS - DEBUG - [SUAS_main.main:749] - Waiting for mode change to: AUTO
2025-06-23 19:30:57,231 - SUAS - DEBUG - [SUAS_main.main:749] - Waiting for mode change to: AUTO
2025-06-23 19:30:57,732 - SUAS - DEBUG - [SUAS_main.main:749] - Waiting for mode change to: AUTO
2025-06-23 19:30:58,234 - SUAS - DEBUG - [SUAS_main.main:749] - Waiting for mode change to: AUTO
2025-06-23 19:30:58,736 - SUAS - DEBUG - [SUAS_main.main:749] - Waiting for mode change to: AUTO
2025-06-23 19:30:59,237 - SUAS - DEBUG - [SUAS_main.main:749] - Waiting for mode change to: AUTO
2025-06-23 19:30:59,739 - SUAS - DEBUG - [SUAS_main.main:749] - Waiting for mode change to: AUTO
2025-06-23 19:31:00,240 - SUAS - DEBUG - [SUAS_main.main:749] - Waiting for mode change to: AUTO
2025-06-23 19:31:00,742 - SUAS - DEBUG - [SUAS_main.main:749] - Waiting for mode change to: AUTO
2025-06-23 19:31:01,243 - SUAS - DEBUG - [SUAS_main.main:749] - Waiting for mode change to: AUTO
2025-06-23 19:31:01,745 - SUAS - DEBUG - [SUAS_main.main:749] - Waiting for mode change to: AUTO
2025-06-23 19:31:02,246 - SUAS - DEBUG - [SUAS_main.main:749] - Waiting for mode change to: AUTO
2025-06-23 19:31:02,747 - SUAS - DEBUG - [SUAS_main.main:749] - Waiting for mode change to: AUTO
2025-06-23 19:31:03,249 - SUAS - DEBUG - [SUAS_main.main:749] - Waiting for mode change to: AUTO
2025-06-23 19:31:03,751 - SUAS - DEBUG - [SUAS_main.main:749] - Waiting for mode change to: AUTO
2025-06-23 19:31:04,252 - SUAS - DEBUG - [SUAS_main.main:749] - Waiting for mode change to: AUTO
2025-06-23 19:31:04,754 - SUAS - DEBUG - [SUAS_main.main:749] - Waiting for mode change to: AUTO
2025-06-23 19:31:05,255 - SUAS - DEBUG - [SUAS_main.main:749] - Waiting for mode change to: AUTO
2025-06-23 19:31:05,757 - SUAS - DEBUG - [SUAS_main.main:749] - Waiting for mode change to: AUTO
2025-06-23 19:31:06,259 - SUAS - DEBUG - [SUAS_main.main:749] - Waiting for mode change to: AUTO
2025-06-23 19:31:06,760 - SUAS - DEBUG - [SUAS_main.main:749] - Waiting for mode change to: AUTO
2025-06-23 19:31:07,262 - SUAS - DEBUG - [SUAS_main.main:749] - Waiting for mode change to: AUTO
2025-06-23 19:31:07,763 - SUAS - DEBUG - [SUAS_main.main:749] - Waiting for mode change to: AUTO
2025-06-23 19:31:08,264 - SUAS - DEBUG - [SUAS_main.main:749] - Waiting for mode change to: AUTO
2025-06-23 19:31:08,766 - SUAS - DEBUG - [SUAS_main.main:749] - Waiting for mode change to: AUTO
2025-06-23 19:31:09,267 - SUAS - DEBUG - [SUAS_main.main:749] - Waiting for mode change to: AUTO
2025-06-23 19:31:09,769 - SUAS - DEBUG - [SUAS_main.main:749] - Waiting for mode change to: AUTO
2025-06-23 19:31:10,270 - SUAS - DEBUG - [SUAS_main.main:749] - Waiting for mode change to: AUTO
2025-06-23 19:31:10,772 - SUAS - DEBUG - [SUAS_main.main:749] - Waiting for mode change to: AUTO
2025-06-23 19:31:11,273 - SUAS - DEBUG - [SUAS_main.main:749] - Waiting for mode change to: AUTO
2025-06-23 19:31:11,775 - SUAS - DEBUG - [SUAS_main.main:749] - Waiting for mode change to: AUTO
2025-06-23 19:31:12,277 - SUAS - DEBUG - [SUAS_main.main:749] - Waiting for mode change to: AUTO
2025-06-23 19:31:12,778 - SUAS - DEBUG - [SUAS_main.main:749] - Waiting for mode change to: AUTO
2025-06-23 19:31:13,280 - SUAS - DEBUG - [SUAS_main.main:749] - Waiting for mode change to: AUTO
2025-06-23 19:31:13,781 - SUAS - DEBUG - [SUAS_main.main:749] - Waiting for mode change to: AUTO
2025-06-23 19:31:14,283 - SUAS - DEBUG - [SUAS_main.main:749] - Waiting for mode change to: AUTO
2025-06-23 19:31:14,784 - SUAS - DEBUG - [SUAS_main.main:749] - Waiting for mode change to: AUTO
2025-06-23 19:31:15,286 - SUAS - DEBUG - [SUAS_main.main:749] - Waiting for mode change to: AUTO
2025-06-23 19:31:15,787 - SUAS - DEBUG - [SUAS_main.main:749] - Waiting for mode change to: AUTO
2025-06-23 19:31:16,288 - SUAS - DEBUG - [SUAS_main.main:749] - Waiting for mode change to: AUTO
2025-06-23 19:31:16,790 - SUAS - DEBUG - [SUAS_main.main:749] - Waiting for mode change to: AUTO
2025-06-23 19:31:17,291 - SUAS - DEBUG - [SUAS_main.main:749] - Waiting for mode change to: AUTO
2025-06-23 19:31:17,793 - SUAS - DEBUG - [SUAS_main.main:749] - Waiting for mode change to: AUTO
2025-06-23 19:31:18,295 - SUAS - DEBUG - [SUAS_main.main:749] - Waiting for mode change to: AUTO
2025-06-23 19:31:18,796 - SUAS - DEBUG - [SUAS_main.main:749] - Waiting for mode change to: AUTO
2025-06-23 19:31:19,297 - SUAS - DEBUG - [SUAS_main.main:749] - Waiting for mode change to: AUTO
2025-06-23 19:31:19,799 - SUAS - DEBUG - [SUAS_main.main:749] - Waiting for mode change to: AUTO
2025-06-23 19:31:20,300 - SUAS - DEBUG - [SUAS_main.main:749] - Waiting for mode change to: AUTO
2025-06-23 19:31:20,802 - SUAS - DEBUG - [SUAS_main.main:749] - Waiting for mode change to: AUTO
2025-06-23 19:31:21,303 - SUAS - DEBUG - [SUAS_main.main:749] - Waiting for mode change to: AUTO
2025-06-23 19:31:21,805 - SUAS - DEBUG - [SUAS_main.main:749] - Waiting for mode change to: AUTO
2025-06-23 19:31:22,306 - SUAS - DEBUG - [SUAS_main.main:749] - Waiting for mode change to: AUTO
2025-06-23 19:31:22,808 - SUAS - DEBUG - [SUAS_main.main:749] - Waiting for mode change to: AUTO
2025-06-23 19:31:23,309 - SUAS - DEBUG - [SUAS_main.main:749] - Waiting for mode change to: AUTO
2025-06-23 19:31:23,810 - SUAS - DEBUG - [SUAS_main.main:749] - Waiting for mode change to: AUTO
2025-06-23 19:31:24,345 - SUAS - DEBUG - [SUAS_main.main:749] - Waiting for mode change to: AUTO
2025-06-23 19:31:24,846 - SUAS - DEBUG - [SUAS_main.main:749] - Waiting for mode change to: AUTO
2025-06-23 19:31:25,347 - SUAS - DEBUG - [SUAS_main.main:749] - Waiting for mode change to: AUTO
2025-06-23 19:31:25,849 - SUAS - DEBUG - [SUAS_main.main:749] - Waiting for mode change to: AUTO
2025-06-23 19:31:26,350 - SUAS - DEBUG - [SUAS_main.main:749] - Waiting for mode change to: AUTO
2025-06-23 19:31:26,852 - SUAS - DEBUG - [SUAS_main.main:749] - Waiting for mode change to: AUTO
2025-06-23 19:31:27,353 - SUAS - DEBUG - [SUAS_main.main:749] - Waiting for mode change to: AUTO
2025-06-23 19:31:27,855 - SUAS - DEBUG - [SUAS_main.main:749] - Waiting for mode change to: AUTO
2025-06-23 19:31:28,356 - SUAS - DEBUG - [SUAS_main.main:749] - Waiting for mode change to: AUTO
2025-06-23 19:31:28,857 - SUAS - DEBUG - [SUAS_main.main:749] - Waiting for mode change to: AUTO
2025-06-23 19:31:29,359 - SUAS - DEBUG - [SUAS_main.main:749] - Waiting for mode change to: AUTO
2025-06-23 19:31:29,860 - SUAS - DEBUG - [SUAS_main.main:749] - Waiting for mode change to: AUTO
2025-06-23 19:31:30,362 - SUAS - DEBUG - [SUAS_main.main:749] - Waiting for mode change to: AUTO
2025-06-23 19:31:30,863 - SUAS - DEBUG - [SUAS_main.main:749] - Waiting for mode change to: AUTO
2025-06-23 19:31:31,365 - SUAS - DEBUG - [SUAS_main.main:749] - Waiting for mode change to: AUTO
2025-06-23 19:31:31,866 - SUAS - DEBUG - [SUAS_main.main:749] - Waiting for mode change to: AUTO
2025-06-23 19:31:32,367 - SUAS - DEBUG - [SUAS_main.main:749] - Waiting for mode change to: AUTO
2025-06-23 19:31:32,325 - SUAS - DEBUG - [SUAS_main.main:749] - Waiting for mode change to: AUTO
2025-06-23 19:31:32,827 - SUAS - DEBUG - [SUAS_main.main:749] - Waiting for mode change to: AUTO
2025-06-23 19:31:33,329 - SUAS - DEBUG - [SUAS_main.main:749] - Waiting for mode change to: AUTO
2025-06-23 19:31:33,830 - SUAS - DEBUG - [SUAS_main.main:749] - Waiting for mode change to: AUTO
2025-06-23 19:31:34,332 - SUAS - DEBUG - [SUAS_main.main:749] - Waiting for mode change to: AUTO
2025-06-23 19:31:34,833 - SUAS - DEBUG - [SUAS_main.main:749] - Waiting for mode change to: AUTO
2025-06-23 19:31:35,335 - SUAS - DEBUG - [SUAS_main.main:749] - Waiting for mode change to: AUTO
2025-06-23 19:31:35,836 - SUAS - DEBUG - [SUAS_main.main:749] - Waiting for mode change to: AUTO
2025-06-23 19:31:36,337 - SUAS - DEBUG - [SUAS_main.main:749] - Waiting for mode change to: AUTO
2025-06-23 19:31:36,839 - SUAS - DEBUG - [SUAS_main.main:749] - Waiting for mode change to: AUTO
2025-06-23 19:31:37,340 - SUAS - DEBUG - [SUAS_main.main:749] - Waiting for mode change to: AUTO
2025-06-23 19:31:37,841 - SUAS - DEBUG - [SUAS_main.main:749] - Waiting for mode change to: AUTO
2025-06-23 19:31:38,343 - SUAS - DEBUG - [SUAS_main.main:749] - Waiting for mode change to: AUTO
2025-06-23 19:31:38,844 - SUAS - DEBUG - [SUAS_main.main:749] - Waiting for mode change to: AUTO
2025-06-23 19:31:39,345 - SUAS - DEBUG - [SUAS_main.main:749] - Waiting for mode change to: AUTO
2025-06-23 19:31:39,847 - SUAS - DEBUG - [SUAS_main.main:749] - Waiting for mode change to: AUTO
2025-06-23 19:31:40,349 - SUAS - DEBUG - [SUAS_main.main:749] - Waiting for mode change to: AUTO
2025-06-23 19:31:40,850 - SUAS - DEBUG - [SUAS_main.main:749] - Waiting for mode change to: AUTO
2025-06-23 19:31:41,352 - SUAS - DEBUG - [SUAS_main.main:749] - Waiting for mode change to: AUTO
2025-06-23 19:31:41,854 - SUAS - DEBUG - [SUAS_main.main:749] - Waiting for mode change to: AUTO
2025-06-23 19:31:42,355 - SUAS - DEBUG - [SUAS_main.main:749] - Waiting for mode change to: AUTO
2025-06-23 19:31:42,856 - SUAS - DEBUG - [SUAS_main.main:749] - Waiting for mode change to: AUTO
2025-06-23 19:31:43,358 - SUAS - DEBUG - [SUAS_main.main:749] - Waiting for mode change to: AUTO
2025-06-23 19:31:43,859 - SUAS - DEBUG - [SUAS_main.main:749] - Waiting for mode change to: AUTO
2025-06-23 19:31:44,361 - SUAS - DEBUG - [SUAS_main.main:749] - Waiting for mode change to: AUTO
2025-06-23 19:31:44,862 - SUAS - DEBUG - [SUAS_main.main:749] - Waiting for mode change to: AUTO
2025-06-23 19:31:45,364 - SUAS - DEBUG - [SUAS_main.main:749] - Waiting for mode change to: AUTO
2025-06-23 19:31:45,865 - SUAS - DEBUG - [SUAS_main.main:749] - Waiting for mode change to: AUTO
2025-06-23 19:31:46,367 - SUAS - DEBUG - [SUAS_main.main:749] - Waiting for mode change to: AUTO
2025-06-23 19:31:46,901 - SUAS - DEBUG - [SUAS_main.main:749] - Waiting for mode change to: AUTO
2025-06-23 19:31:47,402 - SUAS - DEBUG - [SUAS_main.main:749] - Waiting for mode change to: AUTO
2025-06-23 19:31:47,904 - SUAS - DEBUG - [SUAS_main.main:749] - Waiting for mode change to: AUTO
2025-06-23 19:31:48,405 - SUAS - DEBUG - [SUAS_main.main:749] - Waiting for mode change to: AUTO
2025-06-23 19:31:48,907 - SUAS - DEBUG - [SUAS_main.main:749] - Waiting for mode change to: AUTO
2025-06-23 19:31:49,408 - SUAS - DEBUG - [SUAS_main.main:749] - Waiting for mode change to: AUTO
2025-06-23 19:31:49,910 - SUAS - DEBUG - [SUAS_main.main:749] - Waiting for mode change to: AUTO
2025-06-23 19:31:50,412 - SUAS - DEBUG - [SUAS_main.main:749] - Waiting for mode change to: AUTO
2025-06-23 19:31:50,913 - SUAS - DEBUG - [SUAS_main.main:749] - Waiting for mode change to: AUTO
2025-06-23 19:31:51,415 - SUAS - DEBUG - [SUAS_main.main:749] - Waiting for mode change to: AUTO
2025-06-23 19:31:51,942 - SUAS - DEBUG - [SUAS_main.main:749] - Waiting for mode change to: AUTO
2025-06-23 19:31:52,444 - SUAS - DEBUG - [SUAS_main.main:749] - Waiting for mode change to: AUTO
2025-06-23 19:31:52,945 - SUAS - DEBUG - [SUAS_main.main:749] - Waiting for mode change to: AUTO
2025-06-23 19:31:53,447 - SUAS - DEBUG - [SUAS_main.main:749] - Waiting for mode change to: AUTO
2025-06-23 19:31:53,949 - SUAS - DEBUG - [SUAS_main.main:749] - Waiting for mode change to: AUTO
2025-06-23 19:31:54,450 - SUAS - DEBUG - [SUAS_main.main:749] - Waiting for mode change to: AUTO
2025-06-23 19:31:54,952 - SUAS - DEBUG - [SUAS_main.main:749] - Waiting for mode change to: AUTO
2025-06-23 19:31:55,453 - SUAS - DEBUG - [SUAS_main.main:749] - Waiting for mode change to: AUTO
2025-06-23 19:31:55,955 - SUAS - DEBUG - [SUAS_main.main:749] - Waiting for mode change to: AUTO
2025-06-23 19:31:56,456 - SUAS - DEBUG - [SUAS_main.main:749] - Waiting for mode change to: AUTO
2025-06-23 19:31:56,957 - SUAS - DEBUG - [SUAS_main.main:749] - Waiting for mode change to: AUTO
2025-06-23 19:31:57,459 - SUAS - DEBUG - [SUAS_main.main:749] - Waiting for mode change to: AUTO
2025-06-23 19:31:57,960 - SUAS - DEBUG - [SUAS_main.main:749] - Waiting for mode change to: AUTO
2025-06-23 19:31:58,461 - SUAS - DEBUG - [SUAS_main.main:749] - Waiting for mode change to: AUTO
2025-06-23 19:31:58,963 - SUAS - DEBUG - [SUAS_main.main:749] - Waiting for mode change to: AUTO
2025-06-23 19:31:59,464 - SUAS - DEBUG - [SUAS_main.main:749] - Waiting for mode change to: AUTO
2025-06-23 19:31:59,965 - SUAS - DEBUG - [SUAS_main.main:749] - Waiting for mode change to: AUTO
2025-06-23 19:32:00,467 - SUAS - DEBUG - [SUAS_main.main:749] - Waiting for mode change to: AUTO
2025-06-23 19:32:00,968 - SUAS - DEBUG - [SUAS_main.main:749] - Waiting for mode change to: AUTO
2025-06-23 19:32:01,470 - SUAS - DEBUG - [SUAS_main.main:749] - Waiting for mode change to: AUTO
2025-06-23 19:32:01,971 - SUAS - DEBUG - [SUAS_main.main:749] - Waiting for mode change to: AUTO
2025-06-23 19:32:02,473 - SUAS - DEBUG - [SUAS_main.main:749] - Waiting for mode change to: AUTO
2025-06-23 19:32:02,974 - SUAS - DEBUG - [SUAS_main.main:749] - Waiting for mode change to: AUTO
2025-06-23 19:32:03,476 - SUAS - DEBUG - [SUAS_main.main:749] - Waiting for mode change to: AUTO
2025-06-23 19:32:03,977 - SUAS - DEBUG - [SUAS_main.main:749] - Waiting for mode change to: AUTO
2025-06-23 19:32:04,479 - SUAS - DEBUG - [SUAS_main.main:749] - Waiting for mode change to: AUTO
2025-06-23 19:32:04,980 - SUAS - DEBUG - [SUAS_main.main:749] - Waiting for mode change to: AUTO
2025-06-23 19:32:05,481 - SUAS - DEBUG - [SUAS_main.main:749] - Waiting for mode change to: AUTO
2025-06-23 19:32:05,983 - SUAS - DEBUG - [SUAS_main.main:749] - Waiting for mode change to: AUTO
2025-06-23 19:32:06,484 - SUAS - DEBUG - [SUAS_main.main:749] - Waiting for mode change to: AUTO
2025-06-23 19:32:06,985 - SUAS - DEBUG - [SUAS_main.main:749] - Waiting for mode change to: AUTO
2025-06-23 19:32:07,487 - SUAS - DEBUG - [SUAS_main.main:749] - Waiting for mode change to: AUTO
2025-06-23 19:32:07,989 - SUAS - DEBUG - [SUAS_main.main:749] - Waiting for mode change to: AUTO
2025-06-23 19:32:08,490 - SUAS - DEBUG - [SUAS_main.main:749] - Waiting for mode change to: AUTO
2025-06-23 19:32:08,992 - SUAS - DEBUG - [SUAS_main.main:749] - Waiting for mode change to: AUTO
2025-06-23 19:32:09,494 - SUAS - DEBUG - [SUAS_main.main:749] - Waiting for mode change to: AUTO
2025-06-23 19:32:09,995 - SUAS - DEBUG - [SUAS_main.main:749] - Waiting for mode change to: AUTO
2025-06-23 19:32:10,496 - SUAS - DEBUG - [SUAS_main.main:749] - Waiting for mode change to: AUTO
2025-06-23 19:32:10,997 - SUAS - DEBUG - [SUAS_main.main:749] - Waiting for mode change to: AUTO
2025-06-23 19:32:11,499 - SUAS - DEBUG - [SUAS_main.main:749] - Waiting for mode change to: AUTO
2025-06-23 19:32:12,000 - SUAS - DEBUG - [SUAS_main.main:749] - Waiting for mode change to: AUTO
2025-06-23 19:32:12,501 - SUAS - DEBUG - [SUAS_main.main:749] - Waiting for mode change to: AUTO
2025-06-23 19:32:13,003 - SUAS - DEBUG - [SUAS_main.main:749] - Waiting for mode change to: AUTO
2025-06-23 19:32:13,504 - SUAS - DEBUG - [SUAS_main.main:749] - Waiting for mode change to: AUTO
2025-06-23 19:32:14,005 - SUAS - DEBUG - [SUAS_main.main:749] - Waiting for mode change to: AUTO
2025-06-23 19:32:14,507 - SUAS - DEBUG - [SUAS_main.main:749] - Waiting for mode change to: AUTO
2025-06-23 19:32:15,008 - SUAS - DEBUG - [SUAS_main.main:749] - Waiting for mode change to: AUTO
2025-06-23 19:32:15,510 - SUAS - DEBUG - [SUAS_main.main:749] - Waiting for mode change to: AUTO
2025-06-23 19:32:16,011 - SUAS - DEBUG - [SUAS_main.main:749] - Waiting for mode change to: AUTO
2025-06-23 19:32:16,513 - SUAS - DEBUG - [SUAS_main.main:749] - Waiting for mode change to: AUTO
2025-06-23 19:32:17,014 - SUAS - DEBUG - [SUAS_main.main:749] - Waiting for mode change to: AUTO
2025-06-23 19:32:17,516 - SUAS - DEBUG - [SUAS_main.main:749] - Waiting for mode change to: AUTO
2025-06-23 19:32:18,017 - SUAS - DEBUG - [SUAS_main.main:749] - Waiting for mode change to: AUTO
2025-06-23 19:32:18,519 - SUAS - DEBUG - [SUAS_main.main:749] - Waiting for mode change to: AUTO
2025-06-23 19:32:19,020 - SUAS - DEBUG - [SUAS_main.main:749] - Waiting for mode change to: AUTO
2025-06-23 19:32:19,521 - SUAS - DEBUG - [SUAS_main.main:749] - Waiting for mode change to: AUTO
2025-06-23 19:32:20,023 - SUAS - DEBUG - [SUAS_main.main:749] - Waiting for mode change to: AUTO
2025-06-23 19:32:20,524 - SUAS - DEBUG - [SUAS_main.main:749] - Waiting for mode change to: AUTO
2025-06-23 19:32:21,025 - SUAS - DEBUG - [SUAS_main.main:749] - Waiting for mode change to: AUTO
2025-06-23 19:32:21,527 - SUAS - DEBUG - [SUAS_main.main:749] - Waiting for mode change to: AUTO
2025-06-23 19:32:22,028 - SUAS - DEBUG - [SUAS_main.main:749] - Waiting for mode change to: AUTO
2025-06-23 19:32:22,530 - SUAS - DEBUG - [SUAS_main.main:749] - Waiting for mode change to: AUTO
2025-06-23 19:32:23,032 - SUAS - DEBUG - [SUAS_main.main:749] - Waiting for mode change to: AUTO
2025-06-23 19:32:23,533 - SUAS - DEBUG - [SUAS_main.main:749] - Waiting for mode change to: AUTO
2025-06-23 19:32:24,035 - SUAS - DEBUG - [SUAS_main.main:749] - Waiting for mode change to: AUTO
2025-06-23 19:32:24,536 - SUAS - DEBUG - [SUAS_main.main:749] - Waiting for mode change to: AUTO
2025-06-23 19:32:25,037 - SUAS - DEBUG - [SUAS_main.main:749] - Waiting for mode change to: AUTO
2025-06-23 19:32:25,539 - SUAS - DEBUG - [SUAS_main.main:749] - Waiting for mode change to: AUTO
2025-06-23 19:32:26,040 - SUAS - DEBUG - [SUAS_main.main:749] - Waiting for mode change to: AUTO
2025-06-23 19:32:26,541 - SUAS - DEBUG - [SUAS_main.main:749] - Waiting for mode change to: AUTO
2025-06-23 19:32:27,043 - SUAS - DEBUG - [SUAS_main.main:749] - Waiting for mode change to: AUTO
2025-06-23 19:32:27,544 - SUAS - DEBUG - [SUAS_main.main:749] - Waiting for mode change to: AUTO
2025-06-23 19:32:28,046 - SUAS - DEBUG - [SUAS_main.main:749] - Waiting for mode change to: AUTO
2025-06-23 19:32:28,547 - SUAS - DEBUG - [SUAS_main.main:749] - Waiting for mode change to: AUTO
2025-06-23 19:32:29,048 - SUAS - DEBUG - [SUAS_main.main:749] - Waiting for mode change to: AUTO
2025-06-23 19:32:29,550 - SUAS - DEBUG - [SUAS_main.main:749] - Waiting for mode change to: AUTO
2025-06-23 19:32:30,052 - SUAS - DEBUG - [SUAS_main.main:749] - Waiting for mode change to: AUTO
2025-06-23 19:32:30,553 - SUAS - DEBUG - [SUAS_main.main:749] - Waiting for mode change to: AUTO
2025-06-23 19:32:31,055 - SUAS - DEBUG - [SUAS_main.main:749] - Waiting for mode change to: AUTO
2025-06-23 19:32:31,557 - SUAS - DEBUG - [SUAS_main.main:749] - Waiting for mode change to: AUTO
2025-06-23 19:32:32,058 - SUAS - DEBUG - [SUAS_main.main:749] - Waiting for mode change to: AUTO
2025-06-23 19:32:32,560 - SUAS - DEBUG - [SUAS_main.main:749] - Waiting for mode change to: AUTO
2025-06-23 19:32:33,078 - SUAS - DEBUG - [SUAS_main.main:749] - Waiting for mode change to: AUTO
2025-06-23 19:32:33,580 - SUAS - DEBUG - [SUAS_main.main:749] - Waiting for mode change to: AUTO
2025-06-23 19:32:34,081 - SUAS - DEBUG - [SUAS_main.main:749] - Waiting for mode change to: AUTO
2025-06-23 19:32:34,583 - SUAS - DEBUG - [SUAS_main.main:749] - Waiting for mode change to: AUTO
2025-06-23 19:32:35,084 - SUAS - DEBUG - [SUAS_main.main:749] - Waiting for mode change to: AUTO
2025-06-23 19:32:35,585 - SUAS - DEBUG - [SUAS_main.main:749] - Waiting for mode change to: AUTO
2025-06-23 19:32:36,087 - SUAS - DEBUG - [SUAS_main.main:749] - Waiting for mode change to: AUTO
2025-06-23 19:32:36,588 - SUAS - DEBUG - [SUAS_main.main:749] - Waiting for mode change to: AUTO
2025-06-23 19:32:37,090 - SUAS - DEBUG - [SUAS_main.main:749] - Waiting for mode change to: AUTO
2025-06-23 19:32:37,591 - SUAS - DEBUG - [SUAS_main.main:749] - Waiting for mode change to: AUTO
2025-06-23 19:32:38,093 - SUAS - DEBUG - [SUAS_main.main:749] - Waiting for mode change to: AUTO
2025-06-23 19:32:38,594 - SUAS - DEBUG - [SUAS_main.main:749] - Waiting for mode change to: AUTO
2025-06-23 19:32:39,096 - SUAS - DEBUG - [SUAS_main.main:749] - Waiting for mode change to: AUTO
2025-06-23 19:32:39,597 - SUAS - DEBUG - [SUAS_main.main:749] - Waiting for mode change to: AUTO
2025-06-23 19:32:40,099 - SUAS - DEBUG - [SUAS_main.main:749] - Waiting for mode change to: AUTO
2025-06-23 19:32:40,600 - SUAS - DEBUG - [SUAS_main.main:749] - Waiting for mode change to: AUTO
2025-06-23 19:32:41,102 - SUAS - DEBUG - [SUAS_main.main:749] - Waiting for mode change to: AUTO
2025-06-23 19:32:41,603 - SUAS - DEBUG - [SUAS_main.main:749] - Waiting for mode change to: AUTO
2025-06-23 19:32:42,105 - SUAS - DEBUG - [SUAS_main.main:749] - Waiting for mode change to: AUTO
2025-06-23 19:32:42,606 - SUAS - DEBUG - [SUAS_main.main:749] - Waiting for mode change to: AUTO
2025-06-23 19:32:43,108 - SUAS - DEBUG - [SUAS_main.main:749] - Waiting for mode change to: AUTO
2025-06-23 19:32:43,609 - SUAS - DEBUG - [SUAS_main.main:749] - Waiting for mode change to: AUTO
2025-06-23 19:32:44,111 - SUAS - DEBUG - [SUAS_main.main:749] - Waiting for mode change to: AUTO
2025-06-23 19:32:44,613 - SUAS - DEBUG - [SUAS_main.main:749] - Waiting for mode change to: AUTO
2025-06-23 19:32:45,114 - SUAS - DEBUG - [SUAS_main.main:749] - Waiting for mode change to: AUTO
2025-06-23 19:32:45,616 - SUAS - DEBUG - [SUAS_main.main:749] - Waiting for mode change to: AUTO
2025-06-23 19:32:46,117 - SUAS - DEBUG - [SUAS_main.main:749] - Waiting for mode change to: AUTO
2025-06-23 19:32:46,619 - SUAS - DEBUG - [SUAS_main.main:749] - Waiting for mode change to: AUTO
2025-06-23 19:32:47,120 - SUAS - DEBUG - [SUAS_main.main:749] - Waiting for mode change to: AUTO
2025-06-23 19:32:47,622 - SUAS - DEBUG - [SUAS_main.main:749] - Waiting for mode change to: AUTO
2025-06-23 19:32:48,123 - SUAS - DEBUG - [SUAS_main.main:749] - Waiting for mode change to: AUTO
2025-06-23 19:32:48,625 - SUAS - DEBUG - [SUAS_main.main:749] - Waiting for mode change to: AUTO
2025-06-23 19:32:49,126 - SUAS - DEBUG - [SUAS_main.main:749] - Waiting for mode change to: AUTO
2025-06-23 19:32:49,628 - SUAS - DEBUG - [SUAS_main.main:749] - Waiting for mode change to: AUTO
2025-06-23 19:32:50,129 - SUAS - DEBUG - [SUAS_main.main:749] - Waiting for mode change to: AUTO
2025-06-23 19:32:50,630 - SUAS - DEBUG - [SUAS_main.main:749] - Waiting for mode change to: AUTO
2025-06-23 19:32:51,132 - SUAS - DEBUG - [SUAS_main.main:749] - Waiting for mode change to: AUTO
2025-06-23 19:32:51,633 - SUAS - DEBUG - [SUAS_main.main:749] - Waiting for mode change to: AUTO
2025-06-23 19:32:52,135 - SUAS - DEBUG - [SUAS_main.main:749] - Waiting for mode change to: AUTO
2025-06-23 19:32:52,636 - SUAS - DEBUG - [SUAS_main.main:749] - Waiting for mode change to: AUTO
2025-06-23 19:32:53,137 - SUAS - DEBUG - [SUAS_main.main:749] - Waiting for mode change to: AUTO
2025-06-23 19:32:53,639 - SUAS - DEBUG - [SUAS_main.main:749] - Waiting for mode change to: AUTO
2025-06-23 19:32:54,140 - SUAS - DEBUG - [SUAS_main.main:749] - Waiting for mode change to: AUTO
2025-06-23 19:32:54,642 - SUAS - DEBUG - [SUAS_main.main:749] - Waiting for mode change to: AUTO
2025-06-23 19:32:55,143 - SUAS - DEBUG - [SUAS_main.main:749] - Waiting for mode change to: AUTO
2025-06-23 19:32:55,645 - SUAS - DEBUG - [SUAS_main.main:749] - Waiting for mode change to: AUTO
2025-06-23 19:32:56,146 - SUAS - DEBUG - [SUAS_main.main:749] - Waiting for mode change to: AUTO
2025-06-23 19:32:56,648 - SUAS - DEBUG - [SUAS_main.main:749] - Waiting for mode change to: AUTO
2025-06-23 19:32:57,149 - SUAS - DEBUG - [SUAS_main.main:749] - Waiting for mode change to: AUTO
2025-06-23 19:32:57,651 - SUAS - DEBUG - [SUAS_main.main:749] - Waiting for mode change to: AUTO
2025-06-23 19:32:58,152 - SUAS - DEBUG - [SUAS_main.main:749] - Waiting for mode change to: AUTO
2025-06-23 19:32:58,653 - SUAS - DEBUG - [SUAS_main.main:749] - Waiting for mode change to: AUTO
2025-06-23 19:32:59,155 - SUAS - DEBUG - [SUAS_main.main:749] - Waiting for mode change to: AUTO
2025-06-23 19:32:59,656 - SUAS - DEBUG - [SUAS_main.main:749] - Waiting for mode change to: AUTO
2025-06-23 19:33:00,157 - SUAS - DEBUG - [SUAS_main.main:749] - Waiting for mode change to: AUTO
2025-06-23 19:33:00,659 - SUAS - DEBUG - [SUAS_main.main:749] - Waiting for mode change to: AUTO
2025-06-23 19:33:01,160 - SUAS - DEBUG - [SUAS_main.main:749] - Waiting for mode change to: AUTO
2025-06-23 19:33:01,661 - SUAS - DEBUG - [SUAS_main.main:749] - Waiting for mode change to: AUTO
2025-06-23 19:33:02,163 - SUAS - DEBUG - [SUAS_main.main:749] - Waiting for mode change to: AUTO
2025-06-23 19:33:02,664 - SUAS - DEBUG - [SUAS_main.main:749] - Waiting for mode change to: AUTO
2025-06-23 19:33:03,165 - SUAS - DEBUG - [SUAS_main.main:749] - Waiting for mode change to: AUTO
2025-06-23 19:33:03,667 - SUAS - DEBUG - [SUAS_main.main:749] - Waiting for mode change to: AUTO
2025-06-23 19:33:04,169 - SUAS - DEBUG - [SUAS_main.main:749] - Waiting for mode change to: AUTO
2025-06-23 19:33:04,671 - SUAS - DEBUG - [SUAS_main.main:749] - Waiting for mode change to: AUTO
2025-06-23 19:33:05,172 - SUAS - DEBUG - [SUAS_main.main:749] - Waiting for mode change to: AUTO
2025-06-23 19:33:05,674 - SUAS - DEBUG - [SUAS_main.main:749] - Waiting for mode change to: AUTO
2025-06-23 19:33:06,175 - SUAS - DEBUG - [SUAS_main.main:749] - Waiting for mode change to: AUTO
2025-06-23 19:33:06,677 - SUAS - DEBUG - [SUAS_main.main:749] - Waiting for mode change to: AUTO
2025-06-23 19:33:07,178 - SUAS - DEBUG - [SUAS_main.main:749] - Waiting for mode change to: AUTO
2025-06-23 19:33:07,680 - SUAS - DEBUG - [SUAS_main.main:749] - Waiting for mode change to: AUTO
2025-06-23 19:33:08,181 - SUAS - DEBUG - [SUAS_main.main:749] - Waiting for mode change to: AUTO
2025-06-23 19:33:08,683 - SUAS - DEBUG - [SUAS_main.main:749] - Waiting for mode change to: AUTO
2025-06-23 19:33:09,184 - SUAS - DEBUG - [SUAS_main.main:749] - Waiting for mode change to: AUTO
2025-06-23 19:33:09,685 - SUAS - DEBUG - [SUAS_main.main:749] - Waiting for mode change to: AUTO
2025-06-23 19:33:10,187 - SUAS - DEBUG - [SUAS_main.main:749] - Waiting for mode change to: AUTO
2025-06-23 19:33:10,688 - SUAS - DEBUG - [SUAS_main.main:749] - Waiting for mode change to: AUTO
2025-06-23 19:33:11,189 - SUAS - DEBUG - [SUAS_main.main:749] - Waiting for mode change to: AUTO
2025-06-23 19:33:11,691 - SUAS - DEBUG - [SUAS_main.main:749] - Waiting for mode change to: AUTO
2025-06-23 19:33:12,192 - SUAS - DEBUG - [SUAS_main.main:749] - Waiting for mode change to: AUTO
2025-06-23 19:33:12,693 - SUAS - DEBUG - [SUAS_main.main:749] - Waiting for mode change to: AUTO
2025-06-23 19:33:13,195 - SUAS - DEBUG - [SUAS_main.main:749] - Waiting for mode change to: AUTO
2025-06-23 19:33:13,697 - SUAS - DEBUG - [SUAS_main.main:749] - Waiting for mode change to: AUTO
2025-06-23 19:33:14,198 - SUAS - DEBUG - [SUAS_main.main:749] - Waiting for mode change to: AUTO
2025-06-23 19:33:14,700 - SUAS - DEBUG - [SUAS_main.main:749] - Waiting for mode change to: AUTO
2025-06-23 19:33:15,201 - SUAS - DEBUG - [SUAS_main.main:749] - Waiting for mode change to: AUTO
2025-06-23 19:33:15,703 - SUAS - DEBUG - [SUAS_main.main:749] - Waiting for mode change to: AUTO
2025-06-23 19:33:16,204 - SUAS - DEBUG - [SUAS_main.main:749] - Waiting for mode change to: AUTO
2025-06-23 19:33:16,705 - SUAS - DEBUG - [SUAS_main.main:749] - Waiting for mode change to: AUTO
2025-06-23 19:33:17,207 - SUAS - DEBUG - [SUAS_main.main:749] - Waiting for mode change to: AUTO
2025-06-23 19:33:17,708 - SUAS - DEBUG - [SUAS_main.main:749] - Waiting for mode change to: AUTO
2025-06-23 19:33:18,209 - SUAS - DEBUG - [SUAS_main.main:749] - Waiting for mode change to: AUTO
2025-06-23 19:33:18,711 - SUAS - DEBUG - [SUAS_main.main:749] - Waiting for mode change to: AUTO
2025-06-23 19:33:19,213 - SUAS - DEBUG - [SUAS_main.main:749] - Waiting for mode change to: AUTO
2025-06-23 19:33:19,714 - SUAS - DEBUG - [SUAS_main.main:749] - Waiting for mode change to: AUTO
2025-06-23 19:33:20,216 - SUAS - DEBUG - [SUAS_main.main:749] - Waiting for mode change to: AUTO
2025-06-23 19:33:20,717 - SUAS - DEBUG - [SUAS_main.main:749] - Waiting for mode change to: AUTO
2025-06-23 19:33:21,219 - SUAS - DEBUG - [SUAS_main.main:749] - Waiting for mode change to: AUTO
2025-06-23 19:33:21,720 - SUAS - DEBUG - [SUAS_main.main:749] - Waiting for mode change to: AUTO
2025-06-23 19:33:22,222 - SUAS - DEBUG - [SUAS_main.main:749] - Waiting for mode change to: AUTO
2025-06-23 19:33:22,723 - SUAS - DEBUG - [SUAS_main.main:749] - Waiting for mode change to: AUTO
2025-06-23 19:33:23,224 - SUAS - DEBUG - [SUAS_main.main:749] - Waiting for mode change to: AUTO
2025-06-23 19:33:23,726 - SUAS - DEBUG - [SUAS_main.main:749] - Waiting for mode change to: AUTO
2025-06-23 19:33:24,227 - SUAS - DEBUG - [SUAS_main.main:749] - Waiting for mode change to: AUTO
2025-06-23 19:33:24,729 - SUAS - DEBUG - [SUAS_main.main:749] - Waiting for mode change to: AUTO
2025-06-23 19:33:25,230 - SUAS - DEBUG - [SUAS_main.main:749] - Waiting for mode change to: AUTO
2025-06-23 19:33:25,731 - SUAS - DEBUG - [SUAS_main.main:749] - Waiting for mode change to: AUTO
2025-06-23 19:33:26,233 - SUAS - DEBUG - [SUAS_main.main:749] - Waiting for mode change to: AUTO
2025-06-23 19:33:26,734 - SUAS - DEBUG - [SUAS_main.main:749] - Waiting for mode change to: AUTO
2025-06-23 19:33:27,236 - SUAS - DEBUG - [SUAS_main.main:749] - Waiting for mode change to: AUTO
2025-06-23 19:33:27,738 - SUAS - DEBUG - [SUAS_main.main:749] - Waiting for mode change to: AUTO
2025-06-23 19:33:28,240 - SUAS - DEBUG - [SUAS_main.main:749] - Waiting for mode change to: AUTO
2025-06-23 19:33:28,742 - SUAS - DEBUG - [SUAS_main.main:749] - Waiting for mode change to: AUTO
2025-06-23 19:33:29,243 - SUAS - DEBUG - [SUAS_main.main:749] - Waiting for mode change to: AUTO
2025-06-23 19:33:29,745 - SUAS - DEBUG - [SUAS_main.main:749] - Waiting for mode change to: AUTO
2025-06-23 19:33:30,246 - SUAS - DEBUG - [SUAS_main.main:749] - Waiting for mode change to: AUTO
2025-06-23 19:33:30,748 - SUAS - DEBUG - [SUAS_main.main:749] - Waiting for mode change to: AUTO
2025-06-23 19:33:31,249 - SUAS - DEBUG - [SUAS_main.main:749] - Waiting for mode change to: AUTO
2025-06-23 19:33:31,750 - SUAS - DEBUG - [SUAS_main.main:749] - Waiting for mode change to: AUTO
2025-06-23 19:33:32,252 - SUAS - DEBUG - [SUAS_main.main:749] - Waiting for mode change to: AUTO
2025-06-23 19:33:32,753 - SUAS - DEBUG - [SUAS_main.main:749] - Waiting for mode change to: AUTO
2025-06-23 19:33:33,255 - SUAS - DEBUG - [SUAS_main.main:749] - Waiting for mode change to: AUTO
2025-06-23 19:33:33,756 - SUAS - DEBUG - [SUAS_main.main:749] - Waiting for mode change to: AUTO
2025-06-23 19:33:34,258 - SUAS - DEBUG - [SUAS_main.main:749] - Waiting for mode change to: AUTO
2025-06-23 19:33:34,759 - SUAS - DEBUG - [SUAS_main.main:749] - Waiting for mode change to: AUTO
2025-06-23 19:33:35,261 - SUAS - DEBUG - [SUAS_main.main:749] - Waiting for mode change to: AUTO
2025-06-23 19:33:35,762 - SUAS - DEBUG - [SUAS_main.main:749] - Waiting for mode change to: AUTO
2025-06-23 19:33:36,264 - SUAS - DEBUG - [SUAS_main.main:749] - Waiting for mode change to: AUTO
2025-06-23 19:33:36,765 - SUAS - DEBUG - [SUAS_main.main:749] - Waiting for mode change to: AUTO
2025-06-23 19:33:37,267 - SUAS - DEBUG - [SUAS_main.main:749] - Waiting for mode change to: AUTO
2025-06-23 19:33:37,768 - SUAS - DEBUG - [SUAS_main.main:749] - Waiting for mode change to: AUTO
2025-06-23 19:33:38,270 - SUAS - DEBUG - [SUAS_main.main:749] - Waiting for mode change to: AUTO
2025-06-23 19:33:38,771 - SUAS - DEBUG - [SUAS_main.main:749] - Waiting for mode change to: AUTO
2025-06-23 19:33:39,273 - SUAS - DEBUG - [SUAS_main.main:749] - Waiting for mode change to: AUTO
2025-06-23 19:33:39,774 - SUAS - DEBUG - [SUAS_main.main:749] - Waiting for mode change to: AUTO
2025-06-23 19:33:40,276 - SUAS - DEBUG - [SUAS_main.main:749] - Waiting for mode change to: AUTO
2025-06-23 19:33:40,778 - SUAS - DEBUG - [SUAS_main.main:749] - Waiting for mode change to: AUTO
2025-06-23 19:33:41,279 - SUAS - DEBUG - [SUAS_main.main:749] - Waiting for mode change to: AUTO
2025-06-23 19:33:41,781 - SUAS - DEBUG - [SUAS_main.main:749] - Waiting for mode change to: AUTO
2025-06-23 19:33:42,282 - SUAS - DEBUG - [SUAS_main.main:749] - Waiting for mode change to: AUTO
2025-06-23 19:33:42,784 - SUAS - DEBUG - [SUAS_main.main:749] - Waiting for mode change to: AUTO
2025-06-23 19:33:43,285 - SUAS - DEBUG - [SUAS_main.main:749] - Waiting for mode change to: AUTO
2025-06-23 19:33:43,787 - SUAS - DEBUG - [SUAS_main.main:749] - Waiting for mode change to: AUTO
2025-06-23 19:33:44,288 - SUAS - DEBUG - [SUAS_main.main:749] - Waiting for mode change to: AUTO
2025-06-23 19:33:44,789 - SUAS - DEBUG - [SUAS_main.main:749] - Waiting for mode change to: AUTO
2025-06-23 19:33:45,291 - SUAS - DEBUG - [SUAS_main.main:749] - Waiting for mode change to: AUTO
2025-06-23 19:33:45,792 - SUAS - DEBUG - [SUAS_main.main:749] - Waiting for mode change to: AUTO
2025-06-23 19:33:46,294 - SUAS - DEBUG - [SUAS_main.main:749] - Waiting for mode change to: AUTO
2025-06-23 19:33:46,795 - SUAS - DEBUG - [SUAS_main.main:749] - Waiting for mode change to: AUTO
2025-06-23 19:33:47,296 - SUAS - DEBUG - [SUAS_main.main:749] - Waiting for mode change to: AUTO
2025-06-23 19:33:47,797 - SUAS - DEBUG - [SUAS_main.main:749] - Waiting for mode change to: AUTO
2025-06-23 19:33:48,299 - SUAS - DEBUG - [SUAS_main.main:749] - Waiting for mode change to: AUTO
2025-06-23 19:33:48,800 - SUAS - DEBUG - [SUAS_main.main:749] - Waiting for mode change to: AUTO
2025-06-23 19:33:49,302 - SUAS - DEBUG - [SUAS_main.main:749] - Waiting for mode change to: AUTO
2025-06-23 19:33:49,803 - SUAS - DEBUG - [SUAS_main.main:749] - Waiting for mode change to: AUTO
2025-06-23 19:33:50,305 - SUAS - DEBUG - [SUAS_main.main:749] - Waiting for mode change to: AUTO
2025-06-23 19:33:50,806 - SUAS - DEBUG - [SUAS_main.main:749] - Waiting for mode change to: AUTO
2025-06-23 19:33:51,308 - SUAS - DEBUG - [SUAS_main.main:749] - Waiting for mode change to: AUTO
2025-06-23 19:33:51,809 - SUAS - DEBUG - [SUAS_main.main:749] - Waiting for mode change to: AUTO
2025-06-23 19:33:52,311 - SUAS - DEBUG - [SUAS_main.main:749] - Waiting for mode change to: AUTO
2025-06-23 19:33:52,812 - SUAS - DEBUG - [SUAS_main.main:749] - Waiting for mode change to: AUTO
2025-06-23 19:33:53,313 - SUAS - DEBUG - [SUAS_main.main:749] - Waiting for mode change to: AUTO
2025-06-23 19:33:53,815 - SUAS - DEBUG - [SUAS_main.main:749] - Waiting for mode change to: AUTO
2025-06-23 19:33:54,316 - SUAS - DEBUG - [SUAS_main.main:749] - Waiting for mode change to: AUTO
2025-06-23 19:33:54,817 - SUAS - DEBUG - [SUAS_main.main:749] - Waiting for mode change to: AUTO
2025-06-23 19:33:55,351 - SUAS - DEBUG - [SUAS_main.main:749] - Waiting for mode change to: AUTO
2025-06-23 19:33:55,853 - SUAS - DEBUG - [SUAS_main.main:749] - Waiting for mode change to: AUTO
2025-06-23 19:33:56,355 - SUAS - DEBUG - [SUAS_main.main:749] - Waiting for mode change to: AUTO
2025-06-23 19:33:56,856 - SUAS - DEBUG - [SUAS_main.main:749] - Waiting for mode change to: AUTO
2025-06-23 19:33:57,357 - SUAS - DEBUG - [SUAS_main.main:749] - Waiting for mode change to: AUTO
2025-06-23 19:33:57,859 - SUAS - DEBUG - [SUAS_main.main:749] - Waiting for mode change to: AUTO
2025-06-23 19:33:58,360 - SUAS - DEBUG - [SUAS_main.main:749] - Waiting for mode change to: AUTO
2025-06-23 19:33:58,862 - SUAS - DEBUG - [SUAS_main.main:749] - Waiting for mode change to: AUTO
2025-06-23 19:33:59,363 - SUAS - DEBUG - [SUAS_main.main:749] - Waiting for mode change to: AUTO
2025-06-23 19:33:59,865 - SUAS - DEBUG - [SUAS_main.main:749] - Waiting for mode change to: AUTO
2025-06-23 19:34:00,366 - SUAS - DEBUG - [SUAS_main.main:749] - Waiting for mode change to: AUTO
2025-06-23 19:34:00,868 - SUAS - DEBUG - [SUAS_main.main:749] - Waiting for mode change to: AUTO
2025-06-23 19:34:01,369 - SUAS - DEBUG - [SUAS_main.main:749] - Waiting for mode change to: AUTO
2025-06-23 19:34:01,870 - SUAS - DEBUG - [SUAS_main.main:749] - Waiting for mode change to: AUTO
2025-06-23 19:34:02,372 - SUAS - DEBUG - [SUAS_main.main:749] - Waiting for mode change to: AUTO
2025-06-23 19:34:02,873 - SUAS - DEBUG - [SUAS_main.main:749] - Waiting for mode change to: AUTO
2025-06-23 19:34:03,375 - SUAS - DEBUG - [SUAS_main.main:749] - Waiting for mode change to: AUTO
2025-06-23 19:34:03,877 - SUAS - DEBUG - [SUAS_main.main:749] - Waiting for mode change to: AUTO
2025-06-23 19:34:04,378 - SUAS - DEBUG - [SUAS_main.main:749] - Waiting for mode change to: AUTO
2025-06-23 19:34:04,880 - SUAS - DEBUG - [SUAS_main.main:749] - Waiting for mode change to: AUTO
2025-06-23 19:34:05,381 - SUAS - DEBUG - [SUAS_main.main:749] - Waiting for mode change to: AUTO
2025-06-23 19:34:05,882 - SUAS - DEBUG - [SUAS_main.main:749] - Waiting for mode change to: AUTO
2025-06-23 19:34:06,384 - SUAS - DEBUG - [SUAS_main.main:749] - Waiting for mode change to: AUTO
2025-06-23 19:34:06,885 - SUAS - DEBUG - [SUAS_main.main:749] - Waiting for mode change to: AUTO
2025-06-23 19:34:07,387 - SUAS - DEBUG - [SUAS_main.main:749] - Waiting for mode change to: AUTO
2025-06-23 19:34:07,889 - SUAS - DEBUG - [SUAS_main.main:749] - Waiting for mode change to: AUTO
2025-06-23 19:34:08,390 - SUAS - DEBUG - [SUAS_main.main:749] - Waiting for mode change to: AUTO
2025-06-23 19:34:08,892 - SUAS - DEBUG - [SUAS_main.main:749] - Waiting for mode change to: AUTO
2025-06-23 19:34:09,393 - SUAS - DEBUG - [SUAS_main.main:749] - Waiting for mode change to: AUTO
2025-06-23 19:34:09,895 - SUAS - DEBUG - [SUAS_main.main:749] - Waiting for mode change to: AUTO
2025-06-23 19:34:10,396 - SUAS - DEBUG - [SUAS_main.main:749] - Waiting for mode change to: AUTO
2025-06-23 19:34:10,897 - SUAS - DEBUG - [SUAS_main.main:749] - Waiting for mode change to: AUTO
2025-06-23 19:34:11,399 - SUAS - DEBUG - [SUAS_main.main:749] - Waiting for mode change to: AUTO
2025-06-23 19:34:11,901 - SUAS - DEBUG - [SUAS_main.main:749] - Waiting for mode change to: AUTO
2025-06-23 19:34:12,402 - SUAS - DEBUG - [SUAS_main.main:749] - Waiting for mode change to: AUTO
2025-06-23 19:34:12,904 - SUAS - DEBUG - [SUAS_main.main:749] - Waiting for mode change to: AUTO
2025-06-23 19:34:13,405 - SUAS - DEBUG - [SUAS_main.main:749] - Waiting for mode change to: AUTO
2025-06-23 19:34:13,907 - SUAS - DEBUG - [SUAS_main.main:749] - Waiting for mode change to: AUTO
2025-06-23 19:34:14,408 - SUAS - DEBUG - [SUAS_main.main:749] - Waiting for mode change to: AUTO
2025-06-23 19:34:14,909 - SUAS - DEBUG - [SUAS_main.main:749] - Waiting for mode change to: AUTO
2025-06-23 19:34:15,411 - SUAS - DEBUG - [SUAS_main.main:749] - Waiting for mode change to: AUTO
2025-06-23 19:34:15,912 - SUAS - DEBUG - [SUAS_main.main:749] - Waiting for mode change to: AUTO
2025-06-23 19:34:16,413 - SUAS - DEBUG - [SUAS_main.main:749] - Waiting for mode change to: AUTO
2025-06-23 19:34:16,915 - SUAS - DEBUG - [SUAS_main.main:749] - Waiting for mode change to: AUTO
2025-06-23 19:34:17,416 - SUAS - DEBUG - [SUAS_main.main:749] - Waiting for mode change to: AUTO
2025-06-23 19:34:17,918 - SUAS - DEBUG - [SUAS_main.main:749] - Waiting for mode change to: AUTO
2025-06-23 19:34:18,419 - SUAS - DEBUG - [SUAS_main.main:749] - Waiting for mode change to: AUTO
2025-06-23 19:34:18,920 - SUAS - DEBUG - [SUAS_main.main:749] - Waiting for mode change to: AUTO
2025-06-23 19:34:19,422 - SUAS - DEBUG - [SUAS_main.main:749] - Waiting for mode change to: AUTO
2025-06-23 19:34:19,923 - SUAS - DEBUG - [SUAS_main.main:749] - Waiting for mode change to: AUTO
2025-06-23 19:34:20,424 - SUAS - DEBUG - [SUAS_main.main:749] - Waiting for mode change to: AUTO
2025-06-23 19:34:20,925 - SUAS - DEBUG - [SUAS_main.main:749] - Waiting for mode change to: AUTO
2025-06-23 19:34:21,427 - SUAS - DEBUG - [SUAS_main.main:749] - Waiting for mode change to: AUTO
2025-06-23 19:34:21,928 - SUAS - DEBUG - [SUAS_main.main:749] - Waiting for mode change to: AUTO
2025-06-23 19:34:22,430 - SUAS - DEBUG - [SUAS_main.main:749] - Waiting for mode change to: AUTO
2025-06-23 19:34:22,931 - SUAS - DEBUG - [SUAS_main.main:749] - Waiting for mode change to: AUTO
2025-06-23 19:34:23,433 - SUAS - DEBUG - [SUAS_main.main:749] - Waiting for mode change to: AUTO
2025-06-23 19:34:23,934 - SUAS - DEBUG - [SUAS_main.main:749] - Waiting for mode change to: AUTO
2025-06-23 19:34:24,436 - SUAS - DEBUG - [SUAS_main.main:749] - Waiting for mode change to: AUTO
2025-06-23 19:34:24,937 - SUAS - DEBUG - [SUAS_main.main:749] - Waiting for mode change to: AUTO
2025-06-23 19:34:25,438 - SUAS - DEBUG - [SUAS_main.main:749] - Waiting for mode change to: AUTO
2025-06-23 19:34:25,940 - SUAS - DEBUG - [SUAS_main.main:749] - Waiting for mode change to: AUTO
2025-06-23 19:34:26,441 - SUAS - DEBUG - [SUAS_main.main:749] - Waiting for mode change to: AUTO
2025-06-23 19:34:26,943 - SUAS - DEBUG - [SUAS_main.main:749] - Waiting for mode change to: AUTO
2025-06-23 19:34:27,444 - SUAS - DEBUG - [SUAS_main.main:749] - Waiting for mode change to: AUTO
2025-06-23 19:34:27,946 - SUAS - DEBUG - [SUAS_main.main:749] - Waiting for mode change to: AUTO
2025-06-23 19:34:28,447 - SUAS - DEBUG - [SUAS_main.main:749] - Waiting for mode change to: AUTO
2025-06-23 19:34:28,949 - SUAS - DEBUG - [SUAS_main.main:749] - Waiting for mode change to: AUTO
2025-06-23 19:34:29,450 - SUAS - DEBUG - [SUAS_main.main:749] - Waiting for mode change to: AUTO
2025-06-23 19:34:29,951 - SUAS - DEBUG - [SUAS_main.main:749] - Waiting for mode change to: AUTO
2025-06-23 19:34:30,453 - SUAS - DEBUG - [SUAS_main.main:749] - Waiting for mode change to: AUTO
2025-06-23 19:34:30,954 - SUAS - DEBUG - [SUAS_main.main:749] - Waiting for mode change to: AUTO
2025-06-23 19:34:31,456 - SUAS - DEBUG - [SUAS_main.main:749] - Waiting for mode change to: AUTO
2025-06-23 19:34:31,957 - SUAS - DEBUG - [SUAS_main.main:749] - Waiting for mode change to: AUTO
2025-06-23 19:34:32,459 - SUAS - DEBUG - [SUAS_main.main:749] - Waiting for mode change to: AUTO
2025-06-23 19:34:32,960 - SUAS - DEBUG - [SUAS_main.main:749] - Waiting for mode change to: AUTO
2025-06-23 19:34:33,462 - SUAS - DEBUG - [SUAS_main.main:749] - Waiting for mode change to: AUTO
2025-06-23 19:34:33,963 - SUAS - DEBUG - [SUAS_main.main:749] - Waiting for mode change to: AUTO
2025-06-23 19:34:34,465 - SUAS - DEBUG - [SUAS_main.main:749] - Waiting for mode change to: AUTO
2025-06-23 19:34:34,966 - SUAS - DEBUG - [SUAS_main.main:749] - Waiting for mode change to: AUTO
2025-06-23 19:34:35,468 - SUAS - DEBUG - [SUAS_main.main:749] - Waiting for mode change to: AUTO
2025-06-23 19:34:35,969 - SUAS - DEBUG - [SUAS_main.main:749] - Waiting for mode change to: AUTO
2025-06-23 19:34:36,471 - SUAS - DEBUG - [SUAS_main.main:749] - Waiting for mode change to: AUTO
2025-06-23 19:34:36,972 - SUAS - DEBUG - [SUAS_main.main:749] - Waiting for mode change to: AUTO
2025-06-23 19:34:37,473 - SUAS - DEBUG - [SUAS_main.main:749] - Waiting for mode change to: AUTO
2025-06-23 19:34:37,975 - SUAS - DEBUG - [SUAS_main.main:749] - Waiting for mode change to: AUTO
2025-06-23 19:34:38,476 - SUAS - DEBUG - [SUAS_main.main:749] - Waiting for mode change to: AUTO
2025-06-23 19:34:38,977 - SUAS - DEBUG - [SUAS_main.main:749] - Waiting for mode change to: AUTO
2025-06-23 19:34:39,479 - SUAS - DEBUG - [SUAS_main.main:749] - Waiting for mode change to: AUTO
2025-06-23 19:34:39,980 - SUAS - DEBUG - [SUAS_main.main:749] - Waiting for mode change to: AUTO
2025-06-23 19:34:40,481 - SUAS - DEBUG - [SUAS_main.main:749] - Waiting for mode change to: AUTO
2025-06-23 19:34:40,983 - SUAS - DEBUG - [SUAS_main.main:749] - Waiting for mode change to: AUTO
2025-06-23 19:34:41,485 - SUAS - DEBUG - [SUAS_main.main:749] - Waiting for mode change to: AUTO
2025-06-23 19:34:41,987 - SUAS - DEBUG - [SUAS_main.main:749] - Waiting for mode change to: AUTO
2025-06-23 19:34:42,488 - SUAS - DEBUG - [SUAS_main.main:749] - Waiting for mode change to: AUTO
2025-06-23 19:34:42,989 - SUAS - DEBUG - [SUAS_main.main:749] - Waiting for mode change to: AUTO
2025-06-23 19:34:43,491 - SUAS - DEBUG - [SUAS_main.main:749] - Waiting for mode change to: AUTO
2025-06-23 19:34:43,992 - SUAS - DEBUG - [SUAS_main.main:749] - Waiting for mode change to: AUTO
2025-06-23 19:34:44,494 - SUAS - DEBUG - [SUAS_main.main:749] - Waiting for mode change to: AUTO
2025-06-23 19:34:44,995 - SUAS - DEBUG - [SUAS_main.main:749] - Waiting for mode change to: AUTO
2025-06-23 19:34:45,497 - SUAS - DEBUG - [SUAS_main.main:749] - Waiting for mode change to: AUTO
2025-06-23 19:34:45,998 - SUAS - DEBUG - [SUAS_main.main:749] - Waiting for mode change to: AUTO
2025-06-23 19:34:46,500 - SUAS - DEBUG - [SUAS_main.main:749] - Waiting for mode change to: AUTO
2025-06-23 19:34:47,001 - SUAS - DEBUG - [SUAS_main.main:749] - Waiting for mode change to: AUTO
2025-06-23 19:34:47,503 - SUAS - DEBUG - [SUAS_main.main:749] - Waiting for mode change to: AUTO
2025-06-23 19:34:48,004 - SUAS - DEBUG - [SUAS_main.main:749] - Waiting for mode change to: AUTO
2025-06-23 19:34:48,505 - SUAS - DEBUG - [SUAS_main.main:749] - Waiting for mode change to: AUTO
2025-06-23 19:34:49,007 - SUAS - DEBUG - [SUAS_main.main:749] - Waiting for mode change to: AUTO
2025-06-23 19:34:49,508 - SUAS - DEBUG - [SUAS_main.main:749] - Waiting for mode change to: AUTO
2025-06-23 19:34:50,009 - SUAS - DEBUG - [SUAS_main.main:749] - Waiting for mode change to: AUTO
2025-06-23 19:34:50,511 - SUAS - DEBUG - [SUAS_main.main:749] - Waiting for mode change to: AUTO
2025-06-23 19:34:51,013 - SUAS - DEBUG - [SUAS_main.main:749] - Waiting for mode change to: AUTO
2025-06-23 19:34:51,514 - SUAS - DEBUG - [SUAS_main.main:749] - Waiting for mode change to: AUTO
2025-06-23 19:34:52,016 - SUAS - DEBUG - [SUAS_main.main:749] - Waiting for mode change to: AUTO
2025-06-23 19:34:52,517 - SUAS - DEBUG - [SUAS_main.main:749] - Waiting for mode change to: AUTO
2025-06-23 19:34:53,019 - SUAS - DEBUG - [SUAS_main.main:749] - Waiting for mode change to: AUTO
2025-06-23 19:34:53,520 - SUAS - DEBUG - [SUAS_main.main:749] - Waiting for mode change to: AUTO
2025-06-23 19:34:54,021 - SUAS - DEBUG - [SUAS_main.main:749] - Waiting for mode change to: AUTO
2025-06-23 19:34:54,523 - SUAS - DEBUG - [SUAS_main.main:749] - Waiting for mode change to: AUTO
2025-06-23 19:34:55,024 - SUAS - DEBUG - [SUAS_main.main:749] - Waiting for mode change to: AUTO
2025-06-23 19:34:55,525 - SUAS - DEBUG - [SUAS_main.main:749] - Waiting for mode change to: AUTO
2025-06-23 19:34:56,027 - SUAS - DEBUG - [SUAS_main.main:749] - Waiting for mode change to: AUTO
2025-06-23 19:34:56,529 - SUAS - DEBUG - [SUAS_main.main:749] - Waiting for mode change to: AUTO
2025-06-23 19:34:57,031 - SUAS - DEBUG - [SUAS_main.main:749] - Waiting for mode change to: AUTO
2025-06-23 19:34:57,533 - SUAS - DEBUG - [SUAS_main.main:749] - Waiting for mode change to: AUTO
2025-06-23 19:34:58,034 - SUAS - DEBUG - [SUAS_main.main:749] - Waiting for mode change to: AUTO
2025-06-23 19:34:58,536 - SUAS - DEBUG - [SUAS_main.main:749] - Waiting for mode change to: AUTO
2025-06-23 19:34:59,037 - SUAS - DEBUG - [SUAS_main.main:749] - Waiting for mode change to: AUTO
2025-06-23 19:34:59,539 - SUAS - DEBUG - [SUAS_main.main:749] - Waiting for mode change to: AUTO
2025-06-23 19:35:00,040 - SUAS - DEBUG - [SUAS_main.main:749] - Waiting for mode change to: AUTO
2025-06-23 19:35:00,541 - SUAS - DEBUG - [SUAS_main.main:749] - Waiting for mode change to: AUTO
2025-06-23 19:35:01,043 - SUAS - DEBUG - [SUAS_main.main:749] - Waiting for mode change to: AUTO
2025-06-23 19:35:01,544 - SUAS - DEBUG - [SUAS_main.main:749] - Waiting for mode change to: AUTO
2025-06-23 19:35:02,046 - SUAS - DEBUG - [SUAS_main.main:749] - Waiting for mode change to: AUTO
2025-06-23 19:35:02,547 - SUAS - DEBUG - [SUAS_main.main:749] - Waiting for mode change to: AUTO
2025-06-23 19:35:03,049 - SUAS - DEBUG - [SUAS_main.main:749] - Waiting for mode change to: AUTO
2025-06-23 19:35:03,550 - SUAS - DEBUG - [SUAS_main.main:749] - Waiting for mode change to: AUTO
2025-06-23 19:35:04,052 - SUAS - DEBUG - [SUAS_main.main:749] - Waiting for mode change to: AUTO
2025-06-23 19:35:04,553 - SUAS - DEBUG - [SUAS_main.main:749] - Waiting for mode change to: AUTO
2025-06-23 19:35:05,055 - SUAS - DEBUG - [SUAS_main.main:749] - Waiting for mode change to: AUTO
2025-06-23 19:35:05,556 - SUAS - DEBUG - [SUAS_main.main:749] - Waiting for mode change to: AUTO
2025-06-23 19:35:06,058 - SUAS - DEBUG - [SUAS_main.main:749] - Waiting for mode change to: AUTO
2025-06-23 19:35:06,559 - SUAS - DEBUG - [SUAS_main.main:749] - Waiting for mode change to: AUTO
2025-06-23 19:35:07,060 - SUAS - DEBUG - [SUAS_main.main:749] - Waiting for mode change to: AUTO
2025-06-23 19:35:07,562 - SUAS - DEBUG - [SUAS_main.main:749] - Waiting for mode change to: AUTO
2025-06-23 19:35:08,064 - SUAS - DEBUG - [SUAS_main.main:749] - Waiting for mode change to: AUTO
2025-06-23 19:35:08,565 - SUAS - DEBUG - [SUAS_main.main:749] - Waiting for mode change to: AUTO
2025-06-23 19:35:09,067 - SUAS - DEBUG - [SUAS_main.main:749] - Waiting for mode change to: AUTO
2025-06-23 19:35:09,568 - SUAS - DEBUG - [SUAS_main.main:749] - Waiting for mode change to: AUTO
2025-06-23 19:35:10,069 - SUAS - DEBUG - [SUAS_main.main:749] - Waiting for mode change to: AUTO
2025-06-23 19:35:10,571 - SUAS - DEBUG - [SUAS_main.main:749] - Waiting for mode change to: AUTO
2025-06-23 19:35:11,072 - SUAS - DEBUG - [SUAS_main.main:749] - Waiting for mode change to: AUTO
2025-06-23 19:35:11,573 - SUAS - DEBUG - [SUAS_main.main:749] - Waiting for mode change to: AUTO
2025-06-23 19:35:12,075 - SUAS - DEBUG - [SUAS_main.main:749] - Waiting for mode change to: AUTO
2025-06-23 19:35:12,576 - SUAS - DEBUG - [SUAS_main.main:749] - Waiting for mode change to: AUTO
2025-06-23 19:35:13,077 - SUAS - DEBUG - [SUAS_main.main:749] - Waiting for mode change to: AUTO
2025-06-23 19:35:13,579 - SUAS - DEBUG - [SUAS_main.main:749] - Waiting for mode change to: AUTO
2025-06-23 19:35:14,081 - SUAS - DEBUG - [SUAS_main.main:749] - Waiting for mode change to: AUTO
2025-06-23 19:35:14,582 - SUAS - DEBUG - [SUAS_main.main:749] - Waiting for mode change to: AUTO
2025-06-23 19:35:15,084 - SUAS - DEBUG - [SUAS_main.main:749] - Waiting for mode change to: AUTO
2025-06-23 19:35:15,585 - SUAS - DEBUG - [SUAS_main.main:749] - Waiting for mode change to: AUTO
2025-06-23 19:35:16,087 - SUAS - DEBUG - [SUAS_main.main:749] - Waiting for mode change to: AUTO
2025-06-23 19:35:16,588 - SUAS - DEBUG - [SUAS_main.main:749] - Waiting for mode change to: AUTO
2025-06-23 19:35:17,089 - SUAS - DEBUG - [SUAS_main.main:749] - Waiting for mode change to: AUTO
2025-06-23 19:35:17,591 - SUAS - DEBUG - [SUAS_main.main:749] - Waiting for mode change to: AUTO
2025-06-23 19:35:18,092 - SUAS - DEBUG - [SUAS_main.main:749] - Waiting for mode change to: AUTO
2025-06-23 19:35:18,593 - SUAS - DEBUG - [SUAS_main.main:749] - Waiting for mode change to: AUTO
2025-06-23 19:35:19,096 - SUAS - DEBUG - [SUAS_main.main:749] - Waiting for mode change to: AUTO
2025-06-23 19:35:19,597 - SUAS - DEBUG - [SUAS_main.main:749] - Waiting for mode change to: AUTO
2025-06-23 19:35:20,099 - SUAS - DEBUG - [SUAS_main.main:749] - Waiting for mode change to: AUTO
2025-06-23 19:35:20,601 - SUAS - DEBUG - [SUAS_main.main:749] - Waiting for mode change to: AUTO
2025-06-23 19:35:21,102 - SUAS - DEBUG - [SUAS_main.main:749] - Waiting for mode change to: AUTO
2025-06-23 19:35:21,603 - SUAS - DEBUG - [SUAS_main.main:749] - Waiting for mode change to: AUTO
2025-06-23 19:35:22,105 - SUAS - DEBUG - [SUAS_main.main:749] - Waiting for mode change to: AUTO
2025-06-23 19:35:22,606 - SUAS - DEBUG - [SUAS_main.main:749] - Waiting for mode change to: AUTO
2025-06-23 19:35:23,108 - SUAS - DEBUG - [SUAS_main.main:749] - Waiting for mode change to: AUTO
2025-06-23 19:35:23,609 - SUAS - DEBUG - [SUAS_main.main:749] - Waiting for mode change to: AUTO
2025-06-23 19:35:24,111 - SUAS - DEBUG - [SUAS_main.main:749] - Waiting for mode change to: AUTO
2025-06-23 19:35:24,612 - SUAS - DEBUG - [SUAS_main.main:749] - Waiting for mode change to: AUTO
2025-06-23 19:35:25,114 - SUAS - DEBUG - [SUAS_main.main:749] - Waiting for mode change to: AUTO
2025-06-23 19:35:25,616 - SUAS - DEBUG - [SUAS_main.main:749] - Waiting for mode change to: AUTO
2025-06-23 19:35:26,117 - SUAS - DEBUG - [SUAS_main.main:749] - Waiting for mode change to: AUTO
2025-06-23 19:35:26,619 - SUAS - DEBUG - [SUAS_main.main:749] - Waiting for mode change to: AUTO
2025-06-23 19:35:27,120 - SUAS - DEBUG - [SUAS_main.main:749] - Waiting for mode change to: AUTO
2025-06-23 19:35:27,621 - SUAS - DEBUG - [SUAS_main.main:749] - Waiting for mode change to: AUTO
2025-06-23 19:35:28,123 - SUAS - DEBUG - [SUAS_main.main:749] - Waiting for mode change to: AUTO
2025-06-23 19:35:28,624 - SUAS - DEBUG - [SUAS_main.main:749] - Waiting for mode change to: AUTO
2025-06-23 19:35:29,125 - SUAS - DEBUG - [SUAS_main.main:749] - Waiting for mode change to: AUTO
2025-06-23 19:35:29,627 - SUAS - DEBUG - [SUAS_main.main:749] - Waiting for mode change to: AUTO
2025-06-23 19:35:30,128 - SUAS - DEBUG - [SUAS_main.main:749] - Waiting for mode change to: AUTO
2025-06-23 19:35:30,630 - SUAS - DEBUG - [SUAS_main.main:749] - Waiting for mode change to: AUTO
2025-06-23 19:35:31,131 - SUAS - DEBUG - [SUAS_main.main:749] - Waiting for mode change to: AUTO
2025-06-23 19:35:31,633 - SUAS - DEBUG - [SUAS_main.main:749] - Waiting for mode change to: AUTO
2025-06-23 19:35:32,134 - SUAS - DEBUG - [SUAS_main.main:749] - Waiting for mode change to: AUTO
2025-06-23 19:35:32,636 - SUAS - DEBUG - [SUAS_main.main:749] - Waiting for mode change to: AUTO
2025-06-23 19:35:33,137 - SUAS - DEBUG - [SUAS_main.main:749] - Waiting for mode change to: AUTO
2025-06-23 19:35:33,639 - SUAS - DEBUG - [SUAS_main.main:749] - Waiting for mode change to: AUTO
2025-06-23 19:35:34,140 - SUAS - DEBUG - [SUAS_main.main:749] - Waiting for mode change to: AUTO
2025-06-23 19:35:34,641 - SUAS - DEBUG - [SUAS_main.main:749] - Waiting for mode change to: AUTO
2025-06-23 19:35:35,143 - SUAS - DEBUG - [SUAS_main.main:749] - Waiting for mode change to: AUTO
2025-06-23 19:35:35,644 - SUAS - DEBUG - [SUAS_main.main:749] - Waiting for mode change to: AUTO
2025-06-23 19:35:36,145 - SUAS - DEBUG - [SUAS_main.main:749] - Waiting for mode change to: AUTO
2025-06-23 19:35:36,647 - SUAS - DEBUG - [SUAS_main.main:749] - Waiting for mode change to: AUTO
2025-06-23 19:35:37,149 - SUAS - DEBUG - [SUAS_main.main:749] - Waiting for mode change to: AUTO
2025-06-23 19:35:37,650 - SUAS - DEBUG - [SUAS_main.main:749] - Waiting for mode change to: AUTO
2025-06-23 19:35:38,152 - SUAS - DEBUG - [SUAS_main.main:749] - Waiting for mode change to: AUTO
2025-06-23 19:35:38,653 - SUAS - DEBUG - [SUAS_main.main:749] - Waiting for mode change to: AUTO
2025-06-23 19:35:39,154 - SUAS - DEBUG - [SUAS_main.main:749] - Waiting for mode change to: AUTO
2025-06-23 19:35:39,656 - SUAS - DEBUG - [SUAS_main.main:749] - Waiting for mode change to: AUTO
2025-06-23 19:35:40,157 - SUAS - DEBUG - [SUAS_main.main:749] - Waiting for mode change to: AUTO
2025-06-23 19:35:40,659 - SUAS - DEBUG - [SUAS_main.main:749] - Waiting for mode change to: AUTO
2025-06-23 19:35:41,160 - SUAS - DEBUG - [SUAS_main.main:749] - Waiting for mode change to: AUTO
2025-06-23 19:35:41,661 - SUAS - DEBUG - [SUAS_main.main:749] - Waiting for mode change to: AUTO
2025-06-23 19:35:42,163 - SUAS - DEBUG - [SUAS_main.main:749] - Waiting for mode change to: AUTO
2025-06-23 19:35:42,665 - SUAS - DEBUG - [SUAS_main.main:749] - Waiting for mode change to: AUTO
2025-06-23 19:35:43,166 - SUAS - DEBUG - [SUAS_main.main:749] - Waiting for mode change to: AUTO
2025-06-23 19:35:43,667 - SUAS - DEBUG - [SUAS_main.main:749] - Waiting for mode change to: AUTO
2025-06-23 19:35:44,169 - SUAS - DEBUG - [SUAS_main.main:749] - Waiting for mode change to: AUTO
2025-06-23 19:35:44,670 - SUAS - DEBUG - [SUAS_main.main:749] - Waiting for mode change to: AUTO
2025-06-23 19:35:45,172 - SUAS - DEBUG - [SUAS_main.main:749] - Waiting for mode change to: AUTO
2025-06-23 19:35:45,673 - SUAS - DEBUG - [SUAS_main.main:749] - Waiting for mode change to: AUTO
2025-06-23 19:35:46,175 - SUAS - DEBUG - [SUAS_main.main:749] - Waiting for mode change to: AUTO
2025-06-23 19:35:46,676 - SUAS - DEBUG - [SUAS_main.main:749] - Waiting for mode change to: AUTO
2025-06-23 19:35:47,177 - SUAS - DEBUG - [SUAS_main.main:749] - Waiting for mode change to: AUTO
2025-06-23 19:35:47,679 - SUAS - DEBUG - [SUAS_main.main:749] - Waiting for mode change to: AUTO
2025-06-23 19:35:48,180 - SUAS - DEBUG - [SUAS_main.main:749] - Waiting for mode change to: AUTO
2025-06-23 19:35:48,681 - SUAS - DEBUG - [SUAS_main.main:749] - Waiting for mode change to: AUTO
2025-06-23 19:35:49,183 - SUAS - DEBUG - [SUAS_main.main:749] - Waiting for mode change to: AUTO
2025-06-23 19:35:49,717 - SUAS - DEBUG - [SUAS_main.main:749] - Waiting for mode change to: AUTO
2025-06-23 19:35:50,219 - SUAS - DEBUG - [SUAS_main.main:749] - Waiting for mode change to: AUTO
2025-06-23 19:35:50,721 - SUAS - DEBUG - [SUAS_main.main:749] - Waiting for mode change to: AUTO
2025-06-23 19:35:51,222 - SUAS - DEBUG - [SUAS_main.main:749] - Waiting for mode change to: AUTO
2025-06-23 19:35:51,724 - SUAS - DEBUG - [SUAS_main.main:749] - Waiting for mode change to: AUTO
2025-06-23 19:35:52,225 - SUAS - DEBUG - [SUAS_main.main:749] - Waiting for mode change to: AUTO
2025-06-23 19:35:52,726 - SUAS - DEBUG - [SUAS_main.main:749] - Waiting for mode change to: AUTO
2025-06-23 19:35:53,228 - SUAS - DEBUG - [SUAS_main.main:749] - Waiting for mode change to: AUTO
2025-06-23 19:35:53,729 - SUAS - DEBUG - [SUAS_main.main:749] - Waiting for mode change to: AUTO
2025-06-23 19:35:54,231 - SUAS - DEBUG - [SUAS_main.main:749] - Waiting for mode change to: AUTO
2025-06-23 19:35:54,732 - SUAS - DEBUG - [SUAS_main.main:749] - Waiting for mode change to: AUTO
2025-06-23 19:35:55,233 - SUAS - DEBUG - [SUAS_main.main:749] - Waiting for mode change to: AUTO
2025-06-23 19:35:55,735 - SUAS - DEBUG - [SUAS_main.main:749] - Waiting for mode change to: AUTO
2025-06-23 19:35:56,237 - SUAS - DEBUG - [SUAS_main.main:749] - Waiting for mode change to: AUTO
2025-06-23 19:35:56,738 - SUAS - DEBUG - [SUAS_main.main:749] - Waiting for mode change to: AUTO
2025-06-23 19:35:57,240 - SUAS - DEBUG - [SUAS_main.main:749] - Waiting for mode change to: AUTO
2025-06-23 19:35:57,741 - SUAS - DEBUG - [SUAS_main.main:749] - Waiting for mode change to: AUTO
2025-06-23 19:35:58,243 - SUAS - DEBUG - [SUAS_main.main:749] - Waiting for mode change to: AUTO
2025-06-23 19:35:58,744 - SUAS - DEBUG - [SUAS_main.main:749] - Waiting for mode change to: AUTO
2025-06-23 19:35:59,245 - SUAS - DEBUG - [SUAS_main.main:749] - Waiting for mode change to: AUTO
2025-06-23 19:35:59,747 - SUAS - DEBUG - [SUAS_main.main:749] - Waiting for mode change to: AUTO
2025-06-23 19:36:00,248 - SUAS - DEBUG - [SUAS_main.main:749] - Waiting for mode change to: AUTO
2025-06-23 19:36:00,749 - SUAS - DEBUG - [SUAS_main.main:749] - Waiting for mode change to: AUTO
2025-06-23 19:36:01,251 - SUAS - DEBUG - [SUAS_main.main:749] - Waiting for mode change to: AUTO
2025-06-23 19:36:01,753 - SUAS - DEBUG - [SUAS_main.main:749] - Waiting for mode change to: AUTO
2025-06-23 19:36:02,254 - SUAS - DEBUG - [SUAS_main.main:749] - Waiting for mode change to: AUTO
2025-06-23 19:36:02,756 - SUAS - DEBUG - [SUAS_main.main:749] - Waiting for mode change to: AUTO
2025-06-23 19:36:03,258 - SUAS - DEBUG - [SUAS_main.main:749] - Waiting for mode change to: AUTO
2025-06-23 19:36:03,759 - SUAS - DEBUG - [SUAS_main.main:749] - Waiting for mode change to: AUTO
2025-06-23 19:36:04,261 - SUAS - DEBUG - [SUAS_main.main:749] - Waiting for mode change to: AUTO
2025-06-23 19:36:04,762 - SUAS - DEBUG - [SUAS_main.main:749] - Waiting for mode change to: AUTO
2025-06-23 19:36:05,263 - SUAS - DEBUG - [SUAS_main.main:749] - Waiting for mode change to: AUTO
2025-06-23 19:36:05,765 - SUAS - DEBUG - [SUAS_main.main:749] - Waiting for mode change to: AUTO
2025-06-23 19:36:06,266 - SUAS - DEBUG - [SUAS_main.main:749] - Waiting for mode change to: AUTO
2025-06-23 19:36:06,768 - SUAS - DEBUG - [SUAS_main.main:749] - Waiting for mode change to: AUTO
2025-06-23 19:36:07,269 - SUAS - DEBUG - [SUAS_main.main:749] - Waiting for mode change to: AUTO
2025-06-23 19:36:07,771 - SUAS - DEBUG - [SUAS_main.main:749] - Waiting for mode change to: AUTO
2025-06-23 19:36:08,272 - SUAS - DEBUG - [SUAS_main.main:749] - Waiting for mode change to: AUTO
2025-06-23 19:36:08,773 - SUAS - DEBUG - [SUAS_main.main:749] - Waiting for mode change to: AUTO
2025-06-23 19:36:09,275 - SUAS - DEBUG - [SUAS_main.main:749] - Waiting for mode change to: AUTO
2025-06-23 19:36:09,776 - SUAS - DEBUG - [SUAS_main.main:749] - Waiting for mode change to: AUTO
2025-06-23 19:36:10,277 - SUAS - DEBUG - [SUAS_main.main:749] - Waiting for mode change to: AUTO
2025-06-23 19:36:10,779 - SUAS - DEBUG - [SUAS_main.main:749] - Waiting for mode change to: AUTO
2025-06-23 19:36:11,280 - SUAS - DEBUG - [SUAS_main.main:749] - Waiting for mode change to: AUTO
2025-06-23 19:36:11,781 - SUAS - DEBUG - [SUAS_main.main:749] - Waiting for mode change to: AUTO
2025-06-23 19:36:12,283 - SUAS - DEBUG - [SUAS_main.main:749] - Waiting for mode change to: AUTO
2025-06-23 19:36:12,784 - SUAS - DEBUG - [SUAS_main.main:749] - Waiting for mode change to: AUTO
2025-06-23 19:36:13,285 - SUAS - DEBUG - [SUAS_main.main:749] - Waiting for mode change to: AUTO
2025-06-23 19:36:13,787 - SUAS - DEBUG - [SUAS_main.main:749] - Waiting for mode change to: AUTO
2025-06-23 19:36:14,288 - SUAS - DEBUG - [SUAS_main.main:749] - Waiting for mode change to: AUTO
2025-06-23 19:36:14,789 - SUAS - DEBUG - [SUAS_main.main:749] - Waiting for mode change to: AUTO
2025-06-23 19:36:15,291 - SUAS - DEBUG - [SUAS_main.main:749] - Waiting for mode change to: AUTO
2025-06-23 19:36:15,792 - SUAS - DEBUG - [SUAS_main.main:749] - Waiting for mode change to: AUTO
2025-06-23 19:36:16,294 - SUAS - DEBUG - [SUAS_main.main:749] - Waiting for mode change to: AUTO
2025-06-23 19:36:16,795 - SUAS - DEBUG - [SUAS_main.main:749] - Waiting for mode change to: AUTO
2025-06-23 19:36:17,296 - SUAS - DEBUG - [SUAS_main.main:749] - Waiting for mode change to: AUTO
2025-06-23 19:36:17,797 - SUAS - DEBUG - [SUAS_main.main:749] - Waiting for mode change to: AUTO
2025-06-23 19:36:18,298 - SUAS - DEBUG - [SUAS_main.main:749] - Waiting for mode change to: AUTO
2025-06-23 19:36:18,800 - SUAS - DEBUG - [SUAS_main.main:749] - Waiting for mode change to: AUTO
2025-06-23 19:36:19,301 - SUAS - DEBUG - [SUAS_main.main:749] - Waiting for mode change to: AUTO
2025-06-23 19:36:19,803 - SUAS - DEBUG - [SUAS_main.main:749] - Waiting for mode change to: AUTO
2025-06-23 19:36:20,304 - SUAS - DEBUG - [SUAS_main.main:749] - Waiting for mode change to: AUTO
2025-06-23 19:36:20,806 - SUAS - DEBUG - [SUAS_main.main:749] - Waiting for mode change to: AUTO
2025-06-23 19:36:21,307 - SUAS - DEBUG - [SUAS_main.main:749] - Waiting for mode change to: AUTO
2025-06-23 19:36:21,808 - SUAS - DEBUG - [SUAS_main.main:749] - Waiting for mode change to: AUTO
2025-06-23 19:36:22,310 - SUAS - DEBUG - [SUAS_main.main:749] - Waiting for mode change to: AUTO
2025-06-23 19:36:22,811 - SUAS - DEBUG - [SUAS_main.main:749] - Waiting for mode change to: AUTO
2025-06-23 19:36:23,313 - SUAS - DEBUG - [SUAS_main.main:749] - Waiting for mode change to: AUTO
2025-06-23 19:36:23,814 - SUAS - DEBUG - [SUAS_main.main:749] - Waiting for mode change to: AUTO
2025-06-23 19:36:24,316 - SUAS - DEBUG - [SUAS_main.main:749] - Waiting for mode change to: AUTO
2025-06-23 19:36:24,817 - SUAS - DEBUG - [SUAS_main.main:749] - Waiting for mode change to: AUTO
2025-06-23 19:36:25,319 - SUAS - DEBUG - [SUAS_main.main:749] - Waiting for mode change to: AUTO
2025-06-23 19:36:25,821 - SUAS - DEBUG - [SUAS_main.main:749] - Waiting for mode change to: AUTO
2025-06-23 19:36:26,322 - SUAS - DEBUG - [SUAS_main.main:749] - Waiting for mode change to: AUTO
2025-06-23 19:36:26,824 - SUAS - DEBUG - [SUAS_main.main:749] - Waiting for mode change to: AUTO
2025-06-23 19:36:27,325 - SUAS - DEBUG - [SUAS_main.main:749] - Waiting for mode change to: AUTO
2025-06-23 19:36:27,827 - SUAS - DEBUG - [SUAS_main.main:749] - Waiting for mode change to: AUTO
2025-06-23 19:36:28,328 - SUAS - DEBUG - [SUAS_main.main:749] - Waiting for mode change to: AUTO
2025-06-23 19:36:28,829 - SUAS - DEBUG - [SUAS_main.main:749] - Waiting for mode change to: AUTO
2025-06-23 19:36:29,331 - SUAS - DEBUG - [SUAS_main.main:749] - Waiting for mode change to: AUTO
2025-06-23 19:36:29,832 - SUAS - DEBUG - [SUAS_main.main:749] - Waiting for mode change to: AUTO
2025-06-23 19:36:30,333 - SUAS - DEBUG - [SUAS_main.main:749] - Waiting for mode change to: AUTO
2025-06-23 19:36:30,835 - SUAS - DEBUG - [SUAS_main.main:749] - Waiting for mode change to: AUTO
2025-06-23 19:36:31,336 - SUAS - DEBUG - [SUAS_main.main:749] - Waiting for mode change to: AUTO
2025-06-23 19:36:31,838 - SUAS - DEBUG - [SUAS_main.main:749] - Waiting for mode change to: AUTO
2025-06-23 19:36:32,339 - SUAS - DEBUG - [SUAS_main.main:749] - Waiting for mode change to: AUTO
2025-06-23 19:36:32,841 - SUAS - DEBUG - [SUAS_main.main:749] - Waiting for mode change to: AUTO
2025-06-23 19:36:33,343 - SUAS - DEBUG - [SUAS_main.main:749] - Waiting for mode change to: AUTO
2025-06-23 19:36:33,844 - SUAS - DEBUG - [SUAS_main.main:749] - Waiting for mode change to: AUTO
2025-06-23 19:36:34,345 - SUAS - DEBUG - [SUAS_main.main:749] - Waiting for mode change to: AUTO
2025-06-23 19:36:34,847 - SUAS - DEBUG - [SUAS_main.main:749] - Waiting for mode change to: AUTO
2025-06-23 19:36:35,348 - SUAS - DEBUG - [SUAS_main.main:749] - Waiting for mode change to: AUTO
2025-06-23 19:36:35,849 - SUAS - DEBUG - [SUAS_main.main:749] - Waiting for mode change to: AUTO
2025-06-23 19:36:36,351 - SUAS - DEBUG - [SUAS_main.main:749] - Waiting for mode change to: AUTO
2025-06-23 19:36:36,852 - SUAS - DEBUG - [SUAS_main.main:749] - Waiting for mode change to: AUTO
2025-06-23 19:36:37,354 - SUAS - DEBUG - [SUAS_main.main:749] - Waiting for mode change to: AUTO
2025-06-23 19:36:37,855 - SUAS - DEBUG - [SUAS_main.main:749] - Waiting for mode change to: AUTO
2025-06-23 19:36:38,357 - SUAS - DEBUG - [SUAS_main.main:749] - Waiting for mode change to: AUTO
2025-06-23 19:36:38,859 - SUAS - DEBUG - [SUAS_main.main:749] - Waiting for mode change to: AUTO
2025-06-23 19:36:39,360 - SUAS - DEBUG - [SUAS_main.main:749] - Waiting for mode change to: AUTO
2025-06-23 19:36:39,861 - SUAS - DEBUG - [SUAS_main.main:749] - Waiting for mode change to: AUTO
2025-06-23 19:36:40,363 - SUAS - DEBUG - [SUAS_main.main:749] - Waiting for mode change to: AUTO
2025-06-23 19:36:40,864 - SUAS - DEBUG - [SUAS_main.main:749] - Waiting for mode change to: AUTO
2025-06-23 19:36:41,366 - SUAS - DEBUG - [SUAS_main.main:749] - Waiting for mode change to: AUTO
2025-06-23 19:36:41,867 - SUAS - DEBUG - [SUAS_main.main:749] - Waiting for mode change to: AUTO
2025-06-23 19:36:42,369 - SUAS - DEBUG - [SUAS_main.main:749] - Waiting for mode change to: AUTO
2025-06-23 19:36:42,870 - SUAS - DEBUG - [SUAS_main.main:749] - Waiting for mode change to: AUTO
2025-06-23 19:36:43,372 - SUAS - DEBUG - [SUAS_main.main:749] - Waiting for mode change to: AUTO
2025-06-23 19:36:43,873 - SUAS - DEBUG - [SUAS_main.main:749] - Waiting for mode change to: AUTO
2025-06-23 19:36:44,375 - SUAS - DEBUG - [SUAS_main.main:749] - Waiting for mode change to: AUTO
2025-06-23 19:36:44,876 - SUAS - DEBUG - [SUAS_main.main:749] - Waiting for mode change to: AUTO
2025-06-23 19:36:45,377 - SUAS - DEBUG - [SUAS_main.main:749] - Waiting for mode change to: AUTO
2025-06-23 19:36:45,879 - SUAS - DEBUG - [SUAS_main.main:749] - Waiting for mode change to: AUTO
2025-06-23 19:36:46,380 - SUAS - DEBUG - [SUAS_main.main:749] - Waiting for mode change to: AUTO
2025-06-23 19:36:46,881 - SUAS - DEBUG - [SUAS_main.main:749] - Waiting for mode change to: AUTO
2025-06-23 19:36:47,383 - SUAS - DEBUG - [SUAS_main.main:749] - Waiting for mode change to: AUTO
2025-06-23 19:36:47,884 - SUAS - DEBUG - [SUAS_main.main:749] - Waiting for mode change to: AUTO
2025-06-23 19:36:48,385 - SUAS - DEBUG - [SUAS_main.main:749] - Waiting for mode change to: AUTO
2025-06-23 19:36:48,887 - SUAS - DEBUG - [SUAS_main.main:749] - Waiting for mode change to: AUTO
2025-06-23 19:36:49,388 - SUAS - DEBUG - [SUAS_main.main:749] - Waiting for mode change to: AUTO
2025-06-23 19:36:49,889 - SUAS - DEBUG - [SUAS_main.main:749] - Waiting for mode change to: AUTO
2025-06-23 19:36:50,391 - SUAS - DEBUG - [SUAS_main.main:749] - Waiting for mode change to: AUTO
2025-06-23 19:36:50,892 - SUAS - DEBUG - [SUAS_main.main:749] - Waiting for mode change to: AUTO
2025-06-23 19:36:51,393 - SUAS - DEBUG - [SUAS_main.main:749] - Waiting for mode change to: AUTO
2025-06-23 19:36:51,895 - SUAS - DEBUG - [SUAS_main.main:749] - Waiting for mode change to: AUTO
2025-06-23 19:36:52,396 - SUAS - DEBUG - [SUAS_main.main:749] - Waiting for mode change to: AUTO
2025-06-23 19:36:52,897 - SUAS - DEBUG - [SUAS_main.main:749] - Waiting for mode change to: AUTO
2025-06-23 19:36:53,399 - SUAS - DEBUG - [SUAS_main.main:749] - Waiting for mode change to: AUTO
2025-06-23 19:36:53,900 - SUAS - DEBUG - [SUAS_main.main:749] - Waiting for mode change to: AUTO
2025-06-23 19:36:54,401 - SUAS - DEBUG - [SUAS_main.main:749] - Waiting for mode change to: AUTO
2025-06-23 19:36:54,903 - SUAS - DEBUG - [SUAS_main.main:749] - Waiting for mode change to: AUTO
2025-06-23 19:36:55,405 - SUAS - DEBUG - [SUAS_main.main:749] - Waiting for mode change to: AUTO
2025-06-23 19:36:55,907 - SUAS - DEBUG - [SUAS_main.main:749] - Waiting for mode change to: AUTO
2025-06-23 19:36:56,408 - SUAS - DEBUG - [SUAS_main.main:749] - Waiting for mode change to: AUTO
2025-06-23 19:36:56,909 - SUAS - DEBUG - [SUAS_main.main:749] - Waiting for mode change to: AUTO
2025-06-23 19:36:57,411 - SUAS - DEBUG - [SUAS_main.main:749] - Waiting for mode change to: AUTO
2025-06-23 19:36:57,913 - SUAS - DEBUG - [SUAS_main.main:749] - Waiting for mode change to: AUTO
2025-06-23 19:36:58,414 - SUAS - DEBUG - [SUAS_main.main:749] - Waiting for mode change to: AUTO
2025-06-23 19:36:58,915 - SUAS - DEBUG - [SUAS_main.main:749] - Waiting for mode change to: AUTO
2025-06-23 19:36:59,417 - SUAS - DEBUG - [SUAS_main.main:749] - Waiting for mode change to: AUTO
2025-06-23 19:36:59,918 - SUAS - DEBUG - [SUAS_main.main:749] - Waiting for mode change to: AUTO
2025-06-23 19:37:00,420 - SUAS - DEBUG - [SUAS_main.main:749] - Waiting for mode change to: AUTO
2025-06-23 19:37:00,922 - SUAS - DEBUG - [SUAS_main.main:749] - Waiting for mode change to: AUTO
2025-06-23 19:37:01,424 - SUAS - DEBUG - [SUAS_main.main:749] - Waiting for mode change to: AUTO
2025-06-23 19:37:01,925 - SUAS - DEBUG - [SUAS_main.main:749] - Waiting for mode change to: AUTO
2025-06-23 19:37:02,427 - SUAS - DEBUG - [SUAS_main.main:749] - Waiting for mode change to: AUTO
2025-06-23 19:37:02,928 - SUAS - DEBUG - [SUAS_main.main:749] - Waiting for mode change to: AUTO
2025-06-23 19:37:03,429 - SUAS - DEBUG - [SUAS_main.main:749] - Waiting for mode change to: AUTO
2025-06-23 19:37:03,931 - SUAS - DEBUG - [SUAS_main.main:749] - Waiting for mode change to: AUTO
2025-06-23 19:37:04,432 - SUAS - DEBUG - [SUAS_main.main:749] - Waiting for mode change to: AUTO
2025-06-23 19:37:04,933 - SUAS - DEBUG - [SUAS_main.main:749] - Waiting for mode change to: AUTO
2025-06-23 19:37:05,435 - SUAS - DEBUG - [SUAS_main.main:749] - Waiting for mode change to: AUTO
2025-06-23 19:37:05,936 - SUAS - DEBUG - [SUAS_main.main:749] - Waiting for mode change to: AUTO
2025-06-23 19:37:06,438 - SUAS - DEBUG - [SUAS_main.main:749] - Waiting for mode change to: AUTO
2025-06-23 19:37:06,939 - SUAS - DEBUG - [SUAS_main.main:749] - Waiting for mode change to: AUTO
2025-06-23 19:37:07,441 - SUAS - DEBUG - [SUAS_main.main:749] - Waiting for mode change to: AUTO
2025-06-23 19:37:07,942 - SUAS - DEBUG - [SUAS_main.main:749] - Waiting for mode change to: AUTO
2025-06-23 19:37:08,444 - SUAS - DEBUG - [SUAS_main.main:749] - Waiting for mode change to: AUTO
2025-06-23 19:37:08,945 - SUAS - DEBUG - [SUAS_main.main:749] - Waiting for mode change to: AUTO
2025-06-23 19:37:09,447 - SUAS - DEBUG - [SUAS_main.main:749] - Waiting for mode change to: AUTO
2025-06-23 19:37:09,948 - SUAS - DEBUG - [SUAS_main.main:749] - Waiting for mode change to: AUTO
2025-06-23 19:37:10,450 - SUAS - DEBUG - [SUAS_main.main:749] - Waiting for mode change to: AUTO
2025-06-23 19:37:10,951 - SUAS - DEBUG - [SUAS_main.main:749] - Waiting for mode change to: AUTO
2025-06-23 19:37:11,453 - SUAS - DEBUG - [SUAS_main.main:749] - Waiting for mode change to: AUTO
2025-06-23 19:37:11,954 - SUAS - DEBUG - [SUAS_main.main:749] - Waiting for mode change to: AUTO
2025-06-23 19:37:12,456 - SUAS - DEBUG - [SUAS_main.main:749] - Waiting for mode change to: AUTO
2025-06-23 19:37:12,957 - SUAS - DEBUG - [SUAS_main.main:749] - Waiting for mode change to: AUTO
2025-06-23 19:37:13,459 - SUAS - DEBUG - [SUAS_main.main:749] - Waiting for mode change to: AUTO
2025-06-23 19:37:13,960 - SUAS - DEBUG - [SUAS_main.main:749] - Waiting for mode change to: AUTO
2025-06-23 19:37:14,461 - SUAS - DEBUG - [SUAS_main.main:749] - Waiting for mode change to: AUTO
2025-06-23 19:37:14,963 - SUAS - DEBUG - [SUAS_main.main:749] - Waiting for mode change to: AUTO
2025-06-23 19:37:15,464 - SUAS - DEBUG - [SUAS_main.main:749] - Waiting for mode change to: AUTO
2025-06-23 19:37:15,965 - SUAS - DEBUG - [SUAS_main.main:749] - Waiting for mode change to: AUTO
2025-06-23 19:37:16,467 - SUAS - DEBUG - [SUAS_main.main:749] - Waiting for mode change to: AUTO
2025-06-23 19:37:16,968 - SUAS - DEBUG - [SUAS_main.main:749] - Waiting for mode change to: AUTO
2025-06-23 19:37:17,469 - SUAS - DEBUG - [SUAS_main.main:749] - Waiting for mode change to: AUTO
2025-06-23 19:37:17,971 - SUAS - DEBUG - [SUAS_main.main:749] - Waiting for mode change to: AUTO
2025-06-23 19:37:18,473 - SUAS - DEBUG - [SUAS_main.main:749] - Waiting for mode change to: AUTO
2025-06-23 19:37:18,974 - SUAS - DEBUG - [SUAS_main.main:749] - Waiting for mode change to: AUTO
2025-06-23 19:37:19,476 - SUAS - DEBUG - [SUAS_main.main:749] - Waiting for mode change to: AUTO
2025-06-23 19:37:19,977 - SUAS - DEBUG - [SUAS_main.main:749] - Waiting for mode change to: AUTO
2025-06-23 19:37:20,479 - SUAS - DEBUG - [SUAS_main.main:749] - Waiting for mode change to: AUTO
2025-06-23 19:37:20,980 - SUAS - DEBUG - [SUAS_main.main:749] - Waiting for mode change to: AUTO
2025-06-23 19:37:21,481 - SUAS - DEBUG - [SUAS_main.main:749] - Waiting for mode change to: AUTO
2025-06-23 19:37:21,983 - SUAS - DEBUG - [SUAS_main.main:749] - Waiting for mode change to: AUTO
2025-06-23 19:37:22,484 - SUAS - DEBUG - [SUAS_main.main:749] - Waiting for mode change to: AUTO
2025-06-23 19:37:22,985 - SUAS - DEBUG - [SUAS_main.main:749] - Waiting for mode change to: AUTO
2025-06-23 19:37:23,487 - SUAS - DEBUG - [SUAS_main.main:749] - Waiting for mode change to: AUTO
2025-06-23 19:37:23,988 - SUAS - DEBUG - [SUAS_main.main:749] - Waiting for mode change to: AUTO
2025-06-23 19:37:24,490 - SUAS - DEBUG - [SUAS_main.main:749] - Waiting for mode change to: AUTO
2025-06-23 19:37:24,992 - SUAS - DEBUG - [SUAS_main.main:749] - Waiting for mode change to: AUTO
2025-06-23 19:37:25,493 - SUAS - DEBUG - [SUAS_main.main:749] - Waiting for mode change to: AUTO
2025-06-23 19:37:25,995 - SUAS - DEBUG - [SUAS_main.main:749] - Waiting for mode change to: AUTO
2025-06-23 19:37:26,496 - SUAS - DEBUG - [SUAS_main.main:749] - Waiting for mode change to: AUTO
2025-06-23 19:37:26,997 - SUAS - DEBUG - [SUAS_main.main:749] - Waiting for mode change to: AUTO
2025-06-23 19:37:27,499 - SUAS - DEBUG - [SUAS_main.main:749] - Waiting for mode change to: AUTO
2025-06-23 19:37:28,001 - SUAS - DEBUG - [SUAS_main.main:749] - Waiting for mode change to: AUTO
2025-06-23 19:37:28,502 - SUAS - DEBUG - [SUAS_main.main:749] - Waiting for mode change to: AUTO
2025-06-23 19:37:29,004 - SUAS - DEBUG - [SUAS_main.main:749] - Waiting for mode change to: AUTO
2025-06-23 19:37:29,505 - SUAS - DEBUG - [SUAS_main.main:749] - Waiting for mode change to: AUTO
2025-06-23 19:37:30,007 - SUAS - DEBUG - [SUAS_main.main:749] - Waiting for mode change to: AUTO
2025-06-23 19:37:30,508 - SUAS - DEBUG - [SUAS_main.main:749] - Waiting for mode change to: AUTO
2025-06-23 19:37:31,009 - SUAS - DEBUG - [SUAS_main.main:749] - Waiting for mode change to: AUTO
2025-06-23 19:37:31,511 - SUAS - DEBUG - [SUAS_main.main:749] - Waiting for mode change to: AUTO
2025-06-23 19:37:32,012 - SUAS - DEBUG - [SUAS_main.main:749] - Waiting for mode change to: AUTO
2025-06-23 19:37:32,513 - SUAS - DEBUG - [SUAS_main.main:749] - Waiting for mode change to: AUTO
2025-06-23 19:37:33,015 - SUAS - DEBUG - [SUAS_main.main:749] - Waiting for mode change to: AUTO
2025-06-23 19:37:33,516 - SUAS - DEBUG - [SUAS_main.main:749] - Waiting for mode change to: AUTO
2025-06-23 19:37:34,017 - SUAS - DEBUG - [SUAS_main.main:749] - Waiting for mode change to: AUTO
2025-06-23 19:37:34,519 - SUAS - DEBUG - [SUAS_main.main:749] - Waiting for mode change to: AUTO
2025-06-23 19:37:35,020 - SUAS - DEBUG - [SUAS_main.main:749] - Waiting for mode change to: AUTO
2025-06-23 19:37:35,521 - SUAS - DEBUG - [SUAS_main.main:749] - Waiting for mode change to: AUTO
2025-06-23 19:37:36,023 - SUAS - DEBUG - [SUAS_main.main:749] - Waiting for mode change to: AUTO
2025-06-23 19:37:36,525 - SUAS - DEBUG - [SUAS_main.main:749] - Waiting for mode change to: AUTO
2025-06-23 19:37:37,026 - SUAS - DEBUG - [SUAS_main.main:749] - Waiting for mode change to: AUTO
2025-06-23 19:37:37,528 - SUAS - DEBUG - [SUAS_main.main:749] - Waiting for mode change to: AUTO
2025-06-23 19:37:38,029 - SUAS - DEBUG - [SUAS_main.main:749] - Waiting for mode change to: AUTO
2025-06-23 19:37:38,531 - SUAS - DEBUG - [SUAS_main.main:749] - Waiting for mode change to: AUTO
2025-06-23 19:37:39,032 - SUAS - DEBUG - [SUAS_main.main:749] - Waiting for mode change to: AUTO
2025-06-23 19:37:39,533 - SUAS - DEBUG - [SUAS_main.main:749] - Waiting for mode change to: AUTO
2025-06-23 19:37:40,035 - SUAS - DEBUG - [SUAS_main.main:749] - Waiting for mode change to: AUTO
2025-06-23 19:37:40,536 - SUAS - DEBUG - [SUAS_main.main:749] - Waiting for mode change to: AUTO
2025-06-23 19:37:41,037 - SUAS - DEBUG - [SUAS_main.main:749] - Waiting for mode change to: AUTO
2025-06-23 19:37:41,539 - SUAS - DEBUG - [SUAS_main.main:749] - Waiting for mode change to: AUTO
2025-06-23 19:37:42,040 - SUAS - DEBUG - [SUAS_main.main:749] - Waiting for mode change to: AUTO
2025-06-23 19:37:42,542 - SUAS - DEBUG - [SUAS_main.main:749] - Waiting for mode change to: AUTO
2025-06-23 19:37:43,043 - SUAS - DEBUG - [SUAS_main.main:749] - Waiting for mode change to: AUTO
2025-06-23 19:37:43,544 - SUAS - DEBUG - [SUAS_main.main:749] - Waiting for mode change to: AUTO
2025-06-23 19:37:44,045 - SUAS - DEBUG - [SUAS_main.main:749] - Waiting for mode change to: AUTO
2025-06-23 19:37:44,547 - SUAS - DEBUG - [SUAS_main.main:749] - Waiting for mode change to: AUTO
2025-06-23 19:37:45,048 - SUAS - DEBUG - [SUAS_main.main:749] - Waiting for mode change to: AUTO
2025-06-23 19:37:45,550 - SUAS - DEBUG - [SUAS_main.main:749] - Waiting for mode change to: AUTO
2025-06-23 19:37:46,051 - SUAS - DEBUG - [SUAS_main.main:749] - Waiting for mode change to: AUTO
2025-06-23 19:37:46,553 - SUAS - DEBUG - [SUAS_main.main:749] - Waiting for mode change to: AUTO
2025-06-23 19:37:47,054 - SUAS - DEBUG - [SUAS_main.main:749] - Waiting for mode change to: AUTO
2025-06-23 19:37:47,556 - SUAS - DEBUG - [SUAS_main.main:749] - Waiting for mode change to: AUTO
2025-06-23 19:37:48,058 - SUAS - DEBUG - [SUAS_main.main:749] - Waiting for mode change to: AUTO
2025-06-23 19:37:48,559 - SUAS - DEBUG - [SUAS_main.main:749] - Waiting for mode change to: AUTO
2025-06-23 19:37:49,061 - SUAS - DEBUG - [SUAS_main.main:749] - Waiting for mode change to: AUTO
2025-06-23 19:37:49,562 - SUAS - DEBUG - [SUAS_main.main:749] - Waiting for mode change to: AUTO
2025-06-23 19:37:50,064 - SUAS - DEBUG - [SUAS_main.main:749] - Waiting for mode change to: AUTO
2025-06-23 19:37:50,565 - SUAS - DEBUG - [SUAS_main.main:749] - Waiting for mode change to: AUTO
2025-06-23 19:37:51,067 - SUAS - DEBUG - [SUAS_main.main:749] - Waiting for mode change to: AUTO
2025-06-23 19:37:51,568 - SUAS - DEBUG - [SUAS_main.main:749] - Waiting for mode change to: AUTO
2025-06-23 19:37:52,069 - SUAS - DEBUG - [SUAS_main.main:749] - Waiting for mode change to: AUTO
2025-06-23 19:37:52,571 - SUAS - DEBUG - [SUAS_main.main:749] - Waiting for mode change to: AUTO
2025-06-23 19:37:53,072 - SUAS - DEBUG - [SUAS_main.main:749] - Waiting for mode change to: AUTO
2025-06-23 19:37:53,574 - SUAS - DEBUG - [SUAS_main.main:749] - Waiting for mode change to: AUTO
2025-06-23 19:37:54,075 - SUAS - DEBUG - [SUAS_main.main:749] - Waiting for mode change to: AUTO
2025-06-23 19:37:54,577 - SUAS - DEBUG - [SUAS_main.main:749] - Waiting for mode change to: AUTO
2025-06-23 19:37:55,078 - SUAS - DEBUG - [SUAS_main.main:749] - Waiting for mode change to: AUTO
2025-06-23 19:37:55,580 - SUAS - DEBUG - [SUAS_main.main:749] - Waiting for mode change to: AUTO
2025-06-23 19:37:56,081 - SUAS - DEBUG - [SUAS_main.main:749] - Waiting for mode change to: AUTO
2025-06-23 19:37:56,583 - SUAS - DEBUG - [SUAS_main.main:749] - Waiting for mode change to: AUTO
2025-06-23 19:37:57,084 - SUAS - DEBUG - [SUAS_main.main:749] - Waiting for mode change to: AUTO
2025-06-23 19:37:57,585 - SUAS - DEBUG - [SUAS_main.main:749] - Waiting for mode change to: AUTO
2025-06-23 19:37:58,087 - SUAS - DEBUG - [SUAS_main.main:749] - Waiting for mode change to: AUTO
2025-06-23 19:37:58,588 - SUAS - DEBUG - [SUAS_main.main:749] - Waiting for mode change to: AUTO
2025-06-23 19:37:59,089 - SUAS - DEBUG - [SUAS_main.main:749] - Waiting for mode change to: AUTO
2025-06-23 19:37:59,591 - SUAS - DEBUG - [SUAS_main.main:749] - Waiting for mode change to: AUTO
2025-06-23 19:38:00,093 - SUAS - DEBUG - [SUAS_main.main:749] - Waiting for mode change to: AUTO
2025-06-23 19:38:00,594 - SUAS - DEBUG - [SUAS_main.main:749] - Waiting for mode change to: AUTO
2025-06-23 19:38:01,096 - SUAS - DEBUG - [SUAS_main.main:749] - Waiting for mode change to: AUTO
2025-06-23 19:38:01,597 - SUAS - DEBUG - [SUAS_main.main:749] - Waiting for mode change to: AUTO
2025-06-23 19:38:02,099 - SUAS - DEBUG - [SUAS_main.main:749] - Waiting for mode change to: AUTO
2025-06-23 19:38:02,600 - SUAS - DEBUG - [SUAS_main.main:749] - Waiting for mode change to: AUTO
2025-06-23 19:38:03,101 - SUAS - DEBUG - [SUAS_main.main:749] - Waiting for mode change to: AUTO
2025-06-23 19:38:03,603 - SUAS - DEBUG - [SUAS_main.main:749] - Waiting for mode change to: AUTO
2025-06-23 19:38:04,104 - SUAS - DEBUG - [SUAS_main.main:749] - Waiting for mode change to: AUTO
2025-06-23 19:38:04,606 - SUAS - DEBUG - [SUAS_main.main:749] - Waiting for mode change to: AUTO
2025-06-23 19:38:05,107 - SUAS - DEBUG - [SUAS_main.main:749] - Waiting for mode change to: AUTO
2025-06-23 19:38:05,609 - SUAS - DEBUG - [SUAS_main.main:749] - Waiting for mode change to: AUTO
2025-06-23 19:38:06,110 - SUAS - DEBUG - [SUAS_main.main:749] - Waiting for mode change to: AUTO
2025-06-23 19:38:06,612 - SUAS - DEBUG - [SUAS_main.main:749] - Waiting for mode change to: AUTO
2025-06-23 19:38:07,113 - SUAS - DEBUG - [SUAS_main.main:749] - Waiting for mode change to: AUTO
2025-06-23 19:38:07,615 - SUAS - DEBUG - [SUAS_main.main:749] - Waiting for mode change to: AUTO
2025-06-23 19:38:08,116 - SUAS - DEBUG - [SUAS_main.main:749] - Waiting for mode change to: AUTO
2025-06-23 19:38:08,617 - SUAS - DEBUG - [SUAS_main.main:749] - Waiting for mode change to: AUTO
2025-06-23 19:38:09,119 - SUAS - DEBUG - [SUAS_main.main:749] - Waiting for mode change to: AUTO
2025-06-23 19:38:09,620 - SUAS - DEBUG - [SUAS_main.main:749] - Waiting for mode change to: AUTO
2025-06-23 19:38:10,121 - SUAS - DEBUG - [SUAS_main.main:749] - Waiting for mode change to: AUTO
2025-06-23 19:38:10,623 - SUAS - DEBUG - [SUAS_main.main:749] - Waiting for mode change to: AUTO
2025-06-23 19:38:11,124 - SUAS - DEBUG - [SUAS_main.main:749] - Waiting for mode change to: AUTO
2025-06-23 19:38:11,626 - SUAS - DEBUG - [SUAS_main.main:749] - Waiting for mode change to: AUTO
2025-06-23 19:38:12,127 - SUAS - DEBUG - [SUAS_main.main:749] - Waiting for mode change to: AUTO
2025-06-23 19:38:12,629 - SUAS - DEBUG - [SUAS_main.main:749] - Waiting for mode change to: AUTO
2025-06-23 19:38:13,130 - SUAS - DEBUG - [SUAS_main.main:749] - Waiting for mode change to: AUTO
2025-06-23 19:38:13,632 - SUAS - DEBUG - [SUAS_main.main:749] - Waiting for mode change to: AUTO
2025-06-23 19:38:14,133 - SUAS - DEBUG - [SUAS_main.main:749] - Waiting for mode change to: AUTO
2025-06-23 19:38:14,634 - SUAS - DEBUG - [SUAS_main.main:749] - Waiting for mode change to: AUTO
2025-06-23 19:38:15,136 - SUAS - DEBUG - [SUAS_main.main:749] - Waiting for mode change to: AUTO
2025-06-23 19:38:15,637 - SUAS - DEBUG - [SUAS_main.main:749] - Waiting for mode change to: AUTO
2025-06-23 19:38:16,139 - SUAS - DEBUG - [SUAS_main.main:749] - Waiting for mode change to: AUTO
2025-06-23 19:38:16,641 - SUAS - DEBUG - [SUAS_main.main:749] - Waiting for mode change to: AUTO
2025-06-23 19:38:17,142 - SUAS - DEBUG - [SUAS_main.main:749] - Waiting for mode change to: AUTO
2025-06-23 19:38:17,644 - SUAS - DEBUG - [SUAS_main.main:749] - Waiting for mode change to: AUTO
2025-06-23 19:38:18,145 - SUAS - DEBUG - [SUAS_main.main:749] - Waiting for mode change to: AUTO
2025-06-23 19:38:18,647 - SUAS - DEBUG - [SUAS_main.main:749] - Waiting for mode change to: AUTO
2025-06-23 19:38:19,148 - SUAS - DEBUG - [SUAS_main.main:749] - Waiting for mode change to: AUTO
2025-06-23 19:38:19,649 - SUAS - DEBUG - [SUAS_main.main:749] - Waiting for mode change to: AUTO
2025-06-23 19:38:20,151 - SUAS - DEBUG - [SUAS_main.main:749] - Waiting for mode change to: AUTO
2025-06-23 19:38:20,652 - SUAS - DEBUG - [SUAS_main.main:749] - Waiting for mode change to: AUTO
2025-06-23 19:38:21,154 - SUAS - DEBUG - [SUAS_main.main:749] - Waiting for mode change to: AUTO
2025-06-23 19:38:21,655 - SUAS - DEBUG - [SUAS_main.main:749] - Waiting for mode change to: AUTO
2025-06-23 19:38:22,157 - SUAS - DEBUG - [SUAS_main.main:749] - Waiting for mode change to: AUTO
2025-06-23 19:38:22,658 - SUAS - DEBUG - [SUAS_main.main:749] - Waiting for mode change to: AUTO
2025-06-23 19:38:23,160 - SUAS - DEBUG - [SUAS_main.main:749] - Waiting for mode change to: AUTO
2025-06-23 19:38:23,661 - SUAS - DEBUG - [SUAS_main.main:749] - Waiting for mode change to: AUTO
2025-06-23 19:38:24,163 - SUAS - DEBUG - [SUAS_main.main:749] - Waiting for mode change to: AUTO
2025-06-23 19:38:24,664 - SUAS - DEBUG - [SUAS_main.main:749] - Waiting for mode change to: AUTO
2025-06-23 19:38:25,165 - SUAS - DEBUG - [SUAS_main.main:749] - Waiting for mode change to: AUTO
2025-06-23 19:38:25,667 - SUAS - DEBUG - [SUAS_main.main:749] - Waiting for mode change to: AUTO
2025-06-23 19:38:26,168 - SUAS - DEBUG - [SUAS_main.main:749] - Waiting for mode change to: AUTO
2025-06-23 19:38:26,670 - SUAS - DEBUG - [SUAS_main.main:749] - Waiting for mode change to: AUTO
2025-06-23 19:38:27,171 - SUAS - DEBUG - [SUAS_main.main:749] - Waiting for mode change to: AUTO
2025-06-23 19:38:27,672 - SUAS - DEBUG - [SUAS_main.main:749] - Waiting for mode change to: AUTO
2025-06-23 19:38:28,173 - SUAS - DEBUG - [SUAS_main.main:749] - Waiting for mode change to: AUTO
2025-06-23 19:38:28,675 - SUAS - DEBUG - [SUAS_main.main:749] - Waiting for mode change to: AUTO
2025-06-23 19:38:29,177 - SUAS - DEBUG - [SUAS_main.main:749] - Waiting for mode change to: AUTO
2025-06-23 19:38:29,678 - SUAS - DEBUG - [SUAS_main.main:749] - Waiting for mode change to: AUTO
2025-06-23 19:38:30,180 - SUAS - DEBUG - [SUAS_main.main:749] - Waiting for mode change to: AUTO
2025-06-23 19:38:30,681 - SUAS - DEBUG - [SUAS_main.main:749] - Waiting for mode change to: AUTO
2025-06-23 19:38:31,182 - SUAS - DEBUG - [SUAS_main.main:749] - Waiting for mode change to: AUTO
2025-06-23 19:38:31,684 - SUAS - DEBUG - [SUAS_main.main:749] - Waiting for mode change to: AUTO
2025-06-23 19:38:32,185 - SUAS - DEBUG - [SUAS_main.main:749] - Waiting for mode change to: AUTO
2025-06-23 19:38:32,687 - SUAS - DEBUG - [SUAS_main.main:749] - Waiting for mode change to: AUTO
2025-06-23 19:38:33,188 - SUAS - DEBUG - [SUAS_main.main:749] - Waiting for mode change to: AUTO
2025-06-23 19:38:33,689 - SUAS - DEBUG - [SUAS_main.main:749] - Waiting for mode change to: AUTO
2025-06-23 19:38:34,191 - SUAS - DEBUG - [SUAS_main.main:749] - Waiting for mode change to: AUTO
2025-06-23 19:38:34,693 - SUAS - DEBUG - [SUAS_main.main:749] - Waiting for mode change to: AUTO
2025-06-23 19:38:35,195 - SUAS - DEBUG - [SUAS_main.main:749] - Waiting for mode change to: AUTO
2025-06-23 19:38:35,696 - SUAS - DEBUG - [SUAS_main.main:749] - Waiting for mode change to: AUTO
2025-06-23 19:38:36,197 - SUAS - DEBUG - [SUAS_main.main:749] - Waiting for mode change to: AUTO
2025-06-23 19:38:36,699 - SUAS - DEBUG - [SUAS_main.main:749] - Waiting for mode change to: AUTO
2025-06-23 19:38:37,200 - SUAS - DEBUG - [SUAS_main.main:749] - Waiting for mode change to: AUTO
2025-06-23 19:38:37,701 - SUAS - DEBUG - [SUAS_main.main:749] - Waiting for mode change to: AUTO
2025-06-23 19:38:38,203 - SUAS - DEBUG - [SUAS_main.main:749] - Waiting for mode change to: AUTO
2025-06-23 19:38:38,704 - SUAS - DEBUG - [SUAS_main.main:749] - Waiting for mode change to: AUTO
2025-06-23 19:38:39,205 - SUAS - DEBUG - [SUAS_main.main:749] - Waiting for mode change to: AUTO
2025-06-23 19:38:39,707 - SUAS - DEBUG - [SUAS_main.main:749] - Waiting for mode change to: AUTO
2025-06-23 19:38:40,208 - SUAS - DEBUG - [SUAS_main.main:749] - Waiting for mode change to: AUTO
2025-06-23 19:38:40,709 - SUAS - DEBUG - [SUAS_main.main:749] - Waiting for mode change to: AUTO
2025-06-23 19:38:41,211 - SUAS - DEBUG - [SUAS_main.main:749] - Waiting for mode change to: AUTO
2025-06-23 19:38:41,712 - SUAS - DEBUG - [SUAS_main.main:749] - Waiting for mode change to: AUTO
2025-06-23 19:38:42,213 - SUAS - DEBUG - [SUAS_main.main:749] - Waiting for mode change to: AUTO
2025-06-23 19:38:42,715 - SUAS - DEBUG - [SUAS_main.main:749] - Waiting for mode change to: AUTO
2025-06-23 19:38:43,216 - SUAS - DEBUG - [SUAS_main.main:749] - Waiting for mode change to: AUTO
2025-06-23 19:38:43,717 - SUAS - DEBUG - [SUAS_main.main:749] - Waiting for mode change to: AUTO
2025-06-23 19:38:44,219 - SUAS - DEBUG - [SUAS_main.main:749] - Waiting for mode change to: AUTO
2025-06-23 19:38:44,720 - SUAS - DEBUG - [SUAS_main.main:749] - Waiting for mode change to: AUTO
2025-06-23 19:38:45,221 - SUAS - DEBUG - [SUAS_main.main:749] - Waiting for mode change to: AUTO
2025-06-23 19:38:45,723 - SUAS - DEBUG - [SUAS_main.main:749] - Waiting for mode change to: AUTO
2025-06-23 19:38:46,225 - SUAS - DEBUG - [SUAS_main.main:749] - Waiting for mode change to: AUTO
2025-06-23 19:38:46,726 - SUAS - DEBUG - [SUAS_main.main:749] - Waiting for mode change to: AUTO
2025-06-23 19:38:47,228 - SUAS - DEBUG - [SUAS_main.main:749] - Waiting for mode change to: AUTO
2025-06-23 19:38:47,729 - SUAS - DEBUG - [SUAS_main.main:749] - Waiting for mode change to: AUTO
2025-06-23 19:38:48,231 - SUAS - DEBUG - [SUAS_main.main:749] - Waiting for mode change to: AUTO
2025-06-23 19:38:48,732 - SUAS - DEBUG - [SUAS_main.main:749] - Waiting for mode change to: AUTO
2025-06-23 19:38:49,233 - SUAS - DEBUG - [SUAS_main.main:749] - Waiting for mode change to: AUTO
2025-06-23 19:38:49,735 - SUAS - DEBUG - [SUAS_main.main:749] - Waiting for mode change to: AUTO
2025-06-23 19:38:50,236 - SUAS - DEBUG - [SUAS_main.main:749] - Waiting for mode change to: AUTO
2025-06-23 19:38:50,737 - SUAS - DEBUG - [SUAS_main.main:749] - Waiting for mode change to: AUTO
2025-06-23 19:38:51,239 - SUAS - DEBUG - [SUAS_main.main:749] - Waiting for mode change to: AUTO
2025-06-23 19:38:51,740 - SUAS - DEBUG - [SUAS_main.main:749] - Waiting for mode change to: AUTO
2025-06-23 19:38:52,242 - SUAS - DEBUG - [SUAS_main.main:749] - Waiting for mode change to: AUTO
2025-06-23 19:38:52,743 - SUAS - DEBUG - [SUAS_main.main:749] - Waiting for mode change to: AUTO
2025-06-23 19:38:53,245 - SUAS - DEBUG - [SUAS_main.main:749] - Waiting for mode change to: AUTO
2025-06-23 19:38:53,746 - SUAS - DEBUG - [SUAS_main.main:749] - Waiting for mode change to: AUTO
2025-06-23 19:38:54,247 - SUAS - DEBUG - [SUAS_main.main:749] - Waiting for mode change to: AUTO
2025-06-23 19:38:54,749 - SUAS - DEBUG - [SUAS_main.main:749] - Waiting for mode change to: AUTO
2025-06-23 19:38:55,250 - SUAS - DEBUG - [SUAS_main.main:749] - Waiting for mode change to: AUTO
2025-06-23 19:38:55,752 - SUAS - DEBUG - [SUAS_main.main:749] - Waiting for mode change to: AUTO
2025-06-23 19:38:56,253 - SUAS - DEBUG - [SUAS_main.main:749] - Waiting for mode change to: AUTO
2025-06-23 19:38:56,755 - SUAS - DEBUG - [SUAS_main.main:749] - Waiting for mode change to: AUTO
2025-06-23 19:38:57,256 - SUAS - DEBUG - [SUAS_main.main:749] - Waiting for mode change to: AUTO
2025-06-23 19:38:57,757 - SUAS - DEBUG - [SUAS_main.main:749] - Waiting for mode change to: AUTO
2025-06-23 19:38:58,259 - SUAS - DEBUG - [SUAS_main.main:749] - Waiting for mode change to: AUTO
2025-06-23 19:38:58,761 - SUAS - DEBUG - [SUAS_main.main:749] - Waiting for mode change to: AUTO
2025-06-23 19:38:59,262 - SUAS - DEBUG - [SUAS_main.main:749] - Waiting for mode change to: AUTO
2025-06-23 19:38:59,763 - SUAS - DEBUG - [SUAS_main.main:749] - Waiting for mode change to: AUTO
2025-06-23 19:39:00,265 - SUAS - DEBUG - [SUAS_main.main:749] - Waiting for mode change to: AUTO
2025-06-23 19:39:00,766 - SUAS - DEBUG - [SUAS_main.main:749] - Waiting for mode change to: AUTO
2025-06-23 19:39:01,268 - SUAS - DEBUG - [SUAS_main.main:749] - Waiting for mode change to: AUTO
2025-06-23 19:39:01,769 - SUAS - DEBUG - [SUAS_main.main:749] - Waiting for mode change to: AUTO
2025-06-23 19:39:02,270 - SUAS - DEBUG - [SUAS_main.main:749] - Waiting for mode change to: AUTO
2025-06-23 19:39:02,772 - SUAS - DEBUG - [SUAS_main.main:749] - Waiting for mode change to: AUTO
2025-06-23 19:39:03,273 - SUAS - DEBUG - [SUAS_main.main:749] - Waiting for mode change to: AUTO
2025-06-23 19:39:03,775 - SUAS - DEBUG - [SUAS_main.main:749] - Waiting for mode change to: AUTO
2025-06-23 19:39:04,277 - SUAS - DEBUG - [SUAS_main.main:749] - Waiting for mode change to: AUTO
2025-06-23 19:39:04,778 - SUAS - DEBUG - [SUAS_main.main:749] - Waiting for mode change to: AUTO
2025-06-23 19:39:05,280 - SUAS - DEBUG - [SUAS_main.main:749] - Waiting for mode change to: AUTO
2025-06-23 19:39:05,781 - SUAS - DEBUG - [SUAS_main.main:749] - Waiting for mode change to: AUTO
2025-06-23 19:39:06,282 - SUAS - DEBUG - [SUAS_main.main:749] - Waiting for mode change to: AUTO
2025-06-23 19:39:06,784 - SUAS - DEBUG - [SUAS_main.main:749] - Waiting for mode change to: AUTO
2025-06-23 19:39:07,285 - SUAS - DEBUG - [SUAS_main.main:749] - Waiting for mode change to: AUTO
2025-06-23 19:39:07,787 - SUAS - DEBUG - [SUAS_main.main:749] - Waiting for mode change to: AUTO
2025-06-23 19:39:08,288 - SUAS - DEBUG - [SUAS_main.main:749] - Waiting for mode change to: AUTO
2025-06-23 19:39:08,790 - SUAS - DEBUG - [SUAS_main.main:749] - Waiting for mode change to: AUTO
2025-06-23 19:39:09,291 - SUAS - DEBUG - [SUAS_main.main:749] - Waiting for mode change to: AUTO
2025-06-23 19:39:09,793 - SUAS - DEBUG - [SUAS_main.main:749] - Waiting for mode change to: AUTO
2025-06-23 19:39:10,294 - SUAS - DEBUG - [SUAS_main.main:749] - Waiting for mode change to: AUTO
2025-06-23 19:39:10,796 - SUAS - DEBUG - [SUAS_main.main:749] - Waiting for mode change to: AUTO
2025-06-23 19:39:11,297 - SUAS - DEBUG - [SUAS_main.main:749] - Waiting for mode change to: AUTO
2025-06-23 19:39:11,799 - SUAS - DEBUG - [SUAS_main.main:749] - Waiting for mode change to: AUTO
2025-06-23 19:39:12,300 - SUAS - DEBUG - [SUAS_main.main:749] - Waiting for mode change to: AUTO
2025-06-23 19:39:12,801 - SUAS - DEBUG - [SUAS_main.main:749] - Waiting for mode change to: AUTO
2025-06-23 19:39:13,303 - SUAS - DEBUG - [SUAS_main.main:749] - Waiting for mode change to: AUTO
2025-06-23 19:39:13,804 - SUAS - DEBUG - [SUAS_main.main:749] - Waiting for mode change to: AUTO
2025-06-23 19:39:14,305 - SUAS - DEBUG - [SUAS_main.main:749] - Waiting for mode change to: AUTO
2025-06-23 19:39:14,807 - SUAS - DEBUG - [SUAS_main.main:749] - Waiting for mode change to: AUTO
2025-06-23 19:39:15,308 - SUAS - DEBUG - [SUAS_main.main:749] - Waiting for mode change to: AUTO
2025-06-23 19:39:15,810 - SUAS - DEBUG - [SUAS_main.main:749] - Waiting for mode change to: AUTO
2025-06-23 19:39:16,311 - SUAS - DEBUG - [SUAS_main.main:749] - Waiting for mode change to: AUTO
2025-06-23 19:39:16,812 - SUAS - DEBUG - [SUAS_main.main:749] - Waiting for mode change to: AUTO
2025-06-23 19:39:17,314 - SUAS - DEBUG - [SUAS_main.main:749] - Waiting for mode change to: AUTO
2025-06-23 19:39:17,815 - SUAS - DEBUG - [SUAS_main.main:749] - Waiting for mode change to: AUTO
2025-06-23 19:39:18,317 - SUAS - DEBUG - [SUAS_main.main:749] - Waiting for mode change to: AUTO
2025-06-23 19:39:18,818 - SUAS - DEBUG - [SUAS_main.main:749] - Waiting for mode change to: AUTO
2025-06-23 19:39:19,320 - SUAS - DEBUG - [SUAS_main.main:749] - Waiting for mode change to: AUTO
2025-06-23 19:39:19,821 - SUAS - DEBUG - [SUAS_main.main:749] - Waiting for mode change to: AUTO
2025-06-23 19:39:20,323 - SUAS - DEBUG - [SUAS_main.main:749] - Waiting for mode change to: AUTO
2025-06-23 19:39:20,824 - SUAS - DEBUG - [SUAS_main.main:749] - Waiting for mode change to: AUTO
2025-06-23 19:39:21,326 - SUAS - DEBUG - [SUAS_main.main:749] - Waiting for mode change to: AUTO
2025-06-23 19:39:21,827 - SUAS - DEBUG - [SUAS_main.main:749] - Waiting for mode change to: AUTO
2025-06-23 19:39:22,329 - SUAS - DEBUG - [SUAS_main.main:749] - Waiting for mode change to: AUTO
2025-06-23 19:39:22,830 - SUAS - DEBUG - [SUAS_main.main:749] - Waiting for mode change to: AUTO
2025-06-23 19:39:23,332 - SUAS - DEBUG - [SUAS_main.main:749] - Waiting for mode change to: AUTO
2025-06-23 19:39:23,833 - SUAS - DEBUG - [SUAS_main.main:749] - Waiting for mode change to: AUTO
2025-06-23 19:39:24,335 - SUAS - DEBUG - [SUAS_main.main:749] - Waiting for mode change to: AUTO
2025-06-23 19:39:24,836 - SUAS - DEBUG - [SUAS_main.main:749] - Waiting for mode change to: AUTO
2025-06-23 19:39:25,337 - SUAS - DEBUG - [SUAS_main.main:749] - Waiting for mode change to: AUTO
2025-06-23 19:39:25,839 - SUAS - DEBUG - [SUAS_main.main:749] - Waiting for mode change to: AUTO
2025-06-23 19:39:26,340 - SUAS - DEBUG - [SUAS_main.main:749] - Waiting for mode change to: AUTO
2025-06-23 19:39:26,841 - SUAS - DEBUG - [SUAS_main.main:749] - Waiting for mode change to: AUTO
2025-06-23 19:39:27,343 - SUAS - DEBUG - [SUAS_main.main:749] - Waiting for mode change to: AUTO
2025-06-23 19:39:27,844 - SUAS - DEBUG - [SUAS_main.main:749] - Waiting for mode change to: AUTO
2025-06-23 19:39:28,346 - SUAS - DEBUG - [SUAS_main.main:749] - Waiting for mode change to: AUTO
2025-06-23 19:39:28,847 - SUAS - DEBUG - [SUAS_main.main:749] - Waiting for mode change to: AUTO
2025-06-23 19:39:29,349 - SUAS - DEBUG - [SUAS_main.main:749] - Waiting for mode change to: AUTO
2025-06-23 19:39:29,850 - SUAS - DEBUG - [SUAS_main.main:749] - Waiting for mode change to: AUTO
2025-06-23 19:39:30,351 - SUAS - DEBUG - [SUAS_main.main:749] - Waiting for mode change to: AUTO
2025-06-23 19:39:30,853 - SUAS - DEBUG - [SUAS_main.main:749] - Waiting for mode change to: AUTO
2025-06-23 19:39:31,354 - SUAS - DEBUG - [SUAS_main.main:749] - Waiting for mode change to: AUTO
2025-06-23 19:39:31,856 - SUAS - DEBUG - [SUAS_main.main:749] - Waiting for mode change to: AUTO
2025-06-23 19:39:32,357 - SUAS - DEBUG - [SUAS_main.main:749] - Waiting for mode change to: AUTO
2025-06-23 19:39:32,859 - SUAS - DEBUG - [SUAS_main.main:749] - Waiting for mode change to: AUTO
2025-06-23 19:39:33,360 - SUAS - DEBUG - [SUAS_main.main:749] - Waiting for mode change to: AUTO
2025-06-23 19:39:33,862 - SUAS - DEBUG - [SUAS_main.main:749] - Waiting for mode change to: AUTO
2025-06-23 19:39:35,100 - SUAS - DEBUG - [SUAS_main.main:749] - Waiting for mode change to: AUTO
2025-06-23 19:39:35,601 - SUAS - DEBUG - [SUAS_main.main:749] - Waiting for mode change to: AUTO
2025-06-23 19:39:36,103 - SUAS - DEBUG - [SUAS_main.main:749] - Waiting for mode change to: AUTO
2025-06-23 19:39:36,604 - SUAS - DEBUG - [SUAS_main.main:749] - Waiting for mode change to: AUTO
2025-06-23 19:39:37,106 - SUAS - DEBUG - [SUAS_main.main:749] - Waiting for mode change to: AUTO
2025-06-23 19:39:37,607 - SUAS - DEBUG - [SUAS_main.main:749] - Waiting for mode change to: AUTO
2025-06-23 19:39:38,108 - SUAS - DEBUG - [SUAS_main.main:749] - Waiting for mode change to: AUTO
2025-06-23 19:39:38,610 - SUAS - DEBUG - [SUAS_main.main:749] - Waiting for mode change to: AUTO
2025-06-23 19:39:39,111 - SUAS - DEBUG - [SUAS_main.main:749] - Waiting for mode change to: AUTO
2025-06-23 19:39:39,613 - SUAS - DEBUG - [SUAS_main.main:749] - Waiting for mode change to: AUTO
2025-06-23 19:39:40,115 - SUAS - DEBUG - [SUAS_main.main:749] - Waiting for mode change to: AUTO
2025-06-23 19:39:40,616 - SUAS - DEBUG - [SUAS_main.main:749] - Waiting for mode change to: AUTO
2025-06-23 19:39:41,118 - SUAS - DEBUG - [SUAS_main.main:749] - Waiting for mode change to: AUTO
2025-06-23 19:39:41,619 - SUAS - DEBUG - [SUAS_main.main:749] - Waiting for mode change to: AUTO
2025-06-23 19:39:42,120 - SUAS - DEBUG - [SUAS_main.main:749] - Waiting for mode change to: AUTO
2025-06-23 19:39:42,622 - SUAS - DEBUG - [SUAS_main.main:749] - Waiting for mode change to: AUTO
2025-06-23 19:39:43,123 - SUAS - DEBUG - [SUAS_main.main:749] - Waiting for mode change to: AUTO
2025-06-23 19:39:43,624 - SUAS - DEBUG - [SUAS_main.main:749] - Waiting for mode change to: AUTO
2025-06-23 19:39:44,126 - SUAS - DEBUG - [SUAS_main.main:749] - Waiting for mode change to: AUTO
2025-06-23 19:39:44,627 - SUAS - DEBUG - [SUAS_main.main:749] - Waiting for mode change to: AUTO
2025-06-23 19:39:45,128 - SUAS - DEBUG - [SUAS_main.main:749] - Waiting for mode change to: AUTO
2025-06-23 19:39:45,630 - SUAS - DEBUG - [SUAS_main.main:749] - Waiting for mode change to: AUTO
2025-06-23 19:39:46,132 - SUAS - DEBUG - [SUAS_main.main:749] - Waiting for mode change to: AUTO
2025-06-23 19:39:46,633 - SUAS - DEBUG - [SUAS_main.main:749] - Waiting for mode change to: AUTO
2025-06-23 19:39:47,135 - SUAS - DEBUG - [SUAS_main.main:749] - Waiting for mode change to: AUTO
2025-06-23 19:39:47,636 - SUAS - DEBUG - [SUAS_main.main:749] - Waiting for mode change to: AUTO
2025-06-23 19:39:48,138 - SUAS - DEBUG - [SUAS_main.main:749] - Waiting for mode change to: AUTO
2025-06-23 19:39:48,639 - SUAS - DEBUG - [SUAS_main.main:749] - Waiting for mode change to: AUTO
2025-06-23 19:39:49,141 - SUAS - DEBUG - [SUAS_main.main:749] - Waiting for mode change to: AUTO
2025-06-23 19:39:49,642 - SUAS - DEBUG - [SUAS_main.main:749] - Waiting for mode change to: AUTO
2025-06-23 19:39:50,144 - SUAS - DEBUG - [SUAS_main.main:749] - Waiting for mode change to: AUTO
2025-06-23 19:39:50,645 - SUAS - DEBUG - [SUAS_main.main:749] - Waiting for mode change to: AUTO
2025-06-23 19:39:51,147 - SUAS - DEBUG - [SUAS_main.main:749] - Waiting for mode change to: AUTO
2025-06-23 19:39:51,648 - SUAS - DEBUG - [SUAS_main.main:749] - Waiting for mode change to: AUTO
2025-06-23 19:39:52,150 - SUAS - DEBUG - [SUAS_main.main:749] - Waiting for mode change to: AUTO
2025-06-23 19:39:52,652 - SUAS - DEBUG - [SUAS_main.main:749] - Waiting for mode change to: AUTO
2025-06-23 19:39:53,154 - SUAS - DEBUG - [SUAS_main.main:749] - Waiting for mode change to: AUTO
2025-06-23 19:39:53,655 - SUAS - DEBUG - [SUAS_main.main:749] - Waiting for mode change to: AUTO
2025-06-23 19:39:54,156 - SUAS - DEBUG - [SUAS_main.main:749] - Waiting for mode change to: AUTO
2025-06-23 19:39:54,658 - SUAS - DEBUG - [SUAS_main.main:749] - Waiting for mode change to: AUTO
2025-06-23 19:39:55,159 - SUAS - DEBUG - [SUAS_main.main:749] - Waiting for mode change to: AUTO
2025-06-23 19:39:55,661 - SUAS - DEBUG - [SUAS_main.main:749] - Waiting for mode change to: AUTO
2025-06-23 19:39:56,162 - SUAS - DEBUG - [SUAS_main.main:749] - Waiting for mode change to: AUTO
2025-06-23 19:39:56,664 - SUAS - DEBUG - [SUAS_main.main:749] - Waiting for mode change to: AUTO
2025-06-23 19:39:57,166 - SUAS - DEBUG - [SUAS_main.main:749] - Waiting for mode change to: AUTO
2025-06-23 19:39:57,667 - SUAS - DEBUG - [SUAS_main.main:749] - Waiting for mode change to: AUTO
2025-06-23 19:39:58,169 - SUAS - DEBUG - [SUAS_main.main:749] - Waiting for mode change to: AUTO
2025-06-23 19:39:58,671 - SUAS - DEBUG - [SUAS_main.main:749] - Waiting for mode change to: AUTO
2025-06-23 19:39:59,172 - SUAS - DEBUG - [SUAS_main.main:749] - Waiting for mode change to: AUTO
2025-06-23 19:39:59,674 - SUAS - DEBUG - [SUAS_main.main:749] - Waiting for mode change to: AUTO
2025-06-23 19:40:00,176 - SUAS - DEBUG - [SUAS_main.main:749] - Waiting for mode change to: AUTO
2025-06-23 19:40:00,677 - SUAS - DEBUG - [SUAS_main.main:749] - Waiting for mode change to: AUTO
2025-06-23 19:40:01,179 - SUAS - DEBUG - [SUAS_main.main:749] - Waiting for mode change to: AUTO
2025-06-23 19:40:01,680 - SUAS - DEBUG - [SUAS_main.main:749] - Waiting for mode change to: AUTO
2025-06-23 19:40:02,182 - SUAS - DEBUG - [SUAS_main.main:749] - Waiting for mode change to: AUTO
2025-06-23 19:40:02,684 - SUAS - DEBUG - [SUAS_main.main:749] - Waiting for mode change to: AUTO
2025-06-23 19:40:03,185 - SUAS - DEBUG - [SUAS_main.main:749] - Waiting for mode change to: AUTO
2025-06-23 19:40:03,687 - SUAS - DEBUG - [SUAS_main.main:749] - Waiting for mode change to: AUTO
2025-06-23 19:40:04,188 - SUAS - DEBUG - [SUAS_main.main:749] - Waiting for mode change to: AUTO
2025-06-23 19:40:04,690 - SUAS - DEBUG - [SUAS_main.main:749] - Waiting for mode change to: AUTO
2025-06-23 19:40:05,191 - SUAS - DEBUG - [SUAS_main.main:749] - Waiting for mode change to: AUTO
2025-06-23 19:40:05,692 - SUAS - DEBUG - [SUAS_main.main:749] - Waiting for mode change to: AUTO
2025-06-23 19:40:06,194 - SUAS - DEBUG - [SUAS_main.main:749] - Waiting for mode change to: AUTO
2025-06-23 19:40:06,695 - SUAS - DEBUG - [SUAS_main.main:749] - Waiting for mode change to: AUTO
2025-06-23 19:40:07,196 - SUAS - DEBUG - [SUAS_main.main:749] - Waiting for mode change to: AUTO
2025-06-23 19:40:07,698 - SUAS - DEBUG - [SUAS_main.main:749] - Waiting for mode change to: AUTO
2025-06-23 19:40:08,199 - SUAS - DEBUG - [SUAS_main.main:749] - Waiting for mode change to: AUTO
2025-06-23 19:40:08,701 - SUAS - DEBUG - [SUAS_main.main:749] - Waiting for mode change to: AUTO
2025-06-23 19:40:09,203 - SUAS - DEBUG - [SUAS_main.main:749] - Waiting for mode change to: AUTO
2025-06-23 19:40:09,704 - SUAS - DEBUG - [SUAS_main.main:749] - Waiting for mode change to: AUTO
2025-06-23 19:40:10,206 - SUAS - DEBUG - [SUAS_main.main:749] - Waiting for mode change to: AUTO
2025-06-23 19:40:10,707 - SUAS - DEBUG - [SUAS_main.main:749] - Waiting for mode change to: AUTO
2025-06-23 19:40:11,208 - SUAS - DEBUG - [SUAS_main.main:749] - Waiting for mode change to: AUTO
2025-06-23 19:40:11,710 - SUAS - DEBUG - [SUAS_main.main:749] - Waiting for mode change to: AUTO
2025-06-23 19:40:12,212 - SUAS - DEBUG - [SUAS_main.main:749] - Waiting for mode change to: AUTO
2025-06-23 19:40:12,713 - SUAS - DEBUG - [SUAS_main.main:749] - Waiting for mode change to: AUTO
2025-06-23 19:40:13,215 - SUAS - DEBUG - [SUAS_main.main:749] - Waiting for mode change to: AUTO
2025-06-23 19:40:13,716 - SUAS - DEBUG - [SUAS_main.main:749] - Waiting for mode change to: AUTO
2025-06-23 19:40:14,218 - SUAS - DEBUG - [SUAS_main.main:749] - Waiting for mode change to: AUTO
2025-06-23 19:40:14,720 - SUAS - DEBUG - [SUAS_main.main:749] - Waiting for mode change to: AUTO
2025-06-23 19:40:15,221 - SUAS - DEBUG - [SUAS_main.main:749] - Waiting for mode change to: AUTO
2025-06-23 19:40:15,722 - SUAS - DEBUG - [SUAS_main.main:749] - Waiting for mode change to: AUTO
2025-06-23 19:40:16,224 - SUAS - DEBUG - [SUAS_main.main:749] - Waiting for mode change to: AUTO
2025-06-23 19:40:16,725 - SUAS - DEBUG - [SUAS_main.main:749] - Waiting for mode change to: AUTO
2025-06-23 19:40:17,227 - SUAS - DEBUG - [SUAS_main.main:749] - Waiting for mode change to: AUTO
2025-06-23 19:40:17,728 - SUAS - DEBUG - [SUAS_main.main:749] - Waiting for mode change to: AUTO
2025-06-23 19:40:18,230 - SUAS - DEBUG - [SUAS_main.main:749] - Waiting for mode change to: AUTO
2025-06-23 19:40:18,731 - SUAS - DEBUG - [SUAS_main.main:749] - Waiting for mode change to: AUTO
2025-06-23 19:40:19,233 - SUAS - DEBUG - [SUAS_main.main:749] - Waiting for mode change to: AUTO
2025-06-23 19:40:19,734 - SUAS - DEBUG - [SUAS_main.main:749] - Waiting for mode change to: AUTO
2025-06-23 19:40:20,236 - SUAS - DEBUG - [SUAS_main.main:749] - Waiting for mode change to: AUTO
2025-06-23 19:40:20,737 - SUAS - DEBUG - [SUAS_main.main:749] - Waiting for mode change to: AUTO
2025-06-23 19:40:21,238 - SUAS - DEBUG - [SUAS_main.main:749] - Waiting for mode change to: AUTO
2025-06-23 19:40:21,740 - SUAS - DEBUG - [SUAS_main.main:749] - Waiting for mode change to: AUTO
2025-06-23 19:40:22,241 - SUAS - DEBUG - [SUAS_main.main:749] - Waiting for mode change to: AUTO
2025-06-23 19:40:22,743 - SUAS - DEBUG - [SUAS_main.main:749] - Waiting for mode change to: AUTO
2025-06-23 19:40:23,244 - SUAS - DEBUG - [SUAS_main.main:749] - Waiting for mode change to: AUTO
2025-06-23 19:40:23,746 - SUAS - DEBUG - [SUAS_main.main:749] - Waiting for mode change to: AUTO
2025-06-23 19:40:24,247 - SUAS - DEBUG - [SUAS_main.main:749] - Waiting for mode change to: AUTO
2025-06-23 19:40:24,749 - SUAS - DEBUG - [SUAS_main.main:749] - Waiting for mode change to: AUTO
2025-06-23 19:40:25,250 - SUAS - DEBUG - [SUAS_main.main:749] - Waiting for mode change to: AUTO
2025-06-23 19:40:25,752 - SUAS - DEBUG - [SUAS_main.main:749] - Waiting for mode change to: AUTO
2025-06-23 19:40:26,253 - SUAS - DEBUG - [SUAS_main.main:749] - Waiting for mode change to: AUTO
2025-06-23 19:40:26,755 - SUAS - DEBUG - [SUAS_main.main:749] - Waiting for mode change to: AUTO
2025-06-23 19:40:27,256 - SUAS - DEBUG - [SUAS_main.main:749] - Waiting for mode change to: AUTO
2025-06-23 19:40:27,758 - SUAS - DEBUG - [SUAS_main.main:749] - Waiting for mode change to: AUTO
2025-06-23 19:40:28,259 - SUAS - DEBUG - [SUAS_main.main:749] - Waiting for mode change to: AUTO
2025-06-23 19:40:28,760 - SUAS - DEBUG - [SUAS_main.main:749] - Waiting for mode change to: AUTO
2025-06-23 19:40:29,262 - SUAS - DEBUG - [SUAS_main.main:749] - Waiting for mode change to: AUTO
2025-06-23 19:40:29,763 - SUAS - DEBUG - [SUAS_main.main:749] - Waiting for mode change to: AUTO
2025-06-23 19:40:30,264 - SUAS - DEBUG - [SUAS_main.main:749] - Waiting for mode change to: AUTO
2025-06-23 19:40:30,766 - SUAS - DEBUG - [SUAS_main.main:749] - Waiting for mode change to: AUTO
2025-06-23 19:40:31,268 - SUAS - DEBUG - [SUAS_main.main:749] - Waiting for mode change to: AUTO
2025-06-23 19:40:31,769 - SUAS - DEBUG - [SUAS_main.main:749] - Waiting for mode change to: AUTO
2025-06-23 19:40:32,271 - SUAS - DEBUG - [SUAS_main.main:749] - Waiting for mode change to: AUTO
2025-06-23 19:40:32,772 - SUAS - DEBUG - [SUAS_main.main:749] - Waiting for mode change to: AUTO
2025-06-23 19:40:33,274 - SUAS - DEBUG - [SUAS_main.main:749] - Waiting for mode change to: AUTO
2025-06-23 19:40:33,775 - SUAS - DEBUG - [SUAS_main.main:749] - Waiting for mode change to: AUTO
2025-06-23 19:40:34,276 - SUAS - DEBUG - [SUAS_main.main:749] - Waiting for mode change to: AUTO
2025-06-23 19:40:34,778 - SUAS - DEBUG - [SUAS_main.main:749] - Waiting for mode change to: AUTO
2025-06-23 19:40:35,279 - SUAS - DEBUG - [SUAS_main.main:749] - Waiting for mode change to: AUTO
2025-06-23 19:40:35,780 - SUAS - DEBUG - [SUAS_main.main:749] - Waiting for mode change to: AUTO
2025-06-23 19:40:36,282 - SUAS - DEBUG - [SUAS_main.main:749] - Waiting for mode change to: AUTO
2025-06-23 19:40:36,784 - SUAS - DEBUG - [SUAS_main.main:749] - Waiting for mode change to: AUTO
2025-06-23 19:40:37,285 - SUAS - DEBUG - [SUAS_main.main:749] - Waiting for mode change to: AUTO
2025-06-23 19:40:37,787 - SUAS - DEBUG - [SUAS_main.main:749] - Waiting for mode change to: AUTO
2025-06-23 19:40:38,288 - SUAS - DEBUG - [SUAS_main.main:749] - Waiting for mode change to: AUTO
2025-06-23 19:40:38,790 - SUAS - DEBUG - [SUAS_main.main:749] - Waiting for mode change to: AUTO
2025-06-23 19:40:39,291 - SUAS - DEBUG - [SUAS_main.main:749] - Waiting for mode change to: AUTO
2025-06-23 19:40:39,792 - SUAS - DEBUG - [SUAS_main.main:749] - Waiting for mode change to: AUTO
2025-06-23 19:40:40,294 - SUAS - DEBUG - [SUAS_main.main:749] - Waiting for mode change to: AUTO
2025-06-23 19:40:40,795 - SUAS - DEBUG - [SUAS_main.main:749] - Waiting for mode change to: AUTO
2025-06-23 19:40:41,296 - SUAS - DEBUG - [SUAS_main.main:749] - Waiting for mode change to: AUTO
2025-06-23 19:40:41,798 - SUAS - DEBUG - [SUAS_main.main:749] - Waiting for mode change to: AUTO
2025-06-23 19:40:42,299 - SUAS - DEBUG - [SUAS_main.main:749] - Waiting for mode change to: AUTO
2025-06-23 19:40:42,801 - SUAS - DEBUG - [SUAS_main.main:749] - Waiting for mode change to: AUTO
2025-06-23 19:40:43,302 - SUAS - DEBUG - [SUAS_main.main:749] - Waiting for mode change to: AUTO
2025-06-23 19:40:43,804 - SUAS - DEBUG - [SUAS_main.main:749] - Waiting for mode change to: AUTO
2025-06-23 19:40:44,305 - SUAS - DEBUG - [SUAS_main.main:749] - Waiting for mode change to: AUTO
2025-06-23 19:40:44,807 - SUAS - DEBUG - [SUAS_main.main:749] - Waiting for mode change to: AUTO
2025-06-23 19:40:45,308 - SUAS - DEBUG - [SUAS_main.main:749] - Waiting for mode change to: AUTO
2025-06-23 19:40:45,810 - SUAS - DEBUG - [SUAS_main.main:749] - Waiting for mode change to: AUTO
2025-06-23 19:40:46,311 - SUAS - DEBUG - [SUAS_main.main:749] - Waiting for mode change to: AUTO
2025-06-23 19:40:46,812 - SUAS - DEBUG - [SUAS_main.main:749] - Waiting for mode change to: AUTO
2025-06-23 19:40:47,314 - SUAS - DEBUG - [SUAS_main.main:749] - Waiting for mode change to: AUTO
2025-06-23 19:40:47,848 - SUAS - DEBUG - [SUAS_main.main:749] - Waiting for mode change to: AUTO
2025-06-23 19:40:48,350 - SUAS - DEBUG - [SUAS_main.main:749] - Waiting for mode change to: AUTO
2025-06-23 19:40:48,852 - SUAS - DEBUG - [SUAS_main.main:749] - Waiting for mode change to: AUTO
2025-06-23 19:40:49,353 - SUAS - DEBUG - [SUAS_main.main:749] - Waiting for mode change to: AUTO
2025-06-23 19:40:49,854 - SUAS - DEBUG - [SUAS_main.main:749] - Waiting for mode change to: AUTO
2025-06-23 19:40:50,356 - SUAS - DEBUG - [SUAS_main.main:749] - Waiting for mode change to: AUTO
2025-06-23 19:40:50,857 - SUAS - DEBUG - [SUAS_main.main:749] - Waiting for mode change to: AUTO
2025-06-23 19:40:51,359 - SUAS - DEBUG - [SUAS_main.main:749] - Waiting for mode change to: AUTO
2025-06-23 19:40:51,860 - SUAS - DEBUG - [SUAS_main.main:749] - Waiting for mode change to: AUTO
2025-06-23 19:40:52,362 - SUAS - DEBUG - [SUAS_main.main:749] - Waiting for mode change to: AUTO
2025-06-23 19:40:52,863 - SUAS - DEBUG - [SUAS_main.main:749] - Waiting for mode change to: AUTO
2025-06-23 19:40:53,365 - SUAS - DEBUG - [SUAS_main.main:749] - Waiting for mode change to: AUTO
2025-06-23 19:40:53,866 - SUAS - DEBUG - [SUAS_main.main:749] - Waiting for mode change to: AUTO
2025-06-23 19:40:54,367 - SUAS - DEBUG - [SUAS_main.main:749] - Waiting for mode change to: AUTO
2025-06-23 19:40:54,869 - SUAS - DEBUG - [SUAS_main.main:749] - Waiting for mode change to: AUTO
2025-06-23 19:40:55,370 - SUAS - DEBUG - [SUAS_main.main:749] - Waiting for mode change to: AUTO
2025-06-23 19:40:55,872 - SUAS - DEBUG - [SUAS_main.main:749] - Waiting for mode change to: AUTO
2025-06-23 19:40:56,373 - SUAS - DEBUG - [SUAS_main.main:749] - Waiting for mode change to: AUTO
2025-06-23 19:40:56,875 - SUAS - DEBUG - [SUAS_main.main:749] - Waiting for mode change to: AUTO
2025-06-23 19:40:57,376 - SUAS - DEBUG - [SUAS_main.main:749] - Waiting for mode change to: AUTO
2025-06-23 19:40:57,878 - SUAS - DEBUG - [SUAS_main.main:749] - Waiting for mode change to: AUTO
2025-06-23 19:40:58,379 - SUAS - DEBUG - [SUAS_main.main:749] - Waiting for mode change to: AUTO
2025-06-23 19:40:58,880 - SUAS - DEBUG - [SUAS_main.main:749] - Waiting for mode change to: AUTO
2025-06-23 19:40:59,382 - SUAS - DEBUG - [SUAS_main.main:749] - Waiting for mode change to: AUTO
2025-06-23 19:40:59,883 - SUAS - DEBUG - [SUAS_main.main:749] - Waiting for mode change to: AUTO
2025-06-23 19:41:00,384 - SUAS - DEBUG - [SUAS_main.main:749] - Waiting for mode change to: AUTO
2025-06-23 19:41:00,886 - SUAS - DEBUG - [SUAS_main.main:749] - Waiting for mode change to: AUTO
2025-06-23 19:41:01,388 - SUAS - DEBUG - [SUAS_main.main:749] - Waiting for mode change to: AUTO
2025-06-23 19:41:01,890 - SUAS - DEBUG - [SUAS_main.main:749] - Waiting for mode change to: AUTO
2025-06-23 19:41:02,391 - SUAS - DEBUG - [SUAS_main.main:749] - Waiting for mode change to: AUTO
2025-06-23 19:41:02,892 - SUAS - DEBUG - [SUAS_main.main:749] - Waiting for mode change to: AUTO
2025-06-23 19:41:03,394 - SUAS - DEBUG - [SUAS_main.main:749] - Waiting for mode change to: AUTO
2025-06-23 19:41:03,895 - SUAS - DEBUG - [SUAS_main.main:749] - Waiting for mode change to: AUTO
2025-06-23 19:41:04,397 - SUAS - DEBUG - [SUAS_main.main:749] - Waiting for mode change to: AUTO
2025-06-23 19:41:04,898 - SUAS - DEBUG - [SUAS_main.main:749] - Waiting for mode change to: AUTO
2025-06-23 19:41:05,400 - SUAS - DEBUG - [SUAS_main.main:749] - Waiting for mode change to: AUTO
2025-06-23 19:41:05,901 - SUAS - DEBUG - [SUAS_main.main:749] - Waiting for mode change to: AUTO
2025-06-23 19:41:06,403 - SUAS - DEBUG - [SUAS_main.main:749] - Waiting for mode change to: AUTO
2025-06-23 19:41:06,904 - SUAS - DEBUG - [SUAS_main.main:749] - Waiting for mode change to: AUTO
2025-06-23 19:41:07,406 - SUAS - DEBUG - [SUAS_main.main:749] - Waiting for mode change to: AUTO
2025-06-23 19:41:07,907 - SUAS - DEBUG - [SUAS_main.main:749] - Waiting for mode change to: AUTO
2025-06-23 19:41:08,408 - SUAS - DEBUG - [SUAS_main.main:749] - Waiting for mode change to: AUTO
2025-06-23 19:41:08,910 - SUAS - DEBUG - [SUAS_main.main:749] - Waiting for mode change to: AUTO
2025-06-23 19:41:09,411 - SUAS - DEBUG - [SUAS_main.main:749] - Waiting for mode change to: AUTO
2025-06-23 19:41:09,912 - SUAS - DEBUG - [SUAS_main.main:749] - Waiting for mode change to: AUTO
2025-06-23 19:41:10,414 - SUAS - DEBUG - [SUAS_main.main:749] - Waiting for mode change to: AUTO
2025-06-23 19:41:10,915 - SUAS - DEBUG - [SUAS_main.main:749] - Waiting for mode change to: AUTO
2025-06-23 19:41:11,417 - SUAS - DEBUG - [SUAS_main.main:749] - Waiting for mode change to: AUTO
2025-06-23 19:41:11,919 - SUAS - DEBUG - [SUAS_main.main:749] - Waiting for mode change to: AUTO
2025-06-23 19:41:12,420 - SUAS - DEBUG - [SUAS_main.main:749] - Waiting for mode change to: AUTO
2025-06-23 19:41:12,921 - SUAS - DEBUG - [SUAS_main.main:749] - Waiting for mode change to: AUTO
2025-06-23 19:41:13,423 - SUAS - DEBUG - [SUAS_main.main:749] - Waiting for mode change to: AUTO
2025-06-23 19:41:13,924 - SUAS - DEBUG - [SUAS_main.main:749] - Waiting for mode change to: AUTO
2025-06-23 19:41:14,426 - SUAS - DEBUG - [SUAS_main.main:749] - Waiting for mode change to: AUTO
2025-06-23 19:41:14,927 - SUAS - DEBUG - [SUAS_main.main:749] - Waiting for mode change to: AUTO
2025-06-23 19:41:15,428 - SUAS - DEBUG - [SUAS_main.main:749] - Waiting for mode change to: AUTO
2025-06-23 19:41:15,930 - SUAS - DEBUG - [SUAS_main.main:749] - Waiting for mode change to: AUTO
2025-06-23 19:41:16,432 - SUAS - DEBUG - [SUAS_main.main:749] - Waiting for mode change to: AUTO
2025-06-23 19:41:16,933 - SUAS - DEBUG - [SUAS_main.main:749] - Waiting for mode change to: AUTO
2025-06-23 19:41:17,435 - SUAS - DEBUG - [SUAS_main.main:749] - Waiting for mode change to: AUTO
2025-06-23 19:41:17,936 - SUAS - DEBUG - [SUAS_main.main:749] - Waiting for mode change to: AUTO
2025-06-23 19:41:18,438 - SUAS - DEBUG - [SUAS_main.main:749] - Waiting for mode change to: AUTO
2025-06-23 19:41:18,939 - SUAS - DEBUG - [SUAS_main.main:749] - Waiting for mode change to: AUTO
2025-06-23 19:41:19,440 - SUAS - DEBUG - [SUAS_main.main:749] - Waiting for mode change to: AUTO
2025-06-23 19:41:19,942 - SUAS - DEBUG - [SUAS_main.main:749] - Waiting for mode change to: AUTO
2025-06-23 19:41:20,443 - SUAS - DEBUG - [SUAS_main.main:749] - Waiting for mode change to: AUTO
2025-06-23 19:41:20,944 - SUAS - DEBUG - [SUAS_main.main:749] - Waiting for mode change to: AUTO
2025-06-23 19:41:21,446 - SUAS - DEBUG - [SUAS_main.main:749] - Waiting for mode change to: AUTO
2025-06-23 19:41:21,947 - SUAS - DEBUG - [SUAS_main.main:749] - Waiting for mode change to: AUTO
2025-06-23 19:41:22,449 - SUAS - DEBUG - [SUAS_main.main:749] - Waiting for mode change to: AUTO
2025-06-23 19:41:22,951 - SUAS - DEBUG - [SUAS_main.main:749] - Waiting for mode change to: AUTO
2025-06-23 19:41:23,452 - SUAS - DEBUG - [SUAS_main.main:749] - Waiting for mode change to: AUTO
2025-06-23 19:41:23,954 - SUAS - DEBUG - [SUAS_main.main:749] - Waiting for mode change to: AUTO
2025-06-23 19:41:24,455 - SUAS - DEBUG - [SUAS_main.main:749] - Waiting for mode change to: AUTO
2025-06-23 19:41:24,956 - SUAS - DEBUG - [SUAS_main.main:749] - Waiting for mode change to: AUTO
2025-06-23 19:41:25,458 - SUAS - DEBUG - [SUAS_main.main:749] - Waiting for mode change to: AUTO
2025-06-23 19:41:25,959 - SUAS - DEBUG - [SUAS_main.main:749] - Waiting for mode change to: AUTO
2025-06-23 19:41:26,461 - SUAS - DEBUG - [SUAS_main.main:749] - Waiting for mode change to: AUTO
2025-06-23 19:41:26,962 - SUAS - DEBUG - [SUAS_main.main:749] - Waiting for mode change to: AUTO
2025-06-23 19:41:27,464 - SUAS - DEBUG - [SUAS_main.main:749] - Waiting for mode change to: AUTO
2025-06-23 19:41:27,966 - SUAS - DEBUG - [SUAS_main.main:749] - Waiting for mode change to: AUTO
2025-06-23 19:41:28,468 - SUAS - DEBUG - [SUAS_main.main:749] - Waiting for mode change to: AUTO
2025-06-23 19:41:28,969 - SUAS - DEBUG - [SUAS_main.main:749] - Waiting for mode change to: AUTO
2025-06-23 19:41:29,471 - SUAS - DEBUG - [SUAS_main.main:749] - Waiting for mode change to: AUTO
2025-06-23 19:41:29,972 - SUAS - DEBUG - [SUAS_main.main:749] - Waiting for mode change to: AUTO
2025-06-23 19:41:30,474 - SUAS - DEBUG - [SUAS_main.main:749] - Waiting for mode change to: AUTO
2025-06-23 19:41:30,975 - SUAS - DEBUG - [SUAS_main.main:749] - Waiting for mode change to: AUTO
2025-06-23 19:41:31,476 - SUAS - DEBUG - [SUAS_main.main:749] - Waiting for mode change to: AUTO
2025-06-23 19:41:31,978 - SUAS - DEBUG - [SUAS_main.main:749] - Waiting for mode change to: AUTO
2025-06-23 19:41:32,480 - SUAS - DEBUG - [SUAS_main.main:749] - Waiting for mode change to: AUTO
2025-06-23 19:41:32,981 - SUAS - DEBUG - [SUAS_main.main:749] - Waiting for mode change to: AUTO
2025-06-23 19:41:33,483 - SUAS - DEBUG - [SUAS_main.main:749] - Waiting for mode change to: AUTO
2025-06-23 19:41:33,984 - SUAS - DEBUG - [SUAS_main.main:749] - Waiting for mode change to: AUTO
2025-06-23 19:41:34,486 - SUAS - DEBUG - [SUAS_main.main:749] - Waiting for mode change to: AUTO
2025-06-23 19:41:34,987 - SUAS - DEBUG - [SUAS_main.main:749] - Waiting for mode change to: AUTO
2025-06-23 19:41:35,488 - SUAS - DEBUG - [SUAS_main.main:749] - Waiting for mode change to: AUTO
2025-06-23 19:41:35,990 - SUAS - DEBUG - [SUAS_main.main:749] - Waiting for mode change to: AUTO
2025-06-23 19:41:36,491 - SUAS - DEBUG - [SUAS_main.main:749] - Waiting for mode change to: AUTO
2025-06-23 19:41:36,992 - SUAS - DEBUG - [SUAS_main.main:749] - Waiting for mode change to: AUTO
2025-06-23 19:41:37,494 - SUAS - DEBUG - [SUAS_main.main:749] - Waiting for mode change to: AUTO
2025-06-23 19:41:37,996 - SUAS - DEBUG - [SUAS_main.main:749] - Waiting for mode change to: AUTO
2025-06-23 19:41:38,497 - SUAS - DEBUG - [SUAS_main.main:749] - Waiting for mode change to: AUTO
2025-06-23 19:41:38,999 - SUAS - DEBUG - [SUAS_main.main:749] - Waiting for mode change to: AUTO
2025-06-23 19:41:39,500 - SUAS - DEBUG - [SUAS_main.main:749] - Waiting for mode change to: AUTO
2025-06-23 19:41:40,002 - SUAS - DEBUG - [SUAS_main.main:749] - Waiting for mode change to: AUTO
2025-06-23 19:41:40,503 - SUAS - DEBUG - [SUAS_main.main:749] - Waiting for mode change to: AUTO
2025-06-23 19:41:41,004 - SUAS - DEBUG - [SUAS_main.main:749] - Waiting for mode change to: AUTO
2025-06-23 19:41:41,506 - SUAS - DEBUG - [SUAS_main.main:749] - Waiting for mode change to: AUTO
2025-06-23 19:41:42,007 - SUAS - DEBUG - [SUAS_main.main:749] - Waiting for mode change to: AUTO
2025-06-23 19:41:42,508 - SUAS - DEBUG - [SUAS_main.main:749] - Waiting for mode change to: AUTO
2025-06-23 19:41:43,010 - SUAS - DEBUG - [SUAS_main.main:749] - Waiting for mode change to: AUTO
2025-06-23 19:41:43,512 - SUAS - DEBUG - [SUAS_main.main:749] - Waiting for mode change to: AUTO
2025-06-23 19:41:44,014 - SUAS - DEBUG - [SUAS_main.main:749] - Waiting for mode change to: AUTO
2025-06-23 19:41:44,515 - SUAS - DEBUG - [SUAS_main.main:749] - Waiting for mode change to: AUTO
2025-06-23 19:41:45,017 - SUAS - DEBUG - [SUAS_main.main:749] - Waiting for mode change to: AUTO
2025-06-23 19:41:45,518 - SUAS - DEBUG - [SUAS_main.main:749] - Waiting for mode change to: AUTO
2025-06-23 19:41:46,020 - SUAS - DEBUG - [SUAS_main.main:749] - Waiting for mode change to: AUTO
2025-06-23 19:41:46,521 - SUAS - DEBUG - [SUAS_main.main:749] - Waiting for mode change to: AUTO
2025-06-23 19:41:47,022 - SUAS - DEBUG - [SUAS_main.main:749] - Waiting for mode change to: AUTO
2025-06-23 19:41:47,524 - SUAS - DEBUG - [SUAS_main.main:749] - Waiting for mode change to: AUTO
2025-06-23 19:41:48,025 - SUAS - DEBUG - [SUAS_main.main:749] - Waiting for mode change to: AUTO
2025-06-23 19:41:48,527 - SUAS - DEBUG - [SUAS_main.main:749] - Waiting for mode change to: AUTO
2025-06-23 19:41:49,028 - SUAS - DEBUG - [SUAS_main.main:749] - Waiting for mode change to: AUTO
2025-06-23 19:41:49,530 - SUAS - DEBUG - [SUAS_main.main:749] - Waiting for mode change to: AUTO
2025-06-23 19:41:50,031 - SUAS - DEBUG - [SUAS_main.main:749] - Waiting for mode change to: AUTO
2025-06-23 19:41:50,533 - SUAS - DEBUG - [SUAS_main.main:749] - Waiting for mode change to: AUTO
2025-06-23 19:41:51,035 - SUAS - DEBUG - [SUAS_main.main:749] - Waiting for mode change to: AUTO
2025-06-23 19:41:51,536 - SUAS - DEBUG - [SUAS_main.main:749] - Waiting for mode change to: AUTO
2025-06-23 19:41:52,038 - SUAS - DEBUG - [SUAS_main.main:749] - Waiting for mode change to: AUTO
2025-06-23 19:41:52,539 - SUAS - DEBUG - [SUAS_main.main:749] - Waiting for mode change to: AUTO
2025-06-23 19:41:53,040 - SUAS - DEBUG - [SUAS_main.main:749] - Waiting for mode change to: AUTO
2025-06-23 19:41:53,542 - SUAS - DEBUG - [SUAS_main.main:749] - Waiting for mode change to: AUTO
2025-06-23 19:41:54,043 - SUAS - DEBUG - [SUAS_main.main:749] - Waiting for mode change to: AUTO
2025-06-23 19:41:54,545 - SUAS - DEBUG - [SUAS_main.main:749] - Waiting for mode change to: AUTO
2025-06-23 19:41:55,047 - SUAS - DEBUG - [SUAS_main.main:749] - Waiting for mode change to: AUTO
2025-06-23 19:41:55,548 - SUAS - DEBUG - [SUAS_main.main:749] - Waiting for mode change to: AUTO
2025-06-23 19:41:56,049 - SUAS - DEBUG - [SUAS_main.main:749] - Waiting for mode change to: AUTO
2025-06-23 19:41:56,551 - SUAS - DEBUG - [SUAS_main.main:749] - Waiting for mode change to: AUTO
2025-06-23 19:41:57,052 - SUAS - DEBUG - [SUAS_main.main:749] - Waiting for mode change to: AUTO
2025-06-23 19:41:57,554 - SUAS - DEBUG - [SUAS_main.main:749] - Waiting for mode change to: AUTO
2025-06-23 19:41:58,055 - SUAS - DEBUG - [SUAS_main.main:749] - Waiting for mode change to: AUTO
2025-06-23 19:41:58,556 - SUAS - DEBUG - [SUAS_main.main:749] - Waiting for mode change to: AUTO
2025-06-23 19:41:59,058 - SUAS - DEBUG - [SUAS_main.main:749] - Waiting for mode change to: AUTO
2025-06-23 19:41:59,560 - SUAS - DEBUG - [SUAS_main.main:749] - Waiting for mode change to: AUTO
2025-06-23 19:42:00,061 - SUAS - DEBUG - [SUAS_main.main:749] - Waiting for mode change to: AUTO
2025-06-23 19:42:00,564 - SUAS - DEBUG - [SUAS_main.main:749] - Waiting for mode change to: AUTO
2025-06-23 19:42:01,065 - SUAS - DEBUG - [SUAS_main.main:749] - Waiting for mode change to: AUTO
2025-06-23 19:42:01,567 - SUAS - DEBUG - [SUAS_main.main:749] - Waiting for mode change to: AUTO
2025-06-23 19:42:02,068 - SUAS - DEBUG - [SUAS_main.main:749] - Waiting for mode change to: AUTO
2025-06-23 19:42:02,570 - SUAS - DEBUG - [SUAS_main.main:749] - Waiting for mode change to: AUTO
2025-06-23 19:42:03,071 - SUAS - DEBUG - [SUAS_main.main:749] - Waiting for mode change to: AUTO
2025-06-23 19:42:03,573 - SUAS - DEBUG - [SUAS_main.main:749] - Waiting for mode change to: AUTO
2025-06-23 19:42:04,074 - SUAS - DEBUG - [SUAS_main.main:749] - Waiting for mode change to: AUTO
2025-06-23 19:42:04,576 - SUAS - DEBUG - [SUAS_main.main:749] - Waiting for mode change to: AUTO
2025-06-23 19:42:05,077 - SUAS - DEBUG - [SUAS_main.main:749] - Waiting for mode change to: AUTO
2025-06-23 19:42:05,579 - SUAS - DEBUG - [SUAS_main.main:749] - Waiting for mode change to: AUTO
2025-06-23 19:42:06,080 - SUAS - DEBUG - [SUAS_main.main:749] - Waiting for mode change to: AUTO
2025-06-23 19:42:06,582 - SUAS - DEBUG - [SUAS_main.main:749] - Waiting for mode change to: AUTO
2025-06-23 19:42:07,083 - SUAS - DEBUG - [SUAS_main.main:749] - Waiting for mode change to: AUTO
2025-06-23 19:42:07,585 - SUAS - DEBUG - [SUAS_main.main:749] - Waiting for mode change to: AUTO
2025-06-23 19:42:08,086 - SUAS - DEBUG - [SUAS_main.main:749] - Waiting for mode change to: AUTO
2025-06-23 19:42:08,588 - SUAS - DEBUG - [SUAS_main.main:749] - Waiting for mode change to: AUTO
2025-06-23 19:42:09,089 - SUAS - DEBUG - [SUAS_main.main:749] - Waiting for mode change to: AUTO
2025-06-23 19:42:09,591 - SUAS - DEBUG - [SUAS_main.main:749] - Waiting for mode change to: AUTO
2025-06-23 19:42:10,092 - SUAS - DEBUG - [SUAS_main.main:749] - Waiting for mode change to: AUTO
2025-06-23 19:42:10,594 - SUAS - DEBUG - [SUAS_main.main:749] - Waiting for mode change to: AUTO
2025-06-23 19:42:11,095 - SUAS - DEBUG - [SUAS_main.main:749] - Waiting for mode change to: AUTO
2025-06-23 19:42:11,596 - SUAS - DEBUG - [SUAS_main.main:749] - Waiting for mode change to: AUTO
2025-06-23 19:42:12,098 - SUAS - DEBUG - [SUAS_main.main:749] - Waiting for mode change to: AUTO
2025-06-23 19:42:12,599 - SUAS - DEBUG - [SUAS_main.main:749] - Waiting for mode change to: AUTO
2025-06-23 19:42:13,100 - SUAS - DEBUG - [SUAS_main.main:749] - Waiting for mode change to: AUTO
2025-06-23 19:42:13,602 - SUAS - DEBUG - [SUAS_main.main:749] - Waiting for mode change to: AUTO
2025-06-23 19:42:14,103 - SUAS - DEBUG - [SUAS_main.main:749] - Waiting for mode change to: AUTO
2025-06-23 19:42:14,605 - SUAS - DEBUG - [SUAS_main.main:749] - Waiting for mode change to: AUTO
2025-06-23 19:42:15,106 - SUAS - DEBUG - [SUAS_main.main:749] - Waiting for mode change to: AUTO
2025-06-23 19:42:15,608 - SUAS - DEBUG - [SUAS_main.main:749] - Waiting for mode change to: AUTO
2025-06-23 19:42:16,109 - SUAS - DEBUG - [SUAS_main.main:749] - Waiting for mode change to: AUTO
2025-06-23 19:42:16,611 - SUAS - DEBUG - [SUAS_main.main:749] - Waiting for mode change to: AUTO
2025-06-23 19:42:17,112 - SUAS - DEBUG - [SUAS_main.main:749] - Waiting for mode change to: AUTO
2025-06-23 19:42:17,614 - SUAS - DEBUG - [SUAS_main.main:749] - Waiting for mode change to: AUTO
2025-06-23 19:42:18,115 - SUAS - DEBUG - [SUAS_main.main:749] - Waiting for mode change to: AUTO
2025-06-23 19:42:18,616 - SUAS - DEBUG - [SUAS_main.main:749] - Waiting for mode change to: AUTO
2025-06-23 19:42:19,118 - SUAS - DEBUG - [SUAS_main.main:749] - Waiting for mode change to: AUTO
2025-06-23 19:42:19,619 - SUAS - DEBUG - [SUAS_main.main:749] - Waiting for mode change to: AUTO
2025-06-23 19:42:20,120 - SUAS - DEBUG - [SUAS_main.main:749] - Waiting for mode change to: AUTO
2025-06-23 19:42:20,622 - SUAS - DEBUG - [SUAS_main.main:749] - Waiting for mode change to: AUTO
2025-06-23 19:42:21,124 - SUAS - DEBUG - [SUAS_main.main:749] - Waiting for mode change to: AUTO
2025-06-23 19:42:21,625 - SUAS - DEBUG - [SUAS_main.main:749] - Waiting for mode change to: AUTO
2025-06-23 19:42:22,127 - SUAS - DEBUG - [SUAS_main.main:749] - Waiting for mode change to: AUTO
2025-06-23 19:42:22,628 - SUAS - DEBUG - [SUAS_main.main:749] - Waiting for mode change to: AUTO
2025-06-23 19:42:23,130 - SUAS - DEBUG - [SUAS_main.main:749] - Waiting for mode change to: AUTO
2025-06-23 19:42:23,632 - SUAS - DEBUG - [SUAS_main.main:749] - Waiting for mode change to: AUTO
2025-06-23 19:42:24,133 - SUAS - DEBUG - [SUAS_main.main:749] - Waiting for mode change to: AUTO
2025-06-23 19:42:24,635 - SUAS - DEBUG - [SUAS_main.main:749] - Waiting for mode change to: AUTO
2025-06-23 19:42:25,136 - SUAS - DEBUG - [SUAS_main.main:749] - Waiting for mode change to: AUTO
2025-06-23 19:42:25,638 - SUAS - DEBUG - [SUAS_main.main:749] - Waiting for mode change to: AUTO
2025-06-23 19:42:26,139 - SUAS - DEBUG - [SUAS_main.main:749] - Waiting for mode change to: AUTO
2025-06-23 19:42:26,640 - SUAS - DEBUG - [SUAS_main.main:749] - Waiting for mode change to: AUTO
2025-06-23 19:42:27,142 - SUAS - DEBUG - [SUAS_main.main:749] - Waiting for mode change to: AUTO
2025-06-23 19:42:27,643 - SUAS - DEBUG - [SUAS_main.main:749] - Waiting for mode change to: AUTO
2025-06-23 19:42:28,144 - SUAS - DEBUG - [SUAS_main.main:749] - Waiting for mode change to: AUTO
2025-06-23 19:42:28,646 - SUAS - DEBUG - [SUAS_main.main:749] - Waiting for mode change to: AUTO
2025-06-23 19:42:29,147 - SUAS - DEBUG - [SUAS_main.main:749] - Waiting for mode change to: AUTO
2025-06-23 19:42:29,648 - SUAS - DEBUG - [SUAS_main.main:749] - Waiting for mode change to: AUTO
2025-06-23 19:42:30,150 - SUAS - DEBUG - [SUAS_main.main:749] - Waiting for mode change to: AUTO
2025-06-23 19:42:30,651 - SUAS - DEBUG - [SUAS_main.main:749] - Waiting for mode change to: AUTO
2025-06-23 19:42:31,153 - SUAS - DEBUG - [SUAS_main.main:749] - Waiting for mode change to: AUTO
2025-06-23 19:42:31,654 - SUAS - DEBUG - [SUAS_main.main:749] - Waiting for mode change to: AUTO
2025-06-23 19:42:32,156 - SUAS - DEBUG - [SUAS_main.main:749] - Waiting for mode change to: AUTO
2025-06-23 19:42:32,657 - SUAS - DEBUG - [SUAS_main.main:749] - Waiting for mode change to: AUTO
2025-06-23 19:42:33,158 - SUAS - DEBUG - [SUAS_main.main:749] - Waiting for mode change to: AUTO
2025-06-23 19:42:33,660 - SUAS - DEBUG - [SUAS_main.main:749] - Waiting for mode change to: AUTO
2025-06-23 19:42:34,162 - SUAS - DEBUG - [SUAS_main.main:749] - Waiting for mode change to: AUTO
2025-06-23 19:42:34,663 - SUAS - DEBUG - [SUAS_main.main:749] - Waiting for mode change to: AUTO
2025-06-23 19:42:35,165 - SUAS - DEBUG - [SUAS_main.main:749] - Waiting for mode change to: AUTO
2025-06-23 19:42:35,667 - SUAS - DEBUG - [SUAS_main.main:749] - Waiting for mode change to: AUTO
2025-06-23 19:42:36,168 - SUAS - DEBUG - [SUAS_main.main:749] - Waiting for mode change to: AUTO
2025-06-23 19:42:36,670 - SUAS - DEBUG - [SUAS_main.main:749] - Waiting for mode change to: AUTO
2025-06-23 19:42:37,171 - SUAS - DEBUG - [SUAS_main.main:749] - Waiting for mode change to: AUTO
2025-06-23 19:42:37,672 - SUAS - DEBUG - [SUAS_main.main:749] - Waiting for mode change to: AUTO
2025-06-23 19:42:38,174 - SUAS - DEBUG - [SUAS_main.main:749] - Waiting for mode change to: AUTO
2025-06-23 19:42:38,675 - SUAS - DEBUG - [SUAS_main.main:749] - Waiting for mode change to: AUTO
2025-06-23 19:42:39,176 - SUAS - DEBUG - [SUAS_main.main:749] - Waiting for mode change to: AUTO
2025-06-23 19:42:39,678 - SUAS - DEBUG - [SUAS_main.main:749] - Waiting for mode change to: AUTO
2025-06-23 19:42:40,179 - SUAS - DEBUG - [SUAS_main.main:749] - Waiting for mode change to: AUTO
2025-06-23 19:42:40,681 - SUAS - DEBUG - [SUAS_main.main:749] - Waiting for mode change to: AUTO
2025-06-23 19:42:41,182 - SUAS - DEBUG - [SUAS_main.main:749] - Waiting for mode change to: AUTO
2025-06-23 19:42:41,684 - SUAS - DEBUG - [SUAS_main.main:749] - Waiting for mode change to: AUTO
2025-06-23 19:42:42,185 - SUAS - DEBUG - [SUAS_main.main:749] - Waiting for mode change to: AUTO
2025-06-23 19:42:42,687 - SUAS - DEBUG - [SUAS_main.main:749] - Waiting for mode change to: AUTO
2025-06-23 19:42:43,188 - SUAS - DEBUG - [SUAS_main.main:749] - Waiting for mode change to: AUTO
2025-06-23 19:42:43,690 - SUAS - DEBUG - [SUAS_main.main:749] - Waiting for mode change to: AUTO
2025-06-23 19:42:44,192 - SUAS - DEBUG - [SUAS_main.main:749] - Waiting for mode change to: AUTO
2025-06-23 19:42:44,693 - SUAS - DEBUG - [SUAS_main.main:749] - Waiting for mode change to: AUTO
2025-06-23 19:42:45,195 - SUAS - DEBUG - [SUAS_main.main:749] - Waiting for mode change to: AUTO
2025-06-23 19:42:45,696 - SUAS - DEBUG - [SUAS_main.main:749] - Waiting for mode change to: AUTO
2025-06-23 19:42:46,198 - SUAS - DEBUG - [SUAS_main.main:749] - Waiting for mode change to: AUTO
2025-06-23 19:42:46,699 - SUAS - DEBUG - [SUAS_main.main:749] - Waiting for mode change to: AUTO
2025-06-23 19:42:47,201 - SUAS - DEBUG - [SUAS_main.main:749] - Waiting for mode change to: AUTO
2025-06-23 19:42:47,702 - SUAS - DEBUG - [SUAS_main.main:749] - Waiting for mode change to: AUTO
2025-06-23 19:42:48,204 - SUAS - DEBUG - [SUAS_main.main:749] - Waiting for mode change to: AUTO
2025-06-23 19:42:48,705 - SUAS - DEBUG - [SUAS_main.main:749] - Waiting for mode change to: AUTO
2025-06-23 19:42:49,207 - SUAS - DEBUG - [SUAS_main.main:749] - Waiting for mode change to: AUTO
2025-06-23 19:42:49,708 - SUAS - DEBUG - [SUAS_main.main:749] - Waiting for mode change to: AUTO
2025-06-23 19:42:50,210 - SUAS - DEBUG - [SUAS_main.main:749] - Waiting for mode change to: AUTO
2025-06-23 19:42:50,711 - SUAS - DEBUG - [SUAS_main.main:749] - Waiting for mode change to: AUTO
2025-06-23 19:42:51,212 - SUAS - DEBUG - [SUAS_main.main:749] - Waiting for mode change to: AUTO
2025-06-23 19:42:51,714 - SUAS - DEBUG - [SUAS_main.main:749] - Waiting for mode change to: AUTO
2025-06-23 19:42:52,215 - SUAS - DEBUG - [SUAS_main.main:749] - Waiting for mode change to: AUTO
2025-06-23 19:42:52,716 - SUAS - DEBUG - [SUAS_main.main:749] - Waiting for mode change to: AUTO
2025-06-23 19:42:53,218 - SUAS - DEBUG - [SUAS_main.main:749] - Waiting for mode change to: AUTO
2025-06-23 19:42:53,719 - SUAS - DEBUG - [SUAS_main.main:749] - Waiting for mode change to: AUTO
2025-06-23 19:42:54,221 - SUAS - DEBUG - [SUAS_main.main:749] - Waiting for mode change to: AUTO
2025-06-23 19:42:54,723 - SUAS - DEBUG - [SUAS_main.main:749] - Waiting for mode change to: AUTO
2025-06-23 19:42:55,224 - SUAS - DEBUG - [SUAS_main.main:749] - Waiting for mode change to: AUTO
2025-06-23 19:42:55,726 - SUAS - DEBUG - [SUAS_main.main:749] - Waiting for mode change to: AUTO
2025-06-23 19:42:56,227 - SUAS - DEBUG - [SUAS_main.main:749] - Waiting for mode change to: AUTO
2025-06-23 19:42:56,728 - SUAS - DEBUG - [SUAS_main.main:749] - Waiting for mode change to: AUTO
2025-06-23 19:42:57,230 - SUAS - DEBUG - [SUAS_main.main:749] - Waiting for mode change to: AUTO
2025-06-23 19:42:57,731 - SUAS - DEBUG - [SUAS_main.main:749] - Waiting for mode change to: AUTO
2025-06-23 19:42:58,232 - SUAS - DEBUG - [SUAS_main.main:749] - Waiting for mode change to: AUTO
2025-06-23 19:42:58,734 - SUAS - DEBUG - [SUAS_main.main:749] - Waiting for mode change to: AUTO
2025-06-23 19:42:59,235 - SUAS - DEBUG - [SUAS_main.main:749] - Waiting for mode change to: AUTO
2025-06-23 19:42:59,737 - SUAS - DEBUG - [SUAS_main.main:749] - Waiting for mode change to: AUTO
2025-06-23 19:43:00,238 - SUAS - DEBUG - [SUAS_main.main:749] - Waiting for mode change to: AUTO
2025-06-23 19:43:00,740 - SUAS - DEBUG - [SUAS_main.main:749] - Waiting for mode change to: AUTO
2025-06-23 19:43:01,241 - SUAS - DEBUG - [SUAS_main.main:749] - Waiting for mode change to: AUTO
2025-06-23 19:43:01,743 - SUAS - DEBUG - [SUAS_main.main:749] - Waiting for mode change to: AUTO
2025-06-23 19:43:02,244 - SUAS - DEBUG - [SUAS_main.main:749] - Waiting for mode change to: AUTO
2025-06-23 19:43:02,745 - SUAS - DEBUG - [SUAS_main.main:749] - Waiting for mode change to: AUTO
2025-06-23 19:43:03,247 - SUAS - DEBUG - [SUAS_main.main:749] - Waiting for mode change to: AUTO
2025-06-23 19:43:03,748 - SUAS - DEBUG - [SUAS_main.main:749] - Waiting for mode change to: AUTO
2025-06-23 19:43:04,250 - SUAS - DEBUG - [SUAS_main.main:749] - Waiting for mode change to: AUTO
2025-06-23 19:43:04,751 - SUAS - DEBUG - [SUAS_main.main:749] - Waiting for mode change to: AUTO
2025-06-23 19:43:05,252 - SUAS - DEBUG - [SUAS_main.main:749] - Waiting for mode change to: AUTO
2025-06-23 19:43:05,754 - SUAS - DEBUG - [SUAS_main.main:749] - Waiting for mode change to: AUTO
2025-06-23 19:43:06,256 - SUAS - DEBUG - [SUAS_main.main:749] - Waiting for mode change to: AUTO
2025-06-23 19:43:06,757 - SUAS - DEBUG - [SUAS_main.main:749] - Waiting for mode change to: AUTO
2025-06-23 19:43:07,259 - SUAS - DEBUG - [SUAS_main.main:749] - Waiting for mode change to: AUTO
2025-06-23 19:43:07,760 - SUAS - DEBUG - [SUAS_main.main:749] - Waiting for mode change to: AUTO
2025-06-23 19:43:08,262 - SUAS - DEBUG - [SUAS_main.main:749] - Waiting for mode change to: AUTO
2025-06-23 19:43:08,763 - SUAS - DEBUG - [SUAS_main.main:749] - Waiting for mode change to: AUTO
2025-06-23 19:43:09,264 - SUAS - DEBUG - [SUAS_main.main:749] - Waiting for mode change to: AUTO
2025-06-23 19:43:09,766 - SUAS - DEBUG - [SUAS_main.main:749] - Waiting for mode change to: AUTO
2025-06-23 19:43:10,267 - SUAS - DEBUG - [SUAS_main.main:749] - Waiting for mode change to: AUTO
2025-06-23 19:43:10,769 - SUAS - DEBUG - [SUAS_main.main:749] - Waiting for mode change to: AUTO
2025-06-23 19:43:11,271 - SUAS - DEBUG - [SUAS_main.main:749] - Waiting for mode change to: AUTO
2025-06-23 19:43:11,772 - SUAS - DEBUG - [SUAS_main.main:749] - Waiting for mode change to: AUTO
2025-06-23 19:43:12,274 - SUAS - DEBUG - [SUAS_main.main:749] - Waiting for mode change to: AUTO
2025-06-23 19:43:12,775 - SUAS - DEBUG - [SUAS_main.main:749] - Waiting for mode change to: AUTO
2025-06-23 19:43:13,276 - SUAS - DEBUG - [SUAS_main.main:749] - Waiting for mode change to: AUTO
2025-06-23 19:43:13,778 - SUAS - DEBUG - [SUAS_main.main:749] - Waiting for mode change to: AUTO
2025-06-23 19:43:14,279 - SUAS - DEBUG - [SUAS_main.main:749] - Waiting for mode change to: AUTO
2025-06-23 19:43:14,781 - SUAS - DEBUG - [SUAS_main.main:749] - Waiting for mode change to: AUTO
2025-06-23 19:43:15,282 - SUAS - DEBUG - [SUAS_main.main:749] - Waiting for mode change to: AUTO
2025-06-23 19:43:15,784 - SUAS - DEBUG - [SUAS_main.main:749] - Waiting for mode change to: AUTO
2025-06-23 19:43:16,286 - SUAS - DEBUG - [SUAS_main.main:749] - Waiting for mode change to: AUTO
2025-06-23 19:43:16,787 - SUAS - DEBUG - [SUAS_main.main:749] - Waiting for mode change to: AUTO
2025-06-23 19:43:17,288 - SUAS - DEBUG - [SUAS_main.main:749] - Waiting for mode change to: AUTO
2025-06-23 19:43:17,790 - SUAS - DEBUG - [SUAS_main.main:749] - Waiting for mode change to: AUTO
2025-06-23 19:43:18,291 - SUAS - DEBUG - [SUAS_main.main:749] - Waiting for mode change to: AUTO
2025-06-23 19:43:18,792 - SUAS - DEBUG - [SUAS_main.main:749] - Waiting for mode change to: AUTO
2025-06-23 19:43:19,294 - SUAS - DEBUG - [SUAS_main.main:749] - Waiting for mode change to: AUTO
2025-06-23 19:43:19,796 - SUAS - DEBUG - [SUAS_main.main:749] - Waiting for mode change to: AUTO
2025-06-23 19:43:20,297 - SUAS - DEBUG - [SUAS_main.main:749] - Waiting for mode change to: AUTO
2025-06-23 19:43:20,799 - SUAS - DEBUG - [SUAS_main.main:749] - Waiting for mode change to: AUTO
2025-06-23 19:43:21,301 - SUAS - DEBUG - [SUAS_main.main:749] - Waiting for mode change to: AUTO
2025-06-23 19:43:21,803 - SUAS - DEBUG - [SUAS_main.main:749] - Waiting for mode change to: AUTO
2025-06-23 19:43:22,304 - SUAS - DEBUG - [SUAS_main.main:749] - Waiting for mode change to: AUTO
2025-06-23 19:43:22,806 - SUAS - DEBUG - [SUAS_main.main:749] - Waiting for mode change to: AUTO
2025-06-23 19:43:23,307 - SUAS - DEBUG - [SUAS_main.main:749] - Waiting for mode change to: AUTO
2025-06-23 19:43:23,808 - SUAS - DEBUG - [SUAS_main.main:749] - Waiting for mode change to: AUTO
2025-06-23 19:43:24,310 - SUAS - DEBUG - [SUAS_main.main:749] - Waiting for mode change to: AUTO
2025-06-23 19:43:24,811 - SUAS - DEBUG - [SUAS_main.main:749] - Waiting for mode change to: AUTO
2025-06-23 19:43:25,312 - SUAS - DEBUG - [SUAS_main.main:749] - Waiting for mode change to: AUTO
2025-06-23 19:43:25,846 - SUAS - DEBUG - [SUAS_main.main:749] - Waiting for mode change to: AUTO
2025-06-23 19:43:26,148 - SUAS - DEBUG - [SUAS_main.watcher:148] - Mode changed: STABILIZE -> ALT_HOLD
2025-06-23 19:43:26,148 - SUAS - DEBUG - [SUAS_main.pasue:121] - Pausing execution in mode: ALT_HOLD
2025-06-23 19:43:26,335 - SUAS - DEBUG - [SUAS_main._rc_listener_thread:314] - WPNAV_SPEED changed: 600 → 800
2025-06-23 19:47:22,352 - SUAS - DEBUG - [SUAS_main.watcher:148] - Mode changed: ALT_HOLD -> POSHOLD
2025-06-23 19:47:22,352 - SUAS - DEBUG - [SUAS_main.on_mode_change:166] - Unhandled mode change: POSHOLD
2025-06-23 19:47:22,716 - SUAS - DEBUG - [SUAS_main.watcher:148] - Mode changed: POSHOLD -> ALT_HOLD
2025-06-23 19:47:22,716 - SUAS - DEBUG - [SUAS_main.on_mode_change:166] - Unhandled mode change: ALT_HOLD
2025-06-23 19:58:52,651 - SUAS - DEBUG - [SUAS_main.watcher:148] - Mode changed: ALT_HOLD -> POSHOLD
2025-06-23 19:58:52,652 - SUAS - DEBUG - [SUAS_main.on_mode_change:166] - Unhandled mode change: POSHOLD
2025-06-23 20:00:17,401 - SUAS - DEBUG - [SUAS_main.watcher:148] - Mode changed: POSHOLD -> ALT_HOLD
2025-06-23 20:00:17,401 - SUAS - DEBUG - [SUAS_main.on_mode_change:166] - Unhandled mode change: ALT_HOLD
2025-06-23 20:06:22,468 - SUAS - DEBUG - [SUAS_main.watcher:148] - Mode changed: ALT_HOLD -> AUTO
2025-06-23 20:06:22,469 - SUAS - DEBUG - [SUAS_main.main:754] - Land Location: (38.8507958, -76.6997772, 0.053)
2025-06-23 20:06:22,470 - SUAS - DEBUG - [SUAS_main.main:755] - Mode: AUTO
2025-06-23 20:06:22,471 - SUAS - DEBUG - [SUAS_main.main:757] - aga ilk otoyol
2025-06-23 20:06:23,508 - SUAS - DEBUG - [SUAS_main.main:763] - next wp: 1
2025-06-23 20:06:23,509 - SUAS - DEBUG - [SUAS_main.main:764] - wp_num:6
2025-06-23 20:06:24,511 - SUAS - DEBUG - [SUAS_main.main:763] - next wp: 1
2025-06-23 20:06:24,512 - SUAS - DEBUG - [SUAS_main.main:764] - wp_num:6
2025-06-23 20:06:25,514 - SUAS - DEBUG - [SUAS_main.main:763] - next wp: 1
2025-06-23 20:06:25,515 - SUAS - DEBUG - [SUAS_main.main:764] - wp_num:6
2025-06-23 20:06:26,516 - SUAS - DEBUG - [SUAS_main.main:763] - next wp: 1
2025-06-23 20:06:26,517 - SUAS - DEBUG - [SUAS_main.main:764] - wp_num:6
2025-06-23 20:06:27,519 - SUAS - DEBUG - [SUAS_main.main:763] - next wp: 1
2025-06-23 20:06:27,520 - SUAS - DEBUG - [SUAS_main.main:764] - wp_num:6
2025-06-23 20:06:28,522 - SUAS - DEBUG - [SUAS_main.main:763] - next wp: 1
2025-06-23 20:06:28,522 - SUAS - DEBUG - [SUAS_main.main:764] - wp_num:6
2025-06-23 20:06:29,524 - SUAS - DEBUG - [SUAS_main.main:763] - next wp: 1
2025-06-23 20:06:29,525 - SUAS - DEBUG - [SUAS_main.main:764] - wp_num:6
2025-06-23 20:06:30,527 - SUAS - DEBUG - [SUAS_main.main:763] - next wp: 1
2025-06-23 20:06:30,528 - SUAS - DEBUG - [SUAS_main.main:764] - wp_num:6
2025-06-23 20:06:31,530 - SUAS - DEBUG - [SUAS_main.main:763] - next wp: 1
2025-06-23 20:06:31,530 - SUAS - DEBUG - [SUAS_main.main:764] - wp_num:6
2025-06-23 20:06:32,532 - SUAS - DEBUG - [SUAS_main.main:763] - next wp: 1
2025-06-23 20:06:32,532 - SUAS - DEBUG - [SUAS_main.main:764] - wp_num:6
2025-06-23 20:06:33,534 - SUAS - DEBUG - [SUAS_main.main:763] - next wp: 1
2025-06-23 20:06:33,535 - SUAS - DEBUG - [SUAS_main.main:764] - wp_num:6
2025-06-23 20:06:34,537 - SUAS - DEBUG - [SUAS_main.main:763] - next wp: 1
2025-06-23 20:06:34,538 - SUAS - DEBUG - [SUAS_main.main:764] - wp_num:6
2025-06-23 20:06:35,539 - SUAS - DEBUG - [SUAS_main.main:763] - next wp: 2
2025-06-23 20:06:35,540 - SUAS - DEBUG - [SUAS_main.main:764] - wp_num:6
2025-06-23 20:06:36,542 - SUAS - DEBUG - [SUAS_main.main:763] - next wp: 2
2025-06-23 20:06:36,543 - SUAS - DEBUG - [SUAS_main.main:764] - wp_num:6
2025-06-23 20:06:37,545 - SUAS - DEBUG - [SUAS_main.main:763] - next wp: 2
2025-06-23 20:06:37,546 - SUAS - DEBUG - [SUAS_main.main:764] - wp_num:6
2025-06-23 20:06:38,548 - SUAS - DEBUG - [SUAS_main.main:763] - next wp: 2
2025-06-23 20:06:38,549 - SUAS - DEBUG - [SUAS_main.main:764] - wp_num:6
2025-06-23 20:06:39,551 - SUAS - DEBUG - [SUAS_main.main:763] - next wp: 2
2025-06-23 20:06:39,552 - SUAS - DEBUG - [SUAS_main.main:764] - wp_num:6
2025-06-23 20:06:40,553 - SUAS - DEBUG - [SUAS_main.main:763] - next wp: 2
2025-06-23 20:06:40,554 - SUAS - DEBUG - [SUAS_main.main:764] - wp_num:6
2025-06-23 20:06:41,556 - SUAS - DEBUG - [SUAS_main.main:763] - next wp: 2
2025-06-23 20:06:41,557 - SUAS - DEBUG - [SUAS_main.main:764] - wp_num:6
2025-06-23 20:06:42,558 - SUAS - DEBUG - [SUAS_main.main:763] - next wp: 2
2025-06-23 20:06:42,559 - SUAS - DEBUG - [SUAS_main.main:764] - wp_num:6
2025-06-23 20:06:43,561 - SUAS - DEBUG - [SUAS_main.main:763] - next wp: 2
2025-06-23 20:06:43,562 - SUAS - DEBUG - [SUAS_main.main:764] - wp_num:6
2025-06-23 20:06:44,564 - SUAS - DEBUG - [SUAS_main.main:763] - next wp: 3
2025-06-23 20:06:44,564 - SUAS - DEBUG - [SUAS_main.main:764] - wp_num:6
2025-06-23 20:06:45,566 - SUAS - DEBUG - [SUAS_main.main:763] - next wp: 3
2025-06-23 20:06:45,567 - SUAS - DEBUG - [SUAS_main.main:764] - wp_num:6
2025-06-23 20:06:46,569 - SUAS - DEBUG - [SUAS_main.main:763] - next wp: 3
2025-06-23 20:06:46,570 - SUAS - DEBUG - [SUAS_main.main:764] - wp_num:6
2025-06-23 20:06:47,572 - SUAS - DEBUG - [SUAS_main.main:763] - next wp: 3
2025-06-23 20:06:47,572 - SUAS - DEBUG - [SUAS_main.main:764] - wp_num:6
2025-06-23 20:06:48,574 - SUAS - DEBUG - [SUAS_main.main:763] - next wp: 3
2025-06-23 20:06:48,575 - SUAS - DEBUG - [SUAS_main.main:764] - wp_num:6
2025-06-23 20:06:49,577 - SUAS - DEBUG - [SUAS_main.main:763] - next wp: 3
2025-06-23 20:06:49,578 - SUAS - DEBUG - [SUAS_main.main:764] - wp_num:6
2025-06-23 20:06:50,579 - SUAS - DEBUG - [SUAS_main.main:763] - next wp: 4
2025-06-23 20:06:50,580 - SUAS - DEBUG - [SUAS_main.main:764] - wp_num:6
2025-06-23 20:06:51,582 - SUAS - DEBUG - [SUAS_main.main:763] - next wp: 4
2025-06-23 20:06:51,583 - SUAS - DEBUG - [SUAS_main.main:764] - wp_num:6
2025-06-23 20:06:52,585 - SUAS - DEBUG - [SUAS_main.main:763] - next wp: 4
2025-06-23 20:06:52,586 - SUAS - DEBUG - [SUAS_main.main:764] - wp_num:6
2025-06-23 20:06:53,587 - SUAS - DEBUG - [SUAS_main.main:763] - next wp: 4
2025-06-23 20:06:53,588 - SUAS - DEBUG - [SUAS_main.main:764] - wp_num:6
2025-06-23 20:06:54,590 - SUAS - DEBUG - [SUAS_main.main:763] - next wp: 4
2025-06-23 20:06:54,591 - SUAS - DEBUG - [SUAS_main.main:764] - wp_num:6
2025-06-23 20:06:55,593 - SUAS - DEBUG - [SUAS_main.main:763] - next wp: 4
2025-06-23 20:06:55,594 - SUAS - DEBUG - [SUAS_main.main:764] - wp_num:6
2025-06-23 20:06:56,596 - SUAS - DEBUG - [SUAS_main.main:763] - next wp: 4
2025-06-23 20:06:56,596 - SUAS - DEBUG - [SUAS_main.main:764] - wp_num:6
2025-06-23 20:06:57,598 - SUAS - DEBUG - [SUAS_main.main:763] - next wp: 5
2025-06-23 20:06:57,599 - SUAS - DEBUG - [SUAS_main.main:764] - wp_num:6
2025-06-23 20:06:58,601 - SUAS - DEBUG - [SUAS_main.main:763] - next wp: 5
2025-06-23 20:06:58,602 - SUAS - DEBUG - [SUAS_main.main:764] - wp_num:6
2025-06-23 20:06:59,603 - SUAS - DEBUG - [SUAS_main.main:763] - next wp: 5
2025-06-23 20:06:59,604 - SUAS - DEBUG - [SUAS_main.main:764] - wp_num:6
2025-06-23 20:07:00,606 - SUAS - DEBUG - [SUAS_main.main:763] - next wp: 5
2025-06-23 20:07:00,607 - SUAS - DEBUG - [SUAS_main.main:764] - wp_num:6
2025-06-23 20:07:01,609 - SUAS - DEBUG - [SUAS_main.main:763] - next wp: 5
2025-06-23 20:07:01,610 - SUAS - DEBUG - [SUAS_main.main:764] - wp_num:6
2025-06-23 20:07:02,611 - SUAS - DEBUG - [SUAS_main.main:763] - next wp: 5
2025-06-23 20:07:02,612 - SUAS - DEBUG - [SUAS_main.main:764] - wp_num:6
2025-06-23 20:07:03,614 - SUAS - DEBUG - [SUAS_main.main:763] - next wp: 5
2025-06-23 20:07:03,615 - SUAS - DEBUG - [SUAS_main.main:764] - wp_num:6
2025-06-23 20:07:04,618 - SUAS - DEBUG - [SUAS_main.main:763] - next wp: 5
2025-06-23 20:07:04,618 - SUAS - DEBUG - [SUAS_main.main:764] - wp_num:6
2025-06-23 20:07:05,620 - SUAS - DEBUG - [SUAS_main.main:763] - next wp: 5
2025-06-23 20:07:05,620 - SUAS - DEBUG - [SUAS_main.main:764] - wp_num:6
2025-06-23 20:07:06,622 - SUAS - DEBUG - [SUAS_main.main:763] - next wp: 5
2025-06-23 20:07:06,623 - SUAS - DEBUG - [SUAS_main.main:764] - wp_num:6
2025-06-23 20:07:07,625 - SUAS - DEBUG - [SUAS_main.main:763] - next wp: 6
2025-06-23 20:07:07,626 - SUAS - DEBUG - [SUAS_main.main:764] - wp_num:6
2025-06-23 20:07:07,626 - SUAS - DEBUG - [SUAS_main.main:766] - Air Drop Stage
2025-06-23 20:07:09,136 - SUAS - DEBUG - [SUAS_main.watcher:148] - Mode changed: AUTO -> GUIDED
2025-06-23 20:07:09,136 - SUAS - DEBUG - [SUAS_main.on_mode_change:166] - Unhandled mode change: GUIDED
2025-06-23 20:07:09,179 - SUAS - DEBUG - [SUAS_main.main:774] - VehicleMode:GUIDED moduna geçildi
2025-06-23 20:07:18,695 - SUAS - DEBUG - [SUAS_main.start_scanning:480] - SET Yaw Behaviour: 0, Never change yaw
2025-06-23 20:07:20,197 - SUAS - DEBUG - [SUAS_main.start_scanning:489] - point to go: 38.8511427 -76.6995765
2025-06-23 20:07:20,198 - SUAS - DEBUG - [SUAS_main.start_scanning:491] - scanning noktasına gidiliyor: timestamp: 2025-06-23 20:07:20
2025-06-23 20:07:20,200 - SUAS - DEBUG - [SUAS_main.start_scanning:493] - simplegoto verildi: timestamp: 2025-06-23 20:07:20
2025-06-23 20:07:20,200 - SUAS - DEBUG - [SUAS_main.wait:321] - waite girildi timestamp: 2025-06-23 20:07:20
2025-06-23 20:07:20,301 - SUAS - DEBUG - [SUAS_main.wait:323] - Waiting for the vehicle to reach the target point...
2025-06-23 20:07:30,701 - SUAS - DEBUG - [SUAS_main.wait:332] - Reached the target point after the break
2025-06-23 20:07:30,702 - SUAS - DEBUG - [SUAS_main.start_scanning:495] - wait fonksiyonu bitti: timestamp: 2025-06-23 20:07:30
2025-06-23 20:07:30,703 - SUAS - DEBUG - [SUAS_main.start_scanning:496] - Reached the target point and going to take photo
2025-06-23 20:07:30,704 - SUAS - DEBUG - [SUAS_main.start_scanning:509] - fotoğraf çekilecek. timestamp: 2025-06-23 20:07:30
2025-06-23 20:07:32,869 - SUAS - DEBUG - [SUAS_main.take_photo_opencv:424] - Saved photo to images22/image_1.jpg
2025-06-23 20:07:32,870 - SUAS - DEBUG - [SUAS_main.start_scanning:516] - fotoğraf çekildi. timestamp: 2025-06-23 20:07:32
2025-06-23 20:07:33,371 - SUAS - DEBUG - [SUAS_main.start_scanning:489] - point to go: 38.8509765 -76.6996658
2025-06-23 20:07:33,372 - SUAS - DEBUG - [SUAS_main.start_scanning:491] - scanning noktasına gidiliyor: timestamp: 2025-06-23 20:07:33
2025-06-23 20:07:33,374 - SUAS - DEBUG - [SUAS_main.start_scanning:493] - simplegoto verildi: timestamp: 2025-06-23 20:07:33
2025-06-23 20:07:33,375 - SUAS - DEBUG - [SUAS_main.wait:321] - waite girildi timestamp: 2025-06-23 20:07:33
2025-06-23 20:07:33,475 - SUAS - DEBUG - [SUAS_main.wait:323] - Waiting for the vehicle to reach the target point...
2025-06-23 20:07:44,124 - SUAS - DEBUG - [SUAS_main.wait:332] - Reached the target point after the break
2025-06-23 20:07:44,126 - SUAS - DEBUG - [SUAS_main.start_scanning:495] - wait fonksiyonu bitti: timestamp: 2025-06-23 20:07:44
2025-06-23 20:07:44,127 - SUAS - DEBUG - [SUAS_main.start_scanning:496] - Reached the target point and going to take photo
2025-06-23 20:07:44,128 - SUAS - DEBUG - [SUAS_main.start_scanning:509] - fotoğraf çekilecek. timestamp: 2025-06-23 20:07:44
2025-06-23 20:07:45,053 - SUAS - DEBUG - [SUAS_main.take_photo_opencv:424] - Saved photo to images22/image_2.jpg
2025-06-23 20:07:45,057 - SUAS - DEBUG - [SUAS_main.start_scanning:516] - fotoğraf çekildi. timestamp: 2025-06-23 20:07:45
2025-06-23 20:07:45,558 - SUAS - DEBUG - [SUAS_main.start_scanning:489] - point to go: 38.8508395 -76.6997469
2025-06-23 20:07:45,560 - SUAS - DEBUG - [SUAS_main.start_scanning:491] - scanning noktasına gidiliyor: timestamp: 2025-06-23 20:07:45
2025-06-23 20:07:45,561 - SUAS - DEBUG - [SUAS_main.start_scanning:493] - simplegoto verildi: timestamp: 2025-06-23 20:07:45
2025-06-23 20:07:45,562 - SUAS - DEBUG - [SUAS_main.wait:321] - waite girildi timestamp: 2025-06-23 20:07:45
2025-06-23 20:07:45,663 - SUAS - DEBUG - [SUAS_main.wait:323] - Waiting for the vehicle to reach the target point...
2025-06-23 20:07:56,500 - SUAS - DEBUG - [SUAS_main.wait:332] - Reached the target point after the break
2025-06-23 20:07:56,501 - SUAS - DEBUG - [SUAS_main.start_scanning:495] - wait fonksiyonu bitti: timestamp: 2025-06-23 20:07:56
2025-06-23 20:07:56,502 - SUAS - DEBUG - [SUAS_main.start_scanning:496] - Reached the target point and going to take photo
2025-06-23 20:07:56,503 - SUAS - DEBUG - [SUAS_main.start_scanning:509] - fotoğraf çekilecek. timestamp: 2025-06-23 20:07:56
2025-06-23 20:07:57,449 - SUAS - DEBUG - [SUAS_main.take_photo_opencv:424] - Saved photo to images22/image_3.jpg
2025-06-23 20:07:57,451 - SUAS - DEBUG - [SUAS_main.start_scanning:516] - fotoğraf çekildi. timestamp: 2025-06-23 20:07:57
2025-06-23 20:07:57,952 - SUAS - DEBUG - [SUAS_main.start_scanning:489] - point to go: 38.8507058 -76.6998308
2025-06-23 20:07:57,953 - SUAS - DEBUG - [SUAS_main.start_scanning:491] - scanning noktasına gidiliyor: timestamp: 2025-06-23 20:07:57
2025-06-23 20:07:57,955 - SUAS - DEBUG - [SUAS_main.start_scanning:493] - simplegoto verildi: timestamp: 2025-06-23 20:07:57
2025-06-23 20:07:57,956 - SUAS - DEBUG - [SUAS_main.wait:321] - waite girildi timestamp: 2025-06-23 20:07:57
2025-06-23 20:07:58,057 - SUAS - DEBUG - [SUAS_main.wait:323] - Waiting for the vehicle to reach the target point...
2025-06-23 20:08:07,158 - SUAS - DEBUG - [SUAS_main.wait:332] - Reached the target point after the break
2025-06-23 20:08:07,159 - SUAS - DEBUG - [SUAS_main.start_scanning:495] - wait fonksiyonu bitti: timestamp: 2025-06-23 20:08:07
2025-06-23 20:08:07,160 - SUAS - DEBUG - [SUAS_main.start_scanning:496] - Reached the target point and going to take photo
2025-06-23 20:08:07,161 - SUAS - DEBUG - [SUAS_main.start_scanning:509] - fotoğraf çekilecek. timestamp: 2025-06-23 20:08:07
2025-06-23 20:08:08,109 - SUAS - DEBUG - [SUAS_main.take_photo_opencv:424] - Saved photo to images22/image_4.jpg
2025-06-23 20:08:08,111 - SUAS - DEBUG - [SUAS_main.start_scanning:516] - fotoğraf çekildi. timestamp: 2025-06-23 20:08:08
2025-06-23 20:08:08,612 - SUAS - DEBUG - [SUAS_main.start_scanning:489] - point to go: 38.8505558 -76.6999015
2025-06-23 20:08:08,613 - SUAS - DEBUG - [SUAS_main.start_scanning:491] - scanning noktasına gidiliyor: timestamp: 2025-06-23 20:08:08
2025-06-23 20:08:08,615 - SUAS - DEBUG - [SUAS_main.start_scanning:493] - simplegoto verildi: timestamp: 2025-06-23 20:08:08
2025-06-23 20:08:08,615 - SUAS - DEBUG - [SUAS_main.wait:321] - waite girildi timestamp: 2025-06-23 20:08:08
2025-06-23 20:08:08,716 - SUAS - DEBUG - [SUAS_main.wait:323] - Waiting for the vehicle to reach the target point...
2025-06-23 20:08:18,487 - SUAS - DEBUG - [SUAS_main._rc_listener_thread:314] - WPNAV_SPEED changed: 800 → 1200
2025-06-23 20:08:21,982 - SUAS - DEBUG - [SUAS_main.wait:332] - Reached the target point after the break
2025-06-23 20:08:21,983 - SUAS - DEBUG - [SUAS_main.start_scanning:495] - wait fonksiyonu bitti: timestamp: 2025-06-23 20:08:21
2025-06-23 20:08:21,984 - SUAS - DEBUG - [SUAS_main.start_scanning:496] - Reached the target point and going to take photo
2025-06-23 20:08:21,985 - SUAS - DEBUG - [SUAS_main.start_scanning:509] - fotoğraf çekilecek. timestamp: 2025-06-23 20:08:21
2025-06-23 20:08:22,946 - SUAS - DEBUG - [SUAS_main.take_photo_opencv:424] - Saved photo to images22/image_5.jpg
2025-06-23 20:08:22,948 - SUAS - DEBUG - [SUAS_main.start_scanning:516] - fotoğraf çekildi. timestamp: 2025-06-23 20:08:22
2025-06-23 20:08:23,449 - SUAS - DEBUG - [SUAS_main.start_scanning:489] - point to go: 38.8504058 -76.6999904
2025-06-23 20:08:23,450 - SUAS - DEBUG - [SUAS_main.start_scanning:491] - scanning noktasına gidiliyor: timestamp: 2025-06-23 20:08:23
2025-06-23 20:08:23,452 - SUAS - DEBUG - [SUAS_main.start_scanning:493] - simplegoto verildi: timestamp: 2025-06-23 20:08:23
2025-06-23 20:08:23,453 - SUAS - DEBUG - [SUAS_main.wait:321] - waite girildi timestamp: 2025-06-23 20:08:23
2025-06-23 20:08:23,554 - SUAS - DEBUG - [SUAS_main.wait:323] - Waiting for the vehicle to reach the target point...
2025-06-23 20:08:33,797 - SUAS - DEBUG - [SUAS_main.wait:332] - Reached the target point after the break
2025-06-23 20:08:33,798 - SUAS - DEBUG - [SUAS_main.start_scanning:495] - wait fonksiyonu bitti: timestamp: 2025-06-23 20:08:33
2025-06-23 20:08:33,799 - SUAS - DEBUG - [SUAS_main.start_scanning:496] - Reached the target point and going to take photo
2025-06-23 20:08:33,800 - SUAS - DEBUG - [SUAS_main.start_scanning:509] - fotoğraf çekilecek. timestamp: 2025-06-23 20:08:33
2025-06-23 20:08:34,774 - SUAS - DEBUG - [SUAS_main.take_photo_opencv:424] - Saved photo to images22/image_6.jpg
2025-06-23 20:08:34,775 - SUAS - DEBUG - [SUAS_main.start_scanning:516] - fotoğraf çekildi. timestamp: 2025-06-23 20:08:34
2025-06-23 20:08:34,826 - SUAS - DEBUG - [SUAS_main.start_scanning:527] - position_data22.csv dosyası ya mevcut değil ya da zaten boş.
2025-06-23 20:08:34,848 - SUAS - DEBUG - [SUAS_main.start_scanning:530] - Position data saved to position_data22.csv
2025-06-23 20:08:40,124 - SUAS - DEBUG - [SUAS_main.start_scanning:542] - SET Yaw Behaviour: 0, Face next waypoint
2025-06-23 20:08:40,126 - SUAS - DEBUG - [SUAS_main.main:790] - Image processing done
2025-06-23 20:08:40,127 - SUAS - DEBUG - [SUAS_main.main:796] - Waiting for 'cf_done' signal...
2025-06-23 20:08:42,131 - SUAS - DEBUG - [SUAS_main.main:805] - CF DONE
2025-06-23 20:08:42,133 - SUAS - DEBUG - [SUAS_main.main:819] - açıkçası buraya geldiysek yazılımın yaptığı işin elini emeğini sikeyim error: sicti is True, triggering error and loading Sicis_Points from config.
2025-06-23 20:08:42,134 - SUAS - DEBUG - [SUAS_main.main:821] - Error reading roi_results22.csv: sicti is True, triggering error and loading Sicis_Points from config.
2025-06-23 20:08:42,188 - SUAS - DEBUG - [SUAS_main.main:838] - Sicis_Points ile roi_results oluşturuldu: [(38.8511427, -76.6995765), (38.8509765, -76.6996658), (38.8508395, -76.6997469), (38.8507058, -76.6998308)]
2025-06-23 20:08:42,189 - SUAS - DEBUG - [SUAS_main.real_drop:557] - konuma gidiliyor: (38.8511427, -76.6995765)
2025-06-23 20:08:42,193 - SUAS - DEBUG - [SUAS_main.wait:321] - waite girildi timestamp: 2025-06-23 20:08:42
2025-06-23 20:08:42,294 - SUAS - DEBUG - [SUAS_main.wait:323] - Waiting for the vehicle to reach the target point...
2025-06-23 20:09:02,716 - SUAS - DEBUG - [SUAS_main.wait:332] - Reached the target point after the break
2025-06-23 20:09:02,718 - SUAS - DEBUG - [SUAS_main.set_servo:270] - set_servo function has successfully executed. With arguments: Channel: 14, PWM Value: 1100
2025-06-23 20:09:02,719 - SUAS - DEBUG - [SUAS_main.real_drop:575] - Servo activated: channel=(14, 1100)
2025-06-23 20:09:04,723 - SUAS - DEBUG - [SUAS_main.set_servo:270] - set_servo function has successfully executed. With arguments: Channel: 14, PWM Value: 0
2025-06-23 20:09:04,724 - SUAS - DEBUG - [SUAS_main.real_drop:578] - Servo deactivated: channel=14
2025-06-23 20:09:29,750 - SUAS - DEBUG - [SUAS_main.real_drop:583] - ilk mapping pointe gidiliyor: (38.8502466, -76.7000837)
2025-06-23 20:09:29,751 - SUAS - DEBUG - [SUAS_main.wait:321] - waite girildi timestamp: 2025-06-23 20:09:29
2025-06-23 20:09:29,852 - SUAS - DEBUG - [SUAS_main.wait:323] - Waiting for the vehicle to reach the target point...
2025-06-23 20:09:53,216 - SUAS - DEBUG - [SUAS_main.wait:332] - Reached the target point after the break
2025-06-23 20:09:53,218 - SUAS - DEBUG - [SUAS_main.real_drop:590] - ikinci mapping pointe gidiliyor: (38.8513676, -76.6994487)
2025-06-23 20:09:53,220 - SUAS - DEBUG - [SUAS_main.wait:321] - waite girildi timestamp: 2025-06-23 20:09:53
2025-06-23 20:09:53,321 - SUAS - DEBUG - [SUAS_main.wait:323] - Waiting for the vehicle to reach the target point...
2025-06-23 20:10:23,778 - SUAS - DEBUG - [SUAS_main.wait:332] - Reached the target point after the break
2025-06-23 20:10:23,787 - SUAS - DEBUG - [SUAS_main.turn_lap:617] - Turn Lap
2025-06-23 20:10:23,889 - SUAS - DEBUG - [SUAS_main.turn_lap:621] - Download Waypoints - Completed
2025-06-23 20:10:23,891 - SUAS - DEBUG - [SUAS_main.turn_lap:623] - WP SET TO 2
2025-06-23 20:10:24,403 - SUAS - DEBUG - [SUAS_main.watcher:148] - Mode changed: GUIDED -> AUTO
2025-06-23 20:10:24,404 - SUAS - DEBUG - [SUAS_main.on_mode_change:166] - Unhandled mode change: AUTO
2025-06-23 20:10:24,443 - SUAS - DEBUG - [SUAS_main.turn_lap:628] - VehicleMode:AUTO moduna geçildi
2025-06-23 20:10:24,495 - SUAS - DEBUG - [SUAS_main.turn_lap:636] - next wp: 2
2025-06-23 20:10:24,495 - SUAS - DEBUG - [SUAS_main.turn_lap:637] - wp_num:6
2025-06-23 20:10:24,546 - SUAS - DEBUG - [SUAS_main.turn_lap:636] - next wp: 2
2025-06-23 20:10:24,547 - SUAS - DEBUG - [SUAS_main.turn_lap:637] - wp_num:6
2025-06-23 20:10:24,598 - SUAS - DEBUG - [SUAS_main.turn_lap:636] - next wp: 2
2025-06-23 20:10:24,599 - SUAS - DEBUG - [SUAS_main.turn_lap:637] - wp_num:6
2025-06-23 20:10:24,650 - SUAS - DEBUG - [SUAS_main.turn_lap:636] - next wp: 2
2025-06-23 20:10:24,651 - SUAS - DEBUG - [SUAS_main.turn_lap:637] - wp_num:6
2025-06-23 20:10:24,702 - SUAS - DEBUG - [SUAS_main.turn_lap:636] - next wp: 2
2025-06-23 20:10:24,703 - SUAS - DEBUG - [SUAS_main.turn_lap:637] - wp_num:6
2025-06-23 20:10:24,754 - SUAS - DEBUG - [SUAS_main.turn_lap:636] - next wp: 2
2025-06-23 20:10:24,754 - SUAS - DEBUG - [SUAS_main.turn_lap:637] - wp_num:6
2025-06-23 20:10:24,805 - SUAS - DEBUG - [SUAS_main.turn_lap:636] - next wp: 2
2025-06-23 20:10:24,806 - SUAS - DEBUG - [SUAS_main.turn_lap:637] - wp_num:6
2025-06-23 20:10:24,857 - SUAS - DEBUG - [SUAS_main.turn_lap:636] - next wp: 2
2025-06-23 20:10:24,858 - SUAS - DEBUG - [SUAS_main.turn_lap:637] - wp_num:6
2025-06-23 20:10:24,909 - SUAS - DEBUG - [SUAS_main.turn_lap:636] - next wp: 2
2025-06-23 20:10:24,910 - SUAS - DEBUG - [SUAS_main.turn_lap:637] - wp_num:6
2025-06-23 20:10:24,961 - SUAS - DEBUG - [SUAS_main.turn_lap:636] - next wp: 2
2025-06-23 20:10:24,962 - SUAS - DEBUG - [SUAS_main.turn_lap:637] - wp_num:6
2025-06-23 20:10:25,013 - SUAS - DEBUG - [SUAS_main.turn_lap:636] - next wp: 2
2025-06-23 20:10:25,014 - SUAS - DEBUG - [SUAS_main.turn_lap:637] - wp_num:6
2025-06-23 20:10:25,065 - SUAS - DEBUG - [SUAS_main.turn_lap:636] - next wp: 2
2025-06-23 20:10:25,066 - SUAS - DEBUG - [SUAS_main.turn_lap:637] - wp_num:6
2025-06-23 20:10:25,117 - SUAS - DEBUG - [SUAS_main.turn_lap:636] - next wp: 2
2025-06-23 20:10:25,117 - SUAS - DEBUG - [SUAS_main.turn_lap:637] - wp_num:6
2025-06-23 20:10:25,169 - SUAS - DEBUG - [SUAS_main.turn_lap:636] - next wp: 2
2025-06-23 20:10:25,170 - SUAS - DEBUG - [SUAS_main.turn_lap:637] - wp_num:6
2025-06-23 20:10:25,221 - SUAS - DEBUG - [SUAS_main.turn_lap:636] - next wp: 2
2025-06-23 20:10:25,222 - SUAS - DEBUG - [SUAS_main.turn_lap:637] - wp_num:6
2025-06-23 20:10:25,273 - SUAS - DEBUG - [SUAS_main.turn_lap:636] - next wp: 2
2025-06-23 20:10:25,274 - SUAS - DEBUG - [SUAS_main.turn_lap:637] - wp_num:6
2025-06-23 20:10:25,325 - SUAS - DEBUG - [SUAS_main.turn_lap:636] - next wp: 2
2025-06-23 20:10:25,326 - SUAS - DEBUG - [SUAS_main.turn_lap:637] - wp_num:6
2025-06-23 20:10:25,376 - SUAS - DEBUG - [SUAS_main.turn_lap:636] - next wp: 2
2025-06-23 20:10:25,377 - SUAS - DEBUG - [SUAS_main.turn_lap:637] - wp_num:6
2025-06-23 20:10:25,428 - SUAS - DEBUG - [SUAS_main.turn_lap:636] - next wp: 2
2025-06-23 20:10:25,429 - SUAS - DEBUG - [SUAS_main.turn_lap:637] - wp_num:6
2025-06-23 20:10:25,480 - SUAS - DEBUG - [SUAS_main.turn_lap:636] - next wp: 2
2025-06-23 20:10:25,481 - SUAS - DEBUG - [SUAS_main.turn_lap:637] - wp_num:6
2025-06-23 20:10:25,532 - SUAS - DEBUG - [SUAS_main.turn_lap:636] - next wp: 2
2025-06-23 20:10:25,533 - SUAS - DEBUG - [SUAS_main.turn_lap:637] - wp_num:6
2025-06-23 20:10:25,584 - SUAS - DEBUG - [SUAS_main.turn_lap:636] - next wp: 2
2025-06-23 20:10:25,584 - SUAS - DEBUG - [SUAS_main.turn_lap:637] - wp_num:6
2025-06-23 20:10:25,635 - SUAS - DEBUG - [SUAS_main.turn_lap:636] - next wp: 2
2025-06-23 20:10:25,636 - SUAS - DEBUG - [SUAS_main.turn_lap:637] - wp_num:6
2025-06-23 20:10:25,687 - SUAS - DEBUG - [SUAS_main.turn_lap:636] - next wp: 2
2025-06-23 20:10:25,688 - SUAS - DEBUG - [SUAS_main.turn_lap:637] - wp_num:6
2025-06-23 20:10:25,739 - SUAS - DEBUG - [SUAS_main.turn_lap:636] - next wp: 2
2025-06-23 20:10:25,739 - SUAS - DEBUG - [SUAS_main.turn_lap:637] - wp_num:6
2025-06-23 20:10:25,790 - SUAS - DEBUG - [SUAS_main.turn_lap:636] - next wp: 2
2025-06-23 20:10:25,791 - SUAS - DEBUG - [SUAS_main.turn_lap:637] - wp_num:6
2025-06-23 20:10:25,842 - SUAS - DEBUG - [SUAS_main.turn_lap:636] - next wp: 2
2025-06-23 20:10:25,843 - SUAS - DEBUG - [SUAS_main.turn_lap:637] - wp_num:6
2025-06-23 20:10:25,894 - SUAS - DEBUG - [SUAS_main.turn_lap:636] - next wp: 2
2025-06-23 20:10:25,895 - SUAS - DEBUG - [SUAS_main.turn_lap:637] - wp_num:6
2025-06-23 20:10:25,946 - SUAS - DEBUG - [SUAS_main.turn_lap:636] - next wp: 2
2025-06-23 20:10:25,947 - SUAS - DEBUG - [SUAS_main.turn_lap:637] - wp_num:6
2025-06-23 20:10:25,998 - SUAS - DEBUG - [SUAS_main.turn_lap:636] - next wp: 2
2025-06-23 20:10:25,999 - SUAS - DEBUG - [SUAS_main.turn_lap:637] - wp_num:6
2025-06-23 20:10:26,050 - SUAS - DEBUG - [SUAS_main.turn_lap:636] - next wp: 2
2025-06-23 20:10:26,051 - SUAS - DEBUG - [SUAS_main.turn_lap:637] - wp_num:6
2025-06-23 20:10:26,103 - SUAS - DEBUG - [SUAS_main.turn_lap:636] - next wp: 2
2025-06-23 20:10:26,104 - SUAS - DEBUG - [SUAS_main.turn_lap:637] - wp_num:6
2025-06-23 20:10:26,155 - SUAS - DEBUG - [SUAS_main.turn_lap:636] - next wp: 2
2025-06-23 20:10:26,156 - SUAS - DEBUG - [SUAS_main.turn_lap:637] - wp_num:6
2025-06-23 20:10:26,206 - SUAS - DEBUG - [SUAS_main.turn_lap:636] - next wp: 2
2025-06-23 20:10:26,207 - SUAS - DEBUG - [SUAS_main.turn_lap:637] - wp_num:6
2025-06-23 20:10:26,258 - SUAS - DEBUG - [SUAS_main.turn_lap:636] - next wp: 2
2025-06-23 20:10:26,259 - SUAS - DEBUG - [SUAS_main.turn_lap:637] - wp_num:6
2025-06-23 20:10:26,310 - SUAS - DEBUG - [SUAS_main.turn_lap:636] - next wp: 2
2025-06-23 20:10:26,311 - SUAS - DEBUG - [SUAS_main.turn_lap:637] - wp_num:6
2025-06-23 20:10:26,362 - SUAS - DEBUG - [SUAS_main.turn_lap:636] - next wp: 2
2025-06-23 20:10:26,363 - SUAS - DEBUG - [SUAS_main.turn_lap:637] - wp_num:6
2025-06-23 20:10:26,414 - SUAS - DEBUG - [SUAS_main.turn_lap:636] - next wp: 2
2025-06-23 20:10:26,415 - SUAS - DEBUG - [SUAS_main.turn_lap:637] - wp_num:6
2025-06-23 20:10:26,466 - SUAS - DEBUG - [SUAS_main.turn_lap:636] - next wp: 2
2025-06-23 20:10:26,467 - SUAS - DEBUG - [SUAS_main.turn_lap:637] - wp_num:6
2025-06-23 20:10:26,518 - SUAS - DEBUG - [SUAS_main.turn_lap:636] - next wp: 2
2025-06-23 20:10:26,518 - SUAS - DEBUG - [SUAS_main.turn_lap:637] - wp_num:6
2025-06-23 20:10:26,570 - SUAS - DEBUG - [SUAS_main.turn_lap:636] - next wp: 2
2025-06-23 20:10:26,571 - SUAS - DEBUG - [SUAS_main.turn_lap:637] - wp_num:6
2025-06-23 20:10:26,622 - SUAS - DEBUG - [SUAS_main.turn_lap:636] - next wp: 2
2025-06-23 20:10:26,623 - SUAS - DEBUG - [SUAS_main.turn_lap:637] - wp_num:6
2025-06-23 20:10:26,673 - SUAS - DEBUG - [SUAS_main.turn_lap:636] - next wp: 2
2025-06-23 20:10:26,674 - SUAS - DEBUG - [SUAS_main.turn_lap:637] - wp_num:6
2025-06-23 20:10:26,725 - SUAS - DEBUG - [SUAS_main.turn_lap:636] - next wp: 2
2025-06-23 20:10:26,726 - SUAS - DEBUG - [SUAS_main.turn_lap:637] - wp_num:6
2025-06-23 20:10:26,777 - SUAS - DEBUG - [SUAS_main.turn_lap:636] - next wp: 2
2025-06-23 20:10:26,777 - SUAS - DEBUG - [SUAS_main.turn_lap:637] - wp_num:6
2025-06-23 20:10:26,828 - SUAS - DEBUG - [SUAS_main.turn_lap:636] - next wp: 2
2025-06-23 20:10:26,829 - SUAS - DEBUG - [SUAS_main.turn_lap:637] - wp_num:6
2025-06-23 20:10:26,880 - SUAS - DEBUG - [SUAS_main.turn_lap:636] - next wp: 2
2025-06-23 20:10:26,881 - SUAS - DEBUG - [SUAS_main.turn_lap:637] - wp_num:6
2025-06-23 20:10:26,932 - SUAS - DEBUG - [SUAS_main.turn_lap:636] - next wp: 2
2025-06-23 20:10:26,932 - SUAS - DEBUG - [SUAS_main.turn_lap:637] - wp_num:6
2025-06-23 20:10:26,983 - SUAS - DEBUG - [SUAS_main.turn_lap:636] - next wp: 2
2025-06-23 20:10:26,984 - SUAS - DEBUG - [SUAS_main.turn_lap:637] - wp_num:6
2025-06-23 20:10:27,035 - SUAS - DEBUG - [SUAS_main.turn_lap:636] - next wp: 2
2025-06-23 20:10:27,035 - SUAS - DEBUG - [SUAS_main.turn_lap:637] - wp_num:6
2025-06-23 20:10:27,086 - SUAS - DEBUG - [SUAS_main.turn_lap:636] - next wp: 2
2025-06-23 20:10:27,088 - SUAS - DEBUG - [SUAS_main.turn_lap:637] - wp_num:6
2025-06-23 20:10:27,139 - SUAS - DEBUG - [SUAS_main.turn_lap:636] - next wp: 2
2025-06-23 20:10:27,140 - SUAS - DEBUG - [SUAS_main.turn_lap:637] - wp_num:6
2025-06-23 20:10:27,190 - SUAS - DEBUG - [SUAS_main.turn_lap:636] - next wp: 2
2025-06-23 20:10:27,191 - SUAS - DEBUG - [SUAS_main.turn_lap:637] - wp_num:6
2025-06-23 20:10:27,242 - SUAS - DEBUG - [SUAS_main.turn_lap:636] - next wp: 2
2025-06-23 20:10:27,243 - SUAS - DEBUG - [SUAS_main.turn_lap:637] - wp_num:6
2025-06-23 20:10:27,294 - SUAS - DEBUG - [SUAS_main.turn_lap:636] - next wp: 2
2025-06-23 20:10:27,295 - SUAS - DEBUG - [SUAS_main.turn_lap:637] - wp_num:6
2025-06-23 20:10:27,345 - SUAS - DEBUG - [SUAS_main.turn_lap:636] - next wp: 2
2025-06-23 20:10:27,346 - SUAS - DEBUG - [SUAS_main.turn_lap:637] - wp_num:6
2025-06-23 20:10:27,397 - SUAS - DEBUG - [SUAS_main.turn_lap:636] - next wp: 2
2025-06-23 20:10:27,398 - SUAS - DEBUG - [SUAS_main.turn_lap:637] - wp_num:6
2025-06-23 20:10:27,449 - SUAS - DEBUG - [SUAS_main.turn_lap:636] - next wp: 2
2025-06-23 20:10:27,449 - SUAS - DEBUG - [SUAS_main.turn_lap:637] - wp_num:6
2025-06-23 20:10:27,500 - SUAS - DEBUG - [SUAS_main.turn_lap:636] - next wp: 2
2025-06-23 20:10:27,501 - SUAS - DEBUG - [SUAS_main.turn_lap:637] - wp_num:6
2025-06-23 20:10:27,552 - SUAS - DEBUG - [SUAS_main.turn_lap:636] - next wp: 2
2025-06-23 20:10:27,552 - SUAS - DEBUG - [SUAS_main.turn_lap:637] - wp_num:6
2025-06-23 20:10:27,603 - SUAS - DEBUG - [SUAS_main.turn_lap:636] - next wp: 2
2025-06-23 20:10:27,604 - SUAS - DEBUG - [SUAS_main.turn_lap:637] - wp_num:6
2025-06-23 20:10:27,654 - SUAS - DEBUG - [SUAS_main.turn_lap:636] - next wp: 2
2025-06-23 20:10:27,655 - SUAS - DEBUG - [SUAS_main.turn_lap:637] - wp_num:6
2025-06-23 20:10:27,706 - SUAS - DEBUG - [SUAS_main.turn_lap:636] - next wp: 2
2025-06-23 20:10:27,707 - SUAS - DEBUG - [SUAS_main.turn_lap:637] - wp_num:6
2025-06-23 20:10:27,758 - SUAS - DEBUG - [SUAS_main.turn_lap:636] - next wp: 2
2025-06-23 20:10:27,758 - SUAS - DEBUG - [SUAS_main.turn_lap:637] - wp_num:6
2025-06-23 20:10:27,809 - SUAS - DEBUG - [SUAS_main.turn_lap:636] - next wp: 2
2025-06-23 20:10:27,810 - SUAS - DEBUG - [SUAS_main.turn_lap:637] - wp_num:6
2025-06-23 20:10:27,861 - SUAS - DEBUG - [SUAS_main.turn_lap:636] - next wp: 2
2025-06-23 20:10:27,862 - SUAS - DEBUG - [SUAS_main.turn_lap:637] - wp_num:6
2025-06-23 20:10:27,913 - SUAS - DEBUG - [SUAS_main.turn_lap:636] - next wp: 2
2025-06-23 20:10:27,914 - SUAS - DEBUG - [SUAS_main.turn_lap:637] - wp_num:6
2025-06-23 20:10:27,964 - SUAS - DEBUG - [SUAS_main.turn_lap:636] - next wp: 2
2025-06-23 20:10:27,965 - SUAS - DEBUG - [SUAS_main.turn_lap:637] - wp_num:6
2025-06-23 20:10:28,016 - SUAS - DEBUG - [SUAS_main.turn_lap:636] - next wp: 2
2025-06-23 20:10:28,017 - SUAS - DEBUG - [SUAS_main.turn_lap:637] - wp_num:6
2025-06-23 20:10:28,068 - SUAS - DEBUG - [SUAS_main.turn_lap:636] - next wp: 2
2025-06-23 20:10:28,069 - SUAS - DEBUG - [SUAS_main.turn_lap:637] - wp_num:6
2025-06-23 20:10:28,120 - SUAS - DEBUG - [SUAS_main.turn_lap:636] - next wp: 2
2025-06-23 20:10:28,121 - SUAS - DEBUG - [SUAS_main.turn_lap:637] - wp_num:6
2025-06-23 20:10:28,171 - SUAS - DEBUG - [SUAS_main.turn_lap:636] - next wp: 2
2025-06-23 20:10:28,173 - SUAS - DEBUG - [SUAS_main.turn_lap:637] - wp_num:6
2025-06-23 20:10:28,224 - SUAS - DEBUG - [SUAS_main.turn_lap:636] - next wp: 2
2025-06-23 20:10:28,224 - SUAS - DEBUG - [SUAS_main.turn_lap:637] - wp_num:6
2025-06-23 20:10:28,275 - SUAS - DEBUG - [SUAS_main.turn_lap:636] - next wp: 2
2025-06-23 20:10:28,276 - SUAS - DEBUG - [SUAS_main.turn_lap:637] - wp_num:6
2025-06-23 20:10:28,327 - SUAS - DEBUG - [SUAS_main.turn_lap:636] - next wp: 2
2025-06-23 20:10:28,328 - SUAS - DEBUG - [SUAS_main.turn_lap:637] - wp_num:6
2025-06-23 20:10:28,379 - SUAS - DEBUG - [SUAS_main.turn_lap:636] - next wp: 2
2025-06-23 20:10:28,380 - SUAS - DEBUG - [SUAS_main.turn_lap:637] - wp_num:6
2025-06-23 20:10:28,431 - SUAS - DEBUG - [SUAS_main.turn_lap:636] - next wp: 2
2025-06-23 20:10:28,432 - SUAS - DEBUG - [SUAS_main.turn_lap:637] - wp_num:6
2025-06-23 20:10:28,483 - SUAS - DEBUG - [SUAS_main.turn_lap:636] - next wp: 2
2025-06-23 20:10:28,484 - SUAS - DEBUG - [SUAS_main.turn_lap:637] - wp_num:6
2025-06-23 20:10:28,535 - SUAS - DEBUG - [SUAS_main.turn_lap:636] - next wp: 2
2025-06-23 20:10:28,536 - SUAS - DEBUG - [SUAS_main.turn_lap:637] - wp_num:6
2025-06-23 20:10:28,586 - SUAS - DEBUG - [SUAS_main.turn_lap:636] - next wp: 2
2025-06-23 20:10:28,587 - SUAS - DEBUG - [SUAS_main.turn_lap:637] - wp_num:6
2025-06-23 20:10:28,639 - SUAS - DEBUG - [SUAS_main.turn_lap:636] - next wp: 2
2025-06-23 20:10:28,640 - SUAS - DEBUG - [SUAS_main.turn_lap:637] - wp_num:6
2025-06-23 20:10:28,690 - SUAS - DEBUG - [SUAS_main.turn_lap:636] - next wp: 2
2025-06-23 20:10:28,691 - SUAS - DEBUG - [SUAS_main.turn_lap:637] - wp_num:6
2025-06-23 20:10:28,742 - SUAS - DEBUG - [SUAS_main.turn_lap:636] - next wp: 2
2025-06-23 20:10:28,743 - SUAS - DEBUG - [SUAS_main.turn_lap:637] - wp_num:6
2025-06-23 20:10:28,794 - SUAS - DEBUG - [SUAS_main.turn_lap:636] - next wp: 2
2025-06-23 20:10:28,795 - SUAS - DEBUG - [SUAS_main.turn_lap:637] - wp_num:6
2025-06-23 20:10:28,846 - SUAS - DEBUG - [SUAS_main.turn_lap:636] - next wp: 2
2025-06-23 20:10:28,847 - SUAS - DEBUG - [SUAS_main.turn_lap:637] - wp_num:6
2025-06-23 20:10:28,898 - SUAS - DEBUG - [SUAS_main.turn_lap:636] - next wp: 2
2025-06-23 20:10:28,898 - SUAS - DEBUG - [SUAS_main.turn_lap:637] - wp_num:6
2025-06-23 20:10:28,949 - SUAS - DEBUG - [SUAS_main.turn_lap:636] - next wp: 2
2025-06-23 20:10:28,950 - SUAS - DEBUG - [SUAS_main.turn_lap:637] - wp_num:6
2025-06-23 20:10:29,001 - SUAS - DEBUG - [SUAS_main.turn_lap:636] - next wp: 2
2025-06-23 20:10:29,002 - SUAS - DEBUG - [SUAS_main.turn_lap:637] - wp_num:6
2025-06-23 20:10:29,053 - SUAS - DEBUG - [SUAS_main.turn_lap:636] - next wp: 2
2025-06-23 20:10:29,054 - SUAS - DEBUG - [SUAS_main.turn_lap:637] - wp_num:6
2025-06-23 20:10:29,104 - SUAS - DEBUG - [SUAS_main.turn_lap:636] - next wp: 2
2025-06-23 20:10:29,105 - SUAS - DEBUG - [SUAS_main.turn_lap:637] - wp_num:6
2025-06-23 20:10:29,156 - SUAS - DEBUG - [SUAS_main.turn_lap:636] - next wp: 2
2025-06-23 20:10:29,157 - SUAS - DEBUG - [SUAS_main.turn_lap:637] - wp_num:6
2025-06-23 20:10:29,208 - SUAS - DEBUG - [SUAS_main.turn_lap:636] - next wp: 2
2025-06-23 20:10:29,208 - SUAS - DEBUG - [SUAS_main.turn_lap:637] - wp_num:6
2025-06-23 20:10:29,259 - SUAS - DEBUG - [SUAS_main.turn_lap:636] - next wp: 2
2025-06-23 20:10:29,260 - SUAS - DEBUG - [SUAS_main.turn_lap:637] - wp_num:6
2025-06-23 20:10:29,311 - SUAS - DEBUG - [SUAS_main.turn_lap:636] - next wp: 2
2025-06-23 20:10:29,312 - SUAS - DEBUG - [SUAS_main.turn_lap:637] - wp_num:6
2025-06-23 20:10:29,363 - SUAS - DEBUG - [SUAS_main.turn_lap:636] - next wp: 2
2025-06-23 20:10:29,364 - SUAS - DEBUG - [SUAS_main.turn_lap:637] - wp_num:6
2025-06-23 20:10:29,415 - SUAS - DEBUG - [SUAS_main.turn_lap:636] - next wp: 2
2025-06-23 20:10:29,416 - SUAS - DEBUG - [SUAS_main.turn_lap:637] - wp_num:6
2025-06-23 20:10:29,466 - SUAS - DEBUG - [SUAS_main.turn_lap:636] - next wp: 2
2025-06-23 20:10:29,468 - SUAS - DEBUG - [SUAS_main.turn_lap:637] - wp_num:6
2025-06-23 20:10:29,519 - SUAS - DEBUG - [SUAS_main.turn_lap:636] - next wp: 2
2025-06-23 20:10:29,520 - SUAS - DEBUG - [SUAS_main.turn_lap:637] - wp_num:6
2025-06-23 20:10:29,571 - SUAS - DEBUG - [SUAS_main.turn_lap:636] - next wp: 2
2025-06-23 20:10:29,572 - SUAS - DEBUG - [SUAS_main.turn_lap:637] - wp_num:6
2025-06-23 20:10:29,623 - SUAS - DEBUG - [SUAS_main.turn_lap:636] - next wp: 2
2025-06-23 20:10:29,623 - SUAS - DEBUG - [SUAS_main.turn_lap:637] - wp_num:6
2025-06-23 20:10:29,680 - SUAS - DEBUG - [SUAS_main.turn_lap:636] - next wp: 2
2025-06-23 20:10:29,681 - SUAS - DEBUG - [SUAS_main.turn_lap:637] - wp_num:6
2025-06-23 20:10:29,732 - SUAS - DEBUG - [SUAS_main.turn_lap:636] - next wp: 2
2025-06-23 20:10:29,733 - SUAS - DEBUG - [SUAS_main.turn_lap:637] - wp_num:6
2025-06-23 20:10:29,784 - SUAS - DEBUG - [SUAS_main.turn_lap:636] - next wp: 2
2025-06-23 20:10:29,784 - SUAS - DEBUG - [SUAS_main.turn_lap:637] - wp_num:6
2025-06-23 20:10:29,835 - SUAS - DEBUG - [SUAS_main.turn_lap:636] - next wp: 2
2025-06-23 20:10:29,836 - SUAS - DEBUG - [SUAS_main.turn_lap:637] - wp_num:6
2025-06-23 20:10:29,887 - SUAS - DEBUG - [SUAS_main.turn_lap:636] - next wp: 2
2025-06-23 20:10:29,888 - SUAS - DEBUG - [SUAS_main.turn_lap:637] - wp_num:6
2025-06-23 20:10:29,939 - SUAS - DEBUG - [SUAS_main.turn_lap:636] - next wp: 2
2025-06-23 20:10:29,940 - SUAS - DEBUG - [SUAS_main.turn_lap:637] - wp_num:6
2025-06-23 20:10:29,991 - SUAS - DEBUG - [SUAS_main.turn_lap:636] - next wp: 2
2025-06-23 20:10:29,992 - SUAS - DEBUG - [SUAS_main.turn_lap:637] - wp_num:6
2025-06-23 20:10:30,043 - SUAS - DEBUG - [SUAS_main.turn_lap:636] - next wp: 2
2025-06-23 20:10:30,044 - SUAS - DEBUG - [SUAS_main.turn_lap:637] - wp_num:6
2025-06-23 20:10:30,094 - SUAS - DEBUG - [SUAS_main.turn_lap:636] - next wp: 2
2025-06-23 20:10:30,095 - SUAS - DEBUG - [SUAS_main.turn_lap:637] - wp_num:6
2025-06-23 20:10:30,146 - SUAS - DEBUG - [SUAS_main.turn_lap:636] - next wp: 2
2025-06-23 20:10:30,147 - SUAS - DEBUG - [SUAS_main.turn_lap:637] - wp_num:6
2025-06-23 20:10:30,198 - SUAS - DEBUG - [SUAS_main.turn_lap:636] - next wp: 2
2025-06-23 20:10:30,199 - SUAS - DEBUG - [SUAS_main.turn_lap:637] - wp_num:6
2025-06-23 20:10:30,250 - SUAS - DEBUG - [SUAS_main.turn_lap:636] - next wp: 2
2025-06-23 20:10:30,250 - SUAS - DEBUG - [SUAS_main.turn_lap:637] - wp_num:6
2025-06-23 20:10:30,301 - SUAS - DEBUG - [SUAS_main.turn_lap:636] - next wp: 2
2025-06-23 20:10:30,302 - SUAS - DEBUG - [SUAS_main.turn_lap:637] - wp_num:6
2025-06-23 20:10:30,353 - SUAS - DEBUG - [SUAS_main.turn_lap:636] - next wp: 2
2025-06-23 20:10:30,354 - SUAS - DEBUG - [SUAS_main.turn_lap:637] - wp_num:6
2025-06-23 20:10:30,405 - SUAS - DEBUG - [SUAS_main.turn_lap:636] - next wp: 2
2025-06-23 20:10:30,405 - SUAS - DEBUG - [SUAS_main.turn_lap:637] - wp_num:6
2025-06-23 20:10:30,456 - SUAS - DEBUG - [SUAS_main.turn_lap:636] - next wp: 2
2025-06-23 20:10:30,457 - SUAS - DEBUG - [SUAS_main.turn_lap:637] - wp_num:6
2025-06-23 20:10:30,508 - SUAS - DEBUG - [SUAS_main.turn_lap:636] - next wp: 2
2025-06-23 20:10:30,508 - SUAS - DEBUG - [SUAS_main.turn_lap:637] - wp_num:6
2025-06-23 20:10:30,559 - SUAS - DEBUG - [SUAS_main.turn_lap:636] - next wp: 2
2025-06-23 20:10:30,560 - SUAS - DEBUG - [SUAS_main.turn_lap:637] - wp_num:6
2025-06-23 20:10:30,611 - SUAS - DEBUG - [SUAS_main.turn_lap:636] - next wp: 2
2025-06-23 20:10:30,612 - SUAS - DEBUG - [SUAS_main.turn_lap:637] - wp_num:6
2025-06-23 20:10:30,664 - SUAS - DEBUG - [SUAS_main.turn_lap:636] - next wp: 2
2025-06-23 20:10:30,664 - SUAS - DEBUG - [SUAS_main.turn_lap:637] - wp_num:6
2025-06-23 20:10:30,715 - SUAS - DEBUG - [SUAS_main.turn_lap:636] - next wp: 2
2025-06-23 20:10:30,716 - SUAS - DEBUG - [SUAS_main.turn_lap:637] - wp_num:6
2025-06-23 20:10:30,767 - SUAS - DEBUG - [SUAS_main.turn_lap:636] - next wp: 2
2025-06-23 20:10:30,768 - SUAS - DEBUG - [SUAS_main.turn_lap:637] - wp_num:6
2025-06-23 20:10:30,818 - SUAS - DEBUG - [SUAS_main.turn_lap:636] - next wp: 2
2025-06-23 20:10:30,820 - SUAS - DEBUG - [SUAS_main.turn_lap:637] - wp_num:6
2025-06-23 20:10:30,871 - SUAS - DEBUG - [SUAS_main.turn_lap:636] - next wp: 2
2025-06-23 20:10:30,872 - SUAS - DEBUG - [SUAS_main.turn_lap:637] - wp_num:6
2025-06-23 20:10:30,922 - SUAS - DEBUG - [SUAS_main.turn_lap:636] - next wp: 2
2025-06-23 20:10:30,923 - SUAS - DEBUG - [SUAS_main.turn_lap:637] - wp_num:6
2025-06-23 20:10:30,974 - SUAS - DEBUG - [SUAS_main.turn_lap:636] - next wp: 2
2025-06-23 20:10:30,974 - SUAS - DEBUG - [SUAS_main.turn_lap:637] - wp_num:6
2025-06-23 20:10:31,025 - SUAS - DEBUG - [SUAS_main.turn_lap:636] - next wp: 2
2025-06-23 20:10:31,026 - SUAS - DEBUG - [SUAS_main.turn_lap:637] - wp_num:6
2025-06-23 20:10:31,077 - SUAS - DEBUG - [SUAS_main.turn_lap:636] - next wp: 2
2025-06-23 20:10:31,078 - SUAS - DEBUG - [SUAS_main.turn_lap:637] - wp_num:6
2025-06-23 20:10:31,129 - SUAS - DEBUG - [SUAS_main.turn_lap:636] - next wp: 2
2025-06-23 20:10:31,130 - SUAS - DEBUG - [SUAS_main.turn_lap:637] - wp_num:6
2025-06-23 20:10:31,181 - SUAS - DEBUG - [SUAS_main.turn_lap:636] - next wp: 2
2025-06-23 20:10:31,182 - SUAS - DEBUG - [SUAS_main.turn_lap:637] - wp_num:6
2025-06-23 20:10:31,233 - SUAS - DEBUG - [SUAS_main.turn_lap:636] - next wp: 2
2025-06-23 20:10:31,233 - SUAS - DEBUG - [SUAS_main.turn_lap:637] - wp_num:6
2025-06-23 20:10:31,284 - SUAS - DEBUG - [SUAS_main.turn_lap:636] - next wp: 2
2025-06-23 20:10:31,285 - SUAS - DEBUG - [SUAS_main.turn_lap:637] - wp_num:6
2025-06-23 20:10:31,336 - SUAS - DEBUG - [SUAS_main.turn_lap:636] - next wp: 2
2025-06-23 20:10:31,337 - SUAS - DEBUG - [SUAS_main.turn_lap:637] - wp_num:6
2025-06-23 20:10:31,388 - SUAS - DEBUG - [SUAS_main.turn_lap:636] - next wp: 2
2025-06-23 20:10:31,388 - SUAS - DEBUG - [SUAS_main.turn_lap:637] - wp_num:6
2025-06-23 20:10:31,439 - SUAS - DEBUG - [SUAS_main.turn_lap:636] - next wp: 2
2025-06-23 20:10:31,440 - SUAS - DEBUG - [SUAS_main.turn_lap:637] - wp_num:6
2025-06-23 20:10:31,491 - SUAS - DEBUG - [SUAS_main.turn_lap:636] - next wp: 2
2025-06-23 20:10:31,492 - SUAS - DEBUG - [SUAS_main.turn_lap:637] - wp_num:6
2025-06-23 20:10:31,543 - SUAS - DEBUG - [SUAS_main.turn_lap:636] - next wp: 2
2025-06-23 20:10:31,544 - SUAS - DEBUG - [SUAS_main.turn_lap:637] - wp_num:6
2025-06-23 20:10:31,595 - SUAS - DEBUG - [SUAS_main.turn_lap:636] - next wp: 2
2025-06-23 20:10:31,595 - SUAS - DEBUG - [SUAS_main.turn_lap:637] - wp_num:6
2025-06-23 20:10:31,646 - SUAS - DEBUG - [SUAS_main.turn_lap:636] - next wp: 2
2025-06-23 20:10:31,647 - SUAS - DEBUG - [SUAS_main.turn_lap:637] - wp_num:6
2025-06-23 20:10:31,698 - SUAS - DEBUG - [SUAS_main.turn_lap:636] - next wp: 2
2025-06-23 20:10:31,699 - SUAS - DEBUG - [SUAS_main.turn_lap:637] - wp_num:6
2025-06-23 20:10:31,750 - SUAS - DEBUG - [SUAS_main.turn_lap:636] - next wp: 2
2025-06-23 20:10:31,751 - SUAS - DEBUG - [SUAS_main.turn_lap:637] - wp_num:6
2025-06-23 20:10:31,802 - SUAS - DEBUG - [SUAS_main.turn_lap:636] - next wp: 2
2025-06-23 20:10:31,803 - SUAS - DEBUG - [SUAS_main.turn_lap:637] - wp_num:6
2025-06-23 20:10:31,854 - SUAS - DEBUG - [SUAS_main.turn_lap:636] - next wp: 2
2025-06-23 20:10:31,855 - SUAS - DEBUG - [SUAS_main.turn_lap:637] - wp_num:6
2025-06-23 20:10:31,905 - SUAS - DEBUG - [SUAS_main.turn_lap:636] - next wp: 2
2025-06-23 20:10:31,906 - SUAS - DEBUG - [SUAS_main.turn_lap:637] - wp_num:6
2025-06-23 20:10:31,957 - SUAS - DEBUG - [SUAS_main.turn_lap:636] - next wp: 2
2025-06-23 20:10:31,958 - SUAS - DEBUG - [SUAS_main.turn_lap:637] - wp_num:6
2025-06-23 20:10:32,009 - SUAS - DEBUG - [SUAS_main.turn_lap:636] - next wp: 2
2025-06-23 20:10:32,010 - SUAS - DEBUG - [SUAS_main.turn_lap:637] - wp_num:6
2025-06-23 20:10:32,061 - SUAS - DEBUG - [SUAS_main.turn_lap:636] - next wp: 2
2025-06-23 20:10:32,062 - SUAS - DEBUG - [SUAS_main.turn_lap:637] - wp_num:6
2025-06-23 20:10:32,112 - SUAS - DEBUG - [SUAS_main.turn_lap:636] - next wp: 2
2025-06-23 20:10:32,113 - SUAS - DEBUG - [SUAS_main.turn_lap:637] - wp_num:6
2025-06-23 20:10:32,164 - SUAS - DEBUG - [SUAS_main.turn_lap:636] - next wp: 2
2025-06-23 20:10:32,165 - SUAS - DEBUG - [SUAS_main.turn_lap:637] - wp_num:6
2025-06-23 20:10:32,216 - SUAS - DEBUG - [SUAS_main.turn_lap:636] - next wp: 2
2025-06-23 20:10:32,216 - SUAS - DEBUG - [SUAS_main.turn_lap:637] - wp_num:6
2025-06-23 20:10:32,267 - SUAS - DEBUG - [SUAS_main.turn_lap:636] - next wp: 2
2025-06-23 20:10:32,268 - SUAS - DEBUG - [SUAS_main.turn_lap:637] - wp_num:6
2025-06-23 20:10:32,319 - SUAS - DEBUG - [SUAS_main.turn_lap:636] - next wp: 2
2025-06-23 20:10:32,320 - SUAS - DEBUG - [SUAS_main.turn_lap:637] - wp_num:6
2025-06-23 20:10:32,371 - SUAS - DEBUG - [SUAS_main.turn_lap:636] - next wp: 2
2025-06-23 20:10:32,372 - SUAS - DEBUG - [SUAS_main.turn_lap:637] - wp_num:6
2025-06-23 20:10:32,423 - SUAS - DEBUG - [SUAS_main.turn_lap:636] - next wp: 2
2025-06-23 20:10:32,423 - SUAS - DEBUG - [SUAS_main.turn_lap:637] - wp_num:6
2025-06-23 20:10:32,474 - SUAS - DEBUG - [SUAS_main.turn_lap:636] - next wp: 2
2025-06-23 20:10:32,475 - SUAS - DEBUG - [SUAS_main.turn_lap:637] - wp_num:6
2025-06-23 20:10:32,526 - SUAS - DEBUG - [SUAS_main.turn_lap:636] - next wp: 2
2025-06-23 20:10:32,527 - SUAS - DEBUG - [SUAS_main.turn_lap:637] - wp_num:6
2025-06-23 20:10:32,578 - SUAS - DEBUG - [SUAS_main.turn_lap:636] - next wp: 2
2025-06-23 20:10:32,579 - SUAS - DEBUG - [SUAS_main.turn_lap:637] - wp_num:6
2025-06-23 20:10:32,630 - SUAS - DEBUG - [SUAS_main.turn_lap:636] - next wp: 2
2025-06-23 20:10:32,630 - SUAS - DEBUG - [SUAS_main.turn_lap:637] - wp_num:6
2025-06-23 20:10:32,681 - SUAS - DEBUG - [SUAS_main.turn_lap:636] - next wp: 2
2025-06-23 20:10:32,682 - SUAS - DEBUG - [SUAS_main.turn_lap:637] - wp_num:6
2025-06-23 20:10:32,733 - SUAS - DEBUG - [SUAS_main.turn_lap:636] - next wp: 2
2025-06-23 20:10:32,734 - SUAS - DEBUG - [SUAS_main.turn_lap:637] - wp_num:6
2025-06-23 20:10:32,784 - SUAS - DEBUG - [SUAS_main.turn_lap:636] - next wp: 2
2025-06-23 20:10:32,785 - SUAS - DEBUG - [SUAS_main.turn_lap:637] - wp_num:6
2025-06-23 20:10:32,836 - SUAS - DEBUG - [SUAS_main.turn_lap:636] - next wp: 2
2025-06-23 20:10:32,837 - SUAS - DEBUG - [SUAS_main.turn_lap:637] - wp_num:6
2025-06-23 20:10:32,888 - SUAS - DEBUG - [SUAS_main.turn_lap:636] - next wp: 2
2025-06-23 20:10:32,889 - SUAS - DEBUG - [SUAS_main.turn_lap:637] - wp_num:6
2025-06-23 20:10:32,939 - SUAS - DEBUG - [SUAS_main.turn_lap:636] - next wp: 2
2025-06-23 20:10:32,940 - SUAS - DEBUG - [SUAS_main.turn_lap:637] - wp_num:6
2025-06-23 20:10:32,991 - SUAS - DEBUG - [SUAS_main.turn_lap:636] - next wp: 2
2025-06-23 20:10:32,992 - SUAS - DEBUG - [SUAS_main.turn_lap:637] - wp_num:6
2025-06-23 20:10:33,043 - SUAS - DEBUG - [SUAS_main.turn_lap:636] - next wp: 2
2025-06-23 20:10:33,044 - SUAS - DEBUG - [SUAS_main.turn_lap:637] - wp_num:6
2025-06-23 20:10:33,095 - SUAS - DEBUG - [SUAS_main.turn_lap:636] - next wp: 2
2025-06-23 20:10:33,095 - SUAS - DEBUG - [SUAS_main.turn_lap:637] - wp_num:6
2025-06-23 20:10:33,146 - SUAS - DEBUG - [SUAS_main.turn_lap:636] - next wp: 2
2025-06-23 20:10:33,148 - SUAS - DEBUG - [SUAS_main.turn_lap:637] - wp_num:6
2025-06-23 20:10:33,198 - SUAS - DEBUG - [SUAS_main.turn_lap:636] - next wp: 2
2025-06-23 20:10:33,199 - SUAS - DEBUG - [SUAS_main.turn_lap:637] - wp_num:6
2025-06-23 20:10:33,250 - SUAS - DEBUG - [SUAS_main.turn_lap:636] - next wp: 2
2025-06-23 20:10:33,251 - SUAS - DEBUG - [SUAS_main.turn_lap:637] - wp_num:6
2025-06-23 20:10:33,302 - SUAS - DEBUG - [SUAS_main.turn_lap:636] - next wp: 2
2025-06-23 20:10:33,303 - SUAS - DEBUG - [SUAS_main.turn_lap:637] - wp_num:6
2025-06-23 20:10:33,354 - SUAS - DEBUG - [SUAS_main.turn_lap:636] - next wp: 2
2025-06-23 20:10:33,355 - SUAS - DEBUG - [SUAS_main.turn_lap:637] - wp_num:6
2025-06-23 20:10:33,405 - SUAS - DEBUG - [SUAS_main.turn_lap:636] - next wp: 2
2025-06-23 20:10:33,406 - SUAS - DEBUG - [SUAS_main.turn_lap:637] - wp_num:6
2025-06-23 20:10:33,457 - SUAS - DEBUG - [SUAS_main.turn_lap:636] - next wp: 2
2025-06-23 20:10:33,458 - SUAS - DEBUG - [SUAS_main.turn_lap:637] - wp_num:6
2025-06-23 20:10:33,509 - SUAS - DEBUG - [SUAS_main.turn_lap:636] - next wp: 2
2025-06-23 20:10:33,510 - SUAS - DEBUG - [SUAS_main.turn_lap:637] - wp_num:6
2025-06-23 20:10:33,561 - SUAS - DEBUG - [SUAS_main.turn_lap:636] - next wp: 2
2025-06-23 20:10:33,561 - SUAS - DEBUG - [SUAS_main.turn_lap:637] - wp_num:6
2025-06-23 20:10:33,612 - SUAS - DEBUG - [SUAS_main.turn_lap:636] - next wp: 2
2025-06-23 20:10:33,613 - SUAS - DEBUG - [SUAS_main.turn_lap:637] - wp_num:6
2025-06-23 20:10:33,664 - SUAS - DEBUG - [SUAS_main.turn_lap:636] - next wp: 2
2025-06-23 20:10:33,665 - SUAS - DEBUG - [SUAS_main.turn_lap:637] - wp_num:6
2025-06-23 20:10:33,716 - SUAS - DEBUG - [SUAS_main.turn_lap:636] - next wp: 2
2025-06-23 20:10:33,716 - SUAS - DEBUG - [SUAS_main.turn_lap:637] - wp_num:6
2025-06-23 20:10:33,767 - SUAS - DEBUG - [SUAS_main.turn_lap:636] - next wp: 2
2025-06-23 20:10:33,768 - SUAS - DEBUG - [SUAS_main.turn_lap:637] - wp_num:6
2025-06-23 20:10:33,819 - SUAS - DEBUG - [SUAS_main.turn_lap:636] - next wp: 2
2025-06-23 20:10:33,820 - SUAS - DEBUG - [SUAS_main.turn_lap:637] - wp_num:6
2025-06-23 20:10:33,871 - SUAS - DEBUG - [SUAS_main.turn_lap:636] - next wp: 2
2025-06-23 20:10:33,872 - SUAS - DEBUG - [SUAS_main.turn_lap:637] - wp_num:6
2025-06-23 20:10:33,923 - SUAS - DEBUG - [SUAS_main.turn_lap:636] - next wp: 2
2025-06-23 20:10:33,924 - SUAS - DEBUG - [SUAS_main.turn_lap:637] - wp_num:6
2025-06-23 20:10:33,975 - SUAS - DEBUG - [SUAS_main.turn_lap:636] - next wp: 2
2025-06-23 20:10:33,976 - SUAS - DEBUG - [SUAS_main.turn_lap:637] - wp_num:6
2025-06-23 20:10:34,027 - SUAS - DEBUG - [SUAS_main.turn_lap:636] - next wp: 2
2025-06-23 20:10:34,028 - SUAS - DEBUG - [SUAS_main.turn_lap:637] - wp_num:6
2025-06-23 20:10:34,079 - SUAS - DEBUG - [SUAS_main.turn_lap:636] - next wp: 2
2025-06-23 20:10:34,080 - SUAS - DEBUG - [SUAS_main.turn_lap:637] - wp_num:6
2025-06-23 20:10:34,131 - SUAS - DEBUG - [SUAS_main.turn_lap:636] - next wp: 2
2025-06-23 20:10:34,132 - SUAS - DEBUG - [SUAS_main.turn_lap:637] - wp_num:6
2025-06-23 20:10:34,183 - SUAS - DEBUG - [SUAS_main.turn_lap:636] - next wp: 2
2025-06-23 20:10:34,184 - SUAS - DEBUG - [SUAS_main.turn_lap:637] - wp_num:6
2025-06-23 20:10:34,235 - SUAS - DEBUG - [SUAS_main.turn_lap:636] - next wp: 2
2025-06-23 20:10:34,235 - SUAS - DEBUG - [SUAS_main.turn_lap:637] - wp_num:6
2025-06-23 20:10:34,286 - SUAS - DEBUG - [SUAS_main.turn_lap:636] - next wp: 2
2025-06-23 20:10:34,287 - SUAS - DEBUG - [SUAS_main.turn_lap:637] - wp_num:6
2025-06-23 20:10:34,338 - SUAS - DEBUG - [SUAS_main.turn_lap:636] - next wp: 2
2025-06-23 20:10:34,339 - SUAS - DEBUG - [SUAS_main.turn_lap:637] - wp_num:6
2025-06-23 20:10:34,390 - SUAS - DEBUG - [SUAS_main.turn_lap:636] - next wp: 2
2025-06-23 20:10:34,391 - SUAS - DEBUG - [SUAS_main.turn_lap:637] - wp_num:6
2025-06-23 20:10:34,442 - SUAS - DEBUG - [SUAS_main.turn_lap:636] - next wp: 2
2025-06-23 20:10:34,443 - SUAS - DEBUG - [SUAS_main.turn_lap:637] - wp_num:6
2025-06-23 20:10:34,494 - SUAS - DEBUG - [SUAS_main.turn_lap:636] - next wp: 2
2025-06-23 20:10:34,495 - SUAS - DEBUG - [SUAS_main.turn_lap:637] - wp_num:6
2025-06-23 20:10:34,546 - SUAS - DEBUG - [SUAS_main.turn_lap:636] - next wp: 2
2025-06-23 20:10:34,547 - SUAS - DEBUG - [SUAS_main.turn_lap:637] - wp_num:6
2025-06-23 20:10:34,598 - SUAS - DEBUG - [SUAS_main.turn_lap:636] - next wp: 2
2025-06-23 20:10:34,599 - SUAS - DEBUG - [SUAS_main.turn_lap:637] - wp_num:6
2025-06-23 20:10:34,650 - SUAS - DEBUG - [SUAS_main.turn_lap:636] - next wp: 2
2025-06-23 20:10:34,650 - SUAS - DEBUG - [SUAS_main.turn_lap:637] - wp_num:6
2025-06-23 20:10:34,701 - SUAS - DEBUG - [SUAS_main.turn_lap:636] - next wp: 2
2025-06-23 20:10:34,702 - SUAS - DEBUG - [SUAS_main.turn_lap:637] - wp_num:6
2025-06-23 20:10:34,753 - SUAS - DEBUG - [SUAS_main.turn_lap:636] - next wp: 2
2025-06-23 20:10:34,754 - SUAS - DEBUG - [SUAS_main.turn_lap:637] - wp_num:6
2025-06-23 20:10:34,805 - SUAS - DEBUG - [SUAS_main.turn_lap:636] - next wp: 2
2025-06-23 20:10:34,805 - SUAS - DEBUG - [SUAS_main.turn_lap:637] - wp_num:6
2025-06-23 20:10:34,856 - SUAS - DEBUG - [SUAS_main.turn_lap:636] - next wp: 2
2025-06-23 20:10:34,857 - SUAS - DEBUG - [SUAS_main.turn_lap:637] - wp_num:6
2025-06-23 20:10:34,908 - SUAS - DEBUG - [SUAS_main.turn_lap:636] - next wp: 2
2025-06-23 20:10:34,909 - SUAS - DEBUG - [SUAS_main.turn_lap:637] - wp_num:6
2025-06-23 20:10:34,960 - SUAS - DEBUG - [SUAS_main.turn_lap:636] - next wp: 2
2025-06-23 20:10:34,961 - SUAS - DEBUG - [SUAS_main.turn_lap:637] - wp_num:6
2025-06-23 20:10:35,012 - SUAS - DEBUG - [SUAS_main.turn_lap:636] - next wp: 2
2025-06-23 20:10:35,013 - SUAS - DEBUG - [SUAS_main.turn_lap:637] - wp_num:6
2025-06-23 20:10:35,063 - SUAS - DEBUG - [SUAS_main.turn_lap:636] - next wp: 2
2025-06-23 20:10:35,064 - SUAS - DEBUG - [SUAS_main.turn_lap:637] - wp_num:6
2025-06-23 20:10:35,115 - SUAS - DEBUG - [SUAS_main.turn_lap:636] - next wp: 2
2025-06-23 20:10:35,116 - SUAS - DEBUG - [SUAS_main.turn_lap:637] - wp_num:6
2025-06-23 20:10:35,167 - SUAS - DEBUG - [SUAS_main.turn_lap:636] - next wp: 2
2025-06-23 20:10:35,168 - SUAS - DEBUG - [SUAS_main.turn_lap:637] - wp_num:6
2025-06-23 20:10:35,219 - SUAS - DEBUG - [SUAS_main.turn_lap:636] - next wp: 2
2025-06-23 20:10:35,220 - SUAS - DEBUG - [SUAS_main.turn_lap:637] - wp_num:6
2025-06-23 20:10:35,271 - SUAS - DEBUG - [SUAS_main.turn_lap:636] - next wp: 2
2025-06-23 20:10:35,272 - SUAS - DEBUG - [SUAS_main.turn_lap:637] - wp_num:6
2025-06-23 20:10:35,323 - SUAS - DEBUG - [SUAS_main.turn_lap:636] - next wp: 2
2025-06-23 20:10:35,324 - SUAS - DEBUG - [SUAS_main.turn_lap:637] - wp_num:6
2025-06-23 20:10:35,375 - SUAS - DEBUG - [SUAS_main.turn_lap:636] - next wp: 2
2025-06-23 20:10:35,375 - SUAS - DEBUG - [SUAS_main.turn_lap:637] - wp_num:6
2025-06-23 20:10:35,426 - SUAS - DEBUG - [SUAS_main.turn_lap:636] - next wp: 2
2025-06-23 20:10:35,427 - SUAS - DEBUG - [SUAS_main.turn_lap:637] - wp_num:6
2025-06-23 20:10:35,479 - SUAS - DEBUG - [SUAS_main.turn_lap:636] - next wp: 2
2025-06-23 20:10:35,479 - SUAS - DEBUG - [SUAS_main.turn_lap:637] - wp_num:6
2025-06-23 20:10:35,530 - SUAS - DEBUG - [SUAS_main.turn_lap:636] - next wp: 2
2025-06-23 20:10:35,531 - SUAS - DEBUG - [SUAS_main.turn_lap:637] - wp_num:6
2025-06-23 20:10:35,582 - SUAS - DEBUG - [SUAS_main.turn_lap:636] - next wp: 2
2025-06-23 20:10:35,583 - SUAS - DEBUG - [SUAS_main.turn_lap:637] - wp_num:6
2025-06-23 20:10:35,634 - SUAS - DEBUG - [SUAS_main.turn_lap:636] - next wp: 2
2025-06-23 20:10:35,635 - SUAS - DEBUG - [SUAS_main.turn_lap:637] - wp_num:6
2025-06-23 20:10:35,686 - SUAS - DEBUG - [SUAS_main.turn_lap:636] - next wp: 2
2025-06-23 20:10:35,687 - SUAS - DEBUG - [SUAS_main.turn_lap:637] - wp_num:6
2025-06-23 20:10:35,738 - SUAS - DEBUG - [SUAS_main.turn_lap:636] - next wp: 2
2025-06-23 20:10:35,739 - SUAS - DEBUG - [SUAS_main.turn_lap:637] - wp_num:6
2025-06-23 20:10:35,790 - SUAS - DEBUG - [SUAS_main.turn_lap:636] - next wp: 2
2025-06-23 20:10:35,791 - SUAS - DEBUG - [SUAS_main.turn_lap:637] - wp_num:6
2025-06-23 20:10:35,842 - SUAS - DEBUG - [SUAS_main.turn_lap:636] - next wp: 2
2025-06-23 20:10:35,843 - SUAS - DEBUG - [SUAS_main.turn_lap:637] - wp_num:6
2025-06-23 20:10:35,894 - SUAS - DEBUG - [SUAS_main.turn_lap:636] - next wp: 2
2025-06-23 20:10:35,895 - SUAS - DEBUG - [SUAS_main.turn_lap:637] - wp_num:6
2025-06-23 20:10:35,945 - SUAS - DEBUG - [SUAS_main.turn_lap:636] - next wp: 2
2025-06-23 20:10:35,946 - SUAS - DEBUG - [SUAS_main.turn_lap:637] - wp_num:6
2025-06-23 20:10:35,998 - SUAS - DEBUG - [SUAS_main.turn_lap:636] - next wp: 2
2025-06-23 20:10:35,999 - SUAS - DEBUG - [SUAS_main.turn_lap:637] - wp_num:6
2025-06-23 20:10:36,049 - SUAS - DEBUG - [SUAS_main.turn_lap:636] - next wp: 2
2025-06-23 20:10:36,050 - SUAS - DEBUG - [SUAS_main.turn_lap:637] - wp_num:6
2025-06-23 20:10:36,101 - SUAS - DEBUG - [SUAS_main.turn_lap:636] - next wp: 2
2025-06-23 20:10:36,102 - SUAS - DEBUG - [SUAS_main.turn_lap:637] - wp_num:6
2025-06-23 20:10:36,153 - SUAS - DEBUG - [SUAS_main.turn_lap:636] - next wp: 2
2025-06-23 20:10:36,154 - SUAS - DEBUG - [SUAS_main.turn_lap:637] - wp_num:6
2025-06-23 20:10:36,205 - SUAS - DEBUG - [SUAS_main.turn_lap:636] - next wp: 2
2025-06-23 20:10:36,205 - SUAS - DEBUG - [SUAS_main.turn_lap:637] - wp_num:6
2025-06-23 20:10:36,256 - SUAS - DEBUG - [SUAS_main.turn_lap:636] - next wp: 2
2025-06-23 20:10:36,257 - SUAS - DEBUG - [SUAS_main.turn_lap:637] - wp_num:6
2025-06-23 20:10:36,308 - SUAS - DEBUG - [SUAS_main.turn_lap:636] - next wp: 2
2025-06-23 20:10:36,309 - SUAS - DEBUG - [SUAS_main.turn_lap:637] - wp_num:6
2025-06-23 20:10:36,360 - SUAS - DEBUG - [SUAS_main.turn_lap:636] - next wp: 2
2025-06-23 20:10:36,361 - SUAS - DEBUG - [SUAS_main.turn_lap:637] - wp_num:6
2025-06-23 20:10:36,412 - SUAS - DEBUG - [SUAS_main.turn_lap:636] - next wp: 2
2025-06-23 20:10:36,413 - SUAS - DEBUG - [SUAS_main.turn_lap:637] - wp_num:6
2025-06-23 20:10:36,464 - SUAS - DEBUG - [SUAS_main.turn_lap:636] - next wp: 2
2025-06-23 20:10:36,464 - SUAS - DEBUG - [SUAS_main.turn_lap:637] - wp_num:6
2025-06-23 20:10:36,515 - SUAS - DEBUG - [SUAS_main.turn_lap:636] - next wp: 2
2025-06-23 20:10:36,516 - SUAS - DEBUG - [SUAS_main.turn_lap:637] - wp_num:6
2025-06-23 20:10:36,567 - SUAS - DEBUG - [SUAS_main.turn_lap:636] - next wp: 2
2025-06-23 20:10:36,568 - SUAS - DEBUG - [SUAS_main.turn_lap:637] - wp_num:6
2025-06-23 20:10:36,619 - SUAS - DEBUG - [SUAS_main.turn_lap:636] - next wp: 2
2025-06-23 20:10:36,620 - SUAS - DEBUG - [SUAS_main.turn_lap:637] - wp_num:6
2025-06-23 20:10:36,671 - SUAS - DEBUG - [SUAS_main.turn_lap:636] - next wp: 2
2025-06-23 20:10:36,672 - SUAS - DEBUG - [SUAS_main.turn_lap:637] - wp_num:6
2025-06-23 20:10:36,723 - SUAS - DEBUG - [SUAS_main.turn_lap:636] - next wp: 2
2025-06-23 20:10:36,724 - SUAS - DEBUG - [SUAS_main.turn_lap:637] - wp_num:6
2025-06-23 20:10:36,775 - SUAS - DEBUG - [SUAS_main.turn_lap:636] - next wp: 2
2025-06-23 20:10:36,776 - SUAS - DEBUG - [SUAS_main.turn_lap:637] - wp_num:6
2025-06-23 20:10:36,827 - SUAS - DEBUG - [SUAS_main.turn_lap:636] - next wp: 2
2025-06-23 20:10:36,828 - SUAS - DEBUG - [SUAS_main.turn_lap:637] - wp_num:6
2025-06-23 20:10:36,879 - SUAS - DEBUG - [SUAS_main.turn_lap:636] - next wp: 2
2025-06-23 20:10:36,880 - SUAS - DEBUG - [SUAS_main.turn_lap:637] - wp_num:6
2025-06-23 20:10:36,930 - SUAS - DEBUG - [SUAS_main.turn_lap:636] - next wp: 2
2025-06-23 20:10:36,932 - SUAS - DEBUG - [SUAS_main.turn_lap:637] - wp_num:6
2025-06-23 20:10:36,983 - SUAS - DEBUG - [SUAS_main.turn_lap:636] - next wp: 2
2025-06-23 20:10:36,983 - SUAS - DEBUG - [SUAS_main.turn_lap:637] - wp_num:6
2025-06-23 20:10:37,034 - SUAS - DEBUG - [SUAS_main.turn_lap:636] - next wp: 2
2025-06-23 20:10:37,035 - SUAS - DEBUG - [SUAS_main.turn_lap:637] - wp_num:6
2025-06-23 20:10:37,086 - SUAS - DEBUG - [SUAS_main.turn_lap:636] - next wp: 2
2025-06-23 20:10:37,087 - SUAS - DEBUG - [SUAS_main.turn_lap:637] - wp_num:6
2025-06-23 20:10:37,138 - SUAS - DEBUG - [SUAS_main.turn_lap:636] - next wp: 2
2025-06-23 20:10:37,139 - SUAS - DEBUG - [SUAS_main.turn_lap:637] - wp_num:6
2025-06-23 20:10:37,190 - SUAS - DEBUG - [SUAS_main.turn_lap:636] - next wp: 2
2025-06-23 20:10:37,190 - SUAS - DEBUG - [SUAS_main.turn_lap:637] - wp_num:6
2025-06-23 20:10:37,241 - SUAS - DEBUG - [SUAS_main.turn_lap:636] - next wp: 2
2025-06-23 20:10:37,242 - SUAS - DEBUG - [SUAS_main.turn_lap:637] - wp_num:6
2025-06-23 20:10:37,293 - SUAS - DEBUG - [SUAS_main.turn_lap:636] - next wp: 2
2025-06-23 20:10:37,294 - SUAS - DEBUG - [SUAS_main.turn_lap:637] - wp_num:6
2025-06-23 20:10:37,345 - SUAS - DEBUG - [SUAS_main.turn_lap:636] - next wp: 2
2025-06-23 20:10:37,346 - SUAS - DEBUG - [SUAS_main.turn_lap:637] - wp_num:6
2025-06-23 20:10:37,397 - SUAS - DEBUG - [SUAS_main.turn_lap:636] - next wp: 2
2025-06-23 20:10:37,398 - SUAS - DEBUG - [SUAS_main.turn_lap:637] - wp_num:6
2025-06-23 20:10:37,449 - SUAS - DEBUG - [SUAS_main.turn_lap:636] - next wp: 2
2025-06-23 20:10:37,450 - SUAS - DEBUG - [SUAS_main.turn_lap:637] - wp_num:6
2025-06-23 20:10:37,500 - SUAS - DEBUG - [SUAS_main.turn_lap:636] - next wp: 2
2025-06-23 20:10:37,501 - SUAS - DEBUG - [SUAS_main.turn_lap:637] - wp_num:6
2025-06-23 20:10:37,552 - SUAS - DEBUG - [SUAS_main.turn_lap:636] - next wp: 2
2025-06-23 20:10:37,553 - SUAS - DEBUG - [SUAS_main.turn_lap:637] - wp_num:6
2025-06-23 20:10:37,604 - SUAS - DEBUG - [SUAS_main.turn_lap:636] - next wp: 2
2025-06-23 20:10:37,605 - SUAS - DEBUG - [SUAS_main.turn_lap:637] - wp_num:6
2025-06-23 20:10:37,656 - SUAS - DEBUG - [SUAS_main.turn_lap:636] - next wp: 2
2025-06-23 20:10:37,656 - SUAS - DEBUG - [SUAS_main.turn_lap:637] - wp_num:6
2025-06-23 20:10:37,707 - SUAS - DEBUG - [SUAS_main.turn_lap:636] - next wp: 2
2025-06-23 20:10:37,708 - SUAS - DEBUG - [SUAS_main.turn_lap:637] - wp_num:6
2025-06-23 20:10:37,759 - SUAS - DEBUG - [SUAS_main.turn_lap:636] - next wp: 2
2025-06-23 20:10:37,760 - SUAS - DEBUG - [SUAS_main.turn_lap:637] - wp_num:6
2025-06-23 20:10:37,811 - SUAS - DEBUG - [SUAS_main.turn_lap:636] - next wp: 2
2025-06-23 20:10:37,812 - SUAS - DEBUG - [SUAS_main.turn_lap:637] - wp_num:6
2025-06-23 20:10:37,863 - SUAS - DEBUG - [SUAS_main.turn_lap:636] - next wp: 2
2025-06-23 20:10:37,864 - SUAS - DEBUG - [SUAS_main.turn_lap:637] - wp_num:6
2025-06-23 20:10:37,915 - SUAS - DEBUG - [SUAS_main.turn_lap:636] - next wp: 2
2025-06-23 20:10:37,916 - SUAS - DEBUG - [SUAS_main.turn_lap:637] - wp_num:6
2025-06-23 20:10:37,966 - SUAS - DEBUG - [SUAS_main.turn_lap:636] - next wp: 2
2025-06-23 20:10:37,967 - SUAS - DEBUG - [SUAS_main.turn_lap:637] - wp_num:6
2025-06-23 20:10:38,018 - SUAS - DEBUG - [SUAS_main.turn_lap:636] - next wp: 2
2025-06-23 20:10:38,019 - SUAS - DEBUG - [SUAS_main.turn_lap:637] - wp_num:6
2025-06-23 20:10:38,070 - SUAS - DEBUG - [SUAS_main.turn_lap:636] - next wp: 2
2025-06-23 20:10:38,071 - SUAS - DEBUG - [SUAS_main.turn_lap:637] - wp_num:6
2025-06-23 20:10:38,122 - SUAS - DEBUG - [SUAS_main.turn_lap:636] - next wp: 2
2025-06-23 20:10:38,123 - SUAS - DEBUG - [SUAS_main.turn_lap:637] - wp_num:6
2025-06-23 20:10:38,174 - SUAS - DEBUG - [SUAS_main.turn_lap:636] - next wp: 2
2025-06-23 20:10:38,175 - SUAS - DEBUG - [SUAS_main.turn_lap:637] - wp_num:6
2025-06-23 20:10:38,226 - SUAS - DEBUG - [SUAS_main.turn_lap:636] - next wp: 2
2025-06-23 20:10:38,227 - SUAS - DEBUG - [SUAS_main.turn_lap:637] - wp_num:6
2025-06-23 20:10:38,278 - SUAS - DEBUG - [SUAS_main.turn_lap:636] - next wp: 2
2025-06-23 20:10:38,279 - SUAS - DEBUG - [SUAS_main.turn_lap:637] - wp_num:6
2025-06-23 20:10:38,329 - SUAS - DEBUG - [SUAS_main.turn_lap:636] - next wp: 2
2025-06-23 20:10:38,330 - SUAS - DEBUG - [SUAS_main.turn_lap:637] - wp_num:6
2025-06-23 20:10:38,381 - SUAS - DEBUG - [SUAS_main.turn_lap:636] - next wp: 2
2025-06-23 20:10:38,382 - SUAS - DEBUG - [SUAS_main.turn_lap:637] - wp_num:6
2025-06-23 20:10:38,433 - SUAS - DEBUG - [SUAS_main.turn_lap:636] - next wp: 2
2025-06-23 20:10:38,434 - SUAS - DEBUG - [SUAS_main.turn_lap:637] - wp_num:6
2025-06-23 20:10:38,485 - SUAS - DEBUG - [SUAS_main.turn_lap:636] - next wp: 2
2025-06-23 20:10:38,485 - SUAS - DEBUG - [SUAS_main.turn_lap:637] - wp_num:6
2025-06-23 20:10:38,536 - SUAS - DEBUG - [SUAS_main.turn_lap:636] - next wp: 2
2025-06-23 20:10:38,537 - SUAS - DEBUG - [SUAS_main.turn_lap:637] - wp_num:6
2025-06-23 20:10:38,588 - SUAS - DEBUG - [SUAS_main.turn_lap:636] - next wp: 2
2025-06-23 20:10:38,589 - SUAS - DEBUG - [SUAS_main.turn_lap:637] - wp_num:6
2025-06-23 20:10:38,640 - SUAS - DEBUG - [SUAS_main.turn_lap:636] - next wp: 2
2025-06-23 20:10:38,640 - SUAS - DEBUG - [SUAS_main.turn_lap:637] - wp_num:6
2025-06-23 20:10:38,691 - SUAS - DEBUG - [SUAS_main.turn_lap:636] - next wp: 2
2025-06-23 20:10:38,692 - SUAS - DEBUG - [SUAS_main.turn_lap:637] - wp_num:6
2025-06-23 20:10:38,743 - SUAS - DEBUG - [SUAS_main.turn_lap:636] - next wp: 2
2025-06-23 20:10:38,744 - SUAS - DEBUG - [SUAS_main.turn_lap:637] - wp_num:6
2025-06-23 20:10:38,795 - SUAS - DEBUG - [SUAS_main.turn_lap:636] - next wp: 2
2025-06-23 20:10:38,796 - SUAS - DEBUG - [SUAS_main.turn_lap:637] - wp_num:6
2025-06-23 20:10:38,847 - SUAS - DEBUG - [SUAS_main.turn_lap:636] - next wp: 2
2025-06-23 20:10:38,848 - SUAS - DEBUG - [SUAS_main.turn_lap:637] - wp_num:6
2025-06-23 20:10:38,899 - SUAS - DEBUG - [SUAS_main.turn_lap:636] - next wp: 2
2025-06-23 20:10:38,900 - SUAS - DEBUG - [SUAS_main.turn_lap:637] - wp_num:6
2025-06-23 20:10:38,950 - SUAS - DEBUG - [SUAS_main.turn_lap:636] - next wp: 2
2025-06-23 20:10:38,951 - SUAS - DEBUG - [SUAS_main.turn_lap:637] - wp_num:6
2025-06-23 20:10:39,002 - SUAS - DEBUG - [SUAS_main.turn_lap:636] - next wp: 2
2025-06-23 20:10:39,003 - SUAS - DEBUG - [SUAS_main.turn_lap:637] - wp_num:6
2025-06-23 20:10:39,054 - SUAS - DEBUG - [SUAS_main.turn_lap:636] - next wp: 2
2025-06-23 20:10:39,055 - SUAS - DEBUG - [SUAS_main.turn_lap:637] - wp_num:6
2025-06-23 20:10:39,106 - SUAS - DEBUG - [SUAS_main.turn_lap:636] - next wp: 2
2025-06-23 20:10:39,107 - SUAS - DEBUG - [SUAS_main.turn_lap:637] - wp_num:6
2025-06-23 20:10:39,158 - SUAS - DEBUG - [SUAS_main.turn_lap:636] - next wp: 2
2025-06-23 20:10:39,159 - SUAS - DEBUG - [SUAS_main.turn_lap:637] - wp_num:6
2025-06-23 20:10:39,210 - SUAS - DEBUG - [SUAS_main.turn_lap:636] - next wp: 2
2025-06-23 20:10:39,211 - SUAS - DEBUG - [SUAS_main.turn_lap:637] - wp_num:6
2025-06-23 20:10:39,262 - SUAS - DEBUG - [SUAS_main.turn_lap:636] - next wp: 2
2025-06-23 20:10:39,263 - SUAS - DEBUG - [SUAS_main.turn_lap:637] - wp_num:6
2025-06-23 20:10:39,314 - SUAS - DEBUG - [SUAS_main.turn_lap:636] - next wp: 2
2025-06-23 20:10:39,315 - SUAS - DEBUG - [SUAS_main.turn_lap:637] - wp_num:6
2025-06-23 20:10:39,365 - SUAS - DEBUG - [SUAS_main.turn_lap:636] - next wp: 2
2025-06-23 20:10:39,366 - SUAS - DEBUG - [SUAS_main.turn_lap:637] - wp_num:6
2025-06-23 20:10:39,418 - SUAS - DEBUG - [SUAS_main.turn_lap:636] - next wp: 2
2025-06-23 20:10:39,418 - SUAS - DEBUG - [SUAS_main.turn_lap:637] - wp_num:6
2025-06-23 20:10:39,469 - SUAS - DEBUG - [SUAS_main.turn_lap:636] - next wp: 2
2025-06-23 20:10:39,470 - SUAS - DEBUG - [SUAS_main.turn_lap:637] - wp_num:6
2025-06-23 20:10:39,522 - SUAS - DEBUG - [SUAS_main.turn_lap:636] - next wp: 2
2025-06-23 20:10:39,522 - SUAS - DEBUG - [SUAS_main.turn_lap:637] - wp_num:6
2025-06-23 20:10:39,573 - SUAS - DEBUG - [SUAS_main.turn_lap:636] - next wp: 2
2025-06-23 20:10:39,574 - SUAS - DEBUG - [SUAS_main.turn_lap:637] - wp_num:6
2025-06-23 20:10:39,625 - SUAS - DEBUG - [SUAS_main.turn_lap:636] - next wp: 2
2025-06-23 20:10:39,626 - SUAS - DEBUG - [SUAS_main.turn_lap:637] - wp_num:6
2025-06-23 20:10:39,677 - SUAS - DEBUG - [SUAS_main.turn_lap:636] - next wp: 2
2025-06-23 20:10:39,677 - SUAS - DEBUG - [SUAS_main.turn_lap:637] - wp_num:6
2025-06-23 20:10:39,728 - SUAS - DEBUG - [SUAS_main.turn_lap:636] - next wp: 2
2025-06-23 20:10:39,730 - SUAS - DEBUG - [SUAS_main.turn_lap:637] - wp_num:6
2025-06-23 20:10:39,780 - SUAS - DEBUG - [SUAS_main.turn_lap:636] - next wp: 2
2025-06-23 20:10:39,781 - SUAS - DEBUG - [SUAS_main.turn_lap:637] - wp_num:6
2025-06-23 20:10:39,832 - SUAS - DEBUG - [SUAS_main.turn_lap:636] - next wp: 2
2025-06-23 20:10:39,833 - SUAS - DEBUG - [SUAS_main.turn_lap:637] - wp_num:6
2025-06-23 20:10:39,884 - SUAS - DEBUG - [SUAS_main.turn_lap:636] - next wp: 2
2025-06-23 20:10:39,885 - SUAS - DEBUG - [SUAS_main.turn_lap:637] - wp_num:6
2025-06-23 20:10:39,935 - SUAS - DEBUG - [SUAS_main.turn_lap:636] - next wp: 2
2025-06-23 20:10:39,936 - SUAS - DEBUG - [SUAS_main.turn_lap:637] - wp_num:6
2025-06-23 20:10:39,987 - SUAS - DEBUG - [SUAS_main.turn_lap:636] - next wp: 2
2025-06-23 20:10:39,988 - SUAS - DEBUG - [SUAS_main.turn_lap:637] - wp_num:6
2025-06-23 20:10:40,070 - SUAS - DEBUG - [SUAS_main.turn_lap:636] - next wp: 2
2025-06-23 20:10:40,071 - SUAS - DEBUG - [SUAS_main.turn_lap:637] - wp_num:6
2025-06-23 20:10:40,122 - SUAS - DEBUG - [SUAS_main.turn_lap:636] - next wp: 2
2025-06-23 20:10:40,123 - SUAS - DEBUG - [SUAS_main.turn_lap:637] - wp_num:6
2025-06-23 20:10:40,174 - SUAS - DEBUG - [SUAS_main.turn_lap:636] - next wp: 2
2025-06-23 20:10:40,175 - SUAS - DEBUG - [SUAS_main.turn_lap:637] - wp_num:6
2025-06-23 20:10:40,226 - SUAS - DEBUG - [SUAS_main.turn_lap:636] - next wp: 2
2025-06-23 20:10:40,227 - SUAS - DEBUG - [SUAS_main.turn_lap:637] - wp_num:6
2025-06-23 20:10:40,278 - SUAS - DEBUG - [SUAS_main.turn_lap:636] - next wp: 2
2025-06-23 20:10:40,279 - SUAS - DEBUG - [SUAS_main.turn_lap:637] - wp_num:6
2025-06-23 20:10:40,329 - SUAS - DEBUG - [SUAS_main.turn_lap:636] - next wp: 2
2025-06-23 20:10:40,330 - SUAS - DEBUG - [SUAS_main.turn_lap:637] - wp_num:6
2025-06-23 20:10:40,381 - SUAS - DEBUG - [SUAS_main.turn_lap:636] - next wp: 2
2025-06-23 20:10:40,382 - SUAS - DEBUG - [SUAS_main.turn_lap:637] - wp_num:6
2025-06-23 20:10:40,432 - SUAS - DEBUG - [SUAS_main.turn_lap:636] - next wp: 2
2025-06-23 20:10:40,433 - SUAS - DEBUG - [SUAS_main.turn_lap:637] - wp_num:6
2025-06-23 20:10:40,484 - SUAS - DEBUG - [SUAS_main.turn_lap:636] - next wp: 2
2025-06-23 20:10:40,485 - SUAS - DEBUG - [SUAS_main.turn_lap:637] - wp_num:6
2025-06-23 20:10:40,535 - SUAS - DEBUG - [SUAS_main.turn_lap:636] - next wp: 2
2025-06-23 20:10:40,536 - SUAS - DEBUG - [SUAS_main.turn_lap:637] - wp_num:6
2025-06-23 20:10:40,587 - SUAS - DEBUG - [SUAS_main.turn_lap:636] - next wp: 2
2025-06-23 20:10:40,588 - SUAS - DEBUG - [SUAS_main.turn_lap:637] - wp_num:6
2025-06-23 20:10:40,639 - SUAS - DEBUG - [SUAS_main.turn_lap:636] - next wp: 2
2025-06-23 20:10:40,640 - SUAS - DEBUG - [SUAS_main.turn_lap:637] - wp_num:6
2025-06-23 20:10:40,691 - SUAS - DEBUG - [SUAS_main.turn_lap:636] - next wp: 2
2025-06-23 20:10:40,692 - SUAS - DEBUG - [SUAS_main.turn_lap:637] - wp_num:6
2025-06-23 20:10:40,743 - SUAS - DEBUG - [SUAS_main.turn_lap:636] - next wp: 2
2025-06-23 20:10:40,744 - SUAS - DEBUG - [SUAS_main.turn_lap:637] - wp_num:6
2025-06-23 20:10:40,794 - SUAS - DEBUG - [SUAS_main.turn_lap:636] - next wp: 2
2025-06-23 20:10:40,795 - SUAS - DEBUG - [SUAS_main.turn_lap:637] - wp_num:6
2025-06-23 20:10:40,846 - SUAS - DEBUG - [SUAS_main.turn_lap:636] - next wp: 2
2025-06-23 20:10:40,847 - SUAS - DEBUG - [SUAS_main.turn_lap:637] - wp_num:6
2025-06-23 20:10:40,897 - SUAS - DEBUG - [SUAS_main.turn_lap:636] - next wp: 2
2025-06-23 20:10:40,898 - SUAS - DEBUG - [SUAS_main.turn_lap:637] - wp_num:6
2025-06-23 20:10:40,949 - SUAS - DEBUG - [SUAS_main.turn_lap:636] - next wp: 2
2025-06-23 20:10:40,950 - SUAS - DEBUG - [SUAS_main.turn_lap:637] - wp_num:6
2025-06-23 20:10:41,001 - SUAS - DEBUG - [SUAS_main.turn_lap:636] - next wp: 2
2025-06-23 20:10:41,002 - SUAS - DEBUG - [SUAS_main.turn_lap:637] - wp_num:6
2025-06-23 20:10:41,052 - SUAS - DEBUG - [SUAS_main.turn_lap:636] - next wp: 2
2025-06-23 20:10:41,053 - SUAS - DEBUG - [SUAS_main.turn_lap:637] - wp_num:6
2025-06-23 20:10:41,104 - SUAS - DEBUG - [SUAS_main.turn_lap:636] - next wp: 2
2025-06-23 20:10:41,105 - SUAS - DEBUG - [SUAS_main.turn_lap:637] - wp_num:6
2025-06-23 20:10:41,156 - SUAS - DEBUG - [SUAS_main.turn_lap:636] - next wp: 2
2025-06-23 20:10:41,156 - SUAS - DEBUG - [SUAS_main.turn_lap:637] - wp_num:6
2025-06-23 20:10:41,207 - SUAS - DEBUG - [SUAS_main.turn_lap:636] - next wp: 2
2025-06-23 20:10:41,208 - SUAS - DEBUG - [SUAS_main.turn_lap:637] - wp_num:6
2025-06-23 20:10:41,260 - SUAS - DEBUG - [SUAS_main.turn_lap:636] - next wp: 2
2025-06-23 20:10:41,260 - SUAS - DEBUG - [SUAS_main.turn_lap:637] - wp_num:6
2025-06-23 20:10:41,328 - SUAS - DEBUG - [SUAS_main.turn_lap:636] - next wp: 2
2025-06-23 20:10:41,329 - SUAS - DEBUG - [SUAS_main.turn_lap:637] - wp_num:6
2025-06-23 20:10:41,380 - SUAS - DEBUG - [SUAS_main.turn_lap:636] - next wp: 2
2025-06-23 20:10:41,381 - SUAS - DEBUG - [SUAS_main.turn_lap:637] - wp_num:6
2025-06-23 20:10:41,432 - SUAS - DEBUG - [SUAS_main.turn_lap:636] - next wp: 2
2025-06-23 20:10:41,433 - SUAS - DEBUG - [SUAS_main.turn_lap:637] - wp_num:6
2025-06-23 20:10:41,484 - SUAS - DEBUG - [SUAS_main.turn_lap:636] - next wp: 2
2025-06-23 20:10:41,485 - SUAS - DEBUG - [SUAS_main.turn_lap:637] - wp_num:6
2025-06-23 20:10:41,536 - SUAS - DEBUG - [SUAS_main.turn_lap:636] - next wp: 2
2025-06-23 20:10:41,536 - SUAS - DEBUG - [SUAS_main.turn_lap:637] - wp_num:6
2025-06-23 20:10:41,587 - SUAS - DEBUG - [SUAS_main.turn_lap:636] - next wp: 2
2025-06-23 20:10:41,588 - SUAS - DEBUG - [SUAS_main.turn_lap:637] - wp_num:6
2025-06-23 20:10:41,639 - SUAS - DEBUG - [SUAS_main.turn_lap:636] - next wp: 2
2025-06-23 20:10:41,640 - SUAS - DEBUG - [SUAS_main.turn_lap:637] - wp_num:6
2025-06-23 20:10:41,691 - SUAS - DEBUG - [SUAS_main.turn_lap:636] - next wp: 2
2025-06-23 20:10:41,692 - SUAS - DEBUG - [SUAS_main.turn_lap:637] - wp_num:6
2025-06-23 20:10:41,743 - SUAS - DEBUG - [SUAS_main.turn_lap:636] - next wp: 2
2025-06-23 20:10:41,744 - SUAS - DEBUG - [SUAS_main.turn_lap:637] - wp_num:6
2025-06-23 20:10:41,794 - SUAS - DEBUG - [SUAS_main.turn_lap:636] - next wp: 2
2025-06-23 20:10:41,795 - SUAS - DEBUG - [SUAS_main.turn_lap:637] - wp_num:6
2025-06-23 20:10:41,846 - SUAS - DEBUG - [SUAS_main.turn_lap:636] - next wp: 2
2025-06-23 20:10:41,847 - SUAS - DEBUG - [SUAS_main.turn_lap:637] - wp_num:6
2025-06-23 20:10:41,898 - SUAS - DEBUG - [SUAS_main.turn_lap:636] - next wp: 2
2025-06-23 20:10:41,899 - SUAS - DEBUG - [SUAS_main.turn_lap:637] - wp_num:6
2025-06-23 20:10:41,950 - SUAS - DEBUG - [SUAS_main.turn_lap:636] - next wp: 2
2025-06-23 20:10:41,951 - SUAS - DEBUG - [SUAS_main.turn_lap:637] - wp_num:6
2025-06-23 20:10:42,002 - SUAS - DEBUG - [SUAS_main.turn_lap:636] - next wp: 2
2025-06-23 20:10:42,002 - SUAS - DEBUG - [SUAS_main.turn_lap:637] - wp_num:6
2025-06-23 20:10:42,053 - SUAS - DEBUG - [SUAS_main.turn_lap:636] - next wp: 2
2025-06-23 20:10:42,054 - SUAS - DEBUG - [SUAS_main.turn_lap:637] - wp_num:6
2025-06-23 20:10:42,105 - SUAS - DEBUG - [SUAS_main.turn_lap:636] - next wp: 2
2025-06-23 20:10:42,106 - SUAS - DEBUG - [SUAS_main.turn_lap:637] - wp_num:6
2025-06-23 20:10:42,157 - SUAS - DEBUG - [SUAS_main.turn_lap:636] - next wp: 2
2025-06-23 20:10:42,158 - SUAS - DEBUG - [SUAS_main.turn_lap:637] - wp_num:6
2025-06-23 20:10:42,208 - SUAS - DEBUG - [SUAS_main.turn_lap:636] - next wp: 2
2025-06-23 20:10:42,209 - SUAS - DEBUG - [SUAS_main.turn_lap:637] - wp_num:6
2025-06-23 20:10:42,260 - SUAS - DEBUG - [SUAS_main.turn_lap:636] - next wp: 2
2025-06-23 20:10:42,261 - SUAS - DEBUG - [SUAS_main.turn_lap:637] - wp_num:6
2025-06-23 20:10:42,312 - SUAS - DEBUG - [SUAS_main.turn_lap:636] - next wp: 2
2025-06-23 20:10:42,313 - SUAS - DEBUG - [SUAS_main.turn_lap:637] - wp_num:6
2025-06-23 20:10:42,364 - SUAS - DEBUG - [SUAS_main.turn_lap:636] - next wp: 2
2025-06-23 20:10:42,365 - SUAS - DEBUG - [SUAS_main.turn_lap:637] - wp_num:6
2025-06-23 20:10:42,415 - SUAS - DEBUG - [SUAS_main.turn_lap:636] - next wp: 2
2025-06-23 20:10:42,416 - SUAS - DEBUG - [SUAS_main.turn_lap:637] - wp_num:6
2025-06-23 20:10:42,467 - SUAS - DEBUG - [SUAS_main.turn_lap:636] - next wp: 2
2025-06-23 20:10:42,468 - SUAS - DEBUG - [SUAS_main.turn_lap:637] - wp_num:6
2025-06-23 20:10:42,519 - SUAS - DEBUG - [SUAS_main.turn_lap:636] - next wp: 2
2025-06-23 20:10:42,520 - SUAS - DEBUG - [SUAS_main.turn_lap:637] - wp_num:6
2025-06-23 20:10:42,571 - SUAS - DEBUG - [SUAS_main.turn_lap:636] - next wp: 2
2025-06-23 20:10:42,572 - SUAS - DEBUG - [SUAS_main.turn_lap:637] - wp_num:6
2025-06-23 20:10:42,623 - SUAS - DEBUG - [SUAS_main.turn_lap:636] - next wp: 2
2025-06-23 20:10:42,624 - SUAS - DEBUG - [SUAS_main.turn_lap:637] - wp_num:6
2025-06-23 20:10:42,675 - SUAS - DEBUG - [SUAS_main.turn_lap:636] - next wp: 2
2025-06-23 20:10:42,676 - SUAS - DEBUG - [SUAS_main.turn_lap:637] - wp_num:6
2025-06-23 20:10:42,726 - SUAS - DEBUG - [SUAS_main.turn_lap:636] - next wp: 2
2025-06-23 20:10:42,727 - SUAS - DEBUG - [SUAS_main.turn_lap:637] - wp_num:6
2025-06-23 20:10:42,778 - SUAS - DEBUG - [SUAS_main.turn_lap:636] - next wp: 2
2025-06-23 20:10:42,779 - SUAS - DEBUG - [SUAS_main.turn_lap:637] - wp_num:6
2025-06-23 20:10:42,830 - SUAS - DEBUG - [SUAS_main.turn_lap:636] - next wp: 2
2025-06-23 20:10:42,831 - SUAS - DEBUG - [SUAS_main.turn_lap:637] - wp_num:6
2025-06-23 20:10:42,882 - SUAS - DEBUG - [SUAS_main.turn_lap:636] - next wp: 2
2025-06-23 20:10:42,883 - SUAS - DEBUG - [SUAS_main.turn_lap:637] - wp_num:6
2025-06-23 20:10:42,933 - SUAS - DEBUG - [SUAS_main.turn_lap:636] - next wp: 2
2025-06-23 20:10:42,934 - SUAS - DEBUG - [SUAS_main.turn_lap:637] - wp_num:6
2025-06-23 20:10:42,985 - SUAS - DEBUG - [SUAS_main.turn_lap:636] - next wp: 2
2025-06-23 20:10:42,986 - SUAS - DEBUG - [SUAS_main.turn_lap:637] - wp_num:6
2025-06-23 20:10:43,037 - SUAS - DEBUG - [SUAS_main.turn_lap:636] - next wp: 2
2025-06-23 20:10:43,038 - SUAS - DEBUG - [SUAS_main.turn_lap:637] - wp_num:6
2025-06-23 20:10:43,089 - SUAS - DEBUG - [SUAS_main.turn_lap:636] - next wp: 2
2025-06-23 20:10:43,090 - SUAS - DEBUG - [SUAS_main.turn_lap:637] - wp_num:6
2025-06-23 20:10:43,141 - SUAS - DEBUG - [SUAS_main.turn_lap:636] - next wp: 2
2025-06-23 20:10:43,142 - SUAS - DEBUG - [SUAS_main.turn_lap:637] - wp_num:6
2025-06-23 20:10:43,192 - SUAS - DEBUG - [SUAS_main.turn_lap:636] - next wp: 2
2025-06-23 20:10:43,193 - SUAS - DEBUG - [SUAS_main.turn_lap:637] - wp_num:6
2025-06-23 20:10:43,244 - SUAS - DEBUG - [SUAS_main.turn_lap:636] - next wp: 2
2025-06-23 20:10:43,245 - SUAS - DEBUG - [SUAS_main.turn_lap:637] - wp_num:6
2025-06-23 20:10:43,296 - SUAS - DEBUG - [SUAS_main.turn_lap:636] - next wp: 2
2025-06-23 20:10:43,297 - SUAS - DEBUG - [SUAS_main.turn_lap:637] - wp_num:6
2025-06-23 20:10:43,348 - SUAS - DEBUG - [SUAS_main.turn_lap:636] - next wp: 2
2025-06-23 20:10:43,349 - SUAS - DEBUG - [SUAS_main.turn_lap:637] - wp_num:6
2025-06-23 20:10:43,400 - SUAS - DEBUG - [SUAS_main.turn_lap:636] - next wp: 2
2025-06-23 20:10:43,401 - SUAS - DEBUG - [SUAS_main.turn_lap:637] - wp_num:6
2025-06-23 20:10:43,452 - SUAS - DEBUG - [SUAS_main.turn_lap:636] - next wp: 2
2025-06-23 20:10:43,453 - SUAS - DEBUG - [SUAS_main.turn_lap:637] - wp_num:6
2025-06-23 20:10:43,504 - SUAS - DEBUG - [SUAS_main.turn_lap:636] - next wp: 2
2025-06-23 20:10:43,504 - SUAS - DEBUG - [SUAS_main.turn_lap:637] - wp_num:6
2025-06-23 20:10:43,555 - SUAS - DEBUG - [SUAS_main.turn_lap:636] - next wp: 2
2025-06-23 20:10:43,556 - SUAS - DEBUG - [SUAS_main.turn_lap:637] - wp_num:6
2025-06-23 20:10:43,607 - SUAS - DEBUG - [SUAS_main.turn_lap:636] - next wp: 2
2025-06-23 20:10:43,608 - SUAS - DEBUG - [SUAS_main.turn_lap:637] - wp_num:6
2025-06-23 20:10:43,659 - SUAS - DEBUG - [SUAS_main.turn_lap:636] - next wp: 2
2025-06-23 20:10:43,660 - SUAS - DEBUG - [SUAS_main.turn_lap:637] - wp_num:6
2025-06-23 20:10:43,710 - SUAS - DEBUG - [SUAS_main.turn_lap:636] - next wp: 2
2025-06-23 20:10:43,711 - SUAS - DEBUG - [SUAS_main.turn_lap:637] - wp_num:6
2025-06-23 20:10:43,763 - SUAS - DEBUG - [SUAS_main.turn_lap:636] - next wp: 2
2025-06-23 20:10:43,763 - SUAS - DEBUG - [SUAS_main.turn_lap:637] - wp_num:6
2025-06-23 20:10:43,814 - SUAS - DEBUG - [SUAS_main.turn_lap:636] - next wp: 2
2025-06-23 20:10:43,815 - SUAS - DEBUG - [SUAS_main.turn_lap:637] - wp_num:6
2025-06-23 20:10:43,866 - SUAS - DEBUG - [SUAS_main.turn_lap:636] - next wp: 2
2025-06-23 20:10:43,867 - SUAS - DEBUG - [SUAS_main.turn_lap:637] - wp_num:6
2025-06-23 20:10:43,918 - SUAS - DEBUG - [SUAS_main.turn_lap:636] - next wp: 2
2025-06-23 20:10:43,919 - SUAS - DEBUG - [SUAS_main.turn_lap:637] - wp_num:6
2025-06-23 20:10:43,970 - SUAS - DEBUG - [SUAS_main.turn_lap:636] - next wp: 2
2025-06-23 20:10:43,971 - SUAS - DEBUG - [SUAS_main.turn_lap:637] - wp_num:6
2025-06-23 20:10:44,022 - SUAS - DEBUG - [SUAS_main.turn_lap:636] - next wp: 2
2025-06-23 20:10:44,023 - SUAS - DEBUG - [SUAS_main.turn_lap:637] - wp_num:6
2025-06-23 20:10:44,074 - SUAS - DEBUG - [SUAS_main.turn_lap:636] - next wp: 2
2025-06-23 20:10:44,074 - SUAS - DEBUG - [SUAS_main.turn_lap:637] - wp_num:6
2025-06-23 20:10:44,125 - SUAS - DEBUG - [SUAS_main.turn_lap:636] - next wp: 2
2025-06-23 20:10:44,126 - SUAS - DEBUG - [SUAS_main.turn_lap:637] - wp_num:6
2025-06-23 20:10:44,178 - SUAS - DEBUG - [SUAS_main.turn_lap:636] - next wp: 2
2025-06-23 20:10:44,179 - SUAS - DEBUG - [SUAS_main.turn_lap:637] - wp_num:6
2025-06-23 20:10:44,229 - SUAS - DEBUG - [SUAS_main.turn_lap:636] - next wp: 2
2025-06-23 20:10:44,230 - SUAS - DEBUG - [SUAS_main.turn_lap:637] - wp_num:6
2025-06-23 20:10:44,281 - SUAS - DEBUG - [SUAS_main.turn_lap:636] - next wp: 2
2025-06-23 20:10:44,282 - SUAS - DEBUG - [SUAS_main.turn_lap:637] - wp_num:6
2025-06-23 20:10:44,333 - SUAS - DEBUG - [SUAS_main.turn_lap:636] - next wp: 2
2025-06-23 20:10:44,334 - SUAS - DEBUG - [SUAS_main.turn_lap:637] - wp_num:6
2025-06-23 20:10:44,385 - SUAS - DEBUG - [SUAS_main.turn_lap:636] - next wp: 2
2025-06-23 20:10:44,385 - SUAS - DEBUG - [SUAS_main.turn_lap:637] - wp_num:6
2025-06-23 20:10:44,436 - SUAS - DEBUG - [SUAS_main.turn_lap:636] - next wp: 2
2025-06-23 20:10:44,437 - SUAS - DEBUG - [SUAS_main.turn_lap:637] - wp_num:6
2025-06-23 20:10:44,488 - SUAS - DEBUG - [SUAS_main.turn_lap:636] - next wp: 2
2025-06-23 20:10:44,489 - SUAS - DEBUG - [SUAS_main.turn_lap:637] - wp_num:6
2025-06-23 20:10:44,540 - SUAS - DEBUG - [SUAS_main.turn_lap:636] - next wp: 2
2025-06-23 20:10:44,541 - SUAS - DEBUG - [SUAS_main.turn_lap:637] - wp_num:6
2025-06-23 20:10:44,592 - SUAS - DEBUG - [SUAS_main.turn_lap:636] - next wp: 2
2025-06-23 20:10:44,592 - SUAS - DEBUG - [SUAS_main.turn_lap:637] - wp_num:6
2025-06-23 20:10:44,643 - SUAS - DEBUG - [SUAS_main.turn_lap:636] - next wp: 2
2025-06-23 20:10:44,644 - SUAS - DEBUG - [SUAS_main.turn_lap:637] - wp_num:6
2025-06-23 20:10:44,695 - SUAS - DEBUG - [SUAS_main.turn_lap:636] - next wp: 2
2025-06-23 20:10:44,696 - SUAS - DEBUG - [SUAS_main.turn_lap:637] - wp_num:6
2025-06-23 20:10:44,747 - SUAS - DEBUG - [SUAS_main.turn_lap:636] - next wp: 2
2025-06-23 20:10:44,748 - SUAS - DEBUG - [SUAS_main.turn_lap:637] - wp_num:6
2025-06-23 20:10:44,799 - SUAS - DEBUG - [SUAS_main.turn_lap:636] - next wp: 2
2025-06-23 20:10:44,800 - SUAS - DEBUG - [SUAS_main.turn_lap:637] - wp_num:6
2025-06-23 20:10:44,851 - SUAS - DEBUG - [SUAS_main.turn_lap:636] - next wp: 2
2025-06-23 20:10:44,852 - SUAS - DEBUG - [SUAS_main.turn_lap:637] - wp_num:6
2025-06-23 20:10:44,903 - SUAS - DEBUG - [SUAS_main.turn_lap:636] - next wp: 2
2025-06-23 20:10:44,904 - SUAS - DEBUG - [SUAS_main.turn_lap:637] - wp_num:6
2025-06-23 20:10:44,954 - SUAS - DEBUG - [SUAS_main.turn_lap:636] - next wp: 2
2025-06-23 20:10:44,955 - SUAS - DEBUG - [SUAS_main.turn_lap:637] - wp_num:6
2025-06-23 20:10:45,006 - SUAS - DEBUG - [SUAS_main.turn_lap:636] - next wp: 2
2025-06-23 20:10:45,007 - SUAS - DEBUG - [SUAS_main.turn_lap:637] - wp_num:6
2025-06-23 20:10:45,090 - SUAS - DEBUG - [SUAS_main.turn_lap:636] - next wp: 2
2025-06-23 20:10:45,091 - SUAS - DEBUG - [SUAS_main.turn_lap:637] - wp_num:6
2025-06-23 20:10:45,142 - SUAS - DEBUG - [SUAS_main.turn_lap:636] - next wp: 2
2025-06-23 20:10:45,143 - SUAS - DEBUG - [SUAS_main.turn_lap:637] - wp_num:6
2025-06-23 20:10:45,194 - SUAS - DEBUG - [SUAS_main.turn_lap:636] - next wp: 2
2025-06-23 20:10:45,194 - SUAS - DEBUG - [SUAS_main.turn_lap:637] - wp_num:6
2025-06-23 20:10:45,245 - SUAS - DEBUG - [SUAS_main.turn_lap:636] - next wp: 2
2025-06-23 20:10:45,246 - SUAS - DEBUG - [SUAS_main.turn_lap:637] - wp_num:6
2025-06-23 20:10:45,298 - SUAS - DEBUG - [SUAS_main.turn_lap:636] - next wp: 2
2025-06-23 20:10:45,298 - SUAS - DEBUG - [SUAS_main.turn_lap:637] - wp_num:6
2025-06-23 20:10:45,349 - SUAS - DEBUG - [SUAS_main.turn_lap:636] - next wp: 2
2025-06-23 20:10:45,350 - SUAS - DEBUG - [SUAS_main.turn_lap:637] - wp_num:6
2025-06-23 20:10:45,400 - SUAS - DEBUG - [SUAS_main.turn_lap:636] - next wp: 2
2025-06-23 20:10:45,402 - SUAS - DEBUG - [SUAS_main.turn_lap:637] - wp_num:6
2025-06-23 20:10:45,452 - SUAS - DEBUG - [SUAS_main.turn_lap:636] - next wp: 2
2025-06-23 20:10:45,453 - SUAS - DEBUG - [SUAS_main.turn_lap:637] - wp_num:6
2025-06-23 20:10:45,504 - SUAS - DEBUG - [SUAS_main.turn_lap:636] - next wp: 2
2025-06-23 20:10:45,505 - SUAS - DEBUG - [SUAS_main.turn_lap:637] - wp_num:6
2025-06-23 20:10:45,555 - SUAS - DEBUG - [SUAS_main.turn_lap:636] - next wp: 2
2025-06-23 20:10:45,556 - SUAS - DEBUG - [SUAS_main.turn_lap:637] - wp_num:6
2025-06-23 20:10:45,607 - SUAS - DEBUG - [SUAS_main.turn_lap:636] - next wp: 2
2025-06-23 20:10:45,607 - SUAS - DEBUG - [SUAS_main.turn_lap:637] - wp_num:6
2025-06-23 20:10:45,658 - SUAS - DEBUG - [SUAS_main.turn_lap:636] - next wp: 2
2025-06-23 20:10:45,659 - SUAS - DEBUG - [SUAS_main.turn_lap:637] - wp_num:6
2025-06-23 20:10:45,709 - SUAS - DEBUG - [SUAS_main.turn_lap:636] - next wp: 2
2025-06-23 20:10:45,710 - SUAS - DEBUG - [SUAS_main.turn_lap:637] - wp_num:6
2025-06-23 20:10:45,761 - SUAS - DEBUG - [SUAS_main.turn_lap:636] - next wp: 2
2025-06-23 20:10:45,762 - SUAS - DEBUG - [SUAS_main.turn_lap:637] - wp_num:6
2025-06-23 20:10:45,813 - SUAS - DEBUG - [SUAS_main.turn_lap:636] - next wp: 2
2025-06-23 20:10:45,813 - SUAS - DEBUG - [SUAS_main.turn_lap:637] - wp_num:6
2025-06-23 20:10:45,864 - SUAS - DEBUG - [SUAS_main.turn_lap:636] - next wp: 2
2025-06-23 20:10:45,865 - SUAS - DEBUG - [SUAS_main.turn_lap:637] - wp_num:6
2025-06-23 20:10:45,916 - SUAS - DEBUG - [SUAS_main.turn_lap:636] - next wp: 2
2025-06-23 20:10:45,916 - SUAS - DEBUG - [SUAS_main.turn_lap:637] - wp_num:6
2025-06-23 20:10:45,967 - SUAS - DEBUG - [SUAS_main.turn_lap:636] - next wp: 2
2025-06-23 20:10:45,968 - SUAS - DEBUG - [SUAS_main.turn_lap:637] - wp_num:6
2025-06-23 20:10:46,018 - SUAS - DEBUG - [SUAS_main.turn_lap:636] - next wp: 2
2025-06-23 20:10:46,019 - SUAS - DEBUG - [SUAS_main.turn_lap:637] - wp_num:6
2025-06-23 20:10:46,070 - SUAS - DEBUG - [SUAS_main.turn_lap:636] - next wp: 2
2025-06-23 20:10:46,070 - SUAS - DEBUG - [SUAS_main.turn_lap:637] - wp_num:6
2025-06-23 20:10:46,121 - SUAS - DEBUG - [SUAS_main.turn_lap:636] - next wp: 3
2025-06-23 20:10:46,122 - SUAS - DEBUG - [SUAS_main.turn_lap:637] - wp_num:6
2025-06-23 20:10:46,173 - SUAS - DEBUG - [SUAS_main.turn_lap:636] - next wp: 3
2025-06-23 20:10:46,173 - SUAS - DEBUG - [SUAS_main.turn_lap:637] - wp_num:6
2025-06-23 20:10:46,224 - SUAS - DEBUG - [SUAS_main.turn_lap:636] - next wp: 3
2025-06-23 20:10:46,225 - SUAS - DEBUG - [SUAS_main.turn_lap:637] - wp_num:6
2025-06-23 20:10:46,275 - SUAS - DEBUG - [SUAS_main.turn_lap:636] - next wp: 3
2025-06-23 20:10:46,276 - SUAS - DEBUG - [SUAS_main.turn_lap:637] - wp_num:6
2025-06-23 20:10:46,327 - SUAS - DEBUG - [SUAS_main.turn_lap:636] - next wp: 3
2025-06-23 20:10:46,328 - SUAS - DEBUG - [SUAS_main.turn_lap:637] - wp_num:6
2025-06-23 20:10:46,379 - SUAS - DEBUG - [SUAS_main.turn_lap:636] - next wp: 3
2025-06-23 20:10:46,380 - SUAS - DEBUG - [SUAS_main.turn_lap:637] - wp_num:6
2025-06-23 20:10:46,431 - SUAS - DEBUG - [SUAS_main.turn_lap:636] - next wp: 3
2025-06-23 20:10:46,432 - SUAS - DEBUG - [SUAS_main.turn_lap:637] - wp_num:6
2025-06-23 20:10:46,483 - SUAS - DEBUG - [SUAS_main.turn_lap:636] - next wp: 3
2025-06-23 20:10:46,484 - SUAS - DEBUG - [SUAS_main.turn_lap:637] - wp_num:6
2025-06-23 20:10:46,535 - SUAS - DEBUG - [SUAS_main.turn_lap:636] - next wp: 3
2025-06-23 20:10:46,536 - SUAS - DEBUG - [SUAS_main.turn_lap:637] - wp_num:6
2025-06-23 20:10:46,586 - SUAS - DEBUG - [SUAS_main.turn_lap:636] - next wp: 3
2025-06-23 20:10:46,588 - SUAS - DEBUG - [SUAS_main.turn_lap:637] - wp_num:6
2025-06-23 20:10:46,639 - SUAS - DEBUG - [SUAS_main.turn_lap:636] - next wp: 3
2025-06-23 20:10:46,640 - SUAS - DEBUG - [SUAS_main.turn_lap:637] - wp_num:6
2025-06-23 20:10:46,690 - SUAS - DEBUG - [SUAS_main.turn_lap:636] - next wp: 3
2025-06-23 20:10:46,691 - SUAS - DEBUG - [SUAS_main.turn_lap:637] - wp_num:6
2025-06-23 20:10:46,743 - SUAS - DEBUG - [SUAS_main.turn_lap:636] - next wp: 3
2025-06-23 20:10:46,743 - SUAS - DEBUG - [SUAS_main.turn_lap:637] - wp_num:6
2025-06-23 20:10:46,794 - SUAS - DEBUG - [SUAS_main.turn_lap:636] - next wp: 3
2025-06-23 20:10:46,795 - SUAS - DEBUG - [SUAS_main.turn_lap:637] - wp_num:6
2025-06-23 20:10:46,846 - SUAS - DEBUG - [SUAS_main.turn_lap:636] - next wp: 3
2025-06-23 20:10:46,847 - SUAS - DEBUG - [SUAS_main.turn_lap:637] - wp_num:6
2025-06-23 20:10:46,898 - SUAS - DEBUG - [SUAS_main.turn_lap:636] - next wp: 3
2025-06-23 20:10:46,899 - SUAS - DEBUG - [SUAS_main.turn_lap:637] - wp_num:6
2025-06-23 20:10:46,950 - SUAS - DEBUG - [SUAS_main.turn_lap:636] - next wp: 3
2025-06-23 20:10:46,951 - SUAS - DEBUG - [SUAS_main.turn_lap:637] - wp_num:6
2025-06-23 20:10:47,002 - SUAS - DEBUG - [SUAS_main.turn_lap:636] - next wp: 3
2025-06-23 20:10:47,003 - SUAS - DEBUG - [SUAS_main.turn_lap:637] - wp_num:6
2025-06-23 20:10:47,054 - SUAS - DEBUG - [SUAS_main.turn_lap:636] - next wp: 3
2025-06-23 20:10:47,055 - SUAS - DEBUG - [SUAS_main.turn_lap:637] - wp_num:6
2025-06-23 20:10:47,105 - SUAS - DEBUG - [SUAS_main.turn_lap:636] - next wp: 3
2025-06-23 20:10:47,106 - SUAS - DEBUG - [SUAS_main.turn_lap:637] - wp_num:6
2025-06-23 20:10:47,157 - SUAS - DEBUG - [SUAS_main.turn_lap:636] - next wp: 3
2025-06-23 20:10:47,158 - SUAS - DEBUG - [SUAS_main.turn_lap:637] - wp_num:6
2025-06-23 20:10:47,209 - SUAS - DEBUG - [SUAS_main.turn_lap:636] - next wp: 3
2025-06-23 20:10:47,210 - SUAS - DEBUG - [SUAS_main.turn_lap:637] - wp_num:6
2025-06-23 20:10:47,261 - SUAS - DEBUG - [SUAS_main.turn_lap:636] - next wp: 3
2025-06-23 20:10:47,262 - SUAS - DEBUG - [SUAS_main.turn_lap:637] - wp_num:6
2025-06-23 20:10:47,313 - SUAS - DEBUG - [SUAS_main.turn_lap:636] - next wp: 3
2025-06-23 20:10:47,314 - SUAS - DEBUG - [SUAS_main.turn_lap:637] - wp_num:6
2025-06-23 20:10:47,364 - SUAS - DEBUG - [SUAS_main.turn_lap:636] - next wp: 3
2025-06-23 20:10:47,365 - SUAS - DEBUG - [SUAS_main.turn_lap:637] - wp_num:6
2025-06-23 20:10:47,416 - SUAS - DEBUG - [SUAS_main.turn_lap:636] - next wp: 3
2025-06-23 20:10:47,417 - SUAS - DEBUG - [SUAS_main.turn_lap:637] - wp_num:6
2025-06-23 20:10:47,467 - SUAS - DEBUG - [SUAS_main.turn_lap:636] - next wp: 3
2025-06-23 20:10:47,468 - SUAS - DEBUG - [SUAS_main.turn_lap:637] - wp_num:6
2025-06-23 20:10:47,519 - SUAS - DEBUG - [SUAS_main.turn_lap:636] - next wp: 3
2025-06-23 20:10:47,520 - SUAS - DEBUG - [SUAS_main.turn_lap:637] - wp_num:6
2025-06-23 20:10:47,571 - SUAS - DEBUG - [SUAS_main.turn_lap:636] - next wp: 3
2025-06-23 20:10:47,572 - SUAS - DEBUG - [SUAS_main.turn_lap:637] - wp_num:6
2025-06-23 20:10:47,623 - SUAS - DEBUG - [SUAS_main.turn_lap:636] - next wp: 3
2025-06-23 20:10:47,624 - SUAS - DEBUG - [SUAS_main.turn_lap:637] - wp_num:6
2025-06-23 20:10:47,674 - SUAS - DEBUG - [SUAS_main.turn_lap:636] - next wp: 3
2025-06-23 20:10:47,675 - SUAS - DEBUG - [SUAS_main.turn_lap:637] - wp_num:6
2025-06-23 20:10:47,726 - SUAS - DEBUG - [SUAS_main.turn_lap:636] - next wp: 3
2025-06-23 20:10:47,727 - SUAS - DEBUG - [SUAS_main.turn_lap:637] - wp_num:6
2025-06-23 20:10:47,778 - SUAS - DEBUG - [SUAS_main.turn_lap:636] - next wp: 3
2025-06-23 20:10:47,779 - SUAS - DEBUG - [SUAS_main.turn_lap:637] - wp_num:6
2025-06-23 20:10:47,830 - SUAS - DEBUG - [SUAS_main.turn_lap:636] - next wp: 3
2025-06-23 20:10:47,831 - SUAS - DEBUG - [SUAS_main.turn_lap:637] - wp_num:6
2025-06-23 20:10:47,882 - SUAS - DEBUG - [SUAS_main.turn_lap:636] - next wp: 3
2025-06-23 20:10:47,883 - SUAS - DEBUG - [SUAS_main.turn_lap:637] - wp_num:6
2025-06-23 20:10:47,934 - SUAS - DEBUG - [SUAS_main.turn_lap:636] - next wp: 3
2025-06-23 20:10:47,935 - SUAS - DEBUG - [SUAS_main.turn_lap:637] - wp_num:6
2025-06-23 20:10:47,986 - SUAS - DEBUG - [SUAS_main.turn_lap:636] - next wp: 3
2025-06-23 20:10:47,987 - SUAS - DEBUG - [SUAS_main.turn_lap:637] - wp_num:6
2025-06-23 20:10:48,038 - SUAS - DEBUG - [SUAS_main.turn_lap:636] - next wp: 3
2025-06-23 20:10:48,039 - SUAS - DEBUG - [SUAS_main.turn_lap:637] - wp_num:6
2025-06-23 20:10:48,090 - SUAS - DEBUG - [SUAS_main.turn_lap:636] - next wp: 3
2025-06-23 20:10:48,091 - SUAS - DEBUG - [SUAS_main.turn_lap:637] - wp_num:6
2025-06-23 20:10:48,142 - SUAS - DEBUG - [SUAS_main.turn_lap:636] - next wp: 3
2025-06-23 20:10:48,142 - SUAS - DEBUG - [SUAS_main.turn_lap:637] - wp_num:6
2025-06-23 20:10:48,193 - SUAS - DEBUG - [SUAS_main.turn_lap:636] - next wp: 3
2025-06-23 20:10:48,194 - SUAS - DEBUG - [SUAS_main.turn_lap:637] - wp_num:6
2025-06-23 20:10:48,245 - SUAS - DEBUG - [SUAS_main.turn_lap:636] - next wp: 3
2025-06-23 20:10:48,246 - SUAS - DEBUG - [SUAS_main.turn_lap:637] - wp_num:6
2025-06-23 20:10:48,297 - SUAS - DEBUG - [SUAS_main.turn_lap:636] - next wp: 3
2025-06-23 20:10:48,298 - SUAS - DEBUG - [SUAS_main.turn_lap:637] - wp_num:6
2025-06-23 20:10:48,349 - SUAS - DEBUG - [SUAS_main.turn_lap:636] - next wp: 3
2025-06-23 20:10:48,350 - SUAS - DEBUG - [SUAS_main.turn_lap:637] - wp_num:6
2025-06-23 20:10:48,401 - SUAS - DEBUG - [SUAS_main.turn_lap:636] - next wp: 3
2025-06-23 20:10:48,401 - SUAS - DEBUG - [SUAS_main.turn_lap:637] - wp_num:6
2025-06-23 20:10:48,452 - SUAS - DEBUG - [SUAS_main.turn_lap:636] - next wp: 3
2025-06-23 20:10:48,453 - SUAS - DEBUG - [SUAS_main.turn_lap:637] - wp_num:6
2025-06-23 20:10:48,504 - SUAS - DEBUG - [SUAS_main.turn_lap:636] - next wp: 3
2025-06-23 20:10:48,505 - SUAS - DEBUG - [SUAS_main.turn_lap:637] - wp_num:6
2025-06-23 20:10:48,555 - SUAS - DEBUG - [SUAS_main.turn_lap:636] - next wp: 3
2025-06-23 20:10:48,556 - SUAS - DEBUG - [SUAS_main.turn_lap:637] - wp_num:6
2025-06-23 20:10:48,607 - SUAS - DEBUG - [SUAS_main.turn_lap:636] - next wp: 3
2025-06-23 20:10:48,608 - SUAS - DEBUG - [SUAS_main.turn_lap:637] - wp_num:6
2025-06-23 20:10:48,659 - SUAS - DEBUG - [SUAS_main.turn_lap:636] - next wp: 3
2025-06-23 20:10:48,660 - SUAS - DEBUG - [SUAS_main.turn_lap:637] - wp_num:6
2025-06-23 20:10:48,711 - SUAS - DEBUG - [SUAS_main.turn_lap:636] - next wp: 3
2025-06-23 20:10:48,712 - SUAS - DEBUG - [SUAS_main.turn_lap:637] - wp_num:6
2025-06-23 20:10:48,763 - SUAS - DEBUG - [SUAS_main.turn_lap:636] - next wp: 3
2025-06-23 20:10:48,764 - SUAS - DEBUG - [SUAS_main.turn_lap:637] - wp_num:6
2025-06-23 20:10:48,815 - SUAS - DEBUG - [SUAS_main.turn_lap:636] - next wp: 3
2025-06-23 20:10:48,816 - SUAS - DEBUG - [SUAS_main.turn_lap:637] - wp_num:6
2025-06-23 20:10:48,868 - SUAS - DEBUG - [SUAS_main.turn_lap:636] - next wp: 3
2025-06-23 20:10:48,869 - SUAS - DEBUG - [SUAS_main.turn_lap:637] - wp_num:6
2025-06-23 20:10:48,920 - SUAS - DEBUG - [SUAS_main.turn_lap:636] - next wp: 3
2025-06-23 20:10:48,921 - SUAS - DEBUG - [SUAS_main.turn_lap:637] - wp_num:6
2025-06-23 20:10:48,972 - SUAS - DEBUG - [SUAS_main.turn_lap:636] - next wp: 3
2025-06-23 20:10:48,973 - SUAS - DEBUG - [SUAS_main.turn_lap:637] - wp_num:6
2025-06-23 20:10:49,023 - SUAS - DEBUG - [SUAS_main.turn_lap:636] - next wp: 3
2025-06-23 20:10:49,024 - SUAS - DEBUG - [SUAS_main.turn_lap:637] - wp_num:6
2025-06-23 20:10:49,075 - SUAS - DEBUG - [SUAS_main.turn_lap:636] - next wp: 3
2025-06-23 20:10:49,076 - SUAS - DEBUG - [SUAS_main.turn_lap:637] - wp_num:6
2025-06-23 20:10:49,127 - SUAS - DEBUG - [SUAS_main.turn_lap:636] - next wp: 3
2025-06-23 20:10:49,128 - SUAS - DEBUG - [SUAS_main.turn_lap:637] - wp_num:6
2025-06-23 20:10:49,179 - SUAS - DEBUG - [SUAS_main.turn_lap:636] - next wp: 3
2025-06-23 20:10:49,180 - SUAS - DEBUG - [SUAS_main.turn_lap:637] - wp_num:6
2025-06-23 20:10:49,231 - SUAS - DEBUG - [SUAS_main.turn_lap:636] - next wp: 3
2025-06-23 20:10:49,232 - SUAS - DEBUG - [SUAS_main.turn_lap:637] - wp_num:6
2025-06-23 20:10:49,283 - SUAS - DEBUG - [SUAS_main.turn_lap:636] - next wp: 3
2025-06-23 20:10:49,284 - SUAS - DEBUG - [SUAS_main.turn_lap:637] - wp_num:6
2025-06-23 20:10:49,335 - SUAS - DEBUG - [SUAS_main.turn_lap:636] - next wp: 3
2025-06-23 20:10:49,336 - SUAS - DEBUG - [SUAS_main.turn_lap:637] - wp_num:6
2025-06-23 20:10:49,387 - SUAS - DEBUG - [SUAS_main.turn_lap:636] - next wp: 3
2025-06-23 20:10:49,387 - SUAS - DEBUG - [SUAS_main.turn_lap:637] - wp_num:6
2025-06-23 20:10:49,438 - SUAS - DEBUG - [SUAS_main.turn_lap:636] - next wp: 3
2025-06-23 20:10:49,439 - SUAS - DEBUG - [SUAS_main.turn_lap:637] - wp_num:6
2025-06-23 20:10:49,490 - SUAS - DEBUG - [SUAS_main.turn_lap:636] - next wp: 3
2025-06-23 20:10:49,491 - SUAS - DEBUG - [SUAS_main.turn_lap:637] - wp_num:6
2025-06-23 20:10:49,542 - SUAS - DEBUG - [SUAS_main.turn_lap:636] - next wp: 3
2025-06-23 20:10:49,543 - SUAS - DEBUG - [SUAS_main.turn_lap:637] - wp_num:6
2025-06-23 20:10:49,593 - SUAS - DEBUG - [SUAS_main.turn_lap:636] - next wp: 3
2025-06-23 20:10:49,594 - SUAS - DEBUG - [SUAS_main.turn_lap:637] - wp_num:6
2025-06-23 20:10:49,645 - SUAS - DEBUG - [SUAS_main.turn_lap:636] - next wp: 3
2025-06-23 20:10:49,646 - SUAS - DEBUG - [SUAS_main.turn_lap:637] - wp_num:6
2025-06-23 20:10:49,697 - SUAS - DEBUG - [SUAS_main.turn_lap:636] - next wp: 3
2025-06-23 20:10:49,698 - SUAS - DEBUG - [SUAS_main.turn_lap:637] - wp_num:6
2025-06-23 20:10:49,749 - SUAS - DEBUG - [SUAS_main.turn_lap:636] - next wp: 3
2025-06-23 20:10:49,750 - SUAS - DEBUG - [SUAS_main.turn_lap:637] - wp_num:6
2025-06-23 20:10:49,801 - SUAS - DEBUG - [SUAS_main.turn_lap:636] - next wp: 3
2025-06-23 20:10:49,802 - SUAS - DEBUG - [SUAS_main.turn_lap:637] - wp_num:6
2025-06-23 20:10:49,853 - SUAS - DEBUG - [SUAS_main.turn_lap:636] - next wp: 3
2025-06-23 20:10:49,854 - SUAS - DEBUG - [SUAS_main.turn_lap:637] - wp_num:6
2025-06-23 20:10:49,905 - SUAS - DEBUG - [SUAS_main.turn_lap:636] - next wp: 3
2025-06-23 20:10:49,905 - SUAS - DEBUG - [SUAS_main.turn_lap:637] - wp_num:6
2025-06-23 20:10:49,956 - SUAS - DEBUG - [SUAS_main.turn_lap:636] - next wp: 3
2025-06-23 20:10:49,957 - SUAS - DEBUG - [SUAS_main.turn_lap:637] - wp_num:6
2025-06-23 20:10:50,008 - SUAS - DEBUG - [SUAS_main.turn_lap:636] - next wp: 3
2025-06-23 20:10:50,009 - SUAS - DEBUG - [SUAS_main.turn_lap:637] - wp_num:6
2025-06-23 20:10:50,060 - SUAS - DEBUG - [SUAS_main.turn_lap:636] - next wp: 3
2025-06-23 20:10:50,061 - SUAS - DEBUG - [SUAS_main.turn_lap:637] - wp_num:6
2025-06-23 20:10:50,112 - SUAS - DEBUG - [SUAS_main.turn_lap:636] - next wp: 3
2025-06-23 20:10:50,113 - SUAS - DEBUG - [SUAS_main.turn_lap:637] - wp_num:6
2025-06-23 20:10:50,163 - SUAS - DEBUG - [SUAS_main.turn_lap:636] - next wp: 3
2025-06-23 20:10:50,164 - SUAS - DEBUG - [SUAS_main.turn_lap:637] - wp_num:6
2025-06-23 20:10:50,215 - SUAS - DEBUG - [SUAS_main.turn_lap:636] - next wp: 3
2025-06-23 20:10:50,216 - SUAS - DEBUG - [SUAS_main.turn_lap:637] - wp_num:6
2025-06-23 20:10:50,267 - SUAS - DEBUG - [SUAS_main.turn_lap:636] - next wp: 3
2025-06-23 20:10:50,268 - SUAS - DEBUG - [SUAS_main.turn_lap:637] - wp_num:6
2025-06-23 20:10:50,319 - SUAS - DEBUG - [SUAS_main.turn_lap:636] - next wp: 3
2025-06-23 20:10:50,320 - SUAS - DEBUG - [SUAS_main.turn_lap:637] - wp_num:6
2025-06-23 20:10:50,370 - SUAS - DEBUG - [SUAS_main.turn_lap:636] - next wp: 3
2025-06-23 20:10:50,372 - SUAS - DEBUG - [SUAS_main.turn_lap:637] - wp_num:6
2025-06-23 20:10:50,423 - SUAS - DEBUG - [SUAS_main.turn_lap:636] - next wp: 3
2025-06-23 20:10:50,423 - SUAS - DEBUG - [SUAS_main.turn_lap:637] - wp_num:6
2025-06-23 20:10:50,474 - SUAS - DEBUG - [SUAS_main.turn_lap:636] - next wp: 3
2025-06-23 20:10:50,475 - SUAS - DEBUG - [SUAS_main.turn_lap:637] - wp_num:6
2025-06-23 20:10:50,526 - SUAS - DEBUG - [SUAS_main.turn_lap:636] - next wp: 3
2025-06-23 20:10:50,527 - SUAS - DEBUG - [SUAS_main.turn_lap:637] - wp_num:6
2025-06-23 20:10:50,578 - SUAS - DEBUG - [SUAS_main.turn_lap:636] - next wp: 3
2025-06-23 20:10:50,579 - SUAS - DEBUG - [SUAS_main.turn_lap:637] - wp_num:6
2025-06-23 20:10:50,630 - SUAS - DEBUG - [SUAS_main.turn_lap:636] - next wp: 3
2025-06-23 20:10:50,631 - SUAS - DEBUG - [SUAS_main.turn_lap:637] - wp_num:6
2025-06-23 20:10:50,682 - SUAS - DEBUG - [SUAS_main.turn_lap:636] - next wp: 3
2025-06-23 20:10:50,683 - SUAS - DEBUG - [SUAS_main.turn_lap:637] - wp_num:6
2025-06-23 20:10:50,734 - SUAS - DEBUG - [SUAS_main.turn_lap:636] - next wp: 3
2025-06-23 20:10:50,734 - SUAS - DEBUG - [SUAS_main.turn_lap:637] - wp_num:6
2025-06-23 20:10:50,785 - SUAS - DEBUG - [SUAS_main.turn_lap:636] - next wp: 3
2025-06-23 20:10:50,786 - SUAS - DEBUG - [SUAS_main.turn_lap:637] - wp_num:6
2025-06-23 20:10:50,837 - SUAS - DEBUG - [SUAS_main.turn_lap:636] - next wp: 3
2025-06-23 20:10:50,838 - SUAS - DEBUG - [SUAS_main.turn_lap:637] - wp_num:6
2025-06-23 20:10:50,889 - SUAS - DEBUG - [SUAS_main.turn_lap:636] - next wp: 3
2025-06-23 20:10:50,890 - SUAS - DEBUG - [SUAS_main.turn_lap:637] - wp_num:6
2025-06-23 20:10:50,941 - SUAS - DEBUG - [SUAS_main.turn_lap:636] - next wp: 3
2025-06-23 20:10:50,942 - SUAS - DEBUG - [SUAS_main.turn_lap:637] - wp_num:6
2025-06-23 20:10:50,993 - SUAS - DEBUG - [SUAS_main.turn_lap:636] - next wp: 3
2025-06-23 20:10:50,993 - SUAS - DEBUG - [SUAS_main.turn_lap:637] - wp_num:6
2025-06-23 20:10:51,044 - SUAS - DEBUG - [SUAS_main.turn_lap:636] - next wp: 3
2025-06-23 20:10:51,045 - SUAS - DEBUG - [SUAS_main.turn_lap:637] - wp_num:6
2025-06-23 20:10:51,096 - SUAS - DEBUG - [SUAS_main.turn_lap:636] - next wp: 3
2025-06-23 20:10:51,097 - SUAS - DEBUG - [SUAS_main.turn_lap:637] - wp_num:6
2025-06-23 20:10:51,148 - SUAS - DEBUG - [SUAS_main.turn_lap:636] - next wp: 3
2025-06-23 20:10:51,149 - SUAS - DEBUG - [SUAS_main.turn_lap:637] - wp_num:6
2025-06-23 20:10:51,200 - SUAS - DEBUG - [SUAS_main.turn_lap:636] - next wp: 3
2025-06-23 20:10:51,201 - SUAS - DEBUG - [SUAS_main.turn_lap:637] - wp_num:6
2025-06-23 20:10:51,252 - SUAS - DEBUG - [SUAS_main.turn_lap:636] - next wp: 3
2025-06-23 20:10:51,252 - SUAS - DEBUG - [SUAS_main.turn_lap:637] - wp_num:6
2025-06-23 20:10:51,303 - SUAS - DEBUG - [SUAS_main.turn_lap:636] - next wp: 3
2025-06-23 20:10:51,304 - SUAS - DEBUG - [SUAS_main.turn_lap:637] - wp_num:6
2025-06-23 20:10:51,355 - SUAS - DEBUG - [SUAS_main.turn_lap:636] - next wp: 3
2025-06-23 20:10:51,356 - SUAS - DEBUG - [SUAS_main.turn_lap:637] - wp_num:6
2025-06-23 20:10:51,406 - SUAS - DEBUG - [SUAS_main.turn_lap:636] - next wp: 3
2025-06-23 20:10:51,407 - SUAS - DEBUG - [SUAS_main.turn_lap:637] - wp_num:6
2025-06-23 20:10:51,458 - SUAS - DEBUG - [SUAS_main.turn_lap:636] - next wp: 3
2025-06-23 20:10:51,459 - SUAS - DEBUG - [SUAS_main.turn_lap:637] - wp_num:6
2025-06-23 20:10:51,510 - SUAS - DEBUG - [SUAS_main.turn_lap:636] - next wp: 3
2025-06-23 20:10:51,511 - SUAS - DEBUG - [SUAS_main.turn_lap:637] - wp_num:6
2025-06-23 20:10:51,562 - SUAS - DEBUG - [SUAS_main.turn_lap:636] - next wp: 3
2025-06-23 20:10:51,563 - SUAS - DEBUG - [SUAS_main.turn_lap:637] - wp_num:6
2025-06-23 20:10:51,614 - SUAS - DEBUG - [SUAS_main.turn_lap:636] - next wp: 3
2025-06-23 20:10:51,614 - SUAS - DEBUG - [SUAS_main.turn_lap:637] - wp_num:6
2025-06-23 20:10:51,665 - SUAS - DEBUG - [SUAS_main.turn_lap:636] - next wp: 3
2025-06-23 20:10:51,666 - SUAS - DEBUG - [SUAS_main.turn_lap:637] - wp_num:6
2025-06-23 20:10:51,717 - SUAS - DEBUG - [SUAS_main.turn_lap:636] - next wp: 3
2025-06-23 20:10:51,718 - SUAS - DEBUG - [SUAS_main.turn_lap:637] - wp_num:6
2025-06-23 20:10:51,769 - SUAS - DEBUG - [SUAS_main.turn_lap:636] - next wp: 3
2025-06-23 20:10:51,770 - SUAS - DEBUG - [SUAS_main.turn_lap:637] - wp_num:6
2025-06-23 20:10:51,821 - SUAS - DEBUG - [SUAS_main.turn_lap:636] - next wp: 3
2025-06-23 20:10:51,822 - SUAS - DEBUG - [SUAS_main.turn_lap:637] - wp_num:6
2025-06-23 20:10:51,873 - SUAS - DEBUG - [SUAS_main.turn_lap:636] - next wp: 3
2025-06-23 20:10:51,873 - SUAS - DEBUG - [SUAS_main.turn_lap:637] - wp_num:6
2025-06-23 20:10:51,924 - SUAS - DEBUG - [SUAS_main.turn_lap:636] - next wp: 3
2025-06-23 20:10:51,925 - SUAS - DEBUG - [SUAS_main.turn_lap:637] - wp_num:6
2025-06-23 20:10:51,976 - SUAS - DEBUG - [SUAS_main.turn_lap:636] - next wp: 3
2025-06-23 20:10:51,977 - SUAS - DEBUG - [SUAS_main.turn_lap:637] - wp_num:6
2025-06-23 20:10:52,028 - SUAS - DEBUG - [SUAS_main.turn_lap:636] - next wp: 3
2025-06-23 20:10:52,029 - SUAS - DEBUG - [SUAS_main.turn_lap:637] - wp_num:6
2025-06-23 20:10:52,080 - SUAS - DEBUG - [SUAS_main.turn_lap:636] - next wp: 3
2025-06-23 20:10:52,081 - SUAS - DEBUG - [SUAS_main.turn_lap:637] - wp_num:6
2025-06-23 20:10:52,132 - SUAS - DEBUG - [SUAS_main.turn_lap:636] - next wp: 3
2025-06-23 20:10:52,132 - SUAS - DEBUG - [SUAS_main.turn_lap:637] - wp_num:6
2025-06-23 20:10:52,190 - SUAS - DEBUG - [SUAS_main.turn_lap:636] - next wp: 3
2025-06-23 20:10:52,191 - SUAS - DEBUG - [SUAS_main.turn_lap:637] - wp_num:6
2025-06-23 20:10:52,242 - SUAS - DEBUG - [SUAS_main.turn_lap:636] - next wp: 3
2025-06-23 20:10:52,243 - SUAS - DEBUG - [SUAS_main.turn_lap:637] - wp_num:6
2025-06-23 20:10:52,294 - SUAS - DEBUG - [SUAS_main.turn_lap:636] - next wp: 3
2025-06-23 20:10:52,295 - SUAS - DEBUG - [SUAS_main.turn_lap:637] - wp_num:6
2025-06-23 20:10:52,346 - SUAS - DEBUG - [SUAS_main.turn_lap:636] - next wp: 3
2025-06-23 20:10:52,347 - SUAS - DEBUG - [SUAS_main.turn_lap:637] - wp_num:6
2025-06-23 20:10:52,399 - SUAS - DEBUG - [SUAS_main.turn_lap:636] - next wp: 3
2025-06-23 20:10:52,399 - SUAS - DEBUG - [SUAS_main.turn_lap:637] - wp_num:6
2025-06-23 20:10:52,450 - SUAS - DEBUG - [SUAS_main.turn_lap:636] - next wp: 3
2025-06-23 20:10:52,451 - SUAS - DEBUG - [SUAS_main.turn_lap:637] - wp_num:6
2025-06-23 20:10:52,502 - SUAS - DEBUG - [SUAS_main.turn_lap:636] - next wp: 3
2025-06-23 20:10:52,503 - SUAS - DEBUG - [SUAS_main.turn_lap:637] - wp_num:6
2025-06-23 20:10:52,553 - SUAS - DEBUG - [SUAS_main.turn_lap:636] - next wp: 3
2025-06-23 20:10:52,554 - SUAS - DEBUG - [SUAS_main.turn_lap:637] - wp_num:6
2025-06-23 20:10:52,605 - SUAS - DEBUG - [SUAS_main.turn_lap:636] - next wp: 3
2025-06-23 20:10:52,606 - SUAS - DEBUG - [SUAS_main.turn_lap:637] - wp_num:6
2025-06-23 20:10:52,657 - SUAS - DEBUG - [SUAS_main.turn_lap:636] - next wp: 3
2025-06-23 20:10:52,657 - SUAS - DEBUG - [SUAS_main.turn_lap:637] - wp_num:6
2025-06-23 20:10:52,708 - SUAS - DEBUG - [SUAS_main.turn_lap:636] - next wp: 3
2025-06-23 20:10:52,710 - SUAS - DEBUG - [SUAS_main.turn_lap:637] - wp_num:6
2025-06-23 20:10:52,761 - SUAS - DEBUG - [SUAS_main.turn_lap:636] - next wp: 3
2025-06-23 20:10:52,762 - SUAS - DEBUG - [SUAS_main.turn_lap:637] - wp_num:6
2025-06-23 20:10:52,812 - SUAS - DEBUG - [SUAS_main.turn_lap:636] - next wp: 3
2025-06-23 20:10:52,813 - SUAS - DEBUG - [SUAS_main.turn_lap:637] - wp_num:6
2025-06-23 20:10:52,864 - SUAS - DEBUG - [SUAS_main.turn_lap:636] - next wp: 3
2025-06-23 20:10:52,865 - SUAS - DEBUG - [SUAS_main.turn_lap:637] - wp_num:6
2025-06-23 20:10:52,916 - SUAS - DEBUG - [SUAS_main.turn_lap:636] - next wp: 3
2025-06-23 20:10:52,917 - SUAS - DEBUG - [SUAS_main.turn_lap:637] - wp_num:6
2025-06-23 20:10:52,967 - SUAS - DEBUG - [SUAS_main.turn_lap:636] - next wp: 3
2025-06-23 20:10:52,968 - SUAS - DEBUG - [SUAS_main.turn_lap:637] - wp_num:6
2025-06-23 20:10:53,019 - SUAS - DEBUG - [SUAS_main.turn_lap:636] - next wp: 3
2025-06-23 20:10:53,020 - SUAS - DEBUG - [SUAS_main.turn_lap:637] - wp_num:6
2025-06-23 20:10:53,071 - SUAS - DEBUG - [SUAS_main.turn_lap:636] - next wp: 3
2025-06-23 20:10:53,072 - SUAS - DEBUG - [SUAS_main.turn_lap:637] - wp_num:6
2025-06-23 20:10:53,123 - SUAS - DEBUG - [SUAS_main.turn_lap:636] - next wp: 3
2025-06-23 20:10:53,124 - SUAS - DEBUG - [SUAS_main.turn_lap:637] - wp_num:6
2025-06-23 20:10:53,175 - SUAS - DEBUG - [SUAS_main.turn_lap:636] - next wp: 3
2025-06-23 20:10:53,176 - SUAS - DEBUG - [SUAS_main.turn_lap:637] - wp_num:6
2025-06-23 20:10:53,227 - SUAS - DEBUG - [SUAS_main.turn_lap:636] - next wp: 3
2025-06-23 20:10:53,228 - SUAS - DEBUG - [SUAS_main.turn_lap:637] - wp_num:6
2025-06-23 20:10:53,279 - SUAS - DEBUG - [SUAS_main.turn_lap:636] - next wp: 3
2025-06-23 20:10:53,280 - SUAS - DEBUG - [SUAS_main.turn_lap:637] - wp_num:6
2025-06-23 20:10:53,331 - SUAS - DEBUG - [SUAS_main.turn_lap:636] - next wp: 3
2025-06-23 20:10:53,332 - SUAS - DEBUG - [SUAS_main.turn_lap:637] - wp_num:6
2025-06-23 20:10:53,382 - SUAS - DEBUG - [SUAS_main.turn_lap:636] - next wp: 3
2025-06-23 20:10:53,383 - SUAS - DEBUG - [SUAS_main.turn_lap:637] - wp_num:6
2025-06-23 20:10:53,434 - SUAS - DEBUG - [SUAS_main.turn_lap:636] - next wp: 3
2025-06-23 20:10:53,435 - SUAS - DEBUG - [SUAS_main.turn_lap:637] - wp_num:6
2025-06-23 20:10:53,486 - SUAS - DEBUG - [SUAS_main.turn_lap:636] - next wp: 3
2025-06-23 20:10:53,487 - SUAS - DEBUG - [SUAS_main.turn_lap:637] - wp_num:6
2025-06-23 20:10:53,538 - SUAS - DEBUG - [SUAS_main.turn_lap:636] - next wp: 3
2025-06-23 20:10:53,539 - SUAS - DEBUG - [SUAS_main.turn_lap:637] - wp_num:6
2025-06-23 20:10:53,590 - SUAS - DEBUG - [SUAS_main.turn_lap:636] - next wp: 3
2025-06-23 20:10:53,591 - SUAS - DEBUG - [SUAS_main.turn_lap:637] - wp_num:6
2025-06-23 20:10:53,642 - SUAS - DEBUG - [SUAS_main.turn_lap:636] - next wp: 3
2025-06-23 20:10:53,643 - SUAS - DEBUG - [SUAS_main.turn_lap:637] - wp_num:6
2025-06-23 20:10:53,694 - SUAS - DEBUG - [SUAS_main.turn_lap:636] - next wp: 3
2025-06-23 20:10:53,694 - SUAS - DEBUG - [SUAS_main.turn_lap:637] - wp_num:6
2025-06-23 20:10:53,745 - SUAS - DEBUG - [SUAS_main.turn_lap:636] - next wp: 3
2025-06-23 20:10:53,746 - SUAS - DEBUG - [SUAS_main.turn_lap:637] - wp_num:6
2025-06-23 20:10:53,797 - SUAS - DEBUG - [SUAS_main.turn_lap:636] - next wp: 3
2025-06-23 20:10:53,798 - SUAS - DEBUG - [SUAS_main.turn_lap:637] - wp_num:6
2025-06-23 20:10:53,849 - SUAS - DEBUG - [SUAS_main.turn_lap:636] - next wp: 4
2025-06-23 20:10:53,850 - SUAS - DEBUG - [SUAS_main.turn_lap:637] - wp_num:6
2025-06-23 20:10:53,901 - SUAS - DEBUG - [SUAS_main.turn_lap:636] - next wp: 4
2025-06-23 20:10:53,902 - SUAS - DEBUG - [SUAS_main.turn_lap:637] - wp_num:6
2025-06-23 20:10:53,953 - SUAS - DEBUG - [SUAS_main.turn_lap:636] - next wp: 4
2025-06-23 20:10:53,953 - SUAS - DEBUG - [SUAS_main.turn_lap:637] - wp_num:6
2025-06-23 20:10:54,004 - SUAS - DEBUG - [SUAS_main.turn_lap:636] - next wp: 4
2025-06-23 20:10:54,005 - SUAS - DEBUG - [SUAS_main.turn_lap:637] - wp_num:6
2025-06-23 20:10:54,056 - SUAS - DEBUG - [SUAS_main.turn_lap:636] - next wp: 4
2025-06-23 20:10:54,057 - SUAS - DEBUG - [SUAS_main.turn_lap:637] - wp_num:6
2025-06-23 20:10:54,108 - SUAS - DEBUG - [SUAS_main.turn_lap:636] - next wp: 4
2025-06-23 20:10:54,109 - SUAS - DEBUG - [SUAS_main.turn_lap:637] - wp_num:6
2025-06-23 20:10:54,160 - SUAS - DEBUG - [SUAS_main.turn_lap:636] - next wp: 4
2025-06-23 20:10:54,161 - SUAS - DEBUG - [SUAS_main.turn_lap:637] - wp_num:6
2025-06-23 20:10:54,212 - SUAS - DEBUG - [SUAS_main.turn_lap:636] - next wp: 4
2025-06-23 20:10:54,213 - SUAS - DEBUG - [SUAS_main.turn_lap:637] - wp_num:6
2025-06-23 20:10:54,263 - SUAS - DEBUG - [SUAS_main.turn_lap:636] - next wp: 4
2025-06-23 20:10:54,264 - SUAS - DEBUG - [SUAS_main.turn_lap:637] - wp_num:6
2025-06-23 20:10:54,315 - SUAS - DEBUG - [SUAS_main.turn_lap:636] - next wp: 4
2025-06-23 20:10:54,316 - SUAS - DEBUG - [SUAS_main.turn_lap:637] - wp_num:6
2025-06-23 20:10:54,367 - SUAS - DEBUG - [SUAS_main.turn_lap:636] - next wp: 4
2025-06-23 20:10:54,368 - SUAS - DEBUG - [SUAS_main.turn_lap:637] - wp_num:6
2025-06-23 20:10:54,419 - SUAS - DEBUG - [SUAS_main.turn_lap:636] - next wp: 4
2025-06-23 20:10:54,420 - SUAS - DEBUG - [SUAS_main.turn_lap:637] - wp_num:6
2025-06-23 20:10:54,471 - SUAS - DEBUG - [SUAS_main.turn_lap:636] - next wp: 4
2025-06-23 20:10:54,472 - SUAS - DEBUG - [SUAS_main.turn_lap:637] - wp_num:6
2025-06-23 20:10:54,523 - SUAS - DEBUG - [SUAS_main.turn_lap:636] - next wp: 4
2025-06-23 20:10:54,524 - SUAS - DEBUG - [SUAS_main.turn_lap:637] - wp_num:6
2025-06-23 20:10:54,574 - SUAS - DEBUG - [SUAS_main.turn_lap:636] - next wp: 4
2025-06-23 20:10:54,575 - SUAS - DEBUG - [SUAS_main.turn_lap:637] - wp_num:6
2025-06-23 20:10:54,626 - SUAS - DEBUG - [SUAS_main.turn_lap:636] - next wp: 4
2025-06-23 20:10:54,627 - SUAS - DEBUG - [SUAS_main.turn_lap:637] - wp_num:6
2025-06-23 20:10:54,678 - SUAS - DEBUG - [SUAS_main.turn_lap:636] - next wp: 4
2025-06-23 20:10:54,679 - SUAS - DEBUG - [SUAS_main.turn_lap:637] - wp_num:6
2025-06-23 20:10:54,730 - SUAS - DEBUG - [SUAS_main.turn_lap:636] - next wp: 4
2025-06-23 20:10:54,731 - SUAS - DEBUG - [SUAS_main.turn_lap:637] - wp_num:6
2025-06-23 20:10:54,782 - SUAS - DEBUG - [SUAS_main.turn_lap:636] - next wp: 4
2025-06-23 20:10:54,783 - SUAS - DEBUG - [SUAS_main.turn_lap:637] - wp_num:6
2025-06-23 20:10:54,834 - SUAS - DEBUG - [SUAS_main.turn_lap:636] - next wp: 4
2025-06-23 20:10:54,835 - SUAS - DEBUG - [SUAS_main.turn_lap:637] - wp_num:6
2025-06-23 20:10:54,885 - SUAS - DEBUG - [SUAS_main.turn_lap:636] - next wp: 4
2025-06-23 20:10:54,886 - SUAS - DEBUG - [SUAS_main.turn_lap:637] - wp_num:6
2025-06-23 20:10:54,937 - SUAS - DEBUG - [SUAS_main.turn_lap:636] - next wp: 4
2025-06-23 20:10:54,938 - SUAS - DEBUG - [SUAS_main.turn_lap:637] - wp_num:6
2025-06-23 20:10:54,989 - SUAS - DEBUG - [SUAS_main.turn_lap:636] - next wp: 4
2025-06-23 20:10:54,990 - SUAS - DEBUG - [SUAS_main.turn_lap:637] - wp_num:6
2025-06-23 20:10:55,041 - SUAS - DEBUG - [SUAS_main.turn_lap:636] - next wp: 4
2025-06-23 20:10:55,042 - SUAS - DEBUG - [SUAS_main.turn_lap:637] - wp_num:6
2025-06-23 20:10:55,093 - SUAS - DEBUG - [SUAS_main.turn_lap:636] - next wp: 4
2025-06-23 20:10:55,094 - SUAS - DEBUG - [SUAS_main.turn_lap:637] - wp_num:6
2025-06-23 20:10:55,144 - SUAS - DEBUG - [SUAS_main.turn_lap:636] - next wp: 4
2025-06-23 20:10:55,145 - SUAS - DEBUG - [SUAS_main.turn_lap:637] - wp_num:6
2025-06-23 20:10:55,197 - SUAS - DEBUG - [SUAS_main.turn_lap:636] - next wp: 4
2025-06-23 20:10:55,198 - SUAS - DEBUG - [SUAS_main.turn_lap:637] - wp_num:6
2025-06-23 20:10:55,249 - SUAS - DEBUG - [SUAS_main.turn_lap:636] - next wp: 4
2025-06-23 20:10:55,250 - SUAS - DEBUG - [SUAS_main.turn_lap:637] - wp_num:6
2025-06-23 20:10:55,301 - SUAS - DEBUG - [SUAS_main.turn_lap:636] - next wp: 4
2025-06-23 20:10:55,302 - SUAS - DEBUG - [SUAS_main.turn_lap:637] - wp_num:6
2025-06-23 20:10:55,352 - SUAS - DEBUG - [SUAS_main.turn_lap:636] - next wp: 4
2025-06-23 20:10:55,353 - SUAS - DEBUG - [SUAS_main.turn_lap:637] - wp_num:6
2025-06-23 20:10:55,404 - SUAS - DEBUG - [SUAS_main.turn_lap:636] - next wp: 4
2025-06-23 20:10:55,405 - SUAS - DEBUG - [SUAS_main.turn_lap:637] - wp_num:6
2025-06-23 20:10:55,456 - SUAS - DEBUG - [SUAS_main.turn_lap:636] - next wp: 4
2025-06-23 20:10:55,457 - SUAS - DEBUG - [SUAS_main.turn_lap:637] - wp_num:6
2025-06-23 20:10:55,508 - SUAS - DEBUG - [SUAS_main.turn_lap:636] - next wp: 4
2025-06-23 20:10:55,509 - SUAS - DEBUG - [SUAS_main.turn_lap:637] - wp_num:6
2025-06-23 20:10:55,560 - SUAS - DEBUG - [SUAS_main.turn_lap:636] - next wp: 4
2025-06-23 20:10:55,561 - SUAS - DEBUG - [SUAS_main.turn_lap:637] - wp_num:6
2025-06-23 20:10:55,611 - SUAS - DEBUG - [SUAS_main.turn_lap:636] - next wp: 4
2025-06-23 20:10:55,612 - SUAS - DEBUG - [SUAS_main.turn_lap:637] - wp_num:6
2025-06-23 20:10:55,663 - SUAS - DEBUG - [SUAS_main.turn_lap:636] - next wp: 4
2025-06-23 20:10:55,664 - SUAS - DEBUG - [SUAS_main.turn_lap:637] - wp_num:6
2025-06-23 20:10:55,715 - SUAS - DEBUG - [SUAS_main.turn_lap:636] - next wp: 4
2025-06-23 20:10:55,715 - SUAS - DEBUG - [SUAS_main.turn_lap:637] - wp_num:6
2025-06-23 20:10:55,766 - SUAS - DEBUG - [SUAS_main.turn_lap:636] - next wp: 4
2025-06-23 20:10:55,767 - SUAS - DEBUG - [SUAS_main.turn_lap:637] - wp_num:6
2025-06-23 20:10:55,818 - SUAS - DEBUG - [SUAS_main.turn_lap:636] - next wp: 4
2025-06-23 20:10:55,819 - SUAS - DEBUG - [SUAS_main.turn_lap:637] - wp_num:6
2025-06-23 20:10:55,870 - SUAS - DEBUG - [SUAS_main.turn_lap:636] - next wp: 4
2025-06-23 20:10:55,871 - SUAS - DEBUG - [SUAS_main.turn_lap:637] - wp_num:6
2025-06-23 20:10:55,922 - SUAS - DEBUG - [SUAS_main.turn_lap:636] - next wp: 4
2025-06-23 20:10:55,923 - SUAS - DEBUG - [SUAS_main.turn_lap:637] - wp_num:6
2025-06-23 20:10:55,974 - SUAS - DEBUG - [SUAS_main.turn_lap:636] - next wp: 4
2025-06-23 20:10:55,975 - SUAS - DEBUG - [SUAS_main.turn_lap:637] - wp_num:6
2025-06-23 20:10:56,026 - SUAS - DEBUG - [SUAS_main.turn_lap:636] - next wp: 4
2025-06-23 20:10:56,027 - SUAS - DEBUG - [SUAS_main.turn_lap:637] - wp_num:6
2025-06-23 20:10:56,078 - SUAS - DEBUG - [SUAS_main.turn_lap:636] - next wp: 4
2025-06-23 20:10:56,079 - SUAS - DEBUG - [SUAS_main.turn_lap:637] - wp_num:6
2025-06-23 20:10:56,130 - SUAS - DEBUG - [SUAS_main.turn_lap:636] - next wp: 4
2025-06-23 20:10:56,131 - SUAS - DEBUG - [SUAS_main.turn_lap:637] - wp_num:6
2025-06-23 20:10:56,182 - SUAS - DEBUG - [SUAS_main.turn_lap:636] - next wp: 4
2025-06-23 20:10:56,183 - SUAS - DEBUG - [SUAS_main.turn_lap:637] - wp_num:6
2025-06-23 20:10:56,234 - SUAS - DEBUG - [SUAS_main.turn_lap:636] - next wp: 4
2025-06-23 20:10:56,235 - SUAS - DEBUG - [SUAS_main.turn_lap:637] - wp_num:6
2025-06-23 20:10:56,286 - SUAS - DEBUG - [SUAS_main.turn_lap:636] - next wp: 4
2025-06-23 20:10:56,286 - SUAS - DEBUG - [SUAS_main.turn_lap:637] - wp_num:6
2025-06-23 20:10:56,337 - SUAS - DEBUG - [SUAS_main.turn_lap:636] - next wp: 4
2025-06-23 20:10:56,338 - SUAS - DEBUG - [SUAS_main.turn_lap:637] - wp_num:6
2025-06-23 20:10:56,389 - SUAS - DEBUG - [SUAS_main.turn_lap:636] - next wp: 4
2025-06-23 20:10:56,390 - SUAS - DEBUG - [SUAS_main.turn_lap:637] - wp_num:6
2025-06-23 20:10:56,441 - SUAS - DEBUG - [SUAS_main.turn_lap:636] - next wp: 4
2025-06-23 20:10:56,442 - SUAS - DEBUG - [SUAS_main.turn_lap:637] - wp_num:6
2025-06-23 20:10:56,492 - SUAS - DEBUG - [SUAS_main.turn_lap:636] - next wp: 4
2025-06-23 20:10:56,493 - SUAS - DEBUG - [SUAS_main.turn_lap:637] - wp_num:6
2025-06-23 20:10:56,544 - SUAS - DEBUG - [SUAS_main.turn_lap:636] - next wp: 4
2025-06-23 20:10:56,545 - SUAS - DEBUG - [SUAS_main.turn_lap:637] - wp_num:6
2025-06-23 20:10:56,596 - SUAS - DEBUG - [SUAS_main.turn_lap:636] - next wp: 4
2025-06-23 20:10:56,597 - SUAS - DEBUG - [SUAS_main.turn_lap:637] - wp_num:6
2025-06-23 20:10:56,647 - SUAS - DEBUG - [SUAS_main.turn_lap:636] - next wp: 4
2025-06-23 20:10:56,648 - SUAS - DEBUG - [SUAS_main.turn_lap:637] - wp_num:6
2025-06-23 20:10:56,699 - SUAS - DEBUG - [SUAS_main.turn_lap:636] - next wp: 4
2025-06-23 20:10:56,700 - SUAS - DEBUG - [SUAS_main.turn_lap:637] - wp_num:6
2025-06-23 20:10:56,751 - SUAS - DEBUG - [SUAS_main.turn_lap:636] - next wp: 4
2025-06-23 20:10:56,752 - SUAS - DEBUG - [SUAS_main.turn_lap:637] - wp_num:6
2025-06-23 20:10:56,803 - SUAS - DEBUG - [SUAS_main.turn_lap:636] - next wp: 4
2025-06-23 20:10:56,804 - SUAS - DEBUG - [SUAS_main.turn_lap:637] - wp_num:6
2025-06-23 20:10:56,854 - SUAS - DEBUG - [SUAS_main.turn_lap:636] - next wp: 4
2025-06-23 20:10:56,855 - SUAS - DEBUG - [SUAS_main.turn_lap:637] - wp_num:6
2025-06-23 20:10:56,906 - SUAS - DEBUG - [SUAS_main.turn_lap:636] - next wp: 4
2025-06-23 20:10:56,907 - SUAS - DEBUG - [SUAS_main.turn_lap:637] - wp_num:6
2025-06-23 20:10:56,958 - SUAS - DEBUG - [SUAS_main.turn_lap:636] - next wp: 4
2025-06-23 20:10:56,959 - SUAS - DEBUG - [SUAS_main.turn_lap:637] - wp_num:6
2025-06-23 20:10:57,009 - SUAS - DEBUG - [SUAS_main.turn_lap:636] - next wp: 4
2025-06-23 20:10:57,011 - SUAS - DEBUG - [SUAS_main.turn_lap:637] - wp_num:6
2025-06-23 20:10:57,062 - SUAS - DEBUG - [SUAS_main.turn_lap:636] - next wp: 4
2025-06-23 20:10:57,062 - SUAS - DEBUG - [SUAS_main.turn_lap:637] - wp_num:6
2025-06-23 20:10:57,113 - SUAS - DEBUG - [SUAS_main.turn_lap:636] - next wp: 4
2025-06-23 20:10:57,114 - SUAS - DEBUG - [SUAS_main.turn_lap:637] - wp_num:6
2025-06-23 20:10:57,165 - SUAS - DEBUG - [SUAS_main.turn_lap:636] - next wp: 4
2025-06-23 20:10:57,166 - SUAS - DEBUG - [SUAS_main.turn_lap:637] - wp_num:6
2025-06-23 20:10:57,217 - SUAS - DEBUG - [SUAS_main.turn_lap:636] - next wp: 4
2025-06-23 20:10:57,218 - SUAS - DEBUG - [SUAS_main.turn_lap:637] - wp_num:6
2025-06-23 20:10:57,269 - SUAS - DEBUG - [SUAS_main.turn_lap:636] - next wp: 4
2025-06-23 20:10:57,270 - SUAS - DEBUG - [SUAS_main.turn_lap:637] - wp_num:6
2025-06-23 20:10:57,321 - SUAS - DEBUG - [SUAS_main.turn_lap:636] - next wp: 4
2025-06-23 20:10:57,322 - SUAS - DEBUG - [SUAS_main.turn_lap:637] - wp_num:6
2025-06-23 20:10:57,373 - SUAS - DEBUG - [SUAS_main.turn_lap:636] - next wp: 4
2025-06-23 20:10:57,373 - SUAS - DEBUG - [SUAS_main.turn_lap:637] - wp_num:6
2025-06-23 20:10:57,424 - SUAS - DEBUG - [SUAS_main.turn_lap:636] - next wp: 4
2025-06-23 20:10:57,425 - SUAS - DEBUG - [SUAS_main.turn_lap:637] - wp_num:6
2025-06-23 20:10:57,476 - SUAS - DEBUG - [SUAS_main.turn_lap:636] - next wp: 4
2025-06-23 20:10:57,477 - SUAS - DEBUG - [SUAS_main.turn_lap:637] - wp_num:6
2025-06-23 20:10:57,528 - SUAS - DEBUG - [SUAS_main.turn_lap:636] - next wp: 4
2025-06-23 20:10:57,529 - SUAS - DEBUG - [SUAS_main.turn_lap:637] - wp_num:6
2025-06-23 20:10:57,580 - SUAS - DEBUG - [SUAS_main.turn_lap:636] - next wp: 4
2025-06-23 20:10:57,581 - SUAS - DEBUG - [SUAS_main.turn_lap:637] - wp_num:6
2025-06-23 20:10:57,632 - SUAS - DEBUG - [SUAS_main.turn_lap:636] - next wp: 4
2025-06-23 20:10:57,633 - SUAS - DEBUG - [SUAS_main.turn_lap:637] - wp_num:6
2025-06-23 20:10:57,683 - SUAS - DEBUG - [SUAS_main.turn_lap:636] - next wp: 4
2025-06-23 20:10:57,684 - SUAS - DEBUG - [SUAS_main.turn_lap:637] - wp_num:6
2025-06-23 20:10:57,735 - SUAS - DEBUG - [SUAS_main.turn_lap:636] - next wp: 4
2025-06-23 20:10:57,736 - SUAS - DEBUG - [SUAS_main.turn_lap:637] - wp_num:6
2025-06-23 20:10:57,787 - SUAS - DEBUG - [SUAS_main.turn_lap:636] - next wp: 4
2025-06-23 20:10:57,788 - SUAS - DEBUG - [SUAS_main.turn_lap:637] - wp_num:6
2025-06-23 20:10:57,838 - SUAS - DEBUG - [SUAS_main.turn_lap:636] - next wp: 4
2025-06-23 20:10:57,839 - SUAS - DEBUG - [SUAS_main.turn_lap:637] - wp_num:6
2025-06-23 20:10:57,890 - SUAS - DEBUG - [SUAS_main.turn_lap:636] - next wp: 4
2025-06-23 20:10:57,891 - SUAS - DEBUG - [SUAS_main.turn_lap:637] - wp_num:6
2025-06-23 20:10:57,942 - SUAS - DEBUG - [SUAS_main.turn_lap:636] - next wp: 4
2025-06-23 20:10:57,943 - SUAS - DEBUG - [SUAS_main.turn_lap:637] - wp_num:6
2025-06-23 20:10:57,994 - SUAS - DEBUG - [SUAS_main.turn_lap:636] - next wp: 4
2025-06-23 20:10:57,995 - SUAS - DEBUG - [SUAS_main.turn_lap:637] - wp_num:6
2025-06-23 20:10:58,045 - SUAS - DEBUG - [SUAS_main.turn_lap:636] - next wp: 4
2025-06-23 20:10:58,046 - SUAS - DEBUG - [SUAS_main.turn_lap:637] - wp_num:6
2025-06-23 20:10:58,097 - SUAS - DEBUG - [SUAS_main.turn_lap:636] - next wp: 4
2025-06-23 20:10:58,098 - SUAS - DEBUG - [SUAS_main.turn_lap:637] - wp_num:6
2025-06-23 20:10:58,149 - SUAS - DEBUG - [SUAS_main.turn_lap:636] - next wp: 4
2025-06-23 20:10:58,150 - SUAS - DEBUG - [SUAS_main.turn_lap:637] - wp_num:6
2025-06-23 20:10:58,201 - SUAS - DEBUG - [SUAS_main.turn_lap:636] - next wp: 4
2025-06-23 20:10:58,202 - SUAS - DEBUG - [SUAS_main.turn_lap:637] - wp_num:6
2025-06-23 20:10:58,252 - SUAS - DEBUG - [SUAS_main.turn_lap:636] - next wp: 4
2025-06-23 20:10:58,253 - SUAS - DEBUG - [SUAS_main.turn_lap:637] - wp_num:6
2025-06-23 20:10:58,304 - SUAS - DEBUG - [SUAS_main.turn_lap:636] - next wp: 4
2025-06-23 20:10:58,305 - SUAS - DEBUG - [SUAS_main.turn_lap:637] - wp_num:6
2025-06-23 20:10:58,356 - SUAS - DEBUG - [SUAS_main.turn_lap:636] - next wp: 4
2025-06-23 20:10:58,357 - SUAS - DEBUG - [SUAS_main.turn_lap:637] - wp_num:6
2025-06-23 20:10:58,407 - SUAS - DEBUG - [SUAS_main.turn_lap:636] - next wp: 4
2025-06-23 20:10:58,409 - SUAS - DEBUG - [SUAS_main.turn_lap:637] - wp_num:6
2025-06-23 20:10:58,460 - SUAS - DEBUG - [SUAS_main.turn_lap:636] - next wp: 4
2025-06-23 20:10:58,460 - SUAS - DEBUG - [SUAS_main.turn_lap:637] - wp_num:6
2025-06-23 20:10:58,511 - SUAS - DEBUG - [SUAS_main.turn_lap:636] - next wp: 4
2025-06-23 20:10:58,512 - SUAS - DEBUG - [SUAS_main.turn_lap:637] - wp_num:6
2025-06-23 20:10:58,563 - SUAS - DEBUG - [SUAS_main.turn_lap:636] - next wp: 4
2025-06-23 20:10:58,564 - SUAS - DEBUG - [SUAS_main.turn_lap:637] - wp_num:6
2025-06-23 20:10:58,615 - SUAS - DEBUG - [SUAS_main.turn_lap:636] - next wp: 4
2025-06-23 20:10:58,616 - SUAS - DEBUG - [SUAS_main.turn_lap:637] - wp_num:6
2025-06-23 20:10:58,666 - SUAS - DEBUG - [SUAS_main.turn_lap:636] - next wp: 4
2025-06-23 20:10:58,667 - SUAS - DEBUG - [SUAS_main.turn_lap:637] - wp_num:6
2025-06-23 20:10:58,718 - SUAS - DEBUG - [SUAS_main.turn_lap:636] - next wp: 4
2025-06-23 20:10:58,719 - SUAS - DEBUG - [SUAS_main.turn_lap:637] - wp_num:6
2025-06-23 20:10:58,770 - SUAS - DEBUG - [SUAS_main.turn_lap:636] - next wp: 4
2025-06-23 20:10:58,771 - SUAS - DEBUG - [SUAS_main.turn_lap:637] - wp_num:6
2025-06-23 20:10:58,822 - SUAS - DEBUG - [SUAS_main.turn_lap:636] - next wp: 4
2025-06-23 20:10:58,823 - SUAS - DEBUG - [SUAS_main.turn_lap:637] - wp_num:6
2025-06-23 20:10:58,874 - SUAS - DEBUG - [SUAS_main.turn_lap:636] - next wp: 4
2025-06-23 20:10:58,875 - SUAS - DEBUG - [SUAS_main.turn_lap:637] - wp_num:6
2025-06-23 20:10:58,926 - SUAS - DEBUG - [SUAS_main.turn_lap:636] - next wp: 4
2025-06-23 20:10:58,927 - SUAS - DEBUG - [SUAS_main.turn_lap:637] - wp_num:6
2025-06-23 20:10:58,978 - SUAS - DEBUG - [SUAS_main.turn_lap:636] - next wp: 4
2025-06-23 20:10:58,979 - SUAS - DEBUG - [SUAS_main.turn_lap:637] - wp_num:6
2025-06-23 20:10:59,029 - SUAS - DEBUG - [SUAS_main.turn_lap:636] - next wp: 4
2025-06-23 20:10:59,031 - SUAS - DEBUG - [SUAS_main.turn_lap:637] - wp_num:6
2025-06-23 20:10:59,082 - SUAS - DEBUG - [SUAS_main.turn_lap:636] - next wp: 4
2025-06-23 20:10:59,082 - SUAS - DEBUG - [SUAS_main.turn_lap:637] - wp_num:6
2025-06-23 20:10:59,133 - SUAS - DEBUG - [SUAS_main.turn_lap:636] - next wp: 4
2025-06-23 20:10:59,134 - SUAS - DEBUG - [SUAS_main.turn_lap:637] - wp_num:6
2025-06-23 20:10:59,185 - SUAS - DEBUG - [SUAS_main.turn_lap:636] - next wp: 4
2025-06-23 20:10:59,186 - SUAS - DEBUG - [SUAS_main.turn_lap:637] - wp_num:6
2025-06-23 20:10:59,237 - SUAS - DEBUG - [SUAS_main.turn_lap:636] - next wp: 4
2025-06-23 20:10:59,238 - SUAS - DEBUG - [SUAS_main.turn_lap:637] - wp_num:6
2025-06-23 20:10:59,289 - SUAS - DEBUG - [SUAS_main.turn_lap:636] - next wp: 4
2025-06-23 20:10:59,290 - SUAS - DEBUG - [SUAS_main.turn_lap:637] - wp_num:6
2025-06-23 20:10:59,341 - SUAS - DEBUG - [SUAS_main.turn_lap:636] - next wp: 4
2025-06-23 20:10:59,342 - SUAS - DEBUG - [SUAS_main.turn_lap:637] - wp_num:6
2025-06-23 20:10:59,393 - SUAS - DEBUG - [SUAS_main.turn_lap:636] - next wp: 4
2025-06-23 20:10:59,393 - SUAS - DEBUG - [SUAS_main.turn_lap:637] - wp_num:6
2025-06-23 20:10:59,444 - SUAS - DEBUG - [SUAS_main.turn_lap:636] - next wp: 4
2025-06-23 20:10:59,445 - SUAS - DEBUG - [SUAS_main.turn_lap:637] - wp_num:6
2025-06-23 20:10:59,496 - SUAS - DEBUG - [SUAS_main.turn_lap:636] - next wp: 4
2025-06-23 20:10:59,497 - SUAS - DEBUG - [SUAS_main.turn_lap:637] - wp_num:6
2025-06-23 20:10:59,547 - SUAS - DEBUG - [SUAS_main.turn_lap:636] - next wp: 4
2025-06-23 20:10:59,548 - SUAS - DEBUG - [SUAS_main.turn_lap:637] - wp_num:6
2025-06-23 20:10:59,599 - SUAS - DEBUG - [SUAS_main.turn_lap:636] - next wp: 4
2025-06-23 20:10:59,600 - SUAS - DEBUG - [SUAS_main.turn_lap:637] - wp_num:6
2025-06-23 20:10:59,651 - SUAS - DEBUG - [SUAS_main.turn_lap:636] - next wp: 4
2025-06-23 20:10:59,652 - SUAS - DEBUG - [SUAS_main.turn_lap:637] - wp_num:6
2025-06-23 20:10:59,703 - SUAS - DEBUG - [SUAS_main.turn_lap:636] - next wp: 4
2025-06-23 20:10:59,704 - SUAS - DEBUG - [SUAS_main.turn_lap:637] - wp_num:6
2025-06-23 20:10:59,754 - SUAS - DEBUG - [SUAS_main.turn_lap:636] - next wp: 4
2025-06-23 20:10:59,755 - SUAS - DEBUG - [SUAS_main.turn_lap:637] - wp_num:6
2025-06-23 20:10:59,806 - SUAS - DEBUG - [SUAS_main.turn_lap:636] - next wp: 4
2025-06-23 20:10:59,807 - SUAS - DEBUG - [SUAS_main.turn_lap:637] - wp_num:6
2025-06-23 20:10:59,858 - SUAS - DEBUG - [SUAS_main.turn_lap:636] - next wp: 4
2025-06-23 20:10:59,859 - SUAS - DEBUG - [SUAS_main.turn_lap:637] - wp_num:6
2025-06-23 20:10:59,909 - SUAS - DEBUG - [SUAS_main.turn_lap:636] - next wp: 4
2025-06-23 20:10:59,910 - SUAS - DEBUG - [SUAS_main.turn_lap:637] - wp_num:6
2025-06-23 20:10:59,961 - SUAS - DEBUG - [SUAS_main.turn_lap:636] - next wp: 4
2025-06-23 20:10:59,962 - SUAS - DEBUG - [SUAS_main.turn_lap:637] - wp_num:6
2025-06-23 20:11:00,013 - SUAS - DEBUG - [SUAS_main.turn_lap:636] - next wp: 4
2025-06-23 20:11:00,014 - SUAS - DEBUG - [SUAS_main.turn_lap:637] - wp_num:6
2025-06-23 20:11:00,064 - SUAS - DEBUG - [SUAS_main.turn_lap:636] - next wp: 4
2025-06-23 20:11:00,066 - SUAS - DEBUG - [SUAS_main.turn_lap:637] - wp_num:6
2025-06-23 20:11:00,116 - SUAS - DEBUG - [SUAS_main.turn_lap:636] - next wp: 4
2025-06-23 20:11:00,117 - SUAS - DEBUG - [SUAS_main.turn_lap:637] - wp_num:6
2025-06-23 20:11:00,168 - SUAS - DEBUG - [SUAS_main.turn_lap:636] - next wp: 4
2025-06-23 20:11:00,169 - SUAS - DEBUG - [SUAS_main.turn_lap:637] - wp_num:6
2025-06-23 20:11:00,220 - SUAS - DEBUG - [SUAS_main.turn_lap:636] - next wp: 4
2025-06-23 20:11:00,221 - SUAS - DEBUG - [SUAS_main.turn_lap:637] - wp_num:6
2025-06-23 20:11:00,272 - SUAS - DEBUG - [SUAS_main.turn_lap:636] - next wp: 4
2025-06-23 20:11:00,273 - SUAS - DEBUG - [SUAS_main.turn_lap:637] - wp_num:6
2025-06-23 20:11:00,324 - SUAS - DEBUG - [SUAS_main.turn_lap:636] - next wp: 4
2025-06-23 20:11:00,324 - SUAS - DEBUG - [SUAS_main.turn_lap:637] - wp_num:6
2025-06-23 20:11:00,375 - SUAS - DEBUG - [SUAS_main.turn_lap:636] - next wp: 4
2025-06-23 20:11:00,376 - SUAS - DEBUG - [SUAS_main.turn_lap:637] - wp_num:6
2025-06-23 20:11:00,427 - SUAS - DEBUG - [SUAS_main.turn_lap:636] - next wp: 4
2025-06-23 20:11:00,428 - SUAS - DEBUG - [SUAS_main.turn_lap:637] - wp_num:6
2025-06-23 20:11:00,479 - SUAS - DEBUG - [SUAS_main.turn_lap:636] - next wp: 4
2025-06-23 20:11:00,480 - SUAS - DEBUG - [SUAS_main.turn_lap:637] - wp_num:6
2025-06-23 20:11:00,530 - SUAS - DEBUG - [SUAS_main.turn_lap:636] - next wp: 4
2025-06-23 20:11:00,532 - SUAS - DEBUG - [SUAS_main.turn_lap:637] - wp_num:6
2025-06-23 20:11:00,583 - SUAS - DEBUG - [SUAS_main.turn_lap:636] - next wp: 4
2025-06-23 20:11:00,584 - SUAS - DEBUG - [SUAS_main.turn_lap:637] - wp_num:6
2025-06-23 20:11:00,634 - SUAS - DEBUG - [SUAS_main.turn_lap:636] - next wp: 4
2025-06-23 20:11:00,635 - SUAS - DEBUG - [SUAS_main.turn_lap:637] - wp_num:6
2025-06-23 20:11:00,686 - SUAS - DEBUG - [SUAS_main.turn_lap:636] - next wp: 4
2025-06-23 20:11:00,687 - SUAS - DEBUG - [SUAS_main.turn_lap:637] - wp_num:6
2025-06-23 20:11:00,738 - SUAS - DEBUG - [SUAS_main.turn_lap:636] - next wp: 4
2025-06-23 20:11:00,739 - SUAS - DEBUG - [SUAS_main.turn_lap:637] - wp_num:6
2025-06-23 20:11:00,790 - SUAS - DEBUG - [SUAS_main.turn_lap:636] - next wp: 4
2025-06-23 20:11:00,791 - SUAS - DEBUG - [SUAS_main.turn_lap:637] - wp_num:6
2025-06-23 20:11:00,842 - SUAS - DEBUG - [SUAS_main.turn_lap:636] - next wp: 4
2025-06-23 20:11:00,843 - SUAS - DEBUG - [SUAS_main.turn_lap:637] - wp_num:6
2025-06-23 20:11:00,893 - SUAS - DEBUG - [SUAS_main.turn_lap:636] - next wp: 5
2025-06-23 20:11:00,894 - SUAS - DEBUG - [SUAS_main.turn_lap:637] - wp_num:6
2025-06-23 20:11:00,945 - SUAS - DEBUG - [SUAS_main.turn_lap:636] - next wp: 5
2025-06-23 20:11:00,947 - SUAS - DEBUG - [SUAS_main.turn_lap:637] - wp_num:6
2025-06-23 20:11:00,998 - SUAS - DEBUG - [SUAS_main.turn_lap:636] - next wp: 5
2025-06-23 20:11:00,999 - SUAS - DEBUG - [SUAS_main.turn_lap:637] - wp_num:6
2025-06-23 20:11:01,049 - SUAS - DEBUG - [SUAS_main.turn_lap:636] - next wp: 5
2025-06-23 20:11:01,050 - SUAS - DEBUG - [SUAS_main.turn_lap:637] - wp_num:6
2025-06-23 20:11:01,101 - SUAS - DEBUG - [SUAS_main.turn_lap:636] - next wp: 5
2025-06-23 20:11:01,102 - SUAS - DEBUG - [SUAS_main.turn_lap:637] - wp_num:6
2025-06-23 20:11:01,153 - SUAS - DEBUG - [SUAS_main.turn_lap:636] - next wp: 5
2025-06-23 20:11:01,154 - SUAS - DEBUG - [SUAS_main.turn_lap:637] - wp_num:6
2025-06-23 20:11:01,205 - SUAS - DEBUG - [SUAS_main.turn_lap:636] - next wp: 5
2025-06-23 20:11:01,206 - SUAS - DEBUG - [SUAS_main.turn_lap:637] - wp_num:6
2025-06-23 20:11:01,257 - SUAS - DEBUG - [SUAS_main.turn_lap:636] - next wp: 5
2025-06-23 20:11:01,258 - SUAS - DEBUG - [SUAS_main.turn_lap:637] - wp_num:6
2025-06-23 20:11:01,309 - SUAS - DEBUG - [SUAS_main.turn_lap:636] - next wp: 5
2025-06-23 20:11:01,309 - SUAS - DEBUG - [SUAS_main.turn_lap:637] - wp_num:6
2025-06-23 20:11:01,360 - SUAS - DEBUG - [SUAS_main.turn_lap:636] - next wp: 5
2025-06-23 20:11:01,361 - SUAS - DEBUG - [SUAS_main.turn_lap:637] - wp_num:6
2025-06-23 20:11:01,412 - SUAS - DEBUG - [SUAS_main.turn_lap:636] - next wp: 5
2025-06-23 20:11:01,413 - SUAS - DEBUG - [SUAS_main.turn_lap:637] - wp_num:6
2025-06-23 20:11:01,464 - SUAS - DEBUG - [SUAS_main.turn_lap:636] - next wp: 5
2025-06-23 20:11:01,465 - SUAS - DEBUG - [SUAS_main.turn_lap:637] - wp_num:6
2025-06-23 20:11:01,516 - SUAS - DEBUG - [SUAS_main.turn_lap:636] - next wp: 5
2025-06-23 20:11:01,517 - SUAS - DEBUG - [SUAS_main.turn_lap:637] - wp_num:6
2025-06-23 20:11:01,567 - SUAS - DEBUG - [SUAS_main.turn_lap:636] - next wp: 5
2025-06-23 20:11:01,568 - SUAS - DEBUG - [SUAS_main.turn_lap:637] - wp_num:6
2025-06-23 20:11:01,619 - SUAS - DEBUG - [SUAS_main.turn_lap:636] - next wp: 5
2025-06-23 20:11:01,620 - SUAS - DEBUG - [SUAS_main.turn_lap:637] - wp_num:6
2025-06-23 20:11:01,671 - SUAS - DEBUG - [SUAS_main.turn_lap:636] - next wp: 5
2025-06-23 20:11:01,672 - SUAS - DEBUG - [SUAS_main.turn_lap:637] - wp_num:6
2025-06-23 20:11:01,723 - SUAS - DEBUG - [SUAS_main.turn_lap:636] - next wp: 5
2025-06-23 20:11:01,724 - SUAS - DEBUG - [SUAS_main.turn_lap:637] - wp_num:6
2025-06-23 20:11:01,774 - SUAS - DEBUG - [SUAS_main.turn_lap:636] - next wp: 5
2025-06-23 20:11:01,775 - SUAS - DEBUG - [SUAS_main.turn_lap:637] - wp_num:6
2025-06-23 20:11:01,826 - SUAS - DEBUG - [SUAS_main.turn_lap:636] - next wp: 5
2025-06-23 20:11:01,827 - SUAS - DEBUG - [SUAS_main.turn_lap:637] - wp_num:6
2025-06-23 20:11:01,878 - SUAS - DEBUG - [SUAS_main.turn_lap:636] - next wp: 5
2025-06-23 20:11:01,879 - SUAS - DEBUG - [SUAS_main.turn_lap:637] - wp_num:6
2025-06-23 20:11:01,929 - SUAS - DEBUG - [SUAS_main.turn_lap:636] - next wp: 5
2025-06-23 20:11:01,930 - SUAS - DEBUG - [SUAS_main.turn_lap:637] - wp_num:6
2025-06-23 20:11:01,981 - SUAS - DEBUG - [SUAS_main.turn_lap:636] - next wp: 5
2025-06-23 20:11:01,982 - SUAS - DEBUG - [SUAS_main.turn_lap:637] - wp_num:6
2025-06-23 20:11:02,033 - SUAS - DEBUG - [SUAS_main.turn_lap:636] - next wp: 5
2025-06-23 20:11:02,034 - SUAS - DEBUG - [SUAS_main.turn_lap:637] - wp_num:6
2025-06-23 20:11:02,085 - SUAS - DEBUG - [SUAS_main.turn_lap:636] - next wp: 5
2025-06-23 20:11:02,086 - SUAS - DEBUG - [SUAS_main.turn_lap:637] - wp_num:6
2025-06-23 20:11:02,137 - SUAS - DEBUG - [SUAS_main.turn_lap:636] - next wp: 5
2025-06-23 20:11:02,138 - SUAS - DEBUG - [SUAS_main.turn_lap:637] - wp_num:6
2025-06-23 20:11:02,188 - SUAS - DEBUG - [SUAS_main.turn_lap:636] - next wp: 5
2025-06-23 20:11:02,189 - SUAS - DEBUG - [SUAS_main.turn_lap:637] - wp_num:6
2025-06-23 20:11:02,241 - SUAS - DEBUG - [SUAS_main.turn_lap:636] - next wp: 5
2025-06-23 20:11:02,242 - SUAS - DEBUG - [SUAS_main.turn_lap:637] - wp_num:6
2025-06-23 20:11:02,293 - SUAS - DEBUG - [SUAS_main.turn_lap:636] - next wp: 5
2025-06-23 20:11:02,294 - SUAS - DEBUG - [SUAS_main.turn_lap:637] - wp_num:6
2025-06-23 20:11:02,344 - SUAS - DEBUG - [SUAS_main.turn_lap:636] - next wp: 5
2025-06-23 20:11:02,345 - SUAS - DEBUG - [SUAS_main.turn_lap:637] - wp_num:6
2025-06-23 20:11:02,396 - SUAS - DEBUG - [SUAS_main.turn_lap:636] - next wp: 5
2025-06-23 20:11:02,397 - SUAS - DEBUG - [SUAS_main.turn_lap:637] - wp_num:6
2025-06-23 20:11:02,448 - SUAS - DEBUG - [SUAS_main.turn_lap:636] - next wp: 5
2025-06-23 20:11:02,449 - SUAS - DEBUG - [SUAS_main.turn_lap:637] - wp_num:6
2025-06-23 20:11:02,500 - SUAS - DEBUG - [SUAS_main.turn_lap:636] - next wp: 5
2025-06-23 20:11:02,500 - SUAS - DEBUG - [SUAS_main.turn_lap:637] - wp_num:6
2025-06-23 20:11:02,551 - SUAS - DEBUG - [SUAS_main.turn_lap:636] - next wp: 5
2025-06-23 20:11:02,552 - SUAS - DEBUG - [SUAS_main.turn_lap:637] - wp_num:6
2025-06-23 20:11:02,603 - SUAS - DEBUG - [SUAS_main.turn_lap:636] - next wp: 5
2025-06-23 20:11:02,604 - SUAS - DEBUG - [SUAS_main.turn_lap:637] - wp_num:6
2025-06-23 20:11:02,655 - SUAS - DEBUG - [SUAS_main.turn_lap:636] - next wp: 5
2025-06-23 20:11:02,655 - SUAS - DEBUG - [SUAS_main.turn_lap:637] - wp_num:6
2025-06-23 20:11:02,706 - SUAS - DEBUG - [SUAS_main.turn_lap:636] - next wp: 5
2025-06-23 20:11:02,707 - SUAS - DEBUG - [SUAS_main.turn_lap:637] - wp_num:6
2025-06-23 20:11:02,758 - SUAS - DEBUG - [SUAS_main.turn_lap:636] - next wp: 5
2025-06-23 20:11:02,759 - SUAS - DEBUG - [SUAS_main.turn_lap:637] - wp_num:6
2025-06-23 20:11:02,810 - SUAS - DEBUG - [SUAS_main.turn_lap:636] - next wp: 5
2025-06-23 20:11:02,811 - SUAS - DEBUG - [SUAS_main.turn_lap:637] - wp_num:6
2025-06-23 20:11:02,862 - SUAS - DEBUG - [SUAS_main.turn_lap:636] - next wp: 5
2025-06-23 20:11:02,863 - SUAS - DEBUG - [SUAS_main.turn_lap:637] - wp_num:6
2025-06-23 20:11:02,914 - SUAS - DEBUG - [SUAS_main.turn_lap:636] - next wp: 5
2025-06-23 20:11:02,914 - SUAS - DEBUG - [SUAS_main.turn_lap:637] - wp_num:6
2025-06-23 20:11:02,965 - SUAS - DEBUG - [SUAS_main.turn_lap:636] - next wp: 5
2025-06-23 20:11:02,966 - SUAS - DEBUG - [SUAS_main.turn_lap:637] - wp_num:6
2025-06-23 20:11:03,017 - SUAS - DEBUG - [SUAS_main.turn_lap:636] - next wp: 5
2025-06-23 20:11:03,018 - SUAS - DEBUG - [SUAS_main.turn_lap:637] - wp_num:6
2025-06-23 20:11:03,069 - SUAS - DEBUG - [SUAS_main.turn_lap:636] - next wp: 5
2025-06-23 20:11:03,070 - SUAS - DEBUG - [SUAS_main.turn_lap:637] - wp_num:6
2025-06-23 20:11:03,121 - SUAS - DEBUG - [SUAS_main.turn_lap:636] - next wp: 5
2025-06-23 20:11:03,121 - SUAS - DEBUG - [SUAS_main.turn_lap:637] - wp_num:6
2025-06-23 20:11:03,172 - SUAS - DEBUG - [SUAS_main.turn_lap:636] - next wp: 5
2025-06-23 20:11:03,173 - SUAS - DEBUG - [SUAS_main.turn_lap:637] - wp_num:6
2025-06-23 20:11:03,224 - SUAS - DEBUG - [SUAS_main.turn_lap:636] - next wp: 5
2025-06-23 20:11:03,225 - SUAS - DEBUG - [SUAS_main.turn_lap:637] - wp_num:6
2025-06-23 20:11:03,275 - SUAS - DEBUG - [SUAS_main.turn_lap:636] - next wp: 5
2025-06-23 20:11:03,276 - SUAS - DEBUG - [SUAS_main.turn_lap:637] - wp_num:6
2025-06-23 20:11:03,327 - SUAS - DEBUG - [SUAS_main.turn_lap:636] - next wp: 5
2025-06-23 20:11:03,328 - SUAS - DEBUG - [SUAS_main.turn_lap:637] - wp_num:6
2025-06-23 20:11:03,379 - SUAS - DEBUG - [SUAS_main.turn_lap:636] - next wp: 5
2025-06-23 20:11:03,380 - SUAS - DEBUG - [SUAS_main.turn_lap:637] - wp_num:6
2025-06-23 20:11:03,431 - SUAS - DEBUG - [SUAS_main.turn_lap:636] - next wp: 5
2025-06-23 20:11:03,432 - SUAS - DEBUG - [SUAS_main.turn_lap:637] - wp_num:6
2025-06-23 20:11:03,482 - SUAS - DEBUG - [SUAS_main.turn_lap:636] - next wp: 5
2025-06-23 20:11:03,483 - SUAS - DEBUG - [SUAS_main.turn_lap:637] - wp_num:6
2025-06-23 20:11:03,534 - SUAS - DEBUG - [SUAS_main.turn_lap:636] - next wp: 5
2025-06-23 20:11:03,535 - SUAS - DEBUG - [SUAS_main.turn_lap:637] - wp_num:6
2025-06-23 20:11:03,586 - SUAS - DEBUG - [SUAS_main.turn_lap:636] - next wp: 5
2025-06-23 20:11:03,587 - SUAS - DEBUG - [SUAS_main.turn_lap:637] - wp_num:6
2025-06-23 20:11:03,638 - SUAS - DEBUG - [SUAS_main.turn_lap:636] - next wp: 5
2025-06-23 20:11:03,638 - SUAS - DEBUG - [SUAS_main.turn_lap:637] - wp_num:6
2025-06-23 20:11:03,689 - SUAS - DEBUG - [SUAS_main.turn_lap:636] - next wp: 5
2025-06-23 20:11:03,690 - SUAS - DEBUG - [SUAS_main.turn_lap:637] - wp_num:6
2025-06-23 20:11:03,741 - SUAS - DEBUG - [SUAS_main.turn_lap:636] - next wp: 5
2025-06-23 20:11:03,742 - SUAS - DEBUG - [SUAS_main.turn_lap:637] - wp_num:6
2025-06-23 20:11:03,793 - SUAS - DEBUG - [SUAS_main.turn_lap:636] - next wp: 5
2025-06-23 20:11:03,793 - SUAS - DEBUG - [SUAS_main.turn_lap:637] - wp_num:6
2025-06-23 20:11:03,844 - SUAS - DEBUG - [SUAS_main.turn_lap:636] - next wp: 5
2025-06-23 20:11:03,845 - SUAS - DEBUG - [SUAS_main.turn_lap:637] - wp_num:6
2025-06-23 20:11:03,896 - SUAS - DEBUG - [SUAS_main.turn_lap:636] - next wp: 5
2025-06-23 20:11:03,897 - SUAS - DEBUG - [SUAS_main.turn_lap:637] - wp_num:6
2025-06-23 20:11:03,948 - SUAS - DEBUG - [SUAS_main.turn_lap:636] - next wp: 5
2025-06-23 20:11:03,949 - SUAS - DEBUG - [SUAS_main.turn_lap:637] - wp_num:6
2025-06-23 20:11:04,000 - SUAS - DEBUG - [SUAS_main.turn_lap:636] - next wp: 5
2025-06-23 20:11:04,000 - SUAS - DEBUG - [SUAS_main.turn_lap:637] - wp_num:6
2025-06-23 20:11:04,051 - SUAS - DEBUG - [SUAS_main.turn_lap:636] - next wp: 5
2025-06-23 20:11:04,052 - SUAS - DEBUG - [SUAS_main.turn_lap:637] - wp_num:6
2025-06-23 20:11:04,103 - SUAS - DEBUG - [SUAS_main.turn_lap:636] - next wp: 5
2025-06-23 20:11:04,104 - SUAS - DEBUG - [SUAS_main.turn_lap:637] - wp_num:6
2025-06-23 20:11:04,155 - SUAS - DEBUG - [SUAS_main.turn_lap:636] - next wp: 5
2025-06-23 20:11:04,156 - SUAS - DEBUG - [SUAS_main.turn_lap:637] - wp_num:6
2025-06-23 20:11:04,206 - SUAS - DEBUG - [SUAS_main.turn_lap:636] - next wp: 5
2025-06-23 20:11:04,207 - SUAS - DEBUG - [SUAS_main.turn_lap:637] - wp_num:6
2025-06-23 20:11:04,258 - SUAS - DEBUG - [SUAS_main.turn_lap:636] - next wp: 5
2025-06-23 20:11:04,259 - SUAS - DEBUG - [SUAS_main.turn_lap:637] - wp_num:6
2025-06-23 20:11:04,310 - SUAS - DEBUG - [SUAS_main.turn_lap:636] - next wp: 5
2025-06-23 20:11:04,311 - SUAS - DEBUG - [SUAS_main.turn_lap:637] - wp_num:6
2025-06-23 20:11:04,362 - SUAS - DEBUG - [SUAS_main.turn_lap:636] - next wp: 5
2025-06-23 20:11:04,363 - SUAS - DEBUG - [SUAS_main.turn_lap:637] - wp_num:6
2025-06-23 20:11:04,414 - SUAS - DEBUG - [SUAS_main.turn_lap:636] - next wp: 5
2025-06-23 20:11:04,415 - SUAS - DEBUG - [SUAS_main.turn_lap:637] - wp_num:6
2025-06-23 20:11:04,466 - SUAS - DEBUG - [SUAS_main.turn_lap:636] - next wp: 5
2025-06-23 20:11:04,467 - SUAS - DEBUG - [SUAS_main.turn_lap:637] - wp_num:6
2025-06-23 20:11:04,517 - SUAS - DEBUG - [SUAS_main.turn_lap:636] - next wp: 5
2025-06-23 20:11:04,518 - SUAS - DEBUG - [SUAS_main.turn_lap:637] - wp_num:6
2025-06-23 20:11:04,569 - SUAS - DEBUG - [SUAS_main.turn_lap:636] - next wp: 5
2025-06-23 20:11:04,570 - SUAS - DEBUG - [SUAS_main.turn_lap:637] - wp_num:6
2025-06-23 20:11:04,621 - SUAS - DEBUG - [SUAS_main.turn_lap:636] - next wp: 5
2025-06-23 20:11:04,622 - SUAS - DEBUG - [SUAS_main.turn_lap:637] - wp_num:6
2025-06-23 20:11:04,673 - SUAS - DEBUG - [SUAS_main.turn_lap:636] - next wp: 5
2025-06-23 20:11:04,674 - SUAS - DEBUG - [SUAS_main.turn_lap:637] - wp_num:6
2025-06-23 20:11:04,725 - SUAS - DEBUG - [SUAS_main.turn_lap:636] - next wp: 5
2025-06-23 20:11:04,726 - SUAS - DEBUG - [SUAS_main.turn_lap:637] - wp_num:6
2025-06-23 20:11:04,777 - SUAS - DEBUG - [SUAS_main.turn_lap:636] - next wp: 5
2025-06-23 20:11:04,778 - SUAS - DEBUG - [SUAS_main.turn_lap:637] - wp_num:6
2025-06-23 20:11:04,828 - SUAS - DEBUG - [SUAS_main.turn_lap:636] - next wp: 5
2025-06-23 20:11:04,829 - SUAS - DEBUG - [SUAS_main.turn_lap:637] - wp_num:6
2025-06-23 20:11:04,880 - SUAS - DEBUG - [SUAS_main.turn_lap:636] - next wp: 5
2025-06-23 20:11:04,881 - SUAS - DEBUG - [SUAS_main.turn_lap:637] - wp_num:6
2025-06-23 20:11:04,932 - SUAS - DEBUG - [SUAS_main.turn_lap:636] - next wp: 5
2025-06-23 20:11:04,933 - SUAS - DEBUG - [SUAS_main.turn_lap:637] - wp_num:6
2025-06-23 20:11:04,984 - SUAS - DEBUG - [SUAS_main.turn_lap:636] - next wp: 5
2025-06-23 20:11:04,986 - SUAS - DEBUG - [SUAS_main.turn_lap:637] - wp_num:6
2025-06-23 20:11:05,037 - SUAS - DEBUG - [SUAS_main.turn_lap:636] - next wp: 5
2025-06-23 20:11:05,038 - SUAS - DEBUG - [SUAS_main.turn_lap:637] - wp_num:6
2025-06-23 20:11:05,089 - SUAS - DEBUG - [SUAS_main.turn_lap:636] - next wp: 5
2025-06-23 20:11:05,090 - SUAS - DEBUG - [SUAS_main.turn_lap:637] - wp_num:6
2025-06-23 20:11:05,141 - SUAS - DEBUG - [SUAS_main.turn_lap:636] - next wp: 5
2025-06-23 20:11:05,142 - SUAS - DEBUG - [SUAS_main.turn_lap:637] - wp_num:6
2025-06-23 20:11:05,192 - SUAS - DEBUG - [SUAS_main.turn_lap:636] - next wp: 5
2025-06-23 20:11:05,193 - SUAS - DEBUG - [SUAS_main.turn_lap:637] - wp_num:6
2025-06-23 20:11:05,244 - SUAS - DEBUG - [SUAS_main.turn_lap:636] - next wp: 5
2025-06-23 20:11:05,245 - SUAS - DEBUG - [SUAS_main.turn_lap:637] - wp_num:6
2025-06-23 20:11:05,296 - SUAS - DEBUG - [SUAS_main.turn_lap:636] - next wp: 5
2025-06-23 20:11:05,297 - SUAS - DEBUG - [SUAS_main.turn_lap:637] - wp_num:6
2025-06-23 20:11:05,347 - SUAS - DEBUG - [SUAS_main.turn_lap:636] - next wp: 5
2025-06-23 20:11:05,348 - SUAS - DEBUG - [SUAS_main.turn_lap:637] - wp_num:6
2025-06-23 20:11:05,400 - SUAS - DEBUG - [SUAS_main.turn_lap:636] - next wp: 5
2025-06-23 20:11:05,400 - SUAS - DEBUG - [SUAS_main.turn_lap:637] - wp_num:6
2025-06-23 20:11:05,451 - SUAS - DEBUG - [SUAS_main.turn_lap:636] - next wp: 5
2025-06-23 20:11:05,452 - SUAS - DEBUG - [SUAS_main.turn_lap:637] - wp_num:6
2025-06-23 20:11:05,503 - SUAS - DEBUG - [SUAS_main.turn_lap:636] - next wp: 5
2025-06-23 20:11:05,504 - SUAS - DEBUG - [SUAS_main.turn_lap:637] - wp_num:6
2025-06-23 20:11:05,555 - SUAS - DEBUG - [SUAS_main.turn_lap:636] - next wp: 5
2025-06-23 20:11:05,555 - SUAS - DEBUG - [SUAS_main.turn_lap:637] - wp_num:6
2025-06-23 20:11:05,606 - SUAS - DEBUG - [SUAS_main.turn_lap:636] - next wp: 5
2025-06-23 20:11:05,607 - SUAS - DEBUG - [SUAS_main.turn_lap:637] - wp_num:6
2025-06-23 20:11:05,658 - SUAS - DEBUG - [SUAS_main.turn_lap:636] - next wp: 5
2025-06-23 20:11:05,659 - SUAS - DEBUG - [SUAS_main.turn_lap:637] - wp_num:6
2025-06-23 20:11:05,710 - SUAS - DEBUG - [SUAS_main.turn_lap:636] - next wp: 5
2025-06-23 20:11:05,711 - SUAS - DEBUG - [SUAS_main.turn_lap:637] - wp_num:6
2025-06-23 20:11:05,762 - SUAS - DEBUG - [SUAS_main.turn_lap:636] - next wp: 5
2025-06-23 20:11:05,763 - SUAS - DEBUG - [SUAS_main.turn_lap:637] - wp_num:6
2025-06-23 20:11:05,814 - SUAS - DEBUG - [SUAS_main.turn_lap:636] - next wp: 5
2025-06-23 20:11:05,814 - SUAS - DEBUG - [SUAS_main.turn_lap:637] - wp_num:6
2025-06-23 20:11:05,865 - SUAS - DEBUG - [SUAS_main.turn_lap:636] - next wp: 5
2025-06-23 20:11:05,866 - SUAS - DEBUG - [SUAS_main.turn_lap:637] - wp_num:6
2025-06-23 20:11:05,917 - SUAS - DEBUG - [SUAS_main.turn_lap:636] - next wp: 5
2025-06-23 20:11:05,918 - SUAS - DEBUG - [SUAS_main.turn_lap:637] - wp_num:6
2025-06-23 20:11:05,969 - SUAS - DEBUG - [SUAS_main.turn_lap:636] - next wp: 5
2025-06-23 20:11:05,970 - SUAS - DEBUG - [SUAS_main.turn_lap:637] - wp_num:6
2025-06-23 20:11:06,020 - SUAS - DEBUG - [SUAS_main.turn_lap:636] - next wp: 5
2025-06-23 20:11:06,021 - SUAS - DEBUG - [SUAS_main.turn_lap:637] - wp_num:6
2025-06-23 20:11:06,072 - SUAS - DEBUG - [SUAS_main.turn_lap:636] - next wp: 5
2025-06-23 20:11:06,073 - SUAS - DEBUG - [SUAS_main.turn_lap:637] - wp_num:6
2025-06-23 20:11:06,124 - SUAS - DEBUG - [SUAS_main.turn_lap:636] - next wp: 5
2025-06-23 20:11:06,125 - SUAS - DEBUG - [SUAS_main.turn_lap:637] - wp_num:6
2025-06-23 20:11:06,176 - SUAS - DEBUG - [SUAS_main.turn_lap:636] - next wp: 5
2025-06-23 20:11:06,177 - SUAS - DEBUG - [SUAS_main.turn_lap:637] - wp_num:6
2025-06-23 20:11:06,227 - SUAS - DEBUG - [SUAS_main.turn_lap:636] - next wp: 5
2025-06-23 20:11:06,229 - SUAS - DEBUG - [SUAS_main.turn_lap:637] - wp_num:6
2025-06-23 20:11:06,280 - SUAS - DEBUG - [SUAS_main.turn_lap:636] - next wp: 5
2025-06-23 20:11:06,281 - SUAS - DEBUG - [SUAS_main.turn_lap:637] - wp_num:6
2025-06-23 20:11:06,331 - SUAS - DEBUG - [SUAS_main.turn_lap:636] - next wp: 5
2025-06-23 20:11:06,332 - SUAS - DEBUG - [SUAS_main.turn_lap:637] - wp_num:6
2025-06-23 20:11:06,383 - SUAS - DEBUG - [SUAS_main.turn_lap:636] - next wp: 5
2025-06-23 20:11:06,384 - SUAS - DEBUG - [SUAS_main.turn_lap:637] - wp_num:6
2025-06-23 20:11:06,435 - SUAS - DEBUG - [SUAS_main.turn_lap:636] - next wp: 5
2025-06-23 20:11:06,436 - SUAS - DEBUG - [SUAS_main.turn_lap:637] - wp_num:6
2025-06-23 20:11:06,486 - SUAS - DEBUG - [SUAS_main.turn_lap:636] - next wp: 5
2025-06-23 20:11:06,487 - SUAS - DEBUG - [SUAS_main.turn_lap:637] - wp_num:6
2025-06-23 20:11:06,538 - SUAS - DEBUG - [SUAS_main.turn_lap:636] - next wp: 5
2025-06-23 20:11:06,539 - SUAS - DEBUG - [SUAS_main.turn_lap:637] - wp_num:6
2025-06-23 20:11:06,590 - SUAS - DEBUG - [SUAS_main.turn_lap:636] - next wp: 5
2025-06-23 20:11:06,591 - SUAS - DEBUG - [SUAS_main.turn_lap:637] - wp_num:6
2025-06-23 20:11:06,642 - SUAS - DEBUG - [SUAS_main.turn_lap:636] - next wp: 5
2025-06-23 20:11:06,642 - SUAS - DEBUG - [SUAS_main.turn_lap:637] - wp_num:6
2025-06-23 20:11:06,693 - SUAS - DEBUG - [SUAS_main.turn_lap:636] - next wp: 5
2025-06-23 20:11:06,694 - SUAS - DEBUG - [SUAS_main.turn_lap:637] - wp_num:6
2025-06-23 20:11:06,745 - SUAS - DEBUG - [SUAS_main.turn_lap:636] - next wp: 5
2025-06-23 20:11:06,746 - SUAS - DEBUG - [SUAS_main.turn_lap:637] - wp_num:6
2025-06-23 20:11:06,797 - SUAS - DEBUG - [SUAS_main.turn_lap:636] - next wp: 5
2025-06-23 20:11:06,798 - SUAS - DEBUG - [SUAS_main.turn_lap:637] - wp_num:6
2025-06-23 20:11:06,849 - SUAS - DEBUG - [SUAS_main.turn_lap:636] - next wp: 5
2025-06-23 20:11:06,849 - SUAS - DEBUG - [SUAS_main.turn_lap:637] - wp_num:6
2025-06-23 20:11:06,900 - SUAS - DEBUG - [SUAS_main.turn_lap:636] - next wp: 5
2025-06-23 20:11:06,901 - SUAS - DEBUG - [SUAS_main.turn_lap:637] - wp_num:6
2025-06-23 20:11:06,952 - SUAS - DEBUG - [SUAS_main.turn_lap:636] - next wp: 5
2025-06-23 20:11:06,953 - SUAS - DEBUG - [SUAS_main.turn_lap:637] - wp_num:6
2025-06-23 20:11:07,003 - SUAS - DEBUG - [SUAS_main.turn_lap:636] - next wp: 5
2025-06-23 20:11:07,004 - SUAS - DEBUG - [SUAS_main.turn_lap:637] - wp_num:6
2025-06-23 20:11:07,055 - SUAS - DEBUG - [SUAS_main.turn_lap:636] - next wp: 5
2025-06-23 20:11:07,056 - SUAS - DEBUG - [SUAS_main.turn_lap:637] - wp_num:6
2025-06-23 20:11:07,107 - SUAS - DEBUG - [SUAS_main.turn_lap:636] - next wp: 5
2025-06-23 20:11:07,108 - SUAS - DEBUG - [SUAS_main.turn_lap:637] - wp_num:6
2025-06-23 20:11:07,159 - SUAS - DEBUG - [SUAS_main.turn_lap:636] - next wp: 5
2025-06-23 20:11:07,160 - SUAS - DEBUG - [SUAS_main.turn_lap:637] - wp_num:6
2025-06-23 20:11:07,210 - SUAS - DEBUG - [SUAS_main.turn_lap:636] - next wp: 5
2025-06-23 20:11:07,212 - SUAS - DEBUG - [SUAS_main.turn_lap:637] - wp_num:6
2025-06-23 20:11:07,263 - SUAS - DEBUG - [SUAS_main.turn_lap:636] - next wp: 5
2025-06-23 20:11:07,264 - SUAS - DEBUG - [SUAS_main.turn_lap:637] - wp_num:6
2025-06-23 20:11:07,314 - SUAS - DEBUG - [SUAS_main.turn_lap:636] - next wp: 5
2025-06-23 20:11:07,315 - SUAS - DEBUG - [SUAS_main.turn_lap:637] - wp_num:6
2025-06-23 20:11:07,366 - SUAS - DEBUG - [SUAS_main.turn_lap:636] - next wp: 5
2025-06-23 20:11:07,367 - SUAS - DEBUG - [SUAS_main.turn_lap:637] - wp_num:6
2025-06-23 20:11:07,418 - SUAS - DEBUG - [SUAS_main.turn_lap:636] - next wp: 5
2025-06-23 20:11:07,419 - SUAS - DEBUG - [SUAS_main.turn_lap:637] - wp_num:6
2025-06-23 20:11:07,470 - SUAS - DEBUG - [SUAS_main.turn_lap:636] - next wp: 5
2025-06-23 20:11:07,471 - SUAS - DEBUG - [SUAS_main.turn_lap:637] - wp_num:6
2025-06-23 20:11:07,522 - SUAS - DEBUG - [SUAS_main.turn_lap:636] - next wp: 5
2025-06-23 20:11:07,523 - SUAS - DEBUG - [SUAS_main.turn_lap:637] - wp_num:6
2025-06-23 20:11:07,574 - SUAS - DEBUG - [SUAS_main.turn_lap:636] - next wp: 5
2025-06-23 20:11:07,574 - SUAS - DEBUG - [SUAS_main.turn_lap:637] - wp_num:6
2025-06-23 20:11:07,625 - SUAS - DEBUG - [SUAS_main.turn_lap:636] - next wp: 5
2025-06-23 20:11:07,627 - SUAS - DEBUG - [SUAS_main.turn_lap:637] - wp_num:6
2025-06-23 20:11:07,678 - SUAS - DEBUG - [SUAS_main.turn_lap:636] - next wp: 5
2025-06-23 20:11:07,679 - SUAS - DEBUG - [SUAS_main.turn_lap:637] - wp_num:6
2025-06-23 20:11:07,729 - SUAS - DEBUG - [SUAS_main.turn_lap:636] - next wp: 5
2025-06-23 20:11:07,730 - SUAS - DEBUG - [SUAS_main.turn_lap:637] - wp_num:6
2025-06-23 20:11:07,781 - SUAS - DEBUG - [SUAS_main.turn_lap:636] - next wp: 5
2025-06-23 20:11:07,783 - SUAS - DEBUG - [SUAS_main.turn_lap:637] - wp_num:6
2025-06-23 20:11:07,833 - SUAS - DEBUG - [SUAS_main.turn_lap:636] - next wp: 5
2025-06-23 20:11:07,834 - SUAS - DEBUG - [SUAS_main.turn_lap:637] - wp_num:6
2025-06-23 20:11:07,885 - SUAS - DEBUG - [SUAS_main.turn_lap:636] - next wp: 5
2025-06-23 20:11:07,886 - SUAS - DEBUG - [SUAS_main.turn_lap:637] - wp_num:6
2025-06-23 20:11:07,937 - SUAS - DEBUG - [SUAS_main.turn_lap:636] - next wp: 5
2025-06-23 20:11:07,938 - SUAS - DEBUG - [SUAS_main.turn_lap:637] - wp_num:6
2025-06-23 20:11:07,989 - SUAS - DEBUG - [SUAS_main.turn_lap:636] - next wp: 5
2025-06-23 20:11:07,990 - SUAS - DEBUG - [SUAS_main.turn_lap:637] - wp_num:6
2025-06-23 20:11:08,041 - SUAS - DEBUG - [SUAS_main.turn_lap:636] - next wp: 5
2025-06-23 20:11:08,042 - SUAS - DEBUG - [SUAS_main.turn_lap:637] - wp_num:6
2025-06-23 20:11:08,093 - SUAS - DEBUG - [SUAS_main.turn_lap:636] - next wp: 5
2025-06-23 20:11:08,094 - SUAS - DEBUG - [SUAS_main.turn_lap:637] - wp_num:6
2025-06-23 20:11:08,146 - SUAS - DEBUG - [SUAS_main.turn_lap:636] - next wp: 5
2025-06-23 20:11:08,147 - SUAS - DEBUG - [SUAS_main.turn_lap:637] - wp_num:6
2025-06-23 20:11:08,199 - SUAS - DEBUG - [SUAS_main.turn_lap:636] - next wp: 5
2025-06-23 20:11:08,200 - SUAS - DEBUG - [SUAS_main.turn_lap:637] - wp_num:6
2025-06-23 20:11:08,251 - SUAS - DEBUG - [SUAS_main.turn_lap:636] - next wp: 5
2025-06-23 20:11:08,252 - SUAS - DEBUG - [SUAS_main.turn_lap:637] - wp_num:6
2025-06-23 20:11:08,302 - SUAS - DEBUG - [SUAS_main.turn_lap:636] - next wp: 5
2025-06-23 20:11:08,303 - SUAS - DEBUG - [SUAS_main.turn_lap:637] - wp_num:6
2025-06-23 20:11:08,354 - SUAS - DEBUG - [SUAS_main.turn_lap:636] - next wp: 5
2025-06-23 20:11:08,355 - SUAS - DEBUG - [SUAS_main.turn_lap:637] - wp_num:6
2025-06-23 20:11:08,406 - SUAS - DEBUG - [SUAS_main.turn_lap:636] - next wp: 5
2025-06-23 20:11:08,407 - SUAS - DEBUG - [SUAS_main.turn_lap:637] - wp_num:6
2025-06-23 20:11:08,458 - SUAS - DEBUG - [SUAS_main.turn_lap:636] - next wp: 5
2025-06-23 20:11:08,459 - SUAS - DEBUG - [SUAS_main.turn_lap:637] - wp_num:6
2025-06-23 20:11:08,510 - SUAS - DEBUG - [SUAS_main.turn_lap:636] - next wp: 5
2025-06-23 20:11:08,511 - SUAS - DEBUG - [SUAS_main.turn_lap:637] - wp_num:6
2025-06-23 20:11:08,562 - SUAS - DEBUG - [SUAS_main.turn_lap:636] - next wp: 5
2025-06-23 20:11:08,563 - SUAS - DEBUG - [SUAS_main.turn_lap:637] - wp_num:6
2025-06-23 20:11:08,614 - SUAS - DEBUG - [SUAS_main.turn_lap:636] - next wp: 5
2025-06-23 20:11:08,615 - SUAS - DEBUG - [SUAS_main.turn_lap:637] - wp_num:6
2025-06-23 20:11:08,666 - SUAS - DEBUG - [SUAS_main.turn_lap:636] - next wp: 5
2025-06-23 20:11:08,667 - SUAS - DEBUG - [SUAS_main.turn_lap:637] - wp_num:6
2025-06-23 20:11:08,718 - SUAS - DEBUG - [SUAS_main.turn_lap:636] - next wp: 5
2025-06-23 20:11:08,719 - SUAS - DEBUG - [SUAS_main.turn_lap:637] - wp_num:6
2025-06-23 20:11:08,770 - SUAS - DEBUG - [SUAS_main.turn_lap:636] - next wp: 5
2025-06-23 20:11:08,772 - SUAS - DEBUG - [SUAS_main.turn_lap:637] - wp_num:6
2025-06-23 20:11:08,822 - SUAS - DEBUG - [SUAS_main.turn_lap:636] - next wp: 5
2025-06-23 20:11:08,823 - SUAS - DEBUG - [SUAS_main.turn_lap:637] - wp_num:6
2025-06-23 20:11:08,874 - SUAS - DEBUG - [SUAS_main.turn_lap:636] - next wp: 5
2025-06-23 20:11:08,875 - SUAS - DEBUG - [SUAS_main.turn_lap:637] - wp_num:6
2025-06-23 20:11:08,926 - SUAS - DEBUG - [SUAS_main.turn_lap:636] - next wp: 5
2025-06-23 20:11:08,927 - SUAS - DEBUG - [SUAS_main.turn_lap:637] - wp_num:6
2025-06-23 20:11:08,978 - SUAS - DEBUG - [SUAS_main.turn_lap:636] - next wp: 5
2025-06-23 20:11:08,979 - SUAS - DEBUG - [SUAS_main.turn_lap:637] - wp_num:6
2025-06-23 20:11:09,030 - SUAS - DEBUG - [SUAS_main.turn_lap:636] - next wp: 5
2025-06-23 20:11:09,031 - SUAS - DEBUG - [SUAS_main.turn_lap:637] - wp_num:6
2025-06-23 20:11:09,082 - SUAS - DEBUG - [SUAS_main.turn_lap:636] - next wp: 5
2025-06-23 20:11:09,083 - SUAS - DEBUG - [SUAS_main.turn_lap:637] - wp_num:6
2025-06-23 20:11:09,133 - SUAS - DEBUG - [SUAS_main.turn_lap:636] - next wp: 5
2025-06-23 20:11:09,134 - SUAS - DEBUG - [SUAS_main.turn_lap:637] - wp_num:6
2025-06-23 20:11:09,185 - SUAS - DEBUG - [SUAS_main.turn_lap:636] - next wp: 5
2025-06-23 20:11:09,186 - SUAS - DEBUG - [SUAS_main.turn_lap:637] - wp_num:6
2025-06-23 20:11:09,237 - SUAS - DEBUG - [SUAS_main.turn_lap:636] - next wp: 5
2025-06-23 20:11:09,238 - SUAS - DEBUG - [SUAS_main.turn_lap:637] - wp_num:6
2025-06-23 20:11:09,289 - SUAS - DEBUG - [SUAS_main.turn_lap:636] - next wp: 5
2025-06-23 20:11:09,290 - SUAS - DEBUG - [SUAS_main.turn_lap:637] - wp_num:6
2025-06-23 20:11:09,341 - SUAS - DEBUG - [SUAS_main.turn_lap:636] - next wp: 5
2025-06-23 20:11:09,341 - SUAS - DEBUG - [SUAS_main.turn_lap:637] - wp_num:6
2025-06-23 20:11:09,392 - SUAS - DEBUG - [SUAS_main.turn_lap:636] - next wp: 5
2025-06-23 20:11:09,393 - SUAS - DEBUG - [SUAS_main.turn_lap:637] - wp_num:6
2025-06-23 20:11:09,444 - SUAS - DEBUG - [SUAS_main.turn_lap:636] - next wp: 5
2025-06-23 20:11:09,445 - SUAS - DEBUG - [SUAS_main.turn_lap:637] - wp_num:6
2025-06-23 20:11:09,496 - SUAS - DEBUG - [SUAS_main.turn_lap:636] - next wp: 5
2025-06-23 20:11:09,497 - SUAS - DEBUG - [SUAS_main.turn_lap:637] - wp_num:6
2025-06-23 20:11:09,548 - SUAS - DEBUG - [SUAS_main.turn_lap:636] - next wp: 5
2025-06-23 20:11:09,549 - SUAS - DEBUG - [SUAS_main.turn_lap:637] - wp_num:6
2025-06-23 20:11:09,599 - SUAS - DEBUG - [SUAS_main.turn_lap:636] - next wp: 5
2025-06-23 20:11:09,600 - SUAS - DEBUG - [SUAS_main.turn_lap:637] - wp_num:6
2025-06-23 20:11:09,651 - SUAS - DEBUG - [SUAS_main.turn_lap:636] - next wp: 5
2025-06-23 20:11:09,652 - SUAS - DEBUG - [SUAS_main.turn_lap:637] - wp_num:6
2025-06-23 20:11:09,703 - SUAS - DEBUG - [SUAS_main.turn_lap:636] - next wp: 5
2025-06-23 20:11:09,704 - SUAS - DEBUG - [SUAS_main.turn_lap:637] - wp_num:6
2025-06-23 20:11:09,754 - SUAS - DEBUG - [SUAS_main.turn_lap:636] - next wp: 5
2025-06-23 20:11:09,755 - SUAS - DEBUG - [SUAS_main.turn_lap:637] - wp_num:6
2025-06-23 20:11:09,806 - SUAS - DEBUG - [SUAS_main.turn_lap:636] - next wp: 5
2025-06-23 20:11:09,807 - SUAS - DEBUG - [SUAS_main.turn_lap:637] - wp_num:6
2025-06-23 20:11:09,858 - SUAS - DEBUG - [SUAS_main.turn_lap:636] - next wp: 5
2025-06-23 20:11:09,859 - SUAS - DEBUG - [SUAS_main.turn_lap:637] - wp_num:6
2025-06-23 20:11:09,910 - SUAS - DEBUG - [SUAS_main.turn_lap:636] - next wp: 5
2025-06-23 20:11:09,910 - SUAS - DEBUG - [SUAS_main.turn_lap:637] - wp_num:6
2025-06-23 20:11:09,962 - SUAS - DEBUG - [SUAS_main.turn_lap:636] - next wp: 5
2025-06-23 20:11:09,962 - SUAS - DEBUG - [SUAS_main.turn_lap:637] - wp_num:6
2025-06-23 20:11:10,013 - SUAS - DEBUG - [SUAS_main.turn_lap:636] - next wp: 5
2025-06-23 20:11:10,014 - SUAS - DEBUG - [SUAS_main.turn_lap:637] - wp_num:6
2025-06-23 20:11:10,065 - SUAS - DEBUG - [SUAS_main.turn_lap:636] - next wp: 5
2025-06-23 20:11:10,066 - SUAS - DEBUG - [SUAS_main.turn_lap:637] - wp_num:6
2025-06-23 20:11:10,117 - SUAS - DEBUG - [SUAS_main.turn_lap:636] - next wp: 5
2025-06-23 20:11:10,118 - SUAS - DEBUG - [SUAS_main.turn_lap:637] - wp_num:6
2025-06-23 20:11:10,169 - SUAS - DEBUG - [SUAS_main.turn_lap:636] - next wp: 6
2025-06-23 20:11:10,170 - SUAS - DEBUG - [SUAS_main.turn_lap:637] - wp_num:6
2025-06-23 20:11:10,170 - SUAS - DEBUG - [SUAS_main.turn_lap:639] - Air Drop Stage
2025-06-23 20:11:10,678 - SUAS - DEBUG - [SUAS_main.watcher:148] - Mode changed: AUTO -> GUIDED
2025-06-23 20:11:10,679 - SUAS - DEBUG - [SUAS_main.on_mode_change:166] - Unhandled mode change: GUIDED
2025-06-23 20:11:10,723 - SUAS - DEBUG - [SUAS_main.turn_lap:647] - VehicleMode:GUIDED moduna geçildi
2025-06-23 20:11:10,723 - SUAS - DEBUG - [SUAS_main.real_drop:608] - Pathe gidiliyor 2
2025-06-23 20:11:10,724 - SUAS - DEBUG - [SUAS_main.real_drop:557] - konuma gidiliyor: (38.8509765, -76.6996658)
2025-06-23 20:11:10,727 - SUAS - DEBUG - [SUAS_main.wait:321] - waite girildi timestamp: 2025-06-23 20:11:10
2025-06-23 20:11:10,828 - SUAS - DEBUG - [SUAS_main.wait:323] - Waiting for the vehicle to reach the target point...
2025-06-23 20:11:21,176 - SUAS - DEBUG - [SUAS_main.wait:332] - Reached the target point after the break
2025-06-23 20:11:21,178 - SUAS - DEBUG - [SUAS_main.set_servo:270] - set_servo function has successfully executed. With arguments: Channel: 14, PWM Value: 1400
2025-06-23 20:11:21,179 - SUAS - DEBUG - [SUAS_main.real_drop:575] - Servo activated: channel=(14, 1400)
2025-06-23 20:11:23,182 - SUAS - DEBUG - [SUAS_main.set_servo:270] - set_servo function has successfully executed. With arguments: Channel: 14, PWM Value: 0
2025-06-23 20:11:23,183 - SUAS - DEBUG - [SUAS_main.real_drop:578] - Servo deactivated: channel=14
2025-06-23 20:11:48,210 - SUAS - DEBUG - [SUAS_main.turn_lap:617] - Turn Lap
2025-06-23 20:11:48,312 - SUAS - DEBUG - [SUAS_main.turn_lap:621] - Download Waypoints - Completed
2025-06-23 20:11:48,313 - SUAS - DEBUG - [SUAS_main.turn_lap:623] - WP SET TO 2
2025-06-23 20:11:48,825 - SUAS - DEBUG - [SUAS_main.watcher:148] - Mode changed: GUIDED -> AUTO
2025-06-23 20:11:48,826 - SUAS - DEBUG - [SUAS_main.on_mode_change:166] - Unhandled mode change: AUTO
2025-06-23 20:11:48,866 - SUAS - DEBUG - [SUAS_main.turn_lap:628] - VehicleMode:AUTO moduna geçildi
2025-06-23 20:11:48,917 - SUAS - DEBUG - [SUAS_main.turn_lap:636] - next wp: 2
2025-06-23 20:11:48,918 - SUAS - DEBUG - [SUAS_main.turn_lap:637] - wp_num:6
2025-06-23 20:11:48,969 - SUAS - DEBUG - [SUAS_main.turn_lap:636] - next wp: 2
2025-06-23 20:11:48,970 - SUAS - DEBUG - [SUAS_main.turn_lap:637] - wp_num:6
2025-06-23 20:11:49,021 - SUAS - DEBUG - [SUAS_main.turn_lap:636] - next wp: 2
2025-06-23 20:11:49,021 - SUAS - DEBUG - [SUAS_main.turn_lap:637] - wp_num:6
2025-06-23 20:11:49,072 - SUAS - DEBUG - [SUAS_main.turn_lap:636] - next wp: 2
2025-06-23 20:11:49,073 - SUAS - DEBUG - [SUAS_main.turn_lap:637] - wp_num:6
2025-06-23 20:11:49,124 - SUAS - DEBUG - [SUAS_main.turn_lap:636] - next wp: 2
2025-06-23 20:11:49,125 - SUAS - DEBUG - [SUAS_main.turn_lap:637] - wp_num:6
2025-06-23 20:11:49,176 - SUAS - DEBUG - [SUAS_main.turn_lap:636] - next wp: 2
2025-06-23 20:11:49,176 - SUAS - DEBUG - [SUAS_main.turn_lap:637] - wp_num:6
2025-06-23 20:11:49,227 - SUAS - DEBUG - [SUAS_main.turn_lap:636] - next wp: 2
2025-06-23 20:11:49,228 - SUAS - DEBUG - [SUAS_main.turn_lap:637] - wp_num:6
2025-06-23 20:11:49,280 - SUAS - DEBUG - [SUAS_main.turn_lap:636] - next wp: 2
2025-06-23 20:11:49,281 - SUAS - DEBUG - [SUAS_main.turn_lap:637] - wp_num:6
2025-06-23 20:11:49,332 - SUAS - DEBUG - [SUAS_main.turn_lap:636] - next wp: 2
2025-06-23 20:11:49,334 - SUAS - DEBUG - [SUAS_main.turn_lap:637] - wp_num:6
2025-06-23 20:11:49,386 - SUAS - DEBUG - [SUAS_main.turn_lap:636] - next wp: 2
2025-06-23 20:11:49,387 - SUAS - DEBUG - [SUAS_main.turn_lap:637] - wp_num:6
2025-06-23 20:11:49,438 - SUAS - DEBUG - [SUAS_main.turn_lap:636] - next wp: 2
2025-06-23 20:11:49,439 - SUAS - DEBUG - [SUAS_main.turn_lap:637] - wp_num:6
2025-06-23 20:11:49,489 - SUAS - DEBUG - [SUAS_main.turn_lap:636] - next wp: 2
2025-06-23 20:11:49,490 - SUAS - DEBUG - [SUAS_main.turn_lap:637] - wp_num:6
2025-06-23 20:11:49,541 - SUAS - DEBUG - [SUAS_main.turn_lap:636] - next wp: 2
2025-06-23 20:11:49,542 - SUAS - DEBUG - [SUAS_main.turn_lap:637] - wp_num:6
2025-06-23 20:11:49,593 - SUAS - DEBUG - [SUAS_main.turn_lap:636] - next wp: 2
2025-06-23 20:11:49,594 - SUAS - DEBUG - [SUAS_main.turn_lap:637] - wp_num:6
2025-06-23 20:11:49,644 - SUAS - DEBUG - [SUAS_main.turn_lap:636] - next wp: 2
2025-06-23 20:11:49,645 - SUAS - DEBUG - [SUAS_main.turn_lap:637] - wp_num:6
2025-06-23 20:11:49,696 - SUAS - DEBUG - [SUAS_main.turn_lap:636] - next wp: 2
2025-06-23 20:11:49,697 - SUAS - DEBUG - [SUAS_main.turn_lap:637] - wp_num:6
2025-06-23 20:11:49,747 - SUAS - DEBUG - [SUAS_main.turn_lap:636] - next wp: 2
2025-06-23 20:11:49,748 - SUAS - DEBUG - [SUAS_main.turn_lap:637] - wp_num:6
2025-06-23 20:11:49,799 - SUAS - DEBUG - [SUAS_main.turn_lap:636] - next wp: 2
2025-06-23 20:11:49,800 - SUAS - DEBUG - [SUAS_main.turn_lap:637] - wp_num:6
2025-06-23 20:11:49,850 - SUAS - DEBUG - [SUAS_main.turn_lap:636] - next wp: 2
2025-06-23 20:11:49,851 - SUAS - DEBUG - [SUAS_main.turn_lap:637] - wp_num:6
2025-06-23 20:11:49,902 - SUAS - DEBUG - [SUAS_main.turn_lap:636] - next wp: 2
2025-06-23 20:11:49,903 - SUAS - DEBUG - [SUAS_main.turn_lap:637] - wp_num:6
2025-06-23 20:11:49,954 - SUAS - DEBUG - [SUAS_main.turn_lap:636] - next wp: 2
2025-06-23 20:11:49,955 - SUAS - DEBUG - [SUAS_main.turn_lap:637] - wp_num:6
2025-06-23 20:11:50,006 - SUAS - DEBUG - [SUAS_main.turn_lap:636] - next wp: 2
2025-06-23 20:11:50,007 - SUAS - DEBUG - [SUAS_main.turn_lap:637] - wp_num:6
2025-06-23 20:11:50,058 - SUAS - DEBUG - [SUAS_main.turn_lap:636] - next wp: 2
2025-06-23 20:11:50,059 - SUAS - DEBUG - [SUAS_main.turn_lap:637] - wp_num:6
2025-06-23 20:11:50,110 - SUAS - DEBUG - [SUAS_main.turn_lap:636] - next wp: 2
2025-06-23 20:11:50,111 - SUAS - DEBUG - [SUAS_main.turn_lap:637] - wp_num:6
2025-06-23 20:11:50,162 - SUAS - DEBUG - [SUAS_main.turn_lap:636] - next wp: 2
2025-06-23 20:11:50,162 - SUAS - DEBUG - [SUAS_main.turn_lap:637] - wp_num:6
2025-06-23 20:11:50,213 - SUAS - DEBUG - [SUAS_main.turn_lap:636] - next wp: 2
2025-06-23 20:11:50,214 - SUAS - DEBUG - [SUAS_main.turn_lap:637] - wp_num:6
2025-06-23 20:11:50,265 - SUAS - DEBUG - [SUAS_main.turn_lap:636] - next wp: 2
2025-06-23 20:11:50,266 - SUAS - DEBUG - [SUAS_main.turn_lap:637] - wp_num:6
2025-06-23 20:11:50,317 - SUAS - DEBUG - [SUAS_main.turn_lap:636] - next wp: 2
2025-06-23 20:11:50,318 - SUAS - DEBUG - [SUAS_main.turn_lap:637] - wp_num:6
2025-06-23 20:11:50,368 - SUAS - DEBUG - [SUAS_main.turn_lap:636] - next wp: 2
2025-06-23 20:11:50,369 - SUAS - DEBUG - [SUAS_main.turn_lap:637] - wp_num:6
2025-06-23 20:11:50,420 - SUAS - DEBUG - [SUAS_main.turn_lap:636] - next wp: 2
2025-06-23 20:11:50,421 - SUAS - DEBUG - [SUAS_main.turn_lap:637] - wp_num:6
2025-06-23 20:11:50,472 - SUAS - DEBUG - [SUAS_main.turn_lap:636] - next wp: 2
2025-06-23 20:11:50,473 - SUAS - DEBUG - [SUAS_main.turn_lap:637] - wp_num:6
2025-06-23 20:11:50,524 - SUAS - DEBUG - [SUAS_main.turn_lap:636] - next wp: 2
2025-06-23 20:11:50,532 - SUAS - DEBUG - [SUAS_main.turn_lap:637] - wp_num:6
2025-06-23 20:11:50,583 - SUAS - DEBUG - [SUAS_main.turn_lap:636] - next wp: 2
2025-06-23 20:11:50,584 - SUAS - DEBUG - [SUAS_main.turn_lap:637] - wp_num:6
2025-06-23 20:11:50,635 - SUAS - DEBUG - [SUAS_main.turn_lap:636] - next wp: 2
2025-06-23 20:11:50,635 - SUAS - DEBUG - [SUAS_main.turn_lap:637] - wp_num:6
2025-06-23 20:11:50,686 - SUAS - DEBUG - [SUAS_main.turn_lap:636] - next wp: 2
2025-06-23 20:11:50,687 - SUAS - DEBUG - [SUAS_main.turn_lap:637] - wp_num:6
2025-06-23 20:11:50,738 - SUAS - DEBUG - [SUAS_main.turn_lap:636] - next wp: 2
2025-06-23 20:11:50,739 - SUAS - DEBUG - [SUAS_main.turn_lap:637] - wp_num:6
2025-06-23 20:11:50,790 - SUAS - DEBUG - [SUAS_main.turn_lap:636] - next wp: 2
2025-06-23 20:11:50,791 - SUAS - DEBUG - [SUAS_main.turn_lap:637] - wp_num:6
2025-06-23 20:11:50,842 - SUAS - DEBUG - [SUAS_main.turn_lap:636] - next wp: 2
2025-06-23 20:11:50,843 - SUAS - DEBUG - [SUAS_main.turn_lap:637] - wp_num:6
2025-06-23 20:11:50,894 - SUAS - DEBUG - [SUAS_main.turn_lap:636] - next wp: 2
2025-06-23 20:11:50,894 - SUAS - DEBUG - [SUAS_main.turn_lap:637] - wp_num:6
2025-06-23 20:11:50,945 - SUAS - DEBUG - [SUAS_main.turn_lap:636] - next wp: 2
2025-06-23 20:11:50,946 - SUAS - DEBUG - [SUAS_main.turn_lap:637] - wp_num:6
2025-06-23 20:11:50,997 - SUAS - DEBUG - [SUAS_main.turn_lap:636] - next wp: 2
2025-06-23 20:11:50,998 - SUAS - DEBUG - [SUAS_main.turn_lap:637] - wp_num:6
2025-06-23 20:11:51,049 - SUAS - DEBUG - [SUAS_main.turn_lap:636] - next wp: 2
2025-06-23 20:11:51,050 - SUAS - DEBUG - [SUAS_main.turn_lap:637] - wp_num:6
2025-06-23 20:11:51,101 - SUAS - DEBUG - [SUAS_main.turn_lap:636] - next wp: 2
2025-06-23 20:11:51,102 - SUAS - DEBUG - [SUAS_main.turn_lap:637] - wp_num:6
2025-06-23 20:11:51,152 - SUAS - DEBUG - [SUAS_main.turn_lap:636] - next wp: 2
2025-06-23 20:11:51,153 - SUAS - DEBUG - [SUAS_main.turn_lap:637] - wp_num:6
2025-06-23 20:11:51,204 - SUAS - DEBUG - [SUAS_main.turn_lap:636] - next wp: 2
2025-06-23 20:11:51,205 - SUAS - DEBUG - [SUAS_main.turn_lap:637] - wp_num:6
2025-06-23 20:11:51,256 - SUAS - DEBUG - [SUAS_main.turn_lap:636] - next wp: 2
2025-06-23 20:11:51,257 - SUAS - DEBUG - [SUAS_main.turn_lap:637] - wp_num:6
2025-06-23 20:11:51,308 - SUAS - DEBUG - [SUAS_main.turn_lap:636] - next wp: 2
2025-06-23 20:11:51,309 - SUAS - DEBUG - [SUAS_main.turn_lap:637] - wp_num:6
2025-06-23 20:11:51,360 - SUAS - DEBUG - [SUAS_main.turn_lap:636] - next wp: 2
2025-06-23 20:11:51,360 - SUAS - DEBUG - [SUAS_main.turn_lap:637] - wp_num:6
2025-06-23 20:11:51,412 - SUAS - DEBUG - [SUAS_main.turn_lap:636] - next wp: 2
2025-06-23 20:11:51,413 - SUAS - DEBUG - [SUAS_main.turn_lap:637] - wp_num:6
2025-06-23 20:11:51,464 - SUAS - DEBUG - [SUAS_main.turn_lap:636] - next wp: 2
2025-06-23 20:11:51,465 - SUAS - DEBUG - [SUAS_main.turn_lap:637] - wp_num:6
2025-06-23 20:11:51,515 - SUAS - DEBUG - [SUAS_main.turn_lap:636] - next wp: 2
2025-06-23 20:11:51,516 - SUAS - DEBUG - [SUAS_main.turn_lap:637] - wp_num:6
2025-06-23 20:11:51,567 - SUAS - DEBUG - [SUAS_main.turn_lap:636] - next wp: 2
2025-06-23 20:11:51,569 - SUAS - DEBUG - [SUAS_main.turn_lap:637] - wp_num:6
2025-06-23 20:11:51,620 - SUAS - DEBUG - [SUAS_main.turn_lap:636] - next wp: 2
2025-06-23 20:11:51,621 - SUAS - DEBUG - [SUAS_main.turn_lap:637] - wp_num:6
2025-06-23 20:11:51,672 - SUAS - DEBUG - [SUAS_main.turn_lap:636] - next wp: 2
2025-06-23 20:11:51,673 - SUAS - DEBUG - [SUAS_main.turn_lap:637] - wp_num:6
2025-06-23 20:11:51,724 - SUAS - DEBUG - [SUAS_main.turn_lap:636] - next wp: 2
2025-06-23 20:11:51,724 - SUAS - DEBUG - [SUAS_main.turn_lap:637] - wp_num:6
2025-06-23 20:11:51,775 - SUAS - DEBUG - [SUAS_main.turn_lap:636] - next wp: 2
2025-06-23 20:11:51,776 - SUAS - DEBUG - [SUAS_main.turn_lap:637] - wp_num:6
2025-06-23 20:11:51,827 - SUAS - DEBUG - [SUAS_main.turn_lap:636] - next wp: 2
2025-06-23 20:11:51,828 - SUAS - DEBUG - [SUAS_main.turn_lap:637] - wp_num:6
2025-06-23 20:11:51,879 - SUAS - DEBUG - [SUAS_main.turn_lap:636] - next wp: 2
2025-06-23 20:11:51,880 - SUAS - DEBUG - [SUAS_main.turn_lap:637] - wp_num:6
2025-06-23 20:11:51,931 - SUAS - DEBUG - [SUAS_main.turn_lap:636] - next wp: 2
2025-06-23 20:11:51,932 - SUAS - DEBUG - [SUAS_main.turn_lap:637] - wp_num:6
2025-06-23 20:11:51,983 - SUAS - DEBUG - [SUAS_main.turn_lap:636] - next wp: 2
2025-06-23 20:11:51,984 - SUAS - DEBUG - [SUAS_main.turn_lap:637] - wp_num:6
2025-06-23 20:11:52,035 - SUAS - DEBUG - [SUAS_main.turn_lap:636] - next wp: 2
2025-06-23 20:11:52,036 - SUAS - DEBUG - [SUAS_main.turn_lap:637] - wp_num:6
2025-06-23 20:11:52,087 - SUAS - DEBUG - [SUAS_main.turn_lap:636] - next wp: 2
2025-06-23 20:11:52,088 - SUAS - DEBUG - [SUAS_main.turn_lap:637] - wp_num:6
2025-06-23 20:11:52,139 - SUAS - DEBUG - [SUAS_main.turn_lap:636] - next wp: 2
2025-06-23 20:11:52,140 - SUAS - DEBUG - [SUAS_main.turn_lap:637] - wp_num:6
2025-06-23 20:11:52,190 - SUAS - DEBUG - [SUAS_main.turn_lap:636] - next wp: 2
2025-06-23 20:11:52,191 - SUAS - DEBUG - [SUAS_main.turn_lap:637] - wp_num:6
2025-06-23 20:11:52,242 - SUAS - DEBUG - [SUAS_main.turn_lap:636] - next wp: 2
2025-06-23 20:11:52,243 - SUAS - DEBUG - [SUAS_main.turn_lap:637] - wp_num:6
2025-06-23 20:11:52,294 - SUAS - DEBUG - [SUAS_main.turn_lap:636] - next wp: 2
2025-06-23 20:11:52,295 - SUAS - DEBUG - [SUAS_main.turn_lap:637] - wp_num:6
2025-06-23 20:11:52,346 - SUAS - DEBUG - [SUAS_main.turn_lap:636] - next wp: 2
2025-06-23 20:11:52,347 - SUAS - DEBUG - [SUAS_main.turn_lap:637] - wp_num:6
2025-06-23 20:11:52,398 - SUAS - DEBUG - [SUAS_main.turn_lap:636] - next wp: 2
2025-06-23 20:11:52,399 - SUAS - DEBUG - [SUAS_main.turn_lap:637] - wp_num:6
2025-06-23 20:11:52,449 - SUAS - DEBUG - [SUAS_main.turn_lap:636] - next wp: 2
2025-06-23 20:11:52,451 - SUAS - DEBUG - [SUAS_main.turn_lap:637] - wp_num:6
2025-06-23 20:11:52,502 - SUAS - DEBUG - [SUAS_main.turn_lap:636] - next wp: 2
2025-06-23 20:11:52,502 - SUAS - DEBUG - [SUAS_main.turn_lap:637] - wp_num:6
2025-06-23 20:11:52,553 - SUAS - DEBUG - [SUAS_main.turn_lap:636] - next wp: 2
2025-06-23 20:11:52,554 - SUAS - DEBUG - [SUAS_main.turn_lap:637] - wp_num:6
2025-06-23 20:11:52,605 - SUAS - DEBUG - [SUAS_main.turn_lap:636] - next wp: 2
2025-06-23 20:11:52,606 - SUAS - DEBUG - [SUAS_main.turn_lap:637] - wp_num:6
2025-06-23 20:11:52,657 - SUAS - DEBUG - [SUAS_main.turn_lap:636] - next wp: 2
2025-06-23 20:11:52,658 - SUAS - DEBUG - [SUAS_main.turn_lap:637] - wp_num:6
2025-06-23 20:11:52,709 - SUAS - DEBUG - [SUAS_main.turn_lap:636] - next wp: 2
2025-06-23 20:11:52,710 - SUAS - DEBUG - [SUAS_main.turn_lap:637] - wp_num:6
2025-06-23 20:11:52,761 - SUAS - DEBUG - [SUAS_main.turn_lap:636] - next wp: 2
2025-06-23 20:11:52,762 - SUAS - DEBUG - [SUAS_main.turn_lap:637] - wp_num:6
2025-06-23 20:11:52,812 - SUAS - DEBUG - [SUAS_main.turn_lap:636] - next wp: 2
2025-06-23 20:11:52,813 - SUAS - DEBUG - [SUAS_main.turn_lap:637] - wp_num:6
2025-06-23 20:11:52,864 - SUAS - DEBUG - [SUAS_main.turn_lap:636] - next wp: 2
2025-06-23 20:11:52,865 - SUAS - DEBUG - [SUAS_main.turn_lap:637] - wp_num:6
2025-06-23 20:11:52,916 - SUAS - DEBUG - [SUAS_main.turn_lap:636] - next wp: 2
2025-06-23 20:11:52,917 - SUAS - DEBUG - [SUAS_main.turn_lap:637] - wp_num:6
2025-06-23 20:11:52,968 - SUAS - DEBUG - [SUAS_main.turn_lap:636] - next wp: 2
2025-06-23 20:11:52,969 - SUAS - DEBUG - [SUAS_main.turn_lap:637] - wp_num:6
2025-06-23 20:11:53,020 - SUAS - DEBUG - [SUAS_main.turn_lap:636] - next wp: 2
2025-06-23 20:11:53,020 - SUAS - DEBUG - [SUAS_main.turn_lap:637] - wp_num:6
2025-06-23 20:11:53,071 - SUAS - DEBUG - [SUAS_main.turn_lap:636] - next wp: 2
2025-06-23 20:11:53,072 - SUAS - DEBUG - [SUAS_main.turn_lap:637] - wp_num:6
2025-06-23 20:11:53,123 - SUAS - DEBUG - [SUAS_main.turn_lap:636] - next wp: 2
2025-06-23 20:11:53,124 - SUAS - DEBUG - [SUAS_main.turn_lap:637] - wp_num:6
2025-06-23 20:11:53,175 - SUAS - DEBUG - [SUAS_main.turn_lap:636] - next wp: 2
2025-06-23 20:11:53,176 - SUAS - DEBUG - [SUAS_main.turn_lap:637] - wp_num:6
2025-06-23 20:11:53,227 - SUAS - DEBUG - [SUAS_main.turn_lap:636] - next wp: 2
2025-06-23 20:11:53,228 - SUAS - DEBUG - [SUAS_main.turn_lap:637] - wp_num:6
2025-06-23 20:11:53,279 - SUAS - DEBUG - [SUAS_main.turn_lap:636] - next wp: 2
2025-06-23 20:11:53,280 - SUAS - DEBUG - [SUAS_main.turn_lap:637] - wp_num:6
2025-06-23 20:11:53,330 - SUAS - DEBUG - [SUAS_main.turn_lap:636] - next wp: 2
2025-06-23 20:11:53,331 - SUAS - DEBUG - [SUAS_main.turn_lap:637] - wp_num:6
2025-06-23 20:11:53,382 - SUAS - DEBUG - [SUAS_main.turn_lap:636] - next wp: 2
2025-06-23 20:11:53,383 - SUAS - DEBUG - [SUAS_main.turn_lap:637] - wp_num:6
2025-06-23 20:11:53,434 - SUAS - DEBUG - [SUAS_main.turn_lap:636] - next wp: 2
2025-06-23 20:11:53,435 - SUAS - DEBUG - [SUAS_main.turn_lap:637] - wp_num:6
2025-06-23 20:11:53,486 - SUAS - DEBUG - [SUAS_main.turn_lap:636] - next wp: 2
2025-06-23 20:11:53,486 - SUAS - DEBUG - [SUAS_main.turn_lap:637] - wp_num:6
2025-06-23 20:11:53,538 - SUAS - DEBUG - [SUAS_main.turn_lap:636] - next wp: 2
2025-06-23 20:11:53,538 - SUAS - DEBUG - [SUAS_main.turn_lap:637] - wp_num:6
2025-06-23 20:11:53,589 - SUAS - DEBUG - [SUAS_main.turn_lap:636] - next wp: 2
2025-06-23 20:11:53,590 - SUAS - DEBUG - [SUAS_main.turn_lap:637] - wp_num:6
2025-06-23 20:11:53,641 - SUAS - DEBUG - [SUAS_main.turn_lap:636] - next wp: 2
2025-06-23 20:11:53,641 - SUAS - DEBUG - [SUAS_main.turn_lap:637] - wp_num:6
2025-06-23 20:11:53,692 - SUAS - DEBUG - [SUAS_main.turn_lap:636] - next wp: 2
2025-06-23 20:11:53,693 - SUAS - DEBUG - [SUAS_main.turn_lap:637] - wp_num:6
2025-06-23 20:11:53,744 - SUAS - DEBUG - [SUAS_main.turn_lap:636] - next wp: 2
2025-06-23 20:11:53,744 - SUAS - DEBUG - [SUAS_main.turn_lap:637] - wp_num:6
2025-06-23 20:11:53,795 - SUAS - DEBUG - [SUAS_main.turn_lap:636] - next wp: 2
2025-06-23 20:11:53,796 - SUAS - DEBUG - [SUAS_main.turn_lap:637] - wp_num:6
2025-06-23 20:11:53,847 - SUAS - DEBUG - [SUAS_main.turn_lap:636] - next wp: 2
2025-06-23 20:11:53,848 - SUAS - DEBUG - [SUAS_main.turn_lap:637] - wp_num:6
2025-06-23 20:11:53,899 - SUAS - DEBUG - [SUAS_main.turn_lap:636] - next wp: 2
2025-06-23 20:11:53,900 - SUAS - DEBUG - [SUAS_main.turn_lap:637] - wp_num:6
2025-06-23 20:11:53,950 - SUAS - DEBUG - [SUAS_main.turn_lap:636] - next wp: 2
2025-06-23 20:11:53,951 - SUAS - DEBUG - [SUAS_main.turn_lap:637] - wp_num:6
2025-06-23 20:11:54,002 - SUAS - DEBUG - [SUAS_main.turn_lap:636] - next wp: 2
2025-06-23 20:11:54,003 - SUAS - DEBUG - [SUAS_main.turn_lap:637] - wp_num:6
2025-06-23 20:11:54,054 - SUAS - DEBUG - [SUAS_main.turn_lap:636] - next wp: 2
2025-06-23 20:11:54,054 - SUAS - DEBUG - [SUAS_main.turn_lap:637] - wp_num:6
2025-06-23 20:11:54,105 - SUAS - DEBUG - [SUAS_main.turn_lap:636] - next wp: 2
2025-06-23 20:11:54,106 - SUAS - DEBUG - [SUAS_main.turn_lap:637] - wp_num:6
2025-06-23 20:11:54,157 - SUAS - DEBUG - [SUAS_main.turn_lap:636] - next wp: 2
2025-06-23 20:11:54,157 - SUAS - DEBUG - [SUAS_main.turn_lap:637] - wp_num:6
2025-06-23 20:11:54,208 - SUAS - DEBUG - [SUAS_main.turn_lap:636] - next wp: 2
2025-06-23 20:11:54,209 - SUAS - DEBUG - [SUAS_main.turn_lap:637] - wp_num:6
2025-06-23 20:11:54,260 - SUAS - DEBUG - [SUAS_main.turn_lap:636] - next wp: 2
2025-06-23 20:11:54,261 - SUAS - DEBUG - [SUAS_main.turn_lap:637] - wp_num:6
2025-06-23 20:11:54,312 - SUAS - DEBUG - [SUAS_main.turn_lap:636] - next wp: 2
2025-06-23 20:11:54,312 - SUAS - DEBUG - [SUAS_main.turn_lap:637] - wp_num:6
2025-06-23 20:11:54,363 - SUAS - DEBUG - [SUAS_main.turn_lap:636] - next wp: 2
2025-06-23 20:11:54,364 - SUAS - DEBUG - [SUAS_main.turn_lap:637] - wp_num:6
2025-06-23 20:11:54,415 - SUAS - DEBUG - [SUAS_main.turn_lap:636] - next wp: 2
2025-06-23 20:11:54,416 - SUAS - DEBUG - [SUAS_main.turn_lap:637] - wp_num:6
2025-06-23 20:11:54,467 - SUAS - DEBUG - [SUAS_main.turn_lap:636] - next wp: 2
2025-06-23 20:11:54,469 - SUAS - DEBUG - [SUAS_main.turn_lap:637] - wp_num:6
2025-06-23 20:11:54,520 - SUAS - DEBUG - [SUAS_main.turn_lap:636] - next wp: 2
2025-06-23 20:11:54,521 - SUAS - DEBUG - [SUAS_main.turn_lap:637] - wp_num:6
2025-06-23 20:11:54,572 - SUAS - DEBUG - [SUAS_main.turn_lap:636] - next wp: 2
2025-06-23 20:11:54,573 - SUAS - DEBUG - [SUAS_main.turn_lap:637] - wp_num:6
2025-06-23 20:11:54,623 - SUAS - DEBUG - [SUAS_main.turn_lap:636] - next wp: 2
2025-06-23 20:11:54,624 - SUAS - DEBUG - [SUAS_main.turn_lap:637] - wp_num:6
2025-06-23 20:11:54,675 - SUAS - DEBUG - [SUAS_main.turn_lap:636] - next wp: 2
2025-06-23 20:11:54,676 - SUAS - DEBUG - [SUAS_main.turn_lap:637] - wp_num:6
2025-06-23 20:11:54,727 - SUAS - DEBUG - [SUAS_main.turn_lap:636] - next wp: 2
2025-06-23 20:11:54,728 - SUAS - DEBUG - [SUAS_main.turn_lap:637] - wp_num:6
2025-06-23 20:11:54,780 - SUAS - DEBUG - [SUAS_main.turn_lap:636] - next wp: 2
2025-06-23 20:11:54,781 - SUAS - DEBUG - [SUAS_main.turn_lap:637] - wp_num:6
2025-06-23 20:11:54,831 - SUAS - DEBUG - [SUAS_main.turn_lap:636] - next wp: 2
2025-06-23 20:11:54,832 - SUAS - DEBUG - [SUAS_main.turn_lap:637] - wp_num:6
2025-06-23 20:11:54,884 - SUAS - DEBUG - [SUAS_main.turn_lap:636] - next wp: 2
2025-06-23 20:11:54,884 - SUAS - DEBUG - [SUAS_main.turn_lap:637] - wp_num:6
2025-06-23 20:11:54,935 - SUAS - DEBUG - [SUAS_main.turn_lap:636] - next wp: 2
2025-06-23 20:11:54,936 - SUAS - DEBUG - [SUAS_main.turn_lap:637] - wp_num:6
2025-06-23 20:11:54,987 - SUAS - DEBUG - [SUAS_main.turn_lap:636] - next wp: 2
2025-06-23 20:11:54,988 - SUAS - DEBUG - [SUAS_main.turn_lap:637] - wp_num:6
2025-06-23 20:11:55,039 - SUAS - DEBUG - [SUAS_main.turn_lap:636] - next wp: 2
2025-06-23 20:11:55,040 - SUAS - DEBUG - [SUAS_main.turn_lap:637] - wp_num:6
2025-06-23 20:11:55,090 - SUAS - DEBUG - [SUAS_main.turn_lap:636] - next wp: 2
2025-06-23 20:11:55,091 - SUAS - DEBUG - [SUAS_main.turn_lap:637] - wp_num:6
2025-06-23 20:11:55,142 - SUAS - DEBUG - [SUAS_main.turn_lap:636] - next wp: 2
2025-06-23 20:11:55,143 - SUAS - DEBUG - [SUAS_main.turn_lap:637] - wp_num:6
2025-06-23 20:11:55,194 - SUAS - DEBUG - [SUAS_main.turn_lap:636] - next wp: 2
2025-06-23 20:11:55,195 - SUAS - DEBUG - [SUAS_main.turn_lap:637] - wp_num:6
2025-06-23 20:11:55,245 - SUAS - DEBUG - [SUAS_main.turn_lap:636] - next wp: 2
2025-06-23 20:11:55,246 - SUAS - DEBUG - [SUAS_main.turn_lap:637] - wp_num:6
2025-06-23 20:11:55,297 - SUAS - DEBUG - [SUAS_main.turn_lap:636] - next wp: 2
2025-06-23 20:11:55,298 - SUAS - DEBUG - [SUAS_main.turn_lap:637] - wp_num:6
2025-06-23 20:11:55,349 - SUAS - DEBUG - [SUAS_main.turn_lap:636] - next wp: 2
2025-06-23 20:11:55,350 - SUAS - DEBUG - [SUAS_main.turn_lap:637] - wp_num:6
2025-06-23 20:11:55,401 - SUAS - DEBUG - [SUAS_main.turn_lap:636] - next wp: 2
2025-06-23 20:11:55,402 - SUAS - DEBUG - [SUAS_main.turn_lap:637] - wp_num:6
2025-06-23 20:11:55,452 - SUAS - DEBUG - [SUAS_main.turn_lap:636] - next wp: 2
2025-06-23 20:11:55,454 - SUAS - DEBUG - [SUAS_main.turn_lap:637] - wp_num:6
2025-06-23 20:11:55,504 - SUAS - DEBUG - [SUAS_main.turn_lap:636] - next wp: 2
2025-06-23 20:11:55,505 - SUAS - DEBUG - [SUAS_main.turn_lap:637] - wp_num:6
2025-06-23 20:11:55,556 - SUAS - DEBUG - [SUAS_main.turn_lap:636] - next wp: 2
2025-06-23 20:11:55,557 - SUAS - DEBUG - [SUAS_main.turn_lap:637] - wp_num:6
2025-06-23 20:11:55,608 - SUAS - DEBUG - [SUAS_main.turn_lap:636] - next wp: 3
2025-06-23 20:11:55,609 - SUAS - DEBUG - [SUAS_main.turn_lap:637] - wp_num:6
2025-06-23 20:11:55,660 - SUAS - DEBUG - [SUAS_main.turn_lap:636] - next wp: 3
2025-06-23 20:11:55,661 - SUAS - DEBUG - [SUAS_main.turn_lap:637] - wp_num:6
2025-06-23 20:11:55,712 - SUAS - DEBUG - [SUAS_main.turn_lap:636] - next wp: 3
2025-06-23 20:11:55,713 - SUAS - DEBUG - [SUAS_main.turn_lap:637] - wp_num:6
2025-06-23 20:11:55,763 - SUAS - DEBUG - [SUAS_main.turn_lap:636] - next wp: 3
2025-06-23 20:11:55,764 - SUAS - DEBUG - [SUAS_main.turn_lap:637] - wp_num:6
2025-06-23 20:11:55,815 - SUAS - DEBUG - [SUAS_main.turn_lap:636] - next wp: 3
2025-06-23 20:11:55,816 - SUAS - DEBUG - [SUAS_main.turn_lap:637] - wp_num:6
2025-06-23 20:11:55,867 - SUAS - DEBUG - [SUAS_main.turn_lap:636] - next wp: 3
2025-06-23 20:11:55,868 - SUAS - DEBUG - [SUAS_main.turn_lap:637] - wp_num:6
2025-06-23 20:11:55,919 - SUAS - DEBUG - [SUAS_main.turn_lap:636] - next wp: 3
2025-06-23 20:11:55,920 - SUAS - DEBUG - [SUAS_main.turn_lap:637] - wp_num:6
2025-06-23 20:11:55,971 - SUAS - DEBUG - [SUAS_main.turn_lap:636] - next wp: 3
2025-06-23 20:11:55,972 - SUAS - DEBUG - [SUAS_main.turn_lap:637] - wp_num:6
2025-06-23 20:11:56,023 - SUAS - DEBUG - [SUAS_main.turn_lap:636] - next wp: 3
2025-06-23 20:11:56,024 - SUAS - DEBUG - [SUAS_main.turn_lap:637] - wp_num:6
2025-06-23 20:11:56,075 - SUAS - DEBUG - [SUAS_main.turn_lap:636] - next wp: 3
2025-06-23 20:11:56,076 - SUAS - DEBUG - [SUAS_main.turn_lap:637] - wp_num:6
2025-06-23 20:11:56,127 - SUAS - DEBUG - [SUAS_main.turn_lap:636] - next wp: 3
2025-06-23 20:11:56,129 - SUAS - DEBUG - [SUAS_main.turn_lap:637] - wp_num:6
2025-06-23 20:11:56,180 - SUAS - DEBUG - [SUAS_main.turn_lap:636] - next wp: 3
2025-06-23 20:11:56,181 - SUAS - DEBUG - [SUAS_main.turn_lap:637] - wp_num:6
2025-06-23 20:11:56,232 - SUAS - DEBUG - [SUAS_main.turn_lap:636] - next wp: 3
2025-06-23 20:11:56,232 - SUAS - DEBUG - [SUAS_main.turn_lap:637] - wp_num:6
2025-06-23 20:11:56,283 - SUAS - DEBUG - [SUAS_main.turn_lap:636] - next wp: 3
2025-06-23 20:11:56,284 - SUAS - DEBUG - [SUAS_main.turn_lap:637] - wp_num:6
2025-06-23 20:11:56,335 - SUAS - DEBUG - [SUAS_main.turn_lap:636] - next wp: 3
2025-06-23 20:11:56,336 - SUAS - DEBUG - [SUAS_main.turn_lap:637] - wp_num:6
2025-06-23 20:11:56,387 - SUAS - DEBUG - [SUAS_main.turn_lap:636] - next wp: 3
2025-06-23 20:11:56,388 - SUAS - DEBUG - [SUAS_main.turn_lap:637] - wp_num:6
2025-06-23 20:11:56,439 - SUAS - DEBUG - [SUAS_main.turn_lap:636] - next wp: 3
2025-06-23 20:11:56,440 - SUAS - DEBUG - [SUAS_main.turn_lap:637] - wp_num:6
2025-06-23 20:11:56,491 - SUAS - DEBUG - [SUAS_main.turn_lap:636] - next wp: 3
2025-06-23 20:11:56,493 - SUAS - DEBUG - [SUAS_main.turn_lap:637] - wp_num:6
2025-06-23 20:11:56,544 - SUAS - DEBUG - [SUAS_main.turn_lap:636] - next wp: 3
2025-06-23 20:11:56,545 - SUAS - DEBUG - [SUAS_main.turn_lap:637] - wp_num:6
2025-06-23 20:11:56,595 - SUAS - DEBUG - [SUAS_main.turn_lap:636] - next wp: 3
2025-06-23 20:11:56,596 - SUAS - DEBUG - [SUAS_main.turn_lap:637] - wp_num:6
2025-06-23 20:11:56,647 - SUAS - DEBUG - [SUAS_main.turn_lap:636] - next wp: 3
2025-06-23 20:11:56,648 - SUAS - DEBUG - [SUAS_main.turn_lap:637] - wp_num:6
2025-06-23 20:11:56,699 - SUAS - DEBUG - [SUAS_main.turn_lap:636] - next wp: 3
2025-06-23 20:11:56,700 - SUAS - DEBUG - [SUAS_main.turn_lap:637] - wp_num:6
2025-06-23 20:11:56,751 - SUAS - DEBUG - [SUAS_main.turn_lap:636] - next wp: 3
2025-06-23 20:11:56,752 - SUAS - DEBUG - [SUAS_main.turn_lap:637] - wp_num:6
2025-06-23 20:11:56,803 - SUAS - DEBUG - [SUAS_main.turn_lap:636] - next wp: 3
2025-06-23 20:11:56,804 - SUAS - DEBUG - [SUAS_main.turn_lap:637] - wp_num:6
2025-06-23 20:11:56,855 - SUAS - DEBUG - [SUAS_main.turn_lap:636] - next wp: 3
2025-06-23 20:11:56,856 - SUAS - DEBUG - [SUAS_main.turn_lap:637] - wp_num:6
2025-06-23 20:11:56,907 - SUAS - DEBUG - [SUAS_main.turn_lap:636] - next wp: 3
2025-06-23 20:11:56,908 - SUAS - DEBUG - [SUAS_main.turn_lap:637] - wp_num:6
2025-06-23 20:11:56,960 - SUAS - DEBUG - [SUAS_main.turn_lap:636] - next wp: 3
2025-06-23 20:11:56,960 - SUAS - DEBUG - [SUAS_main.turn_lap:637] - wp_num:6
2025-06-23 20:11:57,011 - SUAS - DEBUG - [SUAS_main.turn_lap:636] - next wp: 3
2025-06-23 20:11:57,012 - SUAS - DEBUG - [SUAS_main.turn_lap:637] - wp_num:6
2025-06-23 20:11:57,063 - SUAS - DEBUG - [SUAS_main.turn_lap:636] - next wp: 3
2025-06-23 20:11:57,064 - SUAS - DEBUG - [SUAS_main.turn_lap:637] - wp_num:6
2025-06-23 20:11:57,115 - SUAS - DEBUG - [SUAS_main.turn_lap:636] - next wp: 3
2025-06-23 20:11:57,116 - SUAS - DEBUG - [SUAS_main.turn_lap:637] - wp_num:6
2025-06-23 20:11:57,167 - SUAS - DEBUG - [SUAS_main.turn_lap:636] - next wp: 3
2025-06-23 20:11:57,168 - SUAS - DEBUG - [SUAS_main.turn_lap:637] - wp_num:6
2025-06-23 20:11:57,219 - SUAS - DEBUG - [SUAS_main.turn_lap:636] - next wp: 3
2025-06-23 20:11:57,220 - SUAS - DEBUG - [SUAS_main.turn_lap:637] - wp_num:6
2025-06-23 20:11:57,271 - SUAS - DEBUG - [SUAS_main.turn_lap:636] - next wp: 3
2025-06-23 20:11:57,271 - SUAS - DEBUG - [SUAS_main.turn_lap:637] - wp_num:6
2025-06-23 20:11:57,322 - SUAS - DEBUG - [SUAS_main.turn_lap:636] - next wp: 3
2025-06-23 20:11:57,323 - SUAS - DEBUG - [SUAS_main.turn_lap:637] - wp_num:6
2025-06-23 20:11:57,374 - SUAS - DEBUG - [SUAS_main.turn_lap:636] - next wp: 3
2025-06-23 20:11:57,375 - SUAS - DEBUG - [SUAS_main.turn_lap:637] - wp_num:6
2025-06-23 20:11:57,426 - SUAS - DEBUG - [SUAS_main.turn_lap:636] - next wp: 3
2025-06-23 20:11:57,427 - SUAS - DEBUG - [SUAS_main.turn_lap:637] - wp_num:6
2025-06-23 20:11:57,478 - SUAS - DEBUG - [SUAS_main.turn_lap:636] - next wp: 3
2025-06-23 20:11:57,479 - SUAS - DEBUG - [SUAS_main.turn_lap:637] - wp_num:6
2025-06-23 20:11:57,530 - SUAS - DEBUG - [SUAS_main.turn_lap:636] - next wp: 3
2025-06-23 20:11:57,531 - SUAS - DEBUG - [SUAS_main.turn_lap:637] - wp_num:6
2025-06-23 20:11:57,582 - SUAS - DEBUG - [SUAS_main.turn_lap:636] - next wp: 3
2025-06-23 20:11:57,583 - SUAS - DEBUG - [SUAS_main.turn_lap:637] - wp_num:6
2025-06-23 20:11:57,633 - SUAS - DEBUG - [SUAS_main.turn_lap:636] - next wp: 3
2025-06-23 20:11:57,634 - SUAS - DEBUG - [SUAS_main.turn_lap:637] - wp_num:6
2025-06-23 20:11:57,685 - SUAS - DEBUG - [SUAS_main.turn_lap:636] - next wp: 3
2025-06-23 20:11:57,686 - SUAS - DEBUG - [SUAS_main.turn_lap:637] - wp_num:6
2025-06-23 20:11:57,737 - SUAS - DEBUG - [SUAS_main.turn_lap:636] - next wp: 3
2025-06-23 20:11:57,737 - SUAS - DEBUG - [SUAS_main.turn_lap:637] - wp_num:6
2025-06-23 20:11:57,788 - SUAS - DEBUG - [SUAS_main.turn_lap:636] - next wp: 3
2025-06-23 20:11:57,789 - SUAS - DEBUG - [SUAS_main.turn_lap:637] - wp_num:6
2025-06-23 20:11:57,840 - SUAS - DEBUG - [SUAS_main.turn_lap:636] - next wp: 3
2025-06-23 20:11:57,841 - SUAS - DEBUG - [SUAS_main.turn_lap:637] - wp_num:6
2025-06-23 20:11:57,892 - SUAS - DEBUG - [SUAS_main.turn_lap:636] - next wp: 3
2025-06-23 20:11:57,893 - SUAS - DEBUG - [SUAS_main.turn_lap:637] - wp_num:6
2025-06-23 20:11:57,944 - SUAS - DEBUG - [SUAS_main.turn_lap:636] - next wp: 3
2025-06-23 20:11:57,945 - SUAS - DEBUG - [SUAS_main.turn_lap:637] - wp_num:6
2025-06-23 20:11:57,995 - SUAS - DEBUG - [SUAS_main.turn_lap:636] - next wp: 3
2025-06-23 20:11:57,996 - SUAS - DEBUG - [SUAS_main.turn_lap:637] - wp_num:6
2025-06-23 20:11:58,047 - SUAS - DEBUG - [SUAS_main.turn_lap:636] - next wp: 3
2025-06-23 20:11:58,048 - SUAS - DEBUG - [SUAS_main.turn_lap:637] - wp_num:6
2025-06-23 20:11:58,099 - SUAS - DEBUG - [SUAS_main.turn_lap:636] - next wp: 3
2025-06-23 20:11:58,100 - SUAS - DEBUG - [SUAS_main.turn_lap:637] - wp_num:6
2025-06-23 20:11:58,151 - SUAS - DEBUG - [SUAS_main.turn_lap:636] - next wp: 3
2025-06-23 20:11:58,152 - SUAS - DEBUG - [SUAS_main.turn_lap:637] - wp_num:6
2025-06-23 20:11:58,203 - SUAS - DEBUG - [SUAS_main.turn_lap:636] - next wp: 3
2025-06-23 20:11:58,204 - SUAS - DEBUG - [SUAS_main.turn_lap:637] - wp_num:6
2025-06-23 20:11:58,254 - SUAS - DEBUG - [SUAS_main.turn_lap:636] - next wp: 3
2025-06-23 20:11:58,255 - SUAS - DEBUG - [SUAS_main.turn_lap:637] - wp_num:6
2025-06-23 20:11:58,306 - SUAS - DEBUG - [SUAS_main.turn_lap:636] - next wp: 3
2025-06-23 20:11:58,307 - SUAS - DEBUG - [SUAS_main.turn_lap:637] - wp_num:6
2025-06-23 20:11:58,358 - SUAS - DEBUG - [SUAS_main.turn_lap:636] - next wp: 3
2025-06-23 20:11:58,359 - SUAS - DEBUG - [SUAS_main.turn_lap:637] - wp_num:6
2025-06-23 20:11:58,410 - SUAS - DEBUG - [SUAS_main.turn_lap:636] - next wp: 3
2025-06-23 20:11:58,411 - SUAS - DEBUG - [SUAS_main.turn_lap:637] - wp_num:6
2025-06-23 20:11:58,462 - SUAS - DEBUG - [SUAS_main.turn_lap:636] - next wp: 3
2025-06-23 20:11:58,463 - SUAS - DEBUG - [SUAS_main.turn_lap:637] - wp_num:6
2025-06-23 20:11:58,513 - SUAS - DEBUG - [SUAS_main.turn_lap:636] - next wp: 3
2025-06-23 20:11:58,514 - SUAS - DEBUG - [SUAS_main.turn_lap:637] - wp_num:6
2025-06-23 20:11:58,565 - SUAS - DEBUG - [SUAS_main.turn_lap:636] - next wp: 3
2025-06-23 20:11:58,566 - SUAS - DEBUG - [SUAS_main.turn_lap:637] - wp_num:6
2025-06-23 20:11:58,617 - SUAS - DEBUG - [SUAS_main.turn_lap:636] - next wp: 3
2025-06-23 20:11:58,618 - SUAS - DEBUG - [SUAS_main.turn_lap:637] - wp_num:6
2025-06-23 20:11:58,669 - SUAS - DEBUG - [SUAS_main.turn_lap:636] - next wp: 3
2025-06-23 20:11:58,670 - SUAS - DEBUG - [SUAS_main.turn_lap:637] - wp_num:6
2025-06-23 20:11:58,721 - SUAS - DEBUG - [SUAS_main.turn_lap:636] - next wp: 3
2025-06-23 20:11:58,722 - SUAS - DEBUG - [SUAS_main.turn_lap:637] - wp_num:6
2025-06-23 20:11:58,773 - SUAS - DEBUG - [SUAS_main.turn_lap:636] - next wp: 3
2025-06-23 20:11:58,774 - SUAS - DEBUG - [SUAS_main.turn_lap:637] - wp_num:6
2025-06-23 20:11:58,824 - SUAS - DEBUG - [SUAS_main.turn_lap:636] - next wp: 3
2025-06-23 20:11:58,825 - SUAS - DEBUG - [SUAS_main.turn_lap:637] - wp_num:6
2025-06-23 20:11:58,876 - SUAS - DEBUG - [SUAS_main.turn_lap:636] - next wp: 3
2025-06-23 20:11:58,877 - SUAS - DEBUG - [SUAS_main.turn_lap:637] - wp_num:6
2025-06-23 20:11:58,928 - SUAS - DEBUG - [SUAS_main.turn_lap:636] - next wp: 3
2025-06-23 20:11:58,928 - SUAS - DEBUG - [SUAS_main.turn_lap:637] - wp_num:6
2025-06-23 20:11:58,980 - SUAS - DEBUG - [SUAS_main.turn_lap:636] - next wp: 3
2025-06-23 20:11:58,980 - SUAS - DEBUG - [SUAS_main.turn_lap:637] - wp_num:6
2025-06-23 20:11:59,031 - SUAS - DEBUG - [SUAS_main.turn_lap:636] - next wp: 3
2025-06-23 20:11:59,032 - SUAS - DEBUG - [SUAS_main.turn_lap:637] - wp_num:6
2025-06-23 20:11:59,083 - SUAS - DEBUG - [SUAS_main.turn_lap:636] - next wp: 3
2025-06-23 20:11:59,084 - SUAS - DEBUG - [SUAS_main.turn_lap:637] - wp_num:6
2025-06-23 20:11:59,135 - SUAS - DEBUG - [SUAS_main.turn_lap:636] - next wp: 3
2025-06-23 20:11:59,136 - SUAS - DEBUG - [SUAS_main.turn_lap:637] - wp_num:6
2025-06-23 20:11:59,187 - SUAS - DEBUG - [SUAS_main.turn_lap:636] - next wp: 3
2025-06-23 20:11:59,188 - SUAS - DEBUG - [SUAS_main.turn_lap:637] - wp_num:6
2025-06-23 20:11:59,239 - SUAS - DEBUG - [SUAS_main.turn_lap:636] - next wp: 3
2025-06-23 20:11:59,240 - SUAS - DEBUG - [SUAS_main.turn_lap:637] - wp_num:6
2025-06-23 20:11:59,291 - SUAS - DEBUG - [SUAS_main.turn_lap:636] - next wp: 3
2025-06-23 20:11:59,292 - SUAS - DEBUG - [SUAS_main.turn_lap:637] - wp_num:6
2025-06-23 20:11:59,343 - SUAS - DEBUG - [SUAS_main.turn_lap:636] - next wp: 3
2025-06-23 20:11:59,344 - SUAS - DEBUG - [SUAS_main.turn_lap:637] - wp_num:6
2025-06-23 20:11:59,394 - SUAS - DEBUG - [SUAS_main.turn_lap:636] - next wp: 3
2025-06-23 20:11:59,395 - SUAS - DEBUG - [SUAS_main.turn_lap:637] - wp_num:6
2025-06-23 20:11:59,446 - SUAS - DEBUG - [SUAS_main.turn_lap:636] - next wp: 3
2025-06-23 20:11:59,447 - SUAS - DEBUG - [SUAS_main.turn_lap:637] - wp_num:6
2025-06-23 20:11:59,498 - SUAS - DEBUG - [SUAS_main.turn_lap:636] - next wp: 3
2025-06-23 20:11:59,499 - SUAS - DEBUG - [SUAS_main.turn_lap:637] - wp_num:6
2025-06-23 20:11:59,550 - SUAS - DEBUG - [SUAS_main.turn_lap:636] - next wp: 3
2025-06-23 20:11:59,552 - SUAS - DEBUG - [SUAS_main.turn_lap:637] - wp_num:6
2025-06-23 20:11:59,603 - SUAS - DEBUG - [SUAS_main.turn_lap:636] - next wp: 3
2025-06-23 20:11:59,604 - SUAS - DEBUG - [SUAS_main.turn_lap:637] - wp_num:6
2025-06-23 20:11:59,655 - SUAS - DEBUG - [SUAS_main.turn_lap:636] - next wp: 3
2025-06-23 20:11:59,656 - SUAS - DEBUG - [SUAS_main.turn_lap:637] - wp_num:6
2025-06-23 20:11:59,707 - SUAS - DEBUG - [SUAS_main.turn_lap:636] - next wp: 3
2025-06-23 20:11:59,708 - SUAS - DEBUG - [SUAS_main.turn_lap:637] - wp_num:6
2025-06-23 20:11:59,759 - SUAS - DEBUG - [SUAS_main.turn_lap:636] - next wp: 3
2025-06-23 20:11:59,760 - SUAS - DEBUG - [SUAS_main.turn_lap:637] - wp_num:6
2025-06-23 20:11:59,811 - SUAS - DEBUG - [SUAS_main.turn_lap:636] - next wp: 3
2025-06-23 20:11:59,812 - SUAS - DEBUG - [SUAS_main.turn_lap:637] - wp_num:6
2025-06-23 20:11:59,862 - SUAS - DEBUG - [SUAS_main.turn_lap:636] - next wp: 3
2025-06-23 20:11:59,863 - SUAS - DEBUG - [SUAS_main.turn_lap:637] - wp_num:6
2025-06-23 20:11:59,914 - SUAS - DEBUG - [SUAS_main.turn_lap:636] - next wp: 3
2025-06-23 20:11:59,915 - SUAS - DEBUG - [SUAS_main.turn_lap:637] - wp_num:6
2025-06-23 20:11:59,966 - SUAS - DEBUG - [SUAS_main.turn_lap:636] - next wp: 3
2025-06-23 20:11:59,967 - SUAS - DEBUG - [SUAS_main.turn_lap:637] - wp_num:6
2025-06-23 20:12:00,018 - SUAS - DEBUG - [SUAS_main.turn_lap:636] - next wp: 3
2025-06-23 20:12:00,019 - SUAS - DEBUG - [SUAS_main.turn_lap:637] - wp_num:6
2025-06-23 20:12:00,070 - SUAS - DEBUG - [SUAS_main.turn_lap:636] - next wp: 3
2025-06-23 20:12:00,071 - SUAS - DEBUG - [SUAS_main.turn_lap:637] - wp_num:6
2025-06-23 20:12:00,122 - SUAS - DEBUG - [SUAS_main.turn_lap:636] - next wp: 3
2025-06-23 20:12:00,122 - SUAS - DEBUG - [SUAS_main.turn_lap:637] - wp_num:6
2025-06-23 20:12:00,173 - SUAS - DEBUG - [SUAS_main.turn_lap:636] - next wp: 3
2025-06-23 20:12:00,174 - SUAS - DEBUG - [SUAS_main.turn_lap:637] - wp_num:6
2025-06-23 20:12:00,225 - SUAS - DEBUG - [SUAS_main.turn_lap:636] - next wp: 3
2025-06-23 20:12:00,226 - SUAS - DEBUG - [SUAS_main.turn_lap:637] - wp_num:6
2025-06-23 20:12:00,277 - SUAS - DEBUG - [SUAS_main.turn_lap:636] - next wp: 3
2025-06-23 20:12:00,278 - SUAS - DEBUG - [SUAS_main.turn_lap:637] - wp_num:6
2025-06-23 20:12:00,329 - SUAS - DEBUG - [SUAS_main.turn_lap:636] - next wp: 3
2025-06-23 20:12:00,330 - SUAS - DEBUG - [SUAS_main.turn_lap:637] - wp_num:6
2025-06-23 20:12:00,381 - SUAS - DEBUG - [SUAS_main.turn_lap:636] - next wp: 3
2025-06-23 20:12:00,382 - SUAS - DEBUG - [SUAS_main.turn_lap:637] - wp_num:6
2025-06-23 20:12:00,433 - SUAS - DEBUG - [SUAS_main.turn_lap:636] - next wp: 3
2025-06-23 20:12:00,434 - SUAS - DEBUG - [SUAS_main.turn_lap:637] - wp_num:6
2025-06-23 20:12:00,484 - SUAS - DEBUG - [SUAS_main.turn_lap:636] - next wp: 3
2025-06-23 20:12:00,485 - SUAS - DEBUG - [SUAS_main.turn_lap:637] - wp_num:6
2025-06-23 20:12:00,536 - SUAS - DEBUG - [SUAS_main.turn_lap:636] - next wp: 3
2025-06-23 20:12:00,537 - SUAS - DEBUG - [SUAS_main.turn_lap:637] - wp_num:6
2025-06-23 20:12:00,588 - SUAS - DEBUG - [SUAS_main.turn_lap:636] - next wp: 3
2025-06-23 20:12:00,589 - SUAS - DEBUG - [SUAS_main.turn_lap:637] - wp_num:6
2025-06-23 20:12:00,640 - SUAS - DEBUG - [SUAS_main.turn_lap:636] - next wp: 3
2025-06-23 20:12:00,641 - SUAS - DEBUG - [SUAS_main.turn_lap:637] - wp_num:6
2025-06-23 20:12:00,692 - SUAS - DEBUG - [SUAS_main.turn_lap:636] - next wp: 3
2025-06-23 20:12:00,693 - SUAS - DEBUG - [SUAS_main.turn_lap:637] - wp_num:6
2025-06-23 20:12:00,744 - SUAS - DEBUG - [SUAS_main.turn_lap:636] - next wp: 3
2025-06-23 20:12:00,744 - SUAS - DEBUG - [SUAS_main.turn_lap:637] - wp_num:6
2025-06-23 20:12:00,795 - SUAS - DEBUG - [SUAS_main.turn_lap:636] - next wp: 3
2025-06-23 20:12:00,796 - SUAS - DEBUG - [SUAS_main.turn_lap:637] - wp_num:6
2025-06-23 20:12:00,847 - SUAS - DEBUG - [SUAS_main.turn_lap:636] - next wp: 3
2025-06-23 20:12:00,848 - SUAS - DEBUG - [SUAS_main.turn_lap:637] - wp_num:6
2025-06-23 20:12:00,898 - SUAS - DEBUG - [SUAS_main.turn_lap:636] - next wp: 3
2025-06-23 20:12:00,899 - SUAS - DEBUG - [SUAS_main.turn_lap:637] - wp_num:6
2025-06-23 20:12:00,950 - SUAS - DEBUG - [SUAS_main.turn_lap:636] - next wp: 3
2025-06-23 20:12:00,951 - SUAS - DEBUG - [SUAS_main.turn_lap:637] - wp_num:6
2025-06-23 20:12:01,002 - SUAS - DEBUG - [SUAS_main.turn_lap:636] - next wp: 3
2025-06-23 20:12:01,003 - SUAS - DEBUG - [SUAS_main.turn_lap:637] - wp_num:6
2025-06-23 20:12:01,053 - SUAS - DEBUG - [SUAS_main.turn_lap:636] - next wp: 3
2025-06-23 20:12:01,054 - SUAS - DEBUG - [SUAS_main.turn_lap:637] - wp_num:6
2025-06-23 20:12:01,105 - SUAS - DEBUG - [SUAS_main.turn_lap:636] - next wp: 3
2025-06-23 20:12:01,106 - SUAS - DEBUG - [SUAS_main.turn_lap:637] - wp_num:6
2025-06-23 20:12:01,157 - SUAS - DEBUG - [SUAS_main.turn_lap:636] - next wp: 3
2025-06-23 20:12:01,158 - SUAS - DEBUG - [SUAS_main.turn_lap:637] - wp_num:6
2025-06-23 20:12:01,209 - SUAS - DEBUG - [SUAS_main.turn_lap:636] - next wp: 3
2025-06-23 20:12:01,210 - SUAS - DEBUG - [SUAS_main.turn_lap:637] - wp_num:6
2025-06-23 20:12:01,261 - SUAS - DEBUG - [SUAS_main.turn_lap:636] - next wp: 3
2025-06-23 20:12:01,262 - SUAS - DEBUG - [SUAS_main.turn_lap:637] - wp_num:6
2025-06-23 20:12:01,313 - SUAS - DEBUG - [SUAS_main.turn_lap:636] - next wp: 3
2025-06-23 20:12:01,313 - SUAS - DEBUG - [SUAS_main.turn_lap:637] - wp_num:6
2025-06-23 20:12:01,364 - SUAS - DEBUG - [SUAS_main.turn_lap:636] - next wp: 3
2025-06-23 20:12:01,365 - SUAS - DEBUG - [SUAS_main.turn_lap:637] - wp_num:6
2025-06-23 20:12:01,416 - SUAS - DEBUG - [SUAS_main.turn_lap:636] - next wp: 3
2025-06-23 20:12:01,417 - SUAS - DEBUG - [SUAS_main.turn_lap:637] - wp_num:6
2025-06-23 20:12:01,468 - SUAS - DEBUG - [SUAS_main.turn_lap:636] - next wp: 3
2025-06-23 20:12:01,469 - SUAS - DEBUG - [SUAS_main.turn_lap:637] - wp_num:6
2025-06-23 20:12:01,520 - SUAS - DEBUG - [SUAS_main.turn_lap:636] - next wp: 3
2025-06-23 20:12:01,521 - SUAS - DEBUG - [SUAS_main.turn_lap:637] - wp_num:6
2025-06-23 20:12:01,571 - SUAS - DEBUG - [SUAS_main.turn_lap:636] - next wp: 3
2025-06-23 20:12:01,572 - SUAS - DEBUG - [SUAS_main.turn_lap:637] - wp_num:6
2025-06-23 20:12:01,623 - SUAS - DEBUG - [SUAS_main.turn_lap:636] - next wp: 3
2025-06-23 20:12:01,624 - SUAS - DEBUG - [SUAS_main.turn_lap:637] - wp_num:6
2025-06-23 20:12:01,675 - SUAS - DEBUG - [SUAS_main.turn_lap:636] - next wp: 3
2025-06-23 20:12:01,676 - SUAS - DEBUG - [SUAS_main.turn_lap:637] - wp_num:6
2025-06-23 20:12:01,727 - SUAS - DEBUG - [SUAS_main.turn_lap:636] - next wp: 3
2025-06-23 20:12:01,728 - SUAS - DEBUG - [SUAS_main.turn_lap:637] - wp_num:6
2025-06-23 20:12:01,779 - SUAS - DEBUG - [SUAS_main.turn_lap:636] - next wp: 3
2025-06-23 20:12:01,780 - SUAS - DEBUG - [SUAS_main.turn_lap:637] - wp_num:6
2025-06-23 20:12:01,831 - SUAS - DEBUG - [SUAS_main.turn_lap:636] - next wp: 3
2025-06-23 20:12:01,832 - SUAS - DEBUG - [SUAS_main.turn_lap:637] - wp_num:6
2025-06-23 20:12:01,883 - SUAS - DEBUG - [SUAS_main.turn_lap:636] - next wp: 3
2025-06-23 20:12:01,884 - SUAS - DEBUG - [SUAS_main.turn_lap:637] - wp_num:6
2025-06-23 20:12:01,934 - SUAS - DEBUG - [SUAS_main.turn_lap:636] - next wp: 3
2025-06-23 20:12:01,935 - SUAS - DEBUG - [SUAS_main.turn_lap:637] - wp_num:6
2025-06-23 20:12:01,986 - SUAS - DEBUG - [SUAS_main.turn_lap:636] - next wp: 3
2025-06-23 20:12:01,987 - SUAS - DEBUG - [SUAS_main.turn_lap:637] - wp_num:6
2025-06-23 20:12:02,038 - SUAS - DEBUG - [SUAS_main.turn_lap:636] - next wp: 3
2025-06-23 20:12:02,039 - SUAS - DEBUG - [SUAS_main.turn_lap:637] - wp_num:6
2025-06-23 20:12:02,090 - SUAS - DEBUG - [SUAS_main.turn_lap:636] - next wp: 3
2025-06-23 20:12:02,091 - SUAS - DEBUG - [SUAS_main.turn_lap:637] - wp_num:6
2025-06-23 20:12:02,142 - SUAS - DEBUG - [SUAS_main.turn_lap:636] - next wp: 3
2025-06-23 20:12:02,143 - SUAS - DEBUG - [SUAS_main.turn_lap:637] - wp_num:6
2025-06-23 20:12:02,194 - SUAS - DEBUG - [SUAS_main.turn_lap:636] - next wp: 3
2025-06-23 20:12:02,194 - SUAS - DEBUG - [SUAS_main.turn_lap:637] - wp_num:6
2025-06-23 20:12:02,245 - SUAS - DEBUG - [SUAS_main.turn_lap:636] - next wp: 3
2025-06-23 20:12:02,246 - SUAS - DEBUG - [SUAS_main.turn_lap:637] - wp_num:6
2025-06-23 20:12:02,297 - SUAS - DEBUG - [SUAS_main.turn_lap:636] - next wp: 3
2025-06-23 20:12:02,298 - SUAS - DEBUG - [SUAS_main.turn_lap:637] - wp_num:6
2025-06-23 20:12:02,349 - SUAS - DEBUG - [SUAS_main.turn_lap:636] - next wp: 3
2025-06-23 20:12:02,350 - SUAS - DEBUG - [SUAS_main.turn_lap:637] - wp_num:6
2025-06-23 20:12:02,401 - SUAS - DEBUG - [SUAS_main.turn_lap:636] - next wp: 3
2025-06-23 20:12:02,402 - SUAS - DEBUG - [SUAS_main.turn_lap:637] - wp_num:6
2025-06-23 20:12:02,453 - SUAS - DEBUG - [SUAS_main.turn_lap:636] - next wp: 3
2025-06-23 20:12:02,454 - SUAS - DEBUG - [SUAS_main.turn_lap:637] - wp_num:6
2025-06-23 20:12:02,504 - SUAS - DEBUG - [SUAS_main.turn_lap:636] - next wp: 3
2025-06-23 20:12:02,505 - SUAS - DEBUG - [SUAS_main.turn_lap:637] - wp_num:6
2025-06-23 20:12:02,557 - SUAS - DEBUG - [SUAS_main.turn_lap:636] - next wp: 3
2025-06-23 20:12:02,557 - SUAS - DEBUG - [SUAS_main.turn_lap:637] - wp_num:6
2025-06-23 20:12:02,608 - SUAS - DEBUG - [SUAS_main.turn_lap:636] - next wp: 3
2025-06-23 20:12:02,609 - SUAS - DEBUG - [SUAS_main.turn_lap:637] - wp_num:6
2025-06-23 20:12:02,660 - SUAS - DEBUG - [SUAS_main.turn_lap:636] - next wp: 3
2025-06-23 20:12:02,661 - SUAS - DEBUG - [SUAS_main.turn_lap:637] - wp_num:6
2025-06-23 20:12:02,712 - SUAS - DEBUG - [SUAS_main.turn_lap:636] - next wp: 3
2025-06-23 20:12:02,713 - SUAS - DEBUG - [SUAS_main.turn_lap:637] - wp_num:6
2025-06-23 20:12:02,764 - SUAS - DEBUG - [SUAS_main.turn_lap:636] - next wp: 3
2025-06-23 20:12:02,765 - SUAS - DEBUG - [SUAS_main.turn_lap:637] - wp_num:6
2025-06-23 20:12:02,816 - SUAS - DEBUG - [SUAS_main.turn_lap:636] - next wp: 3
2025-06-23 20:12:02,817 - SUAS - DEBUG - [SUAS_main.turn_lap:637] - wp_num:6
2025-06-23 20:12:02,868 - SUAS - DEBUG - [SUAS_main.turn_lap:636] - next wp: 4
2025-06-23 20:12:02,869 - SUAS - DEBUG - [SUAS_main.turn_lap:637] - wp_num:6
2025-06-23 20:12:02,920 - SUAS - DEBUG - [SUAS_main.turn_lap:636] - next wp: 4
2025-06-23 20:12:02,921 - SUAS - DEBUG - [SUAS_main.turn_lap:637] - wp_num:6
2025-06-23 20:12:02,972 - SUAS - DEBUG - [SUAS_main.turn_lap:636] - next wp: 4
2025-06-23 20:12:02,972 - SUAS - DEBUG - [SUAS_main.turn_lap:637] - wp_num:6
2025-06-23 20:12:03,023 - SUAS - DEBUG - [SUAS_main.turn_lap:636] - next wp: 4
2025-06-23 20:12:03,024 - SUAS - DEBUG - [SUAS_main.turn_lap:637] - wp_num:6
2025-06-23 20:12:03,075 - SUAS - DEBUG - [SUAS_main.turn_lap:636] - next wp: 4
2025-06-23 20:12:03,076 - SUAS - DEBUG - [SUAS_main.turn_lap:637] - wp_num:6
2025-06-23 20:12:03,127 - SUAS - DEBUG - [SUAS_main.turn_lap:636] - next wp: 4
2025-06-23 20:12:03,128 - SUAS - DEBUG - [SUAS_main.turn_lap:637] - wp_num:6
2025-06-23 20:12:03,179 - SUAS - DEBUG - [SUAS_main.turn_lap:636] - next wp: 4
2025-06-23 20:12:03,180 - SUAS - DEBUG - [SUAS_main.turn_lap:637] - wp_num:6
2025-06-23 20:12:03,231 - SUAS - DEBUG - [SUAS_main.turn_lap:636] - next wp: 4
2025-06-23 20:12:03,232 - SUAS - DEBUG - [SUAS_main.turn_lap:637] - wp_num:6
2025-06-23 20:12:03,283 - SUAS - DEBUG - [SUAS_main.turn_lap:636] - next wp: 4
2025-06-23 20:12:03,284 - SUAS - DEBUG - [SUAS_main.turn_lap:637] - wp_num:6
2025-06-23 20:12:03,334 - SUAS - DEBUG - [SUAS_main.turn_lap:636] - next wp: 4
2025-06-23 20:12:03,335 - SUAS - DEBUG - [SUAS_main.turn_lap:637] - wp_num:6
2025-06-23 20:12:03,386 - SUAS - DEBUG - [SUAS_main.turn_lap:636] - next wp: 4
2025-06-23 20:12:03,387 - SUAS - DEBUG - [SUAS_main.turn_lap:637] - wp_num:6
2025-06-23 20:12:03,439 - SUAS - DEBUG - [SUAS_main.turn_lap:636] - next wp: 4
2025-06-23 20:12:03,439 - SUAS - DEBUG - [SUAS_main.turn_lap:637] - wp_num:6
2025-06-23 20:12:03,490 - SUAS - DEBUG - [SUAS_main.turn_lap:636] - next wp: 4
2025-06-23 20:12:03,491 - SUAS - DEBUG - [SUAS_main.turn_lap:637] - wp_num:6
2025-06-23 20:12:03,542 - SUAS - DEBUG - [SUAS_main.turn_lap:636] - next wp: 4
2025-06-23 20:12:03,543 - SUAS - DEBUG - [SUAS_main.turn_lap:637] - wp_num:6
2025-06-23 20:12:03,594 - SUAS - DEBUG - [SUAS_main.turn_lap:636] - next wp: 4
2025-06-23 20:12:03,595 - SUAS - DEBUG - [SUAS_main.turn_lap:637] - wp_num:6
2025-06-23 20:12:03,646 - SUAS - DEBUG - [SUAS_main.turn_lap:636] - next wp: 4
2025-06-23 20:12:03,647 - SUAS - DEBUG - [SUAS_main.turn_lap:637] - wp_num:6
2025-06-23 20:12:03,698 - SUAS - DEBUG - [SUAS_main.turn_lap:636] - next wp: 4
2025-06-23 20:12:03,699 - SUAS - DEBUG - [SUAS_main.turn_lap:637] - wp_num:6
2025-06-23 20:12:03,750 - SUAS - DEBUG - [SUAS_main.turn_lap:636] - next wp: 4
2025-06-23 20:12:03,751 - SUAS - DEBUG - [SUAS_main.turn_lap:637] - wp_num:6
2025-06-23 20:12:03,802 - SUAS - DEBUG - [SUAS_main.turn_lap:636] - next wp: 4
2025-06-23 20:12:03,803 - SUAS - DEBUG - [SUAS_main.turn_lap:637] - wp_num:6
2025-06-23 20:12:03,853 - SUAS - DEBUG - [SUAS_main.turn_lap:636] - next wp: 4
2025-06-23 20:12:03,854 - SUAS - DEBUG - [SUAS_main.turn_lap:637] - wp_num:6
2025-06-23 20:12:03,905 - SUAS - DEBUG - [SUAS_main.turn_lap:636] - next wp: 4
2025-06-23 20:12:03,906 - SUAS - DEBUG - [SUAS_main.turn_lap:637] - wp_num:6
2025-06-23 20:12:03,958 - SUAS - DEBUG - [SUAS_main.turn_lap:636] - next wp: 4
2025-06-23 20:12:03,959 - SUAS - DEBUG - [SUAS_main.turn_lap:637] - wp_num:6
2025-06-23 20:12:04,010 - SUAS - DEBUG - [SUAS_main.turn_lap:636] - next wp: 4
2025-06-23 20:12:04,010 - SUAS - DEBUG - [SUAS_main.turn_lap:637] - wp_num:6
2025-06-23 20:12:04,061 - SUAS - DEBUG - [SUAS_main.turn_lap:636] - next wp: 4
2025-06-23 20:12:04,062 - SUAS - DEBUG - [SUAS_main.turn_lap:637] - wp_num:6
2025-06-23 20:12:04,113 - SUAS - DEBUG - [SUAS_main.turn_lap:636] - next wp: 4
2025-06-23 20:12:04,114 - SUAS - DEBUG - [SUAS_main.turn_lap:637] - wp_num:6
2025-06-23 20:12:04,165 - SUAS - DEBUG - [SUAS_main.turn_lap:636] - next wp: 4
2025-06-23 20:12:04,166 - SUAS - DEBUG - [SUAS_main.turn_lap:637] - wp_num:6
2025-06-23 20:12:04,217 - SUAS - DEBUG - [SUAS_main.turn_lap:636] - next wp: 4
2025-06-23 20:12:04,218 - SUAS - DEBUG - [SUAS_main.turn_lap:637] - wp_num:6
2025-06-23 20:12:04,269 - SUAS - DEBUG - [SUAS_main.turn_lap:636] - next wp: 4
2025-06-23 20:12:04,270 - SUAS - DEBUG - [SUAS_main.turn_lap:637] - wp_num:6
2025-06-23 20:12:04,322 - SUAS - DEBUG - [SUAS_main.turn_lap:636] - next wp: 4
2025-06-23 20:12:04,323 - SUAS - DEBUG - [SUAS_main.turn_lap:637] - wp_num:6
2025-06-23 20:12:04,374 - SUAS - DEBUG - [SUAS_main.turn_lap:636] - next wp: 4
2025-06-23 20:12:04,375 - SUAS - DEBUG - [SUAS_main.turn_lap:637] - wp_num:6
2025-06-23 20:12:04,426 - SUAS - DEBUG - [SUAS_main.turn_lap:636] - next wp: 4
2025-06-23 20:12:04,427 - SUAS - DEBUG - [SUAS_main.turn_lap:637] - wp_num:6
2025-06-23 20:12:04,478 - SUAS - DEBUG - [SUAS_main.turn_lap:636] - next wp: 4
2025-06-23 20:12:04,479 - SUAS - DEBUG - [SUAS_main.turn_lap:637] - wp_num:6
2025-06-23 20:12:04,530 - SUAS - DEBUG - [SUAS_main.turn_lap:636] - next wp: 4
2025-06-23 20:12:04,531 - SUAS - DEBUG - [SUAS_main.turn_lap:637] - wp_num:6
2025-06-23 20:12:04,582 - SUAS - DEBUG - [SUAS_main.turn_lap:636] - next wp: 4
2025-06-23 20:12:04,583 - SUAS - DEBUG - [SUAS_main.turn_lap:637] - wp_num:6
2025-06-23 20:12:04,634 - SUAS - DEBUG - [SUAS_main.turn_lap:636] - next wp: 4
2025-06-23 20:12:04,634 - SUAS - DEBUG - [SUAS_main.turn_lap:637] - wp_num:6
2025-06-23 20:12:04,685 - SUAS - DEBUG - [SUAS_main.turn_lap:636] - next wp: 4
2025-06-23 20:12:04,686 - SUAS - DEBUG - [SUAS_main.turn_lap:637] - wp_num:6
2025-06-23 20:12:04,737 - SUAS - DEBUG - [SUAS_main.turn_lap:636] - next wp: 4
2025-06-23 20:12:04,738 - SUAS - DEBUG - [SUAS_main.turn_lap:637] - wp_num:6
2025-06-23 20:12:04,789 - SUAS - DEBUG - [SUAS_main.turn_lap:636] - next wp: 4
2025-06-23 20:12:04,790 - SUAS - DEBUG - [SUAS_main.turn_lap:637] - wp_num:6
2025-06-23 20:12:04,841 - SUAS - DEBUG - [SUAS_main.turn_lap:636] - next wp: 4
2025-06-23 20:12:04,842 - SUAS - DEBUG - [SUAS_main.turn_lap:637] - wp_num:6
2025-06-23 20:12:04,893 - SUAS - DEBUG - [SUAS_main.turn_lap:636] - next wp: 4
2025-06-23 20:12:04,893 - SUAS - DEBUG - [SUAS_main.turn_lap:637] - wp_num:6
2025-06-23 20:12:04,944 - SUAS - DEBUG - [SUAS_main.turn_lap:636] - next wp: 4
2025-06-23 20:12:04,945 - SUAS - DEBUG - [SUAS_main.turn_lap:637] - wp_num:6
2025-06-23 20:12:04,996 - SUAS - DEBUG - [SUAS_main.turn_lap:636] - next wp: 4
2025-06-23 20:12:04,997 - SUAS - DEBUG - [SUAS_main.turn_lap:637] - wp_num:6
2025-06-23 20:12:05,048 - SUAS - DEBUG - [SUAS_main.turn_lap:636] - next wp: 4
2025-06-23 20:12:05,049 - SUAS - DEBUG - [SUAS_main.turn_lap:637] - wp_num:6
2025-06-23 20:12:05,099 - SUAS - DEBUG - [SUAS_main.turn_lap:636] - next wp: 4
2025-06-23 20:12:05,100 - SUAS - DEBUG - [SUAS_main.turn_lap:637] - wp_num:6
2025-06-23 20:12:05,151 - SUAS - DEBUG - [SUAS_main.turn_lap:636] - next wp: 4
2025-06-23 20:12:05,152 - SUAS - DEBUG - [SUAS_main.turn_lap:637] - wp_num:6
2025-06-23 20:12:05,202 - SUAS - DEBUG - [SUAS_main.turn_lap:636] - next wp: 4
2025-06-23 20:12:05,203 - SUAS - DEBUG - [SUAS_main.turn_lap:637] - wp_num:6
2025-06-23 20:12:05,254 - SUAS - DEBUG - [SUAS_main.turn_lap:636] - next wp: 4
2025-06-23 20:12:05,255 - SUAS - DEBUG - [SUAS_main.turn_lap:637] - wp_num:6
2025-06-23 20:12:05,306 - SUAS - DEBUG - [SUAS_main.turn_lap:636] - next wp: 4
2025-06-23 20:12:05,307 - SUAS - DEBUG - [SUAS_main.turn_lap:637] - wp_num:6
2025-06-23 20:12:05,358 - SUAS - DEBUG - [SUAS_main.turn_lap:636] - next wp: 4
2025-06-23 20:12:05,358 - SUAS - DEBUG - [SUAS_main.turn_lap:637] - wp_num:6
2025-06-23 20:12:05,409 - SUAS - DEBUG - [SUAS_main.turn_lap:636] - next wp: 4
2025-06-23 20:12:05,410 - SUAS - DEBUG - [SUAS_main.turn_lap:637] - wp_num:6
2025-06-23 20:12:05,461 - SUAS - DEBUG - [SUAS_main.turn_lap:636] - next wp: 4
2025-06-23 20:12:05,462 - SUAS - DEBUG - [SUAS_main.turn_lap:637] - wp_num:6
2025-06-23 20:12:05,513 - SUAS - DEBUG - [SUAS_main.turn_lap:636] - next wp: 4
2025-06-23 20:12:05,514 - SUAS - DEBUG - [SUAS_main.turn_lap:637] - wp_num:6
2025-06-23 20:12:05,564 - SUAS - DEBUG - [SUAS_main.turn_lap:636] - next wp: 4
2025-06-23 20:12:05,565 - SUAS - DEBUG - [SUAS_main.turn_lap:637] - wp_num:6
2025-06-23 20:12:05,616 - SUAS - DEBUG - [SUAS_main.turn_lap:636] - next wp: 4
2025-06-23 20:12:05,617 - SUAS - DEBUG - [SUAS_main.turn_lap:637] - wp_num:6
2025-06-23 20:12:05,668 - SUAS - DEBUG - [SUAS_main.turn_lap:636] - next wp: 4
2025-06-23 20:12:05,669 - SUAS - DEBUG - [SUAS_main.turn_lap:637] - wp_num:6
2025-06-23 20:12:05,720 - SUAS - DEBUG - [SUAS_main.turn_lap:636] - next wp: 4
2025-06-23 20:12:05,721 - SUAS - DEBUG - [SUAS_main.turn_lap:637] - wp_num:6
2025-06-23 20:12:05,772 - SUAS - DEBUG - [SUAS_main.turn_lap:636] - next wp: 4
2025-06-23 20:12:05,773 - SUAS - DEBUG - [SUAS_main.turn_lap:637] - wp_num:6
2025-06-23 20:12:05,824 - SUAS - DEBUG - [SUAS_main.turn_lap:636] - next wp: 4
2025-06-23 20:12:05,824 - SUAS - DEBUG - [SUAS_main.turn_lap:637] - wp_num:6
2025-06-23 20:12:05,875 - SUAS - DEBUG - [SUAS_main.turn_lap:636] - next wp: 4
2025-06-23 20:12:05,876 - SUAS - DEBUG - [SUAS_main.turn_lap:637] - wp_num:6
2025-06-23 20:12:05,927 - SUAS - DEBUG - [SUAS_main.turn_lap:636] - next wp: 4
2025-06-23 20:12:05,928 - SUAS - DEBUG - [SUAS_main.turn_lap:637] - wp_num:6
2025-06-23 20:12:05,979 - SUAS - DEBUG - [SUAS_main.turn_lap:636] - next wp: 4
2025-06-23 20:12:05,980 - SUAS - DEBUG - [SUAS_main.turn_lap:637] - wp_num:6
2025-06-23 20:12:06,031 - SUAS - DEBUG - [SUAS_main.turn_lap:636] - next wp: 4
2025-06-23 20:12:06,032 - SUAS - DEBUG - [SUAS_main.turn_lap:637] - wp_num:6
2025-06-23 20:12:06,083 - SUAS - DEBUG - [SUAS_main.turn_lap:636] - next wp: 4
2025-06-23 20:12:06,083 - SUAS - DEBUG - [SUAS_main.turn_lap:637] - wp_num:6
2025-06-23 20:12:06,134 - SUAS - DEBUG - [SUAS_main.turn_lap:636] - next wp: 4
2025-06-23 20:12:06,135 - SUAS - DEBUG - [SUAS_main.turn_lap:637] - wp_num:6
2025-06-23 20:12:06,186 - SUAS - DEBUG - [SUAS_main.turn_lap:636] - next wp: 4
2025-06-23 20:12:06,187 - SUAS - DEBUG - [SUAS_main.turn_lap:637] - wp_num:6
2025-06-23 20:12:06,238 - SUAS - DEBUG - [SUAS_main.turn_lap:636] - next wp: 4
2025-06-23 20:12:06,239 - SUAS - DEBUG - [SUAS_main.turn_lap:637] - wp_num:6
2025-06-23 20:12:06,290 - SUAS - DEBUG - [SUAS_main.turn_lap:636] - next wp: 4
2025-06-23 20:12:06,291 - SUAS - DEBUG - [SUAS_main.turn_lap:637] - wp_num:6
2025-06-23 20:12:06,342 - SUAS - DEBUG - [SUAS_main.turn_lap:636] - next wp: 4
2025-06-23 20:12:06,343 - SUAS - DEBUG - [SUAS_main.turn_lap:637] - wp_num:6
2025-06-23 20:12:06,394 - SUAS - DEBUG - [SUAS_main.turn_lap:636] - next wp: 4
2025-06-23 20:12:06,394 - SUAS - DEBUG - [SUAS_main.turn_lap:637] - wp_num:6
2025-06-23 20:12:06,445 - SUAS - DEBUG - [SUAS_main.turn_lap:636] - next wp: 4
2025-06-23 20:12:06,446 - SUAS - DEBUG - [SUAS_main.turn_lap:637] - wp_num:6
2025-06-23 20:12:06,497 - SUAS - DEBUG - [SUAS_main.turn_lap:636] - next wp: 4
2025-06-23 20:12:06,498 - SUAS - DEBUG - [SUAS_main.turn_lap:637] - wp_num:6
2025-06-23 20:12:06,549 - SUAS - DEBUG - [SUAS_main.turn_lap:636] - next wp: 4
2025-06-23 20:12:06,550 - SUAS - DEBUG - [SUAS_main.turn_lap:637] - wp_num:6
2025-06-23 20:12:06,601 - SUAS - DEBUG - [SUAS_main.turn_lap:636] - next wp: 4
2025-06-23 20:12:06,602 - SUAS - DEBUG - [SUAS_main.turn_lap:637] - wp_num:6
2025-06-23 20:12:06,654 - SUAS - DEBUG - [SUAS_main.turn_lap:636] - next wp: 4
2025-06-23 20:12:06,655 - SUAS - DEBUG - [SUAS_main.turn_lap:637] - wp_num:6
2025-06-23 20:12:06,705 - SUAS - DEBUG - [SUAS_main.turn_lap:636] - next wp: 4
2025-06-23 20:12:06,706 - SUAS - DEBUG - [SUAS_main.turn_lap:637] - wp_num:6
2025-06-23 20:12:06,758 - SUAS - DEBUG - [SUAS_main.turn_lap:636] - next wp: 4
2025-06-23 20:12:06,758 - SUAS - DEBUG - [SUAS_main.turn_lap:637] - wp_num:6
2025-06-23 20:12:06,809 - SUAS - DEBUG - [SUAS_main.turn_lap:636] - next wp: 4
2025-06-23 20:12:06,810 - SUAS - DEBUG - [SUAS_main.turn_lap:637] - wp_num:6
2025-06-23 20:12:06,861 - SUAS - DEBUG - [SUAS_main.turn_lap:636] - next wp: 4
2025-06-23 20:12:06,862 - SUAS - DEBUG - [SUAS_main.turn_lap:637] - wp_num:6
2025-06-23 20:12:06,913 - SUAS - DEBUG - [SUAS_main.turn_lap:636] - next wp: 4
2025-06-23 20:12:06,914 - SUAS - DEBUG - [SUAS_main.turn_lap:637] - wp_num:6
2025-06-23 20:12:06,964 - SUAS - DEBUG - [SUAS_main.turn_lap:636] - next wp: 4
2025-06-23 20:12:06,965 - SUAS - DEBUG - [SUAS_main.turn_lap:637] - wp_num:6
2025-06-23 20:12:07,016 - SUAS - DEBUG - [SUAS_main.turn_lap:636] - next wp: 4
2025-06-23 20:12:07,017 - SUAS - DEBUG - [SUAS_main.turn_lap:637] - wp_num:6
2025-06-23 20:12:07,068 - SUAS - DEBUG - [SUAS_main.turn_lap:636] - next wp: 4
2025-06-23 20:12:07,069 - SUAS - DEBUG - [SUAS_main.turn_lap:637] - wp_num:6
2025-06-23 20:12:07,120 - SUAS - DEBUG - [SUAS_main.turn_lap:636] - next wp: 4
2025-06-23 20:12:07,121 - SUAS - DEBUG - [SUAS_main.turn_lap:637] - wp_num:6
2025-06-23 20:12:07,172 - SUAS - DEBUG - [SUAS_main.turn_lap:636] - next wp: 4
2025-06-23 20:12:07,173 - SUAS - DEBUG - [SUAS_main.turn_lap:637] - wp_num:6
2025-06-23 20:12:07,224 - SUAS - DEBUG - [SUAS_main.turn_lap:636] - next wp: 4
2025-06-23 20:12:07,224 - SUAS - DEBUG - [SUAS_main.turn_lap:637] - wp_num:6
2025-06-23 20:12:07,275 - SUAS - DEBUG - [SUAS_main.turn_lap:636] - next wp: 4
2025-06-23 20:12:07,276 - SUAS - DEBUG - [SUAS_main.turn_lap:637] - wp_num:6
2025-06-23 20:12:07,327 - SUAS - DEBUG - [SUAS_main.turn_lap:636] - next wp: 4
2025-06-23 20:12:07,328 - SUAS - DEBUG - [SUAS_main.turn_lap:637] - wp_num:6
2025-06-23 20:12:07,379 - SUAS - DEBUG - [SUAS_main.turn_lap:636] - next wp: 4
2025-06-23 20:12:07,380 - SUAS - DEBUG - [SUAS_main.turn_lap:637] - wp_num:6
2025-06-23 20:12:07,431 - SUAS - DEBUG - [SUAS_main.turn_lap:636] - next wp: 4
2025-06-23 20:12:07,432 - SUAS - DEBUG - [SUAS_main.turn_lap:637] - wp_num:6
2025-06-23 20:12:07,482 - SUAS - DEBUG - [SUAS_main.turn_lap:636] - next wp: 4
2025-06-23 20:12:07,483 - SUAS - DEBUG - [SUAS_main.turn_lap:637] - wp_num:6
2025-06-23 20:12:07,534 - SUAS - DEBUG - [SUAS_main.turn_lap:636] - next wp: 4
2025-06-23 20:12:07,535 - SUAS - DEBUG - [SUAS_main.turn_lap:637] - wp_num:6
2025-06-23 20:12:07,586 - SUAS - DEBUG - [SUAS_main.turn_lap:636] - next wp: 4
2025-06-23 20:12:07,587 - SUAS - DEBUG - [SUAS_main.turn_lap:637] - wp_num:6
2025-06-23 20:12:07,638 - SUAS - DEBUG - [SUAS_main.turn_lap:636] - next wp: 4
2025-06-23 20:12:07,638 - SUAS - DEBUG - [SUAS_main.turn_lap:637] - wp_num:6
2025-06-23 20:12:07,689 - SUAS - DEBUG - [SUAS_main.turn_lap:636] - next wp: 4
2025-06-23 20:12:07,690 - SUAS - DEBUG - [SUAS_main.turn_lap:637] - wp_num:6
2025-06-23 20:12:07,741 - SUAS - DEBUG - [SUAS_main.turn_lap:636] - next wp: 4
2025-06-23 20:12:07,742 - SUAS - DEBUG - [SUAS_main.turn_lap:637] - wp_num:6
2025-06-23 20:12:07,793 - SUAS - DEBUG - [SUAS_main.turn_lap:636] - next wp: 4
2025-06-23 20:12:07,794 - SUAS - DEBUG - [SUAS_main.turn_lap:637] - wp_num:6
2025-06-23 20:12:07,845 - SUAS - DEBUG - [SUAS_main.turn_lap:636] - next wp: 4
2025-06-23 20:12:07,845 - SUAS - DEBUG - [SUAS_main.turn_lap:637] - wp_num:6
2025-06-23 20:12:07,896 - SUAS - DEBUG - [SUAS_main.turn_lap:636] - next wp: 4
2025-06-23 20:12:07,897 - SUAS - DEBUG - [SUAS_main.turn_lap:637] - wp_num:6
2025-06-23 20:12:07,948 - SUAS - DEBUG - [SUAS_main.turn_lap:636] - next wp: 4
2025-06-23 20:12:07,949 - SUAS - DEBUG - [SUAS_main.turn_lap:637] - wp_num:6
2025-06-23 20:12:08,000 - SUAS - DEBUG - [SUAS_main.turn_lap:636] - next wp: 4
2025-06-23 20:12:08,001 - SUAS - DEBUG - [SUAS_main.turn_lap:637] - wp_num:6
2025-06-23 20:12:08,052 - SUAS - DEBUG - [SUAS_main.turn_lap:636] - next wp: 4
2025-06-23 20:12:08,053 - SUAS - DEBUG - [SUAS_main.turn_lap:637] - wp_num:6
2025-06-23 20:12:08,103 - SUAS - DEBUG - [SUAS_main.turn_lap:636] - next wp: 4
2025-06-23 20:12:08,104 - SUAS - DEBUG - [SUAS_main.turn_lap:637] - wp_num:6
2025-06-23 20:12:08,155 - SUAS - DEBUG - [SUAS_main.turn_lap:636] - next wp: 4
2025-06-23 20:12:08,156 - SUAS - DEBUG - [SUAS_main.turn_lap:637] - wp_num:6
2025-06-23 20:12:08,207 - SUAS - DEBUG - [SUAS_main.turn_lap:636] - next wp: 4
2025-06-23 20:12:08,208 - SUAS - DEBUG - [SUAS_main.turn_lap:637] - wp_num:6
2025-06-23 20:12:08,258 - SUAS - DEBUG - [SUAS_main.turn_lap:636] - next wp: 4
2025-06-23 20:12:08,259 - SUAS - DEBUG - [SUAS_main.turn_lap:637] - wp_num:6
2025-06-23 20:12:08,310 - SUAS - DEBUG - [SUAS_main.turn_lap:636] - next wp: 4
2025-06-23 20:12:08,311 - SUAS - DEBUG - [SUAS_main.turn_lap:637] - wp_num:6
2025-06-23 20:12:08,362 - SUAS - DEBUG - [SUAS_main.turn_lap:636] - next wp: 4
2025-06-23 20:12:08,363 - SUAS - DEBUG - [SUAS_main.turn_lap:637] - wp_num:6
2025-06-23 20:12:08,414 - SUAS - DEBUG - [SUAS_main.turn_lap:636] - next wp: 4
2025-06-23 20:12:08,414 - SUAS - DEBUG - [SUAS_main.turn_lap:637] - wp_num:6
2025-06-23 20:12:08,465 - SUAS - DEBUG - [SUAS_main.turn_lap:636] - next wp: 4
2025-06-23 20:12:08,466 - SUAS - DEBUG - [SUAS_main.turn_lap:637] - wp_num:6
2025-06-23 20:12:08,517 - SUAS - DEBUG - [SUAS_main.turn_lap:636] - next wp: 4
2025-06-23 20:12:08,518 - SUAS - DEBUG - [SUAS_main.turn_lap:637] - wp_num:6
2025-06-23 20:12:08,569 - SUAS - DEBUG - [SUAS_main.turn_lap:636] - next wp: 4
2025-06-23 20:12:08,570 - SUAS - DEBUG - [SUAS_main.turn_lap:637] - wp_num:6
2025-06-23 20:12:08,621 - SUAS - DEBUG - [SUAS_main.turn_lap:636] - next wp: 4
2025-06-23 20:12:08,622 - SUAS - DEBUG - [SUAS_main.turn_lap:637] - wp_num:6
2025-06-23 20:12:08,673 - SUAS - DEBUG - [SUAS_main.turn_lap:636] - next wp: 4
2025-06-23 20:12:08,673 - SUAS - DEBUG - [SUAS_main.turn_lap:637] - wp_num:6
2025-06-23 20:12:08,724 - SUAS - DEBUG - [SUAS_main.turn_lap:636] - next wp: 4
2025-06-23 20:12:08,725 - SUAS - DEBUG - [SUAS_main.turn_lap:637] - wp_num:6
2025-06-23 20:12:08,776 - SUAS - DEBUG - [SUAS_main.turn_lap:636] - next wp: 4
2025-06-23 20:12:08,777 - SUAS - DEBUG - [SUAS_main.turn_lap:637] - wp_num:6
2025-06-23 20:12:08,828 - SUAS - DEBUG - [SUAS_main.turn_lap:636] - next wp: 4
2025-06-23 20:12:08,829 - SUAS - DEBUG - [SUAS_main.turn_lap:637] - wp_num:6
2025-06-23 20:12:08,880 - SUAS - DEBUG - [SUAS_main.turn_lap:636] - next wp: 4
2025-06-23 20:12:08,881 - SUAS - DEBUG - [SUAS_main.turn_lap:637] - wp_num:6
2025-06-23 20:12:08,932 - SUAS - DEBUG - [SUAS_main.turn_lap:636] - next wp: 4
2025-06-23 20:12:08,932 - SUAS - DEBUG - [SUAS_main.turn_lap:637] - wp_num:6
2025-06-23 20:12:08,983 - SUAS - DEBUG - [SUAS_main.turn_lap:636] - next wp: 4
2025-06-23 20:12:08,984 - SUAS - DEBUG - [SUAS_main.turn_lap:637] - wp_num:6
2025-06-23 20:12:09,035 - SUAS - DEBUG - [SUAS_main.turn_lap:636] - next wp: 4
2025-06-23 20:12:09,036 - SUAS - DEBUG - [SUAS_main.turn_lap:637] - wp_num:6
2025-06-23 20:12:09,087 - SUAS - DEBUG - [SUAS_main.turn_lap:636] - next wp: 4
2025-06-23 20:12:09,087 - SUAS - DEBUG - [SUAS_main.turn_lap:637] - wp_num:6
2025-06-23 20:12:09,140 - SUAS - DEBUG - [SUAS_main.turn_lap:636] - next wp: 4
2025-06-23 20:12:09,141 - SUAS - DEBUG - [SUAS_main.turn_lap:637] - wp_num:6
2025-06-23 20:12:09,192 - SUAS - DEBUG - [SUAS_main.turn_lap:636] - next wp: 4
2025-06-23 20:12:09,192 - SUAS - DEBUG - [SUAS_main.turn_lap:637] - wp_num:6
2025-06-23 20:12:09,244 - SUAS - DEBUG - [SUAS_main.turn_lap:636] - next wp: 4
2025-06-23 20:12:09,244 - SUAS - DEBUG - [SUAS_main.turn_lap:637] - wp_num:6
2025-06-23 20:12:09,295 - SUAS - DEBUG - [SUAS_main.turn_lap:636] - next wp: 4
2025-06-23 20:12:09,296 - SUAS - DEBUG - [SUAS_main.turn_lap:637] - wp_num:6
2025-06-23 20:12:09,347 - SUAS - DEBUG - [SUAS_main.turn_lap:636] - next wp: 4
2025-06-23 20:12:09,348 - SUAS - DEBUG - [SUAS_main.turn_lap:637] - wp_num:6
2025-06-23 20:12:09,399 - SUAS - DEBUG - [SUAS_main.turn_lap:636] - next wp: 4
2025-06-23 20:12:09,400 - SUAS - DEBUG - [SUAS_main.turn_lap:637] - wp_num:6
2025-06-23 20:12:09,451 - SUAS - DEBUG - [SUAS_main.turn_lap:636] - next wp: 4
2025-06-23 20:12:09,451 - SUAS - DEBUG - [SUAS_main.turn_lap:637] - wp_num:6
2025-06-23 20:12:09,503 - SUAS - DEBUG - [SUAS_main.turn_lap:636] - next wp: 4
2025-06-23 20:12:09,504 - SUAS - DEBUG - [SUAS_main.turn_lap:637] - wp_num:6
2025-06-23 20:12:09,555 - SUAS - DEBUG - [SUAS_main.turn_lap:636] - next wp: 4
2025-06-23 20:12:09,555 - SUAS - DEBUG - [SUAS_main.turn_lap:637] - wp_num:6
2025-06-23 20:12:09,606 - SUAS - DEBUG - [SUAS_main.turn_lap:636] - next wp: 4
2025-06-23 20:12:09,607 - SUAS - DEBUG - [SUAS_main.turn_lap:637] - wp_num:6
2025-06-23 20:12:09,658 - SUAS - DEBUG - [SUAS_main.turn_lap:636] - next wp: 4
2025-06-23 20:12:09,659 - SUAS - DEBUG - [SUAS_main.turn_lap:637] - wp_num:6
2025-06-23 20:12:09,710 - SUAS - DEBUG - [SUAS_main.turn_lap:636] - next wp: 4
2025-06-23 20:12:09,710 - SUAS - DEBUG - [SUAS_main.turn_lap:637] - wp_num:6
2025-06-23 20:12:09,761 - SUAS - DEBUG - [SUAS_main.turn_lap:636] - next wp: 4
2025-06-23 20:12:09,762 - SUAS - DEBUG - [SUAS_main.turn_lap:637] - wp_num:6
2025-06-23 20:12:09,813 - SUAS - DEBUG - [SUAS_main.turn_lap:636] - next wp: 4
2025-06-23 20:12:09,814 - SUAS - DEBUG - [SUAS_main.turn_lap:637] - wp_num:6
2025-06-23 20:12:09,864 - SUAS - DEBUG - [SUAS_main.turn_lap:636] - next wp: 5
2025-06-23 20:12:09,865 - SUAS - DEBUG - [SUAS_main.turn_lap:637] - wp_num:6
2025-06-23 20:12:09,916 - SUAS - DEBUG - [SUAS_main.turn_lap:636] - next wp: 5
2025-06-23 20:12:09,917 - SUAS - DEBUG - [SUAS_main.turn_lap:637] - wp_num:6
2025-06-23 20:12:09,968 - SUAS - DEBUG - [SUAS_main.turn_lap:636] - next wp: 5
2025-06-23 20:12:09,969 - SUAS - DEBUG - [SUAS_main.turn_lap:637] - wp_num:6
2025-06-23 20:12:10,020 - SUAS - DEBUG - [SUAS_main.turn_lap:636] - next wp: 5
2025-06-23 20:12:10,021 - SUAS - DEBUG - [SUAS_main.turn_lap:637] - wp_num:6
2025-06-23 20:12:10,072 - SUAS - DEBUG - [SUAS_main.turn_lap:636] - next wp: 5
2025-06-23 20:12:10,072 - SUAS - DEBUG - [SUAS_main.turn_lap:637] - wp_num:6
2025-06-23 20:12:10,123 - SUAS - DEBUG - [SUAS_main.turn_lap:636] - next wp: 5
2025-06-23 20:12:10,124 - SUAS - DEBUG - [SUAS_main.turn_lap:637] - wp_num:6
2025-06-23 20:12:10,175 - SUAS - DEBUG - [SUAS_main.turn_lap:636] - next wp: 5
2025-06-23 20:12:10,176 - SUAS - DEBUG - [SUAS_main.turn_lap:637] - wp_num:6
2025-06-23 20:12:10,227 - SUAS - DEBUG - [SUAS_main.turn_lap:636] - next wp: 5
2025-06-23 20:12:10,227 - SUAS - DEBUG - [SUAS_main.turn_lap:637] - wp_num:6
2025-06-23 20:12:10,278 - SUAS - DEBUG - [SUAS_main.turn_lap:636] - next wp: 5
2025-06-23 20:12:10,279 - SUAS - DEBUG - [SUAS_main.turn_lap:637] - wp_num:6
2025-06-23 20:12:10,330 - SUAS - DEBUG - [SUAS_main.turn_lap:636] - next wp: 5
2025-06-23 20:12:10,331 - SUAS - DEBUG - [SUAS_main.turn_lap:637] - wp_num:6
2025-06-23 20:12:10,382 - SUAS - DEBUG - [SUAS_main.turn_lap:636] - next wp: 5
2025-06-23 20:12:10,382 - SUAS - DEBUG - [SUAS_main.turn_lap:637] - wp_num:6
2025-06-23 20:12:10,433 - SUAS - DEBUG - [SUAS_main.turn_lap:636] - next wp: 5
2025-06-23 20:12:10,434 - SUAS - DEBUG - [SUAS_main.turn_lap:637] - wp_num:6
2025-06-23 20:12:10,484 - SUAS - DEBUG - [SUAS_main.turn_lap:636] - next wp: 5
2025-06-23 20:12:10,485 - SUAS - DEBUG - [SUAS_main.turn_lap:637] - wp_num:6
2025-06-23 20:12:10,536 - SUAS - DEBUG - [SUAS_main.turn_lap:636] - next wp: 5
2025-06-23 20:12:10,537 - SUAS - DEBUG - [SUAS_main.turn_lap:637] - wp_num:6
2025-06-23 20:12:10,587 - SUAS - DEBUG - [SUAS_main.turn_lap:636] - next wp: 5
2025-06-23 20:12:10,588 - SUAS - DEBUG - [SUAS_main.turn_lap:637] - wp_num:6
2025-06-23 20:12:10,639 - SUAS - DEBUG - [SUAS_main.turn_lap:636] - next wp: 5
2025-06-23 20:12:10,640 - SUAS - DEBUG - [SUAS_main.turn_lap:637] - wp_num:6
2025-06-23 20:12:10,691 - SUAS - DEBUG - [SUAS_main.turn_lap:636] - next wp: 5
2025-06-23 20:12:10,692 - SUAS - DEBUG - [SUAS_main.turn_lap:637] - wp_num:6
2025-06-23 20:12:10,742 - SUAS - DEBUG - [SUAS_main.turn_lap:636] - next wp: 5
2025-06-23 20:12:10,743 - SUAS - DEBUG - [SUAS_main.turn_lap:637] - wp_num:6
2025-06-23 20:12:10,794 - SUAS - DEBUG - [SUAS_main.turn_lap:636] - next wp: 5
2025-06-23 20:12:10,795 - SUAS - DEBUG - [SUAS_main.turn_lap:637] - wp_num:6
2025-06-23 20:12:10,846 - SUAS - DEBUG - [SUAS_main.turn_lap:636] - next wp: 5
2025-06-23 20:12:10,847 - SUAS - DEBUG - [SUAS_main.turn_lap:637] - wp_num:6
2025-06-23 20:12:10,898 - SUAS - DEBUG - [SUAS_main.turn_lap:636] - next wp: 5
2025-06-23 20:12:10,899 - SUAS - DEBUG - [SUAS_main.turn_lap:637] - wp_num:6
2025-06-23 20:12:10,949 - SUAS - DEBUG - [SUAS_main.turn_lap:636] - next wp: 5
2025-06-23 20:12:10,950 - SUAS - DEBUG - [SUAS_main.turn_lap:637] - wp_num:6
2025-06-23 20:12:11,001 - SUAS - DEBUG - [SUAS_main.turn_lap:636] - next wp: 5
2025-06-23 20:12:11,002 - SUAS - DEBUG - [SUAS_main.turn_lap:637] - wp_num:6
2025-06-23 20:12:11,053 - SUAS - DEBUG - [SUAS_main.turn_lap:636] - next wp: 5
2025-06-23 20:12:11,054 - SUAS - DEBUG - [SUAS_main.turn_lap:637] - wp_num:6
2025-06-23 20:12:11,105 - SUAS - DEBUG - [SUAS_main.turn_lap:636] - next wp: 5
2025-06-23 20:12:11,106 - SUAS - DEBUG - [SUAS_main.turn_lap:637] - wp_num:6
2025-06-23 20:12:11,157 - SUAS - DEBUG - [SUAS_main.turn_lap:636] - next wp: 5
2025-06-23 20:12:11,158 - SUAS - DEBUG - [SUAS_main.turn_lap:637] - wp_num:6
2025-06-23 20:12:11,212 - SUAS - DEBUG - [SUAS_main.turn_lap:636] - next wp: 5
2025-06-23 20:12:11,213 - SUAS - DEBUG - [SUAS_main.turn_lap:637] - wp_num:6
2025-06-23 20:12:11,264 - SUAS - DEBUG - [SUAS_main.turn_lap:636] - next wp: 5
2025-06-23 20:12:11,265 - SUAS - DEBUG - [SUAS_main.turn_lap:637] - wp_num:6
2025-06-23 20:12:11,316 - SUAS - DEBUG - [SUAS_main.turn_lap:636] - next wp: 5
2025-06-23 20:12:11,316 - SUAS - DEBUG - [SUAS_main.turn_lap:637] - wp_num:6
2025-06-23 20:12:11,367 - SUAS - DEBUG - [SUAS_main.turn_lap:636] - next wp: 5
2025-06-23 20:12:11,368 - SUAS - DEBUG - [SUAS_main.turn_lap:637] - wp_num:6
2025-06-23 20:12:11,419 - SUAS - DEBUG - [SUAS_main.turn_lap:636] - next wp: 5
2025-06-23 20:12:11,420 - SUAS - DEBUG - [SUAS_main.turn_lap:637] - wp_num:6
2025-06-23 20:12:11,471 - SUAS - DEBUG - [SUAS_main.turn_lap:636] - next wp: 5
2025-06-23 20:12:11,472 - SUAS - DEBUG - [SUAS_main.turn_lap:637] - wp_num:6
2025-06-23 20:12:11,523 - SUAS - DEBUG - [SUAS_main.turn_lap:636] - next wp: 5
2025-06-23 20:12:11,523 - SUAS - DEBUG - [SUAS_main.turn_lap:637] - wp_num:6
2025-06-23 20:12:11,574 - SUAS - DEBUG - [SUAS_main.turn_lap:636] - next wp: 5
2025-06-23 20:12:11,575 - SUAS - DEBUG - [SUAS_main.turn_lap:637] - wp_num:6
2025-06-23 20:12:11,626 - SUAS - DEBUG - [SUAS_main.turn_lap:636] - next wp: 5
2025-06-23 20:12:11,627 - SUAS - DEBUG - [SUAS_main.turn_lap:637] - wp_num:6
2025-06-23 20:12:11,678 - SUAS - DEBUG - [SUAS_main.turn_lap:636] - next wp: 5
2025-06-23 20:12:11,679 - SUAS - DEBUG - [SUAS_main.turn_lap:637] - wp_num:6
2025-06-23 20:12:11,730 - SUAS - DEBUG - [SUAS_main.turn_lap:636] - next wp: 5
2025-06-23 20:12:11,731 - SUAS - DEBUG - [SUAS_main.turn_lap:637] - wp_num:6
2025-06-23 20:12:11,782 - SUAS - DEBUG - [SUAS_main.turn_lap:636] - next wp: 5
2025-06-23 20:12:11,783 - SUAS - DEBUG - [SUAS_main.turn_lap:637] - wp_num:6
2025-06-23 20:12:11,834 - SUAS - DEBUG - [SUAS_main.turn_lap:636] - next wp: 5
2025-06-23 20:12:11,835 - SUAS - DEBUG - [SUAS_main.turn_lap:637] - wp_num:6
2025-06-23 20:12:11,886 - SUAS - DEBUG - [SUAS_main.turn_lap:636] - next wp: 5
2025-06-23 20:12:11,887 - SUAS - DEBUG - [SUAS_main.turn_lap:637] - wp_num:6
2025-06-23 20:12:11,938 - SUAS - DEBUG - [SUAS_main.turn_lap:636] - next wp: 5
2025-06-23 20:12:11,939 - SUAS - DEBUG - [SUAS_main.turn_lap:637] - wp_num:6
2025-06-23 20:12:11,989 - SUAS - DEBUG - [SUAS_main.turn_lap:636] - next wp: 5
2025-06-23 20:12:11,990 - SUAS - DEBUG - [SUAS_main.turn_lap:637] - wp_num:6
2025-06-23 20:12:12,041 - SUAS - DEBUG - [SUAS_main.turn_lap:636] - next wp: 5
2025-06-23 20:12:12,042 - SUAS - DEBUG - [SUAS_main.turn_lap:637] - wp_num:6
2025-06-23 20:12:12,093 - SUAS - DEBUG - [SUAS_main.turn_lap:636] - next wp: 5
2025-06-23 20:12:12,094 - SUAS - DEBUG - [SUAS_main.turn_lap:637] - wp_num:6
2025-06-23 20:12:12,145 - SUAS - DEBUG - [SUAS_main.turn_lap:636] - next wp: 5
2025-06-23 20:12:12,146 - SUAS - DEBUG - [SUAS_main.turn_lap:637] - wp_num:6
2025-06-23 20:12:12,197 - SUAS - DEBUG - [SUAS_main.turn_lap:636] - next wp: 5
2025-06-23 20:12:12,198 - SUAS - DEBUG - [SUAS_main.turn_lap:637] - wp_num:6
2025-06-23 20:12:12,249 - SUAS - DEBUG - [SUAS_main.turn_lap:636] - next wp: 5
2025-06-23 20:12:12,250 - SUAS - DEBUG - [SUAS_main.turn_lap:637] - wp_num:6
2025-06-23 20:12:12,301 - SUAS - DEBUG - [SUAS_main.turn_lap:636] - next wp: 5
2025-06-23 20:12:12,302 - SUAS - DEBUG - [SUAS_main.turn_lap:637] - wp_num:6
2025-06-23 20:12:12,352 - SUAS - DEBUG - [SUAS_main.turn_lap:636] - next wp: 5
2025-06-23 20:12:12,353 - SUAS - DEBUG - [SUAS_main.turn_lap:637] - wp_num:6
2025-06-23 20:12:12,404 - SUAS - DEBUG - [SUAS_main.turn_lap:636] - next wp: 5
2025-06-23 20:12:12,405 - SUAS - DEBUG - [SUAS_main.turn_lap:637] - wp_num:6
2025-06-23 20:12:12,456 - SUAS - DEBUG - [SUAS_main.turn_lap:636] - next wp: 5
2025-06-23 20:12:12,457 - SUAS - DEBUG - [SUAS_main.turn_lap:637] - wp_num:6
2025-06-23 20:12:12,508 - SUAS - DEBUG - [SUAS_main.turn_lap:636] - next wp: 5
2025-06-23 20:12:12,509 - SUAS - DEBUG - [SUAS_main.turn_lap:637] - wp_num:6
2025-06-23 20:12:12,560 - SUAS - DEBUG - [SUAS_main.turn_lap:636] - next wp: 5
2025-06-23 20:12:12,561 - SUAS - DEBUG - [SUAS_main.turn_lap:637] - wp_num:6
2025-06-23 20:12:12,611 - SUAS - DEBUG - [SUAS_main.turn_lap:636] - next wp: 5
2025-06-23 20:12:12,612 - SUAS - DEBUG - [SUAS_main.turn_lap:637] - wp_num:6
2025-06-23 20:12:12,663 - SUAS - DEBUG - [SUAS_main.turn_lap:636] - next wp: 5
2025-06-23 20:12:12,664 - SUAS - DEBUG - [SUAS_main.turn_lap:637] - wp_num:6
2025-06-23 20:12:12,715 - SUAS - DEBUG - [SUAS_main.turn_lap:636] - next wp: 5
2025-06-23 20:12:12,716 - SUAS - DEBUG - [SUAS_main.turn_lap:637] - wp_num:6
2025-06-23 20:12:12,767 - SUAS - DEBUG - [SUAS_main.turn_lap:636] - next wp: 5
2025-06-23 20:12:12,768 - SUAS - DEBUG - [SUAS_main.turn_lap:637] - wp_num:6
2025-06-23 20:12:12,819 - SUAS - DEBUG - [SUAS_main.turn_lap:636] - next wp: 5
2025-06-23 20:12:12,820 - SUAS - DEBUG - [SUAS_main.turn_lap:637] - wp_num:6
2025-06-23 20:12:12,871 - SUAS - DEBUG - [SUAS_main.turn_lap:636] - next wp: 5
2025-06-23 20:12:12,872 - SUAS - DEBUG - [SUAS_main.turn_lap:637] - wp_num:6
2025-06-23 20:12:12,923 - SUAS - DEBUG - [SUAS_main.turn_lap:636] - next wp: 5
2025-06-23 20:12:12,923 - SUAS - DEBUG - [SUAS_main.turn_lap:637] - wp_num:6
2025-06-23 20:12:12,974 - SUAS - DEBUG - [SUAS_main.turn_lap:636] - next wp: 5
2025-06-23 20:12:12,975 - SUAS - DEBUG - [SUAS_main.turn_lap:637] - wp_num:6
2025-06-23 20:12:13,026 - SUAS - DEBUG - [SUAS_main.turn_lap:636] - next wp: 5
2025-06-23 20:12:13,027 - SUAS - DEBUG - [SUAS_main.turn_lap:637] - wp_num:6
2025-06-23 20:12:13,078 - SUAS - DEBUG - [SUAS_main.turn_lap:636] - next wp: 5
2025-06-23 20:12:13,079 - SUAS - DEBUG - [SUAS_main.turn_lap:637] - wp_num:6
2025-06-23 20:12:13,130 - SUAS - DEBUG - [SUAS_main.turn_lap:636] - next wp: 5
2025-06-23 20:12:13,131 - SUAS - DEBUG - [SUAS_main.turn_lap:637] - wp_num:6
2025-06-23 20:12:13,183 - SUAS - DEBUG - [SUAS_main.turn_lap:636] - next wp: 5
2025-06-23 20:12:13,183 - SUAS - DEBUG - [SUAS_main.turn_lap:637] - wp_num:6
2025-06-23 20:12:13,234 - SUAS - DEBUG - [SUAS_main.turn_lap:636] - next wp: 5
2025-06-23 20:12:13,235 - SUAS - DEBUG - [SUAS_main.turn_lap:637] - wp_num:6
2025-06-23 20:12:13,287 - SUAS - DEBUG - [SUAS_main.turn_lap:636] - next wp: 5
2025-06-23 20:12:13,290 - SUAS - DEBUG - [SUAS_main.turn_lap:637] - wp_num:6
2025-06-23 20:12:13,341 - SUAS - DEBUG - [SUAS_main.turn_lap:636] - next wp: 5
2025-06-23 20:12:13,342 - SUAS - DEBUG - [SUAS_main.turn_lap:637] - wp_num:6
2025-06-23 20:12:13,393 - SUAS - DEBUG - [SUAS_main.turn_lap:636] - next wp: 5
2025-06-23 20:12:13,393 - SUAS - DEBUG - [SUAS_main.turn_lap:637] - wp_num:6
2025-06-23 20:12:13,444 - SUAS - DEBUG - [SUAS_main.turn_lap:636] - next wp: 5
2025-06-23 20:12:13,445 - SUAS - DEBUG - [SUAS_main.turn_lap:637] - wp_num:6
2025-06-23 20:12:13,496 - SUAS - DEBUG - [SUAS_main.turn_lap:636] - next wp: 5
2025-06-23 20:12:13,497 - SUAS - DEBUG - [SUAS_main.turn_lap:637] - wp_num:6
2025-06-23 20:12:13,548 - SUAS - DEBUG - [SUAS_main.turn_lap:636] - next wp: 5
2025-06-23 20:12:13,549 - SUAS - DEBUG - [SUAS_main.turn_lap:637] - wp_num:6
2025-06-23 20:12:13,600 - SUAS - DEBUG - [SUAS_main.turn_lap:636] - next wp: 5
2025-06-23 20:12:13,601 - SUAS - DEBUG - [SUAS_main.turn_lap:637] - wp_num:6
2025-06-23 20:12:13,652 - SUAS - DEBUG - [SUAS_main.turn_lap:636] - next wp: 5
2025-06-23 20:12:13,653 - SUAS - DEBUG - [SUAS_main.turn_lap:637] - wp_num:6
2025-06-23 20:12:13,704 - SUAS - DEBUG - [SUAS_main.turn_lap:636] - next wp: 5
2025-06-23 20:12:13,704 - SUAS - DEBUG - [SUAS_main.turn_lap:637] - wp_num:6
2025-06-23 20:12:13,755 - SUAS - DEBUG - [SUAS_main.turn_lap:636] - next wp: 5
2025-06-23 20:12:13,756 - SUAS - DEBUG - [SUAS_main.turn_lap:637] - wp_num:6
2025-06-23 20:12:13,807 - SUAS - DEBUG - [SUAS_main.turn_lap:636] - next wp: 5
2025-06-23 20:12:13,808 - SUAS - DEBUG - [SUAS_main.turn_lap:637] - wp_num:6
2025-06-23 20:12:13,859 - SUAS - DEBUG - [SUAS_main.turn_lap:636] - next wp: 5
2025-06-23 20:12:13,860 - SUAS - DEBUG - [SUAS_main.turn_lap:637] - wp_num:6
2025-06-23 20:12:13,911 - SUAS - DEBUG - [SUAS_main.turn_lap:636] - next wp: 5
2025-06-23 20:12:13,912 - SUAS - DEBUG - [SUAS_main.turn_lap:637] - wp_num:6
2025-06-23 20:12:13,963 - SUAS - DEBUG - [SUAS_main.turn_lap:636] - next wp: 5
2025-06-23 20:12:13,963 - SUAS - DEBUG - [SUAS_main.turn_lap:637] - wp_num:6
2025-06-23 20:12:14,014 - SUAS - DEBUG - [SUAS_main.turn_lap:636] - next wp: 5
2025-06-23 20:12:14,015 - SUAS - DEBUG - [SUAS_main.turn_lap:637] - wp_num:6
2025-06-23 20:12:14,066 - SUAS - DEBUG - [SUAS_main.turn_lap:636] - next wp: 5
2025-06-23 20:12:14,067 - SUAS - DEBUG - [SUAS_main.turn_lap:637] - wp_num:6
2025-06-23 20:12:14,118 - SUAS - DEBUG - [SUAS_main.turn_lap:636] - next wp: 5
2025-06-23 20:12:14,119 - SUAS - DEBUG - [SUAS_main.turn_lap:637] - wp_num:6
2025-06-23 20:12:14,170 - SUAS - DEBUG - [SUAS_main.turn_lap:636] - next wp: 5
2025-06-23 20:12:14,171 - SUAS - DEBUG - [SUAS_main.turn_lap:637] - wp_num:6
2025-06-23 20:12:14,222 - SUAS - DEBUG - [SUAS_main.turn_lap:636] - next wp: 5
2025-06-23 20:12:14,223 - SUAS - DEBUG - [SUAS_main.turn_lap:637] - wp_num:6
2025-06-23 20:12:14,274 - SUAS - DEBUG - [SUAS_main.turn_lap:636] - next wp: 5
2025-06-23 20:12:14,275 - SUAS - DEBUG - [SUAS_main.turn_lap:637] - wp_num:6
2025-06-23 20:12:14,325 - SUAS - DEBUG - [SUAS_main.turn_lap:636] - next wp: 5
2025-06-23 20:12:14,327 - SUAS - DEBUG - [SUAS_main.turn_lap:637] - wp_num:6
2025-06-23 20:12:14,378 - SUAS - DEBUG - [SUAS_main.turn_lap:636] - next wp: 5
2025-06-23 20:12:14,379 - SUAS - DEBUG - [SUAS_main.turn_lap:637] - wp_num:6
2025-06-23 20:12:14,430 - SUAS - DEBUG - [SUAS_main.turn_lap:636] - next wp: 5
2025-06-23 20:12:14,431 - SUAS - DEBUG - [SUAS_main.turn_lap:637] - wp_num:6
2025-06-23 20:12:14,482 - SUAS - DEBUG - [SUAS_main.turn_lap:636] - next wp: 5
2025-06-23 20:12:14,482 - SUAS - DEBUG - [SUAS_main.turn_lap:637] - wp_num:6
2025-06-23 20:12:14,533 - SUAS - DEBUG - [SUAS_main.turn_lap:636] - next wp: 5
2025-06-23 20:12:14,534 - SUAS - DEBUG - [SUAS_main.turn_lap:637] - wp_num:6
2025-06-23 20:12:14,585 - SUAS - DEBUG - [SUAS_main.turn_lap:636] - next wp: 5
2025-06-23 20:12:14,586 - SUAS - DEBUG - [SUAS_main.turn_lap:637] - wp_num:6
2025-06-23 20:12:14,637 - SUAS - DEBUG - [SUAS_main.turn_lap:636] - next wp: 5
2025-06-23 20:12:14,637 - SUAS - DEBUG - [SUAS_main.turn_lap:637] - wp_num:6
2025-06-23 20:12:14,688 - SUAS - DEBUG - [SUAS_main.turn_lap:636] - next wp: 5
2025-06-23 20:12:14,689 - SUAS - DEBUG - [SUAS_main.turn_lap:637] - wp_num:6
2025-06-23 20:12:14,740 - SUAS - DEBUG - [SUAS_main.turn_lap:636] - next wp: 5
2025-06-23 20:12:14,741 - SUAS - DEBUG - [SUAS_main.turn_lap:637] - wp_num:6
2025-06-23 20:12:14,791 - SUAS - DEBUG - [SUAS_main.turn_lap:636] - next wp: 5
2025-06-23 20:12:14,792 - SUAS - DEBUG - [SUAS_main.turn_lap:637] - wp_num:6
2025-06-23 20:12:14,843 - SUAS - DEBUG - [SUAS_main.turn_lap:636] - next wp: 5
2025-06-23 20:12:14,844 - SUAS - DEBUG - [SUAS_main.turn_lap:637] - wp_num:6
2025-06-23 20:12:14,895 - SUAS - DEBUG - [SUAS_main.turn_lap:636] - next wp: 5
2025-06-23 20:12:14,896 - SUAS - DEBUG - [SUAS_main.turn_lap:637] - wp_num:6
2025-06-23 20:12:14,946 - SUAS - DEBUG - [SUAS_main.turn_lap:636] - next wp: 5
2025-06-23 20:12:14,947 - SUAS - DEBUG - [SUAS_main.turn_lap:637] - wp_num:6
2025-06-23 20:12:14,998 - SUAS - DEBUG - [SUAS_main.turn_lap:636] - next wp: 5
2025-06-23 20:12:14,999 - SUAS - DEBUG - [SUAS_main.turn_lap:637] - wp_num:6
2025-06-23 20:12:15,050 - SUAS - DEBUG - [SUAS_main.turn_lap:636] - next wp: 5
2025-06-23 20:12:15,051 - SUAS - DEBUG - [SUAS_main.turn_lap:637] - wp_num:6
2025-06-23 20:12:15,102 - SUAS - DEBUG - [SUAS_main.turn_lap:636] - next wp: 5
2025-06-23 20:12:15,103 - SUAS - DEBUG - [SUAS_main.turn_lap:637] - wp_num:6
2025-06-23 20:12:15,153 - SUAS - DEBUG - [SUAS_main.turn_lap:636] - next wp: 5
2025-06-23 20:12:15,154 - SUAS - DEBUG - [SUAS_main.turn_lap:637] - wp_num:6
2025-06-23 20:12:15,205 - SUAS - DEBUG - [SUAS_main.turn_lap:636] - next wp: 5
2025-06-23 20:12:15,206 - SUAS - DEBUG - [SUAS_main.turn_lap:637] - wp_num:6
2025-06-23 20:12:15,257 - SUAS - DEBUG - [SUAS_main.turn_lap:636] - next wp: 5
2025-06-23 20:12:15,258 - SUAS - DEBUG - [SUAS_main.turn_lap:637] - wp_num:6
2025-06-23 20:12:15,309 - SUAS - DEBUG - [SUAS_main.turn_lap:636] - next wp: 5
2025-06-23 20:12:15,309 - SUAS - DEBUG - [SUAS_main.turn_lap:637] - wp_num:6
2025-06-23 20:12:15,360 - SUAS - DEBUG - [SUAS_main.turn_lap:636] - next wp: 5
2025-06-23 20:12:15,361 - SUAS - DEBUG - [SUAS_main.turn_lap:637] - wp_num:6
2025-06-23 20:12:15,412 - SUAS - DEBUG - [SUAS_main.turn_lap:636] - next wp: 5
2025-06-23 20:12:15,413 - SUAS - DEBUG - [SUAS_main.turn_lap:637] - wp_num:6
2025-06-23 20:12:15,464 - SUAS - DEBUG - [SUAS_main.turn_lap:636] - next wp: 5
2025-06-23 20:12:15,464 - SUAS - DEBUG - [SUAS_main.turn_lap:637] - wp_num:6
2025-06-23 20:12:15,515 - SUAS - DEBUG - [SUAS_main.turn_lap:636] - next wp: 5
2025-06-23 20:12:15,516 - SUAS - DEBUG - [SUAS_main.turn_lap:637] - wp_num:6
2025-06-23 20:12:15,567 - SUAS - DEBUG - [SUAS_main.turn_lap:636] - next wp: 5
2025-06-23 20:12:15,568 - SUAS - DEBUG - [SUAS_main.turn_lap:637] - wp_num:6
2025-06-23 20:12:15,619 - SUAS - DEBUG - [SUAS_main.turn_lap:636] - next wp: 5
2025-06-23 20:12:15,620 - SUAS - DEBUG - [SUAS_main.turn_lap:637] - wp_num:6
2025-06-23 20:12:15,671 - SUAS - DEBUG - [SUAS_main.turn_lap:636] - next wp: 5
2025-06-23 20:12:15,672 - SUAS - DEBUG - [SUAS_main.turn_lap:637] - wp_num:6
2025-06-23 20:12:15,723 - SUAS - DEBUG - [SUAS_main.turn_lap:636] - next wp: 5
2025-06-23 20:12:15,724 - SUAS - DEBUG - [SUAS_main.turn_lap:637] - wp_num:6
2025-06-23 20:12:15,774 - SUAS - DEBUG - [SUAS_main.turn_lap:636] - next wp: 5
2025-06-23 20:12:15,775 - SUAS - DEBUG - [SUAS_main.turn_lap:637] - wp_num:6
2025-06-23 20:12:15,826 - SUAS - DEBUG - [SUAS_main.turn_lap:636] - next wp: 5
2025-06-23 20:12:15,827 - SUAS - DEBUG - [SUAS_main.turn_lap:637] - wp_num:6
2025-06-23 20:12:15,878 - SUAS - DEBUG - [SUAS_main.turn_lap:636] - next wp: 5
2025-06-23 20:12:15,879 - SUAS - DEBUG - [SUAS_main.turn_lap:637] - wp_num:6
2025-06-23 20:12:15,930 - SUAS - DEBUG - [SUAS_main.turn_lap:636] - next wp: 5
2025-06-23 20:12:15,931 - SUAS - DEBUG - [SUAS_main.turn_lap:637] - wp_num:6
2025-06-23 20:12:15,982 - SUAS - DEBUG - [SUAS_main.turn_lap:636] - next wp: 5
2025-06-23 20:12:15,983 - SUAS - DEBUG - [SUAS_main.turn_lap:637] - wp_num:6
2025-06-23 20:12:16,034 - SUAS - DEBUG - [SUAS_main.turn_lap:636] - next wp: 5
2025-06-23 20:12:16,035 - SUAS - DEBUG - [SUAS_main.turn_lap:637] - wp_num:6
2025-06-23 20:12:16,086 - SUAS - DEBUG - [SUAS_main.turn_lap:636] - next wp: 5
2025-06-23 20:12:16,087 - SUAS - DEBUG - [SUAS_main.turn_lap:637] - wp_num:6
2025-06-23 20:12:16,138 - SUAS - DEBUG - [SUAS_main.turn_lap:636] - next wp: 5
2025-06-23 20:12:16,138 - SUAS - DEBUG - [SUAS_main.turn_lap:637] - wp_num:6
2025-06-23 20:12:16,190 - SUAS - DEBUG - [SUAS_main.turn_lap:636] - next wp: 5
2025-06-23 20:12:16,191 - SUAS - DEBUG - [SUAS_main.turn_lap:637] - wp_num:6
2025-06-23 20:12:16,242 - SUAS - DEBUG - [SUAS_main.turn_lap:636] - next wp: 5
2025-06-23 20:12:16,244 - SUAS - DEBUG - [SUAS_main.turn_lap:637] - wp_num:6
2025-06-23 20:12:16,295 - SUAS - DEBUG - [SUAS_main.turn_lap:636] - next wp: 5
2025-06-23 20:12:16,296 - SUAS - DEBUG - [SUAS_main.turn_lap:637] - wp_num:6
2025-06-23 20:12:16,347 - SUAS - DEBUG - [SUAS_main.turn_lap:636] - next wp: 5
2025-06-23 20:12:16,348 - SUAS - DEBUG - [SUAS_main.turn_lap:637] - wp_num:6
2025-06-23 20:12:16,399 - SUAS - DEBUG - [SUAS_main.turn_lap:636] - next wp: 5
2025-06-23 20:12:16,400 - SUAS - DEBUG - [SUAS_main.turn_lap:637] - wp_num:6
2025-06-23 20:12:16,451 - SUAS - DEBUG - [SUAS_main.turn_lap:636] - next wp: 5
2025-06-23 20:12:16,452 - SUAS - DEBUG - [SUAS_main.turn_lap:637] - wp_num:6
2025-06-23 20:12:16,503 - SUAS - DEBUG - [SUAS_main.turn_lap:636] - next wp: 5
2025-06-23 20:12:16,503 - SUAS - DEBUG - [SUAS_main.turn_lap:637] - wp_num:6
2025-06-23 20:12:16,554 - SUAS - DEBUG - [SUAS_main.turn_lap:636] - next wp: 5
2025-06-23 20:12:16,555 - SUAS - DEBUG - [SUAS_main.turn_lap:637] - wp_num:6
2025-06-23 20:12:16,606 - SUAS - DEBUG - [SUAS_main.turn_lap:636] - next wp: 5
2025-06-23 20:12:16,607 - SUAS - DEBUG - [SUAS_main.turn_lap:637] - wp_num:6
2025-06-23 20:12:16,658 - SUAS - DEBUG - [SUAS_main.turn_lap:636] - next wp: 5
2025-06-23 20:12:16,659 - SUAS - DEBUG - [SUAS_main.turn_lap:637] - wp_num:6
2025-06-23 20:12:16,710 - SUAS - DEBUG - [SUAS_main.turn_lap:636] - next wp: 5
2025-06-23 20:12:16,710 - SUAS - DEBUG - [SUAS_main.turn_lap:637] - wp_num:6
2025-06-23 20:12:16,761 - SUAS - DEBUG - [SUAS_main.turn_lap:636] - next wp: 5
2025-06-23 20:12:16,762 - SUAS - DEBUG - [SUAS_main.turn_lap:637] - wp_num:6
2025-06-23 20:12:16,813 - SUAS - DEBUG - [SUAS_main.turn_lap:636] - next wp: 5
2025-06-23 20:12:16,813 - SUAS - DEBUG - [SUAS_main.turn_lap:637] - wp_num:6
2025-06-23 20:12:16,864 - SUAS - DEBUG - [SUAS_main.turn_lap:636] - next wp: 5
2025-06-23 20:12:16,865 - SUAS - DEBUG - [SUAS_main.turn_lap:637] - wp_num:6
2025-06-23 20:12:16,916 - SUAS - DEBUG - [SUAS_main.turn_lap:636] - next wp: 5
2025-06-23 20:12:16,917 - SUAS - DEBUG - [SUAS_main.turn_lap:637] - wp_num:6
2025-06-23 20:12:16,967 - SUAS - DEBUG - [SUAS_main.turn_lap:636] - next wp: 5
2025-06-23 20:12:16,968 - SUAS - DEBUG - [SUAS_main.turn_lap:637] - wp_num:6
2025-06-23 20:12:17,019 - SUAS - DEBUG - [SUAS_main.turn_lap:636] - next wp: 5
2025-06-23 20:12:17,020 - SUAS - DEBUG - [SUAS_main.turn_lap:637] - wp_num:6
2025-06-23 20:12:17,071 - SUAS - DEBUG - [SUAS_main.turn_lap:636] - next wp: 5
2025-06-23 20:12:17,072 - SUAS - DEBUG - [SUAS_main.turn_lap:637] - wp_num:6
2025-06-23 20:12:17,123 - SUAS - DEBUG - [SUAS_main.turn_lap:636] - next wp: 5
2025-06-23 20:12:17,123 - SUAS - DEBUG - [SUAS_main.turn_lap:637] - wp_num:6
2025-06-23 20:12:17,174 - SUAS - DEBUG - [SUAS_main.turn_lap:636] - next wp: 5
2025-06-23 20:12:17,175 - SUAS - DEBUG - [SUAS_main.turn_lap:637] - wp_num:6
2025-06-23 20:12:17,226 - SUAS - DEBUG - [SUAS_main.turn_lap:636] - next wp: 5
2025-06-23 20:12:17,227 - SUAS - DEBUG - [SUAS_main.turn_lap:637] - wp_num:6
2025-06-23 20:12:17,278 - SUAS - DEBUG - [SUAS_main.turn_lap:636] - next wp: 5
2025-06-23 20:12:17,279 - SUAS - DEBUG - [SUAS_main.turn_lap:637] - wp_num:6
2025-06-23 20:12:17,329 - SUAS - DEBUG - [SUAS_main.turn_lap:636] - next wp: 5
2025-06-23 20:12:17,330 - SUAS - DEBUG - [SUAS_main.turn_lap:637] - wp_num:6
2025-06-23 20:12:17,381 - SUAS - DEBUG - [SUAS_main.turn_lap:636] - next wp: 5
2025-06-23 20:12:17,382 - SUAS - DEBUG - [SUAS_main.turn_lap:637] - wp_num:6
2025-06-23 20:12:17,433 - SUAS - DEBUG - [SUAS_main.turn_lap:636] - next wp: 5
2025-06-23 20:12:17,433 - SUAS - DEBUG - [SUAS_main.turn_lap:637] - wp_num:6
2025-06-23 20:12:17,484 - SUAS - DEBUG - [SUAS_main.turn_lap:636] - next wp: 5
2025-06-23 20:12:17,485 - SUAS - DEBUG - [SUAS_main.turn_lap:637] - wp_num:6
2025-06-23 20:12:17,536 - SUAS - DEBUG - [SUAS_main.turn_lap:636] - next wp: 5
2025-06-23 20:12:17,537 - SUAS - DEBUG - [SUAS_main.turn_lap:637] - wp_num:6
2025-06-23 20:12:17,587 - SUAS - DEBUG - [SUAS_main.turn_lap:636] - next wp: 5
2025-06-23 20:12:17,588 - SUAS - DEBUG - [SUAS_main.turn_lap:637] - wp_num:6
2025-06-23 20:12:17,639 - SUAS - DEBUG - [SUAS_main.turn_lap:636] - next wp: 5
2025-06-23 20:12:17,640 - SUAS - DEBUG - [SUAS_main.turn_lap:637] - wp_num:6
2025-06-23 20:12:17,691 - SUAS - DEBUG - [SUAS_main.turn_lap:636] - next wp: 5
2025-06-23 20:12:17,692 - SUAS - DEBUG - [SUAS_main.turn_lap:637] - wp_num:6
2025-06-23 20:12:17,743 - SUAS - DEBUG - [SUAS_main.turn_lap:636] - next wp: 5
2025-06-23 20:12:17,744 - SUAS - DEBUG - [SUAS_main.turn_lap:637] - wp_num:6
2025-06-23 20:12:17,794 - SUAS - DEBUG - [SUAS_main.turn_lap:636] - next wp: 5
2025-06-23 20:12:17,795 - SUAS - DEBUG - [SUAS_main.turn_lap:637] - wp_num:6
2025-06-23 20:12:17,847 - SUAS - DEBUG - [SUAS_main.turn_lap:636] - next wp: 5
2025-06-23 20:12:17,848 - SUAS - DEBUG - [SUAS_main.turn_lap:637] - wp_num:6
2025-06-23 20:12:17,899 - SUAS - DEBUG - [SUAS_main.turn_lap:636] - next wp: 5
2025-06-23 20:12:17,900 - SUAS - DEBUG - [SUAS_main.turn_lap:637] - wp_num:6
2025-06-23 20:12:17,951 - SUAS - DEBUG - [SUAS_main.turn_lap:636] - next wp: 5
2025-06-23 20:12:17,952 - SUAS - DEBUG - [SUAS_main.turn_lap:637] - wp_num:6
2025-06-23 20:12:18,003 - SUAS - DEBUG - [SUAS_main.turn_lap:636] - next wp: 5
2025-06-23 20:12:18,004 - SUAS - DEBUG - [SUAS_main.turn_lap:637] - wp_num:6
2025-06-23 20:12:18,055 - SUAS - DEBUG - [SUAS_main.turn_lap:636] - next wp: 5
2025-06-23 20:12:18,056 - SUAS - DEBUG - [SUAS_main.turn_lap:637] - wp_num:6
2025-06-23 20:12:18,106 - SUAS - DEBUG - [SUAS_main.turn_lap:636] - next wp: 5
2025-06-23 20:12:18,107 - SUAS - DEBUG - [SUAS_main.turn_lap:637] - wp_num:6
2025-06-23 20:12:18,159 - SUAS - DEBUG - [SUAS_main.turn_lap:636] - next wp: 5
2025-06-23 20:12:18,159 - SUAS - DEBUG - [SUAS_main.turn_lap:637] - wp_num:6
2025-06-23 20:12:18,210 - SUAS - DEBUG - [SUAS_main.turn_lap:636] - next wp: 5
2025-06-23 20:12:18,211 - SUAS - DEBUG - [SUAS_main.turn_lap:637] - wp_num:6
2025-06-23 20:12:18,262 - SUAS - DEBUG - [SUAS_main.turn_lap:636] - next wp: 5
2025-06-23 20:12:18,263 - SUAS - DEBUG - [SUAS_main.turn_lap:637] - wp_num:6
2025-06-23 20:12:18,313 - SUAS - DEBUG - [SUAS_main.turn_lap:636] - next wp: 5
2025-06-23 20:12:18,314 - SUAS - DEBUG - [SUAS_main.turn_lap:637] - wp_num:6
2025-06-23 20:12:18,365 - SUAS - DEBUG - [SUAS_main.turn_lap:636] - next wp: 5
2025-06-23 20:12:18,366 - SUAS - DEBUG - [SUAS_main.turn_lap:637] - wp_num:6
2025-06-23 20:12:18,417 - SUAS - DEBUG - [SUAS_main.turn_lap:636] - next wp: 5
2025-06-23 20:12:18,418 - SUAS - DEBUG - [SUAS_main.turn_lap:637] - wp_num:6
2025-06-23 20:12:18,469 - SUAS - DEBUG - [SUAS_main.turn_lap:636] - next wp: 5
2025-06-23 20:12:18,470 - SUAS - DEBUG - [SUAS_main.turn_lap:637] - wp_num:6
2025-06-23 20:12:18,521 - SUAS - DEBUG - [SUAS_main.turn_lap:636] - next wp: 5
2025-06-23 20:12:18,522 - SUAS - DEBUG - [SUAS_main.turn_lap:637] - wp_num:6
2025-06-23 20:12:18,572 - SUAS - DEBUG - [SUAS_main.turn_lap:636] - next wp: 5
2025-06-23 20:12:18,573 - SUAS - DEBUG - [SUAS_main.turn_lap:637] - wp_num:6
2025-06-23 20:12:18,624 - SUAS - DEBUG - [SUAS_main.turn_lap:636] - next wp: 5
2025-06-23 20:12:18,625 - SUAS - DEBUG - [SUAS_main.turn_lap:637] - wp_num:6
2025-06-23 20:12:18,676 - SUAS - DEBUG - [SUAS_main.turn_lap:636] - next wp: 5
2025-06-23 20:12:18,677 - SUAS - DEBUG - [SUAS_main.turn_lap:637] - wp_num:6
2025-06-23 20:12:18,727 - SUAS - DEBUG - [SUAS_main.turn_lap:636] - next wp: 5
2025-06-23 20:12:18,728 - SUAS - DEBUG - [SUAS_main.turn_lap:637] - wp_num:6
2025-06-23 20:12:18,779 - SUAS - DEBUG - [SUAS_main.turn_lap:636] - next wp: 5
2025-06-23 20:12:18,780 - SUAS - DEBUG - [SUAS_main.turn_lap:637] - wp_num:6
2025-06-23 20:12:18,831 - SUAS - DEBUG - [SUAS_main.turn_lap:636] - next wp: 5
2025-06-23 20:12:18,832 - SUAS - DEBUG - [SUAS_main.turn_lap:637] - wp_num:6
2025-06-23 20:12:18,883 - SUAS - DEBUG - [SUAS_main.turn_lap:636] - next wp: 5
2025-06-23 20:12:18,883 - SUAS - DEBUG - [SUAS_main.turn_lap:637] - wp_num:6
2025-06-23 20:12:18,934 - SUAS - DEBUG - [SUAS_main.turn_lap:636] - next wp: 5
2025-06-23 20:12:18,935 - SUAS - DEBUG - [SUAS_main.turn_lap:637] - wp_num:6
2025-06-23 20:12:18,986 - SUAS - DEBUG - [SUAS_main.turn_lap:636] - next wp: 5
2025-06-23 20:12:18,987 - SUAS - DEBUG - [SUAS_main.turn_lap:637] - wp_num:6
2025-06-23 20:12:19,038 - SUAS - DEBUG - [SUAS_main.turn_lap:636] - next wp: 5
2025-06-23 20:12:19,039 - SUAS - DEBUG - [SUAS_main.turn_lap:637] - wp_num:6
2025-06-23 20:12:19,090 - SUAS - DEBUG - [SUAS_main.turn_lap:636] - next wp: 5
2025-06-23 20:12:19,091 - SUAS - DEBUG - [SUAS_main.turn_lap:637] - wp_num:6
2025-06-23 20:12:19,142 - SUAS - DEBUG - [SUAS_main.turn_lap:636] - next wp: 6
2025-06-23 20:12:19,142 - SUAS - DEBUG - [SUAS_main.turn_lap:637] - wp_num:6
2025-06-23 20:12:19,143 - SUAS - DEBUG - [SUAS_main.turn_lap:639] - Air Drop Stage
2025-06-23 20:12:19,658 - SUAS - DEBUG - [SUAS_main.watcher:148] - Mode changed: AUTO -> GUIDED
2025-06-23 20:12:19,659 - SUAS - DEBUG - [SUAS_main.on_mode_change:166] - Unhandled mode change: GUIDED
2025-06-23 20:12:19,695 - SUAS - DEBUG - [SUAS_main.turn_lap:647] - VehicleMode:GUIDED moduna geçildi
2025-06-23 20:12:19,696 - SUAS - DEBUG - [SUAS_main.real_drop:608] - Pathe gidiliyor 3
2025-06-23 20:12:19,697 - SUAS - DEBUG - [SUAS_main.real_drop:557] - konuma gidiliyor: (38.8508395, -76.6997469)
2025-06-23 20:12:19,700 - SUAS - DEBUG - [SUAS_main.wait:321] - waite girildi timestamp: 2025-06-23 20:12:19
2025-06-23 20:12:19,801 - SUAS - DEBUG - [SUAS_main.wait:323] - Waiting for the vehicle to reach the target point...
2025-06-23 20:12:31,853 - SUAS - DEBUG - [SUAS_main.wait:332] - Reached the target point after the break
2025-06-23 20:12:31,855 - SUAS - DEBUG - [SUAS_main.set_servo:270] - set_servo function has successfully executed. With arguments: Channel: 14, PWM Value: 1650
2025-06-23 20:12:31,856 - SUAS - DEBUG - [SUAS_main.real_drop:575] - Servo activated: channel=(14, 1650)
2025-06-23 20:12:33,860 - SUAS - DEBUG - [SUAS_main.set_servo:270] - set_servo function has successfully executed. With arguments: Channel: 14, PWM Value: 0
2025-06-23 20:12:33,861 - SUAS - DEBUG - [SUAS_main.real_drop:578] - Servo deactivated: channel=14
2025-06-23 20:12:58,973 - SUAS - DEBUG - [SUAS_main.turn_lap:617] - Turn Lap
2025-06-23 20:12:59,075 - SUAS - DEBUG - [SUAS_main.turn_lap:621] - Download Waypoints - Completed
2025-06-23 20:12:59,076 - SUAS - DEBUG - [SUAS_main.turn_lap:623] - WP SET TO 2
2025-06-23 20:12:59,585 - SUAS - DEBUG - [SUAS_main.watcher:148] - Mode changed: GUIDED -> AUTO
2025-06-23 20:12:59,585 - SUAS - DEBUG - [SUAS_main.on_mode_change:166] - Unhandled mode change: AUTO
2025-06-23 20:12:59,629 - SUAS - DEBUG - [SUAS_main.turn_lap:628] - VehicleMode:AUTO moduna geçildi
2025-06-23 20:12:59,680 - SUAS - DEBUG - [SUAS_main.turn_lap:636] - next wp: 2
2025-06-23 20:12:59,681 - SUAS - DEBUG - [SUAS_main.turn_lap:637] - wp_num:6
2025-06-23 20:12:59,732 - SUAS - DEBUG - [SUAS_main.turn_lap:636] - next wp: 2
2025-06-23 20:12:59,732 - SUAS - DEBUG - [SUAS_main.turn_lap:637] - wp_num:6
2025-06-23 20:12:59,783 - SUAS - DEBUG - [SUAS_main.turn_lap:636] - next wp: 2
2025-06-23 20:12:59,784 - SUAS - DEBUG - [SUAS_main.turn_lap:637] - wp_num:6
2025-06-23 20:12:59,835 - SUAS - DEBUG - [SUAS_main.turn_lap:636] - next wp: 2
2025-06-23 20:12:59,836 - SUAS - DEBUG - [SUAS_main.turn_lap:637] - wp_num:6
2025-06-23 20:12:59,887 - SUAS - DEBUG - [SUAS_main.turn_lap:636] - next wp: 2
2025-06-23 20:12:59,888 - SUAS - DEBUG - [SUAS_main.turn_lap:637] - wp_num:6
2025-06-23 20:12:59,939 - SUAS - DEBUG - [SUAS_main.turn_lap:636] - next wp: 2
2025-06-23 20:12:59,940 - SUAS - DEBUG - [SUAS_main.turn_lap:637] - wp_num:6
2025-06-23 20:12:59,991 - SUAS - DEBUG - [SUAS_main.turn_lap:636] - next wp: 2
2025-06-23 20:12:59,991 - SUAS - DEBUG - [SUAS_main.turn_lap:637] - wp_num:6
2025-06-23 20:13:00,042 - SUAS - DEBUG - [SUAS_main.turn_lap:636] - next wp: 2
2025-06-23 20:13:00,043 - SUAS - DEBUG - [SUAS_main.turn_lap:637] - wp_num:6
2025-06-23 20:13:00,094 - SUAS - DEBUG - [SUAS_main.turn_lap:636] - next wp: 2
2025-06-23 20:13:00,095 - SUAS - DEBUG - [SUAS_main.turn_lap:637] - wp_num:6
2025-06-23 20:13:00,146 - SUAS - DEBUG - [SUAS_main.turn_lap:636] - next wp: 2
2025-06-23 20:13:00,147 - SUAS - DEBUG - [SUAS_main.turn_lap:637] - wp_num:6
2025-06-23 20:13:00,198 - SUAS - DEBUG - [SUAS_main.turn_lap:636] - next wp: 2
2025-06-23 20:13:00,199 - SUAS - DEBUG - [SUAS_main.turn_lap:637] - wp_num:6
2025-06-23 20:13:00,250 - SUAS - DEBUG - [SUAS_main.turn_lap:636] - next wp: 2
2025-06-23 20:13:00,251 - SUAS - DEBUG - [SUAS_main.turn_lap:637] - wp_num:6
2025-06-23 20:13:00,302 - SUAS - DEBUG - [SUAS_main.turn_lap:636] - next wp: 2
2025-06-23 20:13:00,303 - SUAS - DEBUG - [SUAS_main.turn_lap:637] - wp_num:6
2025-06-23 20:13:00,354 - SUAS - DEBUG - [SUAS_main.turn_lap:636] - next wp: 2
2025-06-23 20:13:00,355 - SUAS - DEBUG - [SUAS_main.turn_lap:637] - wp_num:6
2025-06-23 20:13:00,406 - SUAS - DEBUG - [SUAS_main.turn_lap:636] - next wp: 2
2025-06-23 20:13:00,406 - SUAS - DEBUG - [SUAS_main.turn_lap:637] - wp_num:6
2025-06-23 20:13:00,458 - SUAS - DEBUG - [SUAS_main.turn_lap:636] - next wp: 2
2025-06-23 20:13:00,459 - SUAS - DEBUG - [SUAS_main.turn_lap:637] - wp_num:6
2025-06-23 20:13:00,509 - SUAS - DEBUG - [SUAS_main.turn_lap:636] - next wp: 2
2025-06-23 20:13:00,510 - SUAS - DEBUG - [SUAS_main.turn_lap:637] - wp_num:6
2025-06-23 20:13:00,561 - SUAS - DEBUG - [SUAS_main.turn_lap:636] - next wp: 2
2025-06-23 20:13:00,562 - SUAS - DEBUG - [SUAS_main.turn_lap:637] - wp_num:6
2025-06-23 20:13:00,613 - SUAS - DEBUG - [SUAS_main.turn_lap:636] - next wp: 2
2025-06-23 20:13:00,614 - SUAS - DEBUG - [SUAS_main.turn_lap:637] - wp_num:6
2025-06-23 20:13:00,664 - SUAS - DEBUG - [SUAS_main.turn_lap:636] - next wp: 2
2025-06-23 20:13:00,666 - SUAS - DEBUG - [SUAS_main.turn_lap:637] - wp_num:6
2025-06-23 20:13:00,717 - SUAS - DEBUG - [SUAS_main.turn_lap:636] - next wp: 2
2025-06-23 20:13:00,718 - SUAS - DEBUG - [SUAS_main.turn_lap:637] - wp_num:6
2025-06-23 20:13:00,768 - SUAS - DEBUG - [SUAS_main.turn_lap:636] - next wp: 2
2025-06-23 20:13:00,770 - SUAS - DEBUG - [SUAS_main.turn_lap:637] - wp_num:6
2025-06-23 20:13:00,821 - SUAS - DEBUG - [SUAS_main.turn_lap:636] - next wp: 2
2025-06-23 20:13:00,821 - SUAS - DEBUG - [SUAS_main.turn_lap:637] - wp_num:6
2025-06-23 20:13:00,872 - SUAS - DEBUG - [SUAS_main.turn_lap:636] - next wp: 2
2025-06-23 20:13:00,873 - SUAS - DEBUG - [SUAS_main.turn_lap:637] - wp_num:6
2025-06-23 20:13:00,924 - SUAS - DEBUG - [SUAS_main.turn_lap:636] - next wp: 2
2025-06-23 20:13:00,925 - SUAS - DEBUG - [SUAS_main.turn_lap:637] - wp_num:6
2025-06-23 20:13:00,976 - SUAS - DEBUG - [SUAS_main.turn_lap:636] - next wp: 2
2025-06-23 20:13:00,977 - SUAS - DEBUG - [SUAS_main.turn_lap:637] - wp_num:6
2025-06-23 20:13:01,028 - SUAS - DEBUG - [SUAS_main.turn_lap:636] - next wp: 2
2025-06-23 20:13:01,029 - SUAS - DEBUG - [SUAS_main.turn_lap:637] - wp_num:6
2025-06-23 20:13:01,080 - SUAS - DEBUG - [SUAS_main.turn_lap:636] - next wp: 2
2025-06-23 20:13:01,081 - SUAS - DEBUG - [SUAS_main.turn_lap:637] - wp_num:6
2025-06-23 20:13:01,131 - SUAS - DEBUG - [SUAS_main.turn_lap:636] - next wp: 2
2025-06-23 20:13:01,132 - SUAS - DEBUG - [SUAS_main.turn_lap:637] - wp_num:6
2025-06-23 20:13:01,183 - SUAS - DEBUG - [SUAS_main.turn_lap:636] - next wp: 2
2025-06-23 20:13:01,184 - SUAS - DEBUG - [SUAS_main.turn_lap:637] - wp_num:6
2025-06-23 20:13:01,236 - SUAS - DEBUG - [SUAS_main.turn_lap:636] - next wp: 2
2025-06-23 20:13:01,236 - SUAS - DEBUG - [SUAS_main.turn_lap:637] - wp_num:6
2025-06-23 20:13:01,287 - SUAS - DEBUG - [SUAS_main.turn_lap:636] - next wp: 2
2025-06-23 20:13:01,288 - SUAS - DEBUG - [SUAS_main.turn_lap:637] - wp_num:6
2025-06-23 20:13:01,339 - SUAS - DEBUG - [SUAS_main.turn_lap:636] - next wp: 2
2025-06-23 20:13:01,340 - SUAS - DEBUG - [SUAS_main.turn_lap:637] - wp_num:6
2025-06-23 20:13:01,390 - SUAS - DEBUG - [SUAS_main.turn_lap:636] - next wp: 2
2025-06-23 20:13:01,391 - SUAS - DEBUG - [SUAS_main.turn_lap:637] - wp_num:6
2025-06-23 20:13:01,442 - SUAS - DEBUG - [SUAS_main.turn_lap:636] - next wp: 2
2025-06-23 20:13:01,443 - SUAS - DEBUG - [SUAS_main.turn_lap:637] - wp_num:6
2025-06-23 20:13:01,494 - SUAS - DEBUG - [SUAS_main.turn_lap:636] - next wp: 2
2025-06-23 20:13:01,495 - SUAS - DEBUG - [SUAS_main.turn_lap:637] - wp_num:6
2025-06-23 20:13:01,546 - SUAS - DEBUG - [SUAS_main.turn_lap:636] - next wp: 2
2025-06-23 20:13:01,547 - SUAS - DEBUG - [SUAS_main.turn_lap:637] - wp_num:6
2025-06-23 20:13:01,598 - SUAS - DEBUG - [SUAS_main.turn_lap:636] - next wp: 2
2025-06-23 20:13:01,599 - SUAS - DEBUG - [SUAS_main.turn_lap:637] - wp_num:6
2025-06-23 20:13:01,650 - SUAS - DEBUG - [SUAS_main.turn_lap:636] - next wp: 2
2025-06-23 20:13:01,650 - SUAS - DEBUG - [SUAS_main.turn_lap:637] - wp_num:6
2025-06-23 20:13:01,701 - SUAS - DEBUG - [SUAS_main.turn_lap:636] - next wp: 2
2025-06-23 20:13:01,703 - SUAS - DEBUG - [SUAS_main.turn_lap:637] - wp_num:6
2025-06-23 20:13:01,754 - SUAS - DEBUG - [SUAS_main.turn_lap:636] - next wp: 2
2025-06-23 20:13:01,755 - SUAS - DEBUG - [SUAS_main.turn_lap:637] - wp_num:6
2025-06-23 20:13:01,806 - SUAS - DEBUG - [SUAS_main.turn_lap:636] - next wp: 2
2025-06-23 20:13:01,807 - SUAS - DEBUG - [SUAS_main.turn_lap:637] - wp_num:6
2025-06-23 20:13:01,859 - SUAS - DEBUG - [SUAS_main.turn_lap:636] - next wp: 2
2025-06-23 20:13:01,859 - SUAS - DEBUG - [SUAS_main.turn_lap:637] - wp_num:6
2025-06-23 20:13:01,910 - SUAS - DEBUG - [SUAS_main.turn_lap:636] - next wp: 2
2025-06-23 20:13:01,911 - SUAS - DEBUG - [SUAS_main.turn_lap:637] - wp_num:6
2025-06-23 20:13:01,962 - SUAS - DEBUG - [SUAS_main.turn_lap:636] - next wp: 2
2025-06-23 20:13:01,963 - SUAS - DEBUG - [SUAS_main.turn_lap:637] - wp_num:6
2025-06-23 20:13:02,014 - SUAS - DEBUG - [SUAS_main.turn_lap:636] - next wp: 2
2025-06-23 20:13:02,015 - SUAS - DEBUG - [SUAS_main.turn_lap:637] - wp_num:6
2025-06-23 20:13:02,067 - SUAS - DEBUG - [SUAS_main.turn_lap:636] - next wp: 2
2025-06-23 20:13:02,068 - SUAS - DEBUG - [SUAS_main.turn_lap:637] - wp_num:6
2025-06-23 20:13:02,119 - SUAS - DEBUG - [SUAS_main.turn_lap:636] - next wp: 2
2025-06-23 20:13:02,120 - SUAS - DEBUG - [SUAS_main.turn_lap:637] - wp_num:6
2025-06-23 20:13:02,171 - SUAS - DEBUG - [SUAS_main.turn_lap:636] - next wp: 2
2025-06-23 20:13:02,171 - SUAS - DEBUG - [SUAS_main.turn_lap:637] - wp_num:6
2025-06-23 20:13:02,222 - SUAS - DEBUG - [SUAS_main.turn_lap:636] - next wp: 2
2025-06-23 20:13:02,223 - SUAS - DEBUG - [SUAS_main.turn_lap:637] - wp_num:6
2025-06-23 20:13:02,274 - SUAS - DEBUG - [SUAS_main.turn_lap:636] - next wp: 2
2025-06-23 20:13:02,275 - SUAS - DEBUG - [SUAS_main.turn_lap:637] - wp_num:6
2025-06-23 20:13:02,326 - SUAS - DEBUG - [SUAS_main.turn_lap:636] - next wp: 2
2025-06-23 20:13:02,327 - SUAS - DEBUG - [SUAS_main.turn_lap:637] - wp_num:6
2025-06-23 20:13:02,378 - SUAS - DEBUG - [SUAS_main.turn_lap:636] - next wp: 2
2025-06-23 20:13:02,379 - SUAS - DEBUG - [SUAS_main.turn_lap:637] - wp_num:6
2025-06-23 20:13:02,429 - SUAS - DEBUG - [SUAS_main.turn_lap:636] - next wp: 2
2025-06-23 20:13:02,430 - SUAS - DEBUG - [SUAS_main.turn_lap:637] - wp_num:6
2025-06-23 20:13:02,481 - SUAS - DEBUG - [SUAS_main.turn_lap:636] - next wp: 2
2025-06-23 20:13:02,482 - SUAS - DEBUG - [SUAS_main.turn_lap:637] - wp_num:6
2025-06-23 20:13:02,533 - SUAS - DEBUG - [SUAS_main.turn_lap:636] - next wp: 2
2025-06-23 20:13:02,534 - SUAS - DEBUG - [SUAS_main.turn_lap:637] - wp_num:6
2025-06-23 20:13:02,584 - SUAS - DEBUG - [SUAS_main.turn_lap:636] - next wp: 2
2025-06-23 20:13:02,586 - SUAS - DEBUG - [SUAS_main.turn_lap:637] - wp_num:6
2025-06-23 20:13:02,637 - SUAS - DEBUG - [SUAS_main.turn_lap:636] - next wp: 2
2025-06-23 20:13:02,637 - SUAS - DEBUG - [SUAS_main.turn_lap:637] - wp_num:6
2025-06-23 20:13:02,688 - SUAS - DEBUG - [SUAS_main.turn_lap:636] - next wp: 2
2025-06-23 20:13:02,689 - SUAS - DEBUG - [SUAS_main.turn_lap:637] - wp_num:6
2025-06-23 20:13:02,740 - SUAS - DEBUG - [SUAS_main.turn_lap:636] - next wp: 2
2025-06-23 20:13:02,741 - SUAS - DEBUG - [SUAS_main.turn_lap:637] - wp_num:6
2025-06-23 20:13:02,792 - SUAS - DEBUG - [SUAS_main.turn_lap:636] - next wp: 2
2025-06-23 20:13:02,793 - SUAS - DEBUG - [SUAS_main.turn_lap:637] - wp_num:6
2025-06-23 20:13:02,844 - SUAS - DEBUG - [SUAS_main.turn_lap:636] - next wp: 2
2025-06-23 20:13:02,845 - SUAS - DEBUG - [SUAS_main.turn_lap:637] - wp_num:6
2025-06-23 20:13:02,896 - SUAS - DEBUG - [SUAS_main.turn_lap:636] - next wp: 2
2025-06-23 20:13:02,897 - SUAS - DEBUG - [SUAS_main.turn_lap:637] - wp_num:6
2025-06-23 20:13:02,947 - SUAS - DEBUG - [SUAS_main.turn_lap:636] - next wp: 2
2025-06-23 20:13:02,948 - SUAS - DEBUG - [SUAS_main.turn_lap:637] - wp_num:6
2025-06-23 20:13:02,999 - SUAS - DEBUG - [SUAS_main.turn_lap:636] - next wp: 2
2025-06-23 20:13:03,000 - SUAS - DEBUG - [SUAS_main.turn_lap:637] - wp_num:6
2025-06-23 20:13:03,051 - SUAS - DEBUG - [SUAS_main.turn_lap:636] - next wp: 2
2025-06-23 20:13:03,052 - SUAS - DEBUG - [SUAS_main.turn_lap:637] - wp_num:6
2025-06-23 20:13:03,102 - SUAS - DEBUG - [SUAS_main.turn_lap:636] - next wp: 2
2025-06-23 20:13:03,103 - SUAS - DEBUG - [SUAS_main.turn_lap:637] - wp_num:6
2025-06-23 20:13:03,154 - SUAS - DEBUG - [SUAS_main.turn_lap:636] - next wp: 2
2025-06-23 20:13:03,155 - SUAS - DEBUG - [SUAS_main.turn_lap:637] - wp_num:6
2025-06-23 20:13:03,206 - SUAS - DEBUG - [SUAS_main.turn_lap:636] - next wp: 2
2025-06-23 20:13:03,207 - SUAS - DEBUG - [SUAS_main.turn_lap:637] - wp_num:6
2025-06-23 20:13:03,258 - SUAS - DEBUG - [SUAS_main.turn_lap:636] - next wp: 2
2025-06-23 20:13:03,259 - SUAS - DEBUG - [SUAS_main.turn_lap:637] - wp_num:6
2025-06-23 20:13:03,309 - SUAS - DEBUG - [SUAS_main.turn_lap:636] - next wp: 2
2025-06-23 20:13:03,310 - SUAS - DEBUG - [SUAS_main.turn_lap:637] - wp_num:6
2025-06-23 20:13:03,361 - SUAS - DEBUG - [SUAS_main.turn_lap:636] - next wp: 2
2025-06-23 20:13:03,363 - SUAS - DEBUG - [SUAS_main.turn_lap:637] - wp_num:6
2025-06-23 20:13:03,414 - SUAS - DEBUG - [SUAS_main.turn_lap:636] - next wp: 2
2025-06-23 20:13:03,415 - SUAS - DEBUG - [SUAS_main.turn_lap:637] - wp_num:6
2025-06-23 20:13:03,466 - SUAS - DEBUG - [SUAS_main.turn_lap:636] - next wp: 2
2025-06-23 20:13:03,467 - SUAS - DEBUG - [SUAS_main.turn_lap:637] - wp_num:6
2025-06-23 20:13:03,518 - SUAS - DEBUG - [SUAS_main.turn_lap:636] - next wp: 2
2025-06-23 20:13:03,518 - SUAS - DEBUG - [SUAS_main.turn_lap:637] - wp_num:6
2025-06-23 20:13:03,569 - SUAS - DEBUG - [SUAS_main.turn_lap:636] - next wp: 2
2025-06-23 20:13:03,570 - SUAS - DEBUG - [SUAS_main.turn_lap:637] - wp_num:6
2025-06-23 20:13:03,621 - SUAS - DEBUG - [SUAS_main.turn_lap:636] - next wp: 2
2025-06-23 20:13:03,622 - SUAS - DEBUG - [SUAS_main.turn_lap:637] - wp_num:6
2025-06-23 20:13:03,673 - SUAS - DEBUG - [SUAS_main.turn_lap:636] - next wp: 2
2025-06-23 20:13:03,674 - SUAS - DEBUG - [SUAS_main.turn_lap:637] - wp_num:6
2025-06-23 20:13:03,724 - SUAS - DEBUG - [SUAS_main.turn_lap:636] - next wp: 2
2025-06-23 20:13:03,726 - SUAS - DEBUG - [SUAS_main.turn_lap:637] - wp_num:6
2025-06-23 20:13:03,777 - SUAS - DEBUG - [SUAS_main.turn_lap:636] - next wp: 2
2025-06-23 20:13:03,778 - SUAS - DEBUG - [SUAS_main.turn_lap:637] - wp_num:6
2025-06-23 20:13:03,829 - SUAS - DEBUG - [SUAS_main.turn_lap:636] - next wp: 2
2025-06-23 20:13:03,830 - SUAS - DEBUG - [SUAS_main.turn_lap:637] - wp_num:6
2025-06-23 20:13:03,880 - SUAS - DEBUG - [SUAS_main.turn_lap:636] - next wp: 2
2025-06-23 20:13:03,881 - SUAS - DEBUG - [SUAS_main.turn_lap:637] - wp_num:6
2025-06-23 20:13:03,932 - SUAS - DEBUG - [SUAS_main.turn_lap:636] - next wp: 2
2025-06-23 20:13:03,933 - SUAS - DEBUG - [SUAS_main.turn_lap:637] - wp_num:6
2025-06-23 20:13:03,984 - SUAS - DEBUG - [SUAS_main.turn_lap:636] - next wp: 2
2025-06-23 20:13:03,985 - SUAS - DEBUG - [SUAS_main.turn_lap:637] - wp_num:6
2025-06-23 20:13:04,036 - SUAS - DEBUG - [SUAS_main.turn_lap:636] - next wp: 2
2025-06-23 20:13:04,037 - SUAS - DEBUG - [SUAS_main.turn_lap:637] - wp_num:6
2025-06-23 20:13:04,088 - SUAS - DEBUG - [SUAS_main.turn_lap:636] - next wp: 2
2025-06-23 20:13:04,089 - SUAS - DEBUG - [SUAS_main.turn_lap:637] - wp_num:6
2025-06-23 20:13:04,140 - SUAS - DEBUG - [SUAS_main.turn_lap:636] - next wp: 2
2025-06-23 20:13:04,141 - SUAS - DEBUG - [SUAS_main.turn_lap:637] - wp_num:6
2025-06-23 20:13:04,192 - SUAS - DEBUG - [SUAS_main.turn_lap:636] - next wp: 2
2025-06-23 20:13:04,193 - SUAS - DEBUG - [SUAS_main.turn_lap:637] - wp_num:6
2025-06-23 20:13:04,243 - SUAS - DEBUG - [SUAS_main.turn_lap:636] - next wp: 2
2025-06-23 20:13:04,244 - SUAS - DEBUG - [SUAS_main.turn_lap:637] - wp_num:6
2025-06-23 20:13:04,295 - SUAS - DEBUG - [SUAS_main.turn_lap:636] - next wp: 2
2025-06-23 20:13:04,296 - SUAS - DEBUG - [SUAS_main.turn_lap:637] - wp_num:6
2025-06-23 20:13:04,347 - SUAS - DEBUG - [SUAS_main.turn_lap:636] - next wp: 2
2025-06-23 20:13:04,348 - SUAS - DEBUG - [SUAS_main.turn_lap:637] - wp_num:6
2025-06-23 20:13:04,399 - SUAS - DEBUG - [SUAS_main.turn_lap:636] - next wp: 2
2025-06-23 20:13:04,400 - SUAS - DEBUG - [SUAS_main.turn_lap:637] - wp_num:6
2025-06-23 20:13:04,451 - SUAS - DEBUG - [SUAS_main.turn_lap:636] - next wp: 2
2025-06-23 20:13:04,451 - SUAS - DEBUG - [SUAS_main.turn_lap:637] - wp_num:6
2025-06-23 20:13:04,502 - SUAS - DEBUG - [SUAS_main.turn_lap:636] - next wp: 2
2025-06-23 20:13:04,503 - SUAS - DEBUG - [SUAS_main.turn_lap:637] - wp_num:6
2025-06-23 20:13:04,554 - SUAS - DEBUG - [SUAS_main.turn_lap:636] - next wp: 2
2025-06-23 20:13:04,555 - SUAS - DEBUG - [SUAS_main.turn_lap:637] - wp_num:6
2025-06-23 20:13:04,606 - SUAS - DEBUG - [SUAS_main.turn_lap:636] - next wp: 2
2025-06-23 20:13:04,608 - SUAS - DEBUG - [SUAS_main.turn_lap:637] - wp_num:6
2025-06-23 20:13:04,659 - SUAS - DEBUG - [SUAS_main.turn_lap:636] - next wp: 2
2025-06-23 20:13:04,659 - SUAS - DEBUG - [SUAS_main.turn_lap:637] - wp_num:6
2025-06-23 20:13:04,710 - SUAS - DEBUG - [SUAS_main.turn_lap:636] - next wp: 2
2025-06-23 20:13:04,711 - SUAS - DEBUG - [SUAS_main.turn_lap:637] - wp_num:6
2025-06-23 20:13:04,762 - SUAS - DEBUG - [SUAS_main.turn_lap:636] - next wp: 2
2025-06-23 20:13:04,763 - SUAS - DEBUG - [SUAS_main.turn_lap:637] - wp_num:6
2025-06-23 20:13:04,814 - SUAS - DEBUG - [SUAS_main.turn_lap:636] - next wp: 2
2025-06-23 20:13:04,815 - SUAS - DEBUG - [SUAS_main.turn_lap:637] - wp_num:6
2025-06-23 20:13:04,866 - SUAS - DEBUG - [SUAS_main.turn_lap:636] - next wp: 2
2025-06-23 20:13:04,867 - SUAS - DEBUG - [SUAS_main.turn_lap:637] - wp_num:6
2025-06-23 20:13:04,918 - SUAS - DEBUG - [SUAS_main.turn_lap:636] - next wp: 2
2025-06-23 20:13:04,919 - SUAS - DEBUG - [SUAS_main.turn_lap:637] - wp_num:6
2025-06-23 20:13:04,970 - SUAS - DEBUG - [SUAS_main.turn_lap:636] - next wp: 2
2025-06-23 20:13:04,971 - SUAS - DEBUG - [SUAS_main.turn_lap:637] - wp_num:6
2025-06-23 20:13:05,021 - SUAS - DEBUG - [SUAS_main.turn_lap:636] - next wp: 2
2025-06-23 20:13:05,022 - SUAS - DEBUG - [SUAS_main.turn_lap:637] - wp_num:6
2025-06-23 20:13:05,073 - SUAS - DEBUG - [SUAS_main.turn_lap:636] - next wp: 2
2025-06-23 20:13:05,074 - SUAS - DEBUG - [SUAS_main.turn_lap:637] - wp_num:6
2025-06-23 20:13:05,125 - SUAS - DEBUG - [SUAS_main.turn_lap:636] - next wp: 2
2025-06-23 20:13:05,126 - SUAS - DEBUG - [SUAS_main.turn_lap:637] - wp_num:6
2025-06-23 20:13:05,177 - SUAS - DEBUG - [SUAS_main.turn_lap:636] - next wp: 2
2025-06-23 20:13:05,178 - SUAS - DEBUG - [SUAS_main.turn_lap:637] - wp_num:6
2025-06-23 20:13:05,229 - SUAS - DEBUG - [SUAS_main.turn_lap:636] - next wp: 2
2025-06-23 20:13:05,230 - SUAS - DEBUG - [SUAS_main.turn_lap:637] - wp_num:6
2025-06-23 20:13:05,280 - SUAS - DEBUG - [SUAS_main.turn_lap:636] - next wp: 2
2025-06-23 20:13:05,281 - SUAS - DEBUG - [SUAS_main.turn_lap:637] - wp_num:6
2025-06-23 20:13:05,332 - SUAS - DEBUG - [SUAS_main.turn_lap:636] - next wp: 2
2025-06-23 20:13:05,333 - SUAS - DEBUG - [SUAS_main.turn_lap:637] - wp_num:6
2025-06-23 20:13:05,384 - SUAS - DEBUG - [SUAS_main.turn_lap:636] - next wp: 2
2025-06-23 20:13:05,385 - SUAS - DEBUG - [SUAS_main.turn_lap:637] - wp_num:6
2025-06-23 20:13:05,436 - SUAS - DEBUG - [SUAS_main.turn_lap:636] - next wp: 2
2025-06-23 20:13:05,437 - SUAS - DEBUG - [SUAS_main.turn_lap:637] - wp_num:6
2025-06-23 20:13:05,488 - SUAS - DEBUG - [SUAS_main.turn_lap:636] - next wp: 2
2025-06-23 20:13:05,488 - SUAS - DEBUG - [SUAS_main.turn_lap:637] - wp_num:6
2025-06-23 20:13:05,540 - SUAS - DEBUG - [SUAS_main.turn_lap:636] - next wp: 2
2025-06-23 20:13:05,540 - SUAS - DEBUG - [SUAS_main.turn_lap:637] - wp_num:6
2025-06-23 20:13:05,591 - SUAS - DEBUG - [SUAS_main.turn_lap:636] - next wp: 2
2025-06-23 20:13:05,592 - SUAS - DEBUG - [SUAS_main.turn_lap:637] - wp_num:6
2025-06-23 20:13:05,643 - SUAS - DEBUG - [SUAS_main.turn_lap:636] - next wp: 2
2025-06-23 20:13:05,644 - SUAS - DEBUG - [SUAS_main.turn_lap:637] - wp_num:6
2025-06-23 20:13:05,695 - SUAS - DEBUG - [SUAS_main.turn_lap:636] - next wp: 2
2025-06-23 20:13:05,696 - SUAS - DEBUG - [SUAS_main.turn_lap:637] - wp_num:6
2025-06-23 20:13:05,747 - SUAS - DEBUG - [SUAS_main.turn_lap:636] - next wp: 2
2025-06-23 20:13:05,748 - SUAS - DEBUG - [SUAS_main.turn_lap:637] - wp_num:6
2025-06-23 20:13:05,799 - SUAS - DEBUG - [SUAS_main.turn_lap:636] - next wp: 2
2025-06-23 20:13:05,800 - SUAS - DEBUG - [SUAS_main.turn_lap:637] - wp_num:6
2025-06-23 20:13:05,851 - SUAS - DEBUG - [SUAS_main.turn_lap:636] - next wp: 2
2025-06-23 20:13:05,852 - SUAS - DEBUG - [SUAS_main.turn_lap:637] - wp_num:6
2025-06-23 20:13:05,902 - SUAS - DEBUG - [SUAS_main.turn_lap:636] - next wp: 2
2025-06-23 20:13:05,903 - SUAS - DEBUG - [SUAS_main.turn_lap:637] - wp_num:6
2025-06-23 20:13:05,954 - SUAS - DEBUG - [SUAS_main.turn_lap:636] - next wp: 2
2025-06-23 20:13:05,955 - SUAS - DEBUG - [SUAS_main.turn_lap:637] - wp_num:6
2025-06-23 20:13:06,006 - SUAS - DEBUG - [SUAS_main.turn_lap:636] - next wp: 2
2025-06-23 20:13:06,007 - SUAS - DEBUG - [SUAS_main.turn_lap:637] - wp_num:6
2025-06-23 20:13:06,058 - SUAS - DEBUG - [SUAS_main.turn_lap:636] - next wp: 2
2025-06-23 20:13:06,059 - SUAS - DEBUG - [SUAS_main.turn_lap:637] - wp_num:6
2025-06-23 20:13:06,110 - SUAS - DEBUG - [SUAS_main.turn_lap:636] - next wp: 2
2025-06-23 20:13:06,111 - SUAS - DEBUG - [SUAS_main.turn_lap:637] - wp_num:6
2025-06-23 20:13:06,162 - SUAS - DEBUG - [SUAS_main.turn_lap:636] - next wp: 2
2025-06-23 20:13:06,162 - SUAS - DEBUG - [SUAS_main.turn_lap:637] - wp_num:6
2025-06-23 20:13:06,213 - SUAS - DEBUG - [SUAS_main.turn_lap:636] - next wp: 2
2025-06-23 20:13:06,214 - SUAS - DEBUG - [SUAS_main.turn_lap:637] - wp_num:6
2025-06-23 20:13:06,266 - SUAS - DEBUG - [SUAS_main.turn_lap:636] - next wp: 2
2025-06-23 20:13:06,267 - SUAS - DEBUG - [SUAS_main.turn_lap:637] - wp_num:6
2025-06-23 20:13:06,318 - SUAS - DEBUG - [SUAS_main.turn_lap:636] - next wp: 2
2025-06-23 20:13:06,319 - SUAS - DEBUG - [SUAS_main.turn_lap:637] - wp_num:6
2025-06-23 20:13:06,370 - SUAS - DEBUG - [SUAS_main.turn_lap:636] - next wp: 2
2025-06-23 20:13:06,371 - SUAS - DEBUG - [SUAS_main.turn_lap:637] - wp_num:6
2025-06-23 20:13:06,421 - SUAS - DEBUG - [SUAS_main.turn_lap:636] - next wp: 2
2025-06-23 20:13:06,422 - SUAS - DEBUG - [SUAS_main.turn_lap:637] - wp_num:6
2025-06-23 20:13:06,473 - SUAS - DEBUG - [SUAS_main.turn_lap:636] - next wp: 2
2025-06-23 20:13:06,474 - SUAS - DEBUG - [SUAS_main.turn_lap:637] - wp_num:6
2025-06-23 20:13:06,525 - SUAS - DEBUG - [SUAS_main.turn_lap:636] - next wp: 2
2025-06-23 20:13:06,526 - SUAS - DEBUG - [SUAS_main.turn_lap:637] - wp_num:6
2025-06-23 20:13:06,577 - SUAS - DEBUG - [SUAS_main.turn_lap:636] - next wp: 2
2025-06-23 20:13:06,578 - SUAS - DEBUG - [SUAS_main.turn_lap:637] - wp_num:6
2025-06-23 20:13:06,629 - SUAS - DEBUG - [SUAS_main.turn_lap:636] - next wp: 2
2025-06-23 20:13:06,629 - SUAS - DEBUG - [SUAS_main.turn_lap:637] - wp_num:6
2025-06-23 20:13:06,680 - SUAS - DEBUG - [SUAS_main.turn_lap:636] - next wp: 2
2025-06-23 20:13:06,681 - SUAS - DEBUG - [SUAS_main.turn_lap:637] - wp_num:6
2025-06-23 20:13:06,732 - SUAS - DEBUG - [SUAS_main.turn_lap:636] - next wp: 2
2025-06-23 20:13:06,733 - SUAS - DEBUG - [SUAS_main.turn_lap:637] - wp_num:6
2025-06-23 20:13:06,784 - SUAS - DEBUG - [SUAS_main.turn_lap:636] - next wp: 2
2025-06-23 20:13:06,785 - SUAS - DEBUG - [SUAS_main.turn_lap:637] - wp_num:6
2025-06-23 20:13:06,836 - SUAS - DEBUG - [SUAS_main.turn_lap:636] - next wp: 2
2025-06-23 20:13:06,836 - SUAS - DEBUG - [SUAS_main.turn_lap:637] - wp_num:6
2025-06-23 20:13:06,887 - SUAS - DEBUG - [SUAS_main.turn_lap:636] - next wp: 2
2025-06-23 20:13:06,888 - SUAS - DEBUG - [SUAS_main.turn_lap:637] - wp_num:6
2025-06-23 20:13:06,939 - SUAS - DEBUG - [SUAS_main.turn_lap:636] - next wp: 2
2025-06-23 20:13:06,940 - SUAS - DEBUG - [SUAS_main.turn_lap:637] - wp_num:6
2025-06-23 20:13:06,991 - SUAS - DEBUG - [SUAS_main.turn_lap:636] - next wp: 2
2025-06-23 20:13:06,992 - SUAS - DEBUG - [SUAS_main.turn_lap:637] - wp_num:6
2025-06-23 20:13:07,043 - SUAS - DEBUG - [SUAS_main.turn_lap:636] - next wp: 2
2025-06-23 20:13:07,044 - SUAS - DEBUG - [SUAS_main.turn_lap:637] - wp_num:6
2025-06-23 20:13:07,095 - SUAS - DEBUG - [SUAS_main.turn_lap:636] - next wp: 2
2025-06-23 20:13:07,096 - SUAS - DEBUG - [SUAS_main.turn_lap:637] - wp_num:6
2025-06-23 20:13:07,147 - SUAS - DEBUG - [SUAS_main.turn_lap:636] - next wp: 2
2025-06-23 20:13:07,148 - SUAS - DEBUG - [SUAS_main.turn_lap:637] - wp_num:6
2025-06-23 20:13:07,199 - SUAS - DEBUG - [SUAS_main.turn_lap:636] - next wp: 2
2025-06-23 20:13:07,200 - SUAS - DEBUG - [SUAS_main.turn_lap:637] - wp_num:6
2025-06-23 20:13:07,251 - SUAS - DEBUG - [SUAS_main.turn_lap:636] - next wp: 2
2025-06-23 20:13:07,252 - SUAS - DEBUG - [SUAS_main.turn_lap:637] - wp_num:6
2025-06-23 20:13:07,303 - SUAS - DEBUG - [SUAS_main.turn_lap:636] - next wp: 2
2025-06-23 20:13:07,304 - SUAS - DEBUG - [SUAS_main.turn_lap:637] - wp_num:6
2025-06-23 20:13:07,355 - SUAS - DEBUG - [SUAS_main.turn_lap:636] - next wp: 2
2025-06-23 20:13:07,356 - SUAS - DEBUG - [SUAS_main.turn_lap:637] - wp_num:6
2025-06-23 20:13:07,407 - SUAS - DEBUG - [SUAS_main.turn_lap:636] - next wp: 2
2025-06-23 20:13:07,408 - SUAS - DEBUG - [SUAS_main.turn_lap:637] - wp_num:6
2025-06-23 20:13:07,459 - SUAS - DEBUG - [SUAS_main.turn_lap:636] - next wp: 2
2025-06-23 20:13:07,460 - SUAS - DEBUG - [SUAS_main.turn_lap:637] - wp_num:6
2025-06-23 20:13:07,511 - SUAS - DEBUG - [SUAS_main.turn_lap:636] - next wp: 2
2025-06-23 20:13:07,511 - SUAS - DEBUG - [SUAS_main.turn_lap:637] - wp_num:6
2025-06-23 20:13:07,562 - SUAS - DEBUG - [SUAS_main.turn_lap:636] - next wp: 2
2025-06-23 20:13:07,563 - SUAS - DEBUG - [SUAS_main.turn_lap:637] - wp_num:6
2025-06-23 20:13:07,614 - SUAS - DEBUG - [SUAS_main.turn_lap:636] - next wp: 2
2025-06-23 20:13:07,615 - SUAS - DEBUG - [SUAS_main.turn_lap:637] - wp_num:6
2025-06-23 20:13:07,666 - SUAS - DEBUG - [SUAS_main.turn_lap:636] - next wp: 2
2025-06-23 20:13:07,667 - SUAS - DEBUG - [SUAS_main.turn_lap:637] - wp_num:6
2025-06-23 20:13:07,718 - SUAS - DEBUG - [SUAS_main.turn_lap:636] - next wp: 2
2025-06-23 20:13:07,719 - SUAS - DEBUG - [SUAS_main.turn_lap:637] - wp_num:6
2025-06-23 20:13:07,770 - SUAS - DEBUG - [SUAS_main.turn_lap:636] - next wp: 2
2025-06-23 20:13:07,771 - SUAS - DEBUG - [SUAS_main.turn_lap:637] - wp_num:6
2025-06-23 20:13:07,821 - SUAS - DEBUG - [SUAS_main.turn_lap:636] - next wp: 2
2025-06-23 20:13:07,822 - SUAS - DEBUG - [SUAS_main.turn_lap:637] - wp_num:6
2025-06-23 20:13:07,873 - SUAS - DEBUG - [SUAS_main.turn_lap:636] - next wp: 2
2025-06-23 20:13:07,874 - SUAS - DEBUG - [SUAS_main.turn_lap:637] - wp_num:6
2025-06-23 20:13:07,925 - SUAS - DEBUG - [SUAS_main.turn_lap:636] - next wp: 2
2025-06-23 20:13:07,926 - SUAS - DEBUG - [SUAS_main.turn_lap:637] - wp_num:6
2025-06-23 20:13:07,977 - SUAS - DEBUG - [SUAS_main.turn_lap:636] - next wp: 2
2025-06-23 20:13:07,978 - SUAS - DEBUG - [SUAS_main.turn_lap:637] - wp_num:6
2025-06-23 20:13:08,029 - SUAS - DEBUG - [SUAS_main.turn_lap:636] - next wp: 2
2025-06-23 20:13:08,030 - SUAS - DEBUG - [SUAS_main.turn_lap:637] - wp_num:6
2025-06-23 20:13:08,081 - SUAS - DEBUG - [SUAS_main.turn_lap:636] - next wp: 2
2025-06-23 20:13:08,081 - SUAS - DEBUG - [SUAS_main.turn_lap:637] - wp_num:6
2025-06-23 20:13:08,132 - SUAS - DEBUG - [SUAS_main.turn_lap:636] - next wp: 2
2025-06-23 20:13:08,133 - SUAS - DEBUG - [SUAS_main.turn_lap:637] - wp_num:6
2025-06-23 20:13:08,184 - SUAS - DEBUG - [SUAS_main.turn_lap:636] - next wp: 3
2025-06-23 20:13:08,185 - SUAS - DEBUG - [SUAS_main.turn_lap:637] - wp_num:6
2025-06-23 20:13:08,236 - SUAS - DEBUG - [SUAS_main.turn_lap:636] - next wp: 3
2025-06-23 20:13:08,237 - SUAS - DEBUG - [SUAS_main.turn_lap:637] - wp_num:6
2025-06-23 20:13:08,288 - SUAS - DEBUG - [SUAS_main.turn_lap:636] - next wp: 3
2025-06-23 20:13:08,289 - SUAS - DEBUG - [SUAS_main.turn_lap:637] - wp_num:6
2025-06-23 20:13:08,340 - SUAS - DEBUG - [SUAS_main.turn_lap:636] - next wp: 3
2025-06-23 20:13:08,341 - SUAS - DEBUG - [SUAS_main.turn_lap:637] - wp_num:6
2025-06-23 20:13:08,392 - SUAS - DEBUG - [SUAS_main.turn_lap:636] - next wp: 3
2025-06-23 20:13:08,392 - SUAS - DEBUG - [SUAS_main.turn_lap:637] - wp_num:6
2025-06-23 20:13:08,443 - SUAS - DEBUG - [SUAS_main.turn_lap:636] - next wp: 3
2025-06-23 20:13:08,445 - SUAS - DEBUG - [SUAS_main.turn_lap:637] - wp_num:6
2025-06-23 20:13:08,496 - SUAS - DEBUG - [SUAS_main.turn_lap:636] - next wp: 3
2025-06-23 20:13:08,497 - SUAS - DEBUG - [SUAS_main.turn_lap:637] - wp_num:6
2025-06-23 20:13:08,548 - SUAS - DEBUG - [SUAS_main.turn_lap:636] - next wp: 3
2025-06-23 20:13:08,549 - SUAS - DEBUG - [SUAS_main.turn_lap:637] - wp_num:6
2025-06-23 20:13:08,600 - SUAS - DEBUG - [SUAS_main.turn_lap:636] - next wp: 3
2025-06-23 20:13:08,601 - SUAS - DEBUG - [SUAS_main.turn_lap:637] - wp_num:6
2025-06-23 20:13:08,652 - SUAS - DEBUG - [SUAS_main.turn_lap:636] - next wp: 3
2025-06-23 20:13:08,653 - SUAS - DEBUG - [SUAS_main.turn_lap:637] - wp_num:6
2025-06-23 20:13:08,704 - SUAS - DEBUG - [SUAS_main.turn_lap:636] - next wp: 3
2025-06-23 20:13:08,705 - SUAS - DEBUG - [SUAS_main.turn_lap:637] - wp_num:6
2025-06-23 20:13:08,756 - SUAS - DEBUG - [SUAS_main.turn_lap:636] - next wp: 3
2025-06-23 20:13:08,757 - SUAS - DEBUG - [SUAS_main.turn_lap:637] - wp_num:6
2025-06-23 20:13:08,807 - SUAS - DEBUG - [SUAS_main.turn_lap:636] - next wp: 3
2025-06-23 20:13:08,808 - SUAS - DEBUG - [SUAS_main.turn_lap:637] - wp_num:6
2025-06-23 20:13:08,859 - SUAS - DEBUG - [SUAS_main.turn_lap:636] - next wp: 3
2025-06-23 20:13:08,860 - SUAS - DEBUG - [SUAS_main.turn_lap:637] - wp_num:6
2025-06-23 20:13:08,911 - SUAS - DEBUG - [SUAS_main.turn_lap:636] - next wp: 3
2025-06-23 20:13:08,911 - SUAS - DEBUG - [SUAS_main.turn_lap:637] - wp_num:6
2025-06-23 20:13:08,962 - SUAS - DEBUG - [SUAS_main.turn_lap:636] - next wp: 3
2025-06-23 20:13:08,963 - SUAS - DEBUG - [SUAS_main.turn_lap:637] - wp_num:6
2025-06-23 20:13:09,014 - SUAS - DEBUG - [SUAS_main.turn_lap:636] - next wp: 3
2025-06-23 20:13:09,015 - SUAS - DEBUG - [SUAS_main.turn_lap:637] - wp_num:6
2025-06-23 20:13:09,066 - SUAS - DEBUG - [SUAS_main.turn_lap:636] - next wp: 3
2025-06-23 20:13:09,068 - SUAS - DEBUG - [SUAS_main.turn_lap:637] - wp_num:6
2025-06-23 20:13:09,119 - SUAS - DEBUG - [SUAS_main.turn_lap:636] - next wp: 3
2025-06-23 20:13:09,120 - SUAS - DEBUG - [SUAS_main.turn_lap:637] - wp_num:6
2025-06-23 20:13:09,170 - SUAS - DEBUG - [SUAS_main.turn_lap:636] - next wp: 3
2025-06-23 20:13:09,171 - SUAS - DEBUG - [SUAS_main.turn_lap:637] - wp_num:6
2025-06-23 20:13:09,222 - SUAS - DEBUG - [SUAS_main.turn_lap:636] - next wp: 3
2025-06-23 20:13:09,223 - SUAS - DEBUG - [SUAS_main.turn_lap:637] - wp_num:6
2025-06-23 20:13:09,274 - SUAS - DEBUG - [SUAS_main.turn_lap:636] - next wp: 3
2025-06-23 20:13:09,275 - SUAS - DEBUG - [SUAS_main.turn_lap:637] - wp_num:6
2025-06-23 20:13:09,326 - SUAS - DEBUG - [SUAS_main.turn_lap:636] - next wp: 3
2025-06-23 20:13:09,327 - SUAS - DEBUG - [SUAS_main.turn_lap:637] - wp_num:6
2025-06-23 20:13:09,378 - SUAS - DEBUG - [SUAS_main.turn_lap:636] - next wp: 3
2025-06-23 20:13:09,379 - SUAS - DEBUG - [SUAS_main.turn_lap:637] - wp_num:6
2025-06-23 20:13:09,430 - SUAS - DEBUG - [SUAS_main.turn_lap:636] - next wp: 3
2025-06-23 20:13:09,430 - SUAS - DEBUG - [SUAS_main.turn_lap:637] - wp_num:6
2025-06-23 20:13:09,481 - SUAS - DEBUG - [SUAS_main.turn_lap:636] - next wp: 3
2025-06-23 20:13:09,482 - SUAS - DEBUG - [SUAS_main.turn_lap:637] - wp_num:6
2025-06-23 20:13:09,533 - SUAS - DEBUG - [SUAS_main.turn_lap:636] - next wp: 3
2025-06-23 20:13:09,534 - SUAS - DEBUG - [SUAS_main.turn_lap:637] - wp_num:6
2025-06-23 20:13:09,585 - SUAS - DEBUG - [SUAS_main.turn_lap:636] - next wp: 3
2025-06-23 20:13:09,586 - SUAS - DEBUG - [SUAS_main.turn_lap:637] - wp_num:6
2025-06-23 20:13:09,637 - SUAS - DEBUG - [SUAS_main.turn_lap:636] - next wp: 3
2025-06-23 20:13:09,638 - SUAS - DEBUG - [SUAS_main.turn_lap:637] - wp_num:6
2025-06-23 20:13:09,689 - SUAS - DEBUG - [SUAS_main.turn_lap:636] - next wp: 3
2025-06-23 20:13:09,690 - SUAS - DEBUG - [SUAS_main.turn_lap:637] - wp_num:6
2025-06-23 20:13:09,741 - SUAS - DEBUG - [SUAS_main.turn_lap:636] - next wp: 3
2025-06-23 20:13:09,741 - SUAS - DEBUG - [SUAS_main.turn_lap:637] - wp_num:6
2025-06-23 20:13:09,792 - SUAS - DEBUG - [SUAS_main.turn_lap:636] - next wp: 3
2025-06-23 20:13:09,793 - SUAS - DEBUG - [SUAS_main.turn_lap:637] - wp_num:6
2025-06-23 20:13:09,844 - SUAS - DEBUG - [SUAS_main.turn_lap:636] - next wp: 3
2025-06-23 20:13:09,845 - SUAS - DEBUG - [SUAS_main.turn_lap:637] - wp_num:6
2025-06-23 20:13:09,896 - SUAS - DEBUG - [SUAS_main.turn_lap:636] - next wp: 3
2025-06-23 20:13:09,897 - SUAS - DEBUG - [SUAS_main.turn_lap:637] - wp_num:6
2025-06-23 20:13:09,948 - SUAS - DEBUG - [SUAS_main.turn_lap:636] - next wp: 3
2025-06-23 20:13:09,949 - SUAS - DEBUG - [SUAS_main.turn_lap:637] - wp_num:6
2025-06-23 20:13:10,000 - SUAS - DEBUG - [SUAS_main.turn_lap:636] - next wp: 3
2025-06-23 20:13:10,001 - SUAS - DEBUG - [SUAS_main.turn_lap:637] - wp_num:6
2025-06-23 20:13:10,051 - SUAS - DEBUG - [SUAS_main.turn_lap:636] - next wp: 3
2025-06-23 20:13:10,052 - SUAS - DEBUG - [SUAS_main.turn_lap:637] - wp_num:6
2025-06-23 20:13:10,103 - SUAS - DEBUG - [SUAS_main.turn_lap:636] - next wp: 3
2025-06-23 20:13:10,104 - SUAS - DEBUG - [SUAS_main.turn_lap:637] - wp_num:6
2025-06-23 20:13:10,155 - SUAS - DEBUG - [SUAS_main.turn_lap:636] - next wp: 3
2025-06-23 20:13:10,156 - SUAS - DEBUG - [SUAS_main.turn_lap:637] - wp_num:6
2025-06-23 20:13:10,207 - SUAS - DEBUG - [SUAS_main.turn_lap:636] - next wp: 3
2025-06-23 20:13:10,208 - SUAS - DEBUG - [SUAS_main.turn_lap:637] - wp_num:6
2025-06-23 20:13:10,259 - SUAS - DEBUG - [SUAS_main.turn_lap:636] - next wp: 3
2025-06-23 20:13:10,260 - SUAS - DEBUG - [SUAS_main.turn_lap:637] - wp_num:6
2025-06-23 20:13:10,310 - SUAS - DEBUG - [SUAS_main.turn_lap:636] - next wp: 3
2025-06-23 20:13:10,311 - SUAS - DEBUG - [SUAS_main.turn_lap:637] - wp_num:6
2025-06-23 20:13:10,362 - SUAS - DEBUG - [SUAS_main.turn_lap:636] - next wp: 3
2025-06-23 20:13:10,363 - SUAS - DEBUG - [SUAS_main.turn_lap:637] - wp_num:6
2025-06-23 20:13:10,414 - SUAS - DEBUG - [SUAS_main.turn_lap:636] - next wp: 3
2025-06-23 20:13:10,415 - SUAS - DEBUG - [SUAS_main.turn_lap:637] - wp_num:6
2025-06-23 20:13:10,466 - SUAS - DEBUG - [SUAS_main.turn_lap:636] - next wp: 3
2025-06-23 20:13:10,467 - SUAS - DEBUG - [SUAS_main.turn_lap:637] - wp_num:6
2025-06-23 20:13:10,518 - SUAS - DEBUG - [SUAS_main.turn_lap:636] - next wp: 3
2025-06-23 20:13:10,519 - SUAS - DEBUG - [SUAS_main.turn_lap:637] - wp_num:6
2025-06-23 20:13:10,570 - SUAS - DEBUG - [SUAS_main.turn_lap:636] - next wp: 3
2025-06-23 20:13:10,571 - SUAS - DEBUG - [SUAS_main.turn_lap:637] - wp_num:6
2025-06-23 20:13:10,622 - SUAS - DEBUG - [SUAS_main.turn_lap:636] - next wp: 3
2025-06-23 20:13:10,622 - SUAS - DEBUG - [SUAS_main.turn_lap:637] - wp_num:6
2025-06-23 20:13:10,673 - SUAS - DEBUG - [SUAS_main.turn_lap:636] - next wp: 3
2025-06-23 20:13:10,674 - SUAS - DEBUG - [SUAS_main.turn_lap:637] - wp_num:6
2025-06-23 20:13:10,725 - SUAS - DEBUG - [SUAS_main.turn_lap:636] - next wp: 3
2025-06-23 20:13:10,726 - SUAS - DEBUG - [SUAS_main.turn_lap:637] - wp_num:6
2025-06-23 20:13:10,777 - SUAS - DEBUG - [SUAS_main.turn_lap:636] - next wp: 3
2025-06-23 20:13:10,777 - SUAS - DEBUG - [SUAS_main.turn_lap:637] - wp_num:6
2025-06-23 20:13:10,828 - SUAS - DEBUG - [SUAS_main.turn_lap:636] - next wp: 3
2025-06-23 20:13:10,829 - SUAS - DEBUG - [SUAS_main.turn_lap:637] - wp_num:6
2025-06-23 20:13:10,880 - SUAS - DEBUG - [SUAS_main.turn_lap:636] - next wp: 3
2025-06-23 20:13:10,881 - SUAS - DEBUG - [SUAS_main.turn_lap:637] - wp_num:6
2025-06-23 20:13:10,932 - SUAS - DEBUG - [SUAS_main.turn_lap:636] - next wp: 3
2025-06-23 20:13:10,934 - SUAS - DEBUG - [SUAS_main.turn_lap:637] - wp_num:6
2025-06-23 20:13:10,985 - SUAS - DEBUG - [SUAS_main.turn_lap:636] - next wp: 3
2025-06-23 20:13:10,986 - SUAS - DEBUG - [SUAS_main.turn_lap:637] - wp_num:6
2025-06-23 20:13:11,037 - SUAS - DEBUG - [SUAS_main.turn_lap:636] - next wp: 3
2025-06-23 20:13:11,038 - SUAS - DEBUG - [SUAS_main.turn_lap:637] - wp_num:6
2025-06-23 20:13:11,089 - SUAS - DEBUG - [SUAS_main.turn_lap:636] - next wp: 3
2025-06-23 20:13:11,090 - SUAS - DEBUG - [SUAS_main.turn_lap:637] - wp_num:6
2025-06-23 20:13:11,141 - SUAS - DEBUG - [SUAS_main.turn_lap:636] - next wp: 3
2025-06-23 20:13:11,142 - SUAS - DEBUG - [SUAS_main.turn_lap:637] - wp_num:6
2025-06-23 20:13:11,193 - SUAS - DEBUG - [SUAS_main.turn_lap:636] - next wp: 3
2025-06-23 20:13:11,194 - SUAS - DEBUG - [SUAS_main.turn_lap:637] - wp_num:6
2025-06-23 20:13:11,245 - SUAS - DEBUG - [SUAS_main.turn_lap:636] - next wp: 3
2025-06-23 20:13:11,246 - SUAS - DEBUG - [SUAS_main.turn_lap:637] - wp_num:6
2025-06-23 20:13:11,297 - SUAS - DEBUG - [SUAS_main.turn_lap:636] - next wp: 3
2025-06-23 20:13:11,298 - SUAS - DEBUG - [SUAS_main.turn_lap:637] - wp_num:6
2025-06-23 20:13:11,348 - SUAS - DEBUG - [SUAS_main.turn_lap:636] - next wp: 3
2025-06-23 20:13:11,349 - SUAS - DEBUG - [SUAS_main.turn_lap:637] - wp_num:6
2025-06-23 20:13:11,400 - SUAS - DEBUG - [SUAS_main.turn_lap:636] - next wp: 3
2025-06-23 20:13:11,401 - SUAS - DEBUG - [SUAS_main.turn_lap:637] - wp_num:6
2025-06-23 20:13:11,452 - SUAS - DEBUG - [SUAS_main.turn_lap:636] - next wp: 3
2025-06-23 20:13:11,453 - SUAS - DEBUG - [SUAS_main.turn_lap:637] - wp_num:6
2025-06-23 20:13:11,503 - SUAS - DEBUG - [SUAS_main.turn_lap:636] - next wp: 3
2025-06-23 20:13:11,505 - SUAS - DEBUG - [SUAS_main.turn_lap:637] - wp_num:6
2025-06-23 20:13:11,555 - SUAS - DEBUG - [SUAS_main.turn_lap:636] - next wp: 3
2025-06-23 20:13:11,556 - SUAS - DEBUG - [SUAS_main.turn_lap:637] - wp_num:6
2025-06-23 20:13:11,607 - SUAS - DEBUG - [SUAS_main.turn_lap:636] - next wp: 3
2025-06-23 20:13:11,608 - SUAS - DEBUG - [SUAS_main.turn_lap:637] - wp_num:6
2025-06-23 20:13:11,659 - SUAS - DEBUG - [SUAS_main.turn_lap:636] - next wp: 3
2025-06-23 20:13:11,660 - SUAS - DEBUG - [SUAS_main.turn_lap:637] - wp_num:6
2025-06-23 20:13:11,711 - SUAS - DEBUG - [SUAS_main.turn_lap:636] - next wp: 3
2025-06-23 20:13:11,711 - SUAS - DEBUG - [SUAS_main.turn_lap:637] - wp_num:6
2025-06-23 20:13:11,762 - SUAS - DEBUG - [SUAS_main.turn_lap:636] - next wp: 3
2025-06-23 20:13:11,763 - SUAS - DEBUG - [SUAS_main.turn_lap:637] - wp_num:6
2025-06-23 20:13:11,814 - SUAS - DEBUG - [SUAS_main.turn_lap:636] - next wp: 3
2025-06-23 20:13:11,815 - SUAS - DEBUG - [SUAS_main.turn_lap:637] - wp_num:6
2025-06-23 20:13:11,866 - SUAS - DEBUG - [SUAS_main.turn_lap:636] - next wp: 3
2025-06-23 20:13:11,866 - SUAS - DEBUG - [SUAS_main.turn_lap:637] - wp_num:6
2025-06-23 20:13:11,917 - SUAS - DEBUG - [SUAS_main.turn_lap:636] - next wp: 3
2025-06-23 20:13:11,918 - SUAS - DEBUG - [SUAS_main.turn_lap:637] - wp_num:6
2025-06-23 20:13:11,969 - SUAS - DEBUG - [SUAS_main.turn_lap:636] - next wp: 3
2025-06-23 20:13:11,970 - SUAS - DEBUG - [SUAS_main.turn_lap:637] - wp_num:6
2025-06-23 20:13:12,021 - SUAS - DEBUG - [SUAS_main.turn_lap:636] - next wp: 3
2025-06-23 20:13:12,022 - SUAS - DEBUG - [SUAS_main.turn_lap:637] - wp_num:6
2025-06-23 20:13:12,072 - SUAS - DEBUG - [SUAS_main.turn_lap:636] - next wp: 3
2025-06-23 20:13:12,073 - SUAS - DEBUG - [SUAS_main.turn_lap:637] - wp_num:6
2025-06-23 20:13:12,124 - SUAS - DEBUG - [SUAS_main.turn_lap:636] - next wp: 3
2025-06-23 20:13:12,125 - SUAS - DEBUG - [SUAS_main.turn_lap:637] - wp_num:6
2025-06-23 20:13:12,176 - SUAS - DEBUG - [SUAS_main.turn_lap:636] - next wp: 3
2025-06-23 20:13:12,177 - SUAS - DEBUG - [SUAS_main.turn_lap:637] - wp_num:6
2025-06-23 20:13:12,227 - SUAS - DEBUG - [SUAS_main.turn_lap:636] - next wp: 3
2025-06-23 20:13:12,228 - SUAS - DEBUG - [SUAS_main.turn_lap:637] - wp_num:6
2025-06-23 20:13:12,279 - SUAS - DEBUG - [SUAS_main.turn_lap:636] - next wp: 3
2025-06-23 20:13:12,280 - SUAS - DEBUG - [SUAS_main.turn_lap:637] - wp_num:6
2025-06-23 20:13:12,331 - SUAS - DEBUG - [SUAS_main.turn_lap:636] - next wp: 3
2025-06-23 20:13:12,332 - SUAS - DEBUG - [SUAS_main.turn_lap:637] - wp_num:6
2025-06-23 20:13:12,383 - SUAS - DEBUG - [SUAS_main.turn_lap:636] - next wp: 3
2025-06-23 20:13:12,385 - SUAS - DEBUG - [SUAS_main.turn_lap:637] - wp_num:6
2025-06-23 20:13:12,436 - SUAS - DEBUG - [SUAS_main.turn_lap:636] - next wp: 3
2025-06-23 20:13:12,437 - SUAS - DEBUG - [SUAS_main.turn_lap:637] - wp_num:6
2025-06-23 20:13:12,488 - SUAS - DEBUG - [SUAS_main.turn_lap:636] - next wp: 3
2025-06-23 20:13:12,489 - SUAS - DEBUG - [SUAS_main.turn_lap:637] - wp_num:6
2025-06-23 20:13:12,540 - SUAS - DEBUG - [SUAS_main.turn_lap:636] - next wp: 3
2025-06-23 20:13:12,541 - SUAS - DEBUG - [SUAS_main.turn_lap:637] - wp_num:6
2025-06-23 20:13:12,592 - SUAS - DEBUG - [SUAS_main.turn_lap:636] - next wp: 3
2025-06-23 20:13:12,593 - SUAS - DEBUG - [SUAS_main.turn_lap:637] - wp_num:6
2025-06-23 20:13:12,643 - SUAS - DEBUG - [SUAS_main.turn_lap:636] - next wp: 3
2025-06-23 20:13:12,644 - SUAS - DEBUG - [SUAS_main.turn_lap:637] - wp_num:6
2025-06-23 20:13:12,695 - SUAS - DEBUG - [SUAS_main.turn_lap:636] - next wp: 3
2025-06-23 20:13:12,696 - SUAS - DEBUG - [SUAS_main.turn_lap:637] - wp_num:6
2025-06-23 20:13:12,747 - SUAS - DEBUG - [SUAS_main.turn_lap:636] - next wp: 3
2025-06-23 20:13:12,748 - SUAS - DEBUG - [SUAS_main.turn_lap:637] - wp_num:6
2025-06-23 20:13:12,799 - SUAS - DEBUG - [SUAS_main.turn_lap:636] - next wp: 3
2025-06-23 20:13:12,800 - SUAS - DEBUG - [SUAS_main.turn_lap:637] - wp_num:6
2025-06-23 20:13:12,850 - SUAS - DEBUG - [SUAS_main.turn_lap:636] - next wp: 3
2025-06-23 20:13:12,851 - SUAS - DEBUG - [SUAS_main.turn_lap:637] - wp_num:6
2025-06-23 20:13:12,902 - SUAS - DEBUG - [SUAS_main.turn_lap:636] - next wp: 3
2025-06-23 20:13:12,903 - SUAS - DEBUG - [SUAS_main.turn_lap:637] - wp_num:6
2025-06-23 20:13:12,954 - SUAS - DEBUG - [SUAS_main.turn_lap:636] - next wp: 3
2025-06-23 20:13:12,955 - SUAS - DEBUG - [SUAS_main.turn_lap:637] - wp_num:6
2025-06-23 20:13:13,006 - SUAS - DEBUG - [SUAS_main.turn_lap:636] - next wp: 3
2025-06-23 20:13:13,007 - SUAS - DEBUG - [SUAS_main.turn_lap:637] - wp_num:6
2025-06-23 20:13:13,058 - SUAS - DEBUG - [SUAS_main.turn_lap:636] - next wp: 3
2025-06-23 20:13:13,059 - SUAS - DEBUG - [SUAS_main.turn_lap:637] - wp_num:6
2025-06-23 20:13:13,110 - SUAS - DEBUG - [SUAS_main.turn_lap:636] - next wp: 3
2025-06-23 20:13:13,110 - SUAS - DEBUG - [SUAS_main.turn_lap:637] - wp_num:6
2025-06-23 20:13:13,161 - SUAS - DEBUG - [SUAS_main.turn_lap:636] - next wp: 3
2025-06-23 20:13:13,162 - SUAS - DEBUG - [SUAS_main.turn_lap:637] - wp_num:6
2025-06-23 20:13:13,213 - SUAS - DEBUG - [SUAS_main.turn_lap:636] - next wp: 3
2025-06-23 20:13:13,214 - SUAS - DEBUG - [SUAS_main.turn_lap:637] - wp_num:6
2025-06-23 20:13:13,265 - SUAS - DEBUG - [SUAS_main.turn_lap:636] - next wp: 3
2025-06-23 20:13:13,266 - SUAS - DEBUG - [SUAS_main.turn_lap:637] - wp_num:6
2025-06-23 20:13:13,317 - SUAS - DEBUG - [SUAS_main.turn_lap:636] - next wp: 3
2025-06-23 20:13:13,318 - SUAS - DEBUG - [SUAS_main.turn_lap:637] - wp_num:6
2025-06-23 20:13:13,369 - SUAS - DEBUG - [SUAS_main.turn_lap:636] - next wp: 3
2025-06-23 20:13:13,370 - SUAS - DEBUG - [SUAS_main.turn_lap:637] - wp_num:6
2025-06-23 20:13:13,420 - SUAS - DEBUG - [SUAS_main.turn_lap:636] - next wp: 3
2025-06-23 20:13:13,421 - SUAS - DEBUG - [SUAS_main.turn_lap:637] - wp_num:6
2025-06-23 20:13:13,472 - SUAS - DEBUG - [SUAS_main.turn_lap:636] - next wp: 3
2025-06-23 20:13:13,473 - SUAS - DEBUG - [SUAS_main.turn_lap:637] - wp_num:6
2025-06-23 20:13:13,524 - SUAS - DEBUG - [SUAS_main.turn_lap:636] - next wp: 3
2025-06-23 20:13:13,525 - SUAS - DEBUG - [SUAS_main.turn_lap:637] - wp_num:6
2025-06-23 20:13:13,576 - SUAS - DEBUG - [SUAS_main.turn_lap:636] - next wp: 3
2025-06-23 20:13:13,577 - SUAS - DEBUG - [SUAS_main.turn_lap:637] - wp_num:6
2025-06-23 20:13:13,627 - SUAS - DEBUG - [SUAS_main.turn_lap:636] - next wp: 3
2025-06-23 20:13:13,628 - SUAS - DEBUG - [SUAS_main.turn_lap:637] - wp_num:6
2025-06-23 20:13:13,679 - SUAS - DEBUG - [SUAS_main.turn_lap:636] - next wp: 3
2025-06-23 20:13:13,680 - SUAS - DEBUG - [SUAS_main.turn_lap:637] - wp_num:6
2025-06-23 20:13:13,731 - SUAS - DEBUG - [SUAS_main.turn_lap:636] - next wp: 3
2025-06-23 20:13:13,732 - SUAS - DEBUG - [SUAS_main.turn_lap:637] - wp_num:6
2025-06-23 20:13:13,783 - SUAS - DEBUG - [SUAS_main.turn_lap:636] - next wp: 3
2025-06-23 20:13:13,784 - SUAS - DEBUG - [SUAS_main.turn_lap:637] - wp_num:6
2025-06-23 20:13:13,835 - SUAS - DEBUG - [SUAS_main.turn_lap:636] - next wp: 3
2025-06-23 20:13:13,836 - SUAS - DEBUG - [SUAS_main.turn_lap:637] - wp_num:6
2025-06-23 20:13:13,887 - SUAS - DEBUG - [SUAS_main.turn_lap:636] - next wp: 3
2025-06-23 20:13:13,888 - SUAS - DEBUG - [SUAS_main.turn_lap:637] - wp_num:6
2025-06-23 20:13:13,939 - SUAS - DEBUG - [SUAS_main.turn_lap:636] - next wp: 3
2025-06-23 20:13:13,940 - SUAS - DEBUG - [SUAS_main.turn_lap:637] - wp_num:6
2025-06-23 20:13:13,990 - SUAS - DEBUG - [SUAS_main.turn_lap:636] - next wp: 3
2025-06-23 20:13:13,991 - SUAS - DEBUG - [SUAS_main.turn_lap:637] - wp_num:6
2025-06-23 20:13:14,042 - SUAS - DEBUG - [SUAS_main.turn_lap:636] - next wp: 3
2025-06-23 20:13:14,043 - SUAS - DEBUG - [SUAS_main.turn_lap:637] - wp_num:6
2025-06-23 20:13:14,094 - SUAS - DEBUG - [SUAS_main.turn_lap:636] - next wp: 3
2025-06-23 20:13:14,095 - SUAS - DEBUG - [SUAS_main.turn_lap:637] - wp_num:6
2025-06-23 20:13:14,146 - SUAS - DEBUG - [SUAS_main.turn_lap:636] - next wp: 3
2025-06-23 20:13:14,147 - SUAS - DEBUG - [SUAS_main.turn_lap:637] - wp_num:6
2025-06-23 20:13:14,198 - SUAS - DEBUG - [SUAS_main.turn_lap:636] - next wp: 3
2025-06-23 20:13:14,199 - SUAS - DEBUG - [SUAS_main.turn_lap:637] - wp_num:6
2025-06-23 20:13:14,250 - SUAS - DEBUG - [SUAS_main.turn_lap:636] - next wp: 3
2025-06-23 20:13:14,251 - SUAS - DEBUG - [SUAS_main.turn_lap:637] - wp_num:6
2025-06-23 20:13:14,301 - SUAS - DEBUG - [SUAS_main.turn_lap:636] - next wp: 3
2025-06-23 20:13:14,302 - SUAS - DEBUG - [SUAS_main.turn_lap:637] - wp_num:6
2025-06-23 20:13:14,353 - SUAS - DEBUG - [SUAS_main.turn_lap:636] - next wp: 3
2025-06-23 20:13:14,354 - SUAS - DEBUG - [SUAS_main.turn_lap:637] - wp_num:6
2025-06-23 20:13:14,405 - SUAS - DEBUG - [SUAS_main.turn_lap:636] - next wp: 3
2025-06-23 20:13:14,406 - SUAS - DEBUG - [SUAS_main.turn_lap:637] - wp_num:6
2025-06-23 20:13:14,457 - SUAS - DEBUG - [SUAS_main.turn_lap:636] - next wp: 3
2025-06-23 20:13:14,458 - SUAS - DEBUG - [SUAS_main.turn_lap:637] - wp_num:6
2025-06-23 20:13:14,509 - SUAS - DEBUG - [SUAS_main.turn_lap:636] - next wp: 3
2025-06-23 20:13:14,510 - SUAS - DEBUG - [SUAS_main.turn_lap:637] - wp_num:6
2025-06-23 20:13:14,560 - SUAS - DEBUG - [SUAS_main.turn_lap:636] - next wp: 3
2025-06-23 20:13:14,561 - SUAS - DEBUG - [SUAS_main.turn_lap:637] - wp_num:6
2025-06-23 20:13:14,612 - SUAS - DEBUG - [SUAS_main.turn_lap:636] - next wp: 3
2025-06-23 20:13:14,613 - SUAS - DEBUG - [SUAS_main.turn_lap:637] - wp_num:6
2025-06-23 20:13:14,664 - SUAS - DEBUG - [SUAS_main.turn_lap:636] - next wp: 3
2025-06-23 20:13:14,665 - SUAS - DEBUG - [SUAS_main.turn_lap:637] - wp_num:6
2025-06-23 20:13:14,716 - SUAS - DEBUG - [SUAS_main.turn_lap:636] - next wp: 3
2025-06-23 20:13:14,717 - SUAS - DEBUG - [SUAS_main.turn_lap:637] - wp_num:6
2025-06-23 20:13:14,767 - SUAS - DEBUG - [SUAS_main.turn_lap:636] - next wp: 3
2025-06-23 20:13:14,769 - SUAS - DEBUG - [SUAS_main.turn_lap:637] - wp_num:6
2025-06-23 20:13:14,819 - SUAS - DEBUG - [SUAS_main.turn_lap:636] - next wp: 3
2025-06-23 20:13:14,820 - SUAS - DEBUG - [SUAS_main.turn_lap:637] - wp_num:6
2025-06-23 20:13:14,871 - SUAS - DEBUG - [SUAS_main.turn_lap:636] - next wp: 4
2025-06-23 20:13:14,872 - SUAS - DEBUG - [SUAS_main.turn_lap:637] - wp_num:6
2025-06-23 20:13:14,923 - SUAS - DEBUG - [SUAS_main.turn_lap:636] - next wp: 4
2025-06-23 20:13:14,924 - SUAS - DEBUG - [SUAS_main.turn_lap:637] - wp_num:6
2025-06-23 20:13:14,975 - SUAS - DEBUG - [SUAS_main.turn_lap:636] - next wp: 4
2025-06-23 20:13:14,976 - SUAS - DEBUG - [SUAS_main.turn_lap:637] - wp_num:6
2025-06-23 20:13:15,027 - SUAS - DEBUG - [SUAS_main.turn_lap:636] - next wp: 4
2025-06-23 20:13:15,028 - SUAS - DEBUG - [SUAS_main.turn_lap:637] - wp_num:6
2025-06-23 20:13:15,079 - SUAS - DEBUG - [SUAS_main.turn_lap:636] - next wp: 4
2025-06-23 20:13:15,081 - SUAS - DEBUG - [SUAS_main.turn_lap:637] - wp_num:6
2025-06-23 20:13:15,132 - SUAS - DEBUG - [SUAS_main.turn_lap:636] - next wp: 4
2025-06-23 20:13:15,166 - SUAS - DEBUG - [SUAS_main.turn_lap:637] - wp_num:6
2025-06-23 20:13:15,217 - SUAS - DEBUG - [SUAS_main.turn_lap:636] - next wp: 4
2025-06-23 20:13:15,219 - SUAS - DEBUG - [SUAS_main.turn_lap:637] - wp_num:6
2025-06-23 20:13:15,270 - SUAS - DEBUG - [SUAS_main.turn_lap:636] - next wp: 4
2025-06-23 20:13:15,271 - SUAS - DEBUG - [SUAS_main.turn_lap:637] - wp_num:6
2025-06-23 20:13:15,322 - SUAS - DEBUG - [SUAS_main.turn_lap:636] - next wp: 4
2025-06-23 20:13:15,323 - SUAS - DEBUG - [SUAS_main.turn_lap:637] - wp_num:6
2025-06-23 20:13:15,374 - SUAS - DEBUG - [SUAS_main.turn_lap:636] - next wp: 4
2025-06-23 20:13:15,374 - SUAS - DEBUG - [SUAS_main.turn_lap:637] - wp_num:6
2025-06-23 20:13:15,425 - SUAS - DEBUG - [SUAS_main.turn_lap:636] - next wp: 4
2025-06-23 20:13:15,426 - SUAS - DEBUG - [SUAS_main.turn_lap:637] - wp_num:6
2025-06-23 20:13:15,478 - SUAS - DEBUG - [SUAS_main.turn_lap:636] - next wp: 4
2025-06-23 20:13:15,479 - SUAS - DEBUG - [SUAS_main.turn_lap:637] - wp_num:6
2025-06-23 20:13:15,529 - SUAS - DEBUG - [SUAS_main.turn_lap:636] - next wp: 4
2025-06-23 20:13:15,530 - SUAS - DEBUG - [SUAS_main.turn_lap:637] - wp_num:6
2025-06-23 20:13:15,581 - SUAS - DEBUG - [SUAS_main.turn_lap:636] - next wp: 4
2025-06-23 20:13:15,582 - SUAS - DEBUG - [SUAS_main.turn_lap:637] - wp_num:6
2025-06-23 20:13:15,633 - SUAS - DEBUG - [SUAS_main.turn_lap:636] - next wp: 4
2025-06-23 20:13:15,633 - SUAS - DEBUG - [SUAS_main.turn_lap:637] - wp_num:6
2025-06-23 20:13:15,684 - SUAS - DEBUG - [SUAS_main.turn_lap:636] - next wp: 4
2025-06-23 20:13:15,685 - SUAS - DEBUG - [SUAS_main.turn_lap:637] - wp_num:6
2025-06-23 20:13:15,736 - SUAS - DEBUG - [SUAS_main.turn_lap:636] - next wp: 4
2025-06-23 20:13:15,737 - SUAS - DEBUG - [SUAS_main.turn_lap:637] - wp_num:6
2025-06-23 20:13:15,788 - SUAS - DEBUG - [SUAS_main.turn_lap:636] - next wp: 4
2025-06-23 20:13:15,788 - SUAS - DEBUG - [SUAS_main.turn_lap:637] - wp_num:6
2025-06-23 20:13:15,840 - SUAS - DEBUG - [SUAS_main.turn_lap:636] - next wp: 4
2025-06-23 20:13:15,840 - SUAS - DEBUG - [SUAS_main.turn_lap:637] - wp_num:6
2025-06-23 20:13:15,891 - SUAS - DEBUG - [SUAS_main.turn_lap:636] - next wp: 4
2025-06-23 20:13:15,892 - SUAS - DEBUG - [SUAS_main.turn_lap:637] - wp_num:6
2025-06-23 20:13:15,943 - SUAS - DEBUG - [SUAS_main.turn_lap:636] - next wp: 4
2025-06-23 20:13:15,944 - SUAS - DEBUG - [SUAS_main.turn_lap:637] - wp_num:6
2025-06-23 20:13:15,995 - SUAS - DEBUG - [SUAS_main.turn_lap:636] - next wp: 4
2025-06-23 20:13:15,996 - SUAS - DEBUG - [SUAS_main.turn_lap:637] - wp_num:6
2025-06-23 20:13:16,047 - SUAS - DEBUG - [SUAS_main.turn_lap:636] - next wp: 4
2025-06-23 20:13:16,048 - SUAS - DEBUG - [SUAS_main.turn_lap:637] - wp_num:6
2025-06-23 20:13:16,099 - SUAS - DEBUG - [SUAS_main.turn_lap:636] - next wp: 4
2025-06-23 20:13:16,100 - SUAS - DEBUG - [SUAS_main.turn_lap:637] - wp_num:6
2025-06-23 20:13:16,151 - SUAS - DEBUG - [SUAS_main.turn_lap:636] - next wp: 4
2025-06-23 20:13:16,151 - SUAS - DEBUG - [SUAS_main.turn_lap:637] - wp_num:6
2025-06-23 20:13:16,202 - SUAS - DEBUG - [SUAS_main.turn_lap:636] - next wp: 4
2025-06-23 20:13:16,203 - SUAS - DEBUG - [SUAS_main.turn_lap:637] - wp_num:6
2025-06-23 20:13:16,254 - SUAS - DEBUG - [SUAS_main.turn_lap:636] - next wp: 4
2025-06-23 20:13:16,255 - SUAS - DEBUG - [SUAS_main.turn_lap:637] - wp_num:6
2025-06-23 20:13:16,306 - SUAS - DEBUG - [SUAS_main.turn_lap:636] - next wp: 4
2025-06-23 20:13:16,307 - SUAS - DEBUG - [SUAS_main.turn_lap:637] - wp_num:6
2025-06-23 20:13:16,358 - SUAS - DEBUG - [SUAS_main.turn_lap:636] - next wp: 4
2025-06-23 20:13:16,359 - SUAS - DEBUG - [SUAS_main.turn_lap:637] - wp_num:6
2025-06-23 20:13:16,410 - SUAS - DEBUG - [SUAS_main.turn_lap:636] - next wp: 4
2025-06-23 20:13:16,411 - SUAS - DEBUG - [SUAS_main.turn_lap:637] - wp_num:6
2025-06-23 20:13:16,461 - SUAS - DEBUG - [SUAS_main.turn_lap:636] - next wp: 4
2025-06-23 20:13:16,462 - SUAS - DEBUG - [SUAS_main.turn_lap:637] - wp_num:6
2025-06-23 20:13:16,513 - SUAS - DEBUG - [SUAS_main.turn_lap:636] - next wp: 4
2025-06-23 20:13:16,514 - SUAS - DEBUG - [SUAS_main.turn_lap:637] - wp_num:6
2025-06-23 20:13:16,565 - SUAS - DEBUG - [SUAS_main.turn_lap:636] - next wp: 4
2025-06-23 20:13:16,566 - SUAS - DEBUG - [SUAS_main.turn_lap:637] - wp_num:6
2025-06-23 20:13:16,618 - SUAS - DEBUG - [SUAS_main.turn_lap:636] - next wp: 4
2025-06-23 20:13:16,618 - SUAS - DEBUG - [SUAS_main.turn_lap:637] - wp_num:6
2025-06-23 20:13:16,669 - SUAS - DEBUG - [SUAS_main.turn_lap:636] - next wp: 4
2025-06-23 20:13:16,670 - SUAS - DEBUG - [SUAS_main.turn_lap:637] - wp_num:6
2025-06-23 20:13:16,721 - SUAS - DEBUG - [SUAS_main.turn_lap:636] - next wp: 4
2025-06-23 20:13:16,722 - SUAS - DEBUG - [SUAS_main.turn_lap:637] - wp_num:6
2025-06-23 20:13:16,773 - SUAS - DEBUG - [SUAS_main.turn_lap:636] - next wp: 4
2025-06-23 20:13:16,773 - SUAS - DEBUG - [SUAS_main.turn_lap:637] - wp_num:6
2025-06-23 20:13:16,824 - SUAS - DEBUG - [SUAS_main.turn_lap:636] - next wp: 4
2025-06-23 20:13:16,825 - SUAS - DEBUG - [SUAS_main.turn_lap:637] - wp_num:6
2025-06-23 20:13:16,876 - SUAS - DEBUG - [SUAS_main.turn_lap:636] - next wp: 4
2025-06-23 20:13:16,877 - SUAS - DEBUG - [SUAS_main.turn_lap:637] - wp_num:6
2025-06-23 20:13:16,928 - SUAS - DEBUG - [SUAS_main.turn_lap:636] - next wp: 4
2025-06-23 20:13:16,929 - SUAS - DEBUG - [SUAS_main.turn_lap:637] - wp_num:6
2025-06-23 20:13:16,980 - SUAS - DEBUG - [SUAS_main.turn_lap:636] - next wp: 4
2025-06-23 20:13:16,980 - SUAS - DEBUG - [SUAS_main.turn_lap:637] - wp_num:6
2025-06-23 20:13:17,031 - SUAS - DEBUG - [SUAS_main.turn_lap:636] - next wp: 4
2025-06-23 20:13:17,032 - SUAS - DEBUG - [SUAS_main.turn_lap:637] - wp_num:6
2025-06-23 20:13:17,083 - SUAS - DEBUG - [SUAS_main.turn_lap:636] - next wp: 4
2025-06-23 20:13:17,084 - SUAS - DEBUG - [SUAS_main.turn_lap:637] - wp_num:6
2025-06-23 20:13:17,135 - SUAS - DEBUG - [SUAS_main.turn_lap:636] - next wp: 4
2025-06-23 20:13:17,136 - SUAS - DEBUG - [SUAS_main.turn_lap:637] - wp_num:6
2025-06-23 20:13:17,187 - SUAS - DEBUG - [SUAS_main.turn_lap:636] - next wp: 4
2025-06-23 20:13:17,188 - SUAS - DEBUG - [SUAS_main.turn_lap:637] - wp_num:6
2025-06-23 20:13:17,239 - SUAS - DEBUG - [SUAS_main.turn_lap:636] - next wp: 4
2025-06-23 20:13:17,240 - SUAS - DEBUG - [SUAS_main.turn_lap:637] - wp_num:6
2025-06-23 20:13:17,291 - SUAS - DEBUG - [SUAS_main.turn_lap:636] - next wp: 4
2025-06-23 20:13:17,292 - SUAS - DEBUG - [SUAS_main.turn_lap:637] - wp_num:6
2025-06-23 20:13:17,343 - SUAS - DEBUG - [SUAS_main.turn_lap:636] - next wp: 4
2025-06-23 20:13:17,343 - SUAS - DEBUG - [SUAS_main.turn_lap:637] - wp_num:6
2025-06-23 20:13:17,395 - SUAS - DEBUG - [SUAS_main.turn_lap:636] - next wp: 4
2025-06-23 20:13:17,395 - SUAS - DEBUG - [SUAS_main.turn_lap:637] - wp_num:6
2025-06-23 20:13:17,447 - SUAS - DEBUG - [SUAS_main.turn_lap:636] - next wp: 4
2025-06-23 20:13:17,448 - SUAS - DEBUG - [SUAS_main.turn_lap:637] - wp_num:6
2025-06-23 20:13:17,499 - SUAS - DEBUG - [SUAS_main.turn_lap:636] - next wp: 4
2025-06-23 20:13:17,500 - SUAS - DEBUG - [SUAS_main.turn_lap:637] - wp_num:6
2025-06-23 20:13:17,550 - SUAS - DEBUG - [SUAS_main.turn_lap:636] - next wp: 4
2025-06-23 20:13:17,551 - SUAS - DEBUG - [SUAS_main.turn_lap:637] - wp_num:6
2025-06-23 20:13:17,602 - SUAS - DEBUG - [SUAS_main.turn_lap:636] - next wp: 4
2025-06-23 20:13:17,603 - SUAS - DEBUG - [SUAS_main.turn_lap:637] - wp_num:6
2025-06-23 20:13:17,654 - SUAS - DEBUG - [SUAS_main.turn_lap:636] - next wp: 4
2025-06-23 20:13:17,655 - SUAS - DEBUG - [SUAS_main.turn_lap:637] - wp_num:6
2025-06-23 20:13:17,706 - SUAS - DEBUG - [SUAS_main.turn_lap:636] - next wp: 4
2025-06-23 20:13:17,707 - SUAS - DEBUG - [SUAS_main.turn_lap:637] - wp_num:6
2025-06-23 20:13:17,758 - SUAS - DEBUG - [SUAS_main.turn_lap:636] - next wp: 4
2025-06-23 20:13:17,759 - SUAS - DEBUG - [SUAS_main.turn_lap:637] - wp_num:6
2025-06-23 20:13:17,810 - SUAS - DEBUG - [SUAS_main.turn_lap:636] - next wp: 4
2025-06-23 20:13:17,811 - SUAS - DEBUG - [SUAS_main.turn_lap:637] - wp_num:6
2025-06-23 20:13:17,861 - SUAS - DEBUG - [SUAS_main.turn_lap:636] - next wp: 4
2025-06-23 20:13:17,862 - SUAS - DEBUG - [SUAS_main.turn_lap:637] - wp_num:6
2025-06-23 20:13:17,916 - SUAS - DEBUG - [SUAS_main.turn_lap:636] - next wp: 4
2025-06-23 20:13:17,917 - SUAS - DEBUG - [SUAS_main.turn_lap:637] - wp_num:6
2025-06-23 20:13:17,968 - SUAS - DEBUG - [SUAS_main.turn_lap:636] - next wp: 4
2025-06-23 20:13:17,969 - SUAS - DEBUG - [SUAS_main.turn_lap:637] - wp_num:6
2025-06-23 20:13:18,020 - SUAS - DEBUG - [SUAS_main.turn_lap:636] - next wp: 4
2025-06-23 20:13:18,021 - SUAS - DEBUG - [SUAS_main.turn_lap:637] - wp_num:6
2025-06-23 20:13:18,072 - SUAS - DEBUG - [SUAS_main.turn_lap:636] - next wp: 4
2025-06-23 20:13:18,072 - SUAS - DEBUG - [SUAS_main.turn_lap:637] - wp_num:6
2025-06-23 20:13:18,123 - SUAS - DEBUG - [SUAS_main.turn_lap:636] - next wp: 4
2025-06-23 20:13:18,124 - SUAS - DEBUG - [SUAS_main.turn_lap:637] - wp_num:6
2025-06-23 20:13:18,175 - SUAS - DEBUG - [SUAS_main.turn_lap:636] - next wp: 4
2025-06-23 20:13:18,176 - SUAS - DEBUG - [SUAS_main.turn_lap:637] - wp_num:6
2025-06-23 20:13:18,227 - SUAS - DEBUG - [SUAS_main.turn_lap:636] - next wp: 4
2025-06-23 20:13:18,228 - SUAS - DEBUG - [SUAS_main.turn_lap:637] - wp_num:6
2025-06-23 20:13:18,279 - SUAS - DEBUG - [SUAS_main.turn_lap:636] - next wp: 4
2025-06-23 20:13:18,279 - SUAS - DEBUG - [SUAS_main.turn_lap:637] - wp_num:6
2025-06-23 20:13:18,330 - SUAS - DEBUG - [SUAS_main.turn_lap:636] - next wp: 4
2025-06-23 20:13:18,331 - SUAS - DEBUG - [SUAS_main.turn_lap:637] - wp_num:6
2025-06-23 20:13:18,382 - SUAS - DEBUG - [SUAS_main.turn_lap:636] - next wp: 4
2025-06-23 20:13:18,383 - SUAS - DEBUG - [SUAS_main.turn_lap:637] - wp_num:6
2025-06-23 20:13:18,434 - SUAS - DEBUG - [SUAS_main.turn_lap:636] - next wp: 4
2025-06-23 20:13:18,435 - SUAS - DEBUG - [SUAS_main.turn_lap:637] - wp_num:6
2025-06-23 20:13:18,485 - SUAS - DEBUG - [SUAS_main.turn_lap:636] - next wp: 4
2025-06-23 20:13:18,487 - SUAS - DEBUG - [SUAS_main.turn_lap:637] - wp_num:6
2025-06-23 20:13:18,538 - SUAS - DEBUG - [SUAS_main.turn_lap:636] - next wp: 4
2025-06-23 20:13:18,539 - SUAS - DEBUG - [SUAS_main.turn_lap:637] - wp_num:6
2025-06-23 20:13:18,589 - SUAS - DEBUG - [SUAS_main.turn_lap:636] - next wp: 4
2025-06-23 20:13:18,590 - SUAS - DEBUG - [SUAS_main.turn_lap:637] - wp_num:6
2025-06-23 20:13:18,641 - SUAS - DEBUG - [SUAS_main.turn_lap:636] - next wp: 4
2025-06-23 20:13:18,642 - SUAS - DEBUG - [SUAS_main.turn_lap:637] - wp_num:6
2025-06-23 20:13:18,693 - SUAS - DEBUG - [SUAS_main.turn_lap:636] - next wp: 4
2025-06-23 20:13:18,693 - SUAS - DEBUG - [SUAS_main.turn_lap:637] - wp_num:6
2025-06-23 20:13:18,744 - SUAS - DEBUG - [SUAS_main.turn_lap:636] - next wp: 4
2025-06-23 20:13:18,745 - SUAS - DEBUG - [SUAS_main.turn_lap:637] - wp_num:6
2025-06-23 20:13:18,797 - SUAS - DEBUG - [SUAS_main.turn_lap:636] - next wp: 4
2025-06-23 20:13:18,797 - SUAS - DEBUG - [SUAS_main.turn_lap:637] - wp_num:6
2025-06-23 20:13:18,848 - SUAS - DEBUG - [SUAS_main.turn_lap:636] - next wp: 4
2025-06-23 20:13:18,849 - SUAS - DEBUG - [SUAS_main.turn_lap:637] - wp_num:6
2025-06-23 20:13:18,900 - SUAS - DEBUG - [SUAS_main.turn_lap:636] - next wp: 4
2025-06-23 20:13:18,901 - SUAS - DEBUG - [SUAS_main.turn_lap:637] - wp_num:6
2025-06-23 20:13:18,952 - SUAS - DEBUG - [SUAS_main.turn_lap:636] - next wp: 4
2025-06-23 20:13:18,952 - SUAS - DEBUG - [SUAS_main.turn_lap:637] - wp_num:6
2025-06-23 20:13:19,003 - SUAS - DEBUG - [SUAS_main.turn_lap:636] - next wp: 4
2025-06-23 20:13:19,004 - SUAS - DEBUG - [SUAS_main.turn_lap:637] - wp_num:6
2025-06-23 20:13:19,055 - SUAS - DEBUG - [SUAS_main.turn_lap:636] - next wp: 4
2025-06-23 20:13:19,056 - SUAS - DEBUG - [SUAS_main.turn_lap:637] - wp_num:6
2025-06-23 20:13:19,107 - SUAS - DEBUG - [SUAS_main.turn_lap:636] - next wp: 4
2025-06-23 20:13:19,108 - SUAS - DEBUG - [SUAS_main.turn_lap:637] - wp_num:6
2025-06-23 20:13:19,159 - SUAS - DEBUG - [SUAS_main.turn_lap:636] - next wp: 4
2025-06-23 20:13:19,160 - SUAS - DEBUG - [SUAS_main.turn_lap:637] - wp_num:6
2025-06-23 20:13:19,210 - SUAS - DEBUG - [SUAS_main.turn_lap:636] - next wp: 4
2025-06-23 20:13:19,211 - SUAS - DEBUG - [SUAS_main.turn_lap:637] - wp_num:6
2025-06-23 20:13:19,262 - SUAS - DEBUG - [SUAS_main.turn_lap:636] - next wp: 4
2025-06-23 20:13:19,263 - SUAS - DEBUG - [SUAS_main.turn_lap:637] - wp_num:6
2025-06-23 20:13:19,314 - SUAS - DEBUG - [SUAS_main.turn_lap:636] - next wp: 4
2025-06-23 20:13:19,315 - SUAS - DEBUG - [SUAS_main.turn_lap:637] - wp_num:6
2025-06-23 20:13:19,366 - SUAS - DEBUG - [SUAS_main.turn_lap:636] - next wp: 4
2025-06-23 20:13:19,367 - SUAS - DEBUG - [SUAS_main.turn_lap:637] - wp_num:6
2025-06-23 20:13:19,418 - SUAS - DEBUG - [SUAS_main.turn_lap:636] - next wp: 4
2025-06-23 20:13:19,419 - SUAS - DEBUG - [SUAS_main.turn_lap:637] - wp_num:6
2025-06-23 20:13:19,470 - SUAS - DEBUG - [SUAS_main.turn_lap:636] - next wp: 4
2025-06-23 20:13:19,471 - SUAS - DEBUG - [SUAS_main.turn_lap:637] - wp_num:6
2025-06-23 20:13:19,521 - SUAS - DEBUG - [SUAS_main.turn_lap:636] - next wp: 4
2025-06-23 20:13:19,522 - SUAS - DEBUG - [SUAS_main.turn_lap:637] - wp_num:6
2025-06-23 20:13:19,573 - SUAS - DEBUG - [SUAS_main.turn_lap:636] - next wp: 4
2025-06-23 20:13:19,574 - SUAS - DEBUG - [SUAS_main.turn_lap:637] - wp_num:6
2025-06-23 20:13:19,625 - SUAS - DEBUG - [SUAS_main.turn_lap:636] - next wp: 4
2025-06-23 20:13:19,626 - SUAS - DEBUG - [SUAS_main.turn_lap:637] - wp_num:6
2025-06-23 20:13:19,677 - SUAS - DEBUG - [SUAS_main.turn_lap:636] - next wp: 4
2025-06-23 20:13:19,678 - SUAS - DEBUG - [SUAS_main.turn_lap:637] - wp_num:6
2025-06-23 20:13:19,729 - SUAS - DEBUG - [SUAS_main.turn_lap:636] - next wp: 4
2025-06-23 20:13:19,729 - SUAS - DEBUG - [SUAS_main.turn_lap:637] - wp_num:6
2025-06-23 20:13:19,780 - SUAS - DEBUG - [SUAS_main.turn_lap:636] - next wp: 4
2025-06-23 20:13:19,781 - SUAS - DEBUG - [SUAS_main.turn_lap:637] - wp_num:6
2025-06-23 20:13:19,832 - SUAS - DEBUG - [SUAS_main.turn_lap:636] - next wp: 4
2025-06-23 20:13:19,833 - SUAS - DEBUG - [SUAS_main.turn_lap:637] - wp_num:6
2025-06-23 20:13:19,884 - SUAS - DEBUG - [SUAS_main.turn_lap:636] - next wp: 4
2025-06-23 20:13:19,885 - SUAS - DEBUG - [SUAS_main.turn_lap:637] - wp_num:6
2025-06-23 20:13:19,936 - SUAS - DEBUG - [SUAS_main.turn_lap:636] - next wp: 4
2025-06-23 20:13:19,937 - SUAS - DEBUG - [SUAS_main.turn_lap:637] - wp_num:6
2025-06-23 20:13:19,988 - SUAS - DEBUG - [SUAS_main.turn_lap:636] - next wp: 4
2025-06-23 20:13:19,989 - SUAS - DEBUG - [SUAS_main.turn_lap:637] - wp_num:6
2025-06-23 20:13:20,040 - SUAS - DEBUG - [SUAS_main.turn_lap:636] - next wp: 4
2025-06-23 20:13:20,041 - SUAS - DEBUG - [SUAS_main.turn_lap:637] - wp_num:6
2025-06-23 20:13:20,092 - SUAS - DEBUG - [SUAS_main.turn_lap:636] - next wp: 4
2025-06-23 20:13:20,093 - SUAS - DEBUG - [SUAS_main.turn_lap:637] - wp_num:6
2025-06-23 20:13:20,144 - SUAS - DEBUG - [SUAS_main.turn_lap:636] - next wp: 4
2025-06-23 20:13:20,145 - SUAS - DEBUG - [SUAS_main.turn_lap:637] - wp_num:6
2025-06-23 20:13:20,195 - SUAS - DEBUG - [SUAS_main.turn_lap:636] - next wp: 4
2025-06-23 20:13:20,196 - SUAS - DEBUG - [SUAS_main.turn_lap:637] - wp_num:6
2025-06-23 20:13:20,247 - SUAS - DEBUG - [SUAS_main.turn_lap:636] - next wp: 4
2025-06-23 20:13:20,248 - SUAS - DEBUG - [SUAS_main.turn_lap:637] - wp_num:6
2025-06-23 20:13:20,299 - SUAS - DEBUG - [SUAS_main.turn_lap:636] - next wp: 4
2025-06-23 20:13:20,300 - SUAS - DEBUG - [SUAS_main.turn_lap:637] - wp_num:6
2025-06-23 20:13:20,351 - SUAS - DEBUG - [SUAS_main.turn_lap:636] - next wp: 4
2025-06-23 20:13:20,351 - SUAS - DEBUG - [SUAS_main.turn_lap:637] - wp_num:6
2025-06-23 20:13:20,402 - SUAS - DEBUG - [SUAS_main.turn_lap:636] - next wp: 4
2025-06-23 20:13:20,403 - SUAS - DEBUG - [SUAS_main.turn_lap:637] - wp_num:6
2025-06-23 20:13:20,454 - SUAS - DEBUG - [SUAS_main.turn_lap:636] - next wp: 4
2025-06-23 20:13:20,455 - SUAS - DEBUG - [SUAS_main.turn_lap:637] - wp_num:6
2025-06-23 20:13:20,506 - SUAS - DEBUG - [SUAS_main.turn_lap:636] - next wp: 4
2025-06-23 20:13:20,507 - SUAS - DEBUG - [SUAS_main.turn_lap:637] - wp_num:6
2025-06-23 20:13:20,558 - SUAS - DEBUG - [SUAS_main.turn_lap:636] - next wp: 4
2025-06-23 20:13:20,559 - SUAS - DEBUG - [SUAS_main.turn_lap:637] - wp_num:6
2025-06-23 20:13:20,610 - SUAS - DEBUG - [SUAS_main.turn_lap:636] - next wp: 4
2025-06-23 20:13:20,611 - SUAS - DEBUG - [SUAS_main.turn_lap:637] - wp_num:6
2025-06-23 20:13:20,661 - SUAS - DEBUG - [SUAS_main.turn_lap:636] - next wp: 4
2025-06-23 20:13:20,662 - SUAS - DEBUG - [SUAS_main.turn_lap:637] - wp_num:6
2025-06-23 20:13:20,713 - SUAS - DEBUG - [SUAS_main.turn_lap:636] - next wp: 4
2025-06-23 20:13:20,714 - SUAS - DEBUG - [SUAS_main.turn_lap:637] - wp_num:6
2025-06-23 20:13:20,765 - SUAS - DEBUG - [SUAS_main.turn_lap:636] - next wp: 4
2025-06-23 20:13:20,766 - SUAS - DEBUG - [SUAS_main.turn_lap:637] - wp_num:6
2025-06-23 20:13:20,817 - SUAS - DEBUG - [SUAS_main.turn_lap:636] - next wp: 4
2025-06-23 20:13:20,818 - SUAS - DEBUG - [SUAS_main.turn_lap:637] - wp_num:6
2025-06-23 20:13:20,868 - SUAS - DEBUG - [SUAS_main.turn_lap:636] - next wp: 4
2025-06-23 20:13:20,870 - SUAS - DEBUG - [SUAS_main.turn_lap:637] - wp_num:6
2025-06-23 20:13:20,920 - SUAS - DEBUG - [SUAS_main.turn_lap:636] - next wp: 4
2025-06-23 20:13:20,921 - SUAS - DEBUG - [SUAS_main.turn_lap:637] - wp_num:6
2025-06-23 20:13:20,972 - SUAS - DEBUG - [SUAS_main.turn_lap:636] - next wp: 4
2025-06-23 20:13:20,973 - SUAS - DEBUG - [SUAS_main.turn_lap:637] - wp_num:6
2025-06-23 20:13:21,024 - SUAS - DEBUG - [SUAS_main.turn_lap:636] - next wp: 4
2025-06-23 20:13:21,025 - SUAS - DEBUG - [SUAS_main.turn_lap:637] - wp_num:6
2025-06-23 20:13:21,076 - SUAS - DEBUG - [SUAS_main.turn_lap:636] - next wp: 4
2025-06-23 20:13:21,077 - SUAS - DEBUG - [SUAS_main.turn_lap:637] - wp_num:6
2025-06-23 20:13:21,128 - SUAS - DEBUG - [SUAS_main.turn_lap:636] - next wp: 4
2025-06-23 20:13:21,129 - SUAS - DEBUG - [SUAS_main.turn_lap:637] - wp_num:6
2025-06-23 20:13:21,180 - SUAS - DEBUG - [SUAS_main.turn_lap:636] - next wp: 4
2025-06-23 20:13:21,181 - SUAS - DEBUG - [SUAS_main.turn_lap:637] - wp_num:6
2025-06-23 20:13:21,232 - SUAS - DEBUG - [SUAS_main.turn_lap:636] - next wp: 4
2025-06-23 20:13:21,232 - SUAS - DEBUG - [SUAS_main.turn_lap:637] - wp_num:6
2025-06-23 20:13:21,283 - SUAS - DEBUG - [SUAS_main.turn_lap:636] - next wp: 4
2025-06-23 20:13:21,284 - SUAS - DEBUG - [SUAS_main.turn_lap:637] - wp_num:6
2025-06-23 20:13:21,335 - SUAS - DEBUG - [SUAS_main.turn_lap:636] - next wp: 4
2025-06-23 20:13:21,336 - SUAS - DEBUG - [SUAS_main.turn_lap:637] - wp_num:6
2025-06-23 20:13:21,387 - SUAS - DEBUG - [SUAS_main.turn_lap:636] - next wp: 4
2025-06-23 20:13:21,388 - SUAS - DEBUG - [SUAS_main.turn_lap:637] - wp_num:6
2025-06-23 20:13:21,439 - SUAS - DEBUG - [SUAS_main.turn_lap:636] - next wp: 4
2025-06-23 20:13:21,440 - SUAS - DEBUG - [SUAS_main.turn_lap:637] - wp_num:6
2025-06-23 20:13:21,491 - SUAS - DEBUG - [SUAS_main.turn_lap:636] - next wp: 4
2025-06-23 20:13:21,492 - SUAS - DEBUG - [SUAS_main.turn_lap:637] - wp_num:6
2025-06-23 20:13:21,543 - SUAS - DEBUG - [SUAS_main.turn_lap:636] - next wp: 4
2025-06-23 20:13:21,544 - SUAS - DEBUG - [SUAS_main.turn_lap:637] - wp_num:6
2025-06-23 20:13:21,596 - SUAS - DEBUG - [SUAS_main.turn_lap:636] - next wp: 4
2025-06-23 20:13:21,596 - SUAS - DEBUG - [SUAS_main.turn_lap:637] - wp_num:6
2025-06-23 20:13:21,647 - SUAS - DEBUG - [SUAS_main.turn_lap:636] - next wp: 4
2025-06-23 20:13:21,648 - SUAS - DEBUG - [SUAS_main.turn_lap:637] - wp_num:6
2025-06-23 20:13:21,699 - SUAS - DEBUG - [SUAS_main.turn_lap:636] - next wp: 4
2025-06-23 20:13:21,700 - SUAS - DEBUG - [SUAS_main.turn_lap:637] - wp_num:6
2025-06-23 20:13:21,751 - SUAS - DEBUG - [SUAS_main.turn_lap:636] - next wp: 4
2025-06-23 20:13:21,751 - SUAS - DEBUG - [SUAS_main.turn_lap:637] - wp_num:6
2025-06-23 20:13:21,802 - SUAS - DEBUG - [SUAS_main.turn_lap:636] - next wp: 4
2025-06-23 20:13:21,803 - SUAS - DEBUG - [SUAS_main.turn_lap:637] - wp_num:6
2025-06-23 20:13:21,854 - SUAS - DEBUG - [SUAS_main.turn_lap:636] - next wp: 4
2025-06-23 20:13:21,855 - SUAS - DEBUG - [SUAS_main.turn_lap:637] - wp_num:6
2025-06-23 20:13:21,906 - SUAS - DEBUG - [SUAS_main.turn_lap:636] - next wp: 5
2025-06-23 20:13:21,907 - SUAS - DEBUG - [SUAS_main.turn_lap:637] - wp_num:6
2025-06-23 20:13:21,958 - SUAS - DEBUG - [SUAS_main.turn_lap:636] - next wp: 5
2025-06-23 20:13:21,959 - SUAS - DEBUG - [SUAS_main.turn_lap:637] - wp_num:6
2025-06-23 20:13:22,009 - SUAS - DEBUG - [SUAS_main.turn_lap:636] - next wp: 5
2025-06-23 20:13:22,010 - SUAS - DEBUG - [SUAS_main.turn_lap:637] - wp_num:6
2025-06-23 20:13:22,061 - SUAS - DEBUG - [SUAS_main.turn_lap:636] - next wp: 5
2025-06-23 20:13:22,062 - SUAS - DEBUG - [SUAS_main.turn_lap:637] - wp_num:6
2025-06-23 20:13:22,113 - SUAS - DEBUG - [SUAS_main.turn_lap:636] - next wp: 5
2025-06-23 20:13:22,114 - SUAS - DEBUG - [SUAS_main.turn_lap:637] - wp_num:6
2025-06-23 20:13:22,165 - SUAS - DEBUG - [SUAS_main.turn_lap:636] - next wp: 5
2025-06-23 20:13:22,166 - SUAS - DEBUG - [SUAS_main.turn_lap:637] - wp_num:6
2025-06-23 20:13:22,217 - SUAS - DEBUG - [SUAS_main.turn_lap:636] - next wp: 5
2025-06-23 20:13:22,218 - SUAS - DEBUG - [SUAS_main.turn_lap:637] - wp_num:6
2025-06-23 20:13:22,269 - SUAS - DEBUG - [SUAS_main.turn_lap:636] - next wp: 5
2025-06-23 20:13:22,270 - SUAS - DEBUG - [SUAS_main.turn_lap:637] - wp_num:6
2025-06-23 20:13:22,320 - SUAS - DEBUG - [SUAS_main.turn_lap:636] - next wp: 5
2025-06-23 20:13:22,321 - SUAS - DEBUG - [SUAS_main.turn_lap:637] - wp_num:6
2025-06-23 20:13:22,372 - SUAS - DEBUG - [SUAS_main.turn_lap:636] - next wp: 5
2025-06-23 20:13:22,373 - SUAS - DEBUG - [SUAS_main.turn_lap:637] - wp_num:6
2025-06-23 20:13:22,424 - SUAS - DEBUG - [SUAS_main.turn_lap:636] - next wp: 5
2025-06-23 20:13:22,425 - SUAS - DEBUG - [SUAS_main.turn_lap:637] - wp_num:6
2025-06-23 20:13:22,476 - SUAS - DEBUG - [SUAS_main.turn_lap:636] - next wp: 5
2025-06-23 20:13:22,477 - SUAS - DEBUG - [SUAS_main.turn_lap:637] - wp_num:6
2025-06-23 20:13:22,527 - SUAS - DEBUG - [SUAS_main.turn_lap:636] - next wp: 5
2025-06-23 20:13:22,528 - SUAS - DEBUG - [SUAS_main.turn_lap:637] - wp_num:6
2025-06-23 20:13:22,579 - SUAS - DEBUG - [SUAS_main.turn_lap:636] - next wp: 5
2025-06-23 20:13:22,580 - SUAS - DEBUG - [SUAS_main.turn_lap:637] - wp_num:6
2025-06-23 20:13:22,631 - SUAS - DEBUG - [SUAS_main.turn_lap:636] - next wp: 5
2025-06-23 20:13:22,632 - SUAS - DEBUG - [SUAS_main.turn_lap:637] - wp_num:6
2025-06-23 20:13:22,683 - SUAS - DEBUG - [SUAS_main.turn_lap:636] - next wp: 5
2025-06-23 20:13:22,684 - SUAS - DEBUG - [SUAS_main.turn_lap:637] - wp_num:6
2025-06-23 20:13:22,735 - SUAS - DEBUG - [SUAS_main.turn_lap:636] - next wp: 5
2025-06-23 20:13:22,736 - SUAS - DEBUG - [SUAS_main.turn_lap:637] - wp_num:6
2025-06-23 20:13:22,787 - SUAS - DEBUG - [SUAS_main.turn_lap:636] - next wp: 5
2025-06-23 20:13:22,788 - SUAS - DEBUG - [SUAS_main.turn_lap:637] - wp_num:6
2025-06-23 20:13:22,839 - SUAS - DEBUG - [SUAS_main.turn_lap:636] - next wp: 5
2025-06-23 20:13:22,840 - SUAS - DEBUG - [SUAS_main.turn_lap:637] - wp_num:6
2025-06-23 20:13:22,891 - SUAS - DEBUG - [SUAS_main.turn_lap:636] - next wp: 5
2025-06-23 20:13:22,892 - SUAS - DEBUG - [SUAS_main.turn_lap:637] - wp_num:6
2025-06-23 20:13:22,943 - SUAS - DEBUG - [SUAS_main.turn_lap:636] - next wp: 5
2025-06-23 20:13:22,944 - SUAS - DEBUG - [SUAS_main.turn_lap:637] - wp_num:6
2025-06-23 20:13:22,995 - SUAS - DEBUG - [SUAS_main.turn_lap:636] - next wp: 5
2025-06-23 20:13:22,996 - SUAS - DEBUG - [SUAS_main.turn_lap:637] - wp_num:6
2025-06-23 20:13:23,046 - SUAS - DEBUG - [SUAS_main.turn_lap:636] - next wp: 5
2025-06-23 20:13:23,047 - SUAS - DEBUG - [SUAS_main.turn_lap:637] - wp_num:6
2025-06-23 20:13:23,098 - SUAS - DEBUG - [SUAS_main.turn_lap:636] - next wp: 5
2025-06-23 20:13:23,099 - SUAS - DEBUG - [SUAS_main.turn_lap:637] - wp_num:6
2025-06-23 20:13:23,150 - SUAS - DEBUG - [SUAS_main.turn_lap:636] - next wp: 5
2025-06-23 20:13:23,151 - SUAS - DEBUG - [SUAS_main.turn_lap:637] - wp_num:6
2025-06-23 20:13:23,202 - SUAS - DEBUG - [SUAS_main.turn_lap:636] - next wp: 5
2025-06-23 20:13:23,203 - SUAS - DEBUG - [SUAS_main.turn_lap:637] - wp_num:6
2025-06-23 20:13:23,254 - SUAS - DEBUG - [SUAS_main.turn_lap:636] - next wp: 5
2025-06-23 20:13:23,255 - SUAS - DEBUG - [SUAS_main.turn_lap:637] - wp_num:6
2025-06-23 20:13:23,306 - SUAS - DEBUG - [SUAS_main.turn_lap:636] - next wp: 5
2025-06-23 20:13:23,307 - SUAS - DEBUG - [SUAS_main.turn_lap:637] - wp_num:6
2025-06-23 20:13:23,358 - SUAS - DEBUG - [SUAS_main.turn_lap:636] - next wp: 5
2025-06-23 20:13:23,359 - SUAS - DEBUG - [SUAS_main.turn_lap:637] - wp_num:6
2025-06-23 20:13:23,409 - SUAS - DEBUG - [SUAS_main.turn_lap:636] - next wp: 5
2025-06-23 20:13:23,410 - SUAS - DEBUG - [SUAS_main.turn_lap:637] - wp_num:6
2025-06-23 20:13:23,461 - SUAS - DEBUG - [SUAS_main.turn_lap:636] - next wp: 5
2025-06-23 20:13:23,462 - SUAS - DEBUG - [SUAS_main.turn_lap:637] - wp_num:6
2025-06-23 20:13:23,513 - SUAS - DEBUG - [SUAS_main.turn_lap:636] - next wp: 5
2025-06-23 20:13:23,514 - SUAS - DEBUG - [SUAS_main.turn_lap:637] - wp_num:6
2025-06-23 20:13:23,565 - SUAS - DEBUG - [SUAS_main.turn_lap:636] - next wp: 5
2025-06-23 20:13:23,566 - SUAS - DEBUG - [SUAS_main.turn_lap:637] - wp_num:6
2025-06-23 20:13:23,617 - SUAS - DEBUG - [SUAS_main.turn_lap:636] - next wp: 5
2025-06-23 20:13:23,618 - SUAS - DEBUG - [SUAS_main.turn_lap:637] - wp_num:6
2025-06-23 20:13:23,669 - SUAS - DEBUG - [SUAS_main.turn_lap:636] - next wp: 5
2025-06-23 20:13:23,669 - SUAS - DEBUG - [SUAS_main.turn_lap:637] - wp_num:6
2025-06-23 20:13:23,720 - SUAS - DEBUG - [SUAS_main.turn_lap:636] - next wp: 5
2025-06-23 20:13:23,721 - SUAS - DEBUG - [SUAS_main.turn_lap:637] - wp_num:6
2025-06-23 20:13:23,772 - SUAS - DEBUG - [SUAS_main.turn_lap:636] - next wp: 5
2025-06-23 20:13:23,773 - SUAS - DEBUG - [SUAS_main.turn_lap:637] - wp_num:6
2025-06-23 20:13:23,824 - SUAS - DEBUG - [SUAS_main.turn_lap:636] - next wp: 5
2025-06-23 20:13:23,825 - SUAS - DEBUG - [SUAS_main.turn_lap:637] - wp_num:6
2025-06-23 20:13:23,876 - SUAS - DEBUG - [SUAS_main.turn_lap:636] - next wp: 5
2025-06-23 20:13:23,877 - SUAS - DEBUG - [SUAS_main.turn_lap:637] - wp_num:6
2025-06-23 20:13:23,927 - SUAS - DEBUG - [SUAS_main.turn_lap:636] - next wp: 5
2025-06-23 20:13:23,928 - SUAS - DEBUG - [SUAS_main.turn_lap:637] - wp_num:6
2025-06-23 20:13:23,979 - SUAS - DEBUG - [SUAS_main.turn_lap:636] - next wp: 5
2025-06-23 20:13:23,980 - SUAS - DEBUG - [SUAS_main.turn_lap:637] - wp_num:6
2025-06-23 20:13:24,031 - SUAS - DEBUG - [SUAS_main.turn_lap:636] - next wp: 5
2025-06-23 20:13:24,032 - SUAS - DEBUG - [SUAS_main.turn_lap:637] - wp_num:6
2025-06-23 20:13:24,083 - SUAS - DEBUG - [SUAS_main.turn_lap:636] - next wp: 5
2025-06-23 20:13:24,084 - SUAS - DEBUG - [SUAS_main.turn_lap:637] - wp_num:6
2025-06-23 20:13:24,135 - SUAS - DEBUG - [SUAS_main.turn_lap:636] - next wp: 5
2025-06-23 20:13:24,136 - SUAS - DEBUG - [SUAS_main.turn_lap:637] - wp_num:6
2025-06-23 20:13:24,187 - SUAS - DEBUG - [SUAS_main.turn_lap:636] - next wp: 5
2025-06-23 20:13:24,188 - SUAS - DEBUG - [SUAS_main.turn_lap:637] - wp_num:6
2025-06-23 20:13:24,239 - SUAS - DEBUG - [SUAS_main.turn_lap:636] - next wp: 5
2025-06-23 20:13:24,240 - SUAS - DEBUG - [SUAS_main.turn_lap:637] - wp_num:6
2025-06-23 20:13:24,291 - SUAS - DEBUG - [SUAS_main.turn_lap:636] - next wp: 5
2025-06-23 20:13:24,292 - SUAS - DEBUG - [SUAS_main.turn_lap:637] - wp_num:6
2025-06-23 20:13:24,342 - SUAS - DEBUG - [SUAS_main.turn_lap:636] - next wp: 5
2025-06-23 20:13:24,344 - SUAS - DEBUG - [SUAS_main.turn_lap:637] - wp_num:6
2025-06-23 20:13:24,395 - SUAS - DEBUG - [SUAS_main.turn_lap:636] - next wp: 5
2025-06-23 20:13:24,396 - SUAS - DEBUG - [SUAS_main.turn_lap:637] - wp_num:6
2025-06-23 20:13:24,447 - SUAS - DEBUG - [SUAS_main.turn_lap:636] - next wp: 5
2025-06-23 20:13:24,447 - SUAS - DEBUG - [SUAS_main.turn_lap:637] - wp_num:6
2025-06-23 20:13:24,498 - SUAS - DEBUG - [SUAS_main.turn_lap:636] - next wp: 5
2025-06-23 20:13:24,499 - SUAS - DEBUG - [SUAS_main.turn_lap:637] - wp_num:6
2025-06-23 20:13:24,550 - SUAS - DEBUG - [SUAS_main.turn_lap:636] - next wp: 5
2025-06-23 20:13:24,551 - SUAS - DEBUG - [SUAS_main.turn_lap:637] - wp_num:6
2025-06-23 20:13:24,602 - SUAS - DEBUG - [SUAS_main.turn_lap:636] - next wp: 5
2025-06-23 20:13:24,602 - SUAS - DEBUG - [SUAS_main.turn_lap:637] - wp_num:6
2025-06-23 20:13:24,653 - SUAS - DEBUG - [SUAS_main.turn_lap:636] - next wp: 5
2025-06-23 20:13:24,654 - SUAS - DEBUG - [SUAS_main.turn_lap:637] - wp_num:6
2025-06-23 20:13:24,705 - SUAS - DEBUG - [SUAS_main.turn_lap:636] - next wp: 5
2025-06-23 20:13:24,706 - SUAS - DEBUG - [SUAS_main.turn_lap:637] - wp_num:6
2025-06-23 20:13:24,757 - SUAS - DEBUG - [SUAS_main.turn_lap:636] - next wp: 5
2025-06-23 20:13:24,758 - SUAS - DEBUG - [SUAS_main.turn_lap:637] - wp_num:6
2025-06-23 20:13:24,809 - SUAS - DEBUG - [SUAS_main.turn_lap:636] - next wp: 5
2025-06-23 20:13:24,809 - SUAS - DEBUG - [SUAS_main.turn_lap:637] - wp_num:6
2025-06-23 20:13:24,860 - SUAS - DEBUG - [SUAS_main.turn_lap:636] - next wp: 5
2025-06-23 20:13:24,861 - SUAS - DEBUG - [SUAS_main.turn_lap:637] - wp_num:6
2025-06-23 20:13:24,912 - SUAS - DEBUG - [SUAS_main.turn_lap:636] - next wp: 5
2025-06-23 20:13:24,913 - SUAS - DEBUG - [SUAS_main.turn_lap:637] - wp_num:6
2025-06-23 20:13:24,964 - SUAS - DEBUG - [SUAS_main.turn_lap:636] - next wp: 5
2025-06-23 20:13:24,965 - SUAS - DEBUG - [SUAS_main.turn_lap:637] - wp_num:6
2025-06-23 20:13:25,016 - SUAS - DEBUG - [SUAS_main.turn_lap:636] - next wp: 5
2025-06-23 20:13:25,017 - SUAS - DEBUG - [SUAS_main.turn_lap:637] - wp_num:6
2025-06-23 20:13:25,068 - SUAS - DEBUG - [SUAS_main.turn_lap:636] - next wp: 5
2025-06-23 20:13:25,070 - SUAS - DEBUG - [SUAS_main.turn_lap:637] - wp_num:6
2025-06-23 20:13:25,121 - SUAS - DEBUG - [SUAS_main.turn_lap:636] - next wp: 5
2025-06-23 20:13:25,122 - SUAS - DEBUG - [SUAS_main.turn_lap:637] - wp_num:6
2025-06-23 20:13:25,173 - SUAS - DEBUG - [SUAS_main.turn_lap:636] - next wp: 5
2025-06-23 20:13:25,180 - SUAS - DEBUG - [SUAS_main.turn_lap:637] - wp_num:6
2025-06-23 20:13:25,231 - SUAS - DEBUG - [SUAS_main.turn_lap:636] - next wp: 5
2025-06-23 20:13:25,232 - SUAS - DEBUG - [SUAS_main.turn_lap:637] - wp_num:6
2025-06-23 20:13:25,283 - SUAS - DEBUG - [SUAS_main.turn_lap:636] - next wp: 5
2025-06-23 20:13:25,285 - SUAS - DEBUG - [SUAS_main.turn_lap:637] - wp_num:6
2025-06-23 20:13:25,336 - SUAS - DEBUG - [SUAS_main.turn_lap:636] - next wp: 5
2025-06-23 20:13:25,337 - SUAS - DEBUG - [SUAS_main.turn_lap:637] - wp_num:6
2025-06-23 20:13:25,388 - SUAS - DEBUG - [SUAS_main.turn_lap:636] - next wp: 5
2025-06-23 20:13:25,389 - SUAS - DEBUG - [SUAS_main.turn_lap:637] - wp_num:6
2025-06-23 20:13:25,441 - SUAS - DEBUG - [SUAS_main.turn_lap:636] - next wp: 5
2025-06-23 20:13:25,441 - SUAS - DEBUG - [SUAS_main.turn_lap:637] - wp_num:6
2025-06-23 20:13:25,492 - SUAS - DEBUG - [SUAS_main.turn_lap:636] - next wp: 5
2025-06-23 20:13:25,493 - SUAS - DEBUG - [SUAS_main.turn_lap:637] - wp_num:6
2025-06-23 20:13:25,544 - SUAS - DEBUG - [SUAS_main.turn_lap:636] - next wp: 5
2025-06-23 20:13:25,545 - SUAS - DEBUG - [SUAS_main.turn_lap:637] - wp_num:6
2025-06-23 20:13:25,596 - SUAS - DEBUG - [SUAS_main.turn_lap:636] - next wp: 5
2025-06-23 20:13:25,597 - SUAS - DEBUG - [SUAS_main.turn_lap:637] - wp_num:6
2025-06-23 20:13:25,648 - SUAS - DEBUG - [SUAS_main.turn_lap:636] - next wp: 5
2025-06-23 20:13:25,649 - SUAS - DEBUG - [SUAS_main.turn_lap:637] - wp_num:6
2025-06-23 20:13:25,700 - SUAS - DEBUG - [SUAS_main.turn_lap:636] - next wp: 5
2025-06-23 20:13:25,701 - SUAS - DEBUG - [SUAS_main.turn_lap:637] - wp_num:6
2025-06-23 20:13:25,752 - SUAS - DEBUG - [SUAS_main.turn_lap:636] - next wp: 5
2025-06-23 20:13:25,753 - SUAS - DEBUG - [SUAS_main.turn_lap:637] - wp_num:6
2025-06-23 20:13:25,804 - SUAS - DEBUG - [SUAS_main.turn_lap:636] - next wp: 5
2025-06-23 20:13:25,805 - SUAS - DEBUG - [SUAS_main.turn_lap:637] - wp_num:6
2025-06-23 20:13:25,856 - SUAS - DEBUG - [SUAS_main.turn_lap:636] - next wp: 5
2025-06-23 20:13:25,857 - SUAS - DEBUG - [SUAS_main.turn_lap:637] - wp_num:6
2025-06-23 20:13:25,908 - SUAS - DEBUG - [SUAS_main.turn_lap:636] - next wp: 5
2025-06-23 20:13:25,909 - SUAS - DEBUG - [SUAS_main.turn_lap:637] - wp_num:6
2025-06-23 20:13:25,960 - SUAS - DEBUG - [SUAS_main.turn_lap:636] - next wp: 5
2025-06-23 20:13:25,960 - SUAS - DEBUG - [SUAS_main.turn_lap:637] - wp_num:6
2025-06-23 20:13:26,011 - SUAS - DEBUG - [SUAS_main.turn_lap:636] - next wp: 5
2025-06-23 20:13:26,012 - SUAS - DEBUG - [SUAS_main.turn_lap:637] - wp_num:6
2025-06-23 20:13:26,063 - SUAS - DEBUG - [SUAS_main.turn_lap:636] - next wp: 5
2025-06-23 20:13:26,064 - SUAS - DEBUG - [SUAS_main.turn_lap:637] - wp_num:6
2025-06-23 20:13:26,115 - SUAS - DEBUG - [SUAS_main.turn_lap:636] - next wp: 5
2025-06-23 20:13:26,116 - SUAS - DEBUG - [SUAS_main.turn_lap:637] - wp_num:6
2025-06-23 20:13:26,167 - SUAS - DEBUG - [SUAS_main.turn_lap:636] - next wp: 5
2025-06-23 20:13:26,168 - SUAS - DEBUG - [SUAS_main.turn_lap:637] - wp_num:6
2025-06-23 20:13:26,219 - SUAS - DEBUG - [SUAS_main.turn_lap:636] - next wp: 5
2025-06-23 20:13:26,220 - SUAS - DEBUG - [SUAS_main.turn_lap:637] - wp_num:6
2025-06-23 20:13:26,271 - SUAS - DEBUG - [SUAS_main.turn_lap:636] - next wp: 5
2025-06-23 20:13:26,272 - SUAS - DEBUG - [SUAS_main.turn_lap:637] - wp_num:6
2025-06-23 20:13:26,323 - SUAS - DEBUG - [SUAS_main.turn_lap:636] - next wp: 5
2025-06-23 20:13:26,324 - SUAS - DEBUG - [SUAS_main.turn_lap:637] - wp_num:6
2025-06-23 20:13:26,375 - SUAS - DEBUG - [SUAS_main.turn_lap:636] - next wp: 5
2025-06-23 20:13:26,376 - SUAS - DEBUG - [SUAS_main.turn_lap:637] - wp_num:6
2025-06-23 20:13:26,427 - SUAS - DEBUG - [SUAS_main.turn_lap:636] - next wp: 5
2025-06-23 20:13:26,427 - SUAS - DEBUG - [SUAS_main.turn_lap:637] - wp_num:6
2025-06-23 20:13:26,478 - SUAS - DEBUG - [SUAS_main.turn_lap:636] - next wp: 5
2025-06-23 20:13:26,479 - SUAS - DEBUG - [SUAS_main.turn_lap:637] - wp_num:6
2025-06-23 20:13:26,530 - SUAS - DEBUG - [SUAS_main.turn_lap:636] - next wp: 5
2025-06-23 20:13:26,531 - SUAS - DEBUG - [SUAS_main.turn_lap:637] - wp_num:6
2025-06-23 20:13:26,582 - SUAS - DEBUG - [SUAS_main.turn_lap:636] - next wp: 5
2025-06-23 20:13:26,582 - SUAS - DEBUG - [SUAS_main.turn_lap:637] - wp_num:6
2025-06-23 20:13:26,633 - SUAS - DEBUG - [SUAS_main.turn_lap:636] - next wp: 5
2025-06-23 20:13:26,634 - SUAS - DEBUG - [SUAS_main.turn_lap:637] - wp_num:6
2025-06-23 20:13:26,685 - SUAS - DEBUG - [SUAS_main.turn_lap:636] - next wp: 5
2025-06-23 20:13:26,686 - SUAS - DEBUG - [SUAS_main.turn_lap:637] - wp_num:6
2025-06-23 20:13:26,737 - SUAS - DEBUG - [SUAS_main.turn_lap:636] - next wp: 5
2025-06-23 20:13:26,738 - SUAS - DEBUG - [SUAS_main.turn_lap:637] - wp_num:6
2025-06-23 20:13:26,789 - SUAS - DEBUG - [SUAS_main.turn_lap:636] - next wp: 5
2025-06-23 20:13:26,790 - SUAS - DEBUG - [SUAS_main.turn_lap:637] - wp_num:6
2025-06-23 20:13:26,841 - SUAS - DEBUG - [SUAS_main.turn_lap:636] - next wp: 5
2025-06-23 20:13:26,841 - SUAS - DEBUG - [SUAS_main.turn_lap:637] - wp_num:6
2025-06-23 20:13:26,892 - SUAS - DEBUG - [SUAS_main.turn_lap:636] - next wp: 5
2025-06-23 20:13:26,893 - SUAS - DEBUG - [SUAS_main.turn_lap:637] - wp_num:6
2025-06-23 20:13:26,944 - SUAS - DEBUG - [SUAS_main.turn_lap:636] - next wp: 5
2025-06-23 20:13:26,945 - SUAS - DEBUG - [SUAS_main.turn_lap:637] - wp_num:6
2025-06-23 20:13:26,995 - SUAS - DEBUG - [SUAS_main.turn_lap:636] - next wp: 5
2025-06-23 20:13:26,996 - SUAS - DEBUG - [SUAS_main.turn_lap:637] - wp_num:6
2025-06-23 20:13:27,047 - SUAS - DEBUG - [SUAS_main.turn_lap:636] - next wp: 5
2025-06-23 20:13:27,048 - SUAS - DEBUG - [SUAS_main.turn_lap:637] - wp_num:6
2025-06-23 20:13:27,099 - SUAS - DEBUG - [SUAS_main.turn_lap:636] - next wp: 5
2025-06-23 20:13:27,100 - SUAS - DEBUG - [SUAS_main.turn_lap:637] - wp_num:6
2025-06-23 20:13:27,151 - SUAS - DEBUG - [SUAS_main.turn_lap:636] - next wp: 5
2025-06-23 20:13:27,152 - SUAS - DEBUG - [SUAS_main.turn_lap:637] - wp_num:6
2025-06-23 20:13:27,203 - SUAS - DEBUG - [SUAS_main.turn_lap:636] - next wp: 5
2025-06-23 20:13:27,203 - SUAS - DEBUG - [SUAS_main.turn_lap:637] - wp_num:6
2025-06-23 20:13:27,255 - SUAS - DEBUG - [SUAS_main.turn_lap:636] - next wp: 5
2025-06-23 20:13:27,256 - SUAS - DEBUG - [SUAS_main.turn_lap:637] - wp_num:6
2025-06-23 20:13:27,306 - SUAS - DEBUG - [SUAS_main.turn_lap:636] - next wp: 5
2025-06-23 20:13:27,307 - SUAS - DEBUG - [SUAS_main.turn_lap:637] - wp_num:6
2025-06-23 20:13:27,358 - SUAS - DEBUG - [SUAS_main.turn_lap:636] - next wp: 5
2025-06-23 20:13:27,359 - SUAS - DEBUG - [SUAS_main.turn_lap:637] - wp_num:6
2025-06-23 20:13:27,410 - SUAS - DEBUG - [SUAS_main.turn_lap:636] - next wp: 5
2025-06-23 20:13:27,411 - SUAS - DEBUG - [SUAS_main.turn_lap:637] - wp_num:6
2025-06-23 20:13:27,462 - SUAS - DEBUG - [SUAS_main.turn_lap:636] - next wp: 5
2025-06-23 20:13:27,462 - SUAS - DEBUG - [SUAS_main.turn_lap:637] - wp_num:6
2025-06-23 20:13:27,514 - SUAS - DEBUG - [SUAS_main.turn_lap:636] - next wp: 5
2025-06-23 20:13:27,514 - SUAS - DEBUG - [SUAS_main.turn_lap:637] - wp_num:6
2025-06-23 20:13:27,565 - SUAS - DEBUG - [SUAS_main.turn_lap:636] - next wp: 5
2025-06-23 20:13:27,567 - SUAS - DEBUG - [SUAS_main.turn_lap:637] - wp_num:6
2025-06-23 20:13:27,618 - SUAS - DEBUG - [SUAS_main.turn_lap:636] - next wp: 5
2025-06-23 20:13:27,619 - SUAS - DEBUG - [SUAS_main.turn_lap:637] - wp_num:6
2025-06-23 20:13:27,670 - SUAS - DEBUG - [SUAS_main.turn_lap:636] - next wp: 5
2025-06-23 20:13:27,671 - SUAS - DEBUG - [SUAS_main.turn_lap:637] - wp_num:6
2025-06-23 20:13:27,722 - SUAS - DEBUG - [SUAS_main.turn_lap:636] - next wp: 5
2025-06-23 20:13:27,722 - SUAS - DEBUG - [SUAS_main.turn_lap:637] - wp_num:6
2025-06-23 20:13:27,773 - SUAS - DEBUG - [SUAS_main.turn_lap:636] - next wp: 5
2025-06-23 20:13:27,774 - SUAS - DEBUG - [SUAS_main.turn_lap:637] - wp_num:6
2025-06-23 20:13:27,825 - SUAS - DEBUG - [SUAS_main.turn_lap:636] - next wp: 5
2025-06-23 20:13:27,826 - SUAS - DEBUG - [SUAS_main.turn_lap:637] - wp_num:6
2025-06-23 20:13:27,877 - SUAS - DEBUG - [SUAS_main.turn_lap:636] - next wp: 5
2025-06-23 20:13:27,878 - SUAS - DEBUG - [SUAS_main.turn_lap:637] - wp_num:6
2025-06-23 20:13:27,929 - SUAS - DEBUG - [SUAS_main.turn_lap:636] - next wp: 5
2025-06-23 20:13:27,930 - SUAS - DEBUG - [SUAS_main.turn_lap:637] - wp_num:6
2025-06-23 20:13:27,981 - SUAS - DEBUG - [SUAS_main.turn_lap:636] - next wp: 5
2025-06-23 20:13:27,982 - SUAS - DEBUG - [SUAS_main.turn_lap:637] - wp_num:6
2025-06-23 20:13:28,036 - SUAS - DEBUG - [SUAS_main.turn_lap:636] - next wp: 5
2025-06-23 20:13:28,037 - SUAS - DEBUG - [SUAS_main.turn_lap:637] - wp_num:6
2025-06-23 20:13:28,087 - SUAS - DEBUG - [SUAS_main.turn_lap:636] - next wp: 5
2025-06-23 20:13:28,088 - SUAS - DEBUG - [SUAS_main.turn_lap:637] - wp_num:6
2025-06-23 20:13:28,140 - SUAS - DEBUG - [SUAS_main.turn_lap:636] - next wp: 5
2025-06-23 20:13:28,140 - SUAS - DEBUG - [SUAS_main.turn_lap:637] - wp_num:6
2025-06-23 20:13:28,191 - SUAS - DEBUG - [SUAS_main.turn_lap:636] - next wp: 5
2025-06-23 20:13:28,192 - SUAS - DEBUG - [SUAS_main.turn_lap:637] - wp_num:6
2025-06-23 20:13:28,243 - SUAS - DEBUG - [SUAS_main.turn_lap:636] - next wp: 5
2025-06-23 20:13:28,244 - SUAS - DEBUG - [SUAS_main.turn_lap:637] - wp_num:6
2025-06-23 20:13:28,295 - SUAS - DEBUG - [SUAS_main.turn_lap:636] - next wp: 5
2025-06-23 20:13:28,296 - SUAS - DEBUG - [SUAS_main.turn_lap:637] - wp_num:6
2025-06-23 20:13:28,347 - SUAS - DEBUG - [SUAS_main.turn_lap:636] - next wp: 5
2025-06-23 20:13:28,348 - SUAS - DEBUG - [SUAS_main.turn_lap:637] - wp_num:6
2025-06-23 20:13:28,399 - SUAS - DEBUG - [SUAS_main.turn_lap:636] - next wp: 5
2025-06-23 20:13:28,400 - SUAS - DEBUG - [SUAS_main.turn_lap:637] - wp_num:6
2025-06-23 20:13:28,450 - SUAS - DEBUG - [SUAS_main.turn_lap:636] - next wp: 5
2025-06-23 20:13:28,451 - SUAS - DEBUG - [SUAS_main.turn_lap:637] - wp_num:6
2025-06-23 20:13:28,502 - SUAS - DEBUG - [SUAS_main.turn_lap:636] - next wp: 5
2025-06-23 20:13:28,503 - SUAS - DEBUG - [SUAS_main.turn_lap:637] - wp_num:6
2025-06-23 20:13:28,554 - SUAS - DEBUG - [SUAS_main.turn_lap:636] - next wp: 5
2025-06-23 20:13:28,555 - SUAS - DEBUG - [SUAS_main.turn_lap:637] - wp_num:6
2025-06-23 20:13:28,606 - SUAS - DEBUG - [SUAS_main.turn_lap:636] - next wp: 5
2025-06-23 20:13:28,607 - SUAS - DEBUG - [SUAS_main.turn_lap:637] - wp_num:6
2025-06-23 20:13:28,659 - SUAS - DEBUG - [SUAS_main.turn_lap:636] - next wp: 5
2025-06-23 20:13:28,660 - SUAS - DEBUG - [SUAS_main.turn_lap:637] - wp_num:6
2025-06-23 20:13:28,710 - SUAS - DEBUG - [SUAS_main.turn_lap:636] - next wp: 5
2025-06-23 20:13:28,711 - SUAS - DEBUG - [SUAS_main.turn_lap:637] - wp_num:6
2025-06-23 20:13:28,762 - SUAS - DEBUG - [SUAS_main.turn_lap:636] - next wp: 5
2025-06-23 20:13:28,763 - SUAS - DEBUG - [SUAS_main.turn_lap:637] - wp_num:6
2025-06-23 20:13:28,814 - SUAS - DEBUG - [SUAS_main.turn_lap:636] - next wp: 5
2025-06-23 20:13:28,815 - SUAS - DEBUG - [SUAS_main.turn_lap:637] - wp_num:6
2025-06-23 20:13:28,866 - SUAS - DEBUG - [SUAS_main.turn_lap:636] - next wp: 5
2025-06-23 20:13:28,867 - SUAS - DEBUG - [SUAS_main.turn_lap:637] - wp_num:6
2025-06-23 20:13:28,918 - SUAS - DEBUG - [SUAS_main.turn_lap:636] - next wp: 5
2025-06-23 20:13:28,919 - SUAS - DEBUG - [SUAS_main.turn_lap:637] - wp_num:6
2025-06-23 20:13:28,970 - SUAS - DEBUG - [SUAS_main.turn_lap:636] - next wp: 5
2025-06-23 20:13:28,970 - SUAS - DEBUG - [SUAS_main.turn_lap:637] - wp_num:6
2025-06-23 20:13:29,021 - SUAS - DEBUG - [SUAS_main.turn_lap:636] - next wp: 5
2025-06-23 20:13:29,022 - SUAS - DEBUG - [SUAS_main.turn_lap:637] - wp_num:6
2025-06-23 20:13:29,073 - SUAS - DEBUG - [SUAS_main.turn_lap:636] - next wp: 5
2025-06-23 20:13:29,074 - SUAS - DEBUG - [SUAS_main.turn_lap:637] - wp_num:6
2025-06-23 20:13:29,125 - SUAS - DEBUG - [SUAS_main.turn_lap:636] - next wp: 5
2025-06-23 20:13:29,126 - SUAS - DEBUG - [SUAS_main.turn_lap:637] - wp_num:6
2025-06-23 20:13:29,178 - SUAS - DEBUG - [SUAS_main.turn_lap:636] - next wp: 5
2025-06-23 20:13:29,178 - SUAS - DEBUG - [SUAS_main.turn_lap:637] - wp_num:6
2025-06-23 20:13:29,229 - SUAS - DEBUG - [SUAS_main.turn_lap:636] - next wp: 5
2025-06-23 20:13:29,230 - SUAS - DEBUG - [SUAS_main.turn_lap:637] - wp_num:6
2025-06-23 20:13:29,281 - SUAS - DEBUG - [SUAS_main.turn_lap:636] - next wp: 5
2025-06-23 20:13:29,282 - SUAS - DEBUG - [SUAS_main.turn_lap:637] - wp_num:6
2025-06-23 20:13:29,333 - SUAS - DEBUG - [SUAS_main.turn_lap:636] - next wp: 5
2025-06-23 20:13:29,334 - SUAS - DEBUG - [SUAS_main.turn_lap:637] - wp_num:6
2025-06-23 20:13:29,384 - SUAS - DEBUG - [SUAS_main.turn_lap:636] - next wp: 5
2025-06-23 20:13:29,386 - SUAS - DEBUG - [SUAS_main.turn_lap:637] - wp_num:6
2025-06-23 20:13:29,437 - SUAS - DEBUG - [SUAS_main.turn_lap:636] - next wp: 5
2025-06-23 20:13:29,438 - SUAS - DEBUG - [SUAS_main.turn_lap:637] - wp_num:6
2025-06-23 20:13:29,489 - SUAS - DEBUG - [SUAS_main.turn_lap:636] - next wp: 5
2025-06-23 20:13:29,489 - SUAS - DEBUG - [SUAS_main.turn_lap:637] - wp_num:6
2025-06-23 20:13:29,540 - SUAS - DEBUG - [SUAS_main.turn_lap:636] - next wp: 5
2025-06-23 20:13:29,541 - SUAS - DEBUG - [SUAS_main.turn_lap:637] - wp_num:6
2025-06-23 20:13:29,592 - SUAS - DEBUG - [SUAS_main.turn_lap:636] - next wp: 5
2025-06-23 20:13:29,593 - SUAS - DEBUG - [SUAS_main.turn_lap:637] - wp_num:6
2025-06-23 20:13:29,644 - SUAS - DEBUG - [SUAS_main.turn_lap:636] - next wp: 5
2025-06-23 20:13:29,645 - SUAS - DEBUG - [SUAS_main.turn_lap:637] - wp_num:6
2025-06-23 20:13:29,696 - SUAS - DEBUG - [SUAS_main.turn_lap:636] - next wp: 5
2025-06-23 20:13:29,697 - SUAS - DEBUG - [SUAS_main.turn_lap:637] - wp_num:6
2025-06-23 20:13:29,748 - SUAS - DEBUG - [SUAS_main.turn_lap:636] - next wp: 5
2025-06-23 20:13:29,748 - SUAS - DEBUG - [SUAS_main.turn_lap:637] - wp_num:6
2025-06-23 20:13:29,799 - SUAS - DEBUG - [SUAS_main.turn_lap:636] - next wp: 5
2025-06-23 20:13:29,800 - SUAS - DEBUG - [SUAS_main.turn_lap:637] - wp_num:6
2025-06-23 20:13:29,851 - SUAS - DEBUG - [SUAS_main.turn_lap:636] - next wp: 5
2025-06-23 20:13:29,852 - SUAS - DEBUG - [SUAS_main.turn_lap:637] - wp_num:6
2025-06-23 20:13:29,903 - SUAS - DEBUG - [SUAS_main.turn_lap:636] - next wp: 5
2025-06-23 20:13:29,904 - SUAS - DEBUG - [SUAS_main.turn_lap:637] - wp_num:6
2025-06-23 20:13:29,955 - SUAS - DEBUG - [SUAS_main.turn_lap:636] - next wp: 5
2025-06-23 20:13:29,956 - SUAS - DEBUG - [SUAS_main.turn_lap:637] - wp_num:6
2025-06-23 20:13:30,007 - SUAS - DEBUG - [SUAS_main.turn_lap:636] - next wp: 5
2025-06-23 20:13:30,008 - SUAS - DEBUG - [SUAS_main.turn_lap:637] - wp_num:6
2025-06-23 20:13:30,058 - SUAS - DEBUG - [SUAS_main.turn_lap:636] - next wp: 5
2025-06-23 20:13:30,059 - SUAS - DEBUG - [SUAS_main.turn_lap:637] - wp_num:6
2025-06-23 20:13:30,110 - SUAS - DEBUG - [SUAS_main.turn_lap:636] - next wp: 5
2025-06-23 20:13:30,111 - SUAS - DEBUG - [SUAS_main.turn_lap:637] - wp_num:6
2025-06-23 20:13:30,162 - SUAS - DEBUG - [SUAS_main.turn_lap:636] - next wp: 5
2025-06-23 20:13:30,163 - SUAS - DEBUG - [SUAS_main.turn_lap:637] - wp_num:6
2025-06-23 20:13:30,214 - SUAS - DEBUG - [SUAS_main.turn_lap:636] - next wp: 5
2025-06-23 20:13:30,214 - SUAS - DEBUG - [SUAS_main.turn_lap:637] - wp_num:6
2025-06-23 20:13:30,265 - SUAS - DEBUG - [SUAS_main.turn_lap:636] - next wp: 5
2025-06-23 20:13:30,266 - SUAS - DEBUG - [SUAS_main.turn_lap:637] - wp_num:6
2025-06-23 20:13:30,317 - SUAS - DEBUG - [SUAS_main.turn_lap:636] - next wp: 5
2025-06-23 20:13:30,318 - SUAS - DEBUG - [SUAS_main.turn_lap:637] - wp_num:6
2025-06-23 20:13:30,369 - SUAS - DEBUG - [SUAS_main.turn_lap:636] - next wp: 5
2025-06-23 20:13:30,370 - SUAS - DEBUG - [SUAS_main.turn_lap:637] - wp_num:6
2025-06-23 20:13:30,421 - SUAS - DEBUG - [SUAS_main.turn_lap:636] - next wp: 5
2025-06-23 20:13:30,421 - SUAS - DEBUG - [SUAS_main.turn_lap:637] - wp_num:6
2025-06-23 20:13:30,472 - SUAS - DEBUG - [SUAS_main.turn_lap:636] - next wp: 5
2025-06-23 20:13:30,473 - SUAS - DEBUG - [SUAS_main.turn_lap:637] - wp_num:6
2025-06-23 20:13:30,524 - SUAS - DEBUG - [SUAS_main.turn_lap:636] - next wp: 5
2025-06-23 20:13:30,525 - SUAS - DEBUG - [SUAS_main.turn_lap:637] - wp_num:6
2025-06-23 20:13:30,576 - SUAS - DEBUG - [SUAS_main.turn_lap:636] - next wp: 5
2025-06-23 20:13:30,577 - SUAS - DEBUG - [SUAS_main.turn_lap:637] - wp_num:6
2025-06-23 20:13:30,628 - SUAS - DEBUG - [SUAS_main.turn_lap:636] - next wp: 5
2025-06-23 20:13:30,629 - SUAS - DEBUG - [SUAS_main.turn_lap:637] - wp_num:6
2025-06-23 20:13:30,679 - SUAS - DEBUG - [SUAS_main.turn_lap:636] - next wp: 5
2025-06-23 20:13:30,680 - SUAS - DEBUG - [SUAS_main.turn_lap:637] - wp_num:6
2025-06-23 20:13:30,731 - SUAS - DEBUG - [SUAS_main.turn_lap:636] - next wp: 5
2025-06-23 20:13:30,732 - SUAS - DEBUG - [SUAS_main.turn_lap:637] - wp_num:6
2025-06-23 20:13:30,783 - SUAS - DEBUG - [SUAS_main.turn_lap:636] - next wp: 5
2025-06-23 20:13:30,784 - SUAS - DEBUG - [SUAS_main.turn_lap:637] - wp_num:6
2025-06-23 20:13:30,836 - SUAS - DEBUG - [SUAS_main.turn_lap:636] - next wp: 5
2025-06-23 20:13:30,836 - SUAS - DEBUG - [SUAS_main.turn_lap:637] - wp_num:6
2025-06-23 20:13:30,887 - SUAS - DEBUG - [SUAS_main.turn_lap:636] - next wp: 5
2025-06-23 20:13:30,888 - SUAS - DEBUG - [SUAS_main.turn_lap:637] - wp_num:6
2025-06-23 20:13:30,939 - SUAS - DEBUG - [SUAS_main.turn_lap:636] - next wp: 5
2025-06-23 20:13:30,940 - SUAS - DEBUG - [SUAS_main.turn_lap:637] - wp_num:6
2025-06-23 20:13:30,991 - SUAS - DEBUG - [SUAS_main.turn_lap:636] - next wp: 5
2025-06-23 20:13:30,991 - SUAS - DEBUG - [SUAS_main.turn_lap:637] - wp_num:6
2025-06-23 20:13:31,042 - SUAS - DEBUG - [SUAS_main.turn_lap:636] - next wp: 5
2025-06-23 20:13:31,044 - SUAS - DEBUG - [SUAS_main.turn_lap:637] - wp_num:6
2025-06-23 20:13:31,095 - SUAS - DEBUG - [SUAS_main.turn_lap:636] - next wp: 5
2025-06-23 20:13:31,096 - SUAS - DEBUG - [SUAS_main.turn_lap:637] - wp_num:6
2025-06-23 20:13:31,146 - SUAS - DEBUG - [SUAS_main.turn_lap:636] - next wp: 5
2025-06-23 20:13:31,147 - SUAS - DEBUG - [SUAS_main.turn_lap:637] - wp_num:6
2025-06-23 20:13:31,198 - SUAS - DEBUG - [SUAS_main.turn_lap:636] - next wp: 6
2025-06-23 20:13:31,199 - SUAS - DEBUG - [SUAS_main.turn_lap:637] - wp_num:6
2025-06-23 20:13:31,200 - SUAS - DEBUG - [SUAS_main.turn_lap:639] - Air Drop Stage
2025-06-23 20:13:31,710 - SUAS - DEBUG - [SUAS_main.watcher:148] - Mode changed: AUTO -> GUIDED
2025-06-23 20:13:31,710 - SUAS - DEBUG - [SUAS_main.on_mode_change:166] - Unhandled mode change: GUIDED
2025-06-23 20:13:31,752 - SUAS - DEBUG - [SUAS_main.turn_lap:647] - VehicleMode:GUIDED moduna geçildi
2025-06-23 20:13:31,753 - SUAS - DEBUG - [SUAS_main.real_drop:608] - Pathe gidiliyor 4
2025-06-23 20:13:31,754 - SUAS - DEBUG - [SUAS_main.real_drop:557] - konuma gidiliyor: (38.8507058, -76.6998308)
2025-06-23 20:13:31,857 - SUAS - DEBUG - [SUAS_main.wait:321] - waite girildi timestamp: 2025-06-23 20:13:31
2025-06-23 20:13:31,958 - SUAS - DEBUG - [SUAS_main.wait:323] - Waiting for the vehicle to reach the target point...
2025-06-23 20:13:48,281 - SUAS - DEBUG - [SUAS_main.wait:332] - Reached the target point after the break
2025-06-23 20:13:48,283 - SUAS - DEBUG - [SUAS_main.set_servo:270] - set_servo function has successfully executed. With arguments: Channel: 14, PWM Value: 1900
2025-06-23 20:13:48,284 - SUAS - DEBUG - [SUAS_main.real_drop:575] - Servo activated: channel=(14, 1900)
2025-06-23 20:13:50,288 - SUAS - DEBUG - [SUAS_main.set_servo:270] - set_servo function has successfully executed. With arguments: Channel: 14, PWM Value: 0
2025-06-23 20:13:50,289 - SUAS - DEBUG - [SUAS_main.real_drop:578] - Servo deactivated: channel=14
2025-06-23 20:14:21,679 - SUAS - DEBUG - [SUAS_main.land:278] - Landing...
2025-06-23 20:14:21,681 - SUAS - DEBUG - [SUAS_main.main:849] - Landing completed
2025-06-23 20:14:21,682 - SUAS - DEBUG - [SUAS_main.main:850] - Görev tamamlandı
