2025-06-22 20:37:32,166 - SUAS - DEBUG - [SUAS_main.__init__:204] - (38.8509701, -76.7003254, 7.637)
2025-06-22 20:37:32,167 - SUAS - DEBUG - [SUAS_main.__init__:210] - Opening camera with pipeline:
nvarguscamerasrc sensor-id=0 aelock=false awblock=True wbmode=6 exposurecompensation=-1.7 ! video/x-raw(memory:NVMM), width=(int)4032, height=(int)3040, framerate=(fraction)19/1 ! nvvidconv flip-method=0 ! video/x-raw, format=(string)BGRx ! videoconvert ! video/x-raw, format=(string)BGR ! appsink
2025-06-22 20:37:35,479 - SUAS - DEBUG - [SUAS_main.take_photo_opencv:423] - Saved photo to init_test_photo/image_1.jpg
2025-06-22 20:37:36,481 - SUAS - DEBUG - [SUAS_main.__init__:102] - Initial flight mode: ALT_HOLD
2025-06-22 20:37:37,166 - SUAS - DEBUG - [SUAS_main.main:696] - Download Waypoints - Completed
2025-06-22 20:37:37,168 - SUAS - DEBUG - [SUAS_main.main:699] - WP SET TO 2
2025-06-22 20:37:37,482 - SUAS - DEBUG - [SUAS_main._rc_listener_thread:313] - WPNAV_SPEED changed: None → 800
2025-06-22 20:37:38,170 - SUAS - DEBUG - [SUAS_main.main:711] - ------------------------------5---------------------------
2025-06-22 20:37:38,172 - SUAS - DEBUG - [SUAS_main.main:720] - ------------------------------------------------------------------------
2025-06-22 20:37:38,173 - SUAS - DEBUG - [SUAS_main.main:721] - No DOJUMP
2025-06-22 20:37:38,174 - SUAS - DEBUG - [SUAS_main.main:722] - ------------------------------------------------------------------------
2025-06-22 20:37:38,378 - SUAS - DEBUG - [SUAS_main.main:731] - Download Changed Waypoints - Completed
2025-06-22 20:37:38,379 - SUAS - DEBUG - [SUAS_main.main:738] - ------------------------------6 - updated---------------------------
2025-06-22 20:37:38,380 - SUAS - DEBUG - [SUAS_main.main:745] - Waiting for mode change to: AUTO
2025-06-22 20:37:38,881 - SUAS - DEBUG - [SUAS_main.main:745] - Waiting for mode change to: AUTO
2025-06-22 20:37:39,383 - SUAS - DEBUG - [SUAS_main.main:745] - Waiting for mode change to: AUTO
2025-06-22 20:37:39,884 - SUAS - DEBUG - [SUAS_main.main:745] - Waiting for mode change to: AUTO
2025-06-22 20:37:40,386 - SUAS - DEBUG - [SUAS_main.main:745] - Waiting for mode change to: AUTO
2025-06-22 20:37:40,887 - SUAS - DEBUG - [SUAS_main.main:745] - Waiting for mode change to: AUTO
2025-06-22 20:37:41,388 - SUAS - DEBUG - [SUAS_main.main:745] - Waiting for mode change to: AUTO
2025-06-22 20:37:41,890 - SUAS - DEBUG - [SUAS_main.main:745] - Waiting for mode change to: AUTO
2025-06-22 20:37:42,391 - SUAS - DEBUG - [SUAS_main.main:745] - Waiting for mode change to: AUTO
2025-06-22 20:37:42,892 - SUAS - DEBUG - [SUAS_main.main:745] - Waiting for mode change to: AUTO
2025-06-22 20:37:43,394 - SUAS - DEBUG - [SUAS_main.main:745] - Waiting for mode change to: AUTO
2025-06-22 20:37:43,895 - SUAS - DEBUG - [SUAS_main.main:745] - Waiting for mode change to: AUTO
2025-06-22 20:37:44,397 - SUAS - DEBUG - [SUAS_main.main:745] - Waiting for mode change to: AUTO
2025-06-22 20:37:44,898 - SUAS - DEBUG - [SUAS_main.main:745] - Waiting for mode change to: AUTO
2025-06-22 20:37:45,400 - SUAS - DEBUG - [SUAS_main.main:745] - Waiting for mode change to: AUTO
2025-06-22 20:37:45,901 - SUAS - DEBUG - [SUAS_main.main:745] - Waiting for mode change to: AUTO
2025-06-22 20:37:46,403 - SUAS - DEBUG - [SUAS_main.main:745] - Waiting for mode change to: AUTO
2025-06-22 20:37:46,904 - SUAS - DEBUG - [SUAS_main.main:745] - Waiting for mode change to: AUTO
2025-06-22 20:37:47,406 - SUAS - DEBUG - [SUAS_main.main:745] - Waiting for mode change to: AUTO
2025-06-22 20:37:47,907 - SUAS - DEBUG - [SUAS_main.main:745] - Waiting for mode change to: AUTO
2025-06-22 20:37:48,409 - SUAS - DEBUG - [SUAS_main.main:745] - Waiting for mode change to: AUTO
2025-06-22 20:37:48,911 - SUAS - DEBUG - [SUAS_main.main:745] - Waiting for mode change to: AUTO
2025-06-22 20:37:49,412 - SUAS - DEBUG - [SUAS_main.main:745] - Waiting for mode change to: AUTO
2025-06-22 20:37:49,914 - SUAS - DEBUG - [SUAS_main.main:745] - Waiting for mode change to: AUTO
2025-06-22 20:37:50,415 - SUAS - DEBUG - [SUAS_main.main:745] - Waiting for mode change to: AUTO
2025-06-22 20:37:50,917 - SUAS - DEBUG - [SUAS_main.main:745] - Waiting for mode change to: AUTO
2025-06-22 20:37:51,419 - SUAS - DEBUG - [SUAS_main.main:745] - Waiting for mode change to: AUTO
2025-06-22 20:37:51,920 - SUAS - DEBUG - [SUAS_main.main:745] - Waiting for mode change to: AUTO
2025-06-22 20:37:52,422 - SUAS - DEBUG - [SUAS_main.main:745] - Waiting for mode change to: AUTO
2025-06-22 20:37:52,923 - SUAS - DEBUG - [SUAS_main.main:745] - Waiting for mode change to: AUTO
2025-06-22 20:37:53,425 - SUAS - DEBUG - [SUAS_main.main:745] - Waiting for mode change to: AUTO
2025-06-22 20:37:53,926 - SUAS - DEBUG - [SUAS_main.main:745] - Waiting for mode change to: AUTO
2025-06-22 20:37:54,428 - SUAS - DEBUG - [SUAS_main.main:745] - Waiting for mode change to: AUTO
2025-06-22 20:37:54,930 - SUAS - DEBUG - [SUAS_main.main:745] - Waiting for mode change to: AUTO
2025-06-22 20:37:55,432 - SUAS - DEBUG - [SUAS_main.main:745] - Waiting for mode change to: AUTO
2025-06-22 20:37:55,933 - SUAS - DEBUG - [SUAS_main.main:745] - Waiting for mode change to: AUTO
2025-06-22 20:37:56,435 - SUAS - DEBUG - [SUAS_main.main:745] - Waiting for mode change to: AUTO
2025-06-22 20:37:56,936 - SUAS - DEBUG - [SUAS_main.main:745] - Waiting for mode change to: AUTO
2025-06-22 20:37:57,438 - SUAS - DEBUG - [SUAS_main.main:745] - Waiting for mode change to: AUTO
2025-06-22 20:37:57,939 - SUAS - DEBUG - [SUAS_main.main:745] - Waiting for mode change to: AUTO
2025-06-22 20:37:58,440 - SUAS - DEBUG - [SUAS_main.main:745] - Waiting for mode change to: AUTO
2025-06-22 20:37:58,941 - SUAS - DEBUG - [SUAS_main.main:745] - Waiting for mode change to: AUTO
2025-06-22 20:37:59,443 - SUAS - DEBUG - [SUAS_main.main:745] - Waiting for mode change to: AUTO
2025-06-22 20:37:59,944 - SUAS - DEBUG - [SUAS_main.main:745] - Waiting for mode change to: AUTO
2025-06-22 20:38:00,446 - SUAS - DEBUG - [SUAS_main.main:745] - Waiting for mode change to: AUTO
2025-06-22 20:38:00,949 - SUAS - DEBUG - [SUAS_main.main:745] - Waiting for mode change to: AUTO
2025-06-22 20:38:01,451 - SUAS - DEBUG - [SUAS_main.main:745] - Waiting for mode change to: AUTO
2025-06-22 20:38:01,952 - SUAS - DEBUG - [SUAS_main.main:745] - Waiting for mode change to: AUTO
2025-06-22 20:38:02,453 - SUAS - DEBUG - [SUAS_main.main:745] - Waiting for mode change to: AUTO
2025-06-22 20:38:02,955 - SUAS - DEBUG - [SUAS_main.main:745] - Waiting for mode change to: AUTO
2025-06-22 20:38:03,456 - SUAS - DEBUG - [SUAS_main.main:745] - Waiting for mode change to: AUTO
2025-06-22 20:38:03,958 - SUAS - DEBUG - [SUAS_main.main:745] - Waiting for mode change to: AUTO
2025-06-22 20:38:04,459 - SUAS - DEBUG - [SUAS_main.main:745] - Waiting for mode change to: AUTO
2025-06-22 20:38:04,961 - SUAS - DEBUG - [SUAS_main.main:745] - Waiting for mode change to: AUTO
2025-06-22 20:38:05,463 - SUAS - DEBUG - [SUAS_main.main:745] - Waiting for mode change to: AUTO
2025-06-22 20:38:05,965 - SUAS - DEBUG - [SUAS_main.main:745] - Waiting for mode change to: AUTO
2025-06-22 20:38:06,467 - SUAS - DEBUG - [SUAS_main.main:745] - Waiting for mode change to: AUTO
2025-06-22 20:38:06,968 - SUAS - DEBUG - [SUAS_main.main:745] - Waiting for mode change to: AUTO
2025-06-22 20:38:07,469 - SUAS - DEBUG - [SUAS_main.main:745] - Waiting for mode change to: AUTO
2025-06-22 20:38:07,971 - SUAS - DEBUG - [SUAS_main.main:745] - Waiting for mode change to: AUTO
2025-06-22 20:38:08,472 - SUAS - DEBUG - [SUAS_main.main:745] - Waiting for mode change to: AUTO
2025-06-22 20:38:08,974 - SUAS - DEBUG - [SUAS_main.main:745] - Waiting for mode change to: AUTO
2025-06-22 20:38:09,476 - SUAS - DEBUG - [SUAS_main.main:745] - Waiting for mode change to: AUTO
2025-06-22 20:38:09,977 - SUAS - DEBUG - [SUAS_main.main:745] - Waiting for mode change to: AUTO
2025-06-22 20:38:10,479 - SUAS - DEBUG - [SUAS_main.main:745] - Waiting for mode change to: AUTO
2025-06-22 20:38:10,982 - SUAS - DEBUG - [SUAS_main.main:745] - Waiting for mode change to: AUTO
2025-06-22 20:38:11,484 - SUAS - DEBUG - [SUAS_main.main:745] - Waiting for mode change to: AUTO
2025-06-22 20:38:11,985 - SUAS - DEBUG - [SUAS_main.main:745] - Waiting for mode change to: AUTO
2025-06-22 20:38:12,487 - SUAS - DEBUG - [SUAS_main.main:745] - Waiting for mode change to: AUTO
2025-06-22 20:38:12,988 - SUAS - DEBUG - [SUAS_main.main:745] - Waiting for mode change to: AUTO
2025-06-22 20:38:13,490 - SUAS - DEBUG - [SUAS_main.main:745] - Waiting for mode change to: AUTO
2025-06-22 20:38:13,991 - SUAS - DEBUG - [SUAS_main.main:745] - Waiting for mode change to: AUTO
2025-06-22 20:38:14,492 - SUAS - DEBUG - [SUAS_main.main:745] - Waiting for mode change to: AUTO
2025-06-22 20:38:14,994 - SUAS - DEBUG - [SUAS_main.main:745] - Waiting for mode change to: AUTO
2025-06-22 20:38:15,496 - SUAS - DEBUG - [SUAS_main.main:745] - Waiting for mode change to: AUTO
2025-06-22 20:38:15,997 - SUAS - DEBUG - [SUAS_main.main:745] - Waiting for mode change to: AUTO
2025-06-22 20:38:16,499 - SUAS - DEBUG - [SUAS_main.main:745] - Waiting for mode change to: AUTO
2025-06-22 20:38:17,001 - SUAS - DEBUG - [SUAS_main.main:745] - Waiting for mode change to: AUTO
2025-06-22 20:38:17,502 - SUAS - DEBUG - [SUAS_main.main:745] - Waiting for mode change to: AUTO
2025-06-22 20:38:18,004 - SUAS - DEBUG - [SUAS_main.main:745] - Waiting for mode change to: AUTO
2025-06-22 20:38:18,505 - SUAS - DEBUG - [SUAS_main.main:745] - Waiting for mode change to: AUTO
2025-06-22 20:38:19,006 - SUAS - DEBUG - [SUAS_main.main:745] - Waiting for mode change to: AUTO
2025-06-22 20:38:19,507 - SUAS - DEBUG - [SUAS_main.main:745] - Waiting for mode change to: AUTO
2025-06-22 20:38:20,009 - SUAS - DEBUG - [SUAS_main.main:745] - Waiting for mode change to: AUTO
2025-06-22 20:38:20,510 - SUAS - DEBUG - [SUAS_main.main:745] - Waiting for mode change to: AUTO
2025-06-22 20:38:21,012 - SUAS - DEBUG - [SUAS_main.main:745] - Waiting for mode change to: AUTO
2025-06-22 20:38:21,513 - SUAS - DEBUG - [SUAS_main.main:745] - Waiting for mode change to: AUTO
2025-06-22 20:38:22,015 - SUAS - DEBUG - [SUAS_main.main:745] - Waiting for mode change to: AUTO
2025-06-22 20:38:22,517 - SUAS - DEBUG - [SUAS_main.main:745] - Waiting for mode change to: AUTO
2025-06-22 20:38:23,018 - SUAS - DEBUG - [SUAS_main.main:745] - Waiting for mode change to: AUTO
2025-06-22 20:38:23,520 - SUAS - DEBUG - [SUAS_main.main:745] - Waiting for mode change to: AUTO
2025-06-22 20:38:24,022 - SUAS - DEBUG - [SUAS_main.main:745] - Waiting for mode change to: AUTO
2025-06-22 20:38:24,523 - SUAS - DEBUG - [SUAS_main.main:745] - Waiting for mode change to: AUTO
2025-06-22 20:38:25,024 - SUAS - DEBUG - [SUAS_main.main:745] - Waiting for mode change to: AUTO
2025-06-22 20:38:25,526 - SUAS - DEBUG - [SUAS_main.main:745] - Waiting for mode change to: AUTO
2025-06-22 20:38:26,027 - SUAS - DEBUG - [SUAS_main.main:745] - Waiting for mode change to: AUTO
2025-06-22 20:38:26,529 - SUAS - DEBUG - [SUAS_main.main:745] - Waiting for mode change to: AUTO
2025-06-22 20:38:27,030 - SUAS - DEBUG - [SUAS_main.main:745] - Waiting for mode change to: AUTO
2025-06-22 20:38:27,532 - SUAS - DEBUG - [SUAS_main.main:745] - Waiting for mode change to: AUTO
2025-06-22 20:38:28,035 - SUAS - DEBUG - [SUAS_main.main:745] - Waiting for mode change to: AUTO
2025-06-22 20:38:28,536 - SUAS - DEBUG - [SUAS_main.main:745] - Waiting for mode change to: AUTO
2025-06-22 20:38:29,038 - SUAS - DEBUG - [SUAS_main.main:745] - Waiting for mode change to: AUTO
2025-06-22 20:38:29,539 - SUAS - DEBUG - [SUAS_main.main:745] - Waiting for mode change to: AUTO
2025-06-22 20:38:30,041 - SUAS - DEBUG - [SUAS_main.main:745] - Waiting for mode change to: AUTO
2025-06-22 20:38:30,542 - SUAS - DEBUG - [SUAS_main.main:745] - Waiting for mode change to: AUTO
2025-06-22 20:38:31,044 - SUAS - DEBUG - [SUAS_main.main:745] - Waiting for mode change to: AUTO
2025-06-22 20:38:31,578 - SUAS - DEBUG - [SUAS_main.main:745] - Waiting for mode change to: AUTO
2025-06-22 20:38:32,079 - SUAS - DEBUG - [SUAS_main.main:745] - Waiting for mode change to: AUTO
2025-06-22 20:38:32,581 - SUAS - DEBUG - [SUAS_main.main:745] - Waiting for mode change to: AUTO
2025-06-22 20:38:33,082 - SUAS - DEBUG - [SUAS_main.main:745] - Waiting for mode change to: AUTO
2025-06-22 20:38:33,584 - SUAS - DEBUG - [SUAS_main.main:745] - Waiting for mode change to: AUTO
2025-06-22 20:38:34,086 - SUAS - DEBUG - [SUAS_main.main:745] - Waiting for mode change to: AUTO
2025-06-22 20:38:34,587 - SUAS - DEBUG - [SUAS_main.main:745] - Waiting for mode change to: AUTO
2025-06-22 20:38:35,089 - SUAS - DEBUG - [SUAS_main.main:745] - Waiting for mode change to: AUTO
2025-06-22 20:38:35,591 - SUAS - DEBUG - [SUAS_main.main:745] - Waiting for mode change to: AUTO
2025-06-22 20:38:36,093 - SUAS - DEBUG - [SUAS_main.main:745] - Waiting for mode change to: AUTO
2025-06-22 20:38:36,594 - SUAS - DEBUG - [SUAS_main.main:745] - Waiting for mode change to: AUTO
2025-06-22 20:38:37,096 - SUAS - DEBUG - [SUAS_main.main:745] - Waiting for mode change to: AUTO
2025-06-22 20:38:37,597 - SUAS - DEBUG - [SUAS_main.main:745] - Waiting for mode change to: AUTO
2025-06-22 20:38:38,099 - SUAS - DEBUG - [SUAS_main.main:745] - Waiting for mode change to: AUTO
2025-06-22 20:38:38,600 - SUAS - DEBUG - [SUAS_main.main:745] - Waiting for mode change to: AUTO
2025-06-22 20:38:39,102 - SUAS - DEBUG - [SUAS_main.main:745] - Waiting for mode change to: AUTO
2025-06-22 20:38:39,603 - SUAS - DEBUG - [SUAS_main.main:745] - Waiting for mode change to: AUTO
2025-06-22 20:38:40,105 - SUAS - DEBUG - [SUAS_main.main:745] - Waiting for mode change to: AUTO
2025-06-22 20:38:40,606 - SUAS - DEBUG - [SUAS_main.main:745] - Waiting for mode change to: AUTO
2025-06-22 20:38:41,108 - SUAS - DEBUG - [SUAS_main.main:745] - Waiting for mode change to: AUTO
2025-06-22 20:38:41,610 - SUAS - DEBUG - [SUAS_main.main:745] - Waiting for mode change to: AUTO
2025-06-22 20:38:42,111 - SUAS - DEBUG - [SUAS_main.main:745] - Waiting for mode change to: AUTO
2025-06-22 20:38:42,613 - SUAS - DEBUG - [SUAS_main.main:745] - Waiting for mode change to: AUTO
2025-06-22 20:38:43,114 - SUAS - DEBUG - [SUAS_main.main:745] - Waiting for mode change to: AUTO
2025-06-22 20:38:43,615 - SUAS - DEBUG - [SUAS_main.main:745] - Waiting for mode change to: AUTO
2025-06-22 20:38:44,117 - SUAS - DEBUG - [SUAS_main.main:745] - Waiting for mode change to: AUTO
2025-06-22 20:38:44,618 - SUAS - DEBUG - [SUAS_main.main:745] - Waiting for mode change to: AUTO
2025-06-22 20:38:45,120 - SUAS - DEBUG - [SUAS_main.main:745] - Waiting for mode change to: AUTO
2025-06-22 20:38:45,621 - SUAS - DEBUG - [SUAS_main.main:745] - Waiting for mode change to: AUTO
2025-06-22 20:38:46,123 - SUAS - DEBUG - [SUAS_main.main:745] - Waiting for mode change to: AUTO
2025-06-22 20:38:46,624 - SUAS - DEBUG - [SUAS_main.main:745] - Waiting for mode change to: AUTO
2025-06-22 20:38:47,126 - SUAS - DEBUG - [SUAS_main.main:745] - Waiting for mode change to: AUTO
2025-06-22 20:38:47,628 - SUAS - DEBUG - [SUAS_main.main:745] - Waiting for mode change to: AUTO
2025-06-22 20:38:48,129 - SUAS - DEBUG - [SUAS_main.main:745] - Waiting for mode change to: AUTO
2025-06-22 20:38:48,631 - SUAS - DEBUG - [SUAS_main.main:745] - Waiting for mode change to: AUTO
2025-06-22 20:38:49,132 - SUAS - DEBUG - [SUAS_main.main:745] - Waiting for mode change to: AUTO
2025-06-22 20:38:49,634 - SUAS - DEBUG - [SUAS_main.main:745] - Waiting for mode change to: AUTO
2025-06-22 20:38:50,135 - SUAS - DEBUG - [SUAS_main.main:745] - Waiting for mode change to: AUTO
2025-06-22 20:38:50,636 - SUAS - DEBUG - [SUAS_main.main:745] - Waiting for mode change to: AUTO
2025-06-22 20:38:51,138 - SUAS - DEBUG - [SUAS_main.main:745] - Waiting for mode change to: AUTO
2025-06-22 20:38:51,639 - SUAS - DEBUG - [SUAS_main.main:745] - Waiting for mode change to: AUTO
2025-06-22 20:38:52,140 - SUAS - DEBUG - [SUAS_main.main:745] - Waiting for mode change to: AUTO
2025-06-22 20:38:52,642 - SUAS - DEBUG - [SUAS_main.main:745] - Waiting for mode change to: AUTO
2025-06-22 20:38:53,143 - SUAS - DEBUG - [SUAS_main.main:745] - Waiting for mode change to: AUTO
2025-06-22 20:38:53,644 - SUAS - DEBUG - [SUAS_main.main:745] - Waiting for mode change to: AUTO
2025-06-22 20:38:54,146 - SUAS - DEBUG - [SUAS_main.main:745] - Waiting for mode change to: AUTO
2025-06-22 20:38:54,648 - SUAS - DEBUG - [SUAS_main.main:745] - Waiting for mode change to: AUTO
2025-06-22 20:38:55,149 - SUAS - DEBUG - [SUAS_main.main:745] - Waiting for mode change to: AUTO
2025-06-22 20:38:55,650 - SUAS - DEBUG - [SUAS_main.main:745] - Waiting for mode change to: AUTO
2025-06-22 20:38:56,152 - SUAS - DEBUG - [SUAS_main.main:745] - Waiting for mode change to: AUTO
2025-06-22 20:38:56,653 - SUAS - DEBUG - [SUAS_main.main:745] - Waiting for mode change to: AUTO
2025-06-22 20:38:57,155 - SUAS - DEBUG - [SUAS_main.main:745] - Waiting for mode change to: AUTO
2025-06-22 20:38:57,656 - SUAS - DEBUG - [SUAS_main.main:745] - Waiting for mode change to: AUTO
2025-06-22 20:38:58,158 - SUAS - DEBUG - [SUAS_main.main:745] - Waiting for mode change to: AUTO
2025-06-22 20:38:58,659 - SUAS - DEBUG - [SUAS_main.main:745] - Waiting for mode change to: AUTO
2025-06-22 20:38:59,160 - SUAS - DEBUG - [SUAS_main.main:745] - Waiting for mode change to: AUTO
2025-06-22 20:38:59,662 - SUAS - DEBUG - [SUAS_main.main:745] - Waiting for mode change to: AUTO
2025-06-22 20:39:00,163 - SUAS - DEBUG - [SUAS_main.main:745] - Waiting for mode change to: AUTO
2025-06-22 20:39:00,665 - SUAS - DEBUG - [SUAS_main.main:745] - Waiting for mode change to: AUTO
2025-06-22 20:39:01,166 - SUAS - DEBUG - [SUAS_main.main:745] - Waiting for mode change to: AUTO
2025-06-22 20:39:01,667 - SUAS - DEBUG - [SUAS_main.main:745] - Waiting for mode change to: AUTO
2025-06-22 20:39:02,169 - SUAS - DEBUG - [SUAS_main.main:745] - Waiting for mode change to: AUTO
2025-06-22 20:39:02,670 - SUAS - DEBUG - [SUAS_main.main:745] - Waiting for mode change to: AUTO
2025-06-22 20:39:03,172 - SUAS - DEBUG - [SUAS_main.main:745] - Waiting for mode change to: AUTO
2025-06-22 20:39:03,673 - SUAS - DEBUG - [SUAS_main.main:745] - Waiting for mode change to: AUTO
2025-06-22 20:39:04,175 - SUAS - DEBUG - [SUAS_main.main:745] - Waiting for mode change to: AUTO
2025-06-22 20:39:04,676 - SUAS - DEBUG - [SUAS_main.main:745] - Waiting for mode change to: AUTO
2025-06-22 20:39:05,178 - SUAS - DEBUG - [SUAS_main.main:745] - Waiting for mode change to: AUTO
2025-06-22 20:39:05,679 - SUAS - DEBUG - [SUAS_main.main:745] - Waiting for mode change to: AUTO
2025-06-22 20:39:06,181 - SUAS - DEBUG - [SUAS_main.main:745] - Waiting for mode change to: AUTO
2025-06-22 20:39:06,682 - SUAS - DEBUG - [SUAS_main.main:745] - Waiting for mode change to: AUTO
2025-06-22 20:39:07,184 - SUAS - DEBUG - [SUAS_main.main:745] - Waiting for mode change to: AUTO
2025-06-22 20:39:07,686 - SUAS - DEBUG - [SUAS_main.main:745] - Waiting for mode change to: AUTO
2025-06-22 20:39:08,187 - SUAS - DEBUG - [SUAS_main.main:745] - Waiting for mode change to: AUTO
2025-06-22 20:39:08,689 - SUAS - DEBUG - [SUAS_main.main:745] - Waiting for mode change to: AUTO
2025-06-22 20:39:09,190 - SUAS - DEBUG - [SUAS_main.main:745] - Waiting for mode change to: AUTO
2025-06-22 20:39:09,692 - SUAS - DEBUG - [SUAS_main.main:745] - Waiting for mode change to: AUTO
2025-06-22 20:39:10,193 - SUAS - DEBUG - [SUAS_main.main:745] - Waiting for mode change to: AUTO
2025-06-22 20:39:10,695 - SUAS - DEBUG - [SUAS_main.main:745] - Waiting for mode change to: AUTO
2025-06-22 20:39:11,196 - SUAS - DEBUG - [SUAS_main.main:745] - Waiting for mode change to: AUTO
2025-06-22 20:39:11,698 - SUAS - DEBUG - [SUAS_main.main:745] - Waiting for mode change to: AUTO
2025-06-22 20:39:12,200 - SUAS - DEBUG - [SUAS_main.main:745] - Waiting for mode change to: AUTO
2025-06-22 20:39:12,701 - SUAS - DEBUG - [SUAS_main.main:745] - Waiting for mode change to: AUTO
2025-06-22 20:39:13,203 - SUAS - DEBUG - [SUAS_main.main:745] - Waiting for mode change to: AUTO
2025-06-22 20:39:13,704 - SUAS - DEBUG - [SUAS_main.main:745] - Waiting for mode change to: AUTO
2025-06-22 20:39:14,206 - SUAS - DEBUG - [SUAS_main.main:745] - Waiting for mode change to: AUTO
2025-06-22 20:39:14,707 - SUAS - DEBUG - [SUAS_main.main:745] - Waiting for mode change to: AUTO
2025-06-22 20:39:15,208 - SUAS - DEBUG - [SUAS_main.main:745] - Waiting for mode change to: AUTO
2025-06-22 20:39:15,710 - SUAS - DEBUG - [SUAS_main.main:745] - Waiting for mode change to: AUTO
2025-06-22 20:39:16,211 - SUAS - DEBUG - [SUAS_main.main:745] - Waiting for mode change to: AUTO
2025-06-22 20:39:16,712 - SUAS - DEBUG - [SUAS_main.main:745] - Waiting for mode change to: AUTO
2025-06-22 20:39:17,214 - SUAS - DEBUG - [SUAS_main.main:745] - Waiting for mode change to: AUTO
2025-06-22 20:39:17,716 - SUAS - DEBUG - [SUAS_main.main:745] - Waiting for mode change to: AUTO
2025-06-22 20:39:18,218 - SUAS - DEBUG - [SUAS_main.main:745] - Waiting for mode change to: AUTO
2025-06-22 20:39:18,719 - SUAS - DEBUG - [SUAS_main.main:745] - Waiting for mode change to: AUTO
2025-06-22 20:39:19,220 - SUAS - DEBUG - [SUAS_main.main:745] - Waiting for mode change to: AUTO
2025-06-22 20:39:19,722 - SUAS - DEBUG - [SUAS_main.main:745] - Waiting for mode change to: AUTO
2025-06-22 20:39:20,223 - SUAS - DEBUG - [SUAS_main.main:745] - Waiting for mode change to: AUTO
2025-06-22 20:39:20,725 - SUAS - DEBUG - [SUAS_main.main:745] - Waiting for mode change to: AUTO
2025-06-22 20:39:21,226 - SUAS - DEBUG - [SUAS_main.main:745] - Waiting for mode change to: AUTO
2025-06-22 20:39:21,728 - SUAS - DEBUG - [SUAS_main.main:745] - Waiting for mode change to: AUTO
2025-06-22 20:39:22,256 - SUAS - DEBUG - [SUAS_main.main:745] - Waiting for mode change to: AUTO
2025-06-22 20:39:22,758 - SUAS - DEBUG - [SUAS_main.main:745] - Waiting for mode change to: AUTO
2025-06-22 20:39:23,259 - SUAS - DEBUG - [SUAS_main.main:745] - Waiting for mode change to: AUTO
2025-06-22 20:39:23,760 - SUAS - DEBUG - [SUAS_main.main:745] - Waiting for mode change to: AUTO
2025-06-22 20:39:24,262 - SUAS - DEBUG - [SUAS_main.main:745] - Waiting for mode change to: AUTO
2025-06-22 20:39:24,763 - SUAS - DEBUG - [SUAS_main.main:745] - Waiting for mode change to: AUTO
2025-06-22 20:39:25,264 - SUAS - DEBUG - [SUAS_main.main:745] - Waiting for mode change to: AUTO
2025-06-22 20:39:25,765 - SUAS - DEBUG - [SUAS_main.main:745] - Waiting for mode change to: AUTO
2025-06-22 20:39:26,267 - SUAS - DEBUG - [SUAS_main.main:745] - Waiting for mode change to: AUTO
2025-06-22 20:39:26,768 - SUAS - DEBUG - [SUAS_main.main:745] - Waiting for mode change to: AUTO
2025-06-22 20:39:27,270 - SUAS - DEBUG - [SUAS_main.main:745] - Waiting for mode change to: AUTO
2025-06-22 20:39:27,771 - SUAS - DEBUG - [SUAS_main.main:745] - Waiting for mode change to: AUTO
2025-06-22 20:39:28,273 - SUAS - DEBUG - [SUAS_main.main:745] - Waiting for mode change to: AUTO
2025-06-22 20:39:28,775 - SUAS - DEBUG - [SUAS_main.main:745] - Waiting for mode change to: AUTO
2025-06-22 20:39:29,276 - SUAS - DEBUG - [SUAS_main.main:745] - Waiting for mode change to: AUTO
2025-06-22 20:39:29,778 - SUAS - DEBUG - [SUAS_main.main:745] - Waiting for mode change to: AUTO
2025-06-22 20:39:30,279 - SUAS - DEBUG - [SUAS_main.main:745] - Waiting for mode change to: AUTO
2025-06-22 20:39:30,780 - SUAS - DEBUG - [SUAS_main.main:745] - Waiting for mode change to: AUTO
2025-06-22 20:39:31,282 - SUAS - DEBUG - [SUAS_main.main:745] - Waiting for mode change to: AUTO
2025-06-22 20:39:31,783 - SUAS - DEBUG - [SUAS_main.main:745] - Waiting for mode change to: AUTO
2025-06-22 20:39:32,284 - SUAS - DEBUG - [SUAS_main.main:745] - Waiting for mode change to: AUTO
2025-06-22 20:39:32,786 - SUAS - DEBUG - [SUAS_main.main:745] - Waiting for mode change to: AUTO
2025-06-22 20:39:33,287 - SUAS - DEBUG - [SUAS_main.main:745] - Waiting for mode change to: AUTO
2025-06-22 20:39:33,789 - SUAS - DEBUG - [SUAS_main.main:745] - Waiting for mode change to: AUTO
2025-06-22 20:39:34,291 - SUAS - DEBUG - [SUAS_main.main:745] - Waiting for mode change to: AUTO
2025-06-22 20:39:34,792 - SUAS - DEBUG - [SUAS_main.main:745] - Waiting for mode change to: AUTO
2025-06-22 20:39:35,293 - SUAS - DEBUG - [SUAS_main.main:745] - Waiting for mode change to: AUTO
2025-06-22 20:39:35,795 - SUAS - DEBUG - [SUAS_main.main:745] - Waiting for mode change to: AUTO
2025-06-22 20:39:36,296 - SUAS - DEBUG - [SUAS_main.main:745] - Waiting for mode change to: AUTO
2025-06-22 20:39:36,798 - SUAS - DEBUG - [SUAS_main.main:745] - Waiting for mode change to: AUTO
2025-06-22 20:39:37,299 - SUAS - DEBUG - [SUAS_main.main:745] - Waiting for mode change to: AUTO
2025-06-22 20:39:37,800 - SUAS - DEBUG - [SUAS_main.main:745] - Waiting for mode change to: AUTO
2025-06-22 20:39:38,302 - SUAS - DEBUG - [SUAS_main.main:745] - Waiting for mode change to: AUTO
2025-06-22 20:39:38,803 - SUAS - DEBUG - [SUAS_main.main:745] - Waiting for mode change to: AUTO
2025-06-22 20:39:39,304 - SUAS - DEBUG - [SUAS_main.main:745] - Waiting for mode change to: AUTO
2025-06-22 20:39:39,806 - SUAS - DEBUG - [SUAS_main.main:745] - Waiting for mode change to: AUTO
2025-06-22 20:39:40,308 - SUAS - DEBUG - [SUAS_main.main:745] - Waiting for mode change to: AUTO
2025-06-22 20:39:40,809 - SUAS - DEBUG - [SUAS_main.main:745] - Waiting for mode change to: AUTO
2025-06-22 20:39:41,310 - SUAS - DEBUG - [SUAS_main.main:745] - Waiting for mode change to: AUTO
2025-06-22 20:39:41,812 - SUAS - DEBUG - [SUAS_main.main:745] - Waiting for mode change to: AUTO
2025-06-22 20:39:42,313 - SUAS - DEBUG - [SUAS_main.main:745] - Waiting for mode change to: AUTO
2025-06-22 20:39:42,815 - SUAS - DEBUG - [SUAS_main.main:745] - Waiting for mode change to: AUTO
2025-06-22 20:39:43,316 - SUAS - DEBUG - [SUAS_main.main:745] - Waiting for mode change to: AUTO
2025-06-22 20:39:43,818 - SUAS - DEBUG - [SUAS_main.main:745] - Waiting for mode change to: AUTO
2025-06-22 20:39:44,319 - SUAS - DEBUG - [SUAS_main.main:745] - Waiting for mode change to: AUTO
2025-06-22 20:39:44,821 - SUAS - DEBUG - [SUAS_main.main:745] - Waiting for mode change to: AUTO
2025-06-22 20:39:45,322 - SUAS - DEBUG - [SUAS_main.main:745] - Waiting for mode change to: AUTO
2025-06-22 20:39:45,824 - SUAS - DEBUG - [SUAS_main.main:745] - Waiting for mode change to: AUTO
2025-06-22 20:39:46,326 - SUAS - DEBUG - [SUAS_main.main:745] - Waiting for mode change to: AUTO
2025-06-22 20:39:46,827 - SUAS - DEBUG - [SUAS_main.main:745] - Waiting for mode change to: AUTO
2025-06-22 20:39:47,328 - SUAS - DEBUG - [SUAS_main.main:745] - Waiting for mode change to: AUTO
2025-06-22 20:39:47,830 - SUAS - DEBUG - [SUAS_main.main:745] - Waiting for mode change to: AUTO
2025-06-22 20:39:48,331 - SUAS - DEBUG - [SUAS_main.main:745] - Waiting for mode change to: AUTO
2025-06-22 20:39:48,833 - SUAS - DEBUG - [SUAS_main.main:745] - Waiting for mode change to: AUTO
2025-06-22 20:39:49,334 - SUAS - DEBUG - [SUAS_main.main:745] - Waiting for mode change to: AUTO
2025-06-22 20:39:49,836 - SUAS - DEBUG - [SUAS_main.main:745] - Waiting for mode change to: AUTO
2025-06-22 20:39:50,337 - SUAS - DEBUG - [SUAS_main.main:745] - Waiting for mode change to: AUTO
2025-06-22 20:39:50,839 - SUAS - DEBUG - [SUAS_main.main:745] - Waiting for mode change to: AUTO
2025-06-22 20:39:51,340 - SUAS - DEBUG - [SUAS_main.main:745] - Waiting for mode change to: AUTO
2025-06-22 20:39:51,842 - SUAS - DEBUG - [SUAS_main.main:745] - Waiting for mode change to: AUTO
2025-06-22 20:39:52,343 - SUAS - DEBUG - [SUAS_main.main:745] - Waiting for mode change to: AUTO
2025-06-22 20:39:52,845 - SUAS - DEBUG - [SUAS_main.main:745] - Waiting for mode change to: AUTO
2025-06-22 20:39:53,346 - SUAS - DEBUG - [SUAS_main.main:745] - Waiting for mode change to: AUTO
2025-06-22 20:39:53,848 - SUAS - DEBUG - [SUAS_main.main:745] - Waiting for mode change to: AUTO
2025-06-22 20:39:54,349 - SUAS - DEBUG - [SUAS_main.main:745] - Waiting for mode change to: AUTO
2025-06-22 20:39:54,851 - SUAS - DEBUG - [SUAS_main.main:745] - Waiting for mode change to: AUTO
2025-06-22 20:39:55,352 - SUAS - DEBUG - [SUAS_main.main:745] - Waiting for mode change to: AUTO
2025-06-22 20:39:55,854 - SUAS - DEBUG - [SUAS_main.main:745] - Waiting for mode change to: AUTO
2025-06-22 20:39:56,355 - SUAS - DEBUG - [SUAS_main.main:745] - Waiting for mode change to: AUTO
2025-06-22 20:39:56,856 - SUAS - DEBUG - [SUAS_main.main:745] - Waiting for mode change to: AUTO
2025-06-22 20:39:57,358 - SUAS - DEBUG - [SUAS_main.main:745] - Waiting for mode change to: AUTO
2025-06-22 20:39:57,859 - SUAS - DEBUG - [SUAS_main.main:745] - Waiting for mode change to: AUTO
2025-06-22 20:39:58,361 - SUAS - DEBUG - [SUAS_main.main:745] - Waiting for mode change to: AUTO
2025-06-22 20:39:58,862 - SUAS - DEBUG - [SUAS_main.main:745] - Waiting for mode change to: AUTO
2025-06-22 20:39:59,364 - SUAS - DEBUG - [SUAS_main.main:745] - Waiting for mode change to: AUTO
2025-06-22 20:39:59,865 - SUAS - DEBUG - [SUAS_main.main:745] - Waiting for mode change to: AUTO
2025-06-22 20:40:00,367 - SUAS - DEBUG - [SUAS_main.main:745] - Waiting for mode change to: AUTO
2025-06-22 20:40:00,868 - SUAS - DEBUG - [SUAS_main.main:745] - Waiting for mode change to: AUTO
2025-06-22 20:40:01,370 - SUAS - DEBUG - [SUAS_main.main:745] - Waiting for mode change to: AUTO
2025-06-22 20:40:01,871 - SUAS - DEBUG - [SUAS_main.main:745] - Waiting for mode change to: AUTO
2025-06-22 20:40:02,372 - SUAS - DEBUG - [SUAS_main.main:745] - Waiting for mode change to: AUTO
2025-06-22 20:40:02,874 - SUAS - DEBUG - [SUAS_main.main:745] - Waiting for mode change to: AUTO
2025-06-22 20:40:03,375 - SUAS - DEBUG - [SUAS_main.main:745] - Waiting for mode change to: AUTO
2025-06-22 20:40:03,876 - SUAS - DEBUG - [SUAS_main.main:745] - Waiting for mode change to: AUTO
2025-06-22 20:40:04,378 - SUAS - DEBUG - [SUAS_main.main:745] - Waiting for mode change to: AUTO
2025-06-22 20:40:04,880 - SUAS - DEBUG - [SUAS_main.main:745] - Waiting for mode change to: AUTO
2025-06-22 20:40:05,381 - SUAS - DEBUG - [SUAS_main.main:745] - Waiting for mode change to: AUTO
2025-06-22 20:40:05,883 - SUAS - DEBUG - [SUAS_main.main:745] - Waiting for mode change to: AUTO
2025-06-22 20:40:06,384 - SUAS - DEBUG - [SUAS_main.main:745] - Waiting for mode change to: AUTO
2025-06-22 20:40:06,886 - SUAS - DEBUG - [SUAS_main.main:745] - Waiting for mode change to: AUTO
2025-06-22 20:40:07,387 - SUAS - DEBUG - [SUAS_main.main:745] - Waiting for mode change to: AUTO
2025-06-22 20:40:07,889 - SUAS - DEBUG - [SUAS_main.main:745] - Waiting for mode change to: AUTO
2025-06-22 20:40:08,390 - SUAS - DEBUG - [SUAS_main.main:745] - Waiting for mode change to: AUTO
2025-06-22 20:40:08,892 - SUAS - DEBUG - [SUAS_main.main:745] - Waiting for mode change to: AUTO
2025-06-22 20:40:09,394 - SUAS - DEBUG - [SUAS_main.main:745] - Waiting for mode change to: AUTO
2025-06-22 20:40:09,896 - SUAS - DEBUG - [SUAS_main.main:745] - Waiting for mode change to: AUTO
2025-06-22 20:40:10,398 - SUAS - DEBUG - [SUAS_main.main:745] - Waiting for mode change to: AUTO
2025-06-22 20:40:10,899 - SUAS - DEBUG - [SUAS_main.main:745] - Waiting for mode change to: AUTO
2025-06-22 20:40:11,401 - SUAS - DEBUG - [SUAS_main.main:745] - Waiting for mode change to: AUTO
2025-06-22 20:40:11,902 - SUAS - DEBUG - [SUAS_main.main:745] - Waiting for mode change to: AUTO
2025-06-22 20:40:12,404 - SUAS - DEBUG - [SUAS_main.main:745] - Waiting for mode change to: AUTO
2025-06-22 20:40:12,905 - SUAS - DEBUG - [SUAS_main.main:745] - Waiting for mode change to: AUTO
2025-06-22 20:40:13,407 - SUAS - DEBUG - [SUAS_main.main:745] - Waiting for mode change to: AUTO
2025-06-22 20:40:13,908 - SUAS - DEBUG - [SUAS_main.main:745] - Waiting for mode change to: AUTO
2025-06-22 20:40:14,410 - SUAS - DEBUG - [SUAS_main.main:745] - Waiting for mode change to: AUTO
2025-06-22 20:40:14,911 - SUAS - DEBUG - [SUAS_main.main:745] - Waiting for mode change to: AUTO
2025-06-22 20:40:15,412 - SUAS - DEBUG - [SUAS_main.main:745] - Waiting for mode change to: AUTO
2025-06-22 20:40:15,914 - SUAS - DEBUG - [SUAS_main.main:745] - Waiting for mode change to: AUTO
2025-06-22 20:40:16,416 - SUAS - DEBUG - [SUAS_main.main:745] - Waiting for mode change to: AUTO
2025-06-22 20:40:16,917 - SUAS - DEBUG - [SUAS_main.main:745] - Waiting for mode change to: AUTO
2025-06-22 20:40:17,419 - SUAS - DEBUG - [SUAS_main.main:745] - Waiting for mode change to: AUTO
2025-06-22 20:40:17,920 - SUAS - DEBUG - [SUAS_main.main:745] - Waiting for mode change to: AUTO
2025-06-22 20:40:18,422 - SUAS - DEBUG - [SUAS_main.main:745] - Waiting for mode change to: AUTO
2025-06-22 20:40:18,923 - SUAS - DEBUG - [SUAS_main.main:745] - Waiting for mode change to: AUTO
2025-06-22 20:40:19,424 - SUAS - DEBUG - [SUAS_main.main:745] - Waiting for mode change to: AUTO
2025-06-22 20:40:19,926 - SUAS - DEBUG - [SUAS_main.main:745] - Waiting for mode change to: AUTO
2025-06-22 20:40:20,427 - SUAS - DEBUG - [SUAS_main.main:745] - Waiting for mode change to: AUTO
2025-06-22 20:40:20,928 - SUAS - DEBUG - [SUAS_main.main:745] - Waiting for mode change to: AUTO
2025-06-22 20:40:21,430 - SUAS - DEBUG - [SUAS_main.main:745] - Waiting for mode change to: AUTO
2025-06-22 20:40:21,931 - SUAS - DEBUG - [SUAS_main.main:745] - Waiting for mode change to: AUTO
2025-06-22 20:40:22,433 - SUAS - DEBUG - [SUAS_main.main:745] - Waiting for mode change to: AUTO
2025-06-22 20:40:22,934 - SUAS - DEBUG - [SUAS_main.main:745] - Waiting for mode change to: AUTO
2025-06-22 20:40:23,436 - SUAS - DEBUG - [SUAS_main.main:745] - Waiting for mode change to: AUTO
2025-06-22 20:40:23,937 - SUAS - DEBUG - [SUAS_main.main:745] - Waiting for mode change to: AUTO
2025-06-22 20:40:24,439 - SUAS - DEBUG - [SUAS_main.main:745] - Waiting for mode change to: AUTO
2025-06-22 20:40:24,940 - SUAS - DEBUG - [SUAS_main.main:745] - Waiting for mode change to: AUTO
2025-06-22 20:40:25,442 - SUAS - DEBUG - [SUAS_main.main:745] - Waiting for mode change to: AUTO
2025-06-22 20:40:25,943 - SUAS - DEBUG - [SUAS_main.main:745] - Waiting for mode change to: AUTO
2025-06-22 20:40:26,444 - SUAS - DEBUG - [SUAS_main.main:745] - Waiting for mode change to: AUTO
2025-06-22 20:40:26,946 - SUAS - DEBUG - [SUAS_main.main:745] - Waiting for mode change to: AUTO
2025-06-22 20:40:27,447 - SUAS - DEBUG - [SUAS_main.main:745] - Waiting for mode change to: AUTO
2025-06-22 20:40:27,948 - SUAS - DEBUG - [SUAS_main.main:745] - Waiting for mode change to: AUTO
2025-06-22 20:40:28,450 - SUAS - DEBUG - [SUAS_main.main:745] - Waiting for mode change to: AUTO
2025-06-22 20:40:28,951 - SUAS - DEBUG - [SUAS_main.main:745] - Waiting for mode change to: AUTO
2025-06-22 20:40:29,453 - SUAS - DEBUG - [SUAS_main.main:745] - Waiting for mode change to: AUTO
2025-06-22 20:40:29,954 - SUAS - DEBUG - [SUAS_main.main:745] - Waiting for mode change to: AUTO
2025-06-22 20:40:30,456 - SUAS - DEBUG - [SUAS_main.main:745] - Waiting for mode change to: AUTO
2025-06-22 20:40:30,957 - SUAS - DEBUG - [SUAS_main.main:745] - Waiting for mode change to: AUTO
2025-06-22 20:40:31,459 - SUAS - DEBUG - [SUAS_main.main:745] - Waiting for mode change to: AUTO
2025-06-22 20:40:31,960 - SUAS - DEBUG - [SUAS_main.main:745] - Waiting for mode change to: AUTO
2025-06-22 20:40:32,462 - SUAS - DEBUG - [SUAS_main.main:745] - Waiting for mode change to: AUTO
2025-06-22 20:40:32,963 - SUAS - DEBUG - [SUAS_main.main:745] - Waiting for mode change to: AUTO
2025-06-22 20:40:33,464 - SUAS - DEBUG - [SUAS_main.main:745] - Waiting for mode change to: AUTO
2025-06-22 20:40:33,966 - SUAS - DEBUG - [SUAS_main.main:745] - Waiting for mode change to: AUTO
2025-06-22 20:40:34,467 - SUAS - DEBUG - [SUAS_main.main:745] - Waiting for mode change to: AUTO
2025-06-22 20:40:34,969 - SUAS - DEBUG - [SUAS_main.main:745] - Waiting for mode change to: AUTO
2025-06-22 20:40:35,470 - SUAS - DEBUG - [SUAS_main.main:745] - Waiting for mode change to: AUTO
2025-06-22 20:40:35,972 - SUAS - DEBUG - [SUAS_main.main:745] - Waiting for mode change to: AUTO
2025-06-22 20:40:36,473 - SUAS - DEBUG - [SUAS_main.main:745] - Waiting for mode change to: AUTO
2025-06-22 20:40:36,975 - SUAS - DEBUG - [SUAS_main.main:745] - Waiting for mode change to: AUTO
2025-06-22 20:40:37,476 - SUAS - DEBUG - [SUAS_main.main:745] - Waiting for mode change to: AUTO
2025-06-22 20:40:37,978 - SUAS - DEBUG - [SUAS_main.main:745] - Waiting for mode change to: AUTO
2025-06-22 20:40:38,479 - SUAS - DEBUG - [SUAS_main.main:745] - Waiting for mode change to: AUTO
2025-06-22 20:40:38,981 - SUAS - DEBUG - [SUAS_main.main:745] - Waiting for mode change to: AUTO
2025-06-22 20:40:39,482 - SUAS - DEBUG - [SUAS_main.main:745] - Waiting for mode change to: AUTO
2025-06-22 20:40:39,983 - SUAS - DEBUG - [SUAS_main.main:745] - Waiting for mode change to: AUTO
2025-06-22 20:40:40,485 - SUAS - DEBUG - [SUAS_main.main:745] - Waiting for mode change to: AUTO
2025-06-22 20:40:40,986 - SUAS - DEBUG - [SUAS_main.main:745] - Waiting for mode change to: AUTO
2025-06-22 20:40:41,488 - SUAS - DEBUG - [SUAS_main.main:745] - Waiting for mode change to: AUTO
2025-06-22 20:40:41,989 - SUAS - DEBUG - [SUAS_main.main:745] - Waiting for mode change to: AUTO
2025-06-22 20:40:42,491 - SUAS - DEBUG - [SUAS_main.main:745] - Waiting for mode change to: AUTO
2025-06-22 20:40:42,992 - SUAS - DEBUG - [SUAS_main.main:745] - Waiting for mode change to: AUTO
2025-06-22 20:40:43,493 - SUAS - DEBUG - [SUAS_main.main:745] - Waiting for mode change to: AUTO
2025-06-22 20:40:43,995 - SUAS - DEBUG - [SUAS_main.main:745] - Waiting for mode change to: AUTO
2025-06-22 20:40:44,496 - SUAS - DEBUG - [SUAS_main.main:745] - Waiting for mode change to: AUTO
2025-06-22 20:40:44,998 - SUAS - DEBUG - [SUAS_main.main:745] - Waiting for mode change to: AUTO
2025-06-22 20:40:45,499 - SUAS - DEBUG - [SUAS_main.main:745] - Waiting for mode change to: AUTO
2025-06-22 20:40:46,001 - SUAS - DEBUG - [SUAS_main.main:745] - Waiting for mode change to: AUTO
2025-06-22 20:40:46,503 - SUAS - DEBUG - [SUAS_main.main:745] - Waiting for mode change to: AUTO
2025-06-22 20:40:47,004 - SUAS - DEBUG - [SUAS_main.main:745] - Waiting for mode change to: AUTO
2025-06-22 20:40:47,505 - SUAS - DEBUG - [SUAS_main.main:745] - Waiting for mode change to: AUTO
2025-06-22 20:40:48,007 - SUAS - DEBUG - [SUAS_main.main:745] - Waiting for mode change to: AUTO
2025-06-22 20:40:48,508 - SUAS - DEBUG - [SUAS_main.main:745] - Waiting for mode change to: AUTO
2025-06-22 20:40:49,010 - SUAS - DEBUG - [SUAS_main.main:745] - Waiting for mode change to: AUTO
2025-06-22 20:40:49,511 - SUAS - DEBUG - [SUAS_main.main:745] - Waiting for mode change to: AUTO
2025-06-22 20:40:50,012 - SUAS - DEBUG - [SUAS_main.main:745] - Waiting for mode change to: AUTO
2025-06-22 20:40:50,514 - SUAS - DEBUG - [SUAS_main.main:745] - Waiting for mode change to: AUTO
2025-06-22 20:40:51,015 - SUAS - DEBUG - [SUAS_main.main:745] - Waiting for mode change to: AUTO
2025-06-22 20:40:51,516 - SUAS - DEBUG - [SUAS_main.main:745] - Waiting for mode change to: AUTO
2025-06-22 20:40:52,018 - SUAS - DEBUG - [SUAS_main.main:745] - Waiting for mode change to: AUTO
2025-06-22 20:40:52,519 - SUAS - DEBUG - [SUAS_main.main:745] - Waiting for mode change to: AUTO
2025-06-22 20:40:53,021 - SUAS - DEBUG - [SUAS_main.main:745] - Waiting for mode change to: AUTO
2025-06-22 20:40:53,522 - SUAS - DEBUG - [SUAS_main.main:745] - Waiting for mode change to: AUTO
2025-06-22 20:40:54,024 - SUAS - DEBUG - [SUAS_main.main:745] - Waiting for mode change to: AUTO
2025-06-22 20:40:54,525 - SUAS - DEBUG - [SUAS_main.main:745] - Waiting for mode change to: AUTO
2025-06-22 20:40:55,027 - SUAS - DEBUG - [SUAS_main.main:745] - Waiting for mode change to: AUTO
2025-06-22 20:40:55,528 - SUAS - DEBUG - [SUAS_main.main:745] - Waiting for mode change to: AUTO
2025-06-22 20:40:56,029 - SUAS - DEBUG - [SUAS_main.main:745] - Waiting for mode change to: AUTO
2025-06-22 20:40:56,531 - SUAS - DEBUG - [SUAS_main.main:745] - Waiting for mode change to: AUTO
2025-06-22 20:40:57,032 - SUAS - DEBUG - [SUAS_main.main:745] - Waiting for mode change to: AUTO
2025-06-22 20:40:57,533 - SUAS - DEBUG - [SUAS_main.main:745] - Waiting for mode change to: AUTO
2025-06-22 20:40:58,035 - SUAS - DEBUG - [SUAS_main.main:745] - Waiting for mode change to: AUTO
2025-06-22 20:40:58,536 - SUAS - DEBUG - [SUAS_main.main:745] - Waiting for mode change to: AUTO
2025-06-22 20:40:59,038 - SUAS - DEBUG - [SUAS_main.main:745] - Waiting for mode change to: AUTO
2025-06-22 20:40:59,539 - SUAS - DEBUG - [SUAS_main.main:745] - Waiting for mode change to: AUTO
2025-06-22 20:41:00,040 - SUAS - DEBUG - [SUAS_main.main:745] - Waiting for mode change to: AUTO
2025-06-22 20:41:00,542 - SUAS - DEBUG - [SUAS_main.main:745] - Waiting for mode change to: AUTO
2025-06-22 20:41:01,043 - SUAS - DEBUG - [SUAS_main.main:745] - Waiting for mode change to: AUTO
2025-06-22 20:41:01,544 - SUAS - DEBUG - [SUAS_main.main:745] - Waiting for mode change to: AUTO
2025-06-22 20:41:02,046 - SUAS - DEBUG - [SUAS_main.main:745] - Waiting for mode change to: AUTO
2025-06-22 20:41:02,547 - SUAS - DEBUG - [SUAS_main.main:745] - Waiting for mode change to: AUTO
2025-06-22 20:41:03,048 - SUAS - DEBUG - [SUAS_main.main:745] - Waiting for mode change to: AUTO
2025-06-22 20:41:03,550 - SUAS - DEBUG - [SUAS_main.main:745] - Waiting for mode change to: AUTO
2025-06-22 20:41:04,051 - SUAS - DEBUG - [SUAS_main.main:745] - Waiting for mode change to: AUTO
2025-06-22 20:41:04,552 - SUAS - DEBUG - [SUAS_main.main:745] - Waiting for mode change to: AUTO
2025-06-22 20:41:05,054 - SUAS - DEBUG - [SUAS_main.main:745] - Waiting for mode change to: AUTO
2025-06-22 20:41:05,555 - SUAS - DEBUG - [SUAS_main.main:745] - Waiting for mode change to: AUTO
2025-06-22 20:41:06,057 - SUAS - DEBUG - [SUAS_main.main:745] - Waiting for mode change to: AUTO
2025-06-22 20:41:06,558 - SUAS - DEBUG - [SUAS_main.main:745] - Waiting for mode change to: AUTO
2025-06-22 20:41:07,060 - SUAS - DEBUG - [SUAS_main.main:745] - Waiting for mode change to: AUTO
2025-06-22 20:41:07,561 - SUAS - DEBUG - [SUAS_main.main:745] - Waiting for mode change to: AUTO
2025-06-22 20:41:08,063 - SUAS - DEBUG - [SUAS_main.main:745] - Waiting for mode change to: AUTO
2025-06-22 20:41:08,564 - SUAS - DEBUG - [SUAS_main.main:745] - Waiting for mode change to: AUTO
2025-06-22 20:41:09,065 - SUAS - DEBUG - [SUAS_main.main:745] - Waiting for mode change to: AUTO
2025-06-22 20:41:09,567 - SUAS - DEBUG - [SUAS_main.main:745] - Waiting for mode change to: AUTO
2025-06-22 20:41:10,068 - SUAS - DEBUG - [SUAS_main.main:745] - Waiting for mode change to: AUTO
2025-06-22 20:41:10,569 - SUAS - DEBUG - [SUAS_main.main:745] - Waiting for mode change to: AUTO
2025-06-22 20:41:11,071 - SUAS - DEBUG - [SUAS_main.main:745] - Waiting for mode change to: AUTO
2025-06-22 20:41:11,572 - SUAS - DEBUG - [SUAS_main.main:745] - Waiting for mode change to: AUTO
2025-06-22 20:41:12,074 - SUAS - DEBUG - [SUAS_main.main:745] - Waiting for mode change to: AUTO
2025-06-22 20:41:12,575 - SUAS - DEBUG - [SUAS_main.main:745] - Waiting for mode change to: AUTO
2025-06-22 20:41:13,077 - SUAS - DEBUG - [SUAS_main.main:745] - Waiting for mode change to: AUTO
2025-06-22 20:41:13,578 - SUAS - DEBUG - [SUAS_main.main:745] - Waiting for mode change to: AUTO
2025-06-22 20:41:14,080 - SUAS - DEBUG - [SUAS_main.main:745] - Waiting for mode change to: AUTO
2025-06-22 20:41:14,581 - SUAS - DEBUG - [SUAS_main.main:745] - Waiting for mode change to: AUTO
2025-06-22 20:41:15,083 - SUAS - DEBUG - [SUAS_main.main:745] - Waiting for mode change to: AUTO
2025-06-22 20:41:15,584 - SUAS - DEBUG - [SUAS_main.main:745] - Waiting for mode change to: AUTO
2025-06-22 20:41:16,086 - SUAS - DEBUG - [SUAS_main.main:745] - Waiting for mode change to: AUTO
2025-06-22 20:41:16,587 - SUAS - DEBUG - [SUAS_main.main:745] - Waiting for mode change to: AUTO
2025-06-22 20:41:17,088 - SUAS - DEBUG - [SUAS_main.main:745] - Waiting for mode change to: AUTO
2025-06-22 20:41:17,590 - SUAS - DEBUG - [SUAS_main.main:745] - Waiting for mode change to: AUTO
2025-06-22 20:41:18,092 - SUAS - DEBUG - [SUAS_main.main:745] - Waiting for mode change to: AUTO
2025-06-22 20:41:18,593 - SUAS - DEBUG - [SUAS_main.main:745] - Waiting for mode change to: AUTO
2025-06-22 20:41:19,095 - SUAS - DEBUG - [SUAS_main.main:745] - Waiting for mode change to: AUTO
2025-06-22 20:41:19,596 - SUAS - DEBUG - [SUAS_main.main:745] - Waiting for mode change to: AUTO
2025-06-22 20:41:20,098 - SUAS - DEBUG - [SUAS_main.main:745] - Waiting for mode change to: AUTO
2025-06-22 20:41:20,599 - SUAS - DEBUG - [SUAS_main.main:745] - Waiting for mode change to: AUTO
2025-06-22 20:41:21,100 - SUAS - DEBUG - [SUAS_main.main:745] - Waiting for mode change to: AUTO
2025-06-22 20:41:21,602 - SUAS - DEBUG - [SUAS_main.main:745] - Waiting for mode change to: AUTO
2025-06-22 20:41:22,103 - SUAS - DEBUG - [SUAS_main.main:745] - Waiting for mode change to: AUTO
2025-06-22 20:41:22,604 - SUAS - DEBUG - [SUAS_main.main:745] - Waiting for mode change to: AUTO
2025-06-22 20:41:23,106 - SUAS - DEBUG - [SUAS_main.main:745] - Waiting for mode change to: AUTO
2025-06-22 20:41:23,607 - SUAS - DEBUG - [SUAS_main.main:745] - Waiting for mode change to: AUTO
2025-06-22 20:41:24,109 - SUAS - DEBUG - [SUAS_main.main:745] - Waiting for mode change to: AUTO
2025-06-22 20:41:24,610 - SUAS - DEBUG - [SUAS_main.main:745] - Waiting for mode change to: AUTO
2025-06-22 20:41:25,112 - SUAS - DEBUG - [SUAS_main.main:745] - Waiting for mode change to: AUTO
2025-06-22 20:41:25,613 - SUAS - DEBUG - [SUAS_main.main:745] - Waiting for mode change to: AUTO
2025-06-22 20:41:26,115 - SUAS - DEBUG - [SUAS_main.main:745] - Waiting for mode change to: AUTO
2025-06-22 20:41:26,616 - SUAS - DEBUG - [SUAS_main.main:745] - Waiting for mode change to: AUTO
2025-06-22 20:41:27,118 - SUAS - DEBUG - [SUAS_main.main:745] - Waiting for mode change to: AUTO
2025-06-22 20:41:27,619 - SUAS - DEBUG - [SUAS_main.main:745] - Waiting for mode change to: AUTO
2025-06-22 20:41:28,121 - SUAS - DEBUG - [SUAS_main.main:745] - Waiting for mode change to: AUTO
2025-06-22 20:41:28,622 - SUAS - DEBUG - [SUAS_main.main:745] - Waiting for mode change to: AUTO
2025-06-22 20:41:29,124 - SUAS - DEBUG - [SUAS_main.main:745] - Waiting for mode change to: AUTO
2025-06-22 20:41:29,625 - SUAS - DEBUG - [SUAS_main.main:745] - Waiting for mode change to: AUTO
2025-06-22 20:41:30,127 - SUAS - DEBUG - [SUAS_main.main:745] - Waiting for mode change to: AUTO
2025-06-22 20:41:30,628 - SUAS - DEBUG - [SUAS_main.main:745] - Waiting for mode change to: AUTO
2025-06-22 20:41:31,130 - SUAS - DEBUG - [SUAS_main.main:745] - Waiting for mode change to: AUTO
2025-06-22 20:41:31,631 - SUAS - DEBUG - [SUAS_main.main:745] - Waiting for mode change to: AUTO
2025-06-22 20:41:32,133 - SUAS - DEBUG - [SUAS_main.main:745] - Waiting for mode change to: AUTO
2025-06-22 20:41:32,634 - SUAS - DEBUG - [SUAS_main.main:745] - Waiting for mode change to: AUTO
2025-06-22 20:41:33,136 - SUAS - DEBUG - [SUAS_main.main:745] - Waiting for mode change to: AUTO
2025-06-22 20:41:33,637 - SUAS - DEBUG - [SUAS_main.main:745] - Waiting for mode change to: AUTO
2025-06-22 20:41:34,138 - SUAS - DEBUG - [SUAS_main.main:745] - Waiting for mode change to: AUTO
2025-06-22 20:41:34,640 - SUAS - DEBUG - [SUAS_main.main:745] - Waiting for mode change to: AUTO
2025-06-22 20:41:35,141 - SUAS - DEBUG - [SUAS_main.main:745] - Waiting for mode change to: AUTO
2025-06-22 20:41:35,644 - SUAS - DEBUG - [SUAS_main.main:745] - Waiting for mode change to: AUTO
2025-06-22 20:41:36,145 - SUAS - DEBUG - [SUAS_main.main:745] - Waiting for mode change to: AUTO
2025-06-22 20:41:36,647 - SUAS - DEBUG - [SUAS_main.main:745] - Waiting for mode change to: AUTO
2025-06-22 20:41:37,148 - SUAS - DEBUG - [SUAS_main.main:745] - Waiting for mode change to: AUTO
2025-06-22 20:41:37,649 - SUAS - DEBUG - [SUAS_main.main:745] - Waiting for mode change to: AUTO
2025-06-22 20:41:38,151 - SUAS - DEBUG - [SUAS_main.main:745] - Waiting for mode change to: AUTO
2025-06-22 20:41:38,652 - SUAS - DEBUG - [SUAS_main.main:745] - Waiting for mode change to: AUTO
2025-06-22 20:41:39,154 - SUAS - DEBUG - [SUAS_main.main:745] - Waiting for mode change to: AUTO
2025-06-22 20:41:39,655 - SUAS - DEBUG - [SUAS_main.main:745] - Waiting for mode change to: AUTO
2025-06-22 20:41:40,156 - SUAS - DEBUG - [SUAS_main.main:745] - Waiting for mode change to: AUTO
2025-06-22 20:41:40,658 - SUAS - DEBUG - [SUAS_main.main:745] - Waiting for mode change to: AUTO
2025-06-22 20:41:41,159 - SUAS - DEBUG - [SUAS_main.main:745] - Waiting for mode change to: AUTO
2025-06-22 20:41:41,661 - SUAS - DEBUG - [SUAS_main.main:745] - Waiting for mode change to: AUTO
2025-06-22 20:41:42,163 - SUAS - DEBUG - [SUAS_main.main:745] - Waiting for mode change to: AUTO
2025-06-22 20:41:42,665 - SUAS - DEBUG - [SUAS_main.main:745] - Waiting for mode change to: AUTO
2025-06-22 20:41:43,166 - SUAS - DEBUG - [SUAS_main.main:745] - Waiting for mode change to: AUTO
2025-06-22 20:41:43,668 - SUAS - DEBUG - [SUAS_main.main:745] - Waiting for mode change to: AUTO
2025-06-22 20:41:44,169 - SUAS - DEBUG - [SUAS_main.main:745] - Waiting for mode change to: AUTO
2025-06-22 20:41:44,670 - SUAS - DEBUG - [SUAS_main.main:745] - Waiting for mode change to: AUTO
2025-06-22 20:41:45,172 - SUAS - DEBUG - [SUAS_main.main:745] - Waiting for mode change to: AUTO
2025-06-22 20:41:45,673 - SUAS - DEBUG - [SUAS_main.main:745] - Waiting for mode change to: AUTO
2025-06-22 20:41:46,175 - SUAS - DEBUG - [SUAS_main.main:745] - Waiting for mode change to: AUTO
2025-06-22 20:41:46,676 - SUAS - DEBUG - [SUAS_main.main:745] - Waiting for mode change to: AUTO
2025-06-22 20:41:47,178 - SUAS - DEBUG - [SUAS_main.main:745] - Waiting for mode change to: AUTO
2025-06-22 20:41:47,679 - SUAS - DEBUG - [SUAS_main.main:745] - Waiting for mode change to: AUTO
2025-06-22 20:41:48,181 - SUAS - DEBUG - [SUAS_main.main:745] - Waiting for mode change to: AUTO
2025-06-22 20:41:48,682 - SUAS - DEBUG - [SUAS_main.main:745] - Waiting for mode change to: AUTO
2025-06-22 20:41:49,183 - SUAS - DEBUG - [SUAS_main.main:745] - Waiting for mode change to: AUTO
2025-06-22 20:41:49,685 - SUAS - DEBUG - [SUAS_main.main:745] - Waiting for mode change to: AUTO
2025-06-22 20:41:50,186 - SUAS - DEBUG - [SUAS_main.main:745] - Waiting for mode change to: AUTO
2025-06-22 20:41:50,688 - SUAS - DEBUG - [SUAS_main.main:745] - Waiting for mode change to: AUTO
2025-06-22 20:41:51,189 - SUAS - DEBUG - [SUAS_main.main:745] - Waiting for mode change to: AUTO
2025-06-22 20:41:51,691 - SUAS - DEBUG - [SUAS_main.main:745] - Waiting for mode change to: AUTO
2025-06-22 20:41:52,192 - SUAS - DEBUG - [SUAS_main.main:745] - Waiting for mode change to: AUTO
2025-06-22 20:41:52,694 - SUAS - DEBUG - [SUAS_main.main:745] - Waiting for mode change to: AUTO
2025-06-22 20:41:53,195 - SUAS - DEBUG - [SUAS_main.main:745] - Waiting for mode change to: AUTO
2025-06-22 20:41:53,697 - SUAS - DEBUG - [SUAS_main.main:745] - Waiting for mode change to: AUTO
2025-06-22 20:41:54,198 - SUAS - DEBUG - [SUAS_main.main:745] - Waiting for mode change to: AUTO
2025-06-22 20:41:54,700 - SUAS - DEBUG - [SUAS_main.main:745] - Waiting for mode change to: AUTO
2025-06-22 20:41:55,201 - SUAS - DEBUG - [SUAS_main.main:745] - Waiting for mode change to: AUTO
2025-06-22 20:41:55,703 - SUAS - DEBUG - [SUAS_main.main:745] - Waiting for mode change to: AUTO
2025-06-22 20:41:56,204 - SUAS - DEBUG - [SUAS_main.main:745] - Waiting for mode change to: AUTO
2025-06-22 20:41:56,706 - SUAS - DEBUG - [SUAS_main.main:745] - Waiting for mode change to: AUTO
2025-06-22 20:41:57,207 - SUAS - DEBUG - [SUAS_main.main:745] - Waiting for mode change to: AUTO
2025-06-22 20:41:57,708 - SUAS - DEBUG - [SUAS_main.main:745] - Waiting for mode change to: AUTO
2025-06-22 20:41:58,210 - SUAS - DEBUG - [SUAS_main.main:745] - Waiting for mode change to: AUTO
2025-06-22 20:41:58,711 - SUAS - DEBUG - [SUAS_main.main:745] - Waiting for mode change to: AUTO
2025-06-22 20:41:59,212 - SUAS - DEBUG - [SUAS_main.main:745] - Waiting for mode change to: AUTO
2025-06-22 20:41:59,714 - SUAS - DEBUG - [SUAS_main.main:745] - Waiting for mode change to: AUTO
2025-06-22 20:42:00,216 - SUAS - DEBUG - [SUAS_main.main:745] - Waiting for mode change to: AUTO
2025-06-22 20:42:00,717 - SUAS - DEBUG - [SUAS_main.main:745] - Waiting for mode change to: AUTO
2025-06-22 20:42:01,219 - SUAS - DEBUG - [SUAS_main.main:745] - Waiting for mode change to: AUTO
2025-06-22 20:42:01,720 - SUAS - DEBUG - [SUAS_main.main:745] - Waiting for mode change to: AUTO
2025-06-22 20:42:02,222 - SUAS - DEBUG - [SUAS_main.main:745] - Waiting for mode change to: AUTO
2025-06-22 20:42:02,723 - SUAS - DEBUG - [SUAS_main.main:745] - Waiting for mode change to: AUTO
2025-06-22 20:42:03,224 - SUAS - DEBUG - [SUAS_main.main:745] - Waiting for mode change to: AUTO
2025-06-22 20:42:03,726 - SUAS - DEBUG - [SUAS_main.main:745] - Waiting for mode change to: AUTO
2025-06-22 20:42:04,227 - SUAS - DEBUG - [SUAS_main.main:745] - Waiting for mode change to: AUTO
2025-06-22 20:42:04,728 - SUAS - DEBUG - [SUAS_main.main:745] - Waiting for mode change to: AUTO
2025-06-22 20:42:05,230 - SUAS - DEBUG - [SUAS_main.main:745] - Waiting for mode change to: AUTO
2025-06-22 20:42:05,731 - SUAS - DEBUG - [SUAS_main.main:745] - Waiting for mode change to: AUTO
2025-06-22 20:42:06,233 - SUAS - DEBUG - [SUAS_main.main:745] - Waiting for mode change to: AUTO
2025-06-22 20:42:06,734 - SUAS - DEBUG - [SUAS_main.main:745] - Waiting for mode change to: AUTO
2025-06-22 20:42:07,235 - SUAS - DEBUG - [SUAS_main.main:745] - Waiting for mode change to: AUTO
2025-06-22 20:42:07,737 - SUAS - DEBUG - [SUAS_main.main:745] - Waiting for mode change to: AUTO
2025-06-22 20:42:08,238 - SUAS - DEBUG - [SUAS_main.main:745] - Waiting for mode change to: AUTO
2025-06-22 20:42:08,740 - SUAS - DEBUG - [SUAS_main.main:745] - Waiting for mode change to: AUTO
2025-06-22 20:42:09,241 - SUAS - DEBUG - [SUAS_main.main:745] - Waiting for mode change to: AUTO
2025-06-22 20:42:09,743 - SUAS - DEBUG - [SUAS_main.main:745] - Waiting for mode change to: AUTO
2025-06-22 20:42:10,244 - SUAS - DEBUG - [SUAS_main.main:745] - Waiting for mode change to: AUTO
2025-06-22 20:42:10,746 - SUAS - DEBUG - [SUAS_main.main:745] - Waiting for mode change to: AUTO
2025-06-22 20:42:11,247 - SUAS - DEBUG - [SUAS_main.main:745] - Waiting for mode change to: AUTO
2025-06-22 20:42:11,749 - SUAS - DEBUG - [SUAS_main.main:745] - Waiting for mode change to: AUTO
2025-06-22 20:42:12,251 - SUAS - DEBUG - [SUAS_main.main:745] - Waiting for mode change to: AUTO
2025-06-22 20:42:12,753 - SUAS - DEBUG - [SUAS_main.main:745] - Waiting for mode change to: AUTO
2025-06-22 20:42:13,254 - SUAS - DEBUG - [SUAS_main.main:745] - Waiting for mode change to: AUTO
2025-06-22 20:42:13,756 - SUAS - DEBUG - [SUAS_main.main:745] - Waiting for mode change to: AUTO
2025-06-22 20:42:14,257 - SUAS - DEBUG - [SUAS_main.main:745] - Waiting for mode change to: AUTO
2025-06-22 20:42:14,759 - SUAS - DEBUG - [SUAS_main.main:745] - Waiting for mode change to: AUTO
2025-06-22 20:42:15,260 - SUAS - DEBUG - [SUAS_main.main:745] - Waiting for mode change to: AUTO
2025-06-22 20:42:15,762 - SUAS - DEBUG - [SUAS_main.main:745] - Waiting for mode change to: AUTO
2025-06-22 20:42:16,263 - SUAS - DEBUG - [SUAS_main.main:745] - Waiting for mode change to: AUTO
2025-06-22 20:42:16,764 - SUAS - DEBUG - [SUAS_main.main:745] - Waiting for mode change to: AUTO
2025-06-22 20:42:17,266 - SUAS - DEBUG - [SUAS_main.main:745] - Waiting for mode change to: AUTO
2025-06-22 20:42:17,768 - SUAS - DEBUG - [SUAS_main.main:745] - Waiting for mode change to: AUTO
2025-06-22 20:42:18,269 - SUAS - DEBUG - [SUAS_main.main:745] - Waiting for mode change to: AUTO
2025-06-22 20:42:18,771 - SUAS - DEBUG - [SUAS_main.main:745] - Waiting for mode change to: AUTO
2025-06-22 20:42:19,273 - SUAS - DEBUG - [SUAS_main.main:745] - Waiting for mode change to: AUTO
2025-06-22 20:42:19,775 - SUAS - DEBUG - [SUAS_main.main:745] - Waiting for mode change to: AUTO
2025-06-22 20:42:20,276 - SUAS - DEBUG - [SUAS_main.main:745] - Waiting for mode change to: AUTO
2025-06-22 20:42:20,778 - SUAS - DEBUG - [SUAS_main.main:745] - Waiting for mode change to: AUTO
2025-06-22 20:42:21,279 - SUAS - DEBUG - [SUAS_main.main:745] - Waiting for mode change to: AUTO
2025-06-22 20:42:21,781 - SUAS - DEBUG - [SUAS_main.main:745] - Waiting for mode change to: AUTO
2025-06-22 20:42:22,282 - SUAS - DEBUG - [SUAS_main.main:745] - Waiting for mode change to: AUTO
2025-06-22 20:42:22,783 - SUAS - DEBUG - [SUAS_main.main:745] - Waiting for mode change to: AUTO
2025-06-22 20:42:23,285 - SUAS - DEBUG - [SUAS_main.main:745] - Waiting for mode change to: AUTO
2025-06-22 20:42:23,787 - SUAS - DEBUG - [SUAS_main.main:745] - Waiting for mode change to: AUTO
2025-06-22 20:42:24,321 - SUAS - DEBUG - [SUAS_main.main:745] - Waiting for mode change to: AUTO
2025-06-22 20:42:24,823 - SUAS - DEBUG - [SUAS_main.main:745] - Waiting for mode change to: AUTO
2025-06-22 20:42:25,325 - SUAS - DEBUG - [SUAS_main.main:745] - Waiting for mode change to: AUTO
2025-06-22 20:42:25,826 - SUAS - DEBUG - [SUAS_main.main:745] - Waiting for mode change to: AUTO
2025-06-22 20:42:26,328 - SUAS - DEBUG - [SUAS_main.main:745] - Waiting for mode change to: AUTO
2025-06-22 20:42:26,830 - SUAS - DEBUG - [SUAS_main.main:745] - Waiting for mode change to: AUTO
2025-06-22 20:42:27,331 - SUAS - DEBUG - [SUAS_main.main:745] - Waiting for mode change to: AUTO
2025-06-22 20:42:27,833 - SUAS - DEBUG - [SUAS_main.main:745] - Waiting for mode change to: AUTO
2025-06-22 20:42:28,334 - SUAS - DEBUG - [SUAS_main.main:745] - Waiting for mode change to: AUTO
2025-06-22 20:42:28,836 - SUAS - DEBUG - [SUAS_main.main:745] - Waiting for mode change to: AUTO
2025-06-22 20:42:29,338 - SUAS - DEBUG - [SUAS_main.main:745] - Waiting for mode change to: AUTO
2025-06-22 20:42:29,839 - SUAS - DEBUG - [SUAS_main.main:745] - Waiting for mode change to: AUTO
2025-06-22 20:42:30,341 - SUAS - DEBUG - [SUAS_main.main:745] - Waiting for mode change to: AUTO
2025-06-22 20:42:30,843 - SUAS - DEBUG - [SUAS_main.main:745] - Waiting for mode change to: AUTO
2025-06-22 20:42:31,344 - SUAS - DEBUG - [SUAS_main.main:745] - Waiting for mode change to: AUTO
2025-06-22 20:42:31,846 - SUAS - DEBUG - [SUAS_main.main:745] - Waiting for mode change to: AUTO
2025-06-22 20:42:32,347 - SUAS - DEBUG - [SUAS_main.main:745] - Waiting for mode change to: AUTO
2025-06-22 20:42:32,848 - SUAS - DEBUG - [SUAS_main.main:745] - Waiting for mode change to: AUTO
2025-06-22 20:42:33,350 - SUAS - DEBUG - [SUAS_main.main:745] - Waiting for mode change to: AUTO
2025-06-22 20:42:33,851 - SUAS - DEBUG - [SUAS_main.main:745] - Waiting for mode change to: AUTO
2025-06-22 20:42:34,353 - SUAS - DEBUG - [SUAS_main.main:745] - Waiting for mode change to: AUTO
2025-06-22 20:42:34,854 - SUAS - DEBUG - [SUAS_main.main:745] - Waiting for mode change to: AUTO
2025-06-22 20:42:35,356 - SUAS - DEBUG - [SUAS_main.main:745] - Waiting for mode change to: AUTO
2025-06-22 20:42:35,857 - SUAS - DEBUG - [SUAS_main.main:745] - Waiting for mode change to: AUTO
2025-06-22 20:42:36,359 - SUAS - DEBUG - [SUAS_main.main:745] - Waiting for mode change to: AUTO
2025-06-22 20:42:36,860 - SUAS - DEBUG - [SUAS_main.main:745] - Waiting for mode change to: AUTO
2025-06-22 20:42:37,362 - SUAS - DEBUG - [SUAS_main.main:745] - Waiting for mode change to: AUTO
2025-06-22 20:42:37,864 - SUAS - DEBUG - [SUAS_main.main:745] - Waiting for mode change to: AUTO
2025-06-22 20:42:38,365 - SUAS - DEBUG - [SUAS_main.main:745] - Waiting for mode change to: AUTO
2025-06-22 20:42:38,867 - SUAS - DEBUG - [SUAS_main.main:745] - Waiting for mode change to: AUTO
2025-06-22 20:42:39,368 - SUAS - DEBUG - [SUAS_main.main:745] - Waiting for mode change to: AUTO
2025-06-22 20:42:39,869 - SUAS - DEBUG - [SUAS_main.main:745] - Waiting for mode change to: AUTO
2025-06-22 20:42:40,371 - SUAS - DEBUG - [SUAS_main.main:745] - Waiting for mode change to: AUTO
2025-06-22 20:42:40,872 - SUAS - DEBUG - [SUAS_main.main:745] - Waiting for mode change to: AUTO
2025-06-22 20:42:41,374 - SUAS - DEBUG - [SUAS_main.main:745] - Waiting for mode change to: AUTO
2025-06-22 20:42:41,875 - SUAS - DEBUG - [SUAS_main.main:745] - Waiting for mode change to: AUTO
2025-06-22 20:42:42,377 - SUAS - DEBUG - [SUAS_main.main:745] - Waiting for mode change to: AUTO
2025-06-22 20:42:42,879 - SUAS - DEBUG - [SUAS_main.main:745] - Waiting for mode change to: AUTO
2025-06-22 20:42:43,380 - SUAS - DEBUG - [SUAS_main.main:745] - Waiting for mode change to: AUTO
2025-06-22 20:42:43,882 - SUAS - DEBUG - [SUAS_main.main:745] - Waiting for mode change to: AUTO
2025-06-22 20:42:44,383 - SUAS - DEBUG - [SUAS_main.main:745] - Waiting for mode change to: AUTO
2025-06-22 20:42:44,885 - SUAS - DEBUG - [SUAS_main.main:745] - Waiting for mode change to: AUTO
2025-06-22 20:42:45,386 - SUAS - DEBUG - [SUAS_main.main:745] - Waiting for mode change to: AUTO
2025-06-22 20:42:45,888 - SUAS - DEBUG - [SUAS_main.main:745] - Waiting for mode change to: AUTO
2025-06-22 20:42:46,389 - SUAS - DEBUG - [SUAS_main.main:745] - Waiting for mode change to: AUTO
2025-06-22 20:42:46,890 - SUAS - DEBUG - [SUAS_main.main:745] - Waiting for mode change to: AUTO
2025-06-22 20:42:47,392 - SUAS - DEBUG - [SUAS_main.main:745] - Waiting for mode change to: AUTO
2025-06-22 20:42:47,893 - SUAS - DEBUG - [SUAS_main.main:745] - Waiting for mode change to: AUTO
2025-06-22 20:42:48,395 - SUAS - DEBUG - [SUAS_main.main:745] - Waiting for mode change to: AUTO
2025-06-22 20:42:48,897 - SUAS - DEBUG - [SUAS_main.main:745] - Waiting for mode change to: AUTO
2025-06-22 20:42:49,398 - SUAS - DEBUG - [SUAS_main.main:745] - Waiting for mode change to: AUTO
2025-06-22 20:42:49,900 - SUAS - DEBUG - [SUAS_main.main:745] - Waiting for mode change to: AUTO
2025-06-22 20:42:50,401 - SUAS - DEBUG - [SUAS_main.main:745] - Waiting for mode change to: AUTO
2025-06-22 20:42:50,903 - SUAS - DEBUG - [SUAS_main.main:745] - Waiting for mode change to: AUTO
2025-06-22 20:42:51,404 - SUAS - DEBUG - [SUAS_main.main:745] - Waiting for mode change to: AUTO
2025-06-22 20:42:51,905 - SUAS - DEBUG - [SUAS_main.main:745] - Waiting for mode change to: AUTO
2025-06-22 20:42:52,407 - SUAS - DEBUG - [SUAS_main.main:745] - Waiting for mode change to: AUTO
2025-06-22 20:42:52,908 - SUAS - DEBUG - [SUAS_main.main:745] - Waiting for mode change to: AUTO
2025-06-22 20:42:53,410 - SUAS - DEBUG - [SUAS_main.main:745] - Waiting for mode change to: AUTO
2025-06-22 20:42:53,911 - SUAS - DEBUG - [SUAS_main.main:745] - Waiting for mode change to: AUTO
2025-06-22 20:42:54,413 - SUAS - DEBUG - [SUAS_main.main:745] - Waiting for mode change to: AUTO
2025-06-22 20:42:54,947 - SUAS - DEBUG - [SUAS_main.main:745] - Waiting for mode change to: AUTO
2025-06-22 20:42:55,449 - SUAS - DEBUG - [SUAS_main.main:745] - Waiting for mode change to: AUTO
2025-06-22 20:42:55,950 - SUAS - DEBUG - [SUAS_main.main:745] - Waiting for mode change to: AUTO
2025-06-22 20:42:56,452 - SUAS - DEBUG - [SUAS_main.main:745] - Waiting for mode change to: AUTO
2025-06-22 20:42:56,954 - SUAS - DEBUG - [SUAS_main.main:745] - Waiting for mode change to: AUTO
2025-06-22 20:42:57,455 - SUAS - DEBUG - [SUAS_main.main:745] - Waiting for mode change to: AUTO
2025-06-22 20:42:57,956 - SUAS - DEBUG - [SUAS_main.main:745] - Waiting for mode change to: AUTO
2025-06-22 20:42:58,458 - SUAS - DEBUG - [SUAS_main.main:745] - Waiting for mode change to: AUTO
2025-06-22 20:42:58,959 - SUAS - DEBUG - [SUAS_main.main:745] - Waiting for mode change to: AUTO
2025-06-22 20:42:59,460 - SUAS - DEBUG - [SUAS_main.main:745] - Waiting for mode change to: AUTO
2025-06-22 20:42:59,962 - SUAS - DEBUG - [SUAS_main.main:745] - Waiting for mode change to: AUTO
2025-06-22 20:43:00,463 - SUAS - DEBUG - [SUAS_main.main:745] - Waiting for mode change to: AUTO
2025-06-22 20:43:00,964 - SUAS - DEBUG - [SUAS_main.main:745] - Waiting for mode change to: AUTO
2025-06-22 20:43:01,466 - SUAS - DEBUG - [SUAS_main.main:745] - Waiting for mode change to: AUTO
2025-06-22 20:43:01,967 - SUAS - DEBUG - [SUAS_main.main:745] - Waiting for mode change to: AUTO
2025-06-22 20:43:02,468 - SUAS - DEBUG - [SUAS_main.main:745] - Waiting for mode change to: AUTO
2025-06-22 20:43:02,970 - SUAS - DEBUG - [SUAS_main.main:745] - Waiting for mode change to: AUTO
2025-06-22 20:43:03,471 - SUAS - DEBUG - [SUAS_main.main:745] - Waiting for mode change to: AUTO
2025-06-22 20:43:03,973 - SUAS - DEBUG - [SUAS_main.main:745] - Waiting for mode change to: AUTO
2025-06-22 20:43:04,475 - SUAS - DEBUG - [SUAS_main.main:745] - Waiting for mode change to: AUTO
2025-06-22 20:43:04,976 - SUAS - DEBUG - [SUAS_main.main:745] - Waiting for mode change to: AUTO
2025-06-22 20:43:05,478 - SUAS - DEBUG - [SUAS_main.main:745] - Waiting for mode change to: AUTO
2025-06-22 20:43:05,979 - SUAS - DEBUG - [SUAS_main.main:745] - Waiting for mode change to: AUTO
2025-06-22 20:43:06,480 - SUAS - DEBUG - [SUAS_main.main:745] - Waiting for mode change to: AUTO
2025-06-22 20:43:06,982 - SUAS - DEBUG - [SUAS_main.main:745] - Waiting for mode change to: AUTO
2025-06-22 20:43:07,483 - SUAS - DEBUG - [SUAS_main.main:745] - Waiting for mode change to: AUTO
2025-06-22 20:43:07,984 - SUAS - DEBUG - [SUAS_main.main:745] - Waiting for mode change to: AUTO
2025-06-22 20:43:08,485 - SUAS - DEBUG - [SUAS_main.main:745] - Waiting for mode change to: AUTO
2025-06-22 20:43:08,987 - SUAS - DEBUG - [SUAS_main.main:745] - Waiting for mode change to: AUTO
2025-06-22 20:43:09,489 - SUAS - DEBUG - [SUAS_main.main:745] - Waiting for mode change to: AUTO
2025-06-22 20:43:09,990 - SUAS - DEBUG - [SUAS_main.main:745] - Waiting for mode change to: AUTO
2025-06-22 20:43:10,491 - SUAS - DEBUG - [SUAS_main.main:745] - Waiting for mode change to: AUTO
2025-06-22 20:43:10,993 - SUAS - DEBUG - [SUAS_main.main:745] - Waiting for mode change to: AUTO
2025-06-22 20:43:11,494 - SUAS - DEBUG - [SUAS_main.main:745] - Waiting for mode change to: AUTO
2025-06-22 20:43:11,996 - SUAS - DEBUG - [SUAS_main.main:745] - Waiting for mode change to: AUTO
2025-06-22 20:43:12,497 - SUAS - DEBUG - [SUAS_main.main:745] - Waiting for mode change to: AUTO
2025-06-22 20:43:12,999 - SUAS - DEBUG - [SUAS_main.main:745] - Waiting for mode change to: AUTO
2025-06-22 20:43:13,500 - SUAS - DEBUG - [SUAS_main.main:745] - Waiting for mode change to: AUTO
2025-06-22 20:43:14,002 - SUAS - DEBUG - [SUAS_main.main:745] - Waiting for mode change to: AUTO
2025-06-22 20:43:14,503 - SUAS - DEBUG - [SUAS_main.main:745] - Waiting for mode change to: AUTO
2025-06-22 20:43:15,005 - SUAS - DEBUG - [SUAS_main.main:745] - Waiting for mode change to: AUTO
2025-06-22 20:43:15,539 - SUAS - DEBUG - [SUAS_main.main:745] - Waiting for mode change to: AUTO
2025-06-22 20:43:16,040 - SUAS - DEBUG - [SUAS_main.main:745] - Waiting for mode change to: AUTO
2025-06-22 20:43:16,542 - SUAS - DEBUG - [SUAS_main.main:745] - Waiting for mode change to: AUTO
2025-06-22 20:43:17,043 - SUAS - DEBUG - [SUAS_main.main:745] - Waiting for mode change to: AUTO
2025-06-22 20:43:17,544 - SUAS - DEBUG - [SUAS_main.main:745] - Waiting for mode change to: AUTO
2025-06-22 20:43:18,046 - SUAS - DEBUG - [SUAS_main.main:745] - Waiting for mode change to: AUTO
2025-06-22 20:43:18,548 - SUAS - DEBUG - [SUAS_main.main:745] - Waiting for mode change to: AUTO
2025-06-22 20:43:19,049 - SUAS - DEBUG - [SUAS_main.main:745] - Waiting for mode change to: AUTO
2025-06-22 20:43:19,551 - SUAS - DEBUG - [SUAS_main.main:745] - Waiting for mode change to: AUTO
2025-06-22 20:43:20,052 - SUAS - DEBUG - [SUAS_main.main:745] - Waiting for mode change to: AUTO
2025-06-22 20:43:20,554 - SUAS - DEBUG - [SUAS_main.main:745] - Waiting for mode change to: AUTO
2025-06-22 20:43:21,055 - SUAS - DEBUG - [SUAS_main.main:745] - Waiting for mode change to: AUTO
2025-06-22 20:43:21,556 - SUAS - DEBUG - [SUAS_main.main:745] - Waiting for mode change to: AUTO
2025-06-22 20:43:22,058 - SUAS - DEBUG - [SUAS_main.main:745] - Waiting for mode change to: AUTO
2025-06-22 20:43:22,559 - SUAS - DEBUG - [SUAS_main.main:745] - Waiting for mode change to: AUTO
2025-06-22 20:43:23,060 - SUAS - DEBUG - [SUAS_main.main:745] - Waiting for mode change to: AUTO
2025-06-22 20:43:23,562 - SUAS - DEBUG - [SUAS_main.main:745] - Waiting for mode change to: AUTO
2025-06-22 20:43:24,063 - SUAS - DEBUG - [SUAS_main.main:745] - Waiting for mode change to: AUTO
2025-06-22 20:43:24,565 - SUAS - DEBUG - [SUAS_main.main:745] - Waiting for mode change to: AUTO
2025-06-22 20:43:25,066 - SUAS - DEBUG - [SUAS_main.main:745] - Waiting for mode change to: AUTO
2025-06-22 20:43:25,568 - SUAS - DEBUG - [SUAS_main.main:745] - Waiting for mode change to: AUTO
2025-06-22 20:43:26,069 - SUAS - DEBUG - [SUAS_main.main:745] - Waiting for mode change to: AUTO
2025-06-22 20:43:26,571 - SUAS - DEBUG - [SUAS_main.main:745] - Waiting for mode change to: AUTO
2025-06-22 20:43:27,072 - SUAS - DEBUG - [SUAS_main.main:745] - Waiting for mode change to: AUTO
2025-06-22 20:43:27,574 - SUAS - DEBUG - [SUAS_main.main:745] - Waiting for mode change to: AUTO
2025-06-22 20:43:28,075 - SUAS - DEBUG - [SUAS_main.main:745] - Waiting for mode change to: AUTO
2025-06-22 20:43:28,576 - SUAS - DEBUG - [SUAS_main.main:745] - Waiting for mode change to: AUTO
2025-06-22 20:43:29,078 - SUAS - DEBUG - [SUAS_main.main:745] - Waiting for mode change to: AUTO
2025-06-22 20:43:29,579 - SUAS - DEBUG - [SUAS_main.main:745] - Waiting for mode change to: AUTO
2025-06-22 20:43:30,081 - SUAS - DEBUG - [SUAS_main.main:745] - Waiting for mode change to: AUTO
2025-06-22 20:43:30,583 - SUAS - DEBUG - [SUAS_main.main:745] - Waiting for mode change to: AUTO
2025-06-22 20:43:31,084 - SUAS - DEBUG - [SUAS_main.main:745] - Waiting for mode change to: AUTO
2025-06-22 20:43:31,586 - SUAS - DEBUG - [SUAS_main.main:745] - Waiting for mode change to: AUTO
2025-06-22 20:43:32,087 - SUAS - DEBUG - [SUAS_main.main:745] - Waiting for mode change to: AUTO
2025-06-22 20:43:32,588 - SUAS - DEBUG - [SUAS_main.main:745] - Waiting for mode change to: AUTO
2025-06-22 20:43:33,090 - SUAS - DEBUG - [SUAS_main.main:745] - Waiting for mode change to: AUTO
2025-06-22 20:43:33,591 - SUAS - DEBUG - [SUAS_main.main:745] - Waiting for mode change to: AUTO
2025-06-22 20:43:34,093 - SUAS - DEBUG - [SUAS_main.main:745] - Waiting for mode change to: AUTO
2025-06-22 20:43:34,594 - SUAS - DEBUG - [SUAS_main.main:745] - Waiting for mode change to: AUTO
2025-06-22 20:43:35,096 - SUAS - DEBUG - [SUAS_main.main:745] - Waiting for mode change to: AUTO
2025-06-22 20:43:35,598 - SUAS - DEBUG - [SUAS_main.main:745] - Waiting for mode change to: AUTO
2025-06-22 20:43:36,132 - SUAS - DEBUG - [SUAS_main.main:745] - Waiting for mode change to: AUTO
2025-06-22 20:43:36,633 - SUAS - DEBUG - [SUAS_main.main:745] - Waiting for mode change to: AUTO
2025-06-22 20:43:37,135 - SUAS - DEBUG - [SUAS_main.main:745] - Waiting for mode change to: AUTO
2025-06-22 20:43:37,637 - SUAS - DEBUG - [SUAS_main.main:745] - Waiting for mode change to: AUTO
2025-06-22 20:43:38,138 - SUAS - DEBUG - [SUAS_main.main:745] - Waiting for mode change to: AUTO
2025-06-22 20:43:38,640 - SUAS - DEBUG - [SUAS_main.main:745] - Waiting for mode change to: AUTO
2025-06-22 20:43:39,141 - SUAS - DEBUG - [SUAS_main.main:745] - Waiting for mode change to: AUTO
2025-06-22 20:43:39,643 - SUAS - DEBUG - [SUAS_main.main:745] - Waiting for mode change to: AUTO
2025-06-22 20:43:40,144 - SUAS - DEBUG - [SUAS_main.main:745] - Waiting for mode change to: AUTO
2025-06-22 20:43:40,646 - SUAS - DEBUG - [SUAS_main.main:745] - Waiting for mode change to: AUTO
2025-06-22 20:43:41,147 - SUAS - DEBUG - [SUAS_main.main:745] - Waiting for mode change to: AUTO
2025-06-22 20:43:41,648 - SUAS - DEBUG - [SUAS_main.main:745] - Waiting for mode change to: AUTO
2025-06-22 20:43:42,150 - SUAS - DEBUG - [SUAS_main.main:745] - Waiting for mode change to: AUTO
2025-06-22 20:43:42,651 - SUAS - DEBUG - [SUAS_main.main:745] - Waiting for mode change to: AUTO
2025-06-22 20:43:43,152 - SUAS - DEBUG - [SUAS_main.main:745] - Waiting for mode change to: AUTO
2025-06-22 20:43:43,654 - SUAS - DEBUG - [SUAS_main.main:745] - Waiting for mode change to: AUTO
2025-06-22 20:43:44,155 - SUAS - DEBUG - [SUAS_main.main:745] - Waiting for mode change to: AUTO
2025-06-22 20:43:44,657 - SUAS - DEBUG - [SUAS_main.main:745] - Waiting for mode change to: AUTO
2025-06-22 20:43:45,158 - SUAS - DEBUG - [SUAS_main.main:745] - Waiting for mode change to: AUTO
2025-06-22 20:43:45,660 - SUAS - DEBUG - [SUAS_main.main:745] - Waiting for mode change to: AUTO
2025-06-22 20:43:46,161 - SUAS - DEBUG - [SUAS_main.main:745] - Waiting for mode change to: AUTO
2025-06-22 20:43:46,696 - SUAS - DEBUG - [SUAS_main.main:745] - Waiting for mode change to: AUTO
2025-06-22 20:43:47,197 - SUAS - DEBUG - [SUAS_main.main:745] - Waiting for mode change to: AUTO
2025-06-22 20:43:47,699 - SUAS - DEBUG - [SUAS_main.main:745] - Waiting for mode change to: AUTO
2025-06-22 20:43:48,200 - SUAS - DEBUG - [SUAS_main.main:745] - Waiting for mode change to: AUTO
2025-06-22 20:43:48,701 - SUAS - DEBUG - [SUAS_main.main:745] - Waiting for mode change to: AUTO
2025-06-22 20:43:49,203 - SUAS - DEBUG - [SUAS_main.main:745] - Waiting for mode change to: AUTO
2025-06-22 20:43:49,704 - SUAS - DEBUG - [SUAS_main.main:745] - Waiting for mode change to: AUTO
2025-06-22 20:43:50,205 - SUAS - DEBUG - [SUAS_main.main:745] - Waiting for mode change to: AUTO
2025-06-22 20:43:50,707 - SUAS - DEBUG - [SUAS_main.main:745] - Waiting for mode change to: AUTO
2025-06-22 20:43:51,208 - SUAS - DEBUG - [SUAS_main.main:745] - Waiting for mode change to: AUTO
2025-06-22 20:43:51,710 - SUAS - DEBUG - [SUAS_main.main:745] - Waiting for mode change to: AUTO
2025-06-22 20:43:52,211 - SUAS - DEBUG - [SUAS_main.main:745] - Waiting for mode change to: AUTO
2025-06-22 20:43:52,713 - SUAS - DEBUG - [SUAS_main.main:745] - Waiting for mode change to: AUTO
2025-06-22 20:43:53,214 - SUAS - DEBUG - [SUAS_main.main:745] - Waiting for mode change to: AUTO
2025-06-22 20:43:53,716 - SUAS - DEBUG - [SUAS_main.main:745] - Waiting for mode change to: AUTO
2025-06-22 20:43:54,217 - SUAS - DEBUG - [SUAS_main.main:745] - Waiting for mode change to: AUTO
2025-06-22 20:43:54,719 - SUAS - DEBUG - [SUAS_main.main:745] - Waiting for mode change to: AUTO
2025-06-22 20:43:55,220 - SUAS - DEBUG - [SUAS_main.main:745] - Waiting for mode change to: AUTO
2025-06-22 20:43:55,721 - SUAS - DEBUG - [SUAS_main.main:745] - Waiting for mode change to: AUTO
2025-06-22 20:43:56,223 - SUAS - DEBUG - [SUAS_main.main:745] - Waiting for mode change to: AUTO
2025-06-22 20:43:56,724 - SUAS - DEBUG - [SUAS_main.main:745] - Waiting for mode change to: AUTO
2025-06-22 20:43:57,226 - SUAS - DEBUG - [SUAS_main.main:745] - Waiting for mode change to: AUTO
2025-06-22 20:43:57,727 - SUAS - DEBUG - [SUAS_main.main:745] - Waiting for mode change to: AUTO
2025-06-22 20:43:58,229 - SUAS - DEBUG - [SUAS_main.main:745] - Waiting for mode change to: AUTO
2025-06-22 20:43:58,731 - SUAS - DEBUG - [SUAS_main.main:745] - Waiting for mode change to: AUTO
2025-06-22 20:43:59,232 - SUAS - DEBUG - [SUAS_main.main:745] - Waiting for mode change to: AUTO
2025-06-22 20:43:59,734 - SUAS - DEBUG - [SUAS_main.main:745] - Waiting for mode change to: AUTO
2025-06-22 20:44:00,235 - SUAS - DEBUG - [SUAS_main.main:745] - Waiting for mode change to: AUTO
2025-06-22 20:44:00,737 - SUAS - DEBUG - [SUAS_main.main:745] - Waiting for mode change to: AUTO
2025-06-22 20:44:01,238 - SUAS - DEBUG - [SUAS_main.main:745] - Waiting for mode change to: AUTO
2025-06-22 20:44:01,739 - SUAS - DEBUG - [SUAS_main.main:745] - Waiting for mode change to: AUTO
2025-06-22 20:44:02,241 - SUAS - DEBUG - [SUAS_main.main:745] - Waiting for mode change to: AUTO
2025-06-22 20:44:02,742 - SUAS - DEBUG - [SUAS_main.main:745] - Waiting for mode change to: AUTO
2025-06-22 20:44:03,243 - SUAS - DEBUG - [SUAS_main.main:745] - Waiting for mode change to: AUTO
2025-06-22 20:44:03,745 - SUAS - DEBUG - [SUAS_main.main:745] - Waiting for mode change to: AUTO
2025-06-22 20:44:04,246 - SUAS - DEBUG - [SUAS_main.main:745] - Waiting for mode change to: AUTO
2025-06-22 20:44:04,748 - SUAS - DEBUG - [SUAS_main.main:745] - Waiting for mode change to: AUTO
2025-06-22 20:44:05,250 - SUAS - DEBUG - [SUAS_main.main:745] - Waiting for mode change to: AUTO
2025-06-22 20:44:05,752 - SUAS - DEBUG - [SUAS_main.main:745] - Waiting for mode change to: AUTO
2025-06-22 20:44:06,253 - SUAS - DEBUG - [SUAS_main.main:745] - Waiting for mode change to: AUTO
2025-06-22 20:44:06,754 - SUAS - DEBUG - [SUAS_main.main:745] - Waiting for mode change to: AUTO
2025-06-22 20:44:07,256 - SUAS - DEBUG - [SUAS_main.main:745] - Waiting for mode change to: AUTO
2025-06-22 20:44:07,757 - SUAS - DEBUG - [SUAS_main.main:745] - Waiting for mode change to: AUTO
2025-06-22 20:44:08,258 - SUAS - DEBUG - [SUAS_main.main:745] - Waiting for mode change to: AUTO
2025-06-22 20:44:08,760 - SUAS - DEBUG - [SUAS_main.main:745] - Waiting for mode change to: AUTO
2025-06-22 20:44:09,261 - SUAS - DEBUG - [SUAS_main.main:745] - Waiting for mode change to: AUTO
2025-06-22 20:44:09,763 - SUAS - DEBUG - [SUAS_main.main:745] - Waiting for mode change to: AUTO
2025-06-22 20:44:10,264 - SUAS - DEBUG - [SUAS_main.main:745] - Waiting for mode change to: AUTO
2025-06-22 20:44:10,766 - SUAS - DEBUG - [SUAS_main.main:745] - Waiting for mode change to: AUTO
2025-06-22 20:44:11,267 - SUAS - DEBUG - [SUAS_main.main:745] - Waiting for mode change to: AUTO
2025-06-22 20:44:11,769 - SUAS - DEBUG - [SUAS_main.main:745] - Waiting for mode change to: AUTO
2025-06-22 20:44:12,270 - SUAS - DEBUG - [SUAS_main.main:745] - Waiting for mode change to: AUTO
2025-06-22 20:44:12,772 - SUAS - DEBUG - [SUAS_main.main:745] - Waiting for mode change to: AUTO
2025-06-22 20:44:13,273 - SUAS - DEBUG - [SUAS_main.main:745] - Waiting for mode change to: AUTO
2025-06-22 20:44:13,774 - SUAS - DEBUG - [SUAS_main.main:745] - Waiting for mode change to: AUTO
2025-06-22 20:44:14,276 - SUAS - DEBUG - [SUAS_main.main:745] - Waiting for mode change to: AUTO
2025-06-22 20:44:14,777 - SUAS - DEBUG - [SUAS_main.main:745] - Waiting for mode change to: AUTO
2025-06-22 20:44:15,279 - SUAS - DEBUG - [SUAS_main.main:745] - Waiting for mode change to: AUTO
2025-06-22 20:44:15,780 - SUAS - DEBUG - [SUAS_main.main:745] - Waiting for mode change to: AUTO
2025-06-22 20:44:16,282 - SUAS - DEBUG - [SUAS_main.main:745] - Waiting for mode change to: AUTO
2025-06-22 20:44:16,783 - SUAS - DEBUG - [SUAS_main.main:745] - Waiting for mode change to: AUTO
2025-06-22 20:44:17,285 - SUAS - DEBUG - [SUAS_main.main:745] - Waiting for mode change to: AUTO
2025-06-22 20:44:17,786 - SUAS - DEBUG - [SUAS_main.main:745] - Waiting for mode change to: AUTO
2025-06-22 20:44:18,288 - SUAS - DEBUG - [SUAS_main.main:745] - Waiting for mode change to: AUTO
2025-06-22 20:44:18,789 - SUAS - DEBUG - [SUAS_main.main:745] - Waiting for mode change to: AUTO
2025-06-22 20:44:19,291 - SUAS - DEBUG - [SUAS_main.main:745] - Waiting for mode change to: AUTO
2025-06-22 20:44:19,792 - SUAS - DEBUG - [SUAS_main.main:745] - Waiting for mode change to: AUTO
2025-06-22 20:44:20,293 - SUAS - DEBUG - [SUAS_main.main:745] - Waiting for mode change to: AUTO
2025-06-22 20:44:20,795 - SUAS - DEBUG - [SUAS_main.main:745] - Waiting for mode change to: AUTO
2025-06-22 20:44:21,296 - SUAS - DEBUG - [SUAS_main.main:745] - Waiting for mode change to: AUTO
2025-06-22 20:44:21,798 - SUAS - DEBUG - [SUAS_main.main:745] - Waiting for mode change to: AUTO
2025-06-22 20:44:22,299 - SUAS - DEBUG - [SUAS_main.main:745] - Waiting for mode change to: AUTO
2025-06-22 20:44:22,801 - SUAS - DEBUG - [SUAS_main.main:745] - Waiting for mode change to: AUTO
2025-06-22 20:44:23,303 - SUAS - DEBUG - [SUAS_main.main:745] - Waiting for mode change to: AUTO
2025-06-22 20:44:23,804 - SUAS - DEBUG - [SUAS_main.main:745] - Waiting for mode change to: AUTO
2025-06-22 20:44:24,305 - SUAS - DEBUG - [SUAS_main.main:745] - Waiting for mode change to: AUTO
2025-06-22 20:44:24,807 - SUAS - DEBUG - [SUAS_main.main:745] - Waiting for mode change to: AUTO
2025-06-22 20:44:25,308 - SUAS - DEBUG - [SUAS_main.main:745] - Waiting for mode change to: AUTO
2025-06-22 20:44:25,809 - SUAS - DEBUG - [SUAS_main.main:745] - Waiting for mode change to: AUTO
2025-06-22 20:44:26,311 - SUAS - DEBUG - [SUAS_main.main:745] - Waiting for mode change to: AUTO
2025-06-22 20:44:26,812 - SUAS - DEBUG - [SUAS_main.main:745] - Waiting for mode change to: AUTO
2025-06-22 20:44:27,314 - SUAS - DEBUG - [SUAS_main.main:745] - Waiting for mode change to: AUTO
2025-06-22 20:44:27,815 - SUAS - DEBUG - [SUAS_main.main:745] - Waiting for mode change to: AUTO
2025-06-22 20:44:28,316 - SUAS - DEBUG - [SUAS_main.main:745] - Waiting for mode change to: AUTO
2025-06-22 20:44:28,818 - SUAS - DEBUG - [SUAS_main.main:745] - Waiting for mode change to: AUTO
2025-06-22 20:44:29,320 - SUAS - DEBUG - [SUAS_main.main:745] - Waiting for mode change to: AUTO
2025-06-22 20:44:29,821 - SUAS - DEBUG - [SUAS_main.main:745] - Waiting for mode change to: AUTO
2025-06-22 20:44:30,323 - SUAS - DEBUG - [SUAS_main.main:745] - Waiting for mode change to: AUTO
2025-06-22 20:44:30,824 - SUAS - DEBUG - [SUAS_main.main:745] - Waiting for mode change to: AUTO
2025-06-22 20:44:31,325 - SUAS - DEBUG - [SUAS_main.main:745] - Waiting for mode change to: AUTO
2025-06-22 20:44:31,827 - SUAS - DEBUG - [SUAS_main.main:745] - Waiting for mode change to: AUTO
2025-06-22 20:44:32,328 - SUAS - DEBUG - [SUAS_main.main:745] - Waiting for mode change to: AUTO
2025-06-22 20:44:32,829 - SUAS - DEBUG - [SUAS_main.main:745] - Waiting for mode change to: AUTO
2025-06-22 20:44:33,331 - SUAS - DEBUG - [SUAS_main.main:745] - Waiting for mode change to: AUTO
2025-06-22 20:44:33,832 - SUAS - DEBUG - [SUAS_main.main:745] - Waiting for mode change to: AUTO
2025-06-22 20:44:34,334 - SUAS - DEBUG - [SUAS_main.main:745] - Waiting for mode change to: AUTO
2025-06-22 20:44:34,835 - SUAS - DEBUG - [SUAS_main.main:745] - Waiting for mode change to: AUTO
2025-06-22 20:44:35,337 - SUAS - DEBUG - [SUAS_main.main:745] - Waiting for mode change to: AUTO
2025-06-22 20:44:35,839 - SUAS - DEBUG - [SUAS_main.main:745] - Waiting for mode change to: AUTO
2025-06-22 20:44:36,340 - SUAS - DEBUG - [SUAS_main.main:745] - Waiting for mode change to: AUTO
2025-06-22 20:44:36,841 - SUAS - DEBUG - [SUAS_main.main:745] - Waiting for mode change to: AUTO
2025-06-22 20:44:37,343 - SUAS - DEBUG - [SUAS_main.main:745] - Waiting for mode change to: AUTO
2025-06-22 20:44:37,844 - SUAS - DEBUG - [SUAS_main.main:745] - Waiting for mode change to: AUTO
2025-06-22 20:44:38,346 - SUAS - DEBUG - [SUAS_main.main:745] - Waiting for mode change to: AUTO
2025-06-22 20:44:38,847 - SUAS - DEBUG - [SUAS_main.main:745] - Waiting for mode change to: AUTO
2025-06-22 20:44:39,349 - SUAS - DEBUG - [SUAS_main.main:745] - Waiting for mode change to: AUTO
2025-06-22 20:44:39,850 - SUAS - DEBUG - [SUAS_main.main:745] - Waiting for mode change to: AUTO
2025-06-22 20:44:40,352 - SUAS - DEBUG - [SUAS_main.main:745] - Waiting for mode change to: AUTO
2025-06-22 20:44:40,853 - SUAS - DEBUG - [SUAS_main.main:745] - Waiting for mode change to: AUTO
2025-06-22 20:44:41,355 - SUAS - DEBUG - [SUAS_main.main:745] - Waiting for mode change to: AUTO
2025-06-22 20:44:41,857 - SUAS - DEBUG - [SUAS_main.main:745] - Waiting for mode change to: AUTO
2025-06-22 20:44:42,358 - SUAS - DEBUG - [SUAS_main.main:745] - Waiting for mode change to: AUTO
2025-06-22 20:44:42,860 - SUAS - DEBUG - [SUAS_main.main:745] - Waiting for mode change to: AUTO
2025-06-22 20:44:43,361 - SUAS - DEBUG - [SUAS_main.main:745] - Waiting for mode change to: AUTO
2025-06-22 20:44:43,863 - SUAS - DEBUG - [SUAS_main.main:745] - Waiting for mode change to: AUTO
2025-06-22 20:44:44,364 - SUAS - DEBUG - [SUAS_main.main:745] - Waiting for mode change to: AUTO
2025-06-22 20:44:44,866 - SUAS - DEBUG - [SUAS_main.main:745] - Waiting for mode change to: AUTO
2025-06-22 20:44:45,367 - SUAS - DEBUG - [SUAS_main.main:745] - Waiting for mode change to: AUTO
2025-06-22 20:44:45,869 - SUAS - DEBUG - [SUAS_main.main:745] - Waiting for mode change to: AUTO
2025-06-22 20:44:46,371 - SUAS - DEBUG - [SUAS_main.main:745] - Waiting for mode change to: AUTO
2025-06-22 20:44:46,872 - SUAS - DEBUG - [SUAS_main.main:745] - Waiting for mode change to: AUTO
2025-06-22 20:44:47,374 - SUAS - DEBUG - [SUAS_main.main:745] - Waiting for mode change to: AUTO
2025-06-22 20:44:47,875 - SUAS - DEBUG - [SUAS_main.main:745] - Waiting for mode change to: AUTO
2025-06-22 20:44:48,377 - SUAS - DEBUG - [SUAS_main.main:745] - Waiting for mode change to: AUTO
2025-06-22 20:44:48,879 - SUAS - DEBUG - [SUAS_main.main:745] - Waiting for mode change to: AUTO
2025-06-22 20:44:49,380 - SUAS - DEBUG - [SUAS_main.main:745] - Waiting for mode change to: AUTO
2025-06-22 20:44:49,881 - SUAS - DEBUG - [SUAS_main.main:745] - Waiting for mode change to: AUTO
2025-06-22 20:44:50,383 - SUAS - DEBUG - [SUAS_main.main:745] - Waiting for mode change to: AUTO
2025-06-22 20:44:50,884 - SUAS - DEBUG - [SUAS_main.main:745] - Waiting for mode change to: AUTO
2025-06-22 20:44:51,386 - SUAS - DEBUG - [SUAS_main.main:745] - Waiting for mode change to: AUTO
2025-06-22 20:44:51,887 - SUAS - DEBUG - [SUAS_main.main:745] - Waiting for mode change to: AUTO
2025-06-22 20:44:52,389 - SUAS - DEBUG - [SUAS_main.main:745] - Waiting for mode change to: AUTO
2025-06-22 20:44:52,890 - SUAS - DEBUG - [SUAS_main.main:745] - Waiting for mode change to: AUTO
2025-06-22 20:44:53,392 - SUAS - DEBUG - [SUAS_main.main:745] - Waiting for mode change to: AUTO
2025-06-22 20:44:53,894 - SUAS - DEBUG - [SUAS_main.main:745] - Waiting for mode change to: AUTO
2025-06-22 20:44:54,395 - SUAS - DEBUG - [SUAS_main.main:745] - Waiting for mode change to: AUTO
2025-06-22 20:44:54,896 - SUAS - DEBUG - [SUAS_main.main:745] - Waiting for mode change to: AUTO
2025-06-22 20:44:55,398 - SUAS - DEBUG - [SUAS_main.main:745] - Waiting for mode change to: AUTO
2025-06-22 20:44:55,899 - SUAS - DEBUG - [SUAS_main.main:745] - Waiting for mode change to: AUTO
2025-06-22 20:44:56,400 - SUAS - DEBUG - [SUAS_main.main:745] - Waiting for mode change to: AUTO
2025-06-22 20:44:56,902 - SUAS - DEBUG - [SUAS_main.main:745] - Waiting for mode change to: AUTO
2025-06-22 20:44:57,403 - SUAS - DEBUG - [SUAS_main.main:745] - Waiting for mode change to: AUTO
2025-06-22 20:44:57,904 - SUAS - DEBUG - [SUAS_main.main:745] - Waiting for mode change to: AUTO
2025-06-22 20:44:58,406 - SUAS - DEBUG - [SUAS_main.main:745] - Waiting for mode change to: AUTO
2025-06-22 20:44:58,908 - SUAS - DEBUG - [SUAS_main.main:745] - Waiting for mode change to: AUTO
2025-06-22 20:44:59,409 - SUAS - DEBUG - [SUAS_main.main:745] - Waiting for mode change to: AUTO
2025-06-22 20:44:59,911 - SUAS - DEBUG - [SUAS_main.main:745] - Waiting for mode change to: AUTO
2025-06-22 20:45:00,412 - SUAS - DEBUG - [SUAS_main.main:745] - Waiting for mode change to: AUTO
2025-06-22 20:45:00,914 - SUAS - DEBUG - [SUAS_main.main:745] - Waiting for mode change to: AUTO
2025-06-22 20:45:01,415 - SUAS - DEBUG - [SUAS_main.main:745] - Waiting for mode change to: AUTO
2025-06-22 20:45:01,916 - SUAS - DEBUG - [SUAS_main.main:745] - Waiting for mode change to: AUTO
2025-06-22 20:45:02,418 - SUAS - DEBUG - [SUAS_main.main:745] - Waiting for mode change to: AUTO
2025-06-22 20:45:02,919 - SUAS - DEBUG - [SUAS_main.main:745] - Waiting for mode change to: AUTO
2025-06-22 20:45:03,420 - SUAS - DEBUG - [SUAS_main.main:745] - Waiting for mode change to: AUTO
2025-06-22 20:45:03,922 - SUAS - DEBUG - [SUAS_main.main:745] - Waiting for mode change to: AUTO
2025-06-22 20:45:04,424 - SUAS - DEBUG - [SUAS_main.main:745] - Waiting for mode change to: AUTO
2025-06-22 20:45:04,925 - SUAS - DEBUG - [SUAS_main.main:745] - Waiting for mode change to: AUTO
2025-06-22 20:45:05,427 - SUAS - DEBUG - [SUAS_main.main:745] - Waiting for mode change to: AUTO
2025-06-22 20:45:05,929 - SUAS - DEBUG - [SUAS_main.main:745] - Waiting for mode change to: AUTO
2025-06-22 20:45:06,430 - SUAS - DEBUG - [SUAS_main.main:745] - Waiting for mode change to: AUTO
2025-06-22 20:45:06,932 - SUAS - DEBUG - [SUAS_main.main:745] - Waiting for mode change to: AUTO
2025-06-22 20:45:07,433 - SUAS - DEBUG - [SUAS_main.main:745] - Waiting for mode change to: AUTO
2025-06-22 20:45:07,935 - SUAS - DEBUG - [SUAS_main.main:745] - Waiting for mode change to: AUTO
2025-06-22 20:45:08,436 - SUAS - DEBUG - [SUAS_main.main:745] - Waiting for mode change to: AUTO
2025-06-22 20:45:08,937 - SUAS - DEBUG - [SUAS_main.main:745] - Waiting for mode change to: AUTO
2025-06-22 20:45:09,439 - SUAS - DEBUG - [SUAS_main.main:745] - Waiting for mode change to: AUTO
2025-06-22 20:45:09,973 - SUAS - DEBUG - [SUAS_main.main:745] - Waiting for mode change to: AUTO
2025-06-22 20:45:10,474 - SUAS - DEBUG - [SUAS_main.main:745] - Waiting for mode change to: AUTO
2025-06-22 20:45:10,976 - SUAS - DEBUG - [SUAS_main.main:745] - Waiting for mode change to: AUTO
2025-06-22 20:45:11,477 - SUAS - DEBUG - [SUAS_main.main:745] - Waiting for mode change to: AUTO
2025-06-22 20:45:11,979 - SUAS - DEBUG - [SUAS_main.main:745] - Waiting for mode change to: AUTO
2025-06-22 20:45:12,480 - SUAS - DEBUG - [SUAS_main.main:745] - Waiting for mode change to: AUTO
2025-06-22 20:45:12,982 - SUAS - DEBUG - [SUAS_main.main:745] - Waiting for mode change to: AUTO
2025-06-22 20:45:13,484 - SUAS - DEBUG - [SUAS_main.main:745] - Waiting for mode change to: AUTO
2025-06-22 20:45:13,985 - SUAS - DEBUG - [SUAS_main.main:745] - Waiting for mode change to: AUTO
2025-06-22 20:45:14,487 - SUAS - DEBUG - [SUAS_main.main:745] - Waiting for mode change to: AUTO
2025-06-22 20:45:14,988 - SUAS - DEBUG - [SUAS_main.main:745] - Waiting for mode change to: AUTO
2025-06-22 20:45:15,490 - SUAS - DEBUG - [SUAS_main.main:745] - Waiting for mode change to: AUTO
2025-06-22 20:45:15,991 - SUAS - DEBUG - [SUAS_main.main:745] - Waiting for mode change to: AUTO
2025-06-22 20:45:16,492 - SUAS - DEBUG - [SUAS_main.main:745] - Waiting for mode change to: AUTO
2025-06-22 20:45:16,994 - SUAS - DEBUG - [SUAS_main.main:745] - Waiting for mode change to: AUTO
2025-06-22 20:45:17,495 - SUAS - DEBUG - [SUAS_main.main:745] - Waiting for mode change to: AUTO
2025-06-22 20:45:17,997 - SUAS - DEBUG - [SUAS_main.main:745] - Waiting for mode change to: AUTO
2025-06-22 20:45:18,498 - SUAS - DEBUG - [SUAS_main.main:745] - Waiting for mode change to: AUTO
2025-06-22 20:45:19,000 - SUAS - DEBUG - [SUAS_main.main:745] - Waiting for mode change to: AUTO
2025-06-22 20:45:19,502 - SUAS - DEBUG - [SUAS_main.main:745] - Waiting for mode change to: AUTO
2025-06-22 20:45:20,004 - SUAS - DEBUG - [SUAS_main.main:745] - Waiting for mode change to: AUTO
2025-06-22 20:45:20,505 - SUAS - DEBUG - [SUAS_main.main:745] - Waiting for mode change to: AUTO
2025-06-22 20:45:21,007 - SUAS - DEBUG - [SUAS_main.main:745] - Waiting for mode change to: AUTO
2025-06-22 20:45:21,508 - SUAS - DEBUG - [SUAS_main.main:745] - Waiting for mode change to: AUTO
2025-06-22 20:45:22,009 - SUAS - DEBUG - [SUAS_main.main:745] - Waiting for mode change to: AUTO
2025-06-22 20:45:22,511 - SUAS - DEBUG - [SUAS_main.main:745] - Waiting for mode change to: AUTO
2025-06-22 20:45:23,012 - SUAS - DEBUG - [SUAS_main.main:745] - Waiting for mode change to: AUTO
2025-06-22 20:45:23,514 - SUAS - DEBUG - [SUAS_main.main:745] - Waiting for mode change to: AUTO
2025-06-22 20:45:24,016 - SUAS - DEBUG - [SUAS_main.main:745] - Waiting for mode change to: AUTO
2025-06-22 20:45:24,517 - SUAS - DEBUG - [SUAS_main.main:745] - Waiting for mode change to: AUTO
2025-06-22 20:45:25,019 - SUAS - DEBUG - [SUAS_main.main:745] - Waiting for mode change to: AUTO
2025-06-22 20:45:25,520 - SUAS - DEBUG - [SUAS_main.main:745] - Waiting for mode change to: AUTO
2025-06-22 20:45:26,021 - SUAS - DEBUG - [SUAS_main.main:745] - Waiting for mode change to: AUTO
2025-06-22 20:45:26,523 - SUAS - DEBUG - [SUAS_main.main:745] - Waiting for mode change to: AUTO
2025-06-22 20:45:27,024 - SUAS - DEBUG - [SUAS_main.main:745] - Waiting for mode change to: AUTO
2025-06-22 20:45:27,526 - SUAS - DEBUG - [SUAS_main.main:745] - Waiting for mode change to: AUTO
2025-06-22 20:45:28,027 - SUAS - DEBUG - [SUAS_main.main:745] - Waiting for mode change to: AUTO
2025-06-22 20:45:28,528 - SUAS - DEBUG - [SUAS_main.main:745] - Waiting for mode change to: AUTO
2025-06-22 20:45:29,029 - SUAS - DEBUG - [SUAS_main.main:745] - Waiting for mode change to: AUTO
2025-06-22 20:45:29,531 - SUAS - DEBUG - [SUAS_main.main:745] - Waiting for mode change to: AUTO
2025-06-22 20:45:30,032 - SUAS - DEBUG - [SUAS_main.main:745] - Waiting for mode change to: AUTO
2025-06-22 20:45:30,534 - SUAS - DEBUG - [SUAS_main.main:745] - Waiting for mode change to: AUTO
2025-06-22 20:45:31,036 - SUAS - DEBUG - [SUAS_main.main:745] - Waiting for mode change to: AUTO
2025-06-22 20:45:31,538 - SUAS - DEBUG - [SUAS_main.main:745] - Waiting for mode change to: AUTO
2025-06-22 20:45:32,039 - SUAS - DEBUG - [SUAS_main.main:745] - Waiting for mode change to: AUTO
2025-06-22 20:45:32,540 - SUAS - DEBUG - [SUAS_main.main:745] - Waiting for mode change to: AUTO
2025-06-22 20:45:33,042 - SUAS - DEBUG - [SUAS_main.main:745] - Waiting for mode change to: AUTO
2025-06-22 20:45:33,543 - SUAS - DEBUG - [SUAS_main.main:745] - Waiting for mode change to: AUTO
2025-06-22 20:45:34,044 - SUAS - DEBUG - [SUAS_main.main:745] - Waiting for mode change to: AUTO
2025-06-22 20:45:34,546 - SUAS - DEBUG - [SUAS_main.main:745] - Waiting for mode change to: AUTO
2025-06-22 20:45:35,047 - SUAS - DEBUG - [SUAS_main.main:745] - Waiting for mode change to: AUTO
2025-06-22 20:45:35,548 - SUAS - DEBUG - [SUAS_main.main:745] - Waiting for mode change to: AUTO
2025-06-22 20:45:36,050 - SUAS - DEBUG - [SUAS_main.main:745] - Waiting for mode change to: AUTO
2025-06-22 20:45:36,552 - SUAS - DEBUG - [SUAS_main.main:745] - Waiting for mode change to: AUTO
2025-06-22 20:45:37,053 - SUAS - DEBUG - [SUAS_main.main:745] - Waiting for mode change to: AUTO
2025-06-22 20:45:37,555 - SUAS - DEBUG - [SUAS_main.main:745] - Waiting for mode change to: AUTO
2025-06-22 20:45:38,056 - SUAS - DEBUG - [SUAS_main.main:745] - Waiting for mode change to: AUTO
2025-06-22 20:45:38,558 - SUAS - DEBUG - [SUAS_main.main:745] - Waiting for mode change to: AUTO
2025-06-22 20:45:39,059 - SUAS - DEBUG - [SUAS_main.main:745] - Waiting for mode change to: AUTO
2025-06-22 20:45:39,560 - SUAS - DEBUG - [SUAS_main.main:745] - Waiting for mode change to: AUTO
2025-06-22 20:45:40,062 - SUAS - DEBUG - [SUAS_main.main:745] - Waiting for mode change to: AUTO
2025-06-22 20:45:40,563 - SUAS - DEBUG - [SUAS_main.main:745] - Waiting for mode change to: AUTO
2025-06-22 20:45:41,064 - SUAS - DEBUG - [SUAS_main.main:745] - Waiting for mode change to: AUTO
2025-06-22 20:45:41,566 - SUAS - DEBUG - [SUAS_main.main:745] - Waiting for mode change to: AUTO
2025-06-22 20:45:42,067 - SUAS - DEBUG - [SUAS_main.main:745] - Waiting for mode change to: AUTO
2025-06-22 20:45:42,569 - SUAS - DEBUG - [SUAS_main.main:745] - Waiting for mode change to: AUTO
2025-06-22 20:45:43,071 - SUAS - DEBUG - [SUAS_main.main:745] - Waiting for mode change to: AUTO
2025-06-22 20:45:43,572 - SUAS - DEBUG - [SUAS_main.main:745] - Waiting for mode change to: AUTO
2025-06-22 20:45:44,074 - SUAS - DEBUG - [SUAS_main.main:745] - Waiting for mode change to: AUTO
2025-06-22 20:45:44,575 - SUAS - DEBUG - [SUAS_main.main:745] - Waiting for mode change to: AUTO
2025-06-22 20:45:45,076 - SUAS - DEBUG - [SUAS_main.main:745] - Waiting for mode change to: AUTO
2025-06-22 20:45:45,577 - SUAS - DEBUG - [SUAS_main.main:745] - Waiting for mode change to: AUTO
2025-06-22 20:45:46,079 - SUAS - DEBUG - [SUAS_main.main:745] - Waiting for mode change to: AUTO
2025-06-22 20:45:46,580 - SUAS - DEBUG - [SUAS_main.main:745] - Waiting for mode change to: AUTO
2025-06-22 20:45:47,081 - SUAS - DEBUG - [SUAS_main.main:745] - Waiting for mode change to: AUTO
2025-06-22 20:45:47,583 - SUAS - DEBUG - [SUAS_main.main:745] - Waiting for mode change to: AUTO
2025-06-22 20:45:48,084 - SUAS - DEBUG - [SUAS_main.main:745] - Waiting for mode change to: AUTO
2025-06-22 20:45:48,586 - SUAS - DEBUG - [SUAS_main.main:745] - Waiting for mode change to: AUTO
2025-06-22 20:45:49,087 - SUAS - DEBUG - [SUAS_main.main:745] - Waiting for mode change to: AUTO
2025-06-22 20:45:49,589 - SUAS - DEBUG - [SUAS_main.main:745] - Waiting for mode change to: AUTO
2025-06-22 20:45:50,091 - SUAS - DEBUG - [SUAS_main.main:745] - Waiting for mode change to: AUTO
2025-06-22 20:45:50,592 - SUAS - DEBUG - [SUAS_main.main:745] - Waiting for mode change to: AUTO
2025-06-22 20:45:51,093 - SUAS - DEBUG - [SUAS_main.main:745] - Waiting for mode change to: AUTO
2025-06-22 20:45:51,595 - SUAS - DEBUG - [SUAS_main.main:745] - Waiting for mode change to: AUTO
2025-06-22 20:45:52,096 - SUAS - DEBUG - [SUAS_main.main:745] - Waiting for mode change to: AUTO
2025-06-22 20:45:52,597 - SUAS - DEBUG - [SUAS_main.main:745] - Waiting for mode change to: AUTO
2025-06-22 20:45:53,099 - SUAS - DEBUG - [SUAS_main.main:745] - Waiting for mode change to: AUTO
2025-06-22 20:45:53,600 - SUAS - DEBUG - [SUAS_main.main:745] - Waiting for mode change to: AUTO
2025-06-22 20:45:54,102 - SUAS - DEBUG - [SUAS_main.main:745] - Waiting for mode change to: AUTO
2025-06-22 20:45:54,603 - SUAS - DEBUG - [SUAS_main.main:745] - Waiting for mode change to: AUTO
2025-06-22 20:45:55,105 - SUAS - DEBUG - [SUAS_main.main:745] - Waiting for mode change to: AUTO
2025-06-22 20:45:55,607 - SUAS - DEBUG - [SUAS_main.main:745] - Waiting for mode change to: AUTO
2025-06-22 20:45:56,108 - SUAS - DEBUG - [SUAS_main.main:745] - Waiting for mode change to: AUTO
2025-06-22 20:45:56,610 - SUAS - DEBUG - [SUAS_main.main:745] - Waiting for mode change to: AUTO
2025-06-22 20:45:57,111 - SUAS - DEBUG - [SUAS_main.main:745] - Waiting for mode change to: AUTO
2025-06-22 20:45:57,612 - SUAS - DEBUG - [SUAS_main.main:745] - Waiting for mode change to: AUTO
2025-06-22 20:45:58,114 - SUAS - DEBUG - [SUAS_main.main:745] - Waiting for mode change to: AUTO
2025-06-22 20:45:58,615 - SUAS - DEBUG - [SUAS_main.main:745] - Waiting for mode change to: AUTO
2025-06-22 20:45:59,116 - SUAS - DEBUG - [SUAS_main.main:745] - Waiting for mode change to: AUTO
2025-06-22 20:45:59,618 - SUAS - DEBUG - [SUAS_main.main:745] - Waiting for mode change to: AUTO
2025-06-22 20:46:00,119 - SUAS - DEBUG - [SUAS_main.main:745] - Waiting for mode change to: AUTO
2025-06-22 20:46:00,620 - SUAS - DEBUG - [SUAS_main.main:745] - Waiting for mode change to: AUTO
2025-06-22 20:46:01,122 - SUAS - DEBUG - [SUAS_main.main:745] - Waiting for mode change to: AUTO
2025-06-22 20:46:01,624 - SUAS - DEBUG - [SUAS_main.main:745] - Waiting for mode change to: AUTO
2025-06-22 20:46:02,125 - SUAS - DEBUG - [SUAS_main.main:745] - Waiting for mode change to: AUTO
2025-06-22 20:46:02,627 - SUAS - DEBUG - [SUAS_main.main:745] - Waiting for mode change to: AUTO
2025-06-22 20:46:03,128 - SUAS - DEBUG - [SUAS_main.main:745] - Waiting for mode change to: AUTO
2025-06-22 20:46:03,629 - SUAS - DEBUG - [SUAS_main.main:745] - Waiting for mode change to: AUTO
2025-06-22 20:46:04,131 - SUAS - DEBUG - [SUAS_main.main:745] - Waiting for mode change to: AUTO
2025-06-22 20:46:04,632 - SUAS - DEBUG - [SUAS_main.main:745] - Waiting for mode change to: AUTO
2025-06-22 20:46:05,134 - SUAS - DEBUG - [SUAS_main.main:745] - Waiting for mode change to: AUTO
2025-06-22 20:46:05,635 - SUAS - DEBUG - [SUAS_main.main:745] - Waiting for mode change to: AUTO
2025-06-22 20:46:06,136 - SUAS - DEBUG - [SUAS_main.main:745] - Waiting for mode change to: AUTO
2025-06-22 20:46:06,638 - SUAS - DEBUG - [SUAS_main.main:745] - Waiting for mode change to: AUTO
2025-06-22 20:46:07,139 - SUAS - DEBUG - [SUAS_main.main:745] - Waiting for mode change to: AUTO
2025-06-22 20:46:07,641 - SUAS - DEBUG - [SUAS_main.main:745] - Waiting for mode change to: AUTO
2025-06-22 20:46:08,143 - SUAS - DEBUG - [SUAS_main.main:745] - Waiting for mode change to: AUTO
2025-06-22 20:46:08,644 - SUAS - DEBUG - [SUAS_main.main:745] - Waiting for mode change to: AUTO
2025-06-22 20:46:09,145 - SUAS - DEBUG - [SUAS_main.main:745] - Waiting for mode change to: AUTO
2025-06-22 20:46:09,647 - SUAS - DEBUG - [SUAS_main.main:745] - Waiting for mode change to: AUTO
2025-06-22 20:46:10,148 - SUAS - DEBUG - [SUAS_main.main:745] - Waiting for mode change to: AUTO
2025-06-22 20:46:10,649 - SUAS - DEBUG - [SUAS_main.main:745] - Waiting for mode change to: AUTO
2025-06-22 20:46:11,151 - SUAS - DEBUG - [SUAS_main.main:745] - Waiting for mode change to: AUTO
2025-06-22 20:46:11,652 - SUAS - DEBUG - [SUAS_main.main:745] - Waiting for mode change to: AUTO
2025-06-22 20:46:12,153 - SUAS - DEBUG - [SUAS_main.main:745] - Waiting for mode change to: AUTO
2025-06-22 20:46:12,655 - SUAS - DEBUG - [SUAS_main.main:745] - Waiting for mode change to: AUTO
2025-06-22 20:46:13,156 - SUAS - DEBUG - [SUAS_main.main:745] - Waiting for mode change to: AUTO
2025-06-22 20:46:13,658 - SUAS - DEBUG - [SUAS_main.main:745] - Waiting for mode change to: AUTO
2025-06-22 20:46:14,159 - SUAS - DEBUG - [SUAS_main.main:745] - Waiting for mode change to: AUTO
2025-06-22 20:46:14,661 - SUAS - DEBUG - [SUAS_main.main:745] - Waiting for mode change to: AUTO
2025-06-22 20:46:15,162 - SUAS - DEBUG - [SUAS_main.main:745] - Waiting for mode change to: AUTO
2025-06-22 20:46:15,664 - SUAS - DEBUG - [SUAS_main.main:745] - Waiting for mode change to: AUTO
2025-06-22 20:46:16,165 - SUAS - DEBUG - [SUAS_main.main:745] - Waiting for mode change to: AUTO
2025-06-22 20:46:16,667 - SUAS - DEBUG - [SUAS_main.main:745] - Waiting for mode change to: AUTO
2025-06-22 20:46:17,168 - SUAS - DEBUG - [SUAS_main.main:745] - Waiting for mode change to: AUTO
2025-06-22 20:46:17,670 - SUAS - DEBUG - [SUAS_main.main:745] - Waiting for mode change to: AUTO
2025-06-22 20:46:18,171 - SUAS - DEBUG - [SUAS_main.main:745] - Waiting for mode change to: AUTO
2025-06-22 20:46:18,672 - SUAS - DEBUG - [SUAS_main.main:745] - Waiting for mode change to: AUTO
2025-06-22 20:46:19,174 - SUAS - DEBUG - [SUAS_main.main:745] - Waiting for mode change to: AUTO
2025-06-22 20:46:19,675 - SUAS - DEBUG - [SUAS_main.main:745] - Waiting for mode change to: AUTO
2025-06-22 20:46:20,177 - SUAS - DEBUG - [SUAS_main.main:745] - Waiting for mode change to: AUTO
2025-06-22 20:46:20,678 - SUAS - DEBUG - [SUAS_main.main:745] - Waiting for mode change to: AUTO
2025-06-22 20:46:21,180 - SUAS - DEBUG - [SUAS_main.main:745] - Waiting for mode change to: AUTO
2025-06-22 20:46:21,681 - SUAS - DEBUG - [SUAS_main.main:745] - Waiting for mode change to: AUTO
2025-06-22 20:46:22,183 - SUAS - DEBUG - [SUAS_main.main:745] - Waiting for mode change to: AUTO
2025-06-22 20:46:22,684 - SUAS - DEBUG - [SUAS_main.main:745] - Waiting for mode change to: AUTO
2025-06-22 20:46:23,185 - SUAS - DEBUG - [SUAS_main.main:745] - Waiting for mode change to: AUTO
2025-06-22 20:46:23,687 - SUAS - DEBUG - [SUAS_main.main:745] - Waiting for mode change to: AUTO
2025-06-22 20:46:24,188 - SUAS - DEBUG - [SUAS_main.main:745] - Waiting for mode change to: AUTO
2025-06-22 20:46:24,690 - SUAS - DEBUG - [SUAS_main.main:745] - Waiting for mode change to: AUTO
2025-06-22 20:46:25,191 - SUAS - DEBUG - [SUAS_main.main:745] - Waiting for mode change to: AUTO
2025-06-22 20:46:25,693 - SUAS - DEBUG - [SUAS_main.main:745] - Waiting for mode change to: AUTO
2025-06-22 20:46:26,194 - SUAS - DEBUG - [SUAS_main.main:745] - Waiting for mode change to: AUTO
2025-06-22 20:46:26,696 - SUAS - DEBUG - [SUAS_main.main:745] - Waiting for mode change to: AUTO
2025-06-22 20:46:27,197 - SUAS - DEBUG - [SUAS_main.main:745] - Waiting for mode change to: AUTO
2025-06-22 20:46:27,699 - SUAS - DEBUG - [SUAS_main.main:745] - Waiting for mode change to: AUTO
2025-06-22 20:46:28,200 - SUAS - DEBUG - [SUAS_main.main:745] - Waiting for mode change to: AUTO
2025-06-22 20:46:28,702 - SUAS - DEBUG - [SUAS_main.main:745] - Waiting for mode change to: AUTO
2025-06-22 20:46:29,203 - SUAS - DEBUG - [SUAS_main.main:745] - Waiting for mode change to: AUTO
2025-06-22 20:46:29,704 - SUAS - DEBUG - [SUAS_main.main:745] - Waiting for mode change to: AUTO
2025-06-22 20:46:30,206 - SUAS - DEBUG - [SUAS_main.main:745] - Waiting for mode change to: AUTO
2025-06-22 20:46:30,707 - SUAS - DEBUG - [SUAS_main.main:745] - Waiting for mode change to: AUTO
2025-06-22 20:46:31,208 - SUAS - DEBUG - [SUAS_main.main:745] - Waiting for mode change to: AUTO
2025-06-22 20:46:31,710 - SUAS - DEBUG - [SUAS_main.main:745] - Waiting for mode change to: AUTO
2025-06-22 20:46:32,211 - SUAS - DEBUG - [SUAS_main.main:745] - Waiting for mode change to: AUTO
2025-06-22 20:46:32,713 - SUAS - DEBUG - [SUAS_main.main:745] - Waiting for mode change to: AUTO
2025-06-22 20:46:33,215 - SUAS - DEBUG - [SUAS_main.main:745] - Waiting for mode change to: AUTO
2025-06-22 20:46:33,716 - SUAS - DEBUG - [SUAS_main.main:745] - Waiting for mode change to: AUTO
2025-06-22 20:46:34,217 - SUAS - DEBUG - [SUAS_main.main:745] - Waiting for mode change to: AUTO
2025-06-22 20:46:34,719 - SUAS - DEBUG - [SUAS_main.main:745] - Waiting for mode change to: AUTO
2025-06-22 20:46:35,220 - SUAS - DEBUG - [SUAS_main.main:745] - Waiting for mode change to: AUTO
2025-06-22 20:46:35,722 - SUAS - DEBUG - [SUAS_main.main:745] - Waiting for mode change to: AUTO
2025-06-22 20:46:36,223 - SUAS - DEBUG - [SUAS_main.main:745] - Waiting for mode change to: AUTO
2025-06-22 20:46:36,725 - SUAS - DEBUG - [SUAS_main.main:745] - Waiting for mode change to: AUTO
2025-06-22 20:46:37,226 - SUAS - DEBUG - [SUAS_main.main:745] - Waiting for mode change to: AUTO
2025-06-22 20:46:37,728 - SUAS - DEBUG - [SUAS_main.main:745] - Waiting for mode change to: AUTO
2025-06-22 20:46:38,229 - SUAS - DEBUG - [SUAS_main.main:745] - Waiting for mode change to: AUTO
2025-06-22 20:46:38,731 - SUAS - DEBUG - [SUAS_main.main:745] - Waiting for mode change to: AUTO
2025-06-22 20:46:39,232 - SUAS - DEBUG - [SUAS_main.main:745] - Waiting for mode change to: AUTO
2025-06-22 20:46:39,733 - SUAS - DEBUG - [SUAS_main.main:745] - Waiting for mode change to: AUTO
2025-06-22 20:46:40,235 - SUAS - DEBUG - [SUAS_main.main:745] - Waiting for mode change to: AUTO
2025-06-22 20:46:40,736 - SUAS - DEBUG - [SUAS_main.main:745] - Waiting for mode change to: AUTO
2025-06-22 20:46:41,238 - SUAS - DEBUG - [SUAS_main.main:745] - Waiting for mode change to: AUTO
2025-06-22 20:46:41,739 - SUAS - DEBUG - [SUAS_main.main:745] - Waiting for mode change to: AUTO
2025-06-22 20:46:42,240 - SUAS - DEBUG - [SUAS_main.main:745] - Waiting for mode change to: AUTO
2025-06-22 20:46:42,742 - SUAS - DEBUG - [SUAS_main.main:745] - Waiting for mode change to: AUTO
2025-06-22 20:46:43,243 - SUAS - DEBUG - [SUAS_main.main:745] - Waiting for mode change to: AUTO
2025-06-22 20:46:43,744 - SUAS - DEBUG - [SUAS_main.main:745] - Waiting for mode change to: AUTO
2025-06-22 20:46:44,246 - SUAS - DEBUG - [SUAS_main.main:745] - Waiting for mode change to: AUTO
2025-06-22 20:46:44,747 - SUAS - DEBUG - [SUAS_main.main:745] - Waiting for mode change to: AUTO
2025-06-22 20:46:45,249 - SUAS - DEBUG - [SUAS_main.main:745] - Waiting for mode change to: AUTO
2025-06-22 20:46:45,751 - SUAS - DEBUG - [SUAS_main.main:745] - Waiting for mode change to: AUTO
2025-06-22 20:46:46,252 - SUAS - DEBUG - [SUAS_main.main:745] - Waiting for mode change to: AUTO
2025-06-22 20:46:46,753 - SUAS - DEBUG - [SUAS_main.main:745] - Waiting for mode change to: AUTO
2025-06-22 20:46:47,255 - SUAS - DEBUG - [SUAS_main.main:745] - Waiting for mode change to: AUTO
2025-06-22 20:46:47,756 - SUAS - DEBUG - [SUAS_main.main:745] - Waiting for mode change to: AUTO
2025-06-22 20:46:48,258 - SUAS - DEBUG - [SUAS_main.main:745] - Waiting for mode change to: AUTO
2025-06-22 20:46:48,759 - SUAS - DEBUG - [SUAS_main.main:745] - Waiting for mode change to: AUTO
2025-06-22 20:46:49,260 - SUAS - DEBUG - [SUAS_main.main:745] - Waiting for mode change to: AUTO
2025-06-22 20:46:49,762 - SUAS - DEBUG - [SUAS_main.main:745] - Waiting for mode change to: AUTO
2025-06-22 20:46:50,264 - SUAS - DEBUG - [SUAS_main.main:745] - Waiting for mode change to: AUTO
2025-06-22 20:46:50,765 - SUAS - DEBUG - [SUAS_main.main:745] - Waiting for mode change to: AUTO
2025-06-22 20:46:51,266 - SUAS - DEBUG - [SUAS_main.main:745] - Waiting for mode change to: AUTO
2025-06-22 20:46:51,768 - SUAS - DEBUG - [SUAS_main.main:745] - Waiting for mode change to: AUTO
2025-06-22 20:46:52,269 - SUAS - DEBUG - [SUAS_main.main:745] - Waiting for mode change to: AUTO
2025-06-22 20:46:52,771 - SUAS - DEBUG - [SUAS_main.main:745] - Waiting for mode change to: AUTO
2025-06-22 20:46:53,272 - SUAS - DEBUG - [SUAS_main.main:745] - Waiting for mode change to: AUTO
2025-06-22 20:46:53,774 - SUAS - DEBUG - [SUAS_main.main:745] - Waiting for mode change to: AUTO
2025-06-22 20:46:54,275 - SUAS - DEBUG - [SUAS_main.main:745] - Waiting for mode change to: AUTO
2025-06-22 20:46:54,777 - SUAS - DEBUG - [SUAS_main.main:745] - Waiting for mode change to: AUTO
2025-06-22 20:46:55,278 - SUAS - DEBUG - [SUAS_main.main:745] - Waiting for mode change to: AUTO
2025-06-22 20:46:55,780 - SUAS - DEBUG - [SUAS_main.main:745] - Waiting for mode change to: AUTO
2025-06-22 20:46:56,281 - SUAS - DEBUG - [SUAS_main.main:745] - Waiting for mode change to: AUTO
2025-06-22 20:46:56,783 - SUAS - DEBUG - [SUAS_main.main:745] - Waiting for mode change to: AUTO
2025-06-22 20:46:57,284 - SUAS - DEBUG - [SUAS_main.main:745] - Waiting for mode change to: AUTO
2025-06-22 20:46:57,786 - SUAS - DEBUG - [SUAS_main.main:745] - Waiting for mode change to: AUTO
2025-06-22 20:46:58,287 - SUAS - DEBUG - [SUAS_main.main:745] - Waiting for mode change to: AUTO
2025-06-22 20:46:58,788 - SUAS - DEBUG - [SUAS_main.main:745] - Waiting for mode change to: AUTO
2025-06-22 20:46:59,290 - SUAS - DEBUG - [SUAS_main.main:745] - Waiting for mode change to: AUTO
2025-06-22 20:46:59,791 - SUAS - DEBUG - [SUAS_main.main:745] - Waiting for mode change to: AUTO
2025-06-22 20:47:00,293 - SUAS - DEBUG - [SUAS_main.main:745] - Waiting for mode change to: AUTO
2025-06-22 20:47:00,794 - SUAS - DEBUG - [SUAS_main.main:745] - Waiting for mode change to: AUTO
2025-06-22 20:47:01,296 - SUAS - DEBUG - [SUAS_main.main:745] - Waiting for mode change to: AUTO
2025-06-22 20:47:01,798 - SUAS - DEBUG - [SUAS_main.main:745] - Waiting for mode change to: AUTO
2025-06-22 20:47:02,299 - SUAS - DEBUG - [SUAS_main.main:745] - Waiting for mode change to: AUTO
2025-06-22 20:47:02,801 - SUAS - DEBUG - [SUAS_main.main:745] - Waiting for mode change to: AUTO
2025-06-22 20:47:03,302 - SUAS - DEBUG - [SUAS_main.main:745] - Waiting for mode change to: AUTO
2025-06-22 20:47:03,804 - SUAS - DEBUG - [SUAS_main.main:745] - Waiting for mode change to: AUTO
2025-06-22 20:47:04,305 - SUAS - DEBUG - [SUAS_main.main:745] - Waiting for mode change to: AUTO
2025-06-22 20:47:04,807 - SUAS - DEBUG - [SUAS_main.main:745] - Waiting for mode change to: AUTO
2025-06-22 20:47:05,308 - SUAS - DEBUG - [SUAS_main.main:745] - Waiting for mode change to: AUTO
2025-06-22 20:47:05,810 - SUAS - DEBUG - [SUAS_main.main:745] - Waiting for mode change to: AUTO
2025-06-22 20:47:06,311 - SUAS - DEBUG - [SUAS_main.main:745] - Waiting for mode change to: AUTO
2025-06-22 20:47:06,812 - SUAS - DEBUG - [SUAS_main.main:745] - Waiting for mode change to: AUTO
2025-06-22 20:47:07,314 - SUAS - DEBUG - [SUAS_main.main:745] - Waiting for mode change to: AUTO
2025-06-22 20:47:07,815 - SUAS - DEBUG - [SUAS_main.main:745] - Waiting for mode change to: AUTO
2025-06-22 20:47:08,317 - SUAS - DEBUG - [SUAS_main.main:745] - Waiting for mode change to: AUTO
2025-06-22 20:47:08,819 - SUAS - DEBUG - [SUAS_main.main:745] - Waiting for mode change to: AUTO
2025-06-22 20:47:09,320 - SUAS - DEBUG - [SUAS_main.main:745] - Waiting for mode change to: AUTO
2025-06-22 20:47:09,822 - SUAS - DEBUG - [SUAS_main.main:745] - Waiting for mode change to: AUTO
2025-06-22 20:47:10,323 - SUAS - DEBUG - [SUAS_main.main:745] - Waiting for mode change to: AUTO
2025-06-22 20:47:10,824 - SUAS - DEBUG - [SUAS_main.main:745] - Waiting for mode change to: AUTO
2025-06-22 20:47:11,326 - SUAS - DEBUG - [SUAS_main.main:745] - Waiting for mode change to: AUTO
2025-06-22 20:47:11,827 - SUAS - DEBUG - [SUAS_main.main:745] - Waiting for mode change to: AUTO
2025-06-22 20:47:12,328 - SUAS - DEBUG - [SUAS_main.main:745] - Waiting for mode change to: AUTO
2025-06-22 20:47:12,830 - SUAS - DEBUG - [SUAS_main.main:745] - Waiting for mode change to: AUTO
2025-06-22 20:47:13,331 - SUAS - DEBUG - [SUAS_main.main:745] - Waiting for mode change to: AUTO
2025-06-22 20:47:13,832 - SUAS - DEBUG - [SUAS_main.main:745] - Waiting for mode change to: AUTO
2025-06-22 20:47:14,334 - SUAS - DEBUG - [SUAS_main.main:745] - Waiting for mode change to: AUTO
2025-06-22 20:47:14,836 - SUAS - DEBUG - [SUAS_main.main:745] - Waiting for mode change to: AUTO
2025-06-22 20:47:15,337 - SUAS - DEBUG - [SUAS_main.main:745] - Waiting for mode change to: AUTO
2025-06-22 20:47:15,839 - SUAS - DEBUG - [SUAS_main.main:745] - Waiting for mode change to: AUTO
2025-06-22 20:47:16,340 - SUAS - DEBUG - [SUAS_main.main:745] - Waiting for mode change to: AUTO
2025-06-22 20:47:16,842 - SUAS - DEBUG - [SUAS_main.main:745] - Waiting for mode change to: AUTO
2025-06-22 20:47:17,343 - SUAS - DEBUG - [SUAS_main.main:745] - Waiting for mode change to: AUTO
2025-06-22 20:47:17,844 - SUAS - DEBUG - [SUAS_main.main:745] - Waiting for mode change to: AUTO
2025-06-22 20:47:18,346 - SUAS - DEBUG - [SUAS_main.main:745] - Waiting for mode change to: AUTO
2025-06-22 20:47:18,847 - SUAS - DEBUG - [SUAS_main.main:745] - Waiting for mode change to: AUTO
2025-06-22 20:47:19,348 - SUAS - DEBUG - [SUAS_main.main:745] - Waiting for mode change to: AUTO
2025-06-22 20:47:19,850 - SUAS - DEBUG - [SUAS_main.main:745] - Waiting for mode change to: AUTO
2025-06-22 20:47:20,352 - SUAS - DEBUG - [SUAS_main.main:745] - Waiting for mode change to: AUTO
2025-06-22 20:47:20,853 - SUAS - DEBUG - [SUAS_main.main:745] - Waiting for mode change to: AUTO
2025-06-22 20:47:21,354 - SUAS - DEBUG - [SUAS_main.main:745] - Waiting for mode change to: AUTO
2025-06-22 20:47:21,856 - SUAS - DEBUG - [SUAS_main.main:745] - Waiting for mode change to: AUTO
2025-06-22 20:47:22,357 - SUAS - DEBUG - [SUAS_main.main:745] - Waiting for mode change to: AUTO
2025-06-22 20:47:22,859 - SUAS - DEBUG - [SUAS_main.main:745] - Waiting for mode change to: AUTO
2025-06-22 20:47:23,360 - SUAS - DEBUG - [SUAS_main.main:745] - Waiting for mode change to: AUTO
2025-06-22 20:47:23,862 - SUAS - DEBUG - [SUAS_main.main:745] - Waiting for mode change to: AUTO
2025-06-22 20:47:24,363 - SUAS - DEBUG - [SUAS_main.main:745] - Waiting for mode change to: AUTO
2025-06-22 20:47:24,864 - SUAS - DEBUG - [SUAS_main.main:745] - Waiting for mode change to: AUTO
2025-06-22 20:47:25,366 - SUAS - DEBUG - [SUAS_main.main:745] - Waiting for mode change to: AUTO
2025-06-22 20:47:25,867 - SUAS - DEBUG - [SUAS_main.main:745] - Waiting for mode change to: AUTO
2025-06-22 20:47:26,368 - SUAS - DEBUG - [SUAS_main.main:745] - Waiting for mode change to: AUTO
2025-06-22 20:47:26,870 - SUAS - DEBUG - [SUAS_main.main:745] - Waiting for mode change to: AUTO
2025-06-22 20:47:27,371 - SUAS - DEBUG - [SUAS_main.main:745] - Waiting for mode change to: AUTO
2025-06-22 20:47:27,873 - SUAS - DEBUG - [SUAS_main.main:745] - Waiting for mode change to: AUTO
2025-06-22 20:47:28,374 - SUAS - DEBUG - [SUAS_main.main:745] - Waiting for mode change to: AUTO
2025-06-22 20:47:28,876 - SUAS - DEBUG - [SUAS_main.main:745] - Waiting for mode change to: AUTO
2025-06-22 20:47:29,377 - SUAS - DEBUG - [SUAS_main.main:745] - Waiting for mode change to: AUTO
2025-06-22 20:47:29,879 - SUAS - DEBUG - [SUAS_main.main:745] - Waiting for mode change to: AUTO
2025-06-22 20:47:30,380 - SUAS - DEBUG - [SUAS_main.main:745] - Waiting for mode change to: AUTO
2025-06-22 20:47:30,881 - SUAS - DEBUG - [SUAS_main.main:745] - Waiting for mode change to: AUTO
2025-06-22 20:47:31,383 - SUAS - DEBUG - [SUAS_main.main:745] - Waiting for mode change to: AUTO
2025-06-22 20:47:31,884 - SUAS - DEBUG - [SUAS_main.main:745] - Waiting for mode change to: AUTO
2025-06-22 20:47:32,386 - SUAS - DEBUG - [SUAS_main.main:745] - Waiting for mode change to: AUTO
2025-06-22 20:47:32,888 - SUAS - DEBUG - [SUAS_main.main:745] - Waiting for mode change to: AUTO
2025-06-22 20:47:33,389 - SUAS - DEBUG - [SUAS_main.main:745] - Waiting for mode change to: AUTO
2025-06-22 20:47:33,891 - SUAS - DEBUG - [SUAS_main.main:745] - Waiting for mode change to: AUTO
2025-06-22 20:47:34,392 - SUAS - DEBUG - [SUAS_main.main:745] - Waiting for mode change to: AUTO
2025-06-22 20:47:34,894 - SUAS - DEBUG - [SUAS_main.main:745] - Waiting for mode change to: AUTO
2025-06-22 20:47:35,395 - SUAS - DEBUG - [SUAS_main.main:745] - Waiting for mode change to: AUTO
2025-06-22 20:47:35,896 - SUAS - DEBUG - [SUAS_main.main:745] - Waiting for mode change to: AUTO
2025-06-22 20:47:36,397 - SUAS - DEBUG - [SUAS_main.main:745] - Waiting for mode change to: AUTO
2025-06-22 20:47:36,899 - SUAS - DEBUG - [SUAS_main.main:745] - Waiting for mode change to: AUTO
2025-06-22 20:47:37,400 - SUAS - DEBUG - [SUAS_main.main:745] - Waiting for mode change to: AUTO
2025-06-22 20:47:37,901 - SUAS - DEBUG - [SUAS_main.main:745] - Waiting for mode change to: AUTO
2025-06-22 20:47:38,436 - SUAS - DEBUG - [SUAS_main.main:745] - Waiting for mode change to: AUTO
2025-06-22 20:47:38,937 - SUAS - DEBUG - [SUAS_main.main:745] - Waiting for mode change to: AUTO
2025-06-22 20:47:39,439 - SUAS - DEBUG - [SUAS_main.main:745] - Waiting for mode change to: AUTO
2025-06-22 20:47:39,940 - SUAS - DEBUG - [SUAS_main.main:745] - Waiting for mode change to: AUTO
2025-06-22 20:47:40,442 - SUAS - DEBUG - [SUAS_main.main:745] - Waiting for mode change to: AUTO
2025-06-22 20:47:40,943 - SUAS - DEBUG - [SUAS_main.main:745] - Waiting for mode change to: AUTO
2025-06-22 20:47:41,445 - SUAS - DEBUG - [SUAS_main.main:745] - Waiting for mode change to: AUTO
2025-06-22 20:47:41,946 - SUAS - DEBUG - [SUAS_main.main:745] - Waiting for mode change to: AUTO
2025-06-22 20:47:42,448 - SUAS - DEBUG - [SUAS_main.main:745] - Waiting for mode change to: AUTO
2025-06-22 20:47:42,949 - SUAS - DEBUG - [SUAS_main.main:745] - Waiting for mode change to: AUTO
2025-06-22 20:47:43,450 - SUAS - DEBUG - [SUAS_main.main:745] - Waiting for mode change to: AUTO
2025-06-22 20:47:43,952 - SUAS - DEBUG - [SUAS_main.main:745] - Waiting for mode change to: AUTO
2025-06-22 20:47:44,453 - SUAS - DEBUG - [SUAS_main.main:745] - Waiting for mode change to: AUTO
2025-06-22 20:47:44,955 - SUAS - DEBUG - [SUAS_main.main:745] - Waiting for mode change to: AUTO
2025-06-22 20:47:45,456 - SUAS - DEBUG - [SUAS_main.main:745] - Waiting for mode change to: AUTO
2025-06-22 20:47:45,957 - SUAS - DEBUG - [SUAS_main.main:745] - Waiting for mode change to: AUTO
2025-06-22 20:47:46,459 - SUAS - DEBUG - [SUAS_main.main:745] - Waiting for mode change to: AUTO
2025-06-22 20:47:46,960 - SUAS - DEBUG - [SUAS_main.main:745] - Waiting for mode change to: AUTO
2025-06-22 20:47:47,462 - SUAS - DEBUG - [SUAS_main.main:745] - Waiting for mode change to: AUTO
2025-06-22 20:47:47,963 - SUAS - DEBUG - [SUAS_main.main:745] - Waiting for mode change to: AUTO
2025-06-22 20:47:48,497 - SUAS - DEBUG - [SUAS_main.main:745] - Waiting for mode change to: AUTO
2025-06-22 20:47:48,999 - SUAS - DEBUG - [SUAS_main.main:745] - Waiting for mode change to: AUTO
2025-06-22 20:47:49,500 - SUAS - DEBUG - [SUAS_main.main:745] - Waiting for mode change to: AUTO
2025-06-22 20:47:50,002 - SUAS - DEBUG - [SUAS_main.main:745] - Waiting for mode change to: AUTO
2025-06-22 20:47:50,503 - SUAS - DEBUG - [SUAS_main.main:745] - Waiting for mode change to: AUTO
2025-06-22 20:47:51,005 - SUAS - DEBUG - [SUAS_main.main:745] - Waiting for mode change to: AUTO
2025-06-22 20:47:51,507 - SUAS - DEBUG - [SUAS_main.main:745] - Waiting for mode change to: AUTO
2025-06-22 20:47:52,008 - SUAS - DEBUG - [SUAS_main.main:745] - Waiting for mode change to: AUTO
2025-06-22 20:47:52,510 - SUAS - DEBUG - [SUAS_main.main:745] - Waiting for mode change to: AUTO
2025-06-22 20:47:53,011 - SUAS - DEBUG - [SUAS_main.main:745] - Waiting for mode change to: AUTO
2025-06-22 20:47:53,513 - SUAS - DEBUG - [SUAS_main.main:745] - Waiting for mode change to: AUTO
2025-06-22 20:47:54,014 - SUAS - DEBUG - [SUAS_main.main:745] - Waiting for mode change to: AUTO
2025-06-22 20:47:54,516 - SUAS - DEBUG - [SUAS_main.main:745] - Waiting for mode change to: AUTO
2025-06-22 20:47:55,017 - SUAS - DEBUG - [SUAS_main.main:745] - Waiting for mode change to: AUTO
2025-06-22 20:47:55,519 - SUAS - DEBUG - [SUAS_main.main:745] - Waiting for mode change to: AUTO
2025-06-22 20:47:56,020 - SUAS - DEBUG - [SUAS_main.main:745] - Waiting for mode change to: AUTO
2025-06-22 20:47:56,522 - SUAS - DEBUG - [SUAS_main.main:745] - Waiting for mode change to: AUTO
2025-06-22 20:47:57,023 - SUAS - DEBUG - [SUAS_main.main:745] - Waiting for mode change to: AUTO
2025-06-22 20:47:57,525 - SUAS - DEBUG - [SUAS_main.main:745] - Waiting for mode change to: AUTO
2025-06-22 20:47:58,026 - SUAS - DEBUG - [SUAS_main.main:745] - Waiting for mode change to: AUTO
2025-06-22 20:47:58,528 - SUAS - DEBUG - [SUAS_main.main:745] - Waiting for mode change to: AUTO
2025-06-22 20:47:59,029 - SUAS - DEBUG - [SUAS_main.main:745] - Waiting for mode change to: AUTO
2025-06-22 20:47:59,531 - SUAS - DEBUG - [SUAS_main.main:745] - Waiting for mode change to: AUTO
2025-06-22 20:48:00,032 - SUAS - DEBUG - [SUAS_main.main:745] - Waiting for mode change to: AUTO
2025-06-22 20:48:00,534 - SUAS - DEBUG - [SUAS_main.main:745] - Waiting for mode change to: AUTO
2025-06-22 20:48:01,035 - SUAS - DEBUG - [SUAS_main.main:745] - Waiting for mode change to: AUTO
2025-06-22 20:48:01,537 - SUAS - DEBUG - [SUAS_main.main:745] - Waiting for mode change to: AUTO
2025-06-22 20:48:02,039 - SUAS - DEBUG - [SUAS_main.main:745] - Waiting for mode change to: AUTO
2025-06-22 20:48:02,540 - SUAS - DEBUG - [SUAS_main.main:745] - Waiting for mode change to: AUTO
2025-06-22 20:48:03,041 - SUAS - DEBUG - [SUAS_main.main:745] - Waiting for mode change to: AUTO
2025-06-22 20:48:03,543 - SUAS - DEBUG - [SUAS_main.main:745] - Waiting for mode change to: AUTO
2025-06-22 20:48:04,044 - SUAS - DEBUG - [SUAS_main.main:745] - Waiting for mode change to: AUTO
2025-06-22 20:48:04,546 - SUAS - DEBUG - [SUAS_main.main:745] - Waiting for mode change to: AUTO
2025-06-22 20:48:05,047 - SUAS - DEBUG - [SUAS_main.main:745] - Waiting for mode change to: AUTO
2025-06-22 20:48:05,549 - SUAS - DEBUG - [SUAS_main.main:745] - Waiting for mode change to: AUTO
2025-06-22 20:48:06,050 - SUAS - DEBUG - [SUAS_main.main:745] - Waiting for mode change to: AUTO
2025-06-22 20:48:06,552 - SUAS - DEBUG - [SUAS_main.main:745] - Waiting for mode change to: AUTO
2025-06-22 20:48:07,054 - SUAS - DEBUG - [SUAS_main.main:745] - Waiting for mode change to: AUTO
2025-06-22 20:48:07,555 - SUAS - DEBUG - [SUAS_main.main:745] - Waiting for mode change to: AUTO
2025-06-22 20:48:08,057 - SUAS - DEBUG - [SUAS_main.main:745] - Waiting for mode change to: AUTO
2025-06-22 20:48:08,559 - SUAS - DEBUG - [SUAS_main.main:745] - Waiting for mode change to: AUTO
2025-06-22 20:48:09,060 - SUAS - DEBUG - [SUAS_main.main:745] - Waiting for mode change to: AUTO
2025-06-22 20:48:09,562 - SUAS - DEBUG - [SUAS_main.main:745] - Waiting for mode change to: AUTO
2025-06-22 20:48:10,063 - SUAS - DEBUG - [SUAS_main.main:745] - Waiting for mode change to: AUTO
2025-06-22 20:48:10,564 - SUAS - DEBUG - [SUAS_main.main:745] - Waiting for mode change to: AUTO
2025-06-22 20:48:11,066 - SUAS - DEBUG - [SUAS_main.main:745] - Waiting for mode change to: AUTO
2025-06-22 20:48:11,190 - SUAS - DEBUG - [SUAS_main._rc_listener_thread:313] - WPNAV_SPEED changed: 800 → 600
2025-06-22 20:48:11,567 - SUAS - DEBUG - [SUAS_main.main:745] - Waiting for mode change to: AUTO
2025-06-22 20:48:12,069 - SUAS - DEBUG - [SUAS_main.main:745] - Waiting for mode change to: AUTO
2025-06-22 20:48:12,571 - SUAS - DEBUG - [SUAS_main.main:745] - Waiting for mode change to: AUTO
2025-06-22 20:48:13,073 - SUAS - DEBUG - [SUAS_main.main:745] - Waiting for mode change to: AUTO
2025-06-22 20:48:13,293 - SUAS - DEBUG - [SUAS_main._rc_listener_thread:313] - WPNAV_SPEED changed: 600 → 800
2025-06-22 20:48:13,574 - SUAS - DEBUG - [SUAS_main.main:745] - Waiting for mode change to: AUTO
2025-06-22 20:48:14,076 - SUAS - DEBUG - [SUAS_main.main:745] - Waiting for mode change to: AUTO
2025-06-22 20:48:14,577 - SUAS - DEBUG - [SUAS_main.main:745] - Waiting for mode change to: AUTO
2025-06-22 20:48:15,079 - SUAS - DEBUG - [SUAS_main.main:745] - Waiting for mode change to: AUTO
2025-06-22 20:48:15,580 - SUAS - DEBUG - [SUAS_main.main:745] - Waiting for mode change to: AUTO
2025-06-22 20:48:16,082 - SUAS - DEBUG - [SUAS_main.main:745] - Waiting for mode change to: AUTO
2025-06-22 20:48:16,583 - SUAS - DEBUG - [SUAS_main.main:745] - Waiting for mode change to: AUTO
2025-06-22 20:48:17,084 - SUAS - DEBUG - [SUAS_main.main:745] - Waiting for mode change to: AUTO
2025-06-22 20:48:17,585 - SUAS - DEBUG - [SUAS_main.main:745] - Waiting for mode change to: AUTO
2025-06-22 20:48:18,087 - SUAS - DEBUG - [SUAS_main.main:745] - Waiting for mode change to: AUTO
2025-06-22 20:48:18,588 - SUAS - DEBUG - [SUAS_main.main:745] - Waiting for mode change to: AUTO
2025-06-22 20:48:19,090 - SUAS - DEBUG - [SUAS_main.main:745] - Waiting for mode change to: AUTO
2025-06-22 20:48:19,591 - SUAS - DEBUG - [SUAS_main.main:745] - Waiting for mode change to: AUTO
2025-06-22 20:48:20,093 - SUAS - DEBUG - [SUAS_main.main:745] - Waiting for mode change to: AUTO
2025-06-22 20:48:20,594 - SUAS - DEBUG - [SUAS_main.main:745] - Waiting for mode change to: AUTO
2025-06-22 20:48:21,096 - SUAS - DEBUG - [SUAS_main.main:745] - Waiting for mode change to: AUTO
2025-06-22 20:48:21,597 - SUAS - DEBUG - [SUAS_main.main:745] - Waiting for mode change to: AUTO
2025-06-22 20:48:22,098 - SUAS - DEBUG - [SUAS_main.main:745] - Waiting for mode change to: AUTO
2025-06-22 20:48:22,600 - SUAS - DEBUG - [SUAS_main.main:745] - Waiting for mode change to: AUTO
2025-06-22 20:48:23,102 - SUAS - DEBUG - [SUAS_main.main:745] - Waiting for mode change to: AUTO
2025-06-22 20:48:23,603 - SUAS - DEBUG - [SUAS_main.main:745] - Waiting for mode change to: AUTO
2025-06-22 20:48:24,104 - SUAS - DEBUG - [SUAS_main.main:745] - Waiting for mode change to: AUTO
2025-06-22 20:48:24,606 - SUAS - DEBUG - [SUAS_main.main:745] - Waiting for mode change to: AUTO
2025-06-22 20:48:25,107 - SUAS - DEBUG - [SUAS_main.main:745] - Waiting for mode change to: AUTO
2025-06-22 20:48:25,609 - SUAS - DEBUG - [SUAS_main.main:745] - Waiting for mode change to: AUTO
2025-06-22 20:48:26,110 - SUAS - DEBUG - [SUAS_main.main:745] - Waiting for mode change to: AUTO
2025-06-22 20:48:26,612 - SUAS - DEBUG - [SUAS_main.main:745] - Waiting for mode change to: AUTO
2025-06-22 20:48:27,113 - SUAS - DEBUG - [SUAS_main.main:745] - Waiting for mode change to: AUTO
2025-06-22 20:48:27,614 - SUAS - DEBUG - [SUAS_main.main:745] - Waiting for mode change to: AUTO
2025-06-22 20:48:28,116 - SUAS - DEBUG - [SUAS_main.main:745] - Waiting for mode change to: AUTO
2025-06-22 20:48:28,617 - SUAS - DEBUG - [SUAS_main.main:745] - Waiting for mode change to: AUTO
2025-06-22 20:48:29,119 - SUAS - DEBUG - [SUAS_main.main:745] - Waiting for mode change to: AUTO
2025-06-22 20:48:29,620 - SUAS - DEBUG - [SUAS_main.main:745] - Waiting for mode change to: AUTO
2025-06-22 20:48:30,122 - SUAS - DEBUG - [SUAS_main.main:745] - Waiting for mode change to: AUTO
2025-06-22 20:48:30,623 - SUAS - DEBUG - [SUAS_main.main:745] - Waiting for mode change to: AUTO
2025-06-22 20:48:31,124 - SUAS - DEBUG - [SUAS_main.main:745] - Waiting for mode change to: AUTO
2025-06-22 20:48:31,626 - SUAS - DEBUG - [SUAS_main.main:745] - Waiting for mode change to: AUTO
2025-06-22 20:48:32,128 - SUAS - DEBUG - [SUAS_main.main:745] - Waiting for mode change to: AUTO
2025-06-22 20:48:32,630 - SUAS - DEBUG - [SUAS_main.main:745] - Waiting for mode change to: AUTO
2025-06-22 20:48:33,131 - SUAS - DEBUG - [SUAS_main.main:745] - Waiting for mode change to: AUTO
2025-06-22 20:48:33,633 - SUAS - DEBUG - [SUAS_main.main:745] - Waiting for mode change to: AUTO
2025-06-22 20:48:34,134 - SUAS - DEBUG - [SUAS_main.main:745] - Waiting for mode change to: AUTO
2025-06-22 20:48:34,635 - SUAS - DEBUG - [SUAS_main.main:745] - Waiting for mode change to: AUTO
2025-06-22 20:48:35,137 - SUAS - DEBUG - [SUAS_main.main:745] - Waiting for mode change to: AUTO
2025-06-22 20:48:35,638 - SUAS - DEBUG - [SUAS_main.main:745] - Waiting for mode change to: AUTO
2025-06-22 20:48:36,140 - SUAS - DEBUG - [SUAS_main.main:745] - Waiting for mode change to: AUTO
2025-06-22 20:48:36,642 - SUAS - DEBUG - [SUAS_main.main:745] - Waiting for mode change to: AUTO
2025-06-22 20:48:37,144 - SUAS - DEBUG - [SUAS_main.main:745] - Waiting for mode change to: AUTO
2025-06-22 20:48:37,645 - SUAS - DEBUG - [SUAS_main.main:745] - Waiting for mode change to: AUTO
2025-06-22 20:48:38,146 - SUAS - DEBUG - [SUAS_main.main:745] - Waiting for mode change to: AUTO
2025-06-22 20:48:38,648 - SUAS - DEBUG - [SUAS_main.main:745] - Waiting for mode change to: AUTO
2025-06-22 20:48:39,149 - SUAS - DEBUG - [SUAS_main.main:745] - Waiting for mode change to: AUTO
2025-06-22 20:48:39,651 - SUAS - DEBUG - [SUAS_main.main:745] - Waiting for mode change to: AUTO
2025-06-22 20:48:40,152 - SUAS - DEBUG - [SUAS_main.main:745] - Waiting for mode change to: AUTO
2025-06-22 20:48:40,653 - SUAS - DEBUG - [SUAS_main.main:745] - Waiting for mode change to: AUTO
2025-06-22 20:48:41,155 - SUAS - DEBUG - [SUAS_main.main:745] - Waiting for mode change to: AUTO
2025-06-22 20:48:41,656 - SUAS - DEBUG - [SUAS_main.main:745] - Waiting for mode change to: AUTO
2025-06-22 20:48:42,157 - SUAS - DEBUG - [SUAS_main.main:745] - Waiting for mode change to: AUTO
2025-06-22 20:48:42,659 - SUAS - DEBUG - [SUAS_main.main:745] - Waiting for mode change to: AUTO
2025-06-22 20:48:43,161 - SUAS - DEBUG - [SUAS_main.main:745] - Waiting for mode change to: AUTO
2025-06-22 20:48:43,662 - SUAS - DEBUG - [SUAS_main.main:745] - Waiting for mode change to: AUTO
2025-06-22 20:48:44,164 - SUAS - DEBUG - [SUAS_main.main:745] - Waiting for mode change to: AUTO
2025-06-22 20:48:44,665 - SUAS - DEBUG - [SUAS_main.main:745] - Waiting for mode change to: AUTO
2025-06-22 20:48:45,167 - SUAS - DEBUG - [SUAS_main.main:745] - Waiting for mode change to: AUTO
2025-06-22 20:48:45,668 - SUAS - DEBUG - [SUAS_main.main:745] - Waiting for mode change to: AUTO
2025-06-22 20:48:46,170 - SUAS - DEBUG - [SUAS_main.main:745] - Waiting for mode change to: AUTO
2025-06-22 20:48:46,671 - SUAS - DEBUG - [SUAS_main.main:745] - Waiting for mode change to: AUTO
2025-06-22 20:48:47,172 - SUAS - DEBUG - [SUAS_main.main:745] - Waiting for mode change to: AUTO
2025-06-22 20:48:47,674 - SUAS - DEBUG - [SUAS_main.main:745] - Waiting for mode change to: AUTO
2025-06-22 20:48:48,175 - SUAS - DEBUG - [SUAS_main.main:745] - Waiting for mode change to: AUTO
2025-06-22 20:48:48,677 - SUAS - DEBUG - [SUAS_main.main:745] - Waiting for mode change to: AUTO
2025-06-22 20:48:49,179 - SUAS - DEBUG - [SUAS_main.main:745] - Waiting for mode change to: AUTO
2025-06-22 20:48:49,680 - SUAS - DEBUG - [SUAS_main.main:745] - Waiting for mode change to: AUTO
2025-06-22 20:48:50,182 - SUAS - DEBUG - [SUAS_main.main:745] - Waiting for mode change to: AUTO
2025-06-22 20:48:50,684 - SUAS - DEBUG - [SUAS_main.main:745] - Waiting for mode change to: AUTO
2025-06-22 20:48:51,185 - SUAS - DEBUG - [SUAS_main.main:745] - Waiting for mode change to: AUTO
2025-06-22 20:48:51,687 - SUAS - DEBUG - [SUAS_main.main:745] - Waiting for mode change to: AUTO
2025-06-22 20:48:52,188 - SUAS - DEBUG - [SUAS_main.main:745] - Waiting for mode change to: AUTO
2025-06-22 20:48:52,690 - SUAS - DEBUG - [SUAS_main.main:745] - Waiting for mode change to: AUTO
2025-06-22 20:48:53,191 - SUAS - DEBUG - [SUAS_main.main:745] - Waiting for mode change to: AUTO
2025-06-22 20:48:53,692 - SUAS - DEBUG - [SUAS_main.main:745] - Waiting for mode change to: AUTO
2025-06-22 20:48:54,194 - SUAS - DEBUG - [SUAS_main.main:745] - Waiting for mode change to: AUTO
2025-06-22 20:48:54,695 - SUAS - DEBUG - [SUAS_main.main:745] - Waiting for mode change to: AUTO
2025-06-22 20:48:55,197 - SUAS - DEBUG - [SUAS_main.main:745] - Waiting for mode change to: AUTO
2025-06-22 20:48:55,699 - SUAS - DEBUG - [SUAS_main.main:745] - Waiting for mode change to: AUTO
2025-06-22 20:48:56,200 - SUAS - DEBUG - [SUAS_main.main:745] - Waiting for mode change to: AUTO
2025-06-22 20:48:56,702 - SUAS - DEBUG - [SUAS_main.main:745] - Waiting for mode change to: AUTO
2025-06-22 20:48:57,203 - SUAS - DEBUG - [SUAS_main.main:745] - Waiting for mode change to: AUTO
2025-06-22 20:48:57,705 - SUAS - DEBUG - [SUAS_main.main:745] - Waiting for mode change to: AUTO
2025-06-22 20:48:58,206 - SUAS - DEBUG - [SUAS_main.main:745] - Waiting for mode change to: AUTO
2025-06-22 20:48:58,707 - SUAS - DEBUG - [SUAS_main.main:745] - Waiting for mode change to: AUTO
2025-06-22 20:48:59,209 - SUAS - DEBUG - [SUAS_main.main:745] - Waiting for mode change to: AUTO
2025-06-22 20:48:59,710 - SUAS - DEBUG - [SUAS_main.main:745] - Waiting for mode change to: AUTO
2025-06-22 20:49:00,212 - SUAS - DEBUG - [SUAS_main.main:745] - Waiting for mode change to: AUTO
2025-06-22 20:49:00,714 - SUAS - DEBUG - [SUAS_main.main:745] - Waiting for mode change to: AUTO
2025-06-22 20:49:01,216 - SUAS - DEBUG - [SUAS_main.main:745] - Waiting for mode change to: AUTO
2025-06-22 20:49:01,717 - SUAS - DEBUG - [SUAS_main.main:745] - Waiting for mode change to: AUTO
2025-06-22 20:49:02,219 - SUAS - DEBUG - [SUAS_main.main:745] - Waiting for mode change to: AUTO
2025-06-22 20:49:02,720 - SUAS - DEBUG - [SUAS_main.main:745] - Waiting for mode change to: AUTO
2025-06-22 20:49:03,221 - SUAS - DEBUG - [SUAS_main.main:745] - Waiting for mode change to: AUTO
2025-06-22 20:49:03,723 - SUAS - DEBUG - [SUAS_main.main:745] - Waiting for mode change to: AUTO
2025-06-22 20:49:04,224 - SUAS - DEBUG - [SUAS_main.main:745] - Waiting for mode change to: AUTO
2025-06-22 20:49:04,726 - SUAS - DEBUG - [SUAS_main.main:745] - Waiting for mode change to: AUTO
2025-06-22 20:49:05,227 - SUAS - DEBUG - [SUAS_main.main:745] - Waiting for mode change to: AUTO
2025-06-22 20:49:05,728 - SUAS - DEBUG - [SUAS_main.main:745] - Waiting for mode change to: AUTO
2025-06-22 20:49:06,230 - SUAS - DEBUG - [SUAS_main.main:745] - Waiting for mode change to: AUTO
2025-06-22 20:49:06,731 - SUAS - DEBUG - [SUAS_main.main:745] - Waiting for mode change to: AUTO
2025-06-22 20:49:07,233 - SUAS - DEBUG - [SUAS_main.main:745] - Waiting for mode change to: AUTO
2025-06-22 20:49:07,734 - SUAS - DEBUG - [SUAS_main.main:745] - Waiting for mode change to: AUTO
2025-06-22 20:49:08,236 - SUAS - DEBUG - [SUAS_main.main:745] - Waiting for mode change to: AUTO
2025-06-22 20:49:08,737 - SUAS - DEBUG - [SUAS_main.main:745] - Waiting for mode change to: AUTO
2025-06-22 20:49:09,239 - SUAS - DEBUG - [SUAS_main.main:745] - Waiting for mode change to: AUTO
2025-06-22 20:49:09,740 - SUAS - DEBUG - [SUAS_main.main:745] - Waiting for mode change to: AUTO
2025-06-22 20:49:10,242 - SUAS - DEBUG - [SUAS_main.main:745] - Waiting for mode change to: AUTO
2025-06-22 20:49:10,743 - SUAS - DEBUG - [SUAS_main.main:745] - Waiting for mode change to: AUTO
2025-06-22 20:49:11,244 - SUAS - DEBUG - [SUAS_main.main:745] - Waiting for mode change to: AUTO
2025-06-22 20:49:11,746 - SUAS - DEBUG - [SUAS_main.main:745] - Waiting for mode change to: AUTO
2025-06-22 20:49:12,247 - SUAS - DEBUG - [SUAS_main.main:745] - Waiting for mode change to: AUTO
2025-06-22 20:49:12,749 - SUAS - DEBUG - [SUAS_main.main:745] - Waiting for mode change to: AUTO
2025-06-22 20:49:13,250 - SUAS - DEBUG - [SUAS_main.main:745] - Waiting for mode change to: AUTO
2025-06-22 20:49:13,752 - SUAS - DEBUG - [SUAS_main.main:745] - Waiting for mode change to: AUTO
2025-06-22 20:49:14,253 - SUAS - DEBUG - [SUAS_main.main:745] - Waiting for mode change to: AUTO
2025-06-22 20:49:14,755 - SUAS - DEBUG - [SUAS_main.main:745] - Waiting for mode change to: AUTO
2025-06-22 20:49:15,256 - SUAS - DEBUG - [SUAS_main.main:745] - Waiting for mode change to: AUTO
2025-06-22 20:49:15,758 - SUAS - DEBUG - [SUAS_main.main:745] - Waiting for mode change to: AUTO
2025-06-22 20:49:16,259 - SUAS - DEBUG - [SUAS_main.main:745] - Waiting for mode change to: AUTO
2025-06-22 20:49:16,760 - SUAS - DEBUG - [SUAS_main.main:745] - Waiting for mode change to: AUTO
2025-06-22 20:49:17,262 - SUAS - DEBUG - [SUAS_main.main:745] - Waiting for mode change to: AUTO
2025-06-22 20:49:17,763 - SUAS - DEBUG - [SUAS_main.main:745] - Waiting for mode change to: AUTO
2025-06-22 20:49:18,265 - SUAS - DEBUG - [SUAS_main.main:745] - Waiting for mode change to: AUTO
2025-06-22 20:49:18,767 - SUAS - DEBUG - [SUAS_main.main:745] - Waiting for mode change to: AUTO
2025-06-22 20:49:19,268 - SUAS - DEBUG - [SUAS_main.main:745] - Waiting for mode change to: AUTO
2025-06-22 20:49:19,770 - SUAS - DEBUG - [SUAS_main.main:745] - Waiting for mode change to: AUTO
2025-06-22 20:49:20,271 - SUAS - DEBUG - [SUAS_main.main:745] - Waiting for mode change to: AUTO
2025-06-22 20:49:20,773 - SUAS - DEBUG - [SUAS_main.main:745] - Waiting for mode change to: AUTO
2025-06-22 20:49:21,274 - SUAS - DEBUG - [SUAS_main.main:745] - Waiting for mode change to: AUTO
2025-06-22 20:49:21,776 - SUAS - DEBUG - [SUAS_main.main:745] - Waiting for mode change to: AUTO
2025-06-22 20:49:22,277 - SUAS - DEBUG - [SUAS_main.main:745] - Waiting for mode change to: AUTO
2025-06-22 20:49:22,778 - SUAS - DEBUG - [SUAS_main.main:745] - Waiting for mode change to: AUTO
2025-06-22 20:49:23,279 - SUAS - DEBUG - [SUAS_main.main:745] - Waiting for mode change to: AUTO
2025-06-22 20:49:23,781 - SUAS - DEBUG - [SUAS_main.main:745] - Waiting for mode change to: AUTO
2025-06-22 20:49:24,283 - SUAS - DEBUG - [SUAS_main.main:745] - Waiting for mode change to: AUTO
2025-06-22 20:49:24,784 - SUAS - DEBUG - [SUAS_main.main:745] - Waiting for mode change to: AUTO
2025-06-22 20:49:25,286 - SUAS - DEBUG - [SUAS_main.main:745] - Waiting for mode change to: AUTO
2025-06-22 20:49:25,788 - SUAS - DEBUG - [SUAS_main.main:745] - Waiting for mode change to: AUTO
2025-06-22 20:49:26,289 - SUAS - DEBUG - [SUAS_main.main:745] - Waiting for mode change to: AUTO
2025-06-22 20:49:26,791 - SUAS - DEBUG - [SUAS_main.main:745] - Waiting for mode change to: AUTO
2025-06-22 20:49:27,292 - SUAS - DEBUG - [SUAS_main.main:745] - Waiting for mode change to: AUTO
2025-06-22 20:49:27,793 - SUAS - DEBUG - [SUAS_main.main:745] - Waiting for mode change to: AUTO
2025-06-22 20:49:28,295 - SUAS - DEBUG - [SUAS_main.main:745] - Waiting for mode change to: AUTO
2025-06-22 20:49:28,796 - SUAS - DEBUG - [SUAS_main.main:745] - Waiting for mode change to: AUTO
2025-06-22 20:49:29,298 - SUAS - DEBUG - [SUAS_main.main:745] - Waiting for mode change to: AUTO
2025-06-22 20:49:29,799 - SUAS - DEBUG - [SUAS_main.main:745] - Waiting for mode change to: AUTO
2025-06-22 20:49:30,300 - SUAS - DEBUG - [SUAS_main.main:745] - Waiting for mode change to: AUTO
2025-06-22 20:49:30,802 - SUAS - DEBUG - [SUAS_main.main:745] - Waiting for mode change to: AUTO
2025-06-22 20:49:31,304 - SUAS - DEBUG - [SUAS_main.main:745] - Waiting for mode change to: AUTO
2025-06-22 20:49:31,805 - SUAS - DEBUG - [SUAS_main.main:745] - Waiting for mode change to: AUTO
2025-06-22 20:49:32,307 - SUAS - DEBUG - [SUAS_main.main:745] - Waiting for mode change to: AUTO
2025-06-22 20:49:32,808 - SUAS - DEBUG - [SUAS_main.main:745] - Waiting for mode change to: AUTO
2025-06-22 20:49:33,310 - SUAS - DEBUG - [SUAS_main.main:745] - Waiting for mode change to: AUTO
2025-06-22 20:49:33,811 - SUAS - DEBUG - [SUAS_main.main:745] - Waiting for mode change to: AUTO
2025-06-22 20:49:34,312 - SUAS - DEBUG - [SUAS_main.main:745] - Waiting for mode change to: AUTO
2025-06-22 20:49:34,814 - SUAS - DEBUG - [SUAS_main.main:745] - Waiting for mode change to: AUTO
2025-06-22 20:49:35,315 - SUAS - DEBUG - [SUAS_main.main:745] - Waiting for mode change to: AUTO
2025-06-22 20:49:35,816 - SUAS - DEBUG - [SUAS_main.main:745] - Waiting for mode change to: AUTO
2025-06-22 20:49:36,318 - SUAS - DEBUG - [SUAS_main.main:745] - Waiting for mode change to: AUTO
2025-06-22 20:49:36,819 - SUAS - DEBUG - [SUAS_main.main:745] - Waiting for mode change to: AUTO
2025-06-22 20:49:37,321 - SUAS - DEBUG - [SUAS_main.main:745] - Waiting for mode change to: AUTO
2025-06-22 20:49:37,822 - SUAS - DEBUG - [SUAS_main.main:745] - Waiting for mode change to: AUTO
2025-06-22 20:49:38,324 - SUAS - DEBUG - [SUAS_main.main:745] - Waiting for mode change to: AUTO
2025-06-22 20:49:38,825 - SUAS - DEBUG - [SUAS_main.main:745] - Waiting for mode change to: AUTO
2025-06-22 20:49:39,327 - SUAS - DEBUG - [SUAS_main.main:745] - Waiting for mode change to: AUTO
2025-06-22 20:49:39,828 - SUAS - DEBUG - [SUAS_main.main:745] - Waiting for mode change to: AUTO
2025-06-22 20:49:40,330 - SUAS - DEBUG - [SUAS_main.main:745] - Waiting for mode change to: AUTO
2025-06-22 20:49:40,831 - SUAS - DEBUG - [SUAS_main.main:745] - Waiting for mode change to: AUTO
2025-06-22 20:49:41,332 - SUAS - DEBUG - [SUAS_main.main:745] - Waiting for mode change to: AUTO
2025-06-22 20:49:41,834 - SUAS - DEBUG - [SUAS_main.main:745] - Waiting for mode change to: AUTO
2025-06-22 20:49:42,335 - SUAS - DEBUG - [SUAS_main.main:745] - Waiting for mode change to: AUTO
2025-06-22 20:49:42,836 - SUAS - DEBUG - [SUAS_main.main:745] - Waiting for mode change to: AUTO
2025-06-22 20:49:43,338 - SUAS - DEBUG - [SUAS_main.main:745] - Waiting for mode change to: AUTO
2025-06-22 20:49:43,839 - SUAS - DEBUG - [SUAS_main.main:745] - Waiting for mode change to: AUTO
2025-06-22 20:49:44,341 - SUAS - DEBUG - [SUAS_main.main:745] - Waiting for mode change to: AUTO
2025-06-22 20:49:44,843 - SUAS - DEBUG - [SUAS_main.main:745] - Waiting for mode change to: AUTO
2025-06-22 20:49:45,344 - SUAS - DEBUG - [SUAS_main.main:745] - Waiting for mode change to: AUTO
2025-06-22 20:49:45,845 - SUAS - DEBUG - [SUAS_main.main:745] - Waiting for mode change to: AUTO
2025-06-22 20:49:46,347 - SUAS - DEBUG - [SUAS_main.main:745] - Waiting for mode change to: AUTO
2025-06-22 20:49:46,848 - SUAS - DEBUG - [SUAS_main.main:745] - Waiting for mode change to: AUTO
2025-06-22 20:49:47,350 - SUAS - DEBUG - [SUAS_main.main:745] - Waiting for mode change to: AUTO
2025-06-22 20:49:47,851 - SUAS - DEBUG - [SUAS_main.main:745] - Waiting for mode change to: AUTO
2025-06-22 20:49:48,352 - SUAS - DEBUG - [SUAS_main.main:745] - Waiting for mode change to: AUTO
2025-06-22 20:49:48,854 - SUAS - DEBUG - [SUAS_main.main:745] - Waiting for mode change to: AUTO
2025-06-22 20:49:49,355 - SUAS - DEBUG - [SUAS_main.main:745] - Waiting for mode change to: AUTO
2025-06-22 20:49:49,857 - SUAS - DEBUG - [SUAS_main.main:745] - Waiting for mode change to: AUTO
2025-06-22 20:49:50,359 - SUAS - DEBUG - [SUAS_main.main:745] - Waiting for mode change to: AUTO
2025-06-22 20:49:50,860 - SUAS - DEBUG - [SUAS_main.main:745] - Waiting for mode change to: AUTO
2025-06-22 20:49:51,361 - SUAS - DEBUG - [SUAS_main.main:745] - Waiting for mode change to: AUTO
2025-06-22 20:49:51,863 - SUAS - DEBUG - [SUAS_main.main:745] - Waiting for mode change to: AUTO
2025-06-22 20:49:52,364 - SUAS - DEBUG - [SUAS_main.main:745] - Waiting for mode change to: AUTO
2025-06-22 20:49:52,866 - SUAS - DEBUG - [SUAS_main.main:745] - Waiting for mode change to: AUTO
2025-06-22 20:49:53,367 - SUAS - DEBUG - [SUAS_main.main:745] - Waiting for mode change to: AUTO
2025-06-22 20:49:53,868 - SUAS - DEBUG - [SUAS_main.main:745] - Waiting for mode change to: AUTO
2025-06-22 20:49:54,370 - SUAS - DEBUG - [SUAS_main.main:745] - Waiting for mode change to: AUTO
2025-06-22 20:49:54,871 - SUAS - DEBUG - [SUAS_main.main:745] - Waiting for mode change to: AUTO
2025-06-22 20:49:55,373 - SUAS - DEBUG - [SUAS_main.main:745] - Waiting for mode change to: AUTO
2025-06-22 20:49:55,874 - SUAS - DEBUG - [SUAS_main.main:745] - Waiting for mode change to: AUTO
2025-06-22 20:49:56,376 - SUAS - DEBUG - [SUAS_main.main:745] - Waiting for mode change to: AUTO
2025-06-22 20:49:56,877 - SUAS - DEBUG - [SUAS_main.main:745] - Waiting for mode change to: AUTO
2025-06-22 20:49:57,379 - SUAS - DEBUG - [SUAS_main.main:745] - Waiting for mode change to: AUTO
2025-06-22 20:49:57,880 - SUAS - DEBUG - [SUAS_main.main:745] - Waiting for mode change to: AUTO
2025-06-22 20:49:58,382 - SUAS - DEBUG - [SUAS_main.main:745] - Waiting for mode change to: AUTO
2025-06-22 20:49:58,883 - SUAS - DEBUG - [SUAS_main.main:745] - Waiting for mode change to: AUTO
2025-06-22 20:49:59,385 - SUAS - DEBUG - [SUAS_main.main:745] - Waiting for mode change to: AUTO
2025-06-22 20:49:59,886 - SUAS - DEBUG - [SUAS_main.main:745] - Waiting for mode change to: AUTO
2025-06-22 20:50:00,388 - SUAS - DEBUG - [SUAS_main.main:745] - Waiting for mode change to: AUTO
2025-06-22 20:50:00,890 - SUAS - DEBUG - [SUAS_main.main:745] - Waiting for mode change to: AUTO
2025-06-22 20:50:01,391 - SUAS - DEBUG - [SUAS_main.main:745] - Waiting for mode change to: AUTO
2025-06-22 20:50:01,893 - SUAS - DEBUG - [SUAS_main.main:745] - Waiting for mode change to: AUTO
2025-06-22 20:50:02,394 - SUAS - DEBUG - [SUAS_main.main:745] - Waiting for mode change to: AUTO
2025-06-22 20:50:02,896 - SUAS - DEBUG - [SUAS_main.main:745] - Waiting for mode change to: AUTO
2025-06-22 20:50:03,397 - SUAS - DEBUG - [SUAS_main.main:745] - Waiting for mode change to: AUTO
2025-06-22 20:50:03,899 - SUAS - DEBUG - [SUAS_main.main:745] - Waiting for mode change to: AUTO
2025-06-22 20:50:04,400 - SUAS - DEBUG - [SUAS_main.main:745] - Waiting for mode change to: AUTO
2025-06-22 20:50:04,901 - SUAS - DEBUG - [SUAS_main.main:745] - Waiting for mode change to: AUTO
2025-06-22 20:50:05,403 - SUAS - DEBUG - [SUAS_main.main:745] - Waiting for mode change to: AUTO
2025-06-22 20:50:05,904 - SUAS - DEBUG - [SUAS_main.main:745] - Waiting for mode change to: AUTO
2025-06-22 20:50:06,406 - SUAS - DEBUG - [SUAS_main.main:745] - Waiting for mode change to: AUTO
2025-06-22 20:50:06,907 - SUAS - DEBUG - [SUAS_main.main:745] - Waiting for mode change to: AUTO
2025-06-22 20:50:07,409 - SUAS - DEBUG - [SUAS_main.main:745] - Waiting for mode change to: AUTO
2025-06-22 20:50:07,910 - SUAS - DEBUG - [SUAS_main.main:745] - Waiting for mode change to: AUTO
2025-06-22 20:50:08,412 - SUAS - DEBUG - [SUAS_main.main:745] - Waiting for mode change to: AUTO
2025-06-22 20:50:08,913 - SUAS - DEBUG - [SUAS_main.main:745] - Waiting for mode change to: AUTO
2025-06-22 20:50:09,414 - SUAS - DEBUG - [SUAS_main.main:745] - Waiting for mode change to: AUTO
2025-06-22 20:50:09,916 - SUAS - DEBUG - [SUAS_main.main:745] - Waiting for mode change to: AUTO
2025-06-22 20:50:10,417 - SUAS - DEBUG - [SUAS_main.main:745] - Waiting for mode change to: AUTO
2025-06-22 20:50:10,919 - SUAS - DEBUG - [SUAS_main.main:745] - Waiting for mode change to: AUTO
2025-06-22 20:50:11,420 - SUAS - DEBUG - [SUAS_main.main:745] - Waiting for mode change to: AUTO
2025-06-22 20:50:11,922 - SUAS - DEBUG - [SUAS_main.main:745] - Waiting for mode change to: AUTO
2025-06-22 20:50:12,423 - SUAS - DEBUG - [SUAS_main.main:745] - Waiting for mode change to: AUTO
2025-06-22 20:50:12,925 - SUAS - DEBUG - [SUAS_main.main:745] - Waiting for mode change to: AUTO
2025-06-22 20:50:13,427 - SUAS - DEBUG - [SUAS_main.main:745] - Waiting for mode change to: AUTO
2025-06-22 20:50:13,928 - SUAS - DEBUG - [SUAS_main.main:745] - Waiting for mode change to: AUTO
2025-06-22 20:50:14,430 - SUAS - DEBUG - [SUAS_main.main:745] - Waiting for mode change to: AUTO
2025-06-22 20:50:14,931 - SUAS - DEBUG - [SUAS_main.main:745] - Waiting for mode change to: AUTO
2025-06-22 20:50:15,432 - SUAS - DEBUG - [SUAS_main.main:745] - Waiting for mode change to: AUTO
2025-06-22 20:50:15,933 - SUAS - DEBUG - [SUAS_main.main:745] - Waiting for mode change to: AUTO
2025-06-22 20:50:16,435 - SUAS - DEBUG - [SUAS_main.main:745] - Waiting for mode change to: AUTO
2025-06-22 20:50:16,936 - SUAS - DEBUG - [SUAS_main.main:745] - Waiting for mode change to: AUTO
2025-06-22 20:50:17,438 - SUAS - DEBUG - [SUAS_main.main:745] - Waiting for mode change to: AUTO
2025-06-22 20:50:17,939 - SUAS - DEBUG - [SUAS_main.main:745] - Waiting for mode change to: AUTO
2025-06-22 20:50:18,440 - SUAS - DEBUG - [SUAS_main.main:745] - Waiting for mode change to: AUTO
2025-06-22 20:50:18,942 - SUAS - DEBUG - [SUAS_main.main:745] - Waiting for mode change to: AUTO
2025-06-22 20:50:19,443 - SUAS - DEBUG - [SUAS_main.main:745] - Waiting for mode change to: AUTO
2025-06-22 20:50:19,945 - SUAS - DEBUG - [SUAS_main.main:745] - Waiting for mode change to: AUTO
2025-06-22 20:50:20,446 - SUAS - DEBUG - [SUAS_main.main:745] - Waiting for mode change to: AUTO
2025-06-22 20:50:20,947 - SUAS - DEBUG - [SUAS_main.main:745] - Waiting for mode change to: AUTO
2025-06-22 20:50:21,449 - SUAS - DEBUG - [SUAS_main.main:745] - Waiting for mode change to: AUTO
2025-06-22 20:50:21,950 - SUAS - DEBUG - [SUAS_main.main:745] - Waiting for mode change to: AUTO
2025-06-22 20:50:22,452 - SUAS - DEBUG - [SUAS_main.main:745] - Waiting for mode change to: AUTO
2025-06-22 20:50:22,953 - SUAS - DEBUG - [SUAS_main.main:745] - Waiting for mode change to: AUTO
2025-06-22 20:50:23,455 - SUAS - DEBUG - [SUAS_main.main:745] - Waiting for mode change to: AUTO
2025-06-22 20:50:23,956 - SUAS - DEBUG - [SUAS_main.main:745] - Waiting for mode change to: AUTO
2025-06-22 20:50:24,458 - SUAS - DEBUG - [SUAS_main.main:745] - Waiting for mode change to: AUTO
2025-06-22 20:50:24,959 - SUAS - DEBUG - [SUAS_main.main:745] - Waiting for mode change to: AUTO
2025-06-22 20:50:25,461 - SUAS - DEBUG - [SUAS_main.main:745] - Waiting for mode change to: AUTO
2025-06-22 20:50:25,963 - SUAS - DEBUG - [SUAS_main.main:745] - Waiting for mode change to: AUTO
2025-06-22 20:50:26,497 - SUAS - DEBUG - [SUAS_main.main:745] - Waiting for mode change to: AUTO
2025-06-22 20:50:26,999 - SUAS - DEBUG - [SUAS_main.main:745] - Waiting for mode change to: AUTO
2025-06-22 20:50:27,501 - SUAS - DEBUG - [SUAS_main.main:745] - Waiting for mode change to: AUTO
2025-06-22 20:50:28,002 - SUAS - DEBUG - [SUAS_main.main:745] - Waiting for mode change to: AUTO
2025-06-22 20:50:28,504 - SUAS - DEBUG - [SUAS_main.main:745] - Waiting for mode change to: AUTO
2025-06-22 20:50:29,005 - SUAS - DEBUG - [SUAS_main.main:745] - Waiting for mode change to: AUTO
2025-06-22 20:50:29,507 - SUAS - DEBUG - [SUAS_main.main:745] - Waiting for mode change to: AUTO
2025-06-22 20:50:30,008 - SUAS - DEBUG - [SUAS_main.main:745] - Waiting for mode change to: AUTO
2025-06-22 20:50:30,510 - SUAS - DEBUG - [SUAS_main.main:745] - Waiting for mode change to: AUTO
2025-06-22 20:50:31,011 - SUAS - DEBUG - [SUAS_main.main:745] - Waiting for mode change to: AUTO
2025-06-22 20:50:31,513 - SUAS - DEBUG - [SUAS_main.main:745] - Waiting for mode change to: AUTO
2025-06-22 20:50:32,014 - SUAS - DEBUG - [SUAS_main.main:745] - Waiting for mode change to: AUTO
2025-06-22 20:50:32,516 - SUAS - DEBUG - [SUAS_main.main:745] - Waiting for mode change to: AUTO
2025-06-22 20:50:33,018 - SUAS - DEBUG - [SUAS_main.main:745] - Waiting for mode change to: AUTO
2025-06-22 20:50:33,519 - SUAS - DEBUG - [SUAS_main.main:745] - Waiting for mode change to: AUTO
2025-06-22 20:50:34,021 - SUAS - DEBUG - [SUAS_main.main:745] - Waiting for mode change to: AUTO
2025-06-22 20:50:34,522 - SUAS - DEBUG - [SUAS_main.main:745] - Waiting for mode change to: AUTO
2025-06-22 20:50:35,024 - SUAS - DEBUG - [SUAS_main.main:745] - Waiting for mode change to: AUTO
2025-06-22 20:50:35,525 - SUAS - DEBUG - [SUAS_main.main:745] - Waiting for mode change to: AUTO
2025-06-22 20:50:36,027 - SUAS - DEBUG - [SUAS_main.main:745] - Waiting for mode change to: AUTO
2025-06-22 20:50:36,528 - SUAS - DEBUG - [SUAS_main.main:745] - Waiting for mode change to: AUTO
2025-06-22 20:50:37,030 - SUAS - DEBUG - [SUAS_main.main:745] - Waiting for mode change to: AUTO
2025-06-22 20:50:37,531 - SUAS - DEBUG - [SUAS_main.main:745] - Waiting for mode change to: AUTO
2025-06-22 20:50:38,033 - SUAS - DEBUG - [SUAS_main.main:745] - Waiting for mode change to: AUTO
2025-06-22 20:50:38,535 - SUAS - DEBUG - [SUAS_main.main:745] - Waiting for mode change to: AUTO
2025-06-22 20:50:39,036 - SUAS - DEBUG - [SUAS_main.main:745] - Waiting for mode change to: AUTO
2025-06-22 20:50:39,538 - SUAS - DEBUG - [SUAS_main.main:745] - Waiting for mode change to: AUTO
2025-06-22 20:50:40,039 - SUAS - DEBUG - [SUAS_main.main:745] - Waiting for mode change to: AUTO
2025-06-22 20:50:40,540 - SUAS - DEBUG - [SUAS_main.main:745] - Waiting for mode change to: AUTO
2025-06-22 20:50:41,042 - SUAS - DEBUG - [SUAS_main.main:745] - Waiting for mode change to: AUTO
2025-06-22 20:50:41,543 - SUAS - DEBUG - [SUAS_main.main:745] - Waiting for mode change to: AUTO
2025-06-22 20:50:42,044 - SUAS - DEBUG - [SUAS_main.main:745] - Waiting for mode change to: AUTO
2025-06-22 20:50:42,546 - SUAS - DEBUG - [SUAS_main.main:745] - Waiting for mode change to: AUTO
2025-06-22 20:50:43,047 - SUAS - DEBUG - [SUAS_main.main:745] - Waiting for mode change to: AUTO
2025-06-22 20:50:43,549 - SUAS - DEBUG - [SUAS_main.main:745] - Waiting for mode change to: AUTO
2025-06-22 20:50:44,050 - SUAS - DEBUG - [SUAS_main.main:745] - Waiting for mode change to: AUTO
2025-06-22 20:50:44,551 - SUAS - DEBUG - [SUAS_main.main:745] - Waiting for mode change to: AUTO
2025-06-22 20:50:45,053 - SUAS - DEBUG - [SUAS_main.main:745] - Waiting for mode change to: AUTO
2025-06-22 20:50:45,555 - SUAS - DEBUG - [SUAS_main.main:745] - Waiting for mode change to: AUTO
2025-06-22 20:50:46,056 - SUAS - DEBUG - [SUAS_main.main:745] - Waiting for mode change to: AUTO
2025-06-22 20:50:46,558 - SUAS - DEBUG - [SUAS_main.main:745] - Waiting for mode change to: AUTO
2025-06-22 20:50:47,059 - SUAS - DEBUG - [SUAS_main.main:745] - Waiting for mode change to: AUTO
2025-06-22 20:50:47,560 - SUAS - DEBUG - [SUAS_main.main:745] - Waiting for mode change to: AUTO
2025-06-22 20:50:48,062 - SUAS - DEBUG - [SUAS_main.main:745] - Waiting for mode change to: AUTO
2025-06-22 20:50:48,563 - SUAS - DEBUG - [SUAS_main.main:745] - Waiting for mode change to: AUTO
2025-06-22 20:50:49,065 - SUAS - DEBUG - [SUAS_main.main:745] - Waiting for mode change to: AUTO
2025-06-22 20:50:49,566 - SUAS - DEBUG - [SUAS_main.main:745] - Waiting for mode change to: AUTO
2025-06-22 20:50:50,068 - SUAS - DEBUG - [SUAS_main.main:745] - Waiting for mode change to: AUTO
2025-06-22 20:50:50,569 - SUAS - DEBUG - [SUAS_main.main:745] - Waiting for mode change to: AUTO
2025-06-22 20:50:51,071 - SUAS - DEBUG - [SUAS_main.main:745] - Waiting for mode change to: AUTO
2025-06-22 20:50:51,573 - SUAS - DEBUG - [SUAS_main.main:745] - Waiting for mode change to: AUTO
2025-06-22 20:50:52,074 - SUAS - DEBUG - [SUAS_main.main:745] - Waiting for mode change to: AUTO
2025-06-22 20:50:52,576 - SUAS - DEBUG - [SUAS_main.main:745] - Waiting for mode change to: AUTO
2025-06-22 20:50:53,077 - SUAS - DEBUG - [SUAS_main.main:745] - Waiting for mode change to: AUTO
2025-06-22 20:50:53,579 - SUAS - DEBUG - [SUAS_main.main:745] - Waiting for mode change to: AUTO
2025-06-22 20:50:54,080 - SUAS - DEBUG - [SUAS_main.main:745] - Waiting for mode change to: AUTO
2025-06-22 20:50:54,582 - SUAS - DEBUG - [SUAS_main.main:745] - Waiting for mode change to: AUTO
2025-06-22 20:50:55,083 - SUAS - DEBUG - [SUAS_main.main:745] - Waiting for mode change to: AUTO
2025-06-22 20:50:55,584 - SUAS - DEBUG - [SUAS_main.main:745] - Waiting for mode change to: AUTO
2025-06-22 20:50:56,086 - SUAS - DEBUG - [SUAS_main.main:745] - Waiting for mode change to: AUTO
2025-06-22 20:50:56,587 - SUAS - DEBUG - [SUAS_main.main:745] - Waiting for mode change to: AUTO
2025-06-22 20:50:57,088 - SUAS - DEBUG - [SUAS_main.main:745] - Waiting for mode change to: AUTO
2025-06-22 20:50:57,590 - SUAS - DEBUG - [SUAS_main.main:745] - Waiting for mode change to: AUTO
2025-06-22 20:50:58,091 - SUAS - DEBUG - [SUAS_main.main:745] - Waiting for mode change to: AUTO
2025-06-22 20:50:58,593 - SUAS - DEBUG - [SUAS_main.main:745] - Waiting for mode change to: AUTO
2025-06-22 20:50:59,095 - SUAS - DEBUG - [SUAS_main.main:745] - Waiting for mode change to: AUTO
2025-06-22 20:50:59,596 - SUAS - DEBUG - [SUAS_main.main:745] - Waiting for mode change to: AUTO
2025-06-22 20:51:00,097 - SUAS - DEBUG - [SUAS_main.main:745] - Waiting for mode change to: AUTO
2025-06-22 20:51:00,599 - SUAS - DEBUG - [SUAS_main.main:745] - Waiting for mode change to: AUTO
2025-06-22 20:51:01,100 - SUAS - DEBUG - [SUAS_main.main:745] - Waiting for mode change to: AUTO
2025-06-22 20:51:01,144 - SUAS - DEBUG - [SUAS_main.watcher:148] - Mode changed: ALT_HOLD -> POSHOLD
2025-06-22 20:51:01,144 - SUAS - DEBUG - [SUAS_main.pasue:121] - Pausing execution in mode: POSHOLD
2025-06-22 20:51:50,122 - SUAS - DEBUG - [SUAS_main.watcher:148] - Mode changed: POSHOLD -> AUTO
2025-06-22 20:51:50,122 - SUAS - DEBUG - [SUAS_main.main:750] - Land Location: (38.8507737, -76.6997794, 0.08)
2025-06-22 20:51:50,123 - SUAS - DEBUG - [SUAS_main.main:751] - Mode: AUTO
2025-06-22 20:51:50,124 - SUAS - DEBUG - [SUAS_main.main:753] - aga ilk otoyol
2025-06-22 20:51:51,126 - SUAS - DEBUG - [SUAS_main.main:759] - next wp: 1
2025-06-22 20:51:51,127 - SUAS - DEBUG - [SUAS_main.main:760] - wp_num:6
2025-06-22 20:51:52,129 - SUAS - DEBUG - [SUAS_main.main:759] - next wp: 1
2025-06-22 20:51:52,130 - SUAS - DEBUG - [SUAS_main.main:760] - wp_num:6
2025-06-22 20:51:53,132 - SUAS - DEBUG - [SUAS_main.main:759] - next wp: 1
2025-06-22 20:51:53,133 - SUAS - DEBUG - [SUAS_main.main:760] - wp_num:6
2025-06-22 20:51:54,135 - SUAS - DEBUG - [SUAS_main.main:759] - next wp: 1
2025-06-22 20:51:54,136 - SUAS - DEBUG - [SUAS_main.main:760] - wp_num:6
2025-06-22 20:51:55,138 - SUAS - DEBUG - [SUAS_main.main:759] - next wp: 1
2025-06-22 20:51:55,138 - SUAS - DEBUG - [SUAS_main.main:760] - wp_num:6
2025-06-22 20:51:56,140 - SUAS - DEBUG - [SUAS_main.main:759] - next wp: 1
2025-06-22 20:51:56,141 - SUAS - DEBUG - [SUAS_main.main:760] - wp_num:6
2025-06-22 20:51:57,143 - SUAS - DEBUG - [SUAS_main.main:759] - next wp: 1
2025-06-22 20:51:57,143 - SUAS - DEBUG - [SUAS_main.main:760] - wp_num:6
2025-06-22 20:51:58,146 - SUAS - DEBUG - [SUAS_main.main:759] - next wp: 1
2025-06-22 20:51:58,146 - SUAS - DEBUG - [SUAS_main.main:760] - wp_num:6
2025-06-22 20:51:59,148 - SUAS - DEBUG - [SUAS_main.main:759] - next wp: 1
2025-06-22 20:51:59,149 - SUAS - DEBUG - [SUAS_main.main:760] - wp_num:6
2025-06-22 20:52:00,151 - SUAS - DEBUG - [SUAS_main.main:759] - next wp: 1
2025-06-22 20:52:00,152 - SUAS - DEBUG - [SUAS_main.main:760] - wp_num:6
2025-06-22 20:52:01,154 - SUAS - DEBUG - [SUAS_main.main:759] - next wp: 1
2025-06-22 20:52:01,155 - SUAS - DEBUG - [SUAS_main.main:760] - wp_num:6
2025-06-22 20:52:02,156 - SUAS - DEBUG - [SUAS_main.main:759] - next wp: 2
2025-06-22 20:52:02,157 - SUAS - DEBUG - [SUAS_main.main:760] - wp_num:6
2025-06-22 20:52:03,159 - SUAS - DEBUG - [SUAS_main.main:759] - next wp: 2
2025-06-22 20:52:03,160 - SUAS - DEBUG - [SUAS_main.main:760] - wp_num:6
2025-06-22 20:52:04,161 - SUAS - DEBUG - [SUAS_main.main:759] - next wp: 2
2025-06-22 20:52:04,162 - SUAS - DEBUG - [SUAS_main.main:760] - wp_num:6
2025-06-22 20:52:05,164 - SUAS - DEBUG - [SUAS_main.main:759] - next wp: 2
2025-06-22 20:52:05,165 - SUAS - DEBUG - [SUAS_main.main:760] - wp_num:6
2025-06-22 20:52:06,167 - SUAS - DEBUG - [SUAS_main.main:759] - next wp: 2
2025-06-22 20:52:06,168 - SUAS - DEBUG - [SUAS_main.main:760] - wp_num:6
2025-06-22 20:52:07,169 - SUAS - DEBUG - [SUAS_main.main:759] - next wp: 2
2025-06-22 20:52:07,170 - SUAS - DEBUG - [SUAS_main.main:760] - wp_num:6
2025-06-22 20:52:08,172 - SUAS - DEBUG - [SUAS_main.main:759] - next wp: 2
2025-06-22 20:52:08,173 - SUAS - DEBUG - [SUAS_main.main:760] - wp_num:6
2025-06-22 20:52:09,175 - SUAS - DEBUG - [SUAS_main.main:759] - next wp: 2
2025-06-22 20:52:09,175 - SUAS - DEBUG - [SUAS_main.main:760] - wp_num:6
2025-06-22 20:52:10,177 - SUAS - DEBUG - [SUAS_main.main:759] - next wp: 2
2025-06-22 20:52:10,178 - SUAS - DEBUG - [SUAS_main.main:760] - wp_num:6
2025-06-22 20:52:11,180 - SUAS - DEBUG - [SUAS_main.main:759] - next wp: 2
2025-06-22 20:52:11,181 - SUAS - DEBUG - [SUAS_main.main:760] - wp_num:6
2025-06-22 20:52:12,183 - SUAS - DEBUG - [SUAS_main.main:759] - next wp: 3
2025-06-22 20:52:12,184 - SUAS - DEBUG - [SUAS_main.main:760] - wp_num:6
2025-06-22 20:52:13,185 - SUAS - DEBUG - [SUAS_main.main:759] - next wp: 3
2025-06-22 20:52:13,186 - SUAS - DEBUG - [SUAS_main.main:760] - wp_num:6
2025-06-22 20:52:14,188 - SUAS - DEBUG - [SUAS_main.main:759] - next wp: 3
2025-06-22 20:52:14,189 - SUAS - DEBUG - [SUAS_main.main:760] - wp_num:6
2025-06-22 20:52:15,191 - SUAS - DEBUG - [SUAS_main.main:759] - next wp: 3
2025-06-22 20:52:15,192 - SUAS - DEBUG - [SUAS_main.main:760] - wp_num:6
2025-06-22 20:52:16,193 - SUAS - DEBUG - [SUAS_main.main:759] - next wp: 3
2025-06-22 20:52:16,194 - SUAS - DEBUG - [SUAS_main.main:760] - wp_num:6
2025-06-22 20:52:17,196 - SUAS - DEBUG - [SUAS_main.main:759] - next wp: 3
2025-06-22 20:52:17,197 - SUAS - DEBUG - [SUAS_main.main:760] - wp_num:6
2025-06-22 20:52:18,199 - SUAS - DEBUG - [SUAS_main.main:759] - next wp: 4
2025-06-22 20:52:18,199 - SUAS - DEBUG - [SUAS_main.main:760] - wp_num:6
2025-06-22 20:52:19,201 - SUAS - DEBUG - [SUAS_main.main:759] - next wp: 4
2025-06-22 20:52:19,202 - SUAS - DEBUG - [SUAS_main.main:760] - wp_num:6
2025-06-22 20:52:20,204 - SUAS - DEBUG - [SUAS_main.main:759] - next wp: 4
2025-06-22 20:52:20,205 - SUAS - DEBUG - [SUAS_main.main:760] - wp_num:6
2025-06-22 20:52:21,239 - SUAS - DEBUG - [SUAS_main.main:759] - next wp: 4
2025-06-22 20:52:21,240 - SUAS - DEBUG - [SUAS_main.main:760] - wp_num:6
2025-06-22 20:52:22,241 - SUAS - DEBUG - [SUAS_main.main:759] - next wp: 4
2025-06-22 20:52:22,242 - SUAS - DEBUG - [SUAS_main.main:760] - wp_num:6
2025-06-22 20:52:23,244 - SUAS - DEBUG - [SUAS_main.main:759] - next wp: 4
2025-06-22 20:52:23,245 - SUAS - DEBUG - [SUAS_main.main:760] - wp_num:6
2025-06-22 20:52:24,247 - SUAS - DEBUG - [SUAS_main.main:759] - next wp: 4
2025-06-22 20:52:24,248 - SUAS - DEBUG - [SUAS_main.main:760] - wp_num:6
2025-06-22 20:52:25,249 - SUAS - DEBUG - [SUAS_main.main:759] - next wp: 5
2025-06-22 20:52:25,250 - SUAS - DEBUG - [SUAS_main.main:760] - wp_num:6
2025-06-22 20:52:26,284 - SUAS - DEBUG - [SUAS_main.main:759] - next wp: 5
2025-06-22 20:52:26,285 - SUAS - DEBUG - [SUAS_main.main:760] - wp_num:6
2025-06-22 20:52:27,287 - SUAS - DEBUG - [SUAS_main.main:759] - next wp: 5
2025-06-22 20:52:27,288 - SUAS - DEBUG - [SUAS_main.main:760] - wp_num:6
2025-06-22 20:52:28,289 - SUAS - DEBUG - [SUAS_main.main:759] - next wp: 5
2025-06-22 20:52:28,290 - SUAS - DEBUG - [SUAS_main.main:760] - wp_num:6
2025-06-22 20:52:29,292 - SUAS - DEBUG - [SUAS_main.main:759] - next wp: 5
2025-06-22 20:52:29,293 - SUAS - DEBUG - [SUAS_main.main:760] - wp_num:6
2025-06-22 20:52:30,295 - SUAS - DEBUG - [SUAS_main.main:759] - next wp: 5
2025-06-22 20:52:30,296 - SUAS - DEBUG - [SUAS_main.main:760] - wp_num:6
2025-06-22 20:52:31,298 - SUAS - DEBUG - [SUAS_main.main:759] - next wp: 5
2025-06-22 20:52:31,299 - SUAS - DEBUG - [SUAS_main.main:760] - wp_num:6
2025-06-22 20:52:32,301 - SUAS - DEBUG - [SUAS_main.main:759] - next wp: 5
2025-06-22 20:52:32,301 - SUAS - DEBUG - [SUAS_main.main:760] - wp_num:6
2025-06-22 20:52:33,303 - SUAS - DEBUG - [SUAS_main.main:759] - next wp: 5
2025-06-22 20:52:33,303 - SUAS - DEBUG - [SUAS_main.main:760] - wp_num:6
2025-06-22 20:52:34,305 - SUAS - DEBUG - [SUAS_main.main:759] - next wp: 6
2025-06-22 20:52:34,306 - SUAS - DEBUG - [SUAS_main.main:760] - wp_num:6
2025-06-22 20:52:34,307 - SUAS - DEBUG - [SUAS_main.main:762] - Air Drop Stage
2025-06-22 20:52:35,821 - SUAS - DEBUG - [SUAS_main.watcher:148] - Mode changed: AUTO -> GUIDED
2025-06-22 20:52:35,821 - SUAS - DEBUG - [SUAS_main.on_mode_change:166] - Unhandled mode change: GUIDED
2025-06-22 20:52:35,860 - SUAS - DEBUG - [SUAS_main.main:770] - VehicleMode:GUIDED moduna geçildi
2025-06-22 20:52:37,366 - SUAS - DEBUG - [SUAS_main.start_scanning:479] - SET Yaw Behaviour: 0, Never change yaw
2025-06-22 20:52:38,868 - SUAS - DEBUG - [SUAS_main.start_scanning:488] - point to go: 38.8511427 -76.6995765
2025-06-22 20:52:38,869 - SUAS - DEBUG - [SUAS_main.start_scanning:490] - scanning noktasına gidiliyor: timestamp: 2025-06-22 20:52:38
2025-06-22 20:52:38,871 - SUAS - DEBUG - [SUAS_main.start_scanning:492] - simplegoto verildi: timestamp: 2025-06-22 20:52:38
2025-06-22 20:52:38,872 - SUAS - DEBUG - [SUAS_main.wait:320] - waite girildi timestamp: 2025-06-22 20:52:38
2025-06-22 20:52:38,973 - SUAS - DEBUG - [SUAS_main.wait:322] - Waiting for the vehicle to reach the target point...
2025-06-22 20:52:48,987 - SUAS - DEBUG - [SUAS_main.wait:331] - Reached the target point after the break
2025-06-22 20:52:48,989 - SUAS - DEBUG - [SUAS_main.start_scanning:494] - wait fonksiyonu bitti: timestamp: 2025-06-22 20:52:48
2025-06-22 20:52:48,990 - SUAS - DEBUG - [SUAS_main.start_scanning:495] - Reached the target point and going to take photo
2025-06-22 20:52:48,991 - SUAS - DEBUG - [SUAS_main.start_scanning:508] - fotoğraf çekilecek. timestamp: 2025-06-22 20:52:48
2025-06-22 20:52:51,172 - SUAS - DEBUG - [SUAS_main.take_photo_opencv:423] - Saved photo to images20/image_1.jpg
2025-06-22 20:52:51,174 - SUAS - DEBUG - [SUAS_main.start_scanning:515] - fotoğraf çekildi. timestamp: 2025-06-22 20:52:51
2025-06-22 20:52:51,675 - SUAS - DEBUG - [SUAS_main.start_scanning:488] - point to go: 38.8509765 -76.6996658
2025-06-22 20:52:51,676 - SUAS - DEBUG - [SUAS_main.start_scanning:490] - scanning noktasına gidiliyor: timestamp: 2025-06-22 20:52:51
2025-06-22 20:52:51,677 - SUAS - DEBUG - [SUAS_main.start_scanning:492] - simplegoto verildi: timestamp: 2025-06-22 20:52:51
2025-06-22 20:52:51,678 - SUAS - DEBUG - [SUAS_main.wait:320] - waite girildi timestamp: 2025-06-22 20:52:51
2025-06-22 20:52:51,779 - SUAS - DEBUG - [SUAS_main.wait:322] - Waiting for the vehicle to reach the target point...
2025-06-22 20:53:00,773 - SUAS - DEBUG - [SUAS_main.wait:331] - Reached the target point after the break
2025-06-22 20:53:00,774 - SUAS - DEBUG - [SUAS_main.start_scanning:494] - wait fonksiyonu bitti: timestamp: 2025-06-22 20:53:00
2025-06-22 20:53:00,775 - SUAS - DEBUG - [SUAS_main.start_scanning:495] - Reached the target point and going to take photo
2025-06-22 20:53:00,776 - SUAS - DEBUG - [SUAS_main.start_scanning:508] - fotoğraf çekilecek. timestamp: 2025-06-22 20:53:00
2025-06-22 20:53:01,958 - SUAS - DEBUG - [SUAS_main.take_photo_opencv:423] - Saved photo to images20/image_2.jpg
2025-06-22 20:53:01,959 - SUAS - DEBUG - [SUAS_main.start_scanning:515] - fotoğraf çekildi. timestamp: 2025-06-22 20:53:01
2025-06-22 20:53:02,461 - SUAS - DEBUG - [SUAS_main.start_scanning:488] - point to go: 38.8508395 -76.6997469
2025-06-22 20:53:02,462 - SUAS - DEBUG - [SUAS_main.start_scanning:490] - scanning noktasına gidiliyor: timestamp: 2025-06-22 20:53:02
2025-06-22 20:53:02,464 - SUAS - DEBUG - [SUAS_main.start_scanning:492] - simplegoto verildi: timestamp: 2025-06-22 20:53:02
2025-06-22 20:53:02,465 - SUAS - DEBUG - [SUAS_main.wait:320] - waite girildi timestamp: 2025-06-22 20:53:02
2025-06-22 20:53:02,566 - SUAS - DEBUG - [SUAS_main.wait:322] - Waiting for the vehicle to reach the target point...
2025-06-22 20:53:12,926 - SUAS - DEBUG - [SUAS_main.wait:331] - Reached the target point after the break
2025-06-22 20:53:12,928 - SUAS - DEBUG - [SUAS_main.start_scanning:494] - wait fonksiyonu bitti: timestamp: 2025-06-22 20:53:12
2025-06-22 20:53:12,929 - SUAS - DEBUG - [SUAS_main.start_scanning:495] - Reached the target point and going to take photo
2025-06-22 20:53:12,930 - SUAS - DEBUG - [SUAS_main.start_scanning:508] - fotoğraf çekilecek. timestamp: 2025-06-22 20:53:12
2025-06-22 20:53:14,116 - SUAS - DEBUG - [SUAS_main.take_photo_opencv:423] - Saved photo to images20/image_3.jpg
2025-06-22 20:53:14,117 - SUAS - DEBUG - [SUAS_main.start_scanning:515] - fotoğraf çekildi. timestamp: 2025-06-22 20:53:14
2025-06-22 20:53:14,618 - SUAS - DEBUG - [SUAS_main.start_scanning:488] - point to go: 38.8507058 -76.6998308
2025-06-22 20:53:14,619 - SUAS - DEBUG - [SUAS_main.start_scanning:490] - scanning noktasına gidiliyor: timestamp: 2025-06-22 20:53:14
2025-06-22 20:53:14,621 - SUAS - DEBUG - [SUAS_main.start_scanning:492] - simplegoto verildi: timestamp: 2025-06-22 20:53:14
2025-06-22 20:53:14,621 - SUAS - DEBUG - [SUAS_main.wait:320] - waite girildi timestamp: 2025-06-22 20:53:14
2025-06-22 20:53:14,722 - SUAS - DEBUG - [SUAS_main.wait:322] - Waiting for the vehicle to reach the target point...
2025-06-22 20:53:25,919 - SUAS - DEBUG - [SUAS_main.wait:331] - Reached the target point after the break
2025-06-22 20:53:25,920 - SUAS - DEBUG - [SUAS_main.start_scanning:494] - wait fonksiyonu bitti: timestamp: 2025-06-22 20:53:25
2025-06-22 20:53:25,921 - SUAS - DEBUG - [SUAS_main.start_scanning:495] - Reached the target point and going to take photo
2025-06-22 20:53:25,922 - SUAS - DEBUG - [SUAS_main.start_scanning:508] - fotoğraf çekilecek. timestamp: 2025-06-22 20:53:25
2025-06-22 20:53:27,104 - SUAS - DEBUG - [SUAS_main.take_photo_opencv:423] - Saved photo to images20/image_4.jpg
2025-06-22 20:53:27,105 - SUAS - DEBUG - [SUAS_main.start_scanning:515] - fotoğraf çekildi. timestamp: 2025-06-22 20:53:27
2025-06-22 20:53:27,607 - SUAS - DEBUG - [SUAS_main.start_scanning:488] - point to go: 38.8505558 -76.6999015
2025-06-22 20:53:27,608 - SUAS - DEBUG - [SUAS_main.start_scanning:490] - scanning noktasına gidiliyor: timestamp: 2025-06-22 20:53:27
2025-06-22 20:53:27,610 - SUAS - DEBUG - [SUAS_main.start_scanning:492] - simplegoto verildi: timestamp: 2025-06-22 20:53:27
2025-06-22 20:53:27,611 - SUAS - DEBUG - [SUAS_main.wait:320] - waite girildi timestamp: 2025-06-22 20:53:27
2025-06-22 20:53:27,712 - SUAS - DEBUG - [SUAS_main.wait:322] - Waiting for the vehicle to reach the target point...
2025-06-22 20:53:38,589 - SUAS - DEBUG - [SUAS_main.wait:331] - Reached the target point after the break
2025-06-22 20:53:38,590 - SUAS - DEBUG - [SUAS_main.start_scanning:494] - wait fonksiyonu bitti: timestamp: 2025-06-22 20:53:38
2025-06-22 20:53:38,591 - SUAS - DEBUG - [SUAS_main.start_scanning:495] - Reached the target point and going to take photo
2025-06-22 20:53:38,592 - SUAS - DEBUG - [SUAS_main.start_scanning:508] - fotoğraf çekilecek. timestamp: 2025-06-22 20:53:38
2025-06-22 20:53:39,783 - SUAS - DEBUG - [SUAS_main.take_photo_opencv:423] - Saved photo to images20/image_5.jpg
2025-06-22 20:53:39,784 - SUAS - DEBUG - [SUAS_main.start_scanning:515] - fotoğraf çekildi. timestamp: 2025-06-22 20:53:39
2025-06-22 20:53:40,286 - SUAS - DEBUG - [SUAS_main.start_scanning:488] - point to go: 38.8504058 -76.6999904
2025-06-22 20:53:40,287 - SUAS - DEBUG - [SUAS_main.start_scanning:490] - scanning noktasına gidiliyor: timestamp: 2025-06-22 20:53:40
2025-06-22 20:53:40,288 - SUAS - DEBUG - [SUAS_main.start_scanning:492] - simplegoto verildi: timestamp: 2025-06-22 20:53:40
2025-06-22 20:53:40,289 - SUAS - DEBUG - [SUAS_main.wait:320] - waite girildi timestamp: 2025-06-22 20:53:40
2025-06-22 20:53:40,390 - SUAS - DEBUG - [SUAS_main.wait:322] - Waiting for the vehicle to reach the target point...
2025-06-22 20:53:50,194 - SUAS - DEBUG - [SUAS_main.wait:331] - Reached the target point after the break
2025-06-22 20:53:50,196 - SUAS - DEBUG - [SUAS_main.start_scanning:494] - wait fonksiyonu bitti: timestamp: 2025-06-22 20:53:50
2025-06-22 20:53:50,197 - SUAS - DEBUG - [SUAS_main.start_scanning:495] - Reached the target point and going to take photo
2025-06-22 20:53:50,198 - SUAS - DEBUG - [SUAS_main.start_scanning:508] - fotoğraf çekilecek. timestamp: 2025-06-22 20:53:50
2025-06-22 20:53:51,358 - SUAS - DEBUG - [SUAS_main.take_photo_opencv:423] - Saved photo to images20/image_6.jpg
2025-06-22 20:53:51,359 - SUAS - DEBUG - [SUAS_main.start_scanning:515] - fotoğraf çekildi. timestamp: 2025-06-22 20:53:51
2025-06-22 20:53:51,366 - SUAS - DEBUG - [SUAS_main.start_scanning:526] - position_data20.csv dosyası ya mevcut değil ya da zaten boş.
2025-06-22 20:53:51,375 - SUAS - DEBUG - [SUAS_main.start_scanning:529] - Position data saved to position_data20.csv
2025-06-22 20:53:51,613 - SUAS - DEBUG - [SUAS_main.start_scanning:541] - SET Yaw Behaviour: 0, Face next waypoint
2025-06-22 20:53:51,614 - SUAS - DEBUG - [SUAS_main.main:786] - Image processing done
2025-06-22 20:53:51,617 - SUAS - DEBUG - [SUAS_main.main:792] - Waiting for 'cf_done' signal...
2025-06-22 20:53:56,335 - SUAS - DEBUG - [SUAS_main.main:801] - CF DONE
2025-06-22 20:53:56,389 - SUAS - DEBUG - [SUAS_main.main:812] - best_rois: [(38.850722613281285, -76.6998226378236), (38.851092497834834, -76.69957237668132), (38.850579174487265, -76.69985016495392), (38.85083623785936, -76.69974081955492)]
2025-06-22 20:53:56,391 - SUAS - DEBUG - [SUAS_main.real_drop:556] - konuma gidiliyor: (38.850722613281285, -76.6998226378236)
2025-06-22 20:53:56,394 - SUAS - DEBUG - [SUAS_main.wait:320] - waite girildi timestamp: 2025-06-22 20:53:56
2025-06-22 20:53:56,495 - SUAS - DEBUG - [SUAS_main.wait:322] - Waiting for the vehicle to reach the target point...
2025-06-22 20:54:08,852 - SUAS - DEBUG - [SUAS_main.wait:331] - Reached the target point after the break
2025-06-22 20:54:08,854 - SUAS - DEBUG - [SUAS_main.set_servo:270] - set_servo function has successfully executed. With arguments: Channel: 14, PWM Value: 1100
2025-06-22 20:54:08,855 - SUAS - DEBUG - [SUAS_main.real_drop:572] - Servo activated: channel=(14, 1100)
2025-06-22 20:54:10,859 - SUAS - DEBUG - [SUAS_main.set_servo:270] - set_servo function has successfully executed. With arguments: Channel: 14, PWM Value: 0
2025-06-22 20:54:10,859 - SUAS - DEBUG - [SUAS_main.real_drop:575] - Servo deactivated: channel=14
2025-06-22 20:54:55,901 - SUAS - DEBUG - [SUAS_main.real_drop:556] - konuma gidiliyor: (38.851092497834834, -76.69957237668132)
2025-06-22 20:54:55,903 - SUAS - DEBUG - [SUAS_main.wait:320] - waite girildi timestamp: 2025-06-22 20:54:55
2025-06-22 20:54:56,004 - SUAS - DEBUG - [SUAS_main.wait:322] - Waiting for the vehicle to reach the target point...
2025-06-22 20:55:11,086 - SUAS - DEBUG - [SUAS_main.wait:331] - Reached the target point after the break
2025-06-22 20:55:11,089 - SUAS - DEBUG - [SUAS_main.set_servo:270] - set_servo function has successfully executed. With arguments: Channel: 14, PWM Value: 1400
2025-06-22 20:55:11,090 - SUAS - DEBUG - [SUAS_main.real_drop:572] - Servo activated: channel=(14, 1400)
2025-06-22 20:55:13,093 - SUAS - DEBUG - [SUAS_main.set_servo:270] - set_servo function has successfully executed. With arguments: Channel: 14, PWM Value: 0
2025-06-22 20:55:13,094 - SUAS - DEBUG - [SUAS_main.real_drop:575] - Servo deactivated: channel=14
2025-06-22 20:55:58,115 - SUAS - DEBUG - [SUAS_main.real_drop:556] - konuma gidiliyor: (38.850579174487265, -76.69985016495392)
2025-06-22 20:55:58,117 - SUAS - DEBUG - [SUAS_main.wait:320] - waite girildi timestamp: 2025-06-22 20:55:58
2025-06-22 20:55:58,218 - SUAS - DEBUG - [SUAS_main.wait:322] - Waiting for the vehicle to reach the target point...
2025-06-22 20:56:15,049 - SUAS - DEBUG - [SUAS_main.wait:331] - Reached the target point after the break
2025-06-22 20:56:15,052 - SUAS - DEBUG - [SUAS_main.set_servo:270] - set_servo function has successfully executed. With arguments: Channel: 14, PWM Value: 1650
2025-06-22 20:56:15,053 - SUAS - DEBUG - [SUAS_main.real_drop:572] - Servo activated: channel=(14, 1650)
2025-06-22 20:56:17,056 - SUAS - DEBUG - [SUAS_main.set_servo:270] - set_servo function has successfully executed. With arguments: Channel: 14, PWM Value: 0
2025-06-22 20:56:17,057 - SUAS - DEBUG - [SUAS_main.real_drop:575] - Servo deactivated: channel=14
2025-06-22 20:57:02,100 - SUAS - DEBUG - [SUAS_main.real_drop:556] - konuma gidiliyor: (38.85083623785936, -76.69974081955492)
2025-06-22 20:57:02,102 - SUAS - DEBUG - [SUAS_main.wait:320] - waite girildi timestamp: 2025-06-22 20:57:02
2025-06-22 20:57:02,203 - SUAS - DEBUG - [SUAS_main.wait:322] - Waiting for the vehicle to reach the target point...
2025-06-22 20:57:15,958 - SUAS - DEBUG - [SUAS_main.wait:331] - Reached the target point after the break
2025-06-22 20:57:15,960 - SUAS - DEBUG - [SUAS_main.set_servo:270] - set_servo function has successfully executed. With arguments: Channel: 14, PWM Value: 1900
2025-06-22 20:57:15,962 - SUAS - DEBUG - [SUAS_main.real_drop:572] - Servo activated: channel=(14, 1900)
2025-06-22 20:57:17,965 - SUAS - DEBUG - [SUAS_main.set_servo:270] - set_servo function has successfully executed. With arguments: Channel: 14, PWM Value: 0
2025-06-22 20:57:17,966 - SUAS - DEBUG - [SUAS_main.real_drop:575] - Servo deactivated: channel=14
2025-06-22 20:57:48,427 - SUAS - DEBUG - [SUAS_main.land:278] - Landing...
2025-06-22 20:57:48,428 - SUAS - DEBUG - [SUAS_main.main:845] - Landing completed
2025-06-22 20:57:48,429 - SUAS - DEBUG - [SUAS_main.main:846] - Görev tamamlandı
