2025-06-20 23:38:40,293 - SUAS - DEBUG - [SUAS_main.__init__:204] - (38.8510515, -76.7003606, 2.608)
2025-06-20 23:38:40,294 - SUAS - DEBUG - [SUAS_main.__init__:210] - Opening camera with pipeline:
nvarguscamerasrc sensor-id=0 aelock=false awblock=True wbmode=6 exposurecompensation=-1.7 ! video/x-raw(memory:NVMM), width=(int)4032, height=(int)3040, framerate=(fraction)19/1 ! nvvidconv flip-method=0 ! video/x-raw, format=(string)BGRx ! videoconvert ! video/x-raw, format=(string)BGR ! appsink
2025-06-20 23:38:44,933 - SUAS - DEBUG - [SUAS_main.take_photo_opencv:365] - Saved photo to init_test_photo/image_1.jpg
2025-06-20 23:38:45,935 - SUAS - DEBUG - [SUAS_main.__init__:102] - Initial flight mode: ALT_HOLD
2025-06-20 23:38:46,703 - SUAS - DEBUG - [SUAS_main.main:628] - Download Waypoints - Completed
2025-06-20 23:38:46,704 - SUAS - DEBUG - [SUAS_main.main:631] - WP SET TO 2
2025-06-20 23:38:47,708 - SUAS - DEBUG - [SUAS_main.main:643] - ------------------------------5---------------------------
2025-06-20 23:38:47,710 - SUAS - DEBUG - [SUAS_main.main:652] - ------------------------------------------------------------------------
2025-06-20 23:38:47,712 - SUAS - DEBUG - [SUAS_main.main:653] - No DOJUMP
2025-06-20 23:38:47,715 - SUAS - DEBUG - [SUAS_main.main:654] - ------------------------------------------------------------------------
2025-06-20 23:38:47,919 - SUAS - DEBUG - [SUAS_main.main:663] - Download Changed Waypoints - Completed
2025-06-20 23:38:47,920 - SUAS - DEBUG - [SUAS_main.main:670] - ------------------------------6 - updated---------------------------
2025-06-20 23:38:47,921 - SUAS - DEBUG - [SUAS_main.main:677] - Waiting for mode change to: AUTO
2025-06-20 23:38:48,422 - SUAS - DEBUG - [SUAS_main.main:677] - Waiting for mode change to: AUTO
2025-06-20 23:38:48,923 - SUAS - DEBUG - [SUAS_main.main:677] - Waiting for mode change to: AUTO
2025-06-20 23:38:49,425 - SUAS - DEBUG - [SUAS_main.main:677] - Waiting for mode change to: AUTO
2025-06-20 23:38:49,927 - SUAS - DEBUG - [SUAS_main.main:677] - Waiting for mode change to: AUTO
2025-06-20 23:38:50,429 - SUAS - DEBUG - [SUAS_main.main:677] - Waiting for mode change to: AUTO
2025-06-20 23:38:50,930 - SUAS - DEBUG - [SUAS_main.main:677] - Waiting for mode change to: AUTO
2025-06-20 23:38:51,432 - SUAS - DEBUG - [SUAS_main.main:677] - Waiting for mode change to: AUTO
2025-06-20 23:38:51,933 - SUAS - DEBUG - [SUAS_main.main:677] - Waiting for mode change to: AUTO
2025-06-20 23:38:52,435 - SUAS - DEBUG - [SUAS_main.main:677] - Waiting for mode change to: AUTO
2025-06-20 23:38:52,937 - SUAS - DEBUG - [SUAS_main.main:677] - Waiting for mode change to: AUTO
2025-06-20 23:38:53,439 - SUAS - DEBUG - [SUAS_main.main:677] - Waiting for mode change to: AUTO
2025-06-20 23:38:53,940 - SUAS - DEBUG - [SUAS_main.main:677] - Waiting for mode change to: AUTO
2025-06-20 23:38:54,442 - SUAS - DEBUG - [SUAS_main.main:677] - Waiting for mode change to: AUTO
2025-06-20 23:38:54,943 - SUAS - DEBUG - [SUAS_main.main:677] - Waiting for mode change to: AUTO
2025-06-20 23:38:55,445 - SUAS - DEBUG - [SUAS_main.main:677] - Waiting for mode change to: AUTO
2025-06-20 23:38:55,946 - SUAS - DEBUG - [SUAS_main.main:677] - Waiting for mode change to: AUTO
2025-06-20 23:38:56,448 - SUAS - DEBUG - [SUAS_main.main:677] - Waiting for mode change to: AUTO
2025-06-20 23:38:56,949 - SUAS - DEBUG - [SUAS_main.main:677] - Waiting for mode change to: AUTO
2025-06-20 23:38:57,451 - SUAS - DEBUG - [SUAS_main.main:677] - Waiting for mode change to: AUTO
2025-06-20 23:38:57,953 - SUAS - DEBUG - [SUAS_main.main:677] - Waiting for mode change to: AUTO
2025-06-20 23:38:58,454 - SUAS - DEBUG - [SUAS_main.main:677] - Waiting for mode change to: AUTO
2025-06-20 23:38:58,956 - SUAS - DEBUG - [SUAS_main.main:677] - Waiting for mode change to: AUTO
2025-06-20 23:38:59,458 - SUAS - DEBUG - [SUAS_main.main:677] - Waiting for mode change to: AUTO
2025-06-20 23:38:59,960 - SUAS - DEBUG - [SUAS_main.main:677] - Waiting for mode change to: AUTO
2025-06-20 23:39:00,462 - SUAS - DEBUG - [SUAS_main.main:677] - Waiting for mode change to: AUTO
2025-06-20 23:39:00,964 - SUAS - DEBUG - [SUAS_main.main:677] - Waiting for mode change to: AUTO
2025-06-20 23:39:01,465 - SUAS - DEBUG - [SUAS_main.main:677] - Waiting for mode change to: AUTO
2025-06-20 23:39:01,966 - SUAS - DEBUG - [SUAS_main.main:677] - Waiting for mode change to: AUTO
2025-06-20 23:39:02,468 - SUAS - DEBUG - [SUAS_main.main:677] - Waiting for mode change to: AUTO
2025-06-20 23:39:02,970 - SUAS - DEBUG - [SUAS_main.main:677] - Waiting for mode change to: AUTO
2025-06-20 23:39:03,471 - SUAS - DEBUG - [SUAS_main.main:677] - Waiting for mode change to: AUTO
2025-06-20 23:39:03,973 - SUAS - DEBUG - [SUAS_main.main:677] - Waiting for mode change to: AUTO
2025-06-20 23:39:04,474 - SUAS - DEBUG - [SUAS_main.main:677] - Waiting for mode change to: AUTO
2025-06-20 23:39:04,976 - SUAS - DEBUG - [SUAS_main.main:677] - Waiting for mode change to: AUTO
2025-06-20 23:39:05,477 - SUAS - DEBUG - [SUAS_main.main:677] - Waiting for mode change to: AUTO
2025-06-20 23:39:05,979 - SUAS - DEBUG - [SUAS_main.main:677] - Waiting for mode change to: AUTO
2025-06-20 23:39:06,480 - SUAS - DEBUG - [SUAS_main.main:677] - Waiting for mode change to: AUTO
2025-06-20 23:39:06,982 - SUAS - DEBUG - [SUAS_main.main:677] - Waiting for mode change to: AUTO
2025-06-20 23:39:07,483 - SUAS - DEBUG - [SUAS_main.main:677] - Waiting for mode change to: AUTO
2025-06-20 23:39:07,985 - SUAS - DEBUG - [SUAS_main.main:677] - Waiting for mode change to: AUTO
2025-06-20 23:39:08,486 - SUAS - DEBUG - [SUAS_main.main:677] - Waiting for mode change to: AUTO
2025-06-20 23:39:08,988 - SUAS - DEBUG - [SUAS_main.main:677] - Waiting for mode change to: AUTO
2025-06-20 23:39:09,489 - SUAS - DEBUG - [SUAS_main.main:677] - Waiting for mode change to: AUTO
2025-06-20 23:39:09,991 - SUAS - DEBUG - [SUAS_main.main:677] - Waiting for mode change to: AUTO
2025-06-20 23:39:10,492 - SUAS - DEBUG - [SUAS_main.main:677] - Waiting for mode change to: AUTO
2025-06-20 23:39:10,994 - SUAS - DEBUG - [SUAS_main.main:677] - Waiting for mode change to: AUTO
2025-06-20 23:39:11,495 - SUAS - DEBUG - [SUAS_main.main:677] - Waiting for mode change to: AUTO
2025-06-20 23:39:11,997 - SUAS - DEBUG - [SUAS_main.main:677] - Waiting for mode change to: AUTO
2025-06-20 23:39:12,499 - SUAS - DEBUG - [SUAS_main.main:677] - Waiting for mode change to: AUTO
2025-06-20 23:39:13,001 - SUAS - DEBUG - [SUAS_main.main:677] - Waiting for mode change to: AUTO
2025-06-20 23:39:13,502 - SUAS - DEBUG - [SUAS_main.main:677] - Waiting for mode change to: AUTO
2025-06-20 23:39:14,004 - SUAS - DEBUG - [SUAS_main.main:677] - Waiting for mode change to: AUTO
2025-06-20 23:39:14,505 - SUAS - DEBUG - [SUAS_main.main:677] - Waiting for mode change to: AUTO
2025-06-20 23:39:15,007 - SUAS - DEBUG - [SUAS_main.main:677] - Waiting for mode change to: AUTO
2025-06-20 23:39:15,508 - SUAS - DEBUG - [SUAS_main.main:677] - Waiting for mode change to: AUTO
2025-06-20 23:39:16,010 - SUAS - DEBUG - [SUAS_main.main:677] - Waiting for mode change to: AUTO
2025-06-20 23:39:16,511 - SUAS - DEBUG - [SUAS_main.main:677] - Waiting for mode change to: AUTO
2025-06-20 23:39:17,013 - SUAS - DEBUG - [SUAS_main.main:677] - Waiting for mode change to: AUTO
2025-06-20 23:39:17,514 - SUAS - DEBUG - [SUAS_main.main:677] - Waiting for mode change to: AUTO
2025-06-20 23:39:18,016 - SUAS - DEBUG - [SUAS_main.main:677] - Waiting for mode change to: AUTO
2025-06-20 23:39:18,517 - SUAS - DEBUG - [SUAS_main.main:677] - Waiting for mode change to: AUTO
2025-06-20 23:39:19,019 - SUAS - DEBUG - [SUAS_main.main:677] - Waiting for mode change to: AUTO
2025-06-20 23:39:19,520 - SUAS - DEBUG - [SUAS_main.main:677] - Waiting for mode change to: AUTO
2025-06-20 23:39:20,022 - SUAS - DEBUG - [SUAS_main.main:677] - Waiting for mode change to: AUTO
2025-06-20 23:39:20,523 - SUAS - DEBUG - [SUAS_main.main:677] - Waiting for mode change to: AUTO
2025-06-20 23:39:21,025 - SUAS - DEBUG - [SUAS_main.main:677] - Waiting for mode change to: AUTO
2025-06-20 23:39:21,526 - SUAS - DEBUG - [SUAS_main.main:677] - Waiting for mode change to: AUTO
2025-06-20 23:39:22,028 - SUAS - DEBUG - [SUAS_main.main:677] - Waiting for mode change to: AUTO
2025-06-20 23:39:22,529 - SUAS - DEBUG - [SUAS_main.main:677] - Waiting for mode change to: AUTO
2025-06-20 23:39:23,031 - SUAS - DEBUG - [SUAS_main.main:677] - Waiting for mode change to: AUTO
2025-06-20 23:39:23,532 - SUAS - DEBUG - [SUAS_main.main:677] - Waiting for mode change to: AUTO
2025-06-20 23:39:24,033 - SUAS - DEBUG - [SUAS_main.main:677] - Waiting for mode change to: AUTO
2025-06-20 23:39:24,535 - SUAS - DEBUG - [SUAS_main.main:677] - Waiting for mode change to: AUTO
2025-06-20 23:39:25,036 - SUAS - DEBUG - [SUAS_main.main:677] - Waiting for mode change to: AUTO
2025-06-20 23:39:25,538 - SUAS - DEBUG - [SUAS_main.main:677] - Waiting for mode change to: AUTO
2025-06-20 23:39:26,039 - SUAS - DEBUG - [SUAS_main.main:677] - Waiting for mode change to: AUTO
2025-06-20 23:39:26,541 - SUAS - DEBUG - [SUAS_main.main:677] - Waiting for mode change to: AUTO
2025-06-20 23:39:27,042 - SUAS - DEBUG - [SUAS_main.main:677] - Waiting for mode change to: AUTO
2025-06-20 23:39:27,544 - SUAS - DEBUG - [SUAS_main.main:677] - Waiting for mode change to: AUTO
2025-06-20 23:39:28,045 - SUAS - DEBUG - [SUAS_main.main:677] - Waiting for mode change to: AUTO
2025-06-20 23:39:28,547 - SUAS - DEBUG - [SUAS_main.main:677] - Waiting for mode change to: AUTO
2025-06-20 23:39:29,048 - SUAS - DEBUG - [SUAS_main.main:677] - Waiting for mode change to: AUTO
2025-06-20 23:39:29,549 - SUAS - DEBUG - [SUAS_main.main:677] - Waiting for mode change to: AUTO
2025-06-20 23:39:30,050 - SUAS - DEBUG - [SUAS_main.main:677] - Waiting for mode change to: AUTO
2025-06-20 23:39:30,552 - SUAS - DEBUG - [SUAS_main.main:677] - Waiting for mode change to: AUTO
2025-06-20 23:39:31,054 - SUAS - DEBUG - [SUAS_main.main:677] - Waiting for mode change to: AUTO
2025-06-20 23:39:31,555 - SUAS - DEBUG - [SUAS_main.main:677] - Waiting for mode change to: AUTO
2025-06-20 23:39:32,057 - SUAS - DEBUG - [SUAS_main.main:677] - Waiting for mode change to: AUTO
2025-06-20 23:39:32,558 - SUAS - DEBUG - [SUAS_main.main:677] - Waiting for mode change to: AUTO
2025-06-20 23:39:33,060 - SUAS - DEBUG - [SUAS_main.main:677] - Waiting for mode change to: AUTO
2025-06-20 23:39:33,562 - SUAS - DEBUG - [SUAS_main.main:677] - Waiting for mode change to: AUTO
2025-06-20 23:39:34,063 - SUAS - DEBUG - [SUAS_main.main:677] - Waiting for mode change to: AUTO
2025-06-20 23:39:34,565 - SUAS - DEBUG - [SUAS_main.main:677] - Waiting for mode change to: AUTO
2025-06-20 23:39:35,066 - SUAS - DEBUG - [SUAS_main.main:677] - Waiting for mode change to: AUTO
2025-06-20 23:39:35,568 - SUAS - DEBUG - [SUAS_main.main:677] - Waiting for mode change to: AUTO
2025-06-20 23:39:36,069 - SUAS - DEBUG - [SUAS_main.main:677] - Waiting for mode change to: AUTO
2025-06-20 23:39:36,570 - SUAS - DEBUG - [SUAS_main.main:677] - Waiting for mode change to: AUTO
2025-06-20 23:39:37,072 - SUAS - DEBUG - [SUAS_main.main:677] - Waiting for mode change to: AUTO
2025-06-20 23:39:37,573 - SUAS - DEBUG - [SUAS_main.main:677] - Waiting for mode change to: AUTO
2025-06-20 23:39:38,074 - SUAS - DEBUG - [SUAS_main.main:677] - Waiting for mode change to: AUTO
2025-06-20 23:39:38,576 - SUAS - DEBUG - [SUAS_main.main:677] - Waiting for mode change to: AUTO
2025-06-20 23:39:39,078 - SUAS - DEBUG - [SUAS_main.main:677] - Waiting for mode change to: AUTO
2025-06-20 23:39:39,580 - SUAS - DEBUG - [SUAS_main.main:677] - Waiting for mode change to: AUTO
2025-06-20 23:39:40,082 - SUAS - DEBUG - [SUAS_main.main:677] - Waiting for mode change to: AUTO
2025-06-20 23:39:40,583 - SUAS - DEBUG - [SUAS_main.main:677] - Waiting for mode change to: AUTO
2025-06-20 23:39:41,085 - SUAS - DEBUG - [SUAS_main.main:677] - Waiting for mode change to: AUTO
2025-06-20 23:39:41,586 - SUAS - DEBUG - [SUAS_main.main:677] - Waiting for mode change to: AUTO
2025-06-20 23:39:42,088 - SUAS - DEBUG - [SUAS_main.main:677] - Waiting for mode change to: AUTO
2025-06-20 23:39:42,589 - SUAS - DEBUG - [SUAS_main.main:677] - Waiting for mode change to: AUTO
2025-06-20 23:39:43,090 - SUAS - DEBUG - [SUAS_main.main:677] - Waiting for mode change to: AUTO
2025-06-20 23:39:43,592 - SUAS - DEBUG - [SUAS_main.main:677] - Waiting for mode change to: AUTO
2025-06-20 23:39:44,093 - SUAS - DEBUG - [SUAS_main.main:677] - Waiting for mode change to: AUTO
2025-06-20 23:39:44,594 - SUAS - DEBUG - [SUAS_main.main:677] - Waiting for mode change to: AUTO
2025-06-20 23:39:45,096 - SUAS - DEBUG - [SUAS_main.main:677] - Waiting for mode change to: AUTO
2025-06-20 23:39:45,597 - SUAS - DEBUG - [SUAS_main.main:677] - Waiting for mode change to: AUTO
2025-06-20 23:39:46,099 - SUAS - DEBUG - [SUAS_main.main:677] - Waiting for mode change to: AUTO
2025-06-20 23:39:46,600 - SUAS - DEBUG - [SUAS_main.main:677] - Waiting for mode change to: AUTO
2025-06-20 23:39:47,102 - SUAS - DEBUG - [SUAS_main.main:677] - Waiting for mode change to: AUTO
2025-06-20 23:39:47,603 - SUAS - DEBUG - [SUAS_main.main:677] - Waiting for mode change to: AUTO
2025-06-20 23:39:48,105 - SUAS - DEBUG - [SUAS_main.main:677] - Waiting for mode change to: AUTO
2025-06-20 23:39:48,606 - SUAS - DEBUG - [SUAS_main.main:677] - Waiting for mode change to: AUTO
2025-06-20 23:39:49,108 - SUAS - DEBUG - [SUAS_main.main:677] - Waiting for mode change to: AUTO
2025-06-20 23:39:49,609 - SUAS - DEBUG - [SUAS_main.main:677] - Waiting for mode change to: AUTO
2025-06-20 23:39:50,110 - SUAS - DEBUG - [SUAS_main.main:677] - Waiting for mode change to: AUTO
2025-06-20 23:39:50,612 - SUAS - DEBUG - [SUAS_main.main:677] - Waiting for mode change to: AUTO
2025-06-20 23:39:51,114 - SUAS - DEBUG - [SUAS_main.main:677] - Waiting for mode change to: AUTO
2025-06-20 23:39:51,615 - SUAS - DEBUG - [SUAS_main.main:677] - Waiting for mode change to: AUTO
2025-06-20 23:39:52,117 - SUAS - DEBUG - [SUAS_main.main:677] - Waiting for mode change to: AUTO
2025-06-20 23:39:52,619 - SUAS - DEBUG - [SUAS_main.main:677] - Waiting for mode change to: AUTO
2025-06-20 23:39:53,120 - SUAS - DEBUG - [SUAS_main.main:677] - Waiting for mode change to: AUTO
2025-06-20 23:39:53,622 - SUAS - DEBUG - [SUAS_main.main:677] - Waiting for mode change to: AUTO
2025-06-20 23:39:54,123 - SUAS - DEBUG - [SUAS_main.main:677] - Waiting for mode change to: AUTO
2025-06-20 23:39:54,625 - SUAS - DEBUG - [SUAS_main.main:677] - Waiting for mode change to: AUTO
2025-06-20 23:39:55,126 - SUAS - DEBUG - [SUAS_main.main:677] - Waiting for mode change to: AUTO
2025-06-20 23:39:55,628 - SUAS - DEBUG - [SUAS_main.main:677] - Waiting for mode change to: AUTO
2025-06-20 23:39:56,129 - SUAS - DEBUG - [SUAS_main.main:677] - Waiting for mode change to: AUTO
2025-06-20 23:39:56,630 - SUAS - DEBUG - [SUAS_main.main:677] - Waiting for mode change to: AUTO
2025-06-20 23:39:57,132 - SUAS - DEBUG - [SUAS_main.main:677] - Waiting for mode change to: AUTO
2025-06-20 23:39:57,633 - SUAS - DEBUG - [SUAS_main.main:677] - Waiting for mode change to: AUTO
2025-06-20 23:39:58,135 - SUAS - DEBUG - [SUAS_main.main:677] - Waiting for mode change to: AUTO
2025-06-20 23:39:58,636 - SUAS - DEBUG - [SUAS_main.main:677] - Waiting for mode change to: AUTO
2025-06-20 23:39:59,138 - SUAS - DEBUG - [SUAS_main.main:677] - Waiting for mode change to: AUTO
2025-06-20 23:39:59,639 - SUAS - DEBUG - [SUAS_main.main:677] - Waiting for mode change to: AUTO
2025-06-20 23:40:00,141 - SUAS - DEBUG - [SUAS_main.main:677] - Waiting for mode change to: AUTO
2025-06-20 23:40:00,643 - SUAS - DEBUG - [SUAS_main.main:677] - Waiting for mode change to: AUTO
2025-06-20 23:40:01,145 - SUAS - DEBUG - [SUAS_main.main:677] - Waiting for mode change to: AUTO
2025-06-20 23:40:01,646 - SUAS - DEBUG - [SUAS_main.main:677] - Waiting for mode change to: AUTO
2025-06-20 23:40:02,148 - SUAS - DEBUG - [SUAS_main.main:677] - Waiting for mode change to: AUTO
2025-06-20 23:40:02,649 - SUAS - DEBUG - [SUAS_main.main:677] - Waiting for mode change to: AUTO
2025-06-20 23:40:03,151 - SUAS - DEBUG - [SUAS_main.main:677] - Waiting for mode change to: AUTO
2025-06-20 23:40:03,652 - SUAS - DEBUG - [SUAS_main.main:677] - Waiting for mode change to: AUTO
2025-06-20 23:40:04,154 - SUAS - DEBUG - [SUAS_main.main:677] - Waiting for mode change to: AUTO
2025-06-20 23:40:04,655 - SUAS - DEBUG - [SUAS_main.main:677] - Waiting for mode change to: AUTO
2025-06-20 23:40:05,157 - SUAS - DEBUG - [SUAS_main.main:677] - Waiting for mode change to: AUTO
2025-06-20 23:40:05,658 - SUAS - DEBUG - [SUAS_main.main:677] - Waiting for mode change to: AUTO
2025-06-20 23:40:06,160 - SUAS - DEBUG - [SUAS_main.main:677] - Waiting for mode change to: AUTO
2025-06-20 23:40:06,662 - SUAS - DEBUG - [SUAS_main.main:677] - Waiting for mode change to: AUTO
2025-06-20 23:40:07,163 - SUAS - DEBUG - [SUAS_main.main:677] - Waiting for mode change to: AUTO
2025-06-20 23:40:07,665 - SUAS - DEBUG - [SUAS_main.main:677] - Waiting for mode change to: AUTO
2025-06-20 23:40:08,166 - SUAS - DEBUG - [SUAS_main.main:677] - Waiting for mode change to: AUTO
2025-06-20 23:40:08,667 - SUAS - DEBUG - [SUAS_main.main:677] - Waiting for mode change to: AUTO
2025-06-20 23:40:09,169 - SUAS - DEBUG - [SUAS_main.main:677] - Waiting for mode change to: AUTO
2025-06-20 23:40:09,670 - SUAS - DEBUG - [SUAS_main.main:677] - Waiting for mode change to: AUTO
2025-06-20 23:40:10,172 - SUAS - DEBUG - [SUAS_main.main:677] - Waiting for mode change to: AUTO
2025-06-20 23:40:10,673 - SUAS - DEBUG - [SUAS_main.main:677] - Waiting for mode change to: AUTO
2025-06-20 23:40:11,174 - SUAS - DEBUG - [SUAS_main.main:677] - Waiting for mode change to: AUTO
2025-06-20 23:40:11,676 - SUAS - DEBUG - [SUAS_main.main:677] - Waiting for mode change to: AUTO
2025-06-20 23:40:12,178 - SUAS - DEBUG - [SUAS_main.main:677] - Waiting for mode change to: AUTO
2025-06-20 23:40:12,679 - SUAS - DEBUG - [SUAS_main.main:677] - Waiting for mode change to: AUTO
2025-06-20 23:40:13,181 - SUAS - DEBUG - [SUAS_main.main:677] - Waiting for mode change to: AUTO
2025-06-20 23:40:13,682 - SUAS - DEBUG - [SUAS_main.main:677] - Waiting for mode change to: AUTO
2025-06-20 23:40:14,184 - SUAS - DEBUG - [SUAS_main.main:677] - Waiting for mode change to: AUTO
2025-06-20 23:40:14,685 - SUAS - DEBUG - [SUAS_main.main:677] - Waiting for mode change to: AUTO
2025-06-20 23:40:15,186 - SUAS - DEBUG - [SUAS_main.main:677] - Waiting for mode change to: AUTO
2025-06-20 23:40:15,688 - SUAS - DEBUG - [SUAS_main.main:677] - Waiting for mode change to: AUTO
2025-06-20 23:40:16,189 - SUAS - DEBUG - [SUAS_main.main:677] - Waiting for mode change to: AUTO
2025-06-20 23:40:16,691 - SUAS - DEBUG - [SUAS_main.main:677] - Waiting for mode change to: AUTO
2025-06-20 23:40:17,192 - SUAS - DEBUG - [SUAS_main.main:677] - Waiting for mode change to: AUTO
2025-06-20 23:40:17,693 - SUAS - DEBUG - [SUAS_main.main:677] - Waiting for mode change to: AUTO
2025-06-20 23:40:18,195 - SUAS - DEBUG - [SUAS_main.main:677] - Waiting for mode change to: AUTO
2025-06-20 23:40:18,696 - SUAS - DEBUG - [SUAS_main.main:677] - Waiting for mode change to: AUTO
2025-06-20 23:40:19,198 - SUAS - DEBUG - [SUAS_main.main:677] - Waiting for mode change to: AUTO
2025-06-20 23:40:19,699 - SUAS - DEBUG - [SUAS_main.main:677] - Waiting for mode change to: AUTO
2025-06-20 23:40:20,201 - SUAS - DEBUG - [SUAS_main.main:677] - Waiting for mode change to: AUTO
2025-06-20 23:40:20,702 - SUAS - DEBUG - [SUAS_main.main:677] - Waiting for mode change to: AUTO
2025-06-20 23:40:21,204 - SUAS - DEBUG - [SUAS_main.main:677] - Waiting for mode change to: AUTO
2025-06-20 23:40:21,705 - SUAS - DEBUG - [SUAS_main.main:677] - Waiting for mode change to: AUTO
2025-06-20 23:40:22,206 - SUAS - DEBUG - [SUAS_main.main:677] - Waiting for mode change to: AUTO
2025-06-20 23:40:22,708 - SUAS - DEBUG - [SUAS_main.main:677] - Waiting for mode change to: AUTO
2025-06-20 23:40:23,209 - SUAS - DEBUG - [SUAS_main.main:677] - Waiting for mode change to: AUTO
2025-06-20 23:40:23,711 - SUAS - DEBUG - [SUAS_main.main:677] - Waiting for mode change to: AUTO
2025-06-20 23:40:24,212 - SUAS - DEBUG - [SUAS_main.main:677] - Waiting for mode change to: AUTO
2025-06-20 23:40:24,713 - SUAS - DEBUG - [SUAS_main.main:677] - Waiting for mode change to: AUTO
2025-06-20 23:40:25,215 - SUAS - DEBUG - [SUAS_main.main:677] - Waiting for mode change to: AUTO
2025-06-20 23:40:25,716 - SUAS - DEBUG - [SUAS_main.main:677] - Waiting for mode change to: AUTO
2025-06-20 23:40:26,218 - SUAS - DEBUG - [SUAS_main.main:677] - Waiting for mode change to: AUTO
2025-06-20 23:40:26,720 - SUAS - DEBUG - [SUAS_main.main:677] - Waiting for mode change to: AUTO
2025-06-20 23:40:27,222 - SUAS - DEBUG - [SUAS_main.main:677] - Waiting for mode change to: AUTO
2025-06-20 23:40:27,723 - SUAS - DEBUG - [SUAS_main.main:677] - Waiting for mode change to: AUTO
2025-06-20 23:40:28,225 - SUAS - DEBUG - [SUAS_main.main:677] - Waiting for mode change to: AUTO
2025-06-20 23:40:28,726 - SUAS - DEBUG - [SUAS_main.main:677] - Waiting for mode change to: AUTO
2025-06-20 23:40:29,228 - SUAS - DEBUG - [SUAS_main.main:677] - Waiting for mode change to: AUTO
2025-06-20 23:40:29,729 - SUAS - DEBUG - [SUAS_main.main:677] - Waiting for mode change to: AUTO
2025-06-20 23:40:30,230 - SUAS - DEBUG - [SUAS_main.main:677] - Waiting for mode change to: AUTO
2025-06-20 23:40:30,732 - SUAS - DEBUG - [SUAS_main.main:677] - Waiting for mode change to: AUTO
2025-06-20 23:40:31,233 - SUAS - DEBUG - [SUAS_main.main:677] - Waiting for mode change to: AUTO
2025-06-20 23:40:31,734 - SUAS - DEBUG - [SUAS_main.main:677] - Waiting for mode change to: AUTO
2025-06-20 23:40:32,236 - SUAS - DEBUG - [SUAS_main.main:677] - Waiting for mode change to: AUTO
2025-06-20 23:40:32,737 - SUAS - DEBUG - [SUAS_main.main:677] - Waiting for mode change to: AUTO
2025-06-20 23:40:33,239 - SUAS - DEBUG - [SUAS_main.main:677] - Waiting for mode change to: AUTO
2025-06-20 23:40:33,741 - SUAS - DEBUG - [SUAS_main.main:677] - Waiting for mode change to: AUTO
2025-06-20 23:40:34,242 - SUAS - DEBUG - [SUAS_main.main:677] - Waiting for mode change to: AUTO
2025-06-20 23:40:34,744 - SUAS - DEBUG - [SUAS_main.main:677] - Waiting for mode change to: AUTO
2025-06-20 23:40:35,245 - SUAS - DEBUG - [SUAS_main.main:677] - Waiting for mode change to: AUTO
2025-06-20 23:40:35,747 - SUAS - DEBUG - [SUAS_main.main:677] - Waiting for mode change to: AUTO
2025-06-20 23:40:36,248 - SUAS - DEBUG - [SUAS_main.main:677] - Waiting for mode change to: AUTO
2025-06-20 23:40:36,750 - SUAS - DEBUG - [SUAS_main.main:677] - Waiting for mode change to: AUTO
2025-06-20 23:40:37,251 - SUAS - DEBUG - [SUAS_main.main:677] - Waiting for mode change to: AUTO
2025-06-20 23:40:37,752 - SUAS - DEBUG - [SUAS_main.main:677] - Waiting for mode change to: AUTO
2025-06-20 23:40:38,254 - SUAS - DEBUG - [SUAS_main.main:677] - Waiting for mode change to: AUTO
2025-06-20 23:40:38,755 - SUAS - DEBUG - [SUAS_main.main:677] - Waiting for mode change to: AUTO
2025-06-20 23:40:39,257 - SUAS - DEBUG - [SUAS_main.main:677] - Waiting for mode change to: AUTO
2025-06-20 23:40:39,759 - SUAS - DEBUG - [SUAS_main.main:677] - Waiting for mode change to: AUTO
2025-06-20 23:40:40,260 - SUAS - DEBUG - [SUAS_main.main:677] - Waiting for mode change to: AUTO
2025-06-20 23:40:40,762 - SUAS - DEBUG - [SUAS_main.main:677] - Waiting for mode change to: AUTO
2025-06-20 23:40:41,263 - SUAS - DEBUG - [SUAS_main.main:677] - Waiting for mode change to: AUTO
2025-06-20 23:40:41,765 - SUAS - DEBUG - [SUAS_main.main:677] - Waiting for mode change to: AUTO
2025-06-20 23:40:42,266 - SUAS - DEBUG - [SUAS_main.main:677] - Waiting for mode change to: AUTO
2025-06-20 23:40:42,768 - SUAS - DEBUG - [SUAS_main.main:677] - Waiting for mode change to: AUTO
2025-06-20 23:40:43,269 - SUAS - DEBUG - [SUAS_main.main:677] - Waiting for mode change to: AUTO
2025-06-20 23:40:43,771 - SUAS - DEBUG - [SUAS_main.main:677] - Waiting for mode change to: AUTO
2025-06-20 23:40:44,272 - SUAS - DEBUG - [SUAS_main.main:677] - Waiting for mode change to: AUTO
2025-06-20 23:40:44,773 - SUAS - DEBUG - [SUAS_main.main:677] - Waiting for mode change to: AUTO
2025-06-20 23:40:45,274 - SUAS - DEBUG - [SUAS_main.main:677] - Waiting for mode change to: AUTO
2025-06-20 23:40:45,776 - SUAS - DEBUG - [SUAS_main.main:677] - Waiting for mode change to: AUTO
2025-06-20 23:40:46,278 - SUAS - DEBUG - [SUAS_main.main:677] - Waiting for mode change to: AUTO
2025-06-20 23:40:46,779 - SUAS - DEBUG - [SUAS_main.main:677] - Waiting for mode change to: AUTO
2025-06-20 23:40:47,281 - SUAS - DEBUG - [SUAS_main.main:677] - Waiting for mode change to: AUTO
2025-06-20 23:40:47,782 - SUAS - DEBUG - [SUAS_main.main:677] - Waiting for mode change to: AUTO
2025-06-20 23:40:48,284 - SUAS - DEBUG - [SUAS_main.main:677] - Waiting for mode change to: AUTO
2025-06-20 23:40:48,785 - SUAS - DEBUG - [SUAS_main.main:677] - Waiting for mode change to: AUTO
2025-06-20 23:40:49,287 - SUAS - DEBUG - [SUAS_main.main:677] - Waiting for mode change to: AUTO
2025-06-20 23:40:49,788 - SUAS - DEBUG - [SUAS_main.main:677] - Waiting for mode change to: AUTO
2025-06-20 23:40:50,289 - SUAS - DEBUG - [SUAS_main.main:677] - Waiting for mode change to: AUTO
2025-06-20 23:40:50,790 - SUAS - DEBUG - [SUAS_main.main:677] - Waiting for mode change to: AUTO
2025-06-20 23:40:51,291 - SUAS - DEBUG - [SUAS_main.main:677] - Waiting for mode change to: AUTO
2025-06-20 23:40:51,793 - SUAS - DEBUG - [SUAS_main.main:677] - Waiting for mode change to: AUTO
2025-06-20 23:40:52,294 - SUAS - DEBUG - [SUAS_main.main:677] - Waiting for mode change to: AUTO
2025-06-20 23:40:52,796 - SUAS - DEBUG - [SUAS_main.main:677] - Waiting for mode change to: AUTO
2025-06-20 23:40:53,297 - SUAS - DEBUG - [SUAS_main.main:677] - Waiting for mode change to: AUTO
2025-06-20 23:40:53,799 - SUAS - DEBUG - [SUAS_main.main:677] - Waiting for mode change to: AUTO
2025-06-20 23:40:54,300 - SUAS - DEBUG - [SUAS_main.main:677] - Waiting for mode change to: AUTO
2025-06-20 23:40:54,802 - SUAS - DEBUG - [SUAS_main.main:677] - Waiting for mode change to: AUTO
2025-06-20 23:40:55,303 - SUAS - DEBUG - [SUAS_main.main:677] - Waiting for mode change to: AUTO
2025-06-20 23:40:55,805 - SUAS - DEBUG - [SUAS_main.main:677] - Waiting for mode change to: AUTO
2025-06-20 23:40:56,306 - SUAS - DEBUG - [SUAS_main.main:677] - Waiting for mode change to: AUTO
2025-06-20 23:40:56,808 - SUAS - DEBUG - [SUAS_main.main:677] - Waiting for mode change to: AUTO
2025-06-20 23:40:57,309 - SUAS - DEBUG - [SUAS_main.main:677] - Waiting for mode change to: AUTO
2025-06-20 23:40:57,811 - SUAS - DEBUG - [SUAS_main.main:677] - Waiting for mode change to: AUTO
2025-06-20 23:40:58,312 - SUAS - DEBUG - [SUAS_main.main:677] - Waiting for mode change to: AUTO
2025-06-20 23:40:58,814 - SUAS - DEBUG - [SUAS_main.main:677] - Waiting for mode change to: AUTO
2025-06-20 23:40:59,315 - SUAS - DEBUG - [SUAS_main.main:677] - Waiting for mode change to: AUTO
2025-06-20 23:40:59,817 - SUAS - DEBUG - [SUAS_main.main:677] - Waiting for mode change to: AUTO
2025-06-20 23:41:00,318 - SUAS - DEBUG - [SUAS_main.main:677] - Waiting for mode change to: AUTO
2025-06-20 23:41:00,821 - SUAS - DEBUG - [SUAS_main.main:677] - Waiting for mode change to: AUTO
2025-06-20 23:41:01,322 - SUAS - DEBUG - [SUAS_main.main:677] - Waiting for mode change to: AUTO
2025-06-20 23:41:01,824 - SUAS - DEBUG - [SUAS_main.main:677] - Waiting for mode change to: AUTO
2025-06-20 23:41:02,325 - SUAS - DEBUG - [SUAS_main.main:677] - Waiting for mode change to: AUTO
2025-06-20 23:41:02,826 - SUAS - DEBUG - [SUAS_main.main:677] - Waiting for mode change to: AUTO
2025-06-20 23:41:03,328 - SUAS - DEBUG - [SUAS_main.main:677] - Waiting for mode change to: AUTO
2025-06-20 23:41:03,829 - SUAS - DEBUG - [SUAS_main.main:677] - Waiting for mode change to: AUTO
2025-06-20 23:41:04,330 - SUAS - DEBUG - [SUAS_main.main:677] - Waiting for mode change to: AUTO
2025-06-20 23:41:04,832 - SUAS - DEBUG - [SUAS_main.main:677] - Waiting for mode change to: AUTO
2025-06-20 23:41:05,333 - SUAS - DEBUG - [SUAS_main.main:677] - Waiting for mode change to: AUTO
2025-06-20 23:41:05,835 - SUAS - DEBUG - [SUAS_main.main:677] - Waiting for mode change to: AUTO
2025-06-20 23:41:06,336 - SUAS - DEBUG - [SUAS_main.main:677] - Waiting for mode change to: AUTO
2025-06-20 23:41:06,838 - SUAS - DEBUG - [SUAS_main.main:677] - Waiting for mode change to: AUTO
2025-06-20 23:41:07,340 - SUAS - DEBUG - [SUAS_main.main:677] - Waiting for mode change to: AUTO
2025-06-20 23:41:07,841 - SUAS - DEBUG - [SUAS_main.main:677] - Waiting for mode change to: AUTO
2025-06-20 23:41:08,342 - SUAS - DEBUG - [SUAS_main.main:677] - Waiting for mode change to: AUTO
2025-06-20 23:41:08,844 - SUAS - DEBUG - [SUAS_main.main:677] - Waiting for mode change to: AUTO
2025-06-20 23:41:09,345 - SUAS - DEBUG - [SUAS_main.main:677] - Waiting for mode change to: AUTO
2025-06-20 23:41:09,847 - SUAS - DEBUG - [SUAS_main.main:677] - Waiting for mode change to: AUTO
2025-06-20 23:41:10,348 - SUAS - DEBUG - [SUAS_main.main:677] - Waiting for mode change to: AUTO
2025-06-20 23:41:10,850 - SUAS - DEBUG - [SUAS_main.main:677] - Waiting for mode change to: AUTO
2025-06-20 23:41:11,351 - SUAS - DEBUG - [SUAS_main.main:677] - Waiting for mode change to: AUTO
2025-06-20 23:41:11,853 - SUAS - DEBUG - [SUAS_main.main:677] - Waiting for mode change to: AUTO
2025-06-20 23:41:12,354 - SUAS - DEBUG - [SUAS_main.main:677] - Waiting for mode change to: AUTO
2025-06-20 23:41:12,856 - SUAS - DEBUG - [SUAS_main.main:677] - Waiting for mode change to: AUTO
2025-06-20 23:41:13,357 - SUAS - DEBUG - [SUAS_main.main:677] - Waiting for mode change to: AUTO
2025-06-20 23:41:13,859 - SUAS - DEBUG - [SUAS_main.main:677] - Waiting for mode change to: AUTO
2025-06-20 23:41:14,360 - SUAS - DEBUG - [SUAS_main.main:677] - Waiting for mode change to: AUTO
2025-06-20 23:41:14,862 - SUAS - DEBUG - [SUAS_main.main:677] - Waiting for mode change to: AUTO
2025-06-20 23:41:15,364 - SUAS - DEBUG - [SUAS_main.main:677] - Waiting for mode change to: AUTO
2025-06-20 23:41:15,865 - SUAS - DEBUG - [SUAS_main.main:677] - Waiting for mode change to: AUTO
2025-06-20 23:41:16,366 - SUAS - DEBUG - [SUAS_main.main:677] - Waiting for mode change to: AUTO
2025-06-20 23:41:16,868 - SUAS - DEBUG - [SUAS_main.main:677] - Waiting for mode change to: AUTO
2025-06-20 23:41:17,369 - SUAS - DEBUG - [SUAS_main.main:677] - Waiting for mode change to: AUTO
2025-06-20 23:41:17,870 - SUAS - DEBUG - [SUAS_main.main:677] - Waiting for mode change to: AUTO
2025-06-20 23:41:18,372 - SUAS - DEBUG - [SUAS_main.main:677] - Waiting for mode change to: AUTO
2025-06-20 23:41:18,873 - SUAS - DEBUG - [SUAS_main.main:677] - Waiting for mode change to: AUTO
2025-06-20 23:41:19,375 - SUAS - DEBUG - [SUAS_main.main:677] - Waiting for mode change to: AUTO
2025-06-20 23:41:19,876 - SUAS - DEBUG - [SUAS_main.main:677] - Waiting for mode change to: AUTO
2025-06-20 23:41:20,378 - SUAS - DEBUG - [SUAS_main.main:677] - Waiting for mode change to: AUTO
2025-06-20 23:41:20,880 - SUAS - DEBUG - [SUAS_main.main:677] - Waiting for mode change to: AUTO
2025-06-20 23:41:21,381 - SUAS - DEBUG - [SUAS_main.main:677] - Waiting for mode change to: AUTO
2025-06-20 23:41:21,883 - SUAS - DEBUG - [SUAS_main.main:677] - Waiting for mode change to: AUTO
2025-06-20 23:41:22,384 - SUAS - DEBUG - [SUAS_main.main:677] - Waiting for mode change to: AUTO
2025-06-20 23:41:22,886 - SUAS - DEBUG - [SUAS_main.main:677] - Waiting for mode change to: AUTO
2025-06-20 23:41:23,387 - SUAS - DEBUG - [SUAS_main.main:677] - Waiting for mode change to: AUTO
2025-06-20 23:41:23,888 - SUAS - DEBUG - [SUAS_main.main:677] - Waiting for mode change to: AUTO
2025-06-20 23:41:24,390 - SUAS - DEBUG - [SUAS_main.main:677] - Waiting for mode change to: AUTO
2025-06-20 23:41:24,891 - SUAS - DEBUG - [SUAS_main.main:677] - Waiting for mode change to: AUTO
2025-06-20 23:41:25,393 - SUAS - DEBUG - [SUAS_main.main:677] - Waiting for mode change to: AUTO
2025-06-20 23:41:25,894 - SUAS - DEBUG - [SUAS_main.main:677] - Waiting for mode change to: AUTO
2025-06-20 23:41:26,396 - SUAS - DEBUG - [SUAS_main.main:677] - Waiting for mode change to: AUTO
2025-06-20 23:41:26,897 - SUAS - DEBUG - [SUAS_main.main:677] - Waiting for mode change to: AUTO
2025-06-20 23:41:27,399 - SUAS - DEBUG - [SUAS_main.main:677] - Waiting for mode change to: AUTO
2025-06-20 23:41:27,900 - SUAS - DEBUG - [SUAS_main.main:677] - Waiting for mode change to: AUTO
2025-06-20 23:41:28,402 - SUAS - DEBUG - [SUAS_main.main:677] - Waiting for mode change to: AUTO
2025-06-20 23:41:28,903 - SUAS - DEBUG - [SUAS_main.main:677] - Waiting for mode change to: AUTO
2025-06-20 23:41:29,405 - SUAS - DEBUG - [SUAS_main.main:677] - Waiting for mode change to: AUTO
2025-06-20 23:41:29,907 - SUAS - DEBUG - [SUAS_main.main:677] - Waiting for mode change to: AUTO
2025-06-20 23:41:30,408 - SUAS - DEBUG - [SUAS_main.main:677] - Waiting for mode change to: AUTO
2025-06-20 23:41:30,910 - SUAS - DEBUG - [SUAS_main.main:677] - Waiting for mode change to: AUTO
2025-06-20 23:41:31,411 - SUAS - DEBUG - [SUAS_main.main:677] - Waiting for mode change to: AUTO
2025-06-20 23:41:31,913 - SUAS - DEBUG - [SUAS_main.main:677] - Waiting for mode change to: AUTO
2025-06-20 23:41:32,414 - SUAS - DEBUG - [SUAS_main.main:677] - Waiting for mode change to: AUTO
2025-06-20 23:41:32,916 - SUAS - DEBUG - [SUAS_main.main:677] - Waiting for mode change to: AUTO
2025-06-20 23:41:33,417 - SUAS - DEBUG - [SUAS_main.main:677] - Waiting for mode change to: AUTO
2025-06-20 23:41:33,919 - SUAS - DEBUG - [SUAS_main.main:677] - Waiting for mode change to: AUTO
2025-06-20 23:41:34,421 - SUAS - DEBUG - [SUAS_main.main:677] - Waiting for mode change to: AUTO
2025-06-20 23:41:34,922 - SUAS - DEBUG - [SUAS_main.main:677] - Waiting for mode change to: AUTO
2025-06-20 23:41:35,424 - SUAS - DEBUG - [SUAS_main.main:677] - Waiting for mode change to: AUTO
2025-06-20 23:41:35,925 - SUAS - DEBUG - [SUAS_main.main:677] - Waiting for mode change to: AUTO
2025-06-20 23:41:36,426 - SUAS - DEBUG - [SUAS_main.main:677] - Waiting for mode change to: AUTO
2025-06-20 23:41:36,928 - SUAS - DEBUG - [SUAS_main.main:677] - Waiting for mode change to: AUTO
2025-06-20 23:41:37,429 - SUAS - DEBUG - [SUAS_main.main:677] - Waiting for mode change to: AUTO
2025-06-20 23:41:37,930 - SUAS - DEBUG - [SUAS_main.main:677] - Waiting for mode change to: AUTO
2025-06-20 23:41:38,432 - SUAS - DEBUG - [SUAS_main.main:677] - Waiting for mode change to: AUTO
2025-06-20 23:41:38,934 - SUAS - DEBUG - [SUAS_main.main:677] - Waiting for mode change to: AUTO
2025-06-20 23:41:39,435 - SUAS - DEBUG - [SUAS_main.main:677] - Waiting for mode change to: AUTO
2025-06-20 23:41:39,936 - SUAS - DEBUG - [SUAS_main.main:677] - Waiting for mode change to: AUTO
2025-06-20 23:41:40,438 - SUAS - DEBUG - [SUAS_main.main:677] - Waiting for mode change to: AUTO
2025-06-20 23:41:40,940 - SUAS - DEBUG - [SUAS_main.main:677] - Waiting for mode change to: AUTO
2025-06-20 23:41:41,442 - SUAS - DEBUG - [SUAS_main.main:677] - Waiting for mode change to: AUTO
2025-06-20 23:41:41,943 - SUAS - DEBUG - [SUAS_main.main:677] - Waiting for mode change to: AUTO
2025-06-20 23:41:42,445 - SUAS - DEBUG - [SUAS_main.main:677] - Waiting for mode change to: AUTO
2025-06-20 23:41:42,946 - SUAS - DEBUG - [SUAS_main.main:677] - Waiting for mode change to: AUTO
2025-06-20 23:41:43,448 - SUAS - DEBUG - [SUAS_main.main:677] - Waiting for mode change to: AUTO
2025-06-20 23:41:43,949 - SUAS - DEBUG - [SUAS_main.main:677] - Waiting for mode change to: AUTO
2025-06-20 23:41:44,450 - SUAS - DEBUG - [SUAS_main.main:677] - Waiting for mode change to: AUTO
2025-06-20 23:41:44,952 - SUAS - DEBUG - [SUAS_main.main:677] - Waiting for mode change to: AUTO
2025-06-20 23:41:45,453 - SUAS - DEBUG - [SUAS_main.main:677] - Waiting for mode change to: AUTO
2025-06-20 23:41:45,955 - SUAS - DEBUG - [SUAS_main.main:677] - Waiting for mode change to: AUTO
2025-06-20 23:41:46,456 - SUAS - DEBUG - [SUAS_main.main:677] - Waiting for mode change to: AUTO
2025-06-20 23:41:46,958 - SUAS - DEBUG - [SUAS_main.main:677] - Waiting for mode change to: AUTO
2025-06-20 23:41:47,460 - SUAS - DEBUG - [SUAS_main.main:677] - Waiting for mode change to: AUTO
2025-06-20 23:41:47,961 - SUAS - DEBUG - [SUAS_main.main:677] - Waiting for mode change to: AUTO
2025-06-20 23:41:48,463 - SUAS - DEBUG - [SUAS_main.main:677] - Waiting for mode change to: AUTO
2025-06-20 23:41:48,964 - SUAS - DEBUG - [SUAS_main.main:677] - Waiting for mode change to: AUTO
2025-06-20 23:41:49,466 - SUAS - DEBUG - [SUAS_main.main:677] - Waiting for mode change to: AUTO
2025-06-20 23:41:49,967 - SUAS - DEBUG - [SUAS_main.main:677] - Waiting for mode change to: AUTO
2025-06-20 23:41:50,468 - SUAS - DEBUG - [SUAS_main.main:677] - Waiting for mode change to: AUTO
2025-06-20 23:41:50,970 - SUAS - DEBUG - [SUAS_main.main:677] - Waiting for mode change to: AUTO
2025-06-20 23:41:51,471 - SUAS - DEBUG - [SUAS_main.main:677] - Waiting for mode change to: AUTO
2025-06-20 23:41:51,973 - SUAS - DEBUG - [SUAS_main.main:677] - Waiting for mode change to: AUTO
2025-06-20 23:41:52,474 - SUAS - DEBUG - [SUAS_main.main:677] - Waiting for mode change to: AUTO
2025-06-20 23:41:52,976 - SUAS - DEBUG - [SUAS_main.main:677] - Waiting for mode change to: AUTO
2025-06-20 23:41:53,477 - SUAS - DEBUG - [SUAS_main.main:677] - Waiting for mode change to: AUTO
2025-06-20 23:41:53,979 - SUAS - DEBUG - [SUAS_main.main:677] - Waiting for mode change to: AUTO
2025-06-20 23:41:54,480 - SUAS - DEBUG - [SUAS_main.main:677] - Waiting for mode change to: AUTO
2025-06-20 23:41:54,982 - SUAS - DEBUG - [SUAS_main.main:677] - Waiting for mode change to: AUTO
2025-06-20 23:41:55,483 - SUAS - DEBUG - [SUAS_main.main:677] - Waiting for mode change to: AUTO
2025-06-20 23:41:55,985 - SUAS - DEBUG - [SUAS_main.main:677] - Waiting for mode change to: AUTO
2025-06-20 23:41:56,486 - SUAS - DEBUG - [SUAS_main.main:677] - Waiting for mode change to: AUTO
2025-06-20 23:41:56,988 - SUAS - DEBUG - [SUAS_main.main:677] - Waiting for mode change to: AUTO
2025-06-20 23:41:57,489 - SUAS - DEBUG - [SUAS_main.main:677] - Waiting for mode change to: AUTO
2025-06-20 23:41:57,991 - SUAS - DEBUG - [SUAS_main.main:677] - Waiting for mode change to: AUTO
2025-06-20 23:41:58,492 - SUAS - DEBUG - [SUAS_main.main:677] - Waiting for mode change to: AUTO
2025-06-20 23:41:58,993 - SUAS - DEBUG - [SUAS_main.main:677] - Waiting for mode change to: AUTO
2025-06-20 23:41:59,494 - SUAS - DEBUG - [SUAS_main.main:677] - Waiting for mode change to: AUTO
2025-06-20 23:41:59,996 - SUAS - DEBUG - [SUAS_main.main:677] - Waiting for mode change to: AUTO
2025-06-20 23:42:00,497 - SUAS - DEBUG - [SUAS_main.main:677] - Waiting for mode change to: AUTO
2025-06-20 23:42:00,998 - SUAS - DEBUG - [SUAS_main.main:677] - Waiting for mode change to: AUTO
2025-06-20 23:42:01,500 - SUAS - DEBUG - [SUAS_main.main:677] - Waiting for mode change to: AUTO
2025-06-20 23:42:02,002 - SUAS - DEBUG - [SUAS_main.main:677] - Waiting for mode change to: AUTO
2025-06-20 23:42:02,503 - SUAS - DEBUG - [SUAS_main.main:677] - Waiting for mode change to: AUTO
2025-06-20 23:42:03,005 - SUAS - DEBUG - [SUAS_main.main:677] - Waiting for mode change to: AUTO
2025-06-20 23:42:03,506 - SUAS - DEBUG - [SUAS_main.main:677] - Waiting for mode change to: AUTO
2025-06-20 23:42:04,008 - SUAS - DEBUG - [SUAS_main.main:677] - Waiting for mode change to: AUTO
2025-06-20 23:42:04,509 - SUAS - DEBUG - [SUAS_main.main:677] - Waiting for mode change to: AUTO
2025-06-20 23:42:05,011 - SUAS - DEBUG - [SUAS_main.main:677] - Waiting for mode change to: AUTO
2025-06-20 23:42:05,512 - SUAS - DEBUG - [SUAS_main.main:677] - Waiting for mode change to: AUTO
2025-06-20 23:42:06,013 - SUAS - DEBUG - [SUAS_main.main:677] - Waiting for mode change to: AUTO
2025-06-20 23:42:06,514 - SUAS - DEBUG - [SUAS_main.main:677] - Waiting for mode change to: AUTO
2025-06-20 23:42:07,016 - SUAS - DEBUG - [SUAS_main.main:677] - Waiting for mode change to: AUTO
2025-06-20 23:42:07,517 - SUAS - DEBUG - [SUAS_main.main:677] - Waiting for mode change to: AUTO
2025-06-20 23:42:08,019 - SUAS - DEBUG - [SUAS_main.main:677] - Waiting for mode change to: AUTO
2025-06-20 23:42:08,520 - SUAS - DEBUG - [SUAS_main.main:677] - Waiting for mode change to: AUTO
2025-06-20 23:42:09,022 - SUAS - DEBUG - [SUAS_main.main:677] - Waiting for mode change to: AUTO
2025-06-20 23:42:09,524 - SUAS - DEBUG - [SUAS_main.main:677] - Waiting for mode change to: AUTO
2025-06-20 23:42:10,025 - SUAS - DEBUG - [SUAS_main.main:677] - Waiting for mode change to: AUTO
2025-06-20 23:42:10,527 - SUAS - DEBUG - [SUAS_main.main:677] - Waiting for mode change to: AUTO
2025-06-20 23:42:11,028 - SUAS - DEBUG - [SUAS_main.main:677] - Waiting for mode change to: AUTO
2025-06-20 23:42:11,530 - SUAS - DEBUG - [SUAS_main.main:677] - Waiting for mode change to: AUTO
2025-06-20 23:42:12,031 - SUAS - DEBUG - [SUAS_main.main:677] - Waiting for mode change to: AUTO
2025-06-20 23:42:12,533 - SUAS - DEBUG - [SUAS_main.main:677] - Waiting for mode change to: AUTO
2025-06-20 23:42:13,034 - SUAS - DEBUG - [SUAS_main.main:677] - Waiting for mode change to: AUTO
2025-06-20 23:42:13,536 - SUAS - DEBUG - [SUAS_main.main:677] - Waiting for mode change to: AUTO
2025-06-20 23:42:14,037 - SUAS - DEBUG - [SUAS_main.main:677] - Waiting for mode change to: AUTO
2025-06-20 23:42:14,538 - SUAS - DEBUG - [SUAS_main.main:677] - Waiting for mode change to: AUTO
2025-06-20 23:42:15,040 - SUAS - DEBUG - [SUAS_main.main:677] - Waiting for mode change to: AUTO
2025-06-20 23:42:15,542 - SUAS - DEBUG - [SUAS_main.main:677] - Waiting for mode change to: AUTO
2025-06-20 23:42:16,043 - SUAS - DEBUG - [SUAS_main.main:677] - Waiting for mode change to: AUTO
2025-06-20 23:42:16,545 - SUAS - DEBUG - [SUAS_main.main:677] - Waiting for mode change to: AUTO
2025-06-20 23:42:17,047 - SUAS - DEBUG - [SUAS_main.main:677] - Waiting for mode change to: AUTO
2025-06-20 23:42:17,548 - SUAS - DEBUG - [SUAS_main.main:677] - Waiting for mode change to: AUTO
2025-06-20 23:42:18,050 - SUAS - DEBUG - [SUAS_main.main:677] - Waiting for mode change to: AUTO
2025-06-20 23:42:18,551 - SUAS - DEBUG - [SUAS_main.main:677] - Waiting for mode change to: AUTO
2025-06-20 23:42:19,053 - SUAS - DEBUG - [SUAS_main.main:677] - Waiting for mode change to: AUTO
2025-06-20 23:42:19,554 - SUAS - DEBUG - [SUAS_main.main:677] - Waiting for mode change to: AUTO
2025-06-20 23:42:20,056 - SUAS - DEBUG - [SUAS_main.main:677] - Waiting for mode change to: AUTO
2025-06-20 23:42:20,557 - SUAS - DEBUG - [SUAS_main.main:677] - Waiting for mode change to: AUTO
2025-06-20 23:42:21,059 - SUAS - DEBUG - [SUAS_main.main:677] - Waiting for mode change to: AUTO
2025-06-20 23:42:21,560 - SUAS - DEBUG - [SUAS_main.main:677] - Waiting for mode change to: AUTO
2025-06-20 23:42:22,062 - SUAS - DEBUG - [SUAS_main.main:677] - Waiting for mode change to: AUTO
2025-06-20 23:42:22,563 - SUAS - DEBUG - [SUAS_main.main:677] - Waiting for mode change to: AUTO
2025-06-20 23:42:23,065 - SUAS - DEBUG - [SUAS_main.main:677] - Waiting for mode change to: AUTO
2025-06-20 23:42:23,566 - SUAS - DEBUG - [SUAS_main.main:677] - Waiting for mode change to: AUTO
2025-06-20 23:42:24,068 - SUAS - DEBUG - [SUAS_main.main:677] - Waiting for mode change to: AUTO
2025-06-20 23:42:24,569 - SUAS - DEBUG - [SUAS_main.main:677] - Waiting for mode change to: AUTO
2025-06-20 23:42:25,070 - SUAS - DEBUG - [SUAS_main.main:677] - Waiting for mode change to: AUTO
2025-06-20 23:42:25,572 - SUAS - DEBUG - [SUAS_main.main:677] - Waiting for mode change to: AUTO
2025-06-20 23:42:26,073 - SUAS - DEBUG - [SUAS_main.main:677] - Waiting for mode change to: AUTO
2025-06-20 23:42:26,574 - SUAS - DEBUG - [SUAS_main.main:677] - Waiting for mode change to: AUTO
2025-06-20 23:42:27,076 - SUAS - DEBUG - [SUAS_main.main:677] - Waiting for mode change to: AUTO
2025-06-20 23:42:27,577 - SUAS - DEBUG - [SUAS_main.main:677] - Waiting for mode change to: AUTO
2025-06-20 23:42:28,079 - SUAS - DEBUG - [SUAS_main.main:677] - Waiting for mode change to: AUTO
2025-06-20 23:42:28,580 - SUAS - DEBUG - [SUAS_main.main:677] - Waiting for mode change to: AUTO
2025-06-20 23:42:29,082 - SUAS - DEBUG - [SUAS_main.main:677] - Waiting for mode change to: AUTO
2025-06-20 23:42:29,583 - SUAS - DEBUG - [SUAS_main.main:677] - Waiting for mode change to: AUTO
2025-06-20 23:42:30,085 - SUAS - DEBUG - [SUAS_main.main:677] - Waiting for mode change to: AUTO
2025-06-20 23:42:30,586 - SUAS - DEBUG - [SUAS_main.main:677] - Waiting for mode change to: AUTO
2025-06-20 23:42:31,088 - SUAS - DEBUG - [SUAS_main.main:677] - Waiting for mode change to: AUTO
2025-06-20 23:42:31,589 - SUAS - DEBUG - [SUAS_main.main:677] - Waiting for mode change to: AUTO
2025-06-20 23:42:32,090 - SUAS - DEBUG - [SUAS_main.main:677] - Waiting for mode change to: AUTO
2025-06-20 23:42:32,592 - SUAS - DEBUG - [SUAS_main.main:677] - Waiting for mode change to: AUTO
2025-06-20 23:42:33,094 - SUAS - DEBUG - [SUAS_main.main:677] - Waiting for mode change to: AUTO
2025-06-20 23:42:33,595 - SUAS - DEBUG - [SUAS_main.main:677] - Waiting for mode change to: AUTO
2025-06-20 23:42:34,096 - SUAS - DEBUG - [SUAS_main.main:677] - Waiting for mode change to: AUTO
2025-06-20 23:42:34,598 - SUAS - DEBUG - [SUAS_main.main:677] - Waiting for mode change to: AUTO
2025-06-20 23:42:35,099 - SUAS - DEBUG - [SUAS_main.main:677] - Waiting for mode change to: AUTO
2025-06-20 23:42:35,601 - SUAS - DEBUG - [SUAS_main.main:677] - Waiting for mode change to: AUTO
2025-06-20 23:42:36,103 - SUAS - DEBUG - [SUAS_main.main:677] - Waiting for mode change to: AUTO
2025-06-20 23:42:36,604 - SUAS - DEBUG - [SUAS_main.main:677] - Waiting for mode change to: AUTO
2025-06-20 23:42:37,106 - SUAS - DEBUG - [SUAS_main.main:677] - Waiting for mode change to: AUTO
2025-06-20 23:42:37,607 - SUAS - DEBUG - [SUAS_main.main:677] - Waiting for mode change to: AUTO
2025-06-20 23:42:38,109 - SUAS - DEBUG - [SUAS_main.main:677] - Waiting for mode change to: AUTO
2025-06-20 23:42:38,610 - SUAS - DEBUG - [SUAS_main.main:677] - Waiting for mode change to: AUTO
2025-06-20 23:42:39,112 - SUAS - DEBUG - [SUAS_main.main:677] - Waiting for mode change to: AUTO
2025-06-20 23:42:39,613 - SUAS - DEBUG - [SUAS_main.main:677] - Waiting for mode change to: AUTO
2025-06-20 23:42:40,114 - SUAS - DEBUG - [SUAS_main.main:677] - Waiting for mode change to: AUTO
2025-06-20 23:42:40,616 - SUAS - DEBUG - [SUAS_main.main:677] - Waiting for mode change to: AUTO
2025-06-20 23:42:41,117 - SUAS - DEBUG - [SUAS_main.main:677] - Waiting for mode change to: AUTO
2025-06-20 23:42:41,618 - SUAS - DEBUG - [SUAS_main.main:677] - Waiting for mode change to: AUTO
2025-06-20 23:42:42,120 - SUAS - DEBUG - [SUAS_main.main:677] - Waiting for mode change to: AUTO
2025-06-20 23:42:42,622 - SUAS - DEBUG - [SUAS_main.main:677] - Waiting for mode change to: AUTO
2025-06-20 23:42:43,123 - SUAS - DEBUG - [SUAS_main.main:677] - Waiting for mode change to: AUTO
2025-06-20 23:42:43,625 - SUAS - DEBUG - [SUAS_main.main:677] - Waiting for mode change to: AUTO
2025-06-20 23:42:44,126 - SUAS - DEBUG - [SUAS_main.main:677] - Waiting for mode change to: AUTO
2025-06-20 23:42:44,628 - SUAS - DEBUG - [SUAS_main.main:677] - Waiting for mode change to: AUTO
2025-06-20 23:42:45,129 - SUAS - DEBUG - [SUAS_main.main:677] - Waiting for mode change to: AUTO
2025-06-20 23:42:45,630 - SUAS - DEBUG - [SUAS_main.main:677] - Waiting for mode change to: AUTO
2025-06-20 23:42:46,132 - SUAS - DEBUG - [SUAS_main.main:677] - Waiting for mode change to: AUTO
2025-06-20 23:42:46,633 - SUAS - DEBUG - [SUAS_main.main:677] - Waiting for mode change to: AUTO
2025-06-20 23:42:47,134 - SUAS - DEBUG - [SUAS_main.main:677] - Waiting for mode change to: AUTO
2025-06-20 23:42:47,636 - SUAS - DEBUG - [SUAS_main.main:677] - Waiting for mode change to: AUTO
2025-06-20 23:42:48,137 - SUAS - DEBUG - [SUAS_main.main:677] - Waiting for mode change to: AUTO
2025-06-20 23:42:48,638 - SUAS - DEBUG - [SUAS_main.main:677] - Waiting for mode change to: AUTO
2025-06-20 23:42:49,140 - SUAS - DEBUG - [SUAS_main.main:677] - Waiting for mode change to: AUTO
2025-06-20 23:42:49,642 - SUAS - DEBUG - [SUAS_main.main:677] - Waiting for mode change to: AUTO
2025-06-20 23:42:50,143 - SUAS - DEBUG - [SUAS_main.main:677] - Waiting for mode change to: AUTO
2025-06-20 23:42:50,645 - SUAS - DEBUG - [SUAS_main.main:677] - Waiting for mode change to: AUTO
2025-06-20 23:42:51,146 - SUAS - DEBUG - [SUAS_main.main:677] - Waiting for mode change to: AUTO
2025-06-20 23:42:51,648 - SUAS - DEBUG - [SUAS_main.main:677] - Waiting for mode change to: AUTO
2025-06-20 23:42:52,149 - SUAS - DEBUG - [SUAS_main.main:677] - Waiting for mode change to: AUTO
2025-06-20 23:42:52,650 - SUAS - DEBUG - [SUAS_main.main:677] - Waiting for mode change to: AUTO
2025-06-20 23:42:53,152 - SUAS - DEBUG - [SUAS_main.main:677] - Waiting for mode change to: AUTO
2025-06-20 23:42:53,654 - SUAS - DEBUG - [SUAS_main.main:677] - Waiting for mode change to: AUTO
2025-06-20 23:42:54,155 - SUAS - DEBUG - [SUAS_main.main:677] - Waiting for mode change to: AUTO
2025-06-20 23:42:54,657 - SUAS - DEBUG - [SUAS_main.main:677] - Waiting for mode change to: AUTO
2025-06-20 23:42:55,158 - SUAS - DEBUG - [SUAS_main.main:677] - Waiting for mode change to: AUTO
2025-06-20 23:42:55,660 - SUAS - DEBUG - [SUAS_main.main:677] - Waiting for mode change to: AUTO
2025-06-20 23:42:56,161 - SUAS - DEBUG - [SUAS_main.main:677] - Waiting for mode change to: AUTO
2025-06-20 23:42:56,663 - SUAS - DEBUG - [SUAS_main.main:677] - Waiting for mode change to: AUTO
2025-06-20 23:42:57,165 - SUAS - DEBUG - [SUAS_main.main:677] - Waiting for mode change to: AUTO
2025-06-20 23:42:57,666 - SUAS - DEBUG - [SUAS_main.main:677] - Waiting for mode change to: AUTO
2025-06-20 23:42:58,168 - SUAS - DEBUG - [SUAS_main.main:677] - Waiting for mode change to: AUTO
2025-06-20 23:42:58,669 - SUAS - DEBUG - [SUAS_main.main:677] - Waiting for mode change to: AUTO
2025-06-20 23:42:59,170 - SUAS - DEBUG - [SUAS_main.main:677] - Waiting for mode change to: AUTO
2025-06-20 23:42:59,672 - SUAS - DEBUG - [SUAS_main.main:677] - Waiting for mode change to: AUTO
2025-06-20 23:43:00,173 - SUAS - DEBUG - [SUAS_main.main:677] - Waiting for mode change to: AUTO
2025-06-20 23:43:00,674 - SUAS - DEBUG - [SUAS_main.main:677] - Waiting for mode change to: AUTO
2025-06-20 23:43:01,176 - SUAS - DEBUG - [SUAS_main.main:677] - Waiting for mode change to: AUTO
2025-06-20 23:43:01,677 - SUAS - DEBUG - [SUAS_main.main:677] - Waiting for mode change to: AUTO
2025-06-20 23:43:02,179 - SUAS - DEBUG - [SUAS_main.main:677] - Waiting for mode change to: AUTO
2025-06-20 23:43:02,680 - SUAS - DEBUG - [SUAS_main.main:677] - Waiting for mode change to: AUTO
2025-06-20 23:43:03,182 - SUAS - DEBUG - [SUAS_main.main:677] - Waiting for mode change to: AUTO
2025-06-20 23:43:03,683 - SUAS - DEBUG - [SUAS_main.main:677] - Waiting for mode change to: AUTO
2025-06-20 23:43:04,185 - SUAS - DEBUG - [SUAS_main.main:677] - Waiting for mode change to: AUTO
2025-06-20 23:43:04,686 - SUAS - DEBUG - [SUAS_main.main:677] - Waiting for mode change to: AUTO
2025-06-20 23:43:05,188 - SUAS - DEBUG - [SUAS_main.main:677] - Waiting for mode change to: AUTO
2025-06-20 23:43:05,689 - SUAS - DEBUG - [SUAS_main.main:677] - Waiting for mode change to: AUTO
2025-06-20 23:43:06,190 - SUAS - DEBUG - [SUAS_main.main:677] - Waiting for mode change to: AUTO
2025-06-20 23:43:06,692 - SUAS - DEBUG - [SUAS_main.main:677] - Waiting for mode change to: AUTO
2025-06-20 23:43:07,193 - SUAS - DEBUG - [SUAS_main.main:677] - Waiting for mode change to: AUTO
2025-06-20 23:43:07,694 - SUAS - DEBUG - [SUAS_main.main:677] - Waiting for mode change to: AUTO
2025-06-20 23:43:08,196 - SUAS - DEBUG - [SUAS_main.main:677] - Waiting for mode change to: AUTO
2025-06-20 23:43:08,697 - SUAS - DEBUG - [SUAS_main.main:677] - Waiting for mode change to: AUTO
2025-06-20 23:43:09,199 - SUAS - DEBUG - [SUAS_main.main:677] - Waiting for mode change to: AUTO
2025-06-20 23:43:09,700 - SUAS - DEBUG - [SUAS_main.main:677] - Waiting for mode change to: AUTO
2025-06-20 23:43:10,203 - SUAS - DEBUG - [SUAS_main.main:677] - Waiting for mode change to: AUTO
2025-06-20 23:43:10,705 - SUAS - DEBUG - [SUAS_main.main:677] - Waiting for mode change to: AUTO
2025-06-20 23:43:11,207 - SUAS - DEBUG - [SUAS_main.main:677] - Waiting for mode change to: AUTO
2025-06-20 23:43:11,708 - SUAS - DEBUG - [SUAS_main.main:677] - Waiting for mode change to: AUTO
2025-06-20 23:43:12,210 - SUAS - DEBUG - [SUAS_main.main:677] - Waiting for mode change to: AUTO
2025-06-20 23:43:12,711 - SUAS - DEBUG - [SUAS_main.main:677] - Waiting for mode change to: AUTO
2025-06-20 23:43:13,213 - SUAS - DEBUG - [SUAS_main.main:677] - Waiting for mode change to: AUTO
2025-06-20 23:43:13,714 - SUAS - DEBUG - [SUAS_main.main:677] - Waiting for mode change to: AUTO
2025-06-20 23:43:14,216 - SUAS - DEBUG - [SUAS_main.main:677] - Waiting for mode change to: AUTO
2025-06-20 23:43:14,717 - SUAS - DEBUG - [SUAS_main.main:677] - Waiting for mode change to: AUTO
2025-06-20 23:43:15,219 - SUAS - DEBUG - [SUAS_main.main:677] - Waiting for mode change to: AUTO
2025-06-20 23:43:15,720 - SUAS - DEBUG - [SUAS_main.main:677] - Waiting for mode change to: AUTO
2025-06-20 23:43:16,222 - SUAS - DEBUG - [SUAS_main.main:677] - Waiting for mode change to: AUTO
2025-06-20 23:43:16,723 - SUAS - DEBUG - [SUAS_main.main:677] - Waiting for mode change to: AUTO
2025-06-20 23:43:17,225 - SUAS - DEBUG - [SUAS_main.main:677] - Waiting for mode change to: AUTO
2025-06-20 23:43:17,727 - SUAS - DEBUG - [SUAS_main.main:677] - Waiting for mode change to: AUTO
2025-06-20 23:43:18,228 - SUAS - DEBUG - [SUAS_main.main:677] - Waiting for mode change to: AUTO
2025-06-20 23:43:18,730 - SUAS - DEBUG - [SUAS_main.main:677] - Waiting for mode change to: AUTO
2025-06-20 23:43:19,231 - SUAS - DEBUG - [SUAS_main.main:677] - Waiting for mode change to: AUTO
2025-06-20 23:43:19,732 - SUAS - DEBUG - [SUAS_main.main:677] - Waiting for mode change to: AUTO
2025-06-20 23:43:20,234 - SUAS - DEBUG - [SUAS_main.main:677] - Waiting for mode change to: AUTO
2025-06-20 23:43:20,735 - SUAS - DEBUG - [SUAS_main.main:677] - Waiting for mode change to: AUTO
2025-06-20 23:43:21,237 - SUAS - DEBUG - [SUAS_main.main:677] - Waiting for mode change to: AUTO
2025-06-20 23:43:21,738 - SUAS - DEBUG - [SUAS_main.main:677] - Waiting for mode change to: AUTO
2025-06-20 23:43:22,240 - SUAS - DEBUG - [SUAS_main.main:677] - Waiting for mode change to: AUTO
2025-06-20 23:43:22,741 - SUAS - DEBUG - [SUAS_main.main:677] - Waiting for mode change to: AUTO
2025-06-20 23:43:23,243 - SUAS - DEBUG - [SUAS_main.main:677] - Waiting for mode change to: AUTO
2025-06-20 23:43:23,745 - SUAS - DEBUG - [SUAS_main.main:677] - Waiting for mode change to: AUTO
2025-06-20 23:43:24,246 - SUAS - DEBUG - [SUAS_main.main:677] - Waiting for mode change to: AUTO
2025-06-20 23:43:24,748 - SUAS - DEBUG - [SUAS_main.main:677] - Waiting for mode change to: AUTO
2025-06-20 23:43:25,249 - SUAS - DEBUG - [SUAS_main.main:677] - Waiting for mode change to: AUTO
2025-06-20 23:43:25,750 - SUAS - DEBUG - [SUAS_main.main:677] - Waiting for mode change to: AUTO
2025-06-20 23:43:26,252 - SUAS - DEBUG - [SUAS_main.main:677] - Waiting for mode change to: AUTO
2025-06-20 23:43:26,753 - SUAS - DEBUG - [SUAS_main.main:677] - Waiting for mode change to: AUTO
2025-06-20 23:43:27,254 - SUAS - DEBUG - [SUAS_main.main:677] - Waiting for mode change to: AUTO
2025-06-20 23:43:27,756 - SUAS - DEBUG - [SUAS_main.main:677] - Waiting for mode change to: AUTO
2025-06-20 23:43:28,257 - SUAS - DEBUG - [SUAS_main.main:677] - Waiting for mode change to: AUTO
2025-06-20 23:43:28,758 - SUAS - DEBUG - [SUAS_main.main:677] - Waiting for mode change to: AUTO
2025-06-20 23:43:29,261 - SUAS - DEBUG - [SUAS_main.main:677] - Waiting for mode change to: AUTO
2025-06-20 23:43:29,763 - SUAS - DEBUG - [SUAS_main.main:677] - Waiting for mode change to: AUTO
2025-06-20 23:43:30,265 - SUAS - DEBUG - [SUAS_main.main:677] - Waiting for mode change to: AUTO
2025-06-20 23:43:30,767 - SUAS - DEBUG - [SUAS_main.main:677] - Waiting for mode change to: AUTO
2025-06-20 23:43:31,268 - SUAS - DEBUG - [SUAS_main.main:677] - Waiting for mode change to: AUTO
2025-06-20 23:43:31,770 - SUAS - DEBUG - [SUAS_main.main:677] - Waiting for mode change to: AUTO
2025-06-20 23:43:32,271 - SUAS - DEBUG - [SUAS_main.main:677] - Waiting for mode change to: AUTO
2025-06-20 23:43:32,773 - SUAS - DEBUG - [SUAS_main.main:677] - Waiting for mode change to: AUTO
2025-06-20 23:43:33,274 - SUAS - DEBUG - [SUAS_main.main:677] - Waiting for mode change to: AUTO
2025-06-20 23:43:33,776 - SUAS - DEBUG - [SUAS_main.main:677] - Waiting for mode change to: AUTO
2025-06-20 23:43:34,277 - SUAS - DEBUG - [SUAS_main.main:677] - Waiting for mode change to: AUTO
2025-06-20 23:43:34,778 - SUAS - DEBUG - [SUAS_main.main:677] - Waiting for mode change to: AUTO
2025-06-20 23:43:35,280 - SUAS - DEBUG - [SUAS_main.main:677] - Waiting for mode change to: AUTO
2025-06-20 23:43:35,782 - SUAS - DEBUG - [SUAS_main.main:677] - Waiting for mode change to: AUTO
2025-06-20 23:43:36,283 - SUAS - DEBUG - [SUAS_main.main:677] - Waiting for mode change to: AUTO
2025-06-20 23:43:36,785 - SUAS - DEBUG - [SUAS_main.main:677] - Waiting for mode change to: AUTO
2025-06-20 23:43:37,286 - SUAS - DEBUG - [SUAS_main.main:677] - Waiting for mode change to: AUTO
2025-06-20 23:43:37,788 - SUAS - DEBUG - [SUAS_main.main:677] - Waiting for mode change to: AUTO
2025-06-20 23:43:38,289 - SUAS - DEBUG - [SUAS_main.main:677] - Waiting for mode change to: AUTO
2025-06-20 23:43:38,791 - SUAS - DEBUG - [SUAS_main.main:677] - Waiting for mode change to: AUTO
2025-06-20 23:43:39,292 - SUAS - DEBUG - [SUAS_main.main:677] - Waiting for mode change to: AUTO
2025-06-20 23:43:39,793 - SUAS - DEBUG - [SUAS_main.main:677] - Waiting for mode change to: AUTO
2025-06-20 23:43:40,295 - SUAS - DEBUG - [SUAS_main.main:677] - Waiting for mode change to: AUTO
2025-06-20 23:43:40,796 - SUAS - DEBUG - [SUAS_main.main:677] - Waiting for mode change to: AUTO
2025-06-20 23:43:41,298 - SUAS - DEBUG - [SUAS_main.main:677] - Waiting for mode change to: AUTO
2025-06-20 23:43:41,799 - SUAS - DEBUG - [SUAS_main.main:677] - Waiting for mode change to: AUTO
2025-06-20 23:43:42,301 - SUAS - DEBUG - [SUAS_main.main:677] - Waiting for mode change to: AUTO
2025-06-20 23:43:42,803 - SUAS - DEBUG - [SUAS_main.main:677] - Waiting for mode change to: AUTO
2025-06-20 23:43:43,305 - SUAS - DEBUG - [SUAS_main.main:677] - Waiting for mode change to: AUTO
2025-06-20 23:43:43,806 - SUAS - DEBUG - [SUAS_main.main:677] - Waiting for mode change to: AUTO
2025-06-20 23:43:44,308 - SUAS - DEBUG - [SUAS_main.main:677] - Waiting for mode change to: AUTO
2025-06-20 23:43:44,809 - SUAS - DEBUG - [SUAS_main.main:677] - Waiting for mode change to: AUTO
2025-06-20 23:43:45,311 - SUAS - DEBUG - [SUAS_main.main:677] - Waiting for mode change to: AUTO
2025-06-20 23:43:45,813 - SUAS - DEBUG - [SUAS_main.main:677] - Waiting for mode change to: AUTO
2025-06-20 23:43:46,314 - SUAS - DEBUG - [SUAS_main.main:677] - Waiting for mode change to: AUTO
2025-06-20 23:43:46,816 - SUAS - DEBUG - [SUAS_main.main:677] - Waiting for mode change to: AUTO
2025-06-20 23:43:47,317 - SUAS - DEBUG - [SUAS_main.main:677] - Waiting for mode change to: AUTO
2025-06-20 23:43:47,819 - SUAS - DEBUG - [SUAS_main.main:677] - Waiting for mode change to: AUTO
2025-06-20 23:43:48,320 - SUAS - DEBUG - [SUAS_main.main:677] - Waiting for mode change to: AUTO
2025-06-20 23:43:48,822 - SUAS - DEBUG - [SUAS_main.main:677] - Waiting for mode change to: AUTO
2025-06-20 23:43:49,324 - SUAS - DEBUG - [SUAS_main.main:677] - Waiting for mode change to: AUTO
2025-06-20 23:43:49,826 - SUAS - DEBUG - [SUAS_main.main:677] - Waiting for mode change to: AUTO
2025-06-20 23:43:50,329 - SUAS - DEBUG - [SUAS_main.main:677] - Waiting for mode change to: AUTO
2025-06-20 23:43:50,830 - SUAS - DEBUG - [SUAS_main.main:677] - Waiting for mode change to: AUTO
2025-06-20 23:43:51,332 - SUAS - DEBUG - [SUAS_main.main:677] - Waiting for mode change to: AUTO
2025-06-20 23:43:51,833 - SUAS - DEBUG - [SUAS_main.main:677] - Waiting for mode change to: AUTO
2025-06-20 23:43:52,335 - SUAS - DEBUG - [SUAS_main.main:677] - Waiting for mode change to: AUTO
2025-06-20 23:43:52,837 - SUAS - DEBUG - [SUAS_main.main:677] - Waiting for mode change to: AUTO
2025-06-20 23:43:53,339 - SUAS - DEBUG - [SUAS_main.main:677] - Waiting for mode change to: AUTO
2025-06-20 23:43:53,840 - SUAS - DEBUG - [SUAS_main.main:677] - Waiting for mode change to: AUTO
2025-06-20 23:43:54,343 - SUAS - DEBUG - [SUAS_main.main:677] - Waiting for mode change to: AUTO
2025-06-20 23:43:54,844 - SUAS - DEBUG - [SUAS_main.main:677] - Waiting for mode change to: AUTO
2025-06-20 23:43:55,346 - SUAS - DEBUG - [SUAS_main.main:677] - Waiting for mode change to: AUTO
2025-06-20 23:43:55,848 - SUAS - DEBUG - [SUAS_main.main:677] - Waiting for mode change to: AUTO
2025-06-20 23:43:56,350 - SUAS - DEBUG - [SUAS_main.main:677] - Waiting for mode change to: AUTO
2025-06-20 23:43:56,851 - SUAS - DEBUG - [SUAS_main.main:677] - Waiting for mode change to: AUTO
2025-06-20 23:43:57,353 - SUAS - DEBUG - [SUAS_main.main:677] - Waiting for mode change to: AUTO
2025-06-20 23:43:57,854 - SUAS - DEBUG - [SUAS_main.main:677] - Waiting for mode change to: AUTO
2025-06-20 23:43:58,356 - SUAS - DEBUG - [SUAS_main.main:677] - Waiting for mode change to: AUTO
2025-06-20 23:43:58,858 - SUAS - DEBUG - [SUAS_main.main:677] - Waiting for mode change to: AUTO
2025-06-20 23:43:59,359 - SUAS - DEBUG - [SUAS_main.main:677] - Waiting for mode change to: AUTO
2025-06-20 23:43:59,861 - SUAS - DEBUG - [SUAS_main.main:677] - Waiting for mode change to: AUTO
2025-06-20 23:44:00,364 - SUAS - DEBUG - [SUAS_main.main:677] - Waiting for mode change to: AUTO
2025-06-20 23:44:00,866 - SUAS - DEBUG - [SUAS_main.main:677] - Waiting for mode change to: AUTO
2025-06-20 23:44:01,369 - SUAS - DEBUG - [SUAS_main.main:677] - Waiting for mode change to: AUTO
2025-06-20 23:44:01,870 - SUAS - DEBUG - [SUAS_main.main:677] - Waiting for mode change to: AUTO
2025-06-20 23:44:02,372 - SUAS - DEBUG - [SUAS_main.main:677] - Waiting for mode change to: AUTO
2025-06-20 23:44:02,873 - SUAS - DEBUG - [SUAS_main.main:677] - Waiting for mode change to: AUTO
2025-06-20 23:44:03,375 - SUAS - DEBUG - [SUAS_main.main:677] - Waiting for mode change to: AUTO
2025-06-20 23:44:03,876 - SUAS - DEBUG - [SUAS_main.main:677] - Waiting for mode change to: AUTO
2025-06-20 23:44:04,378 - SUAS - DEBUG - [SUAS_main.main:677] - Waiting for mode change to: AUTO
2025-06-20 23:44:04,879 - SUAS - DEBUG - [SUAS_main.main:677] - Waiting for mode change to: AUTO
2025-06-20 23:44:05,381 - SUAS - DEBUG - [SUAS_main.main:677] - Waiting for mode change to: AUTO
2025-06-20 23:44:05,882 - SUAS - DEBUG - [SUAS_main.main:677] - Waiting for mode change to: AUTO
2025-06-20 23:44:06,384 - SUAS - DEBUG - [SUAS_main.main:677] - Waiting for mode change to: AUTO
2025-06-20 23:44:06,886 - SUAS - DEBUG - [SUAS_main.main:677] - Waiting for mode change to: AUTO
2025-06-20 23:44:07,388 - SUAS - DEBUG - [SUAS_main.main:677] - Waiting for mode change to: AUTO
2025-06-20 23:44:07,889 - SUAS - DEBUG - [SUAS_main.main:677] - Waiting for mode change to: AUTO
2025-06-20 23:44:08,391 - SUAS - DEBUG - [SUAS_main.main:677] - Waiting for mode change to: AUTO
2025-06-20 23:44:08,892 - SUAS - DEBUG - [SUAS_main.main:677] - Waiting for mode change to: AUTO
2025-06-20 23:44:09,394 - SUAS - DEBUG - [SUAS_main.main:677] - Waiting for mode change to: AUTO
2025-06-20 23:44:09,895 - SUAS - DEBUG - [SUAS_main.main:677] - Waiting for mode change to: AUTO
2025-06-20 23:44:10,397 - SUAS - DEBUG - [SUAS_main.main:677] - Waiting for mode change to: AUTO
2025-06-20 23:44:10,898 - SUAS - DEBUG - [SUAS_main.main:677] - Waiting for mode change to: AUTO
2025-06-20 23:44:11,400 - SUAS - DEBUG - [SUAS_main.main:677] - Waiting for mode change to: AUTO
2025-06-20 23:44:11,901 - SUAS - DEBUG - [SUAS_main.main:677] - Waiting for mode change to: AUTO
2025-06-20 23:44:12,403 - SUAS - DEBUG - [SUAS_main.main:677] - Waiting for mode change to: AUTO
2025-06-20 23:44:12,905 - SUAS - DEBUG - [SUAS_main.main:677] - Waiting for mode change to: AUTO
2025-06-20 23:44:13,406 - SUAS - DEBUG - [SUAS_main.main:677] - Waiting for mode change to: AUTO
2025-06-20 23:44:13,908 - SUAS - DEBUG - [SUAS_main.main:677] - Waiting for mode change to: AUTO
2025-06-20 23:44:14,410 - SUAS - DEBUG - [SUAS_main.main:677] - Waiting for mode change to: AUTO
2025-06-20 23:44:14,911 - SUAS - DEBUG - [SUAS_main.main:677] - Waiting for mode change to: AUTO
2025-06-20 23:44:15,413 - SUAS - DEBUG - [SUAS_main.main:677] - Waiting for mode change to: AUTO
2025-06-20 23:44:15,914 - SUAS - DEBUG - [SUAS_main.main:677] - Waiting for mode change to: AUTO
2025-06-20 23:44:16,416 - SUAS - DEBUG - [SUAS_main.main:677] - Waiting for mode change to: AUTO
2025-06-20 23:44:16,917 - SUAS - DEBUG - [SUAS_main.main:677] - Waiting for mode change to: AUTO
2025-06-20 23:44:17,419 - SUAS - DEBUG - [SUAS_main.main:677] - Waiting for mode change to: AUTO
2025-06-20 23:44:17,920 - SUAS - DEBUG - [SUAS_main.main:677] - Waiting for mode change to: AUTO
2025-06-20 23:44:18,421 - SUAS - DEBUG - [SUAS_main.main:677] - Waiting for mode change to: AUTO
2025-06-20 23:44:18,923 - SUAS - DEBUG - [SUAS_main.main:677] - Waiting for mode change to: AUTO
2025-06-20 23:44:19,424 - SUAS - DEBUG - [SUAS_main.main:677] - Waiting for mode change to: AUTO
2025-06-20 23:44:19,926 - SUAS - DEBUG - [SUAS_main.main:677] - Waiting for mode change to: AUTO
2025-06-20 23:44:20,427 - SUAS - DEBUG - [SUAS_main.main:677] - Waiting for mode change to: AUTO
2025-06-20 23:44:20,929 - SUAS - DEBUG - [SUAS_main.main:677] - Waiting for mode change to: AUTO
2025-06-20 23:44:21,430 - SUAS - DEBUG - [SUAS_main.main:677] - Waiting for mode change to: AUTO
2025-06-20 23:44:21,932 - SUAS - DEBUG - [SUAS_main.main:677] - Waiting for mode change to: AUTO
2025-06-20 23:44:22,433 - SUAS - DEBUG - [SUAS_main.main:677] - Waiting for mode change to: AUTO
2025-06-20 23:44:22,934 - SUAS - DEBUG - [SUAS_main.main:677] - Waiting for mode change to: AUTO
2025-06-20 23:44:23,436 - SUAS - DEBUG - [SUAS_main.main:677] - Waiting for mode change to: AUTO
2025-06-20 23:44:23,937 - SUAS - DEBUG - [SUAS_main.main:677] - Waiting for mode change to: AUTO
2025-06-20 23:44:24,438 - SUAS - DEBUG - [SUAS_main.main:677] - Waiting for mode change to: AUTO
2025-06-20 23:44:24,940 - SUAS - DEBUG - [SUAS_main.main:677] - Waiting for mode change to: AUTO
2025-06-20 23:44:25,441 - SUAS - DEBUG - [SUAS_main.main:677] - Waiting for mode change to: AUTO
2025-06-20 23:44:25,943 - SUAS - DEBUG - [SUAS_main.main:677] - Waiting for mode change to: AUTO
2025-06-20 23:44:26,445 - SUAS - DEBUG - [SUAS_main.main:677] - Waiting for mode change to: AUTO
2025-06-20 23:44:26,946 - SUAS - DEBUG - [SUAS_main.main:677] - Waiting for mode change to: AUTO
2025-06-20 23:44:27,448 - SUAS - DEBUG - [SUAS_main.main:677] - Waiting for mode change to: AUTO
2025-06-20 23:44:27,949 - SUAS - DEBUG - [SUAS_main.main:677] - Waiting for mode change to: AUTO
2025-06-20 23:44:28,450 - SUAS - DEBUG - [SUAS_main.main:677] - Waiting for mode change to: AUTO
2025-06-20 23:44:28,952 - SUAS - DEBUG - [SUAS_main.main:677] - Waiting for mode change to: AUTO
2025-06-20 23:44:29,453 - SUAS - DEBUG - [SUAS_main.main:677] - Waiting for mode change to: AUTO
2025-06-20 23:44:29,954 - SUAS - DEBUG - [SUAS_main.main:677] - Waiting for mode change to: AUTO
2025-06-20 23:44:30,456 - SUAS - DEBUG - [SUAS_main.main:677] - Waiting for mode change to: AUTO
2025-06-20 23:44:30,957 - SUAS - DEBUG - [SUAS_main.main:677] - Waiting for mode change to: AUTO
2025-06-20 23:44:31,459 - SUAS - DEBUG - [SUAS_main.main:677] - Waiting for mode change to: AUTO
2025-06-20 23:44:31,960 - SUAS - DEBUG - [SUAS_main.main:677] - Waiting for mode change to: AUTO
2025-06-20 23:44:32,462 - SUAS - DEBUG - [SUAS_main.main:677] - Waiting for mode change to: AUTO
2025-06-20 23:44:32,963 - SUAS - DEBUG - [SUAS_main.main:677] - Waiting for mode change to: AUTO
2025-06-20 23:44:33,465 - SUAS - DEBUG - [SUAS_main.main:677] - Waiting for mode change to: AUTO
2025-06-20 23:44:33,967 - SUAS - DEBUG - [SUAS_main.main:677] - Waiting for mode change to: AUTO
2025-06-20 23:44:34,468 - SUAS - DEBUG - [SUAS_main.main:677] - Waiting for mode change to: AUTO
2025-06-20 23:44:34,970 - SUAS - DEBUG - [SUAS_main.main:677] - Waiting for mode change to: AUTO
2025-06-20 23:44:35,471 - SUAS - DEBUG - [SUAS_main.main:677] - Waiting for mode change to: AUTO
2025-06-20 23:44:35,973 - SUAS - DEBUG - [SUAS_main.main:677] - Waiting for mode change to: AUTO
2025-06-20 23:44:36,474 - SUAS - DEBUG - [SUAS_main.main:677] - Waiting for mode change to: AUTO
2025-06-20 23:44:36,976 - SUAS - DEBUG - [SUAS_main.main:677] - Waiting for mode change to: AUTO
2025-06-20 23:44:37,477 - SUAS - DEBUG - [SUAS_main.main:677] - Waiting for mode change to: AUTO
2025-06-20 23:44:37,978 - SUAS - DEBUG - [SUAS_main.main:677] - Waiting for mode change to: AUTO
2025-06-20 23:44:38,480 - SUAS - DEBUG - [SUAS_main.main:677] - Waiting for mode change to: AUTO
2025-06-20 23:44:38,981 - SUAS - DEBUG - [SUAS_main.main:677] - Waiting for mode change to: AUTO
2025-06-20 23:44:39,483 - SUAS - DEBUG - [SUAS_main.main:677] - Waiting for mode change to: AUTO
2025-06-20 23:44:39,984 - SUAS - DEBUG - [SUAS_main.main:677] - Waiting for mode change to: AUTO
2025-06-20 23:44:40,486 - SUAS - DEBUG - [SUAS_main.main:677] - Waiting for mode change to: AUTO
2025-06-20 23:44:40,988 - SUAS - DEBUG - [SUAS_main.main:677] - Waiting for mode change to: AUTO
2025-06-20 23:44:41,489 - SUAS - DEBUG - [SUAS_main.main:677] - Waiting for mode change to: AUTO
2025-06-20 23:44:41,991 - SUAS - DEBUG - [SUAS_main.main:677] - Waiting for mode change to: AUTO
2025-06-20 23:44:42,492 - SUAS - DEBUG - [SUAS_main.main:677] - Waiting for mode change to: AUTO
2025-06-20 23:44:42,993 - SUAS - DEBUG - [SUAS_main.main:677] - Waiting for mode change to: AUTO
2025-06-20 23:44:43,494 - SUAS - DEBUG - [SUAS_main.main:677] - Waiting for mode change to: AUTO
2025-06-20 23:44:43,996 - SUAS - DEBUG - [SUAS_main.main:677] - Waiting for mode change to: AUTO
2025-06-20 23:44:44,497 - SUAS - DEBUG - [SUAS_main.main:677] - Waiting for mode change to: AUTO
2025-06-20 23:44:44,998 - SUAS - DEBUG - [SUAS_main.main:677] - Waiting for mode change to: AUTO
2025-06-20 23:44:45,500 - SUAS - DEBUG - [SUAS_main.main:677] - Waiting for mode change to: AUTO
2025-06-20 23:44:46,001 - SUAS - DEBUG - [SUAS_main.main:677] - Waiting for mode change to: AUTO
2025-06-20 23:44:46,503 - SUAS - DEBUG - [SUAS_main.main:677] - Waiting for mode change to: AUTO
2025-06-20 23:44:47,004 - SUAS - DEBUG - [SUAS_main.main:677] - Waiting for mode change to: AUTO
2025-06-20 23:44:47,506 - SUAS - DEBUG - [SUAS_main.main:677] - Waiting for mode change to: AUTO
2025-06-20 23:44:48,007 - SUAS - DEBUG - [SUAS_main.main:677] - Waiting for mode change to: AUTO
2025-06-20 23:44:48,509 - SUAS - DEBUG - [SUAS_main.main:677] - Waiting for mode change to: AUTO
2025-06-20 23:44:49,010 - SUAS - DEBUG - [SUAS_main.main:677] - Waiting for mode change to: AUTO
2025-06-20 23:44:49,512 - SUAS - DEBUG - [SUAS_main.main:677] - Waiting for mode change to: AUTO
2025-06-20 23:44:50,013 - SUAS - DEBUG - [SUAS_main.main:677] - Waiting for mode change to: AUTO
2025-06-20 23:44:50,514 - SUAS - DEBUG - [SUAS_main.main:677] - Waiting for mode change to: AUTO
2025-06-20 23:44:51,016 - SUAS - DEBUG - [SUAS_main.main:677] - Waiting for mode change to: AUTO
2025-06-20 23:44:51,517 - SUAS - DEBUG - [SUAS_main.main:677] - Waiting for mode change to: AUTO
2025-06-20 23:44:52,018 - SUAS - DEBUG - [SUAS_main.main:677] - Waiting for mode change to: AUTO
2025-06-20 23:44:52,521 - SUAS - DEBUG - [SUAS_main.main:677] - Waiting for mode change to: AUTO
2025-06-20 23:44:53,022 - SUAS - DEBUG - [SUAS_main.main:677] - Waiting for mode change to: AUTO
2025-06-20 23:44:53,525 - SUAS - DEBUG - [SUAS_main.main:677] - Waiting for mode change to: AUTO
2025-06-20 23:44:54,027 - SUAS - DEBUG - [SUAS_main.main:677] - Waiting for mode change to: AUTO
2025-06-20 23:44:54,529 - SUAS - DEBUG - [SUAS_main.main:677] - Waiting for mode change to: AUTO
2025-06-20 23:44:55,030 - SUAS - DEBUG - [SUAS_main.main:677] - Waiting for mode change to: AUTO
2025-06-20 23:44:55,532 - SUAS - DEBUG - [SUAS_main.main:677] - Waiting for mode change to: AUTO
2025-06-20 23:44:56,033 - SUAS - DEBUG - [SUAS_main.main:677] - Waiting for mode change to: AUTO
2025-06-20 23:44:56,534 - SUAS - DEBUG - [SUAS_main.main:677] - Waiting for mode change to: AUTO
2025-06-20 23:44:57,036 - SUAS - DEBUG - [SUAS_main.main:677] - Waiting for mode change to: AUTO
2025-06-20 23:44:57,537 - SUAS - DEBUG - [SUAS_main.main:677] - Waiting for mode change to: AUTO
2025-06-20 23:44:58,038 - SUAS - DEBUG - [SUAS_main.main:677] - Waiting for mode change to: AUTO
2025-06-20 23:44:58,540 - SUAS - DEBUG - [SUAS_main.main:677] - Waiting for mode change to: AUTO
2025-06-20 23:44:59,041 - SUAS - DEBUG - [SUAS_main.main:677] - Waiting for mode change to: AUTO
2025-06-20 23:44:59,543 - SUAS - DEBUG - [SUAS_main.main:677] - Waiting for mode change to: AUTO
2025-06-20 23:45:00,044 - SUAS - DEBUG - [SUAS_main.main:677] - Waiting for mode change to: AUTO
2025-06-20 23:45:00,546 - SUAS - DEBUG - [SUAS_main.main:677] - Waiting for mode change to: AUTO
2025-06-20 23:45:01,048 - SUAS - DEBUG - [SUAS_main.main:677] - Waiting for mode change to: AUTO
2025-06-20 23:45:01,549 - SUAS - DEBUG - [SUAS_main.main:677] - Waiting for mode change to: AUTO
2025-06-20 23:45:02,050 - SUAS - DEBUG - [SUAS_main.main:677] - Waiting for mode change to: AUTO
2025-06-20 23:45:02,552 - SUAS - DEBUG - [SUAS_main.main:677] - Waiting for mode change to: AUTO
2025-06-20 23:45:03,053 - SUAS - DEBUG - [SUAS_main.main:677] - Waiting for mode change to: AUTO
2025-06-20 23:45:03,554 - SUAS - DEBUG - [SUAS_main.main:677] - Waiting for mode change to: AUTO
2025-06-20 23:45:04,056 - SUAS - DEBUG - [SUAS_main.main:677] - Waiting for mode change to: AUTO
2025-06-20 23:45:04,557 - SUAS - DEBUG - [SUAS_main.main:677] - Waiting for mode change to: AUTO
2025-06-20 23:45:05,059 - SUAS - DEBUG - [SUAS_main.main:677] - Waiting for mode change to: AUTO
2025-06-20 23:45:05,560 - SUAS - DEBUG - [SUAS_main.main:677] - Waiting for mode change to: AUTO
2025-06-20 23:45:06,062 - SUAS - DEBUG - [SUAS_main.main:677] - Waiting for mode change to: AUTO
2025-06-20 23:45:06,563 - SUAS - DEBUG - [SUAS_main.main:677] - Waiting for mode change to: AUTO
2025-06-20 23:45:07,065 - SUAS - DEBUG - [SUAS_main.main:677] - Waiting for mode change to: AUTO
2025-06-20 23:45:07,567 - SUAS - DEBUG - [SUAS_main.main:677] - Waiting for mode change to: AUTO
2025-06-20 23:45:08,068 - SUAS - DEBUG - [SUAS_main.main:677] - Waiting for mode change to: AUTO
2025-06-20 23:45:08,570 - SUAS - DEBUG - [SUAS_main.main:677] - Waiting for mode change to: AUTO
2025-06-20 23:45:09,072 - SUAS - DEBUG - [SUAS_main.main:677] - Waiting for mode change to: AUTO
2025-06-20 23:45:09,573 - SUAS - DEBUG - [SUAS_main.main:677] - Waiting for mode change to: AUTO
2025-06-20 23:45:10,074 - SUAS - DEBUG - [SUAS_main.main:677] - Waiting for mode change to: AUTO
2025-06-20 23:45:10,576 - SUAS - DEBUG - [SUAS_main.main:677] - Waiting for mode change to: AUTO
2025-06-20 23:45:11,077 - SUAS - DEBUG - [SUAS_main.main:677] - Waiting for mode change to: AUTO
2025-06-20 23:45:11,578 - SUAS - DEBUG - [SUAS_main.main:677] - Waiting for mode change to: AUTO
2025-06-20 23:45:12,080 - SUAS - DEBUG - [SUAS_main.main:677] - Waiting for mode change to: AUTO
2025-06-20 23:45:12,581 - SUAS - DEBUG - [SUAS_main.main:677] - Waiting for mode change to: AUTO
2025-06-20 23:45:13,083 - SUAS - DEBUG - [SUAS_main.main:677] - Waiting for mode change to: AUTO
2025-06-20 23:45:13,584 - SUAS - DEBUG - [SUAS_main.main:677] - Waiting for mode change to: AUTO
2025-06-20 23:45:14,085 - SUAS - DEBUG - [SUAS_main.main:677] - Waiting for mode change to: AUTO
2025-06-20 23:45:14,615 - SUAS - DEBUG - [SUAS_main.main:677] - Waiting for mode change to: AUTO
2025-06-20 23:45:15,116 - SUAS - DEBUG - [SUAS_main.main:677] - Waiting for mode change to: AUTO
2025-06-20 23:45:15,617 - SUAS - DEBUG - [SUAS_main.main:677] - Waiting for mode change to: AUTO
2025-06-20 23:45:16,119 - SUAS - DEBUG - [SUAS_main.main:677] - Waiting for mode change to: AUTO
2025-06-20 23:45:16,620 - SUAS - DEBUG - [SUAS_main.main:677] - Waiting for mode change to: AUTO
2025-06-20 23:45:17,122 - SUAS - DEBUG - [SUAS_main.main:677] - Waiting for mode change to: AUTO
2025-06-20 23:45:17,623 - SUAS - DEBUG - [SUAS_main.main:677] - Waiting for mode change to: AUTO
2025-06-20 23:45:18,125 - SUAS - DEBUG - [SUAS_main.main:677] - Waiting for mode change to: AUTO
2025-06-20 23:45:18,627 - SUAS - DEBUG - [SUAS_main.main:677] - Waiting for mode change to: AUTO
2025-06-20 23:45:19,128 - SUAS - DEBUG - [SUAS_main.main:677] - Waiting for mode change to: AUTO
2025-06-20 23:45:19,630 - SUAS - DEBUG - [SUAS_main.main:677] - Waiting for mode change to: AUTO
2025-06-20 23:45:20,131 - SUAS - DEBUG - [SUAS_main.main:677] - Waiting for mode change to: AUTO
2025-06-20 23:45:20,633 - SUAS - DEBUG - [SUAS_main.main:677] - Waiting for mode change to: AUTO
2025-06-20 23:45:21,134 - SUAS - DEBUG - [SUAS_main.main:677] - Waiting for mode change to: AUTO
2025-06-20 23:45:21,636 - SUAS - DEBUG - [SUAS_main.main:677] - Waiting for mode change to: AUTO
2025-06-20 23:45:22,137 - SUAS - DEBUG - [SUAS_main.main:677] - Waiting for mode change to: AUTO
2025-06-20 23:45:22,639 - SUAS - DEBUG - [SUAS_main.main:677] - Waiting for mode change to: AUTO
2025-06-20 23:45:23,140 - SUAS - DEBUG - [SUAS_main.main:677] - Waiting for mode change to: AUTO
2025-06-20 23:45:23,642 - SUAS - DEBUG - [SUAS_main.main:677] - Waiting for mode change to: AUTO
2025-06-20 23:45:24,143 - SUAS - DEBUG - [SUAS_main.main:677] - Waiting for mode change to: AUTO
2025-06-20 23:45:24,645 - SUAS - DEBUG - [SUAS_main.main:677] - Waiting for mode change to: AUTO
2025-06-20 23:45:25,147 - SUAS - DEBUG - [SUAS_main.main:677] - Waiting for mode change to: AUTO
2025-06-20 23:45:25,649 - SUAS - DEBUG - [SUAS_main.main:677] - Waiting for mode change to: AUTO
2025-06-20 23:45:26,150 - SUAS - DEBUG - [SUAS_main.main:677] - Waiting for mode change to: AUTO
2025-06-20 23:45:26,652 - SUAS - DEBUG - [SUAS_main.main:677] - Waiting for mode change to: AUTO
2025-06-20 23:45:27,153 - SUAS - DEBUG - [SUAS_main.main:677] - Waiting for mode change to: AUTO
2025-06-20 23:45:27,654 - SUAS - DEBUG - [SUAS_main.main:677] - Waiting for mode change to: AUTO
2025-06-20 23:45:28,156 - SUAS - DEBUG - [SUAS_main.main:677] - Waiting for mode change to: AUTO
2025-06-20 23:45:28,657 - SUAS - DEBUG - [SUAS_main.main:677] - Waiting for mode change to: AUTO
2025-06-20 23:45:29,158 - SUAS - DEBUG - [SUAS_main.main:677] - Waiting for mode change to: AUTO
2025-06-20 23:45:29,660 - SUAS - DEBUG - [SUAS_main.main:677] - Waiting for mode change to: AUTO
2025-06-20 23:45:30,161 - SUAS - DEBUG - [SUAS_main.main:677] - Waiting for mode change to: AUTO
2025-06-20 23:45:30,663 - SUAS - DEBUG - [SUAS_main.main:677] - Waiting for mode change to: AUTO
2025-06-20 23:45:31,165 - SUAS - DEBUG - [SUAS_main.main:677] - Waiting for mode change to: AUTO
2025-06-20 23:45:31,666 - SUAS - DEBUG - [SUAS_main.main:677] - Waiting for mode change to: AUTO
2025-06-20 23:45:32,168 - SUAS - DEBUG - [SUAS_main.main:677] - Waiting for mode change to: AUTO
2025-06-20 23:45:32,669 - SUAS - DEBUG - [SUAS_main.main:677] - Waiting for mode change to: AUTO
2025-06-20 23:45:33,170 - SUAS - DEBUG - [SUAS_main.main:677] - Waiting for mode change to: AUTO
2025-06-20 23:45:33,672 - SUAS - DEBUG - [SUAS_main.main:677] - Waiting for mode change to: AUTO
2025-06-20 23:45:34,173 - SUAS - DEBUG - [SUAS_main.main:677] - Waiting for mode change to: AUTO
2025-06-20 23:45:34,674 - SUAS - DEBUG - [SUAS_main.main:677] - Waiting for mode change to: AUTO
2025-06-20 23:45:35,176 - SUAS - DEBUG - [SUAS_main.main:677] - Waiting for mode change to: AUTO
2025-06-20 23:45:35,677 - SUAS - DEBUG - [SUAS_main.main:677] - Waiting for mode change to: AUTO
2025-06-20 23:45:36,178 - SUAS - DEBUG - [SUAS_main.main:677] - Waiting for mode change to: AUTO
2025-06-20 23:45:36,680 - SUAS - DEBUG - [SUAS_main.main:677] - Waiting for mode change to: AUTO
2025-06-20 23:45:37,182 - SUAS - DEBUG - [SUAS_main.main:677] - Waiting for mode change to: AUTO
2025-06-20 23:45:37,683 - SUAS - DEBUG - [SUAS_main.main:677] - Waiting for mode change to: AUTO
2025-06-20 23:45:38,185 - SUAS - DEBUG - [SUAS_main.main:677] - Waiting for mode change to: AUTO
2025-06-20 23:45:38,687 - SUAS - DEBUG - [SUAS_main.main:677] - Waiting for mode change to: AUTO
2025-06-20 23:45:39,188 - SUAS - DEBUG - [SUAS_main.main:677] - Waiting for mode change to: AUTO
2025-06-20 23:45:39,690 - SUAS - DEBUG - [SUAS_main.main:677] - Waiting for mode change to: AUTO
2025-06-20 23:45:40,191 - SUAS - DEBUG - [SUAS_main.main:677] - Waiting for mode change to: AUTO
2025-06-20 23:45:40,692 - SUAS - DEBUG - [SUAS_main.main:677] - Waiting for mode change to: AUTO
2025-06-20 23:45:41,194 - SUAS - DEBUG - [SUAS_main.main:677] - Waiting for mode change to: AUTO
2025-06-20 23:45:41,696 - SUAS - DEBUG - [SUAS_main.main:677] - Waiting for mode change to: AUTO
2025-06-20 23:45:42,197 - SUAS - DEBUG - [SUAS_main.main:677] - Waiting for mode change to: AUTO
2025-06-20 23:45:42,699 - SUAS - DEBUG - [SUAS_main.main:677] - Waiting for mode change to: AUTO
2025-06-20 23:45:43,200 - SUAS - DEBUG - [SUAS_main.main:677] - Waiting for mode change to: AUTO
2025-06-20 23:45:43,702 - SUAS - DEBUG - [SUAS_main.main:677] - Waiting for mode change to: AUTO
2025-06-20 23:45:44,203 - SUAS - DEBUG - [SUAS_main.main:677] - Waiting for mode change to: AUTO
2025-06-20 23:45:44,705 - SUAS - DEBUG - [SUAS_main.main:677] - Waiting for mode change to: AUTO
2025-06-20 23:45:45,207 - SUAS - DEBUG - [SUAS_main.main:677] - Waiting for mode change to: AUTO
2025-06-20 23:45:45,708 - SUAS - DEBUG - [SUAS_main.main:677] - Waiting for mode change to: AUTO
2025-06-20 23:45:46,210 - SUAS - DEBUG - [SUAS_main.main:677] - Waiting for mode change to: AUTO
2025-06-20 23:45:46,711 - SUAS - DEBUG - [SUAS_main.main:677] - Waiting for mode change to: AUTO
2025-06-20 23:45:47,213 - SUAS - DEBUG - [SUAS_main.main:677] - Waiting for mode change to: AUTO
2025-06-20 23:45:47,714 - SUAS - DEBUG - [SUAS_main.main:677] - Waiting for mode change to: AUTO
2025-06-20 23:45:48,216 - SUAS - DEBUG - [SUAS_main.main:677] - Waiting for mode change to: AUTO
2025-06-20 23:45:48,717 - SUAS - DEBUG - [SUAS_main.main:677] - Waiting for mode change to: AUTO
2025-06-20 23:45:49,218 - SUAS - DEBUG - [SUAS_main.main:677] - Waiting for mode change to: AUTO
2025-06-20 23:45:49,720 - SUAS - DEBUG - [SUAS_main.main:677] - Waiting for mode change to: AUTO
2025-06-20 23:45:50,221 - SUAS - DEBUG - [SUAS_main.main:677] - Waiting for mode change to: AUTO
2025-06-20 23:45:50,722 - SUAS - DEBUG - [SUAS_main.main:677] - Waiting for mode change to: AUTO
2025-06-20 23:45:51,224 - SUAS - DEBUG - [SUAS_main.main:677] - Waiting for mode change to: AUTO
2025-06-20 23:45:51,726 - SUAS - DEBUG - [SUAS_main.main:677] - Waiting for mode change to: AUTO
2025-06-20 23:45:52,227 - SUAS - DEBUG - [SUAS_main.main:677] - Waiting for mode change to: AUTO
2025-06-20 23:45:52,729 - SUAS - DEBUG - [SUAS_main.main:677] - Waiting for mode change to: AUTO
2025-06-20 23:45:53,230 - SUAS - DEBUG - [SUAS_main.main:677] - Waiting for mode change to: AUTO
2025-06-20 23:45:53,732 - SUAS - DEBUG - [SUAS_main.main:677] - Waiting for mode change to: AUTO
2025-06-20 23:45:54,233 - SUAS - DEBUG - [SUAS_main.main:677] - Waiting for mode change to: AUTO
2025-06-20 23:45:54,734 - SUAS - DEBUG - [SUAS_main.main:677] - Waiting for mode change to: AUTO
2025-06-20 23:45:55,236 - SUAS - DEBUG - [SUAS_main.main:677] - Waiting for mode change to: AUTO
2025-06-20 23:45:55,737 - SUAS - DEBUG - [SUAS_main.main:677] - Waiting for mode change to: AUTO
2025-06-20 23:45:56,238 - SUAS - DEBUG - [SUAS_main.main:677] - Waiting for mode change to: AUTO
2025-06-20 23:45:56,740 - SUAS - DEBUG - [SUAS_main.main:677] - Waiting for mode change to: AUTO
2025-06-20 23:45:57,241 - SUAS - DEBUG - [SUAS_main.main:677] - Waiting for mode change to: AUTO
2025-06-20 23:45:57,743 - SUAS - DEBUG - [SUAS_main.main:677] - Waiting for mode change to: AUTO
2025-06-20 23:45:58,245 - SUAS - DEBUG - [SUAS_main.main:677] - Waiting for mode change to: AUTO
2025-06-20 23:45:58,746 - SUAS - DEBUG - [SUAS_main.main:677] - Waiting for mode change to: AUTO
2025-06-20 23:45:59,248 - SUAS - DEBUG - [SUAS_main.main:677] - Waiting for mode change to: AUTO
2025-06-20 23:45:59,749 - SUAS - DEBUG - [SUAS_main.main:677] - Waiting for mode change to: AUTO
2025-06-20 23:46:00,251 - SUAS - DEBUG - [SUAS_main.main:677] - Waiting for mode change to: AUTO
2025-06-20 23:46:00,752 - SUAS - DEBUG - [SUAS_main.main:677] - Waiting for mode change to: AUTO
2025-06-20 23:46:01,254 - SUAS - DEBUG - [SUAS_main.main:677] - Waiting for mode change to: AUTO
2025-06-20 23:46:01,756 - SUAS - DEBUG - [SUAS_main.main:677] - Waiting for mode change to: AUTO
2025-06-20 23:46:02,257 - SUAS - DEBUG - [SUAS_main.main:677] - Waiting for mode change to: AUTO
2025-06-20 23:46:02,758 - SUAS - DEBUG - [SUAS_main.main:677] - Waiting for mode change to: AUTO
2025-06-20 23:46:03,260 - SUAS - DEBUG - [SUAS_main.main:677] - Waiting for mode change to: AUTO
2025-06-20 23:46:03,761 - SUAS - DEBUG - [SUAS_main.main:677] - Waiting for mode change to: AUTO
2025-06-20 23:46:04,263 - SUAS - DEBUG - [SUAS_main.main:677] - Waiting for mode change to: AUTO
2025-06-20 23:46:04,765 - SUAS - DEBUG - [SUAS_main.main:677] - Waiting for mode change to: AUTO
2025-06-20 23:46:05,266 - SUAS - DEBUG - [SUAS_main.main:677] - Waiting for mode change to: AUTO
2025-06-20 23:46:05,768 - SUAS - DEBUG - [SUAS_main.main:677] - Waiting for mode change to: AUTO
2025-06-20 23:46:06,269 - SUAS - DEBUG - [SUAS_main.main:677] - Waiting for mode change to: AUTO
2025-06-20 23:46:06,770 - SUAS - DEBUG - [SUAS_main.main:677] - Waiting for mode change to: AUTO
2025-06-20 23:46:07,272 - SUAS - DEBUG - [SUAS_main.main:677] - Waiting for mode change to: AUTO
2025-06-20 23:46:07,773 - SUAS - DEBUG - [SUAS_main.main:677] - Waiting for mode change to: AUTO
2025-06-20 23:46:08,274 - SUAS - DEBUG - [SUAS_main.main:677] - Waiting for mode change to: AUTO
2025-06-20 23:46:08,776 - SUAS - DEBUG - [SUAS_main.main:677] - Waiting for mode change to: AUTO
2025-06-20 23:46:09,277 - SUAS - DEBUG - [SUAS_main.main:677] - Waiting for mode change to: AUTO
2025-06-20 23:46:09,779 - SUAS - DEBUG - [SUAS_main.main:677] - Waiting for mode change to: AUTO
2025-06-20 23:46:10,280 - SUAS - DEBUG - [SUAS_main.main:677] - Waiting for mode change to: AUTO
2025-06-20 23:46:10,782 - SUAS - DEBUG - [SUAS_main.main:677] - Waiting for mode change to: AUTO
2025-06-20 23:46:11,283 - SUAS - DEBUG - [SUAS_main.main:677] - Waiting for mode change to: AUTO
2025-06-20 23:46:11,785 - SUAS - DEBUG - [SUAS_main.main:677] - Waiting for mode change to: AUTO
2025-06-20 23:46:12,286 - SUAS - DEBUG - [SUAS_main.main:677] - Waiting for mode change to: AUTO
2025-06-20 23:46:12,788 - SUAS - DEBUG - [SUAS_main.main:677] - Waiting for mode change to: AUTO
2025-06-20 23:46:13,289 - SUAS - DEBUG - [SUAS_main.main:677] - Waiting for mode change to: AUTO
2025-06-20 23:46:13,790 - SUAS - DEBUG - [SUAS_main.main:677] - Waiting for mode change to: AUTO
2025-06-20 23:46:14,292 - SUAS - DEBUG - [SUAS_main.main:677] - Waiting for mode change to: AUTO
2025-06-20 23:46:14,794 - SUAS - DEBUG - [SUAS_main.main:677] - Waiting for mode change to: AUTO
2025-06-20 23:46:15,296 - SUAS - DEBUG - [SUAS_main.main:677] - Waiting for mode change to: AUTO
2025-06-20 23:46:15,797 - SUAS - DEBUG - [SUAS_main.main:677] - Waiting for mode change to: AUTO
2025-06-20 23:46:16,298 - SUAS - DEBUG - [SUAS_main.main:677] - Waiting for mode change to: AUTO
2025-06-20 23:46:16,800 - SUAS - DEBUG - [SUAS_main.main:677] - Waiting for mode change to: AUTO
2025-06-20 23:46:17,302 - SUAS - DEBUG - [SUAS_main.main:677] - Waiting for mode change to: AUTO
2025-06-20 23:46:17,804 - SUAS - DEBUG - [SUAS_main.main:677] - Waiting for mode change to: AUTO
2025-06-20 23:46:18,305 - SUAS - DEBUG - [SUAS_main.main:677] - Waiting for mode change to: AUTO
2025-06-20 23:46:18,806 - SUAS - DEBUG - [SUAS_main.main:677] - Waiting for mode change to: AUTO
2025-06-20 23:46:19,308 - SUAS - DEBUG - [SUAS_main.main:677] - Waiting for mode change to: AUTO
2025-06-20 23:46:19,810 - SUAS - DEBUG - [SUAS_main.main:677] - Waiting for mode change to: AUTO
2025-06-20 23:46:20,312 - SUAS - DEBUG - [SUAS_main.main:677] - Waiting for mode change to: AUTO
2025-06-20 23:46:20,813 - SUAS - DEBUG - [SUAS_main.main:677] - Waiting for mode change to: AUTO
2025-06-20 23:46:21,314 - SUAS - DEBUG - [SUAS_main.main:677] - Waiting for mode change to: AUTO
2025-06-20 23:46:21,816 - SUAS - DEBUG - [SUAS_main.main:677] - Waiting for mode change to: AUTO
2025-06-20 23:46:22,317 - SUAS - DEBUG - [SUAS_main.main:677] - Waiting for mode change to: AUTO
2025-06-20 23:46:22,819 - SUAS - DEBUG - [SUAS_main.main:677] - Waiting for mode change to: AUTO
2025-06-20 23:46:23,321 - SUAS - DEBUG - [SUAS_main.main:677] - Waiting for mode change to: AUTO
2025-06-20 23:46:23,822 - SUAS - DEBUG - [SUAS_main.main:677] - Waiting for mode change to: AUTO
2025-06-20 23:46:24,324 - SUAS - DEBUG - [SUAS_main.main:677] - Waiting for mode change to: AUTO
2025-06-20 23:46:24,858 - SUAS - DEBUG - [SUAS_main.main:677] - Waiting for mode change to: AUTO
2025-06-20 23:46:25,359 - SUAS - DEBUG - [SUAS_main.main:677] - Waiting for mode change to: AUTO
2025-06-20 23:46:25,861 - SUAS - DEBUG - [SUAS_main.main:677] - Waiting for mode change to: AUTO
2025-06-20 23:46:26,363 - SUAS - DEBUG - [SUAS_main.main:677] - Waiting for mode change to: AUTO
2025-06-20 23:46:26,864 - SUAS - DEBUG - [SUAS_main.main:677] - Waiting for mode change to: AUTO
2025-06-20 23:46:27,366 - SUAS - DEBUG - [SUAS_main.main:677] - Waiting for mode change to: AUTO
2025-06-20 23:46:27,867 - SUAS - DEBUG - [SUAS_main.main:677] - Waiting for mode change to: AUTO
2025-06-20 23:46:28,369 - SUAS - DEBUG - [SUAS_main.main:677] - Waiting for mode change to: AUTO
2025-06-20 23:46:28,870 - SUAS - DEBUG - [SUAS_main.main:677] - Waiting for mode change to: AUTO
2025-06-20 23:46:29,372 - SUAS - DEBUG - [SUAS_main.main:677] - Waiting for mode change to: AUTO
2025-06-20 23:46:29,874 - SUAS - DEBUG - [SUAS_main.main:677] - Waiting for mode change to: AUTO
2025-06-20 23:46:30,375 - SUAS - DEBUG - [SUAS_main.main:677] - Waiting for mode change to: AUTO
2025-06-20 23:46:30,877 - SUAS - DEBUG - [SUAS_main.main:677] - Waiting for mode change to: AUTO
2025-06-20 23:46:31,378 - SUAS - DEBUG - [SUAS_main.main:677] - Waiting for mode change to: AUTO
2025-06-20 23:46:31,880 - SUAS - DEBUG - [SUAS_main.main:677] - Waiting for mode change to: AUTO
2025-06-20 23:46:32,382 - SUAS - DEBUG - [SUAS_main.main:677] - Waiting for mode change to: AUTO
2025-06-20 23:46:32,883 - SUAS - DEBUG - [SUAS_main.main:677] - Waiting for mode change to: AUTO
2025-06-20 23:46:33,385 - SUAS - DEBUG - [SUAS_main.main:677] - Waiting for mode change to: AUTO
2025-06-20 23:46:33,886 - SUAS - DEBUG - [SUAS_main.main:677] - Waiting for mode change to: AUTO
2025-06-20 23:46:34,388 - SUAS - DEBUG - [SUAS_main.main:677] - Waiting for mode change to: AUTO
2025-06-20 23:46:34,889 - SUAS - DEBUG - [SUAS_main.main:677] - Waiting for mode change to: AUTO
2025-06-20 23:46:35,391 - SUAS - DEBUG - [SUAS_main.main:677] - Waiting for mode change to: AUTO
2025-06-20 23:46:35,892 - SUAS - DEBUG - [SUAS_main.main:677] - Waiting for mode change to: AUTO
2025-06-20 23:46:36,393 - SUAS - DEBUG - [SUAS_main.main:677] - Waiting for mode change to: AUTO
2025-06-20 23:46:36,895 - SUAS - DEBUG - [SUAS_main.main:677] - Waiting for mode change to: AUTO
2025-06-20 23:46:37,396 - SUAS - DEBUG - [SUAS_main.main:677] - Waiting for mode change to: AUTO
2025-06-20 23:46:37,898 - SUAS - DEBUG - [SUAS_main.main:677] - Waiting for mode change to: AUTO
2025-06-20 23:46:38,400 - SUAS - DEBUG - [SUAS_main.main:677] - Waiting for mode change to: AUTO
2025-06-20 23:46:38,901 - SUAS - DEBUG - [SUAS_main.main:677] - Waiting for mode change to: AUTO
2025-06-20 23:46:39,403 - SUAS - DEBUG - [SUAS_main.main:677] - Waiting for mode change to: AUTO
2025-06-20 23:46:39,905 - SUAS - DEBUG - [SUAS_main.main:677] - Waiting for mode change to: AUTO
2025-06-20 23:46:40,407 - SUAS - DEBUG - [SUAS_main.main:677] - Waiting for mode change to: AUTO
2025-06-20 23:46:40,908 - SUAS - DEBUG - [SUAS_main.main:677] - Waiting for mode change to: AUTO
2025-06-20 23:46:41,410 - SUAS - DEBUG - [SUAS_main.main:677] - Waiting for mode change to: AUTO
2025-06-20 23:46:41,911 - SUAS - DEBUG - [SUAS_main.main:677] - Waiting for mode change to: AUTO
2025-06-20 23:46:42,412 - SUAS - DEBUG - [SUAS_main.main:677] - Waiting for mode change to: AUTO
2025-06-20 23:46:42,914 - SUAS - DEBUG - [SUAS_main.main:677] - Waiting for mode change to: AUTO
2025-06-20 23:46:43,415 - SUAS - DEBUG - [SUAS_main.main:677] - Waiting for mode change to: AUTO
2025-06-20 23:46:43,917 - SUAS - DEBUG - [SUAS_main.main:677] - Waiting for mode change to: AUTO
2025-06-20 23:46:44,419 - SUAS - DEBUG - [SUAS_main.main:677] - Waiting for mode change to: AUTO
2025-06-20 23:46:44,920 - SUAS - DEBUG - [SUAS_main.main:677] - Waiting for mode change to: AUTO
2025-06-20 23:46:45,422 - SUAS - DEBUG - [SUAS_main.main:677] - Waiting for mode change to: AUTO
2025-06-20 23:46:45,923 - SUAS - DEBUG - [SUAS_main.main:677] - Waiting for mode change to: AUTO
2025-06-20 23:46:46,425 - SUAS - DEBUG - [SUAS_main.main:677] - Waiting for mode change to: AUTO
2025-06-20 23:46:46,926 - SUAS - DEBUG - [SUAS_main.main:677] - Waiting for mode change to: AUTO
2025-06-20 23:46:47,428 - SUAS - DEBUG - [SUAS_main.main:677] - Waiting for mode change to: AUTO
2025-06-20 23:46:47,930 - SUAS - DEBUG - [SUAS_main.main:677] - Waiting for mode change to: AUTO
2025-06-20 23:46:48,431 - SUAS - DEBUG - [SUAS_main.main:677] - Waiting for mode change to: AUTO
2025-06-20 23:46:48,932 - SUAS - DEBUG - [SUAS_main.main:677] - Waiting for mode change to: AUTO
2025-06-20 23:46:49,434 - SUAS - DEBUG - [SUAS_main.main:677] - Waiting for mode change to: AUTO
2025-06-20 23:46:49,935 - SUAS - DEBUG - [SUAS_main.main:677] - Waiting for mode change to: AUTO
2025-06-20 23:46:50,437 - SUAS - DEBUG - [SUAS_main.main:677] - Waiting for mode change to: AUTO
2025-06-20 23:46:50,939 - SUAS - DEBUG - [SUAS_main.main:677] - Waiting for mode change to: AUTO
2025-06-20 23:46:51,440 - SUAS - DEBUG - [SUAS_main.main:677] - Waiting for mode change to: AUTO
2025-06-20 23:46:51,942 - SUAS - DEBUG - [SUAS_main.main:677] - Waiting for mode change to: AUTO
2025-06-20 23:46:52,443 - SUAS - DEBUG - [SUAS_main.main:677] - Waiting for mode change to: AUTO
2025-06-20 23:46:52,945 - SUAS - DEBUG - [SUAS_main.main:677] - Waiting for mode change to: AUTO
2025-06-20 23:46:53,446 - SUAS - DEBUG - [SUAS_main.main:677] - Waiting for mode change to: AUTO
2025-06-20 23:46:53,948 - SUAS - DEBUG - [SUAS_main.main:677] - Waiting for mode change to: AUTO
2025-06-20 23:46:54,449 - SUAS - DEBUG - [SUAS_main.main:677] - Waiting for mode change to: AUTO
2025-06-20 23:46:54,950 - SUAS - DEBUG - [SUAS_main.main:677] - Waiting for mode change to: AUTO
2025-06-20 23:46:55,452 - SUAS - DEBUG - [SUAS_main.main:677] - Waiting for mode change to: AUTO
2025-06-20 23:46:55,953 - SUAS - DEBUG - [SUAS_main.main:677] - Waiting for mode change to: AUTO
2025-06-20 23:46:56,455 - SUAS - DEBUG - [SUAS_main.main:677] - Waiting for mode change to: AUTO
2025-06-20 23:46:56,956 - SUAS - DEBUG - [SUAS_main.main:677] - Waiting for mode change to: AUTO
2025-06-20 23:46:57,458 - SUAS - DEBUG - [SUAS_main.main:677] - Waiting for mode change to: AUTO
2025-06-20 23:46:57,959 - SUAS - DEBUG - [SUAS_main.main:677] - Waiting for mode change to: AUTO
2025-06-20 23:46:58,461 - SUAS - DEBUG - [SUAS_main.main:677] - Waiting for mode change to: AUTO
2025-06-20 23:46:58,963 - SUAS - DEBUG - [SUAS_main.main:677] - Waiting for mode change to: AUTO
2025-06-20 23:46:59,464 - SUAS - DEBUG - [SUAS_main.main:677] - Waiting for mode change to: AUTO
2025-06-20 23:46:59,966 - SUAS - DEBUG - [SUAS_main.main:677] - Waiting for mode change to: AUTO
2025-06-20 23:47:00,467 - SUAS - DEBUG - [SUAS_main.main:677] - Waiting for mode change to: AUTO
2025-06-20 23:47:00,969 - SUAS - DEBUG - [SUAS_main.main:677] - Waiting for mode change to: AUTO
2025-06-20 23:47:01,386 - SUAS - DEBUG - [SUAS_main.watcher:148] - Mode changed: ALT_HOLD -> POSHOLD
2025-06-20 23:47:01,386 - SUAS - DEBUG - [SUAS_main.pasue:121] - Pausing execution in mode: POSHOLD
2025-06-20 23:47:01,900 - SUAS - DEBUG - [SUAS_main.watcher:148] - Mode changed: POSHOLD -> ALT_HOLD
2025-06-20 23:47:01,901 - SUAS - DEBUG - [SUAS_main.on_mode_change:166] - Unhandled mode change: ALT_HOLD
2025-06-20 23:47:18,046 - SUAS - DEBUG - [SUAS_main.watcher:148] - Mode changed: ALT_HOLD -> AUTO
2025-06-20 23:47:18,046 - SUAS - DEBUG - [SUAS_main.main:682] - Land Location: (38.8507948, -76.6997723, 0.096)
2025-06-20 23:47:18,047 - SUAS - DEBUG - [SUAS_main.main:683] - Mode: AUTO
2025-06-20 23:47:18,048 - SUAS - DEBUG - [SUAS_main.main:685] - aga ilk otoyol
2025-06-20 23:47:19,050 - SUAS - DEBUG - [SUAS_main.main:691] - next wp: 1
2025-06-20 23:47:19,051 - SUAS - DEBUG - [SUAS_main.main:692] - wp_num:6
2025-06-20 23:47:20,053 - SUAS - DEBUG - [SUAS_main.main:691] - next wp: 1
2025-06-20 23:47:20,054 - SUAS - DEBUG - [SUAS_main.main:692] - wp_num:6
2025-06-20 23:47:21,056 - SUAS - DEBUG - [SUAS_main.main:691] - next wp: 1
2025-06-20 23:47:21,057 - SUAS - DEBUG - [SUAS_main.main:692] - wp_num:6
2025-06-20 23:47:22,059 - SUAS - DEBUG - [SUAS_main.main:691] - next wp: 1
2025-06-20 23:47:22,060 - SUAS - DEBUG - [SUAS_main.main:692] - wp_num:6
2025-06-20 23:47:23,061 - SUAS - DEBUG - [SUAS_main.main:691] - next wp: 1
2025-06-20 23:47:23,062 - SUAS - DEBUG - [SUAS_main.main:692] - wp_num:6
2025-06-20 23:47:24,064 - SUAS - DEBUG - [SUAS_main.main:691] - next wp: 1
2025-06-20 23:47:24,065 - SUAS - DEBUG - [SUAS_main.main:692] - wp_num:6
2025-06-20 23:47:25,067 - SUAS - DEBUG - [SUAS_main.main:691] - next wp: 1
2025-06-20 23:47:25,068 - SUAS - DEBUG - [SUAS_main.main:692] - wp_num:6
2025-06-20 23:47:26,069 - SUAS - DEBUG - [SUAS_main.main:691] - next wp: 1
2025-06-20 23:47:26,070 - SUAS - DEBUG - [SUAS_main.main:692] - wp_num:6
2025-06-20 23:47:27,072 - SUAS - DEBUG - [SUAS_main.main:691] - next wp: 1
2025-06-20 23:47:27,072 - SUAS - DEBUG - [SUAS_main.main:692] - wp_num:6
2025-06-20 23:47:28,074 - SUAS - DEBUG - [SUAS_main.main:691] - next wp: 1
2025-06-20 23:47:28,075 - SUAS - DEBUG - [SUAS_main.main:692] - wp_num:6
2025-06-20 23:47:29,077 - SUAS - DEBUG - [SUAS_main.main:691] - next wp: 1
2025-06-20 23:47:29,110 - SUAS - DEBUG - [SUAS_main.main:692] - wp_num:6
2025-06-20 23:47:30,112 - SUAS - DEBUG - [SUAS_main.main:691] - next wp: 2
2025-06-20 23:47:30,113 - SUAS - DEBUG - [SUAS_main.main:692] - wp_num:6
2025-06-20 23:47:31,115 - SUAS - DEBUG - [SUAS_main.main:691] - next wp: 2
2025-06-20 23:47:31,116 - SUAS - DEBUG - [SUAS_main.main:692] - wp_num:6
2025-06-20 23:47:32,117 - SUAS - DEBUG - [SUAS_main.main:691] - next wp: 2
2025-06-20 23:47:32,118 - SUAS - DEBUG - [SUAS_main.main:692] - wp_num:6
2025-06-20 23:47:33,120 - SUAS - DEBUG - [SUAS_main.main:691] - next wp: 2
2025-06-20 23:47:33,120 - SUAS - DEBUG - [SUAS_main.main:692] - wp_num:6
2025-06-20 23:47:34,122 - SUAS - DEBUG - [SUAS_main.main:691] - next wp: 2
2025-06-20 23:47:34,123 - SUAS - DEBUG - [SUAS_main.main:692] - wp_num:6
2025-06-20 23:47:35,125 - SUAS - DEBUG - [SUAS_main.main:691] - next wp: 2
2025-06-20 23:47:35,126 - SUAS - DEBUG - [SUAS_main.main:692] - wp_num:6
2025-06-20 23:47:36,127 - SUAS - DEBUG - [SUAS_main.main:691] - next wp: 2
2025-06-20 23:47:36,128 - SUAS - DEBUG - [SUAS_main.main:692] - wp_num:6
2025-06-20 23:47:37,130 - SUAS - DEBUG - [SUAS_main.main:691] - next wp: 2
2025-06-20 23:47:37,131 - SUAS - DEBUG - [SUAS_main.main:692] - wp_num:6
2025-06-20 23:47:38,133 - SUAS - DEBUG - [SUAS_main.main:691] - next wp: 2
2025-06-20 23:47:38,134 - SUAS - DEBUG - [SUAS_main.main:692] - wp_num:6
2025-06-20 23:47:39,136 - SUAS - DEBUG - [SUAS_main.main:691] - next wp: 3
2025-06-20 23:47:39,137 - SUAS - DEBUG - [SUAS_main.main:692] - wp_num:6
2025-06-20 23:47:40,139 - SUAS - DEBUG - [SUAS_main.main:691] - next wp: 3
2025-06-20 23:47:40,139 - SUAS - DEBUG - [SUAS_main.main:692] - wp_num:6
2025-06-20 23:47:41,141 - SUAS - DEBUG - [SUAS_main.main:691] - next wp: 3
2025-06-20 23:47:41,142 - SUAS - DEBUG - [SUAS_main.main:692] - wp_num:6
2025-06-20 23:47:42,144 - SUAS - DEBUG - [SUAS_main.main:691] - next wp: 3
2025-06-20 23:47:42,145 - SUAS - DEBUG - [SUAS_main.main:692] - wp_num:6
2025-06-20 23:47:43,146 - SUAS - DEBUG - [SUAS_main.main:691] - next wp: 3
2025-06-20 23:47:43,147 - SUAS - DEBUG - [SUAS_main.main:692] - wp_num:6
2025-06-20 23:47:44,149 - SUAS - DEBUG - [SUAS_main.main:691] - next wp: 3
2025-06-20 23:47:44,182 - SUAS - DEBUG - [SUAS_main.main:692] - wp_num:6
2025-06-20 23:47:45,184 - SUAS - DEBUG - [SUAS_main.main:691] - next wp: 3
2025-06-20 23:47:45,185 - SUAS - DEBUG - [SUAS_main.main:692] - wp_num:6
2025-06-20 23:47:46,186 - SUAS - DEBUG - [SUAS_main.main:691] - next wp: 4
2025-06-20 23:47:46,187 - SUAS - DEBUG - [SUAS_main.main:692] - wp_num:6
2025-06-20 23:47:47,189 - SUAS - DEBUG - [SUAS_main.main:691] - next wp: 4
2025-06-20 23:47:47,190 - SUAS - DEBUG - [SUAS_main.main:692] - wp_num:6
2025-06-20 23:47:48,192 - SUAS - DEBUG - [SUAS_main.main:691] - next wp: 4
2025-06-20 23:47:48,192 - SUAS - DEBUG - [SUAS_main.main:692] - wp_num:6
2025-06-20 23:47:49,194 - SUAS - DEBUG - [SUAS_main.main:691] - next wp: 4
2025-06-20 23:47:49,195 - SUAS - DEBUG - [SUAS_main.main:692] - wp_num:6
2025-06-20 23:47:50,197 - SUAS - DEBUG - [SUAS_main.main:691] - next wp: 4
2025-06-20 23:47:50,198 - SUAS - DEBUG - [SUAS_main.main:692] - wp_num:6
2025-06-20 23:47:51,199 - SUAS - DEBUG - [SUAS_main.main:691] - next wp: 4
2025-06-20 23:47:51,200 - SUAS - DEBUG - [SUAS_main.main:692] - wp_num:6
2025-06-20 23:47:52,201 - SUAS - DEBUG - [SUAS_main.main:691] - next wp: 4
2025-06-20 23:47:52,202 - SUAS - DEBUG - [SUAS_main.main:692] - wp_num:6
2025-06-20 23:47:53,204 - SUAS - DEBUG - [SUAS_main.main:691] - next wp: 5
2025-06-20 23:47:53,205 - SUAS - DEBUG - [SUAS_main.main:692] - wp_num:6
2025-06-20 23:47:54,207 - SUAS - DEBUG - [SUAS_main.main:691] - next wp: 5
2025-06-20 23:47:54,208 - SUAS - DEBUG - [SUAS_main.main:692] - wp_num:6
2025-06-20 23:47:55,241 - SUAS - DEBUG - [SUAS_main.main:691] - next wp: 5
2025-06-20 23:47:55,242 - SUAS - DEBUG - [SUAS_main.main:692] - wp_num:6
2025-06-20 23:47:56,244 - SUAS - DEBUG - [SUAS_main.main:691] - next wp: 5
2025-06-20 23:47:56,245 - SUAS - DEBUG - [SUAS_main.main:692] - wp_num:6
2025-06-20 23:47:57,246 - SUAS - DEBUG - [SUAS_main.main:691] - next wp: 5
2025-06-20 23:47:57,247 - SUAS - DEBUG - [SUAS_main.main:692] - wp_num:6
2025-06-20 23:47:58,249 - SUAS - DEBUG - [SUAS_main.main:691] - next wp: 5
2025-06-20 23:47:58,250 - SUAS - DEBUG - [SUAS_main.main:692] - wp_num:6
2025-06-20 23:47:59,252 - SUAS - DEBUG - [SUAS_main.main:691] - next wp: 5
2025-06-20 23:47:59,253 - SUAS - DEBUG - [SUAS_main.main:692] - wp_num:6
2025-06-20 23:48:00,255 - SUAS - DEBUG - [SUAS_main.main:691] - next wp: 5
2025-06-20 23:48:00,256 - SUAS - DEBUG - [SUAS_main.main:692] - wp_num:6
2025-06-20 23:48:01,257 - SUAS - DEBUG - [SUAS_main.main:691] - next wp: 5
2025-06-20 23:48:01,258 - SUAS - DEBUG - [SUAS_main.main:692] - wp_num:6
2025-06-20 23:48:02,260 - SUAS - DEBUG - [SUAS_main.main:691] - next wp: 6
2025-06-20 23:48:02,261 - SUAS - DEBUG - [SUAS_main.main:692] - wp_num:6
2025-06-20 23:48:02,261 - SUAS - DEBUG - [SUAS_main.main:694] - Air Drop Stage
2025-06-20 23:48:03,769 - SUAS - DEBUG - [SUAS_main.watcher:148] - Mode changed: AUTO -> GUIDED
2025-06-20 23:48:03,769 - SUAS - DEBUG - [SUAS_main.on_mode_change:166] - Unhandled mode change: GUIDED
2025-06-20 23:48:03,815 - SUAS - DEBUG - [SUAS_main.main:702] - VehicleMode:GUIDED moduna geçildi
2025-06-20 23:48:05,822 - SUAS - DEBUG - [SUAS_main.start_scanning:421] - SET Yaw Behaviour: 0, Never change yaw
2025-06-20 23:48:07,324 - SUAS - DEBUG - [SUAS_main.start_scanning:430] - point to go: 38.8511427 -76.6995765
2025-06-20 23:48:07,325 - SUAS - DEBUG - [SUAS_main.start_scanning:432] - scanning noktasına gidiliyor: timestamp: 2025-06-20 23:48:07
2025-06-20 23:48:07,327 - SUAS - DEBUG - [SUAS_main.start_scanning:434] - simplegoto verildi: timestamp: 2025-06-20 23:48:07
2025-06-20 23:48:07,327 - SUAS - DEBUG - [SUAS_main.wait:266] - waite girildi timestamp: 2025-06-20 23:48:07
2025-06-20 23:48:07,428 - SUAS - DEBUG - [SUAS_main.wait:268] - Waiting for the vehicle to reach the target point...
2025-06-20 23:48:17,651 - SUAS - DEBUG - [SUAS_main.wait:277] - Reached the target point after the break
2025-06-20 23:48:17,652 - SUAS - DEBUG - [SUAS_main.start_scanning:436] - wait fonksiyonu bitti: timestamp: 2025-06-20 23:48:17
2025-06-20 23:48:17,653 - SUAS - DEBUG - [SUAS_main.start_scanning:437] - Reached the target point and going to take photo
2025-06-20 23:48:17,654 - SUAS - DEBUG - [SUAS_main.start_scanning:450] - fotoğraf çekilecek. timestamp: 2025-06-20 23:48:17
2025-06-20 23:48:21,319 - SUAS - DEBUG - [SUAS_main.take_photo_opencv:365] - Saved photo to images14/image_1.jpg
2025-06-20 23:48:21,320 - SUAS - DEBUG - [SUAS_main.start_scanning:457] - fotoğraf çekildi. timestamp: 2025-06-20 23:48:21
2025-06-20 23:48:21,821 - SUAS - DEBUG - [SUAS_main.start_scanning:430] - point to go: 38.8509765 -76.6996658
2025-06-20 23:48:21,822 - SUAS - DEBUG - [SUAS_main.start_scanning:432] - scanning noktasına gidiliyor: timestamp: 2025-06-20 23:48:21
2025-06-20 23:48:21,824 - SUAS - DEBUG - [SUAS_main.start_scanning:434] - simplegoto verildi: timestamp: 2025-06-20 23:48:21
2025-06-20 23:48:21,825 - SUAS - DEBUG - [SUAS_main.wait:266] - waite girildi timestamp: 2025-06-20 23:48:21
2025-06-20 23:48:21,926 - SUAS - DEBUG - [SUAS_main.wait:268] - Waiting for the vehicle to reach the target point...
2025-06-20 23:48:34,213 - SUAS - DEBUG - [SUAS_main.wait:277] - Reached the target point after the break
2025-06-20 23:48:34,216 - SUAS - DEBUG - [SUAS_main.start_scanning:436] - wait fonksiyonu bitti: timestamp: 2025-06-20 23:48:34
2025-06-20 23:48:34,217 - SUAS - DEBUG - [SUAS_main.start_scanning:437] - Reached the target point and going to take photo
2025-06-20 23:48:34,218 - SUAS - DEBUG - [SUAS_main.start_scanning:450] - fotoğraf çekilecek. timestamp: 2025-06-20 23:48:34
2025-06-20 23:48:37,900 - SUAS - DEBUG - [SUAS_main.take_photo_opencv:365] - Saved photo to images14/image_2.jpg
2025-06-20 23:48:37,904 - SUAS - DEBUG - [SUAS_main.start_scanning:457] - fotoğraf çekildi. timestamp: 2025-06-20 23:48:37
2025-06-20 23:48:38,406 - SUAS - DEBUG - [SUAS_main.start_scanning:430] - point to go: 38.8508395 -76.6997469
2025-06-20 23:48:38,407 - SUAS - DEBUG - [SUAS_main.start_scanning:432] - scanning noktasına gidiliyor: timestamp: 2025-06-20 23:48:38
2025-06-20 23:48:38,409 - SUAS - DEBUG - [SUAS_main.start_scanning:434] - simplegoto verildi: timestamp: 2025-06-20 23:48:38
2025-06-20 23:48:38,410 - SUAS - DEBUG - [SUAS_main.wait:266] - waite girildi timestamp: 2025-06-20 23:48:38
2025-06-20 23:48:38,511 - SUAS - DEBUG - [SUAS_main.wait:268] - Waiting for the vehicle to reach the target point...
2025-06-20 23:48:50,560 - SUAS - DEBUG - [SUAS_main.wait:277] - Reached the target point after the break
2025-06-20 23:48:50,561 - SUAS - DEBUG - [SUAS_main.start_scanning:436] - wait fonksiyonu bitti: timestamp: 2025-06-20 23:48:50
2025-06-20 23:48:50,562 - SUAS - DEBUG - [SUAS_main.start_scanning:437] - Reached the target point and going to take photo
2025-06-20 23:48:50,563 - SUAS - DEBUG - [SUAS_main.start_scanning:450] - fotoğraf çekilecek. timestamp: 2025-06-20 23:48:50
2025-06-20 23:48:54,255 - SUAS - DEBUG - [SUAS_main.take_photo_opencv:365] - Saved photo to images14/image_3.jpg
2025-06-20 23:48:54,259 - SUAS - DEBUG - [SUAS_main.start_scanning:457] - fotoğraf çekildi. timestamp: 2025-06-20 23:48:54
2025-06-20 23:48:54,761 - SUAS - DEBUG - [SUAS_main.start_scanning:430] - point to go: 38.8507058 -76.6998308
2025-06-20 23:48:54,762 - SUAS - DEBUG - [SUAS_main.start_scanning:432] - scanning noktasına gidiliyor: timestamp: 2025-06-20 23:48:54
2025-06-20 23:48:54,764 - SUAS - DEBUG - [SUAS_main.start_scanning:434] - simplegoto verildi: timestamp: 2025-06-20 23:48:54
2025-06-20 23:48:54,764 - SUAS - DEBUG - [SUAS_main.wait:266] - waite girildi timestamp: 2025-06-20 23:48:54
2025-06-20 23:48:54,865 - SUAS - DEBUG - [SUAS_main.wait:268] - Waiting for the vehicle to reach the target point...
2025-06-20 23:49:05,088 - SUAS - DEBUG - [SUAS_main.wait:277] - Reached the target point after the break
2025-06-20 23:49:05,089 - SUAS - DEBUG - [SUAS_main.start_scanning:436] - wait fonksiyonu bitti: timestamp: 2025-06-20 23:49:05
2025-06-20 23:49:05,090 - SUAS - DEBUG - [SUAS_main.start_scanning:437] - Reached the target point and going to take photo
2025-06-20 23:49:05,091 - SUAS - DEBUG - [SUAS_main.start_scanning:450] - fotoğraf çekilecek. timestamp: 2025-06-20 23:49:05
2025-06-20 23:49:08,756 - SUAS - DEBUG - [SUAS_main.take_photo_opencv:365] - Saved photo to images14/image_4.jpg
2025-06-20 23:49:08,760 - SUAS - DEBUG - [SUAS_main.start_scanning:457] - fotoğraf çekildi. timestamp: 2025-06-20 23:49:08
2025-06-20 23:49:09,262 - SUAS - DEBUG - [SUAS_main.start_scanning:430] - point to go: 38.8505558 -76.6999015
2025-06-20 23:49:09,263 - SUAS - DEBUG - [SUAS_main.start_scanning:432] - scanning noktasına gidiliyor: timestamp: 2025-06-20 23:49:09
2025-06-20 23:49:09,265 - SUAS - DEBUG - [SUAS_main.start_scanning:434] - simplegoto verildi: timestamp: 2025-06-20 23:49:09
2025-06-20 23:49:09,266 - SUAS - DEBUG - [SUAS_main.wait:266] - waite girildi timestamp: 2025-06-20 23:49:09
2025-06-20 23:49:09,367 - SUAS - DEBUG - [SUAS_main.wait:268] - Waiting for the vehicle to reach the target point...
2025-06-20 23:49:19,390 - SUAS - DEBUG - [SUAS_main.wait:277] - Reached the target point after the break
2025-06-20 23:49:19,391 - SUAS - DEBUG - [SUAS_main.start_scanning:436] - wait fonksiyonu bitti: timestamp: 2025-06-20 23:49:19
2025-06-20 23:49:19,392 - SUAS - DEBUG - [SUAS_main.start_scanning:437] - Reached the target point and going to take photo
2025-06-20 23:49:19,393 - SUAS - DEBUG - [SUAS_main.start_scanning:450] - fotoğraf çekilecek. timestamp: 2025-06-20 23:49:19
2025-06-20 23:49:23,065 - SUAS - DEBUG - [SUAS_main.take_photo_opencv:365] - Saved photo to images14/image_5.jpg
2025-06-20 23:49:23,069 - SUAS - DEBUG - [SUAS_main.start_scanning:457] - fotoğraf çekildi. timestamp: 2025-06-20 23:49:23
2025-06-20 23:49:23,571 - SUAS - DEBUG - [SUAS_main.start_scanning:430] - point to go: 38.8504058 -76.6999904
2025-06-20 23:49:23,572 - SUAS - DEBUG - [SUAS_main.start_scanning:432] - scanning noktasına gidiliyor: timestamp: 2025-06-20 23:49:23
2025-06-20 23:49:23,574 - SUAS - DEBUG - [SUAS_main.start_scanning:434] - simplegoto verildi: timestamp: 2025-06-20 23:49:23
2025-06-20 23:49:23,574 - SUAS - DEBUG - [SUAS_main.wait:266] - waite girildi timestamp: 2025-06-20 23:49:23
2025-06-20 23:49:23,675 - SUAS - DEBUG - [SUAS_main.wait:268] - Waiting for the vehicle to reach the target point...
2025-06-20 23:49:35,251 - SUAS - DEBUG - [SUAS_main.wait:277] - Reached the target point after the break
2025-06-20 23:49:35,252 - SUAS - DEBUG - [SUAS_main.start_scanning:436] - wait fonksiyonu bitti: timestamp: 2025-06-20 23:49:35
2025-06-20 23:49:35,253 - SUAS - DEBUG - [SUAS_main.start_scanning:437] - Reached the target point and going to take photo
2025-06-20 23:49:35,254 - SUAS - DEBUG - [SUAS_main.start_scanning:450] - fotoğraf çekilecek. timestamp: 2025-06-20 23:49:35
2025-06-20 23:49:38,902 - SUAS - DEBUG - [SUAS_main.take_photo_opencv:365] - Saved photo to images14/image_6.jpg
2025-06-20 23:49:38,906 - SUAS - DEBUG - [SUAS_main.start_scanning:457] - fotoğraf çekildi. timestamp: 2025-06-20 23:49:38
2025-06-20 23:49:38,957 - SUAS - DEBUG - [SUAS_main.start_scanning:468] - position_data14.csv dosyası ya mevcut değil ya da zaten boş.
2025-06-20 23:49:38,975 - SUAS - DEBUG - [SUAS_main.start_scanning:471] - Position data saved to position_data14.csv
2025-06-20 23:49:44,245 - SUAS - DEBUG - [SUAS_main.start_scanning:483] - SET Yaw Behaviour: 0, Face next waypoint
2025-06-20 23:49:44,247 - SUAS - DEBUG - [SUAS_main.main:718] - Image processing done
2025-06-20 23:49:44,250 - SUAS - DEBUG - [SUAS_main.main:724] - Waiting for 'cf_done' signal...
2025-06-20 23:49:46,253 - SUAS - DEBUG - [SUAS_main.main:733] - CF DONE
2025-06-20 23:49:46,274 - SUAS - DEBUG - [SUAS_main.main:744] - best_rois: [(38.85104413943312, -76.69971385347517), (38.85042400851826, -76.70005193784664), (38.851164237942726, -76.69954889859454), (38.850803614728875, -76.69975220482921)]
2025-06-20 23:49:46,275 - SUAS - DEBUG - [SUAS_main.real_drop:498] - konuma gidiliyor: (38.85104413943312, -76.69971385347517)
2025-06-20 23:49:46,278 - SUAS - DEBUG - [SUAS_main.wait:266] - waite girildi timestamp: 2025-06-20 23:49:46
2025-06-20 23:49:46,379 - SUAS - DEBUG - [SUAS_main.wait:268] - Waiting for the vehicle to reach the target point...
2025-06-20 23:50:06,389 - SUAS - DEBUG - [SUAS_main.wait:277] - Reached the target point after the break
2025-06-20 23:50:06,391 - SUAS - DEBUG - [SUAS_main.set_servo:253] - set_servo function has successfully executed. With arguments: Channel: 14, PWM Value: 1100
2025-06-20 23:50:06,392 - SUAS - DEBUG - [SUAS_main.real_drop:514] - Servo activated: channel=(14, 1100)
2025-06-20 23:50:08,396 - SUAS - DEBUG - [SUAS_main.set_servo:253] - set_servo function has successfully executed. With arguments: Channel: 14, PWM Value: 0
2025-06-20 23:50:08,397 - SUAS - DEBUG - [SUAS_main.real_drop:517] - Servo deactivated: channel=14
2025-06-20 23:51:12,587 - SUAS - DEBUG - [SUAS_main.real_drop:498] - konuma gidiliyor: (38.85042400851826, -76.70005193784664)
2025-06-20 23:51:12,590 - SUAS - DEBUG - [SUAS_main.wait:266] - waite girildi timestamp: 2025-06-20 23:51:12
2025-06-20 23:51:12,691 - SUAS - DEBUG - [SUAS_main.wait:268] - Waiting for the vehicle to reach the target point...
2025-06-20 23:51:40,722 - SUAS - DEBUG - [SUAS_main.wait:277] - Reached the target point after the break
2025-06-20 23:51:40,724 - SUAS - DEBUG - [SUAS_main.set_servo:253] - set_servo function has successfully executed. With arguments: Channel: 14, PWM Value: 1400
2025-06-20 23:51:40,725 - SUAS - DEBUG - [SUAS_main.real_drop:514] - Servo activated: channel=(14, 1400)
2025-06-20 23:51:42,729 - SUAS - DEBUG - [SUAS_main.set_servo:253] - set_servo function has successfully executed. With arguments: Channel: 14, PWM Value: 0
2025-06-20 23:51:42,730 - SUAS - DEBUG - [SUAS_main.real_drop:517] - Servo deactivated: channel=14
2025-06-20 23:52:06,754 - SUAS - DEBUG - [SUAS_main.real_drop:498] - konuma gidiliyor: (38.851164237942726, -76.69954889859454)
2025-06-20 23:52:06,757 - SUAS - DEBUG - [SUAS_main.wait:266] - waite girildi timestamp: 2025-06-20 23:52:06
2025-06-20 23:52:06,858 - SUAS - DEBUG - [SUAS_main.wait:268] - Waiting for the vehicle to reach the target point...
2025-06-20 23:52:29,618 - SUAS - DEBUG - [SUAS_main.wait:277] - Reached the target point after the break
2025-06-20 23:52:29,620 - SUAS - DEBUG - [SUAS_main.set_servo:253] - set_servo function has successfully executed. With arguments: Channel: 14, PWM Value: 1650
2025-06-20 23:52:29,621 - SUAS - DEBUG - [SUAS_main.real_drop:514] - Servo activated: channel=(14, 1650)
2025-06-20 23:52:31,622 - SUAS - DEBUG - [SUAS_main.set_servo:253] - set_servo function has successfully executed. With arguments: Channel: 14, PWM Value: 0
2025-06-20 23:52:31,623 - SUAS - DEBUG - [SUAS_main.real_drop:517] - Servo deactivated: channel=14
2025-06-20 23:52:55,646 - SUAS - DEBUG - [SUAS_main.real_drop:498] - konuma gidiliyor: (38.850803614728875, -76.69975220482921)
2025-06-20 23:52:55,648 - SUAS - DEBUG - [SUAS_main.wait:266] - waite girildi timestamp: 2025-06-20 23:52:55
2025-06-20 23:52:55,749 - SUAS - DEBUG - [SUAS_main.wait:268] - Waiting for the vehicle to reach the target point...
2025-06-20 23:53:10,027 - SUAS - DEBUG - [SUAS_main.wait:277] - Reached the target point after the break
2025-06-20 23:53:10,029 - SUAS - DEBUG - [SUAS_main.set_servo:253] - set_servo function has successfully executed. With arguments: Channel: 14, PWM Value: 1900
2025-06-20 23:53:10,030 - SUAS - DEBUG - [SUAS_main.real_drop:514] - Servo activated: channel=(14, 1900)
2025-06-20 23:53:12,034 - SUAS - DEBUG - [SUAS_main.set_servo:253] - set_servo function has successfully executed. With arguments: Channel: 14, PWM Value: 0
2025-06-20 23:53:12,035 - SUAS - DEBUG - [SUAS_main.real_drop:517] - Servo deactivated: channel=14
2025-06-20 23:53:38,187 - SUAS - DEBUG - [SUAS_main.land:261] - Landing...
2025-06-20 23:53:38,189 - SUAS - DEBUG - [SUAS_main.main:777] - Landing completed
2025-06-20 23:53:38,189 - SUAS - DEBUG - [SUAS_main.main:778] - Görev tamamlandı
